{
"type": "FeatureCollection",
"name": "landscape_450",
"crs": { "type": "name", "properties": { "name": "urn:ogc:def:crs:EPSG::3857" } },
"features": [
{ "type": "Feature", "properties": { "fid": 1, "name": "Ижорское плато", "type": "landscape_450", "name_eng": "Izhorskoe Plateau" }, "geometry": { "type": "MultiPolygon", "coordinates": [ [ [ [ 3219639.52984333736822, 8267046.0866190623492 ], [ 3219639.52984333736822, 8318735.839651990681887 ], [ 3219921.473950789775699, 8320427.504296705126762 ], [ 3220485.362165694590658, 8321179.355249911546707 ], [ 3221425.175857202149928, 8321649.262095665559173 ], [ 3223022.859132765326649, 8321461.299357363954186 ], [ 3224526.561039178166538, 8321837.224833967164159 ], [ 3225748.318838138133287, 8323810.833586133085191 ], [ 3226500.169791344553232, 8327006.200137259438634 ], [ 3226876.095267947297543, 8330013.603950085118413 ], [ 3227158.039375399705023, 8333302.951870362274349 ], [ 3228003.87169775692746, 8335088.597884226590395 ], [ 3229977.480449923314154, 8338471.927173654548824 ], [ 3238858.719834672287107, 8344439.74411472864449 ], [ 3239798.533526179846376, 8345144.604383359663188 ], [ 3242195.058439524844289, 8346084.418074867688119 ], [ 3244967.508829473052174, 8347071.222450951114297 ], [ 3248068.894011448603123, 8347635.110665854997933 ], [ 3252016.111515781376511, 8347729.092035005800426 ], [ 3256903.142711622174829, 8348386.961619061417878 ], [ 3258735.779410062357783, 8348762.887095666490495 ], [ 3259957.537209022324532, 8349138.812572269700468 ], [ 3262729.987598970532417, 8349491.242706585675478 ], [ 3266019.335519247688353, 8349561.728733448311687 ], [ 3267716.647304887883365, 8349017.993472943082452 ], [ 3267956.613567682448775, 8348990.305058006197214 ], [ 3268251.956660352181643, 8348921.084020661190152 ], [ 3268602.676582897547632, 8348810.330360909923911 ], [ 3268796.495487461797893, 8348741.109323564916849 ], [ 3268833.413374045863748, 8348713.420908628031611 ], [ 3269110.29752342402935, 8348782.641945973038673 ], [ 3269627.147935595363379, 8348948.77243559807539 ], [ 3270111.695197007153183, 8349017.993472943082452 ], [ 3270563.939307658001781, 8348990.305058006197214 ], [ 3270928.503437671810389, 8348907.239813191816211 ], [ 3271205.387587050441653, 8348768.797738503664732 ], [ 3271463.812793136574328, 8348754.953531034290791 ], [ 3271703.779055929742754, 8348865.707190785557032 ], [ 3271925.286375432275236, 8349022.608208767138422 ], [ 3272128.334751643240452, 8349225.656584976240993 ], [ 3272455.980995073448867, 8349322.566037259064615 ], [ 3272908.225105724297464, 8349313.336565613746643 ], [ 3273235.87134915497154, 8349170.279755101539195 ], [ 3273438.919725365005434, 8348893.395605723373592 ], [ 3273489.681819417513907, 8348685.732493689283729 ], [ 3273388.15763131249696, 8348547.29041900113225 ], [ 3273337.395537259988487, 8348376.545193551108241 ], [ 3273337.395537259988487, 8348173.496817341074347 ], [ 3273337.395537259988487, 8347984.29264859855175 ], [ 3273337.395537259988487, 8347808.932687325403094 ], [ 3273563.517592585179955, 8347702.7937633972615 ], [ 3274015.761703236028552, 8347665.875876814126968 ], [ 3274500.308964647818357, 8347578.195896178483963 ], [ 3275017.159376819618046, 8347439.753821488469839 ], [ 3275400.182450125925243, 8347301.31174680031836 ], [ 3275649.378184566274285, 8347162.869672111235559 ], [ 3275926.262333943974227, 8346922.903409317135811 ], [ 3276230.834898259490728, 8346581.412958417087793 ], [ 3276507.719047637656331, 8346290.684601570479572 ], [ 3276756.914782077539712, 8346050.718338777311146 ], [ 3277033.798931455705315, 8345986.112037255428731 ], [ 3277338.371495771221817, 8346096.86569700576365 ], [ 3277684.476682493463159, 8346272.225658278912306 ], [ 3278072.114491623360664, 8346512.191921073012054 ], [ 3278418.219678345602006, 8346872.141315264627337 ], [ 3278722.792242661118507, 8347352.073840852826834 ], [ 3278999.67639203928411, 8347716.637970866635442 ], [ 3279248.872126479167491, 8347965.833705307915807 ], [ 3279442.691031043883413, 8348210.414703925140202 ], [ 3279581.133105732500553, 8348450.380966718308628 ], [ 3279751.878331182058901, 8348639.585135459899902 ], [ 3279954.926707393024117, 8348778.027210149914026 ], [ 3280264.114007531665266, 8348934.928228130564094 ], [ 3280679.440231598448008, 8349110.288189402781427 ], [ 3280993.242267560213804, 8349197.968170039355755 ], [ 3281205.520115416962653, 8349197.968170039355755 ], [ 3281431.642170742154121, 8349248.730264091864228 ], [ 3281671.60843353625387, 8349350.254452196881175 ], [ 3281980.795733674895018, 8349520.999677646905184 ], [ 3282359.204071158077568, 8349760.965940440073609 ], [ 3282843.751332569867373, 8349807.113298669457436 ], [ 3283434.437517908867449, 8349659.441752335056663 ], [ 3283886.681628559716046, 8349465.622847771272063 ], [ 3284200.483664521016181, 8349225.656584976240993 ], [ 3284495.826757190749049, 8348985.690322182141244 ], [ 3284772.710906568914652, 8348745.724059388972819 ], [ 3285169.578187343664467, 8348436.536759249866009 ], [ 3285686.428599516861141, 8348058.128421766683459 ], [ 3286032.533786239102483, 8347956.604233661666512 ], [ 3286207.893747511319816, 8348131.964194933883846 ], [ 3286535.539990941993892, 8348307.324156207032502 ], [ 3287015.47251653065905, 8348482.684117479249835 ], [ 3287430.798740597441792, 8348639.585135459899902 ], [ 3287781.518663142807782, 8348778.027210149914026 ], [ 3288353.745905190706253, 8348948.772435599938035 ], [ 3289147.480466740671545, 8349151.820811809040606 ], [ 3289715.092972965445369, 8349197.968170039355755 ], [ 3290056.583423865027726, 8349087.214510288089514 ], [ 3290434.991761348210275, 8348911.854549014940858 ], [ 3290850.317985414993018, 8348671.888286221772432 ], [ 3291233.341058721300215, 8348501.143060771748424 ], [ 3291584.060981266666204, 8348399.618872665800154 ], [ 3291860.945130644366145, 8348279.635741268284619 ], [ 3292063.9935068548657, 8348141.19366658013314 ], [ 3292165.517694960348308, 8347984.29264859855175 ], [ 3292165.517694960348308, 8347808.932687325403094 ], [ 3292162.492556009907275, 8347574.369115198031068 ], [ 3292156.442278110422194, 8347280.601932216435671 ], [ 3292159.057619161903858, 8347144.721764251589775 ], [ 3292170.338579165749252, 8347166.728611307218671 ], [ 3292241.103744269348681, 8347171.343480378389359 ], [ 3292371.353114471770823, 8347158.566371466964483 ], [ 3292611.011404124088585, 8347156.00446473993361 ], [ 3292960.078613225370646, 8347163.657760197296739 ], [ 3293386.884442765265703, 8347201.325803961604834 ], [ 3293891.428892742842436, 8347269.00859603099525 ], [ 3294294.449154615402222, 8347210.555275605991483 ], [ 3294595.945228382013738, 8347025.965842688456178 ], [ 3294851.293943919241428, 8346924.441654583439231 ], [ 3295060.495301228016615, 8346905.98271129000932 ], [ 3295269.696658535860479, 8346893.676749095320702 ], [ 3295478.89801584277302, 8346887.523767998442054 ], [ 3295697.328844796866179, 8346804.458523185923696 ], [ 3295924.989145396277308, 8346644.481014655902982 ], [ 3296199.470457270741463, 8346500.310890252701938 ], [ 3296520.772780419327319, 8346371.94814997445792 ], [ 3296831.498325832188129, 8346384.254112169146538 ], [ 3297131.647093509323895, 8346537.22877683583647 ], [ 3297490.922834656201303, 8346742.928712212480605 ], [ 3297909.325549271889031, 8347001.353918299078941 ], [ 3298198.515660844277591, 8347173.637389022856951 ], [ 3298358.493169373832643, 8347259.779124384745955 ], [ 3298564.618036132771522, 8347302.849992065690458 ], [ 3298816.890261121559888, 8347302.849992065690458 ], [ 3299001.479694040492177, 8347278.238067676313221 ], [ 3299118.386334888637066, 8347229.014218898490071 ], [ 3299256.828409577719867, 8347136.719502438791096 ], [ 3299416.80591810727492, 8347001.353918299078941 ], [ 3299518.330106212291867, 8346875.217805804684758 ], [ 3299561.40097389370203, 8346758.311164955608547 ], [ 3299536.789049504324794, 8346619.869090266525745 ], [ 3299444.494333044625819, 8346459.891581737436354 ], [ 3299284.516824515070766, 8346275.302148818969727 ], [ 3299056.856523916125298, 8346066.100791511125863 ], [ 3298955.332335810642689, 8345859.975924752652645 ], [ 3298979.944260199554265, 8345656.927548541687429 ], [ 3299038.39758062409237, 8345601.550718666054308 ], [ 3299130.692297083325684, 8345693.845435125753284 ], [ 3299327.58769219648093, 8345773.834189389832318 ], [ 3299629.083765964023769, 8345841.516981460154057 ], [ 3299964.421235766261816, 8345866.128905849531293 ], [ 3300333.60010160272941, 8345847.669962557032704 ], [ 3300610.484250980895013, 8345847.669962557032704 ], [ 3300795.073683899827302, 8345866.128905849531293 ], [ 3300991.969079012982547, 8345933.811697918921709 ], [ 3301201.170436320826411, 8346050.718338767066598 ], [ 3301453.442661309614778, 8346189.160413456149399 ], [ 3301748.785753979347646, 8346349.137921987101436 ], [ 3302047.205337197519839, 8346429.12667625118047 ], [ 3302348.701410965062678, 8346429.12667625118047 ], [ 3302604.050126502290368, 8346416.820714056491852 ], [ 3302813.251483810134232, 8346392.208789667114615 ], [ 3303031.68231276422739, 8346355.290903083980083 ], [ 3303259.342613363172859, 8346306.067054305225611 ], [ 3303477.773442316800356, 8346272.225658270530403 ], [ 3303686.97479962464422, 8346253.766714978963137 ], [ 3303908.482119127176702, 8346198.389885103330016 ], [ 3304142.295400823932141, 8346106.095168643631041 ], [ 3304409.950078556314111, 8346013.800452183932066 ], [ 3304711.446152324322611, 8345921.505735725164413 ], [ 3305009.865735542960465, 8345770.757698841392994 ], [ 3305305.208828212693334, 8345561.55634153354913 ], [ 3305519.381698434706777, 8345358.814749082550406 ], [ 3305652.384346209000796, 8345162.532921488396823 ], [ 3305827.744307481683791, 8345073.314695578068495 ], [ 3306045.461582252755761, 8345091.160071349702775 ], [ 3306222.003011708613485, 8345146.230117466300726 ], [ 3306357.368595848791301, 8345238.524833925068378 ], [ 3306471.379927993286401, 8345306.664488665759563 ], [ 3306564.037008141167462, 8345350.649081688374281 ], [ 3306728.81226940639317, 8345371.563986019231379 ], [ 3306965.705711789429188, 8345369.409201661124825 ], [ 3307128.578529023099691, 8345473.55301764421165 ], [ 3307217.43072110787034, 8345683.995433969423175 ], [ 3307295.698213185649365, 8345856.899434203281999 ], [ 3307363.381005255505443, 8345992.265018343925476 ], [ 3307443.369759520050138, 8346069.177282059565187 ], [ 3307535.664475979749113, 8346087.636225352063775 ], [ 3307649.494626279454678, 8346050.718338767997921 ], [ 3307784.860210419632494, 8345958.423622308298945 ], [ 3307905.704462228342891, 8345791.561552660539746 ], [ 3308012.027381705120206, 8345550.132129824720323 ], [ 3308101.21461165137589, 8345420.787182082422078 ], [ 3308173.266152068041265, 8345403.526709434576333 ], [ 3308270.852729213424027, 8345318.116554093547165 ], [ 3308393.974343086592853, 8345164.556716059334576 ], [ 3308561.674073951784521, 8345050.858910458162427 ], [ 3308773.95192180853337, 8344977.023137289099395 ], [ 3309107.751146336086094, 8344817.045628759078681 ], [ 3309563.071747534908354, 8344570.926384868100286 ], [ 3310033.774801477789879, 8344355.572046463377774 ], [ 3310519.860308163799345, 8344170.982613543979824 ], [ 3310922.88057003589347, 8343974.087218430824578 ], [ 3311242.835587094537914, 8343764.885861123912036 ], [ 3311553.561132507864386, 8343521.843107780441642 ], [ 3311855.057206274475902, 8343244.958958402276039 ], [ 3312248.847996501252055, 8342808.097300495021045 ], [ 3312734.933503186795861, 8342211.258134057745337 ], [ 3313024.12361475918442, 8341820.543834380805492 ], [ 3313116.418331218883395, 8341635.954401462338865 ], [ 3313230.24848151858896, 8341279.081497820094228 ], [ 3313365.614065658766776, 8340749.925123451277614 ], [ 3313491.750178153160959, 8340309.986974995583296 ], [ 3313608.65681900177151, 8339959.267052451148629 ], [ 3313734.792931496165693, 8339682.382903072983027 ], [ 3313870.158515636343509, 8339479.33452686201781 ], [ 3314042.44198636058718, 8339319.357018332928419 ], [ 3314251.643343668431044, 8339202.45037748478353 ], [ 3314494.686097010970116, 8339143.997057060711086 ], [ 3314771.57024638960138, 8339143.997057060711086 ], [ 3314943.853717113379389, 8339211.679849131032825 ], [ 3315011.536509183235466, 8339347.045433270744979 ], [ 3315091.525263448245823, 8339507.022941799834371 ], [ 3315183.819979907013476, 8339691.612374719232321 ], [ 3315186.896470455918461, 8339910.043203672394156 ], [ 3315100.754735094029456, 8340162.315428661182523 ], [ 3315011.536509183235466, 8340460.735011879354715 ], [ 3314919.241792724002153, 8340805.301953328773379 ], [ 3314860.788472299464047, 8341094.4920649016276 ], [ 3314836.176547910552472, 8341328.305346596986055 ], [ 3314937.70073601603508, 8341537.506703904829919 ], [ 3315165.361036614980549, 8341722.09613682422787 ], [ 3315383.791865568608046, 8341869.767683158628643 ], [ 3315592.993222877383232, 8341980.521342909894884 ], [ 3315777.58265579584986, 8342094.351493209600449 ], [ 3315937.560164324939251, 8342211.25813405867666 ], [ 3316076.002239014022052, 8342294.323378872126341 ], [ 3316192.908879862632602, 8342343.547227650880814 ], [ 3316365.192350586876273, 8342368.159152039326727 ], [ 3316592.852651186287403, 8342368.159152039326727 ], [ 3316811.283480140380561, 8342334.317756004631519 ], [ 3317020.484837447293103, 8342266.634963933378458 ], [ 3317217.380232560448349, 8342211.258134057745337 ], [ 3317401.969665479846299, 8342168.187266377732158 ], [ 3317645.012418822385371, 8342146.651832536794245 ], [ 3317946.50849258992821, 8342146.651832536794245 ], [ 3318223.392641967628151, 8342202.028662412427366 ], [ 3318475.664866956416517, 8342312.782322163693607 ], [ 3318647.948337680660188, 8342368.159152039326727 ], [ 3318740.243054139427841, 8342368.159152039326727 ], [ 3318958.673883093055338, 8342368.159152039326727 ], [ 3319303.240824541542679, 8342368.159152039326727 ], [ 3319650.884256538003683, 8342358.929680394008756 ], [ 3320001.604179083369672, 8342340.470737101510167 ], [ 3320336.941648885607719, 8342318.935303261503577 ], [ 3320656.896665944717824, 8342294.323378872126341 ], [ 3320967.622211358044297, 8342257.405492288060486 ], [ 3321269.118285124655813, 8342208.181643510237336 ], [ 3321533.696472308132797, 8342128.192889245226979 ], [ 3321761.356772908009589, 8342017.439229493960738 ], [ 3322096.694242710247636, 8341811.314362734556198 ], [ 3322539.708881714846939, 8341509.818288967944682 ], [ 3322899.658275905996561, 8341186.786781360395253 ], [ 3323176.542425284162164, 8340842.219839911907911 ], [ 3323394.973254237789661, 8340577.641652728430927 ], [ 3323554.950762766879052, 8340393.052219809964299 ], [ 3323690.316346907522529, 8339919.272675318643451 ], [ 3323801.07000665878877, 8339156.303019256331027 ], [ 3323936.435590798966587, 8338510.240004042163491 ], [ 3324096.413099328521639, 8337981.083629673346877 ], [ 3324247.161136211827397, 8337544.221971766091883 ], [ 3324388.679701449815184, 8337199.655030319467187 ], [ 3324505.586342298425734, 8336852.011598322540522 ], [ 3324597.881058757193387, 8336501.29167577624321 ], [ 3324665.563850827515125, 8336178.260168168693781 ], [ 3324708.634718508459628, 8335882.917075499892235 ], [ 3324708.634718508459628, 8335606.032926121726632 ], [ 3324665.563850827515125, 8335347.607720035128295 ], [ 3324677.869813022203743, 8335079.953042303211987 ], [ 3324745.552605092525482, 8334803.068892925977707 ], [ 3324770.164529481437057, 8334526.184743547812104 ], [ 3324751.70558618940413, 8334249.300594169646502 ], [ 3324708.634718508459628, 8333997.028369180858135 ], [ 3324640.95192643860355, 8333769.368068581447005 ], [ 3324548.657209979370236, 8333529.401805787347257 ], [ 3324431.750569130294025, 8333277.129580798558891 ], [ 3324348.685324316844344, 8332987.93946922570467 ], [ 3324299.461475539021194, 8332661.831471069715917 ], [ 3324308.690947185270488, 8332418.788717727176845 ], [ 3324376.373739254660904, 8332258.811209196224809 ], [ 3324468.668455714359879, 8332040.380380243062973 ], [ 3324585.575096562504768, 8331763.496230865828693 ], [ 3324620.9547378718853, 8331318.943346586078405 ], [ 3324574.807379642501473, 8330706.721727406606078 ], [ 3324511.739323395304382, 8330060.65871219150722 ], [ 3324431.750569130294025, 8329380.754300940781832 ], [ 3324419.444606935605407, 8328954.66035995259881 ], [ 3324474.821436811238527, 8328782.376889228820801 ], [ 3324542.504228881094605, 8328637.781833441928029 ], [ 3324622.492983146570623, 8328520.87519259378314 ], [ 3324725.555416525807232, 8328450.115909975022078 ], [ 3324851.691529020201415, 8328425.503985585644841 ], [ 3325048.586924133822322, 8328453.192400523461401 ], [ 3325316.241601865272969, 8328533.181154789403081 ], [ 3325570.052072128280997, 8328613.169909053482115 ], [ 3325810.018334923312068, 8328693.158663318492472 ], [ 3326025.37267332803458, 8328631.628852345980704 ], [ 3326216.115087344311178, 8328428.580476135015488 ], [ 3326388.398558068089187, 8328280.908929800614715 ], [ 3326542.223085500299931, 8328188.61421334091574 ], [ 3326699.124103480949998, 8328117.854930722154677 ], [ 3326859.10161201050505, 8328068.631081944331527 ], [ 3327089.838403158821166, 8327976.336365484632552 ], [ 3327391.334476925432682, 8327840.970781344920397 ], [ 3327612.841796427965164, 8327656.381348426453769 ], [ 3327754.360361665952951, 8327422.568066728301346 ], [ 3327997.403115008957684, 8327259.514067649841309 ], [ 3328341.970056456513703, 8327167.219351191073656 ], [ 3328581.936319250613451, 8327201.060747225768864 ], [ 3328717.30190339172259, 8327361.038255756720901 ], [ 3328809.596619850955904, 8327521.015764285810292 ], [ 3328858.820468628779054, 8327680.993272814899683 ], [ 3328794.2141671073623, 8327887.118139574304223 ], [ 3328615.777715286239982, 8328139.390364563092589 ], [ 3328329.664094262290746, 8328370.127155710943043 ], [ 3327935.873304035514593, 8328579.328513018786907 ], [ 3327658.989154657814652, 8328763.917945937253535 ], [ 3327499.011646128259599, 8328923.895454466342926 ], [ 3327419.022891863714904, 8329086.949453544802964 ], [ 3327419.022891863714904, 8329253.079943171702325 ], [ 3327483.629193385131657, 8329483.816734319552779 ], [ 3327612.841796428430825, 8329779.159826989285648 ], [ 3327668.218626303598285, 8330111.420806243084371 ], [ 3327649.759683011565357, 8330480.599672080948949 ], [ 3327572.847419295459986, 8330735.948387618176639 ], [ 3327437.481835155747831, 8330877.466952855698764 ], [ 3327219.051006201654673, 8331015.909027544781566 ], [ 3326917.554932435043156, 8331151.274611684493721 ], [ 3326686.818141286727041, 8331231.263365948572755 ], [ 3326526.840632757171988, 8331255.875290339812636 ], [ 3326320.715765997767448, 8331372.781931187957525 ], [ 3326068.443541008979082, 8331581.983288494870067 ], [ 3325825.400787665974349, 8331837.332004033029079 ], [ 3325591.58750596921891, 8332138.828077799640596 ], [ 3325462.374902926385403, 8332437.247661017812788 ], [ 3325437.762978537008166, 8332732.59075368847698 ], [ 3325434.686487988568842, 8333055.622261296026409 ], [ 3325453.145431280136108, 8333406.342183840461075 ], [ 3325462.374902926385403, 8333615.543541148304939 ], [ 3325462.374902926385403, 8333683.226333219558001 ], [ 3325520.828223350457847, 8333821.668407908640802 ], [ 3325637.734864199068397, 8334030.869765215553343 ], [ 3325766.947467241901904, 8334157.005877709947526 ], [ 3325908.46603247942403, 8334200.076745391823351 ], [ 3326093.055465398356318, 8334120.087991126812994 ], [ 3326320.715765997767448, 8333917.039614915847778 ], [ 3326514.53467056248337, 8333803.209464616142213 ], [ 3326674.512179091572762, 8333778.597540226764977 ], [ 3326859.10161201050505, 8333867.815766137093306 ], [ 3327068.302969318348914, 8334070.864142348058522 ], [ 3327185.209610166959465, 8334184.694292647764087 ], [ 3327209.82153455587104, 8334209.306217037141323 ], [ 3327314.422213209792972, 8334347.748291726224124 ], [ 3327499.011646128259599, 8334600.020516715012491 ], [ 3327520.54707996873185, 8334923.05202432256192 ], [ 3327379.028514731209725, 8335316.842814548872411 ], [ 3327391.334476925432682, 8335676.792208740487695 ], [ 3327557.464966552332044, 8336002.900206895545125 ], [ 3327708.213003435637802, 8336258.248922433704138 ], [ 3327843.578587576746941, 8336442.838355353102088 ], [ 3328062.009416530374438, 8336442.838355353102088 ], [ 3328363.505490296985954, 8336258.248922433704138 ], [ 3328628.083677480462939, 8336098.271413903683424 ], [ 3328855.74397808033973, 8335962.905829763971269 ], [ 3329120.322165263816714, 8335815.234283428639174 ], [ 3329421.818239030893892, 8335655.256774899549782 ], [ 3329677.166954568587244, 8335562.962058439850807 ], [ 3329886.368311875499785, 8335538.350134051404893 ], [ 3330070.957744794432074, 8335522.967681308276951 ], [ 3330230.935253323987126, 8335516.814700210466981 ], [ 3330470.901516118552536, 8335415.290512105450034 ], [ 3330790.85653317719698, 8335218.395116992294788 ], [ 3331030.822795971296728, 8335243.007041381672025 ], [ 3331190.800304501317441, 8335489.126285272650421 ], [ 3331350.777813030406833, 8335787.545868491753936 ], [ 3331510.755321559961885, 8336138.265791037119925 ], [ 3331624.585471860133111, 8336565.897977298125625 ], [ 3331692.268263929523528, 8337070.442427275702357 ], [ 3331726.109659965150058, 8337633.440197678282857 ], [ 3331726.109659965150058, 8338254.891288504004478 ], [ 3331759.951055999845266, 8338787.124153418466449 ], [ 3331827.633848070167005, 8339230.138792423531413 ], [ 3331861.475244105327874, 8339577.782224420458078 ], [ 3331861.475244105327874, 8339830.054449409246445 ], [ 3331852.245772459544241, 8340116.168070432730019 ], [ 3331833.786829167511314, 8340436.123087491840124 ], [ 3331803.02192368125543, 8340746.848632905632257 ], [ 3331759.951055999845266, 8341048.344706672243774 ], [ 3331713.803697769995779, 8341315.999384404160082 ], [ 3331664.579848992172629, 8341549.812666101381183 ], [ 3331593.820566373411566, 8341839.002777673304081 ], [ 3331501.525849913712591, 8342183.569719121791422 ], [ 3331510.755321559961885, 8342460.453868499957025 ], [ 3331621.508981311228126, 8342669.655225806869566 ], [ 3331769.180527646094561, 8342820.403262690640986 ], [ 3331953.769960564561188, 8342912.697979151271284 ], [ 3332196.81271390710026, 8343014.22216725628823 ], [ 3332498.308787674643099, 8343124.975827006623149 ], [ 3332913.635011741425842, 8343192.658619076944888 ], [ 3333442.79138610791415, 8343217.270543466322124 ], [ 3333845.811647980473936, 8343229.576505661010742 ], [ 3334122.695797358173877, 8343229.576505661010742 ], [ 3334574.939908009022474, 8343263.41790169570595 ], [ 3335202.543979932554066, 8343331.100693766027689 ], [ 3335710.164920458570123, 8343435.701372420415282 ], [ 3336097.802729588001966, 8343577.219937657006085 ], [ 3336534.66438749525696, 8343706.432540699839592 ], [ 3337020.749894180800766, 8343823.339181549847126 ], [ 3337414.540684407576919, 8343903.32793581392616 ], [ 3337716.036758174654096, 8343946.398803494870663 ], [ 3338063.6801901711151, 8343967.934237334877253 ], [ 3338457.470980397425592, 8343967.934237334877253 ], [ 3338838.955808429513127, 8343937.169331848621368 ], [ 3339208.134674265980721, 8343875.639520875178277 ], [ 3339565.00757790915668, 8343807.956728804856539 ], [ 3339909.57451935717836, 8343734.120955638587475 ], [ 3340198.76463092956692, 8343777.191823319531977 ], [ 3340432.57791262678802, 8343937.169331848621368 ], [ 3340755.609420234337449, 8344084.840878183953464 ], [ 3341167.859153752215207, 8344220.206462323665619 ], [ 3341524.732057394925505, 8344346.342574818059802 ], [ 3341826.228131162002683, 8344463.249215667136014 ], [ 3342207.712959194090217, 8344613.99725254997611 ], [ 3342669.186541490722448, 8344798.586685469374061 ], [ 3343152.195557627826929, 8344983.176118387840688 ], [ 3343656.740007605403662, 8345167.765551306307316 ], [ 3344025.918873442802578, 8345340.049022030085325 ], [ 3344259.732155139558017, 8345500.026530559174716 ], [ 3344573.534191101323813, 8345663.080529637634754 ], [ 3344967.324981327634305, 8345829.211019264534116 ], [ 3345450.333997464738786, 8345921.505735723301768 ], [ 3346022.561239512171596, 8345939.964679015800357 ], [ 3346610.17093430319801, 8345961.500112855806947 ], [ 3347213.163081837818027, 8345986.112037245184183 ], [ 3347686.942626328673214, 8346010.723961634561419 ], [ 3348031.509567777160555, 8346035.335886023007333 ], [ 3348366.847037578932941, 8346047.641848217695951 ], [ 3348692.955035735387355, 8346047.641848217695951 ], [ 3349212.881938456557691, 8346026.106414377689362 ], [ 3349926.627745741046965, 8345983.035546696744859 ], [ 3350443.478157913312316, 8345869.205396397039294 ], [ 3350763.433174972422421, 8345684.615963477641344 ], [ 3350994.169966120738536, 8345487.720568364486098 ], [ 3351135.688531358260661, 8345278.519211057573557 ], [ 3351252.595172206871212, 8345060.088382104411721 ], [ 3351344.889888666104525, 8344832.428081503137946 ], [ 3351437.184605125337839, 8344567.849894320592284 ], [ 3351529.479321584571153, 8344266.353820553049445 ], [ 3351532.555812133476138, 8343931.016350751742721 ], [ 3351446.414076771587133, 8343561.837484914809465 ], [ 3351320.27796427719295, 8343309.565259926021099 ], [ 3351154.147474650293589, 8343174.199675785377622 ], [ 3350861.880872529000044, 8342943.462884636595845 ], [ 3350443.478157913312316, 8342617.354886480607092 ], [ 3350154.288046340458095, 8342177.416738023981452 ], [ 3349994.310537811368704, 8341623.648439268581569 ], [ 3349846.638991476967931, 8341116.027498742565513 ], [ 3349711.273407336324453, 8340654.55391644500196 ], [ 3349631.284653071779758, 8340146.932975918985903 ], [ 3349606.67272868193686, 8339593.16467716358602 ], [ 3349603.596238133497536, 8339097.849698832258582 ], [ 3349622.055181425530463, 8338660.988040924072266 ], [ 3349711.273407336324453, 8338199.514458627440035 ], [ 3349871.250915865413845, 8337713.428951943293214 ], [ 3350080.452273173257709, 8337264.261331841349602 ], [ 3350338.877479259856045, 8336852.011598321609199 ], [ 3350548.078836567234248, 8336516.674128519371152 ], [ 3350708.0563450967893, 8336258.248922433704138 ], [ 3350871.110344174783677, 8335922.911452632397413 ], [ 3351037.240833801683038, 8335510.661719113588333 ], [ 3351141.84151245560497, 8335187.630211506038904 ], [ 3351184.912380136549473, 8334953.816929809749126 ], [ 3351264.90113440155983, 8334689.238742625340819 ], [ 3351381.807775249704719, 8334393.895649954676628 ], [ 3351474.102491709403694, 8334129.317462771199644 ], [ 3351541.785283779259771, 8333895.504181075841188 ], [ 3351646.385962433181703, 8333480.177957008592784 ], [ 3351787.904527670703828, 8332883.338790571317077 ], [ 3351892.505206324160099, 8332341.876454010605812 ], [ 3351960.18799839541316, 8331855.790947324596345 ], [ 3352120.165506924502552, 8331495.841553132981062 ], [ 3352372.437731913290918, 8331262.028271436691284 ], [ 3352717.004673361778259, 8331142.045140039175749 ], [ 3353153.866331268101931, 8331135.892158941365778 ], [ 3353523.045197105500847, 8331262.028271435759962 ], [ 3353824.541270872578025, 8331520.453477522358298 ], [ 3354089.119458056055009, 8331751.190268671140075 ], [ 3354316.779758655931801, 8331954.238644881173968 ], [ 3354547.516549804247916, 8332184.975436029955745 ], [ 3354781.329831501003355, 8332443.400642115622759 ], [ 3354907.465943995397538, 8332791.044074111618102 ], [ 3354925.924887287430465, 8333227.905732019804418 ], [ 3354858.242095217108727, 8333514.019353043287992 ], [ 3354704.417567784897983, 8333649.38493718393147 ], [ 3354510.598663220647722, 8333821.668407908640802 ], [ 3354276.785381523426622, 8334030.869765215553343 ], [ 3354067.584024216048419, 8334215.459198134019971 ], [ 3353882.994591297581792, 8334375.436706664040685 ], [ 3353836.847233067732304, 8334560.026139582507312 ], [ 3353929.141949526965618, 8334769.227496889419854 ], [ 3354159.878740674816072, 8334864.598703897558153 ], [ 3354529.057606512214988, 8334846.139760606922209 ], [ 3354747.488435465842485, 8334916.899043225683272 ], [ 3354815.171227536164224, 8335076.876551753841341 ], [ 3354839.783151925541461, 8335249.160022478550673 ], [ 3354821.324208633508533, 8335433.749455397948623 ], [ 3354707.494058333802968, 8335584.497492281720042 ], [ 3354498.292701025959104, 8335701.404133129864931 ], [ 3354279.861872072331607, 8335793.698849588632584 ], [ 3354052.201571472454816, 8335861.381641658954322 ], [ 3353846.076704713515937, 8335996.747225798666477 ], [ 3353661.48727179504931, 8336199.795602009631693 ], [ 3353326.149801992811263, 8336325.931714504025877 ], [ 3352840.064295306801796, 8336375.155563281849027 ], [ 3352526.262259345501661, 8336618.198316625319421 ], [ 3352384.743694107513875, 8337055.059974532574415 ], [ 3352335.519845329225063, 8337458.080236405134201 ], [ 3352378.590713010635227, 8337827.259102242067456 ], [ 3352480.114901115652174, 8338221.049892468377948 ], [ 3352640.092409645207226, 8338639.452607084065676 ], [ 3352803.146408723201603, 8339033.243397310376167 ], [ 3352969.276898350100964, 8339402.422263148240745 ], [ 3353120.024935233872384, 8339759.295166790485382 ], [ 3353255.390519373584539, 8340103.862108238972723 ], [ 3353403.062065708450973, 8340519.188332306221128 ], [ 3353563.039574238471687, 8341005.273838990367949 ], [ 3353726.093573316466063, 8341534.430213357321918 ], [ 3353892.224062942899764, 8342106.657455405220389 ], [ 3354055.278062021359801, 8342601.97243373747915 ], [ 3354215.255570550914854, 8343020.375148353166878 ], [ 3354409.074475115630776, 8343355.712618155404925 ], [ 3354636.734775714576244, 8343607.984843144193292 ], [ 3354889.007000703364611, 8343826.415672097355127 ], [ 3355165.891150081995875, 8344011.005105016753078 ], [ 3355455.081261654384434, 8344127.911745864897966 ], [ 3355756.577335420995951, 8344177.135594643652439 ], [ 3356091.914805223233998, 8344210.976990678347647 ], [ 3356461.093671060632914, 8344229.435933969914913 ], [ 3356901.031819516792893, 8344081.76438763551414 ], [ 3357411.729250591248274, 8343767.962351673282683 ], [ 3357808.596531366929412, 8343518.76661723293364 ], [ 3358091.633661842439324, 8343334.177184314467013 ], [ 3358322.370452990755439, 8343158.817223041318357 ], [ 3358500.806904812343419, 8342992.686733415350318 ], [ 3358670.013884988147765, 8342795.791338302195072 ], [ 3358829.991393517237157, 8342568.13103770185262 ], [ 3358946.898034365847707, 8342282.017416678369045 ], [ 3359020.733807533513755, 8341937.450475229881704 ], [ 3359091.493090152274817, 8341635.954401463270187 ], [ 3359159.175882222130895, 8341377.529195376671851 ], [ 3359214.552712097764015, 8341063.727159414440393 ], [ 3359257.623579779174179, 8340694.548293579369783 ], [ 3359362.224258433096111, 8340337.675389936193824 ], [ 3359528.354748059529811, 8339993.10844848677516 ], [ 3359783.703463596757501, 8339682.382903073914349 ], [ 3360128.270405045244843, 8339405.498753696680069 ], [ 3360414.384026069194078, 8339276.286150653846562 ], [ 3360642.044326668139547, 8339294.745093944482505 ], [ 3360894.316551656927913, 8339350.121923820115626 ], [ 3361171.200701035559177, 8339442.416640280745924 ], [ 3361531.1500952267088, 8339488.56399851012975 ], [ 3361974.164734231308103, 8339488.56399851012975 ], [ 3362401.796920493245125, 8339433.187168634496629 ], [ 3362814.046654011588544, 8339322.433508883230388 ], [ 3363263.214274113532156, 8339199.373886937275529 ], [ 3363749.299780799075961, 8339064.008302796632051 ], [ 3364096.943212795536965, 8338833.271511648781598 ], [ 3364306.144570103380829, 8338507.163513491861522 ], [ 3364512.269436862319708, 8338113.372723265551031 ], [ 3364715.317813073284924, 8337651.899140969850123 ], [ 3364946.054604221601039, 8337178.119596478529274 ], [ 3365204.479810307733715, 8336692.034089792519808 ], [ 3365459.828525844961405, 8336347.467148344963789 ], [ 3365712.100750833749771, 8336144.418772133998573 ], [ 3365942.837541982065886, 8336073.65948951523751 ], [ 3366152.03889928990975, 8336135.189300488680601 ], [ 3366395.081652632914484, 8336282.860846823081374 ], [ 3366671.965802010614425, 8336516.674128520302474 ], [ 3366911.932064804714173, 8336805.864240093156695 ], [ 3367114.980441015679389, 8337150.431181540712714 ], [ 3367299.569873934146017, 8337473.462689148262143 ], [ 3367465.700363560579717, 8337774.958762915804982 ], [ 3367514.924212338868529, 8338085.684308328665793 ], [ 3367447.241420269012451, 8338405.639325386844575 ], [ 3367354.946703809779137, 8338796.353625064715743 ], [ 3367238.040062960702926, 8339257.827207362279296 ], [ 3367201.122176377102733, 8339651.617997588589787 ], [ 3367244.193044058512896, 8339977.725995743647218 ], [ 3367311.875836128368974, 8340242.304182927124202 ], [ 3367404.170552588067949, 8340445.352559138089418 ], [ 3367542.61262727715075, 8340768.384066745638847 ], [ 3367727.202060195617378, 8341211.398705749772489 ], [ 3367936.40341750299558, 8341626.724929817020893 ], [ 3368170.216699200216681, 8342014.362738946452737 ], [ 3368425.565414737444371, 8342337.394246554002166 ], [ 3368702.449564115144312, 8342595.819452640600502 ], [ 3369105.469825987704098, 8342657.349263613112271 ], [ 3369634.626200354192406, 8342521.983679472468793 ], [ 3370037.64646222628653, 8342349.700208747759461 ], [ 3370314.530611604452133, 8342140.498851439915597 ], [ 3370557.573364946991205, 8341885.150135902687907 ], [ 3370766.774722255766392, 8341583.654062135145068 ], [ 3370892.910834750160575, 8341331.381837146356702 ], [ 3370935.981702430173755, 8341128.333460936322808 ], [ 3371074.423777119256556, 8340922.208594176918268 ], [ 3371308.237058816477656, 8340713.007236870005727 ], [ 3371551.27981215948239, 8340528.417803952470422 ], [ 3371803.552037148270756, 8340368.440295422449708 ], [ 3372055.824262137059122, 8340171.544900309294462 ], [ 3372308.096487125847489, 8339937.731618611142039 ], [ 3372551.139240468852222, 8339590.088186614215374 ], [ 3372784.952522165607661, 8339128.614604318514466 ], [ 3372957.235992889851332, 8338759.435738481581211 ], [ 3373067.989652641117573, 8338482.551589103415608 ], [ 3373160.284369100350887, 8338125.678685460239649 ], [ 3373234.120142268016934, 8337688.817027553915977 ], [ 3373271.038028851617128, 8337215.037483062595129 ], [ 3373271.038028851617128, 8336704.340051987208426 ], [ 3373157.207878551911563, 8336289.013827919960022 ], [ 3372929.547577952034771, 8335969.05881086178124 ], [ 3372698.810786803718656, 8335738.322019712999463 ], [ 3372464.997505106963217, 8335596.803454475477338 ], [ 3372221.954751763958484, 8335387.602097168564796 ], [ 3371969.682526775170118, 8335110.717947788536549 ], [ 3371646.651019167620689, 8334870.7516849944368 ], [ 3371252.860228940844536, 8334667.703308785334229 ], [ 3370862.145929262973368, 8334449.272479831241071 ], [ 3370474.508120134007186, 8334215.459198134019971 ], [ 3370222.235895145218819, 8334018.563803020864725 ], [ 3370105.329254296608269, 8333858.586294491775334 ], [ 3370000.728575643151999, 8333627.84950334392488 ], [ 3369908.433859183918685, 8333326.353429575450718 ], [ 3369849.98053875984624, 8333003.321921967901289 ], [ 3369825.368614370003343, 8332658.754980521276593 ], [ 3369779.221256140619516, 8332289.576114683412015 ], [ 3369711.538464070763439, 8331895.785324457101524 ], [ 3369677.69706803560257, 8331548.141892461106181 ], [ 3369677.69706803560257, 8331246.64581869263202 ], [ 3369677.69706803560257, 8330809.784160785377026 ], [ 3369677.69706803560257, 8330237.556918738409877 ], [ 3369686.926539681386203, 8329720.706506565213203 ], [ 3369705.38548297341913, 8329259.232924269512296 ], [ 3369769.991784494835883, 8328868.518624591641128 ], [ 3369880.745444246102124, 8328548.563607532531023 ], [ 3370006.881556740496308, 8328225.532099924981594 ], [ 3370148.400121978018433, 8327899.424101768992841 ], [ 3370345.295517091173679, 8327576.392594161443412 ], [ 3370597.567742079962045, 8327256.437577102333307 ], [ 3370862.145929263439029, 8326970.32395607791841 ], [ 3371139.030078641138971, 8326718.051731089130044 ], [ 3371357.460907595232129, 8326395.020223481580615 ], [ 3371517.438416124787182, 8326001.229433255270123 ], [ 3371597.427170389331877, 8325641.28003906365484 ], [ 3371597.427170389331877, 8325315.172040907666087 ], [ 3371578.968227097764611, 8325004.446495494805276 ], [ 3371542.050340513698757, 8324709.103402824141085 ], [ 3371578.96822709729895, 8324398.377857411280274 ], [ 3371689.721886848565191, 8324072.269859255291522 ], [ 3371754.328188369981945, 8323795.385709877125919 ], [ 3371772.787131662014872, 8323567.725409277714789 ], [ 3371751.251697821542621, 8323315.453184288926423 ], [ 3371689.721886848565191, 8323038.56903491076082 ], [ 3371566.662264903075993, 8322749.378923337906599 ], [ 3371382.072831983678043, 8322447.882849571295083 ], [ 3371283.62513442710042, 8322204.840096228756011 ], [ 3371271.319172232411802, 8322020.25066330935806 ], [ 3371289.778115523979068, 8321835.661230390891433 ], [ 3371339.001964301802218, 8321651.071797473356128 ], [ 3371422.067209115251899, 8321429.564477970823646 ], [ 3371538.973849963396788, 8321171.139271884225309 ], [ 3371597.427170387934893, 8320848.10776427667588 ], [ 3371597.427170387934893, 8320460.469955148175359 ], [ 3371575.891736547462642, 8320137.43844754062593 ], [ 3371532.82086886651814, 8319879.013241454027593 ], [ 3371418.990718566812575, 8319635.970488111488521 ], [ 3371234.401285647880286, 8319408.310187511146069 ], [ 3371095.959210958797485, 8319291.40354666300118 ], [ 3371003.664494499564171, 8319285.250565566122532 ], [ 3370772.927703351713717, 8319512.910866165533662 ], [ 3370403.748837514314801, 8319974.38444846123457 ], [ 3370126.864688136614859, 8320368.175238688476384 ], [ 3369942.27525521768257, 8320694.283236844465137 ], [ 3369699.232501874677837, 8320937.325990187004209 ], [ 3369397.73642810806632, 8321097.303498717956245 ], [ 3369133.158240924589336, 8321155.756819142028689 ], [ 3368905.497940324712545, 8321112.685951460152864 ], [ 3368653.225715335924178, 8320986.549838965758681 ], [ 3368376.341565958224237, 8320777.34848165884614 ], [ 3368099.457416580058634, 8320592.759048740379512 ], [ 3367822.573267202358693, 8320432.781540209427476 ], [ 3367591.836476054042578, 8320214.35071125626564 ], [ 3367407.247043135110289, 8319937.466561878100038 ], [ 3367198.045685827266425, 8319685.194336889311671 ], [ 3366964.232404130510986, 8319457.534036289900541 ], [ 3366813.484367246739566, 8319272.944603371433914 ], [ 3366745.801575176417828, 8319131.426038133911788 ], [ 3366813.484367246739566, 8318900.689246985130012 ], [ 3367016.532743457704782, 8318580.73422992695123 ], [ 3367222.657610216643661, 8318236.167288478463888 ], [ 3367431.858967524487525, 8317866.98842264059931 ], [ 3367591.836476054042578, 8317507.039028448984027 ], [ 3367702.590135804843158, 8317156.31910590454936 ], [ 3367841.032210493925959, 8316925.582314755767584 ], [ 3368007.16270012082532, 8316814.828655004501343 ], [ 3368216.364057428669184, 8316584.091863856650889 ], [ 3368468.636282417457551, 8316233.3719413112849 ], [ 3368517.860131195746362, 8315931.875867543742061 ], [ 3368364.035603763535619, 8315679.603642554953694 ], [ 3368207.13458578241989, 8315461.172813601791859 ], [ 3368047.157077253330499, 8315276.583380683325231 ], [ 3367862.56764433439821, 8315104.299909959547222 ], [ 3367653.366287026554346, 8314944.322401428595185 ], [ 3367456.4708919133991, 8314885.869081004522741 ], [ 3367271.881458994932473, 8314928.939948686398566 ], [ 3366939.620479741599411, 8314885.869081005454063 ], [ 3366459.687954153399915, 8314756.656477961689234 ], [ 3366136.656446545850486, 8314578.220026141032577 ], [ 3365970.525956918951124, 8314350.559725541621447 ], [ 3365739.789165770635009, 8314144.434858782216907 ], [ 3365444.44607310090214, 8313959.845425862818956 ], [ 3365066.037735617719591, 8313922.927539279684424 ], [ 3364604.56415332108736, 8314033.681199030950665 ], [ 3364339.985966137610376, 8314156.740820976905525 ], [ 3364272.303174067288637, 8314292.10640511661768 ], [ 3364192.314419802743942, 8314510.537234069779515 ], [ 3364100.019703343510628, 8314812.033307838253677 ], [ 3363949.27166646020487, 8314996.622740756720304 ], [ 3363740.070309152361006, 8315064.305532826110721 ], [ 3363518.562989649828523, 8315021.234665146097541 ], [ 3363284.749707953073084, 8314867.410137712955475 ], [ 3363029.400992415845394, 8314664.361761502921581 ], [ 3362752.51684303721413, 8314412.089536514133215 ], [ 3362407.94990158919245, 8314169.04678317066282 ], [ 3361995.700168071314692, 8313935.233501475304365 ], [ 3361651.133226622827351, 8313722.955653618089855 ], [ 3361374.24907724512741, 8313532.213239601813257 ], [ 3361165.047719937283546, 8313449.147994788363576 ], [ 3361023.52915469976142, 8313473.759919177740812 ], [ 3360722.033080932684243, 8313476.836409727111459 ], [ 3360260.559498636052012, 8313458.37746643461287 ], [ 3359928.298519382718951, 8313381.46520271897316 ], [ 3359725.250143171753734, 8313246.099618578329682 ], [ 3359506.819314218126237, 8313086.122110048308969 ], [ 3359273.00603252183646, 8312901.532677130773664 ], [ 3359017.657316984608769, 8312726.172715857625008 ], [ 3358740.773167606443167, 8312560.042226230725646 ], [ 3358510.036376458127052, 8312421.600151541642845 ], [ 3358325.446943539194763, 8312310.846491790376604 ], [ 3358073.174718550406396, 8312080.10970064252615 ], [ 3357753.219701491296291, 8311729.389778097160161 ], [ 3357547.094834732357413, 8311440.199666525237262 ], [ 3357454.800118272658437, 8311212.53936592489481 ], [ 3357451.723627724219114, 8310821.825066247023642 ], [ 3357537.865363086108118, 8310268.056767491623759 ], [ 3357593.242192961275578, 8309794.277223000302911 ], [ 3357617.854117350652814, 8309400.486432773992419 ], [ 3357676.307437774725258, 8309043.61352913081646 ], [ 3357768.602154234424233, 8308723.658512072637677 ], [ 3357907.044228923507035, 8308400.627004465088248 ], [ 3358091.633661841973662, 8308074.519006308168173 ], [ 3358205.463812141679227, 8307797.634856930933893 ], [ 3358248.53467982262373, 8307569.97455633059144 ], [ 3358374.670792317017913, 8307280.784444757737219 ], [ 3358583.872149624861777, 8306930.064522213302553 ], [ 3358645.401960597839206, 8306594.727052411064506 ], [ 3358559.260225235950202, 8306274.772035351023078 ], [ 3358411.588678901083767, 8305951.740527743473649 ], [ 3358202.387321593239903, 8305625.632529588416219 ], [ 3358119.322076779790223, 8305290.295059786178172 ], [ 3358162.392944460734725, 8304945.72811833769083 ], [ 3358045.486303612589836, 8304555.013818659819663 ], [ 3357768.602154233958572, 8304118.152160752564669 ], [ 3357630.160079545341432, 8303782.814690950326622 ], [ 3357630.160079545341432, 8303549.001409253105521 ], [ 3357630.160079545341432, 8303284.423222070559859 ], [ 3357630.160079545341432, 8302989.080129399895668 ], [ 3357710.148833809886128, 8302632.207225756719708 ], [ 3357870.12634233944118, 8302213.804511142894626 ], [ 3357983.956492639612406, 8301924.614399570040405 ], [ 3358051.639284709468484, 8301764.636891039088368 ], [ 3357959.344568249769509, 8301416.993459043093026 ], [ 3357707.072343260981143, 8300881.684103580191731 ], [ 3357562.477287474554032, 8300404.828068540431559 ], [ 3357525.559400890488178, 8299986.425353925675154 ], [ 3357544.018344182521105, 8299592.634563699364662 ], [ 3357617.854117350187153, 8299223.455697861500084 ], [ 3357703.995852712076157, 8298878.888756413012743 ], [ 3357802.44355026865378, 8298558.933739353902638 ], [ 3357894.738266727887094, 8298189.754873516969383 ], [ 3357980.88000209024176, 8297771.352158902212977 ], [ 3358116.245586230419576, 8297420.632236355915666 ], [ 3358300.835019148886204, 8297137.595105881802738 ], [ 3358325.053369089961052, 8297096.607216067612171 ], [ 3358341.198935717809945, 8297069.281956192106009 ], [ 3358356.228373201563954, 8296906.972763 ], [ 3358370.141681540757418, 8296609.679636490531266 ], [ 3358382.938860736321658, 8296177.40257666260004 ], [ 3358394.619910786859691, 8295610.141583518125117 ], [ 3358380.018598221708089, 8295073.725863167084754 ], [ 3358339.134923040401191, 8294568.155415609478951 ], [ 3358271.968885242007673, 8294093.430240845307708 ], [ 3358178.520484826527536, 8293649.550338874571025 ], [ 3358072.251692894846201, 8293265.750036702491343 ], [ 3357953.162509446032345, 8292942.029334328137338 ], [ 3357821.252934480085969, 8292678.388231754302979 ], [ 3357676.522967997007072, 8292474.826728978194296 ], [ 3357528.231159417890012, 8292285.438102200627327 ], [ 3357376.377508743666112, 8292110.222351424396038 ], [ 3357220.96201597340405, 8291949.179476644843817 ], [ 3357061.984681108035147, 8291802.309477863833308 ], [ 3356866.824854621198028, 8291660.03409113548696 ], [ 3356635.482536513824016, 8291522.353316459804773 ], [ 3356367.95772678591311, 8291389.267153835855424 ], [ 3356064.250425436999649, 8291260.775603265501559 ], [ 3355769.303911627270281, 8291097.240902538411319 ], [ 3355483.118185356259346, 8290898.663051656447351 ], [ 3355205.693246623966843, 8290665.042050619609654 ], [ 3354937.029095430858433, 8290396.377899426035583 ], [ 3354726.770194496959448, 8290174.437948441132903 ], [ 3354574.916543822735548, 8289999.222197663038969 ], [ 3354481.468143407721072, 8289870.730647091753781 ], [ 3354446.42499325145036, 8289788.963296729139984 ], [ 3354461.026305816136301, 8289607.90702092461288 ], [ 3354525.272081101778895, 8289327.561819679103792 ], [ 3354639.162319107912481, 8288947.927692993544042 ], [ 3354802.697019834071398, 8288469.004640867002308 ], [ 3354980.833033125381917, 8288109.812351771630347 ], [ 3355173.570358981378376, 8287870.35082570835948 ], [ 3355380.908997402526438, 8287750.620062676258385 ], [ 3355602.848948387894779, 8287750.620062676258385 ], [ 3355821.868636860512197, 8287651.331137235276401 ], [ 3356037.96806281991303, 8287452.753286353312433 ], [ 3356251.147226266562939, 8287154.88651003036648 ], [ 3356461.406127200927585, 8286757.730808266438544 ], [ 3356654.143453056924045, 8286372.256156554445624 ], [ 3356829.359203835017979, 8285998.462554894387722 ], [ 3356987.053379535209388, 8285636.350003286264837 ], [ 3357127.22598015749827, 8285285.918501730076969 ], [ 3357188.551492929924279, 8284923.805950121954083 ], [ 3357171.029917852021754, 8284550.012348461896181 ], [ 3357074.661254924256355, 8284164.537696749903262 ], [ 3356899.445504146162421, 8283767.381994985975325 ], [ 3356703.787915777415037, 8283414.030230917036533 ], [ 3356487.688489817548543, 8283104.482404542155564 ], [ 3356251.1472262670286, 8282838.738515862263739 ], [ 3355994.164125125855207, 8282616.798564875498414 ], [ 3355693.914206978864968, 8282392.937091920524836 ], [ 3355350.397471826057881, 8282167.154096999205649 ], [ 3354963.613919667899609, 8281939.449580106884241 ], [ 3354533.563550503924489, 8281709.82354124635458 ], [ 3354163.764452734496444, 8281419.794771037995815 ], [ 3353854.216626360081136, 8281069.363269481807947 ], [ 3353604.920071379747242, 8280658.529036577790976 ], [ 3353415.874787794426084, 8280187.292072325944901 ], [ 3353241.967937462497503, 8279693.691748514771461 ], [ 3353083.199520383961499, 8279177.728065142408013 ], [ 3352939.569536559283733, 8278639.401022212579846 ], [ 3352811.077985988929868, 8278078.71061972156167 ], [ 3352711.789060547947884, 8277471.296017023734748 ], [ 3352641.702760237269104, 8276817.157214120030403 ], [ 3352600.819085055496544, 8276116.294211006723344 ], [ 3352589.138035003561527, 8275368.707007685676217 ], [ 3352615.81899587996304, 8274657.312246212735772 ], [ 3352680.861967684701085, 8273982.109926586039364 ], [ 3352784.266950417775661, 8273343.100048806518316 ], [ 3352926.033944079186767, 8272740.282612873241305 ], [ 3353075.764528760220855, 8272199.777401657775044 ], [ 3353233.458704460412264, 8271721.584415158256888 ], [ 3353399.116471180692315, 8271305.70365337561816 ], [ 3353610.600771904457361, 8270917.533945544622838 ], [ 3267640.058998298831284, 8270917.533945544622838 ], [ 3219639.52984333736822, 8267046.0866190623492 ] ], [ [ 3356409.980905571952462, 8331025.076871186494827 ], [ 3356799.926082612480968, 8330768.959033012390137 ], [ 3357076.531264527700841, 8330533.648591381497681 ], [ 3357404.038024227134883, 8330284.473399612121284 ], [ 3357782.446361710317433, 8330021.4334577023983 ], [ 3358179.31364248553291, 8329924.524005420506001 ], [ 3358594.639866552315652, 8329993.745042765513062 ], [ 3358820.76192187750712, 8330173.719739860855043 ], [ 3358857.679808461572975, 8330464.448096707463264 ], [ 3358939.083549347240478, 8330657.220529014244676 ], [ 3359064.973144534509629, 8330752.037036783061922 ], [ 3359203.41521922359243, 8330899.708583118394017 ], [ 3359354.409773414023221, 8331100.23516801930964 ], [ 3359429.907050509005785, 8331468.153138202615082 ], [ 3359429.907050509005785, 8332003.462493666447699 ], [ 3359464.517569181509316, 8332340.338208742439747 ], [ 3359533.738606525585055, 8332478.780283432453871 ], [ 3359697.561728240922093, 8332617.222358121536672 ], [ 3359955.98693432752043, 8332755.664432809688151 ], [ 3360232.871083705220371, 8332903.335979145020247 ], [ 3360528.21417637495324, 8333060.236997125670314 ], [ 3360830.47937277937308, 8333182.52749643381685 ], [ 3361139.666672918014228, 8333270.207477070391178 ], [ 3361492.693963374942541, 8333314.047467388212681 ], [ 3361889.561244150158018, 8333314.047467388212681 ], [ 3362364.879033915698528, 8333304.817995741963387 ], [ 3362918.647332671564072, 8333286.359052451327443 ], [ 3363352.432500030379742, 8333311.74009947758168 ], [ 3363666.234535991214216, 8333380.961136821657419 ], [ 3363901.586062962654978, 8333484.79269283823669 ], [ 3364058.487080943770707, 8333623.234767527319491 ], [ 3364136.93758993409574, 8333856.278926586732268 ], [ 3364136.93758993409574, 8334183.925170017406344 ], [ 3364136.93758993409574, 8334391.588282051496208 ], [ 3364136.93758993409574, 8334479.268262688070536 ], [ 3364199.236523544415832, 8334645.398752314969897 ], [ 3364323.834390764590353, 8334889.979750932194293 ], [ 3364298.453343738336116, 8335141.482853284105659 ], [ 3364123.093382465653121, 8335399.908059369772673 ], [ 3363862.360808467958122, 8335702.173255773261189 ], [ 3363516.255621745251119, 8336048.278442496433854 ], [ 3363091.699926032219082, 8336350.543638899922371 ], [ 3362588.693721329327673, 8336608.968844986520708 ], [ 3362182.596968908328563, 8336715.107768914662302 ], [ 3361873.409668769221753, 8336668.960410684347153 ], [ 3361501.923435020726174, 8336652.80883530434221 ], [ 3361068.138267661910504, 8336666.653042772784829 ], [ 3360765.873071257490665, 8336708.185665179975331 ], [ 3360595.127845808397979, 8336777.40670252405107 ], [ 3360336.702639722265303, 8336742.796183851547539 ], [ 3359990.5974529995583, 8336604.35410916339606 ], [ 3359686.024888684041798, 8336431.301515801809728 ], [ 3359422.984946774784476, 8336223.638403768651187 ], [ 3359171.481844423338771, 8336085.196329079568386 ], [ 3358931.515581628773361, 8336015.975291734561324 ], [ 3358698.471422568894923, 8335895.992160337045789 ], [ 3358472.349367244169116, 8335725.246934888884425 ], [ 3358232.562709879130125, 8335518.695557426661253 ], [ 3357979.111450474709272, 8335276.338027950376272 ], [ 3357859.128319077659398, 8335059.445444270968437 ], [ 3357872.613315687514842, 8334868.017806388437748 ], [ 3357902.429493107367307, 8334643.091384403407574 ], [ 3357948.576851337216794, 8334384.666178315877914 ], [ 3357980.880002098158002, 8334133.163075964897871 ], [ 3357999.338945390190929, 8333888.582077348604798 ], [ 3357932.425275957211852, 8333577.087409297935665 ], [ 3357780.138993798755109, 8333198.679071814753115 ], [ 3357556.324306385125965, 8332940.253865728154778 ], [ 3357260.981213715393096, 8332801.811791039071977 ], [ 3356949.486545665189624, 8332714.131810402497649 ], [ 3356621.840302234515548, 8332677.213923819363117 ], [ 3356266.505643866024911, 8332642.603405147790909 ], [ 3355883.482570560183376, 8332610.300254385918379 ], [ 3355650.438411500304937, 8332559.538160333409905 ], [ 3355567.373166686855257, 8332490.317122989334166 ], [ 3355498.152129342313856, 8332368.026623680256307 ], [ 3355442.775299466680735, 8332192.666662408038974 ], [ 3355415.086884528864175, 8332079.605634745210409 ], [ 3355415.086884528864175, 8332028.843540692701936 ], [ 3355475.078450227621943, 8331862.713051065802574 ], [ 3355595.061581624671817, 8331581.214165864512324 ], [ 3355906.695733406115323, 8331302.002105904743075 ], [ 3356409.980905571952462, 8331025.076871186494827 ] ] ] ] } },
{ "type": "Feature", "properties": { "fid": 2, "name": "Путиловское плато", "type": "landscape_450", "name_eng": "Putilovskoe Plateau" }, "geometry": { "type": "MultiPolygon", "coordinates": [ [ [ [ 3500475.9307, 8370882.066328200511634 ], [ 3504845.9307, 8372046.123263390734792 ], [ 3509847.885407811030746, 8374096.280299999751151 ], [ 3514815.9307, 8376030.440174984745681 ], [ 3516065.9307, 8376406.225982039235532 ], [ 3519705.9307, 8375419.408687109127641 ], [ 3520467.873181350529194, 8374496.280299999751151 ], [ 3523655.9307, 8374182.302218588069081 ], [ 3524995.9307, 8373573.240887842141092 ], [ 3529015.9307, 8378410.568818625062704 ], [ 3533005.9307, 8380503.096865332685411 ], [ 3535422.741269689518958, 8383376.280299999751151 ], [ 3543040.888218123000115, 8387726.280300000682473 ], [ 3545449.131304838694632, 8389296.280300000682473 ], [ 3551885.9307, 8389659.516481610015035 ], [ 3553735.9307, 8391075.20143910124898 ], [ 3554765.9307, 8393514.75440907664597 ], [ 3555257.936547953169793, 8285266.280299999751151 ], [ 3494059.019650050438941, 8284766.083651557564735 ], [ 3494059.019650050438941, 8270917.533945544622838 ], [ 3481038.506302140187472, 8270917.533945544622838 ], [ 3481055.866374295204878, 8270999.994288282468915 ], [ 3481073.387949373107404, 8271113.88452628813684 ], [ 3481073.387949373107404, 8271175.210039060562849 ], [ 3481090.909524451009929, 8271324.143427222035825 ], [ 3481125.952674606814981, 8271560.684690772555768 ], [ 3481156.615430993027985, 8271858.551467094570398 ], [ 3481182.897793609648943, 8272217.74375618994236 ], [ 3481130.333068375941366, 8272690.826283290982246 ], [ 3480998.921255292836577, 8273277.799048397690058 ], [ 3480933.215348750818521, 8273820.967875810340047 ], [ 3480933.215348750818521, 8274320.332765528932214 ], [ 3480880.650623517576605, 8274732.089779857546091 ], [ 3480775.521173050161451, 8275056.238918796181679 ], [ 3480709.815266508609056, 8275415.43120789155364 ], [ 3480683.532903891988099, 8275809.666647142730653 ], [ 3480652.870147505775094, 8276107.533423465676606 ], [ 3480617.826997349970043, 8276309.031536860391498 ], [ 3480468.893609188497066, 8276571.855163027532399 ], [ 3480206.069983021356165, 8276896.004301968030632 ], [ 3480008.952263395767659, 8277075.60044651478529 ], [ 3479877.540450312197208, 8277110.643596669659019 ], [ 3479732.987455920316279, 8277259.576984831131995 ], [ 3479575.293280220124871, 8277522.400610998272896 ], [ 3479496.446192369796336, 8277750.181087010540068 ], [ 3479496.446192369796336, 8277942.918412866070867 ], [ 3479513.967767447698861, 8278104.992982336319983 ], [ 3479549.010917603038251, 8278236.404795420356095 ], [ 3479697.944305764511228, 8278468.565665201283991 ], [ 3479960.767931931652129, 8278801.475591680034995 ], [ 3480206.069983021356165, 8279147.526699466630816 ], [ 3480433.850459032692015, 8279506.718988562002778 ], [ 3480613.446603580377996, 8279900.954427813179791 ], [ 3480744.858416664414108, 8280330.233017219230533 ], [ 3480858.748654670082033, 8280724.468456469476223 ], [ 3480955.117317597847432, 8281083.660745565779507 ], [ 3481152.235037223435938, 8281394.668703196570277 ], [ 3481450.101813545916229, 8281657.492329364642501 ], [ 3481726.06662102136761, 8281968.500286995433271 ], [ 3481980.12945965025574, 8282327.69257608987391 ], [ 3482107.160878964699805, 8282559.853445870801806 ], [ 3482107.160878964699805, 8282664.98289633821696 ], [ 3481940.705915725789964, 8282813.916284499689937 ], [ 3481607.79598924703896, 8283006.653610355220735 ], [ 3481375.635119465645403, 8283251.955661444924772 ], [ 3481244.223306382540613, 8283549.822437766939402 ], [ 3481165.376218532212079, 8283830.167639011517167 ], [ 3481139.093855915125459, 8284092.991265179589391 ], [ 3481191.658581148833036, 8284386.477647732943296 ], [ 3481323.070394232403487, 8284710.626786673441529 ], [ 3481423.819450929760933, 8284990.971987918019295 ], [ 3481493.905751241371036, 8285227.513251468539238 ], [ 3481642.839139402844012, 8285477.195696327835321 ], [ 3481870.619615414179862, 8285740.0193224940449 ], [ 3482050.215759961865842, 8286033.505705047398806 ], [ 3482181.627573044970632, 8286357.654843987897038 ], [ 3482291.137417281512171, 8286668.662801618687809 ], [ 3482378.745292670559138, 8286966.529577941633761 ], [ 3482330.560961206443608, 8287264.396354264579713 ], [ 3482146.584422889631242, 8287562.263130587525666 ], [ 3482067.737335039302707, 8287807.565181677229702 ], [ 3482094.019697656389326, 8288000.302507532760501 ], [ 3482203.529541892930865, 8288228.082983544096351 ], [ 3482396.266867748461664, 8288490.906609712168574 ], [ 3482518.917893293313682, 8288933.326380426995456 ], [ 3482571.482618526555598, 8289555.342295688576996 ], [ 3482567.102224756963551, 8290015.283641481772065 ], [ 3482505.776711985003203, 8290313.150417804718018 ], [ 3482413.788442826364189, 8290676.723100669682026 ], [ 3482291.137417281512171, 8291106.001690075732768 ], [ 3482260.474660895299166, 8291469.574372939765453 ], [ 3482321.800173667725176, 8291767.441149264574051 ], [ 3482466.353168060071766, 8292060.927531817927957 ], [ 3482694.133644071407616, 8292350.03352059982717 ], [ 3482724.796400457620621, 8292757.410141158849001 ], [ 3482558.34143721871078, 8293283.057393494993448 ], [ 3482237.827713435515761, 8293608.118617445230484 ], [ 3481763.255229108501226, 8293732.593813011422753 ], [ 3481399.682546244002879, 8293850.864444786682725 ], [ 3481147.109664841089398, 8293962.930512771010399 ], [ 3480994.540861522778869, 8294115.332209690473974 ], [ 3480941.976136290002614, 8294308.069535546004772 ], [ 3480946.356530059129, 8294570.893161714076996 ], [ 3481007.682042831555009, 8294903.803088191896677 ], [ 3481178.05361571488902, 8295217.536455823108554 ], [ 3481457.471248708665371, 8295512.093264606781304 ], [ 3481724.5462605971843, 8295798.866816779598594 ], [ 3481979.278651378583163, 8296077.857112343423069 ], [ 3482216.283699054736644, 8296337.955328511074185 ], [ 3482435.561403624713421, 8296579.161465283483267 ], [ 3482663.470887685194612, 8296712.905714977532625 ], [ 3482900.012151235714555, 8296739.18807759322226 ], [ 3483180.357352480757982, 8296739.18807759322226 ], [ 3483504.506491420324892, 8296712.905714977532625 ], [ 3483780.471298895776272, 8296489.5056327348575 ], [ 3484008.251774907577783, 8296068.987830867059529 ], [ 3484253.553825996816158, 8295858.728929933160543 ], [ 3484516.377452163957059, 8295858.728929933160543 ], [ 3484792.342259639874101, 8296020.803499402478337 ], [ 3485081.44824842363596, 8296344.952638342045248 ], [ 3485226.00124281598255, 8296818.035165443085134 ], [ 3485226.00124281598255, 8297440.051080705597997 ], [ 3485129.63257988775149, 8298013.88266450446099 ], [ 3484936.895254032220691, 8298539.529916839674115 ], [ 3484643.408871478401124, 8299117.741894407197833 ], [ 3484249.173432227224112, 8299748.518597207963467 ], [ 3483854.93799297651276, 8300261.024668234400451 ], [ 3483460.702553725801408, 8300655.260107485577464 ], [ 3483048.94553939672187, 8300996.930821502581239 ], [ 3482619.666949990671128, 8301286.03681028727442 ], [ 3482339.321748745627701, 8301526.95846760738641 ], [ 3482207.909935662057251, 8301719.695793462917209 ], [ 3481980.129459650721401, 8301947.476269474253058 ], [ 3481655.980320710688829, 8302210.299895643256605 ], [ 3481375.635119465645403, 8302407.41761526837945 ], [ 3481139.093855915125459, 8302538.829428352415562 ], [ 3480876.270229747984558, 8302705.284391591325402 ], [ 3480587.164240964222699, 8302906.782504985108972 ], [ 3480442.61124657234177, 8303252.833612771704793 ], [ 3480442.61124657234177, 8303743.437714952044189 ], [ 3480521.458334422204643, 8304203.379060744307935 ], [ 3480679.152510122861713, 8304632.657650150358677 ], [ 3480692.293691431172192, 8304996.230333015322685 ], [ 3480560.88187834713608, 8305294.097109338268638 ], [ 3480446.991640341468155, 8305622.626642047427595 ], [ 3480350.622977413702756, 8305981.818931141868234 ], [ 3480206.069983021356165, 8306424.238701856695116 ], [ 3480013.332657165359706, 8306949.88595419190824 ], [ 3479816.214937539771199, 8307409.827299984171987 ], [ 3479614.716824145056307, 8307804.062739235349 ], [ 3479465.783435983583331, 8308097.549121788702905 ], [ 3479369.414773055352271, 8308290.286447644233704 ], [ 3479273.046110127586871, 8308487.404167270287871 ], [ 3479176.677447199821472, 8308688.902280665002763 ], [ 3479080.308784271590412, 8309004.290632066316903 ], [ 3478983.940121343825012, 8309433.569221472367644 ], [ 3478983.940121343825012, 8309875.988992187194526 ], [ 3479080.308784271590412, 8310331.549944210797548 ], [ 3479246.763747510965914, 8310708.263808383606374 ], [ 3479483.305011061485857, 8311006.130584706552327 ], [ 3479667.281549378298223, 8311220.769879410043359 ], [ 3479798.693362462799996, 8311352.181692493148148 ], [ 3479978.289507010485977, 8311632.526893738657236 ], [ 3480206.069983021356165, 8312061.8054831456393 ], [ 3480368.144552491605282, 8312521.746828937903047 ], [ 3480464.513215419370681, 8313012.350931115448475 ], [ 3480591.544634733349085, 8313437.249126752838492 ], [ 3480749.238810434006155, 8313796.441415848210454 ], [ 3480731.717235356103629, 8314155.633704943582416 ], [ 3480538.979909500107169, 8314514.825994038954377 ], [ 3480341.862189874984324, 8314860.877101825550199 ], [ 3480140.364076479803771, 8315193.787028304301202 ], [ 3479842.497300156857818, 8315688.77152425237 ], [ 3479448.261860906146467, 8316345.830589670687914 ], [ 3479132.873509505297989, 8316897.760204622521996 ], [ 3478896.332245954778045, 8317344.560369106009603 ], [ 3478655.410588634666055, 8317690.611476892605424 ], [ 3478410.10853754542768, 8317935.913527982309461 ], [ 3478123.192745645996183, 8318281.964635768905282 ], [ 3477794.663212937302887, 8318728.764800254255533 ], [ 3477597.545493312180042, 8319239.080674394965172 ], [ 3477531.839586770161986, 8319812.912258193828166 ], [ 3477531.839586770161986, 8320222.479075637646019 ], [ 3477597.545493312180042, 8320467.781126727350056 ], [ 3477779.331834744196385, 8320763.457706165499985 ], [ 3478077.198611067142338, 8321109.508813952095807 ], [ 3478215.181014805100858, 8321389.854015197604895 ], [ 3478193.279045957606286, 8321604.493309900164604 ], [ 3478110.051564338151366, 8321900.169889338314533 ], [ 3477965.498569945804775, 8322276.883753512054682 ], [ 3477853.798528824932873, 8322644.836830145679414 ], [ 3477774.95144097507, 8323004.029119241051376 ], [ 3477783.712228513788432, 8323258.091957869939506 ], [ 3477880.080891441553831, 8323407.02534603048116 ], [ 3477976.449554369784892, 8323571.290112385526299 ], [ 3478072.818217297550291, 8323750.88625693321228 ], [ 3478079.388807951938361, 8323998.37850490771234 ], [ 3477996.161326332017779, 8324313.766856308095157 ], [ 3477960.023077733814716, 8324609.443435745313764 ], [ 3477970.974062158260494, 8324885.408243222162127 ], [ 3477980.829948139376938, 8325093.476947270333767 ], [ 3477989.590735678561032, 8325233.649547891691327 ], [ 3478018.063295179978013, 8325409.960397113114595 ], [ 3478066.247626643627882, 8325622.409494930878282 ], [ 3478127.573139416053891, 8325794.339950381778181 ], [ 3478202.039833497256041, 8325925.751763466745615 ], [ 3478312.64477617572993, 8326045.117493683472276 ], [ 3478459.387967452406883, 8326152.437141035683453 ], [ 3478595.180174305569381, 8326264.137182157486677 ], [ 3478720.021396734751761, 8326380.21761704608798 ], [ 3478827.341044086497277, 8326523.675512995570898 ], [ 3478917.139116360340267, 8326694.510870005935431 ], [ 3478966.418546266853809, 8326894.913884958252311 ], [ 3478975.179333805572242, 8327124.884557854384184 ], [ 3478967.709310622885823, 8327383.518121278844774 ], [ 3478944.008476719260216, 8327670.814575232565403 ], [ 3478891.991204502061009, 8327848.846798349171877 ], [ 3478811.657493971288204, 8327917.614790628664196 ], [ 3478714.937554395291954, 8328000.483623880892992 ], [ 3478601.831385775469244, 8328097.453298106789589 ], [ 3478571.610927011817694, 8328187.164476973935962 ], [ 3478624.27617810619995, 8328269.617160486057401 ], [ 3478631.425672402605414, 8328358.128972508013248 ], [ 3478593.059409899637103, 8328452.699913039803505 ], [ 3478530.097105907276273, 8328536.29095028527081 ], [ 3478442.538760424591601, 8328608.902084240689874 ], [ 3478358.239293034188449, 8328725.831052761524916 ], [ 3478277.198703736066818, 8328887.077855847775936 ], [ 3478163.343911539763212, 8329046.927858235314488 ], [ 3478016.674916446208954, 8329205.381059922277927 ], [ 3477809.61788058327511, 8329375.774002587422729 ], [ 3477542.172803951427341, 8329558.106686230748892 ], [ 3477370.050607286859304, 8329639.707407775335014 ], [ 3477293.251290588639677, 8329620.576167218387127 ], [ 3477153.58150847768411, 8329678.081199424341321 ], [ 3476951.041260953992605, 8329812.222504395060241 ], [ 3476789.914646992459893, 8329855.496993532404304 ], [ 3476670.201666593551636, 8329807.904666839167476 ], [ 3476612.287701508030295, 8329718.51626409497112 ], [ 3476616.172751736827195, 8329587.331785298883915 ], [ 3476551.217828859109432, 8329543.891896821558475 ], [ 3476417.422932874411345, 8329588.196598664857447 ], [ 3476277.64739724714309, 8329590.049049886874855 ], [ 3476131.891221977770329, 8329549.449250487610698 ], [ 3475921.831816298887134, 8329288.644314702600241 ], [ 3475647.469180211424828, 8328807.634242531843483 ], [ 3475361.35447400668636, 8328518.944874982349575 ], [ 3475063.487697683274746, 8328422.576212054118514 ], [ 3474651.730683354660869, 8328475.14093728736043 ], [ 3474126.083431020844728, 8328676.639050682075322 ], [ 3473714.326416691765189, 8328926.321495540440083 ], [ 3473416.459640368819237, 8329224.18827186524868 ], [ 3473070.408532582223415, 8329386.262841334566474 ], [ 3472676.173093331046402, 8329412.545203950256109 ], [ 3472216.231747537851334, 8329425.686385259032249 ], [ 3471690.584495203569531, 8329425.686385259032249 ], [ 3471278.827480874955654, 8329307.415753483772278 ], [ 3470980.960704552009702, 8329070.874489933252335 ], [ 3470783.842984926886857, 8328856.235195229761302 ], [ 3470687.474321999121457, 8328663.497869374230504 ], [ 3470525.399752529338002, 8328321.827155357226729 ], [ 3470297.619276517536491, 8327831.223053177818656 ], [ 3470052.317225428298116, 8327585.921002089045942 ], [ 3469789.493599260691553, 8327585.921002089045942 ], [ 3469592.375879635103047, 8327638.485727322287858 ], [ 3469460.964066551998258, 8327743.615177788771689 ], [ 3469263.846346926409751, 8327875.026990871876478 ], [ 3469001.022720758803189, 8328032.72116657346487 ], [ 3468624.308856585994363, 8328129.089829500764608 ], [ 3468133.704754407051951, 8328164.13297965656966 ], [ 3467638.720258458517492, 8328229.838886198587716 ], [ 3467139.355368740856647, 8328326.207549126818776 ], [ 3466775.7826858763583, 8328409.435030746273696 ], [ 3466548.002209864556789, 8328479.521331056952477 ], [ 3466285.178583697415888, 8328711.682200837880373 ], [ 3465987.311807374935597, 8329105.917640089057386 ], [ 3465658.78227466577664, 8329333.698116100393236 ], [ 3465299.589985570404679, 8329395.023628872819245 ], [ 3464940.397696475498378, 8329359.980478717014194 ], [ 3464581.205407380126417, 8329228.568665633909404 ], [ 3464186.969968129415065, 8328965.745039466768503 ], [ 3463757.691378722898662, 8328571.50960021559149 ], [ 3463464.204996169079095, 8328295.544792740605772 ], [ 3463306.510820468887687, 8328137.850617039948702 ], [ 3463078.730344457086176, 8327940.732897414825857 ], [ 3462780.863568134140223, 8327704.191633864305913 ], [ 3462614.408604894764721, 8327454.50918900500983 ], [ 3462579.36545473895967, 8327191.685562837868929 ], [ 3462496.13797311950475, 8326959.524693056941032 ], [ 3462364.726160036399961, 8326758.026579661294818 ], [ 3462233.314346952363849, 8326525.865709880366921 ], [ 3462101.902533869259059, 8326263.042083714157343 ], [ 3461970.490720785688609, 8326017.740032624453306 ], [ 3461839.078907701186836, 8325789.959556612186134 ], [ 3461694.525913309305906, 8325478.951598981395364 ], [ 3461536.831737609580159, 8325084.716159731149673 ], [ 3461511.625908839516342, 8324581.690789947286248 ], [ 3461618.908427, 8323969.875489631667733 ], [ 3461785.363390239421278, 8323396.043905832804739 ], [ 3462010.990798557177186, 8322860.196038550697267 ], [ 3462154.467259102500975, 8322412.675960362888873 ], [ 3462215.792771874461323, 8322053.483671268448234 ], [ 3462255.21631579939276, 8321860.746345411986113 ], [ 3462272.737890876829624, 8321834.463982796296477 ], [ 3462119.424108945764601, 8321689.910988404415548 ], [ 3461795.274970006197691, 8321427.087362237274647 ], [ 3461729.569063464179635, 8321050.373498063534498 ], [ 3461922.306389320641756, 8320559.769395885057747 ], [ 3462167.608440409880131, 8320051.64371862821281 ], [ 3462465.475216732360423, 8319525.996466293931007 ], [ 3462745.820417977403849, 8319000.349213959649205 ], [ 3463008.64404414454475, 8318474.70196162443608 ], [ 3463188.240188692230731, 8318045.423372218385339 ], [ 3463284.60885161999613, 8317712.513445739634335 ], [ 3463332.793183084111661, 8317335.799581566825509 ], [ 3463332.793183084111661, 8316915.281779699027538 ], [ 3463451.063814859371632, 8316507.905159140005708 ], [ 3463687.605078409891576, 8316113.669719889760017 ], [ 3463884.722798035480082, 8315701.91270556114614 ], [ 3464042.416973736137152, 8315272.634116154164076 ], [ 3464222.013118283823133, 8314944.104583444073796 ], [ 3464423.511231678538024, 8314716.324107432737947 ], [ 3464607.487769995350391, 8314453.500481265597045 ], [ 3464773.942733234725893, 8314155.633704943582416 ], [ 3464857.170214854180813, 8313840.245353542268276 ], [ 3464857.170214854180813, 8313507.335427064448595 ], [ 3464905.354546318296343, 8313095.578412735834718 ], [ 3465001.723209246061742, 8312604.974310556426644 ], [ 3465312.731166877318174, 8312079.327058222144842 ], [ 3465838.378419212065637, 8311518.636655731126666 ], [ 3466394.688427932560444, 8311010.510978475213051 ], [ 3466981.661193039733917, 8310554.950026451610029 ], [ 3467555.492776838131249, 8310182.61655604839325 ], [ 3468116.183179328218102, 8309893.510567264631391 ], [ 3468492.89704350149259, 8309814.663479413837194 ], [ 3468685.634369357023388, 8309946.075292498804629 ], [ 3468782.003032285254449, 8310059.965530504472554 ], [ 3468782.003032285254449, 8310156.334193430840969 ], [ 3468602.406887737568468, 8310401.636244520545006 ], [ 3468243.214598642196506, 8310795.871683771722019 ], [ 3467980.390972474589944, 8311058.69530993886292 ], [ 3467813.936009235680103, 8311190.107123022899032 ], [ 3467735.088921385351568, 8311356.562086261808872 ], [ 3467743.849708925001323, 8311558.060199657455087 ], [ 3467827.077190544456244, 8311750.797525513917208 ], [ 3467984.771366244181991, 8311934.77406382933259 ], [ 3468146.845935713965446, 8311996.099576601758599 ], [ 3468313.300898953806609, 8311934.774063831195235 ], [ 3468527.94019365683198, 8311790.221069438382983 ], [ 3468790.763819823972881, 8311562.440593427047133 ], [ 3469088.630596146918833, 8311365.322873800992966 ], [ 3469421.540522625204176, 8311198.867910561151803 ], [ 3469835.217723184265196, 8310961.446037730202079 ], [ 3470329.662197824567556, 8310653.057255306281149 ], [ 3470609.95745585905388, 8310403.78630606085062 ], [ 3470676.103497288189828, 8310213.633189992979169 ], [ 3470722.367642521858215, 8309912.266629182733595 ], [ 3470748.749891559593379, 8309499.686623627319932 ], [ 3470845.168497698381543, 8309078.757326146587729 ], [ 3471011.623460937291384, 8308649.478736740536988 ], [ 3471237.596696413122118, 8308280.195306416600943 ], [ 3471523.088204126339406, 8307970.907035173848271 ], [ 3471753.002685247920454, 8307976.537226102314889 ], [ 3471927.340139779262245, 8308297.085879201069474 ], [ 3472158.364262009970844, 8308411.351723943836987 ], [ 3472446.075051939114928, 8308319.334760329686105 ], [ 3472662.847496361006051, 8308190.152182163670659 ], [ 3472808.681595275178552, 8308023.803989447653294 ], [ 3473011.099391359370202, 8307840.650015912018716 ], [ 3473270.10088461311534, 8307640.690261555835605 ], [ 3473547.959899608045816, 8307281.798185131512582 ], [ 3473844.676436342764646, 8306763.973786638118327 ], [ 3473884.144761803559959, 8306512.201042874716222 ], [ 3473666.364875989966094, 8306526.479953843168914 ], [ 3473430.336942648049444, 8306543.468495545908809 ], [ 3473176.060961778275669, 8306563.166667983867228 ], [ 3472950.260009627789259, 8306512.82442382723093 ], [ 3472752.934086197987199, 8306392.441763075068593 ], [ 3472606.086793018504977, 8306266.544526156969368 ], [ 3472509.718130090273917, 8306135.132713073864579 ], [ 3472457.153404857032001, 8305938.014993447810411 ], [ 3472448.392617317847908, 8305675.191367281600833 ], [ 3472557.902461554389447, 8305443.030497500672936 ], [ 3472785.682937566190958, 8305241.532384105026722 ], [ 3473030.984988655429333, 8304930.524426474235952 ], [ 3473293.808614823035896, 8304510.006624606437981 ], [ 3473508.447909526526928, 8304050.065278813242912 ], [ 3473674.902872764971107, 8303550.700389095582068 ], [ 3473771.271535692736506, 8302990.009986605495214 ], [ 3473797.553898310288787, 8302367.994071343913674 ], [ 3473928.965711393393576, 8302013.182176018133759 ], [ 3474165.506974943913519, 8301925.57430062815547 ], [ 3474415.189419803209603, 8302043.844932403415442 ], [ 3474678.013045970350504, 8302367.994071343913674 ], [ 3474940.836672137491405, 8302827.935417136177421 ], [ 3475203.660298304632306, 8303423.668969782069325 ], [ 3475400.778017929755151, 8303852.94755918905139 ], [ 3475532.189831014256924, 8304115.771185355260968 ], [ 3475676.742825406137854, 8304295.367329902946949 ], [ 3475834.437001106329262, 8304391.735992832109332 ], [ 3476079.739052195567638, 8304523.147805915214121 ], [ 3476412.64897867385298, 8304689.602769154123962 ], [ 3476675.472604840993881, 8304869.198913701809943 ], [ 3476868.209930697456002, 8305061.936239557340741 ], [ 3477065.327650322578847, 8305153.924508715979755 ], [ 3477266.825763717759401, 8305145.163721177726984 ], [ 3477415.759151879232377, 8305092.598995944485068 ], [ 3477512.127814806997776, 8304996.230333015322685 ], [ 3477621.637659043539315, 8304851.677338623441756 ], [ 3477744.288684587925673, 8304658.940012767910957 ], [ 3477739.908290818333626, 8304431.159536755643785 ], [ 3477608.496477734763175, 8304168.335910589434206 ], [ 3477529.64938988443464, 8303787.241652647033334 ], [ 3477503.367027268745005, 8303287.876762928441167 ], [ 3477608.496477735228837, 8302959.347230220213532 ], [ 3477845.03774128574878, 8302801.653054520487785 ], [ 3478107.861367452889681, 8302687.76281651481986 ], [ 3478396.96735623665154, 8302617.676516201347113 ], [ 3478707.975313867907971, 8302451.221552962437272 ], [ 3479040.885240346193314, 8302188.397926796227694 ], [ 3479220.481384893879294, 8301877.389969164505601 ], [ 3479246.763747510965914, 8301518.197680069133639 ], [ 3479224.861778663937002, 8301172.146572282537818 ], [ 3479154.775478351861238, 8300839.236645803786814 ], [ 3479054.026421654503793, 8300541.369869480840862 ], [ 3478922.614608571399003, 8300278.546243314631283 ], [ 3478843.767520721070468, 8300002.581435838714242 ], [ 3478817.485158104449511, 8299713.47544705402106 ], [ 3478686.07334502087906, 8299450.651820886880159 ], [ 3478449.532081470359117, 8299214.110557336360216 ], [ 3478151.665305147413164, 8299034.514412788674235 ], [ 3477792.473016052041203, 8298911.86338724475354 ], [ 3477516.508208576589823, 8298898.722205936908722 ], [ 3477323.770882720127702, 8298995.090868863277137 ], [ 3477179.217888328246772, 8299025.753625249490142 ], [ 3477082.849225400481373, 8298990.710475094616413 ], [ 3477034.664893936365843, 8298793.592755468562245 ], [ 3477034.664893936365843, 8298434.400466374121606 ], [ 3477095.990406708791852, 8298070.827783510088921 ], [ 3477218.64143225364387, 8297702.874706875532866 ], [ 3477279.96694502606988, 8297387.486355475150049 ], [ 3477279.96694502606988, 8297124.662729308009148 ], [ 3477249.304188639856875, 8296861.839103139936924 ], [ 3477187.978675867896527, 8296599.015476972796023 ], [ 3477157.315919481683522, 8296353.713425883091986 ], [ 3477157.315919481683522, 8296125.932949871756136 ], [ 3477437.661120726726949, 8295915.674048937857151 ], [ 3477998.351523216813803, 8295722.936723082326353 ], [ 3478313.739874617662281, 8295429.450340528972447 ], [ 3478383.826174928341061, 8295035.214901277795434 ], [ 3478484.575231625698507, 8294706.6853685695678 ], [ 3478615.98704471020028, 8294443.861742400564253 ], [ 3478909.473427263554186, 8294211.700872619636357 ], [ 3479365.034379286691546, 8294010.202759224921465 ], [ 3479610.336430375929922, 8293760.520314366556704 ], [ 3479645.379580531269312, 8293462.653538043610752 ], [ 3479711.085487073287368, 8293134.124005334451795 ], [ 3479807.454150001518428, 8292774.931716239079833 ], [ 3479952.007144393399358, 8292314.990370446816087 ], [ 3480144.744470248930156, 8291754.299967955797911 ], [ 3480192.928801713045686, 8291180.46838415786624 ], [ 3480096.560138785280287, 8290593.495619051158428 ], [ 3479995.811082087922841, 8290102.891516871750355 ], [ 3479890.681631620507687, 8289708.656077621504664 ], [ 3479824.975725078955293, 8289296.899063292890787 ], [ 3479798.693362462334335, 8288867.620473885908723 ], [ 3479732.987455920316279, 8288438.341884479857981 ], [ 3479627.858005453832448, 8288009.06329507380724 ], [ 3479365.034379286691546, 8287702.435731211677194 ], [ 3478944.516577418427914, 8287518.459192894399166 ], [ 3478519.618381781503558, 8287457.133680121973157 ], [ 3478090.339792375452816, 8287518.459192894399166 ], [ 3477643.539627891033888, 8287614.827855821698904 ], [ 3477179.217888328712434, 8287746.239668906666338 ], [ 3476701.7549674580805, 8287974.020144918002188 ], [ 3476211.15086527960375, 8288298.169283857569098 ], [ 3475869.480151262134314, 8288359.494796629995108 ], [ 3475676.742825405672193, 8288157.996683235280216 ], [ 3475711.785975561477244, 8287860.129906912334263 ], [ 3475974.609601729083806, 8287465.89446766115725 ], [ 3476088.499839734751731, 8287172.408085107803345 ], [ 3476053.456689579412341, 8286979.670759252272546 ], [ 3476040.315508271101862, 8286559.152957384474576 ], [ 3476049.076295809354633, 8285910.854679504409432 ], [ 3476149.825352506712079, 8285665.552628415636718 ], [ 3476342.5626783631742, 8285823.246804115362465 ], [ 3476552.821579297073185, 8286151.776336824521422 ], [ 3476780.602055308409035, 8286651.141226543113589 ], [ 3476995.241350011900067, 8286931.486427787691355 ], [ 3477196.739463406614959, 8286992.811940560117364 ], [ 3477674.202384276781231, 8287036.615878255106509 ], [ 3478427.630112623330206, 8287062.898240870796144 ], [ 3478870.049883338157088, 8286913.964852709323168 ], [ 3479001.461696421261877, 8286589.81571377068758 ], [ 3479080.308784271590412, 8286164.917518133297563 ], [ 3479106.591146888677031, 8285639.27026579901576 ], [ 3479119.73232819698751, 8285161.807344928383827 ], [ 3479119.73232819698751, 8284732.528755522333086 ], [ 3479036.504846577532589, 8284368.9560726583004 ], [ 3478870.049883338157088, 8284071.089296333491802 ], [ 3478672.932163712568581, 8283860.830395400524139 ], [ 3478445.151687701232731, 8283738.179369855672121 ], [ 3478037.775067141745239, 8283786.36370131932199 ], [ 3477450.802302035037428, 8284005.383389791473746 ], [ 3477091.610012940131128, 8283983.481420944444835 ], [ 3476960.198199856095016, 8283720.657794778235257 ], [ 3476894.49229331407696, 8283378.987080760300159 ], [ 3476894.49229331407696, 8282958.469278892502189 ], [ 3476995.241350011900067, 8282629.939746183343232 ], [ 3477196.739463406614959, 8282393.398482632823288 ], [ 3477328.15127649018541, 8282143.716037774458528 ], [ 3477389.476789262611419, 8281880.892411606386304 ], [ 3477402.617970570921898, 8281653.111935595050454 ], [ 3477367.574820415582508, 8281460.374609739519656 ], [ 3477343.401609620079398, 8281193.916054108180106 ], [ 3477330.09833818487823, 8280853.736268701963127 ], [ 3477264.392431642860174, 8280507.685160915367305 ], [ 3477146.283889994490892, 8280155.762730747461319 ], [ 3477091.610012939665467, 8279752.021039651706815 ], [ 3477100.370800478383899, 8279296.460087629966438 ], [ 3477135.41395063418895, 8278871.56189199257642 ], [ 3477196.739463406614959, 8278477.326452741399407 ], [ 3477341.292457798495889, 8278065.56943841278553 ], [ 3477569.0729338102974, 8277636.290849006734788 ], [ 3477713.625928202178329, 8277207.012259600684047 ], [ 3477774.951440974604338, 8276777.733670193701982 ], [ 3477780.292233075015247, 8276273.978777844458818 ], [ 3477729.648304502014071, 8275695.747582553885877 ], [ 3477672.703185499180108, 8275266.46899314597249 ], [ 3477609.456876065582037, 8274986.143009621649981 ], [ 3477577.833721348550171, 8274762.752536240033805 ], [ 3477577.833721348550171, 8274596.297573000192642 ], [ 3477709.245534432120621, 8274513.070091380737722 ], [ 3477972.069160599261522, 8274513.070091380737722 ], [ 3478103.480973682831973, 8274447.364184838719666 ], [ 3478103.480973682831973, 8274315.952371755614877 ], [ 3478090.339792374521494, 8274101.313077052123845 ], [ 3478064.057429757900536, 8273803.446300730109215 ], [ 3478094.720186144113541, 8273444.254011634737253 ], [ 3478182.328061533160508, 8273023.736209766939282 ], [ 3478226.131999227683991, 8272664.543920671567321 ], [ 3478226.131999227683991, 8272366.677144348621368 ], [ 3478195.469242841470987, 8271876.073042170144618 ], [ 3478134.143730069044977, 8271192.731614134274423 ], [ 3478654.965586446691304, 8270917.533945544622838 ], [ 3353610.600771904457361, 8270917.533945544622838 ], [ 3353399.116471180692315, 8271305.70365337561816 ], [ 3353233.458704460412264, 8271721.584415158256888 ], [ 3353075.764528760220855, 8272199.777401657775044 ], [ 3352926.033944079186767, 8272740.282612873241305 ], [ 3352784.266950417775661, 8273343.100048806518316 ], [ 3352680.861967684701085, 8273982.109926586039364 ], [ 3352615.81899587996304, 8274657.312246212735772 ], [ 3352589.138035003561527, 8275368.707007685676217 ], [ 3352600.819085055496544, 8276116.294211006723344 ], [ 3352641.702760237269104, 8276817.157214120030403 ], [ 3352711.789060547947884, 8277471.296017023734748 ], [ 3352811.077985988929868, 8278078.71061972156167 ], [ 3352939.569536559283733, 8278639.401022212579846 ], [ 3353083.199520383961499, 8279177.728065142408013 ], [ 3353241.967937462497503, 8279693.691748514771461 ], [ 3353415.874787794426084, 8280187.292072325944901 ], [ 3353604.920071379747242, 8280658.529036577790976 ], [ 3353854.216626360081136, 8281069.363269481807947 ], [ 3354163.764452734496444, 8281419.794771037995815 ], [ 3354533.563550503924489, 8281709.82354124635458 ], [ 3354963.613919667899609, 8281939.449580106884241 ], [ 3355350.397471826057881, 8282167.154096999205649 ], [ 3355693.914206978864968, 8282392.937091920524836 ], [ 3355994.164125125855207, 8282616.798564875498414 ], [ 3356251.1472262670286, 8282838.738515862263739 ], [ 3356487.688489817548543, 8283104.482404542155564 ], [ 3356703.787915777415037, 8283414.030230917036533 ], [ 3356899.445504146162421, 8283767.381994985975325 ], [ 3357074.661254924256355, 8284164.537696749903262 ], [ 3357171.029917852021754, 8284550.012348461896181 ], [ 3357188.551492929924279, 8284923.805950121954083 ], [ 3357127.22598015749827, 8285285.918501730076969 ], [ 3356987.053379535209388, 8285636.350003286264837 ], [ 3356829.359203835017979, 8285998.462554894387722 ], [ 3356654.143453056924045, 8286372.256156554445624 ], [ 3356461.406127200927585, 8286757.730808266438544 ], [ 3356251.147226266562939, 8287154.88651003036648 ], [ 3356037.96806281991303, 8287452.753286353312433 ], [ 3355821.868636860512197, 8287651.331137235276401 ], [ 3355602.848948387894779, 8287750.620062676258385 ], [ 3355380.908997402526438, 8287750.620062676258385 ], [ 3355173.570358981378376, 8287870.35082570835948 ], [ 3354980.833033125381917, 8288109.812351771630347 ], [ 3354802.697019834071398, 8288469.004640867002308 ], [ 3354639.162319107912481, 8288947.927692993544042 ], [ 3354525.272081101778895, 8289327.561819679103792 ], [ 3354461.026305816136301, 8289607.90702092461288 ], [ 3354446.42499325145036, 8289788.963296729139984 ], [ 3354481.468143407721072, 8289870.730647091753781 ], [ 3354574.916543822735548, 8289999.222197663038969 ], [ 3354726.770194496959448, 8290174.437948441132903 ], [ 3354937.029095430858433, 8290396.377899426035583 ], [ 3355205.693246623966843, 8290665.042050619609654 ], [ 3355483.118185356259346, 8290898.663051656447351 ], [ 3355628.930627151858062, 8290999.839031677693129 ], [ 3355829.229430750012398, 8290888.735789056867361 ], [ 3355995.6843939893879, 8290888.735789056867361 ], [ 3356177.470735421869904, 8290888.735789056867361 ], [ 3356374.58845504745841, 8290888.735789056867361 ], [ 3356587.037552865687758, 8290888.735789056867361 ], [ 3356814.818028877023607, 8290888.735789056867361 ], [ 3357084.212245698552579, 8290939.110317406244576 ], [ 3357395.220203329343349, 8291039.859374103136361 ], [ 3357747.841901770792902, 8291190.98295914940536 ], [ 3358142.077341021969914, 8291392.481072544120252 ], [ 3358494.699039463419467, 8291550.175248243845999 ], [ 3358805.706997094675899, 8291664.065486249513924 ], [ 3359075.101213915739208, 8291734.151786561124027 ], [ 3359302.881689927075058, 8291760.434149178676307 ], [ 3359605.128860019613057, 8291788.906708681024611 ], [ 3359981.842724192421883, 8291819.569465067237616 ], [ 3360433.023282445967197, 8291852.422418338246644 ], [ 3360958.670534781180322, 8291887.465568491257727 ], [ 3361427.372668112628162, 8291979.453837649896741 ], [ 3361839.129682441242039, 8292128.387225811369717 ], [ 3362193.941577767021954, 8292334.265732976607978 ], [ 3362491.808354089502245, 8292597.089359144680202 ], [ 3362796.245721066836268, 8292877.43456039018929 ], [ 3363107.253678697627038, 8293175.30133671220392 ], [ 3363424.832226982805878, 8293490.689688112586737 ], [ 3363748.981365923304111, 8293823.59961459133774 ], [ 3364047.741518851835281, 8294188.844324571080506 ], [ 3364321.112685768399388, 8294586.42381805088371 ], [ 3364569.094866674859077, 8295016.338095032609999 ], [ 3364791.688061570283026, 8295478.587155516259372 ], [ 3364828.893279141746461, 8295585.635674393735826 ], [ 3364837.509217632003129, 8295570.281630161218345 ], [ 3365047.768118565902114, 8295501.290428292006254 ], [ 3365297.450563424732536, 8295667.745391530916095 ], [ 3365529.611433205660433, 8295767.399349785409868 ], [ 3365744.250727908685803, 8295800.252303056418896 ], [ 3365941.36844753427431, 8295766.304251343943179 ], [ 3366120.964592081960291, 8295665.555194647051394 ], [ 3366354.22056030575186, 8295533.04828312061727 ], [ 3366641.136352205183357, 8295368.783516767434776 ], [ 3366981.71196777978912, 8295172.76089558377862 ], [ 3367375.947407030966133, 8294944.980419571511447 ], [ 3367700.096545970533043, 8294736.911715522408485 ], [ 3367954.159384598489851, 8294548.554783436469734 ], [ 3368138.135922915302217, 8294379.90962331276387 ], [ 3368252.026160921901464, 8294230.976235150359571 ], [ 3368423.956616373267025, 8294062.331075026653707 ], [ 3368653.927289269398898, 8293873.974142940714955 ], [ 3368941.938179610762745, 8293665.905438891611993 ], [ 3369287.989287397358567, 8293438.124962879344821 ], [ 3369683.319825090933591, 8293267.289605870842934 ], [ 3370127.929792689625174, 8293153.399367865175009 ], [ 3370621.819190195761621, 8293096.454248862341046 ], [ 3371164.988017608877271, 8293096.454248862341046 ], [ 3371624.929363401141018, 8293042.794425186701119 ], [ 3372001.643227574415505, 8292935.474777835421264 ], [ 3372295.129610127769411, 8292774.495306807570159 ], [ 3372505.388511061202735, 8292559.85601210501045 ], [ 3372774.782727882731706, 8292307.983370360918343 ], [ 3373103.312260591425002, 8292018.877381576225162 ], [ 3373490.977109188213944, 8291692.538045751862228 ], [ 3373937.777273672632873, 8291328.965362887829542 ], [ 3374374.721552175935358, 8290999.340731736272573 ], [ 3374801.809944697655737, 8290703.664152298122644 ], [ 3375219.042451238259673, 8290441.935624573379755 ], [ 3375626.419071797747165, 8290214.155148561112583 ], [ 3376002.037837528157979, 8290070.697252611629665 ], [ 3376345.898748430423439, 8290011.561936723999679 ], [ 3376658.001804504077882, 8290036.749200898222625 ], [ 3376938.347005748655647, 8290146.259045135229826 ], [ 3377149.701005124952644, 8290331.330681894905865 ], [ 3377292.063802632503211, 8290591.96411117631942 ], [ 3377365.435398270841688, 8290928.159332982264459 ], [ 3377369.815792039968073, 8291339.916347310878336 ], [ 3377352.294216962065548, 8291730.866491234861314 ], [ 3377312.870673037134111, 8292101.00976475328207 ], [ 3377251.545160264708102, 8292450.346167867071927 ], [ 3377168.317678645253181, 8292778.875700577162206 ], [ 3377089.470590794924647, 8293156.684663192369044 ], [ 3377015.003896714188159, 8293583.773055714555085 ], [ 3376944.917596403043717, 8294060.140878142789006 ], [ 3376879.211689861025661, 8294585.788130477070808 ], [ 3376841.978342820424587, 8295090.628512406721711 ], [ 3376833.217555282171816, 8295574.662023931741714 ], [ 3376852.929327244404703, 8296037.888665051199496 ], [ 3376901.113658708520234, 8296480.308435765095055 ], [ 3376949.297990172635764, 8296841.69092174526304 ], [ 3376997.482321636285633, 8297122.036122989840806 ], [ 3377045.666653100401163, 8297321.344039500690997 ], [ 3377093.850984564516693, 8297439.614671275950968 ], [ 3377137.654922259040177, 8297556.790204607881606 ], [ 3377177.078466183971614, 8297672.870639500208199 ], [ 3377212.121616339776665, 8297787.855975947342813 ], [ 3377242.78437272598967, 8297901.746213953010738 ], [ 3377244.602972495369613, 8298008.536720965057611 ], [ 3377332.417278577107936, 8298199.613876177929342 ], [ 3377340.553029303904623, 8298403.007644356228411 ], [ 3377333.982438649982214, 8298764.390130336396396 ], [ 3377307.700076033361256, 8299158.625569587573409 ], [ 3377279.227516531944275, 8299520.008055566810071 ], [ 3377248.564760144799948, 8299848.537588275969028 ], [ 3377215.711806874256581, 8300144.214167714118958 ], [ 3377180.668656718917191, 8300407.037793882191181 ], [ 3377112.772553292103112, 8300711.475160859525204 ], [ 3377012.023496595211327, 8301057.526268646121025 ], [ 3376878.421486626844853, 8301445.191117241978645 ], [ 3376711.966523387469351, 8301874.469706648029387 ], [ 3376538.940969494171441, 8302213.950223781168461 ], [ 3376359.34482494648546, 8302463.632668640464544 ], [ 3376173.178089744411409, 8302623.517041224986315 ], [ 3375980.44076388888061, 8302693.603341536596417 ], [ 3375787.703438032884151, 8302794.352398234419525 ], [ 3375594.966112176887691, 8302925.764211317524314 ], [ 3375402.22878632042557, 8303087.83878078777343 ], [ 3375209.49146046442911, 8303280.576106644235551 ], [ 3375113.122797536663711, 8303514.927173309959471 ], [ 3375113.122797536663711, 8303790.891980785876513 ], [ 3375209.49146046442911, 8304108.470529071055353 ], [ 3375402.22878632042557, 8304467.662818165495992 ], [ 3375546.781780712772161, 8304802.762941529043019 ], [ 3375643.15044364053756, 8305113.770899159833789 ], [ 3375691.33477510465309, 8305400.686691058799624 ], [ 3375691.33477510465309, 8305663.510317226871848 ], [ 3375765.801469185389578, 8305952.616306010633707 ], [ 3375914.734857346862555, 8306268.004657411016524 ], [ 3376138.134939588606358, 8306609.675371428951621 ], [ 3376436.00171591155231, 8306977.628448062576354 ], [ 3376742.355505162850022, 8307313.002346036024392 ], [ 3377057.196307342499495, 8307615.797065350227058 ], [ 3377380.524122450035065, 8307886.012606003321707 ], [ 3377712.338950485922396, 8308123.64896799530834 ], [ 3378330.77791168121621, 8308201.526466812938452 ], [ 3378210.061192540451884, 8308480.103510984219611 ], [ 3378069.888591918163002, 8308830.535012540407479 ], [ 3378017.323866684455425, 8309180.966514096595347 ], [ 3378052.367016839794815, 8309531.398015652783215 ], [ 3378204.220667514484376, 8309794.221641819924116 ], [ 3378472.884818707127124, 8309969.43739259801805 ], [ 3378718.186869796831161, 8310144.653143376111984 ], [ 3378940.126820782665163, 8310319.868894154205918 ], [ 3379051.096796275582165, 8310606.054620425216854 ], [ 3379051.096796275582165, 8311003.21032218914479 ], [ 3378986.85102098993957, 8311377.003923849202693 ], [ 3378858.359470419585705, 8311727.435425405390561 ], [ 3378852.038432126864791, 8311780.635556572116911 ], [ 3378843.952954390086234, 8311848.685844553634524 ], [ 3378827.781998916063458, 8311984.786420518532395 ], [ 3378823.550047487020493, 8312075.459068467840552 ], [ 3378870.862173269037157, 8312353.207773128524423 ], [ 3378892.713810687884688, 8312423.283713816665113 ], [ 3378903.313411896117032, 8312449.700297605246305 ], [ 3379056.377711736597121, 8312705.523172065615654 ], [ 3379176.591629844624549, 8312863.947860631160438 ], [ 3379263.955166219267994, 8312924.974363301880658 ], [ 3379384.145591934677213, 8312979.926755020394921 ], [ 3379537.162906991317868, 8313028.805035787634552 ], [ 3379659.336536752525717, 8313032.586212541908026 ], [ 3379750.666481218766421, 8312991.270285284146667 ], [ 3379827.277783276513219, 8312943.578978557139635 ], [ 3379889.170442926231772, 8312889.512292360886931 ], [ 3379968.256886544637382, 8312886.842298137024045 ], [ 3380064.537114131264389, 8312935.568995882757008 ], [ 3380174.673835335299373, 8312938.731977429240942 ], [ 3380298.667050155811012, 8312896.331242776475847 ], [ 3380375.608299204614013, 8312829.727481694892049 ], [ 3380405.497582482174039, 8312738.920694184489548 ], [ 3380473.622327860444784, 8312697.378800828009844 ], [ 3380579.982535338960588, 8312705.101801626384258 ], [ 3380676.599504386074841, 8312730.053177298046649 ], [ 3380763.473235000856221, 8312772.23292784485966 ], [ 3380891.306972253601998, 8312797.459395298734307 ], [ 3381060.100716142915189, 8312805.732579658739269 ], [ 3381221.263508939184248, 8312870.483410592190921 ], [ 3381374.795350641012192, 8312991.711888099089265 ], [ 3381499.342379927635193, 8313061.793327353894711 ], [ 3381594.904596799518913, 8313080.727728356607258 ], [ 3381634.484241751022637, 8313143.731457275338471 ], [ 3381618.081314782612026, 8313250.804514108225703 ], [ 3381673.679834459442645, 8313299.312987755984068 ], [ 3381801.279800781048834, 8313289.256878219544888 ], [ 3381904.884850862435997, 8313341.155564311891794 ], [ 3381984.494984703604132, 8313455.00904603395611 ], [ 3382082.403259843587875, 8313492.46673228405416 ], [ 3382198.609676282387227, 8313453.528623062185943 ], [ 3382264.02379205962643, 8313457.20900709554553 ], [ 3382278.645607175305486, 8313503.507884383201599 ], [ 3382243.321149758994579, 8313567.461114998906851 ], [ 3382158.050419811625034, 8313649.068698939867318 ], [ 3382143.27832338353619, 8313716.675741539336741 ], [ 3382199.004860474728048, 8313770.282242797315121 ], [ 3382320.590791305992752, 8313796.078714055940509 ], [ 3382508.036115878261626, 8313794.065155316144228 ], [ 3382627.423486766405404, 8313809.348463587462902 ], [ 3382678.752903971355408, 8313841.928638871759176 ], [ 3382737.704923308454454, 8313917.730206091888249 ], [ 3382804.279544777236879, 8314036.753165250644088 ], [ 3382882.080736893229187, 8314128.054033862426877 ], [ 3382971.108499655500054, 8314191.632811930030584 ], [ 3383038.768486159853637, 8314234.844067184254527 ], [ 3383085.060696405358613, 8314257.687799625098705 ], [ 3383141.552554995752871, 8314314.027554532513022 ], [ 3383208.24406193010509, 8314403.863331904634833 ], [ 3383297.923714549280703, 8314517.405277047306299 ], [ 3383410.591512852348387, 8314654.653389958664775 ], [ 3383475.000970225315541, 8314751.34279393684119 ], [ 3383491.152086667716503, 8314807.473488982766867 ], [ 3383562.2678725249134, 8314892.185891816392541 ], [ 3383688.348327797371894, 8315005.480002439580858 ], [ 3383794.21316354162991, 8315203.270788883790374 ], [ 3383879.862379758618772, 8315485.558251149952412 ], [ 3383966.900306622497737, 8315622.464762086048722 ], [ 3384055.326944134198129, 8315613.990321692079306 ], [ 3384165.338430910371244, 8315606.071680405177176 ], [ 3384296.934766951948404, 8315598.708838223479688 ], [ 3384377.054187463130802, 8315627.769760463386774 ], [ 3384405.696692443918437, 8315693.254447125829756 ], [ 3384444.744786826893687, 8315746.550473732873797 ], [ 3384494.198470612056553, 8315787.657840287312865 ], [ 3384538.564853667747229, 8315826.905393281020224 ], [ 3384577.843935993965715, 8315864.293132715858519 ], [ 3384577.376394133083522, 8315923.501124653965235 ], [ 3384537.162228084169328, 8316004.529369095340371 ], [ 3384493.705881865695119, 8316076.142342172563076 ], [ 3384447.007355477660894, 8316138.340043885633349 ], [ 3384422.915034682955593, 8316194.71019200887531 ], [ 3384421.42891948018223, 8316245.252786541357636 ], [ 3384415.46497776126489, 8316278.443448634818196 ], [ 3384405.023209524806589, 8316294.282178290188313 ], [ 3384368.218202881049365, 8316312.99372729845345 ], [ 3384305.049957830924541, 8316334.578095661476254 ], [ 3384242.916984044481069, 8316373.393930481746793 ], [ 3384181.81928152218461, 8316429.441231759265065 ], [ 3384149.614552835933864, 8316496.320057787001133 ], [ 3384146.302797984797508, 8316574.030408564954996 ], [ 3384159.188029044307768, 8316628.972746242769063 ], [ 3384188.270246013533324, 8316661.147070820443332 ], [ 3384221.738450920209289, 8316710.493220278061926 ], [ 3384259.592643764801323, 8316777.011194615624845 ], [ 3384289.96060085343197, 8316857.454610403627157 ], [ 3384312.842322186101228, 8316951.823467643931508 ], [ 3384351.247546509839594, 8317020.913592754863203 ], [ 3384405.176273824647069, 8317064.724985734559596 ], [ 3384438.732394664082676, 8317098.135102252475917 ], [ 3384451.915909027680755, 8317121.143942307680845 ], [ 3384498.670095161069185, 8317096.233112731948495 ], [ 3384578.994953063316643, 8317023.402613525278866 ], [ 3384650.268396703992039, 8316995.606494982726872 ], [ 3384712.490426083561033, 8317012.844757104292512 ], [ 3384757.880948454141617, 8317060.663278669118881 ], [ 3384786.439963816665113, 8317139.062059679068625 ], [ 3384861.552790229208767, 8317201.152913771569729 ], [ 3384983.219427692703903, 8317246.935840949416161 ], [ 3385087.745646560564637, 8317273.129775198176503 ], [ 3385175.131446832790971, 8317279.734716521576047 ], [ 3385249.459209240041673, 8317282.406863254494965 ], [ 3385310.728933780454099, 8317281.146215398795903 ], [ 3385365.28354341071099, 8317239.19996421225369 ], [ 3385413.12303813174367, 8317156.568109694868326 ], [ 3385451.227961426135153, 8317091.150141559541225 ], [ 3385479.598313294351101, 8317042.946059804409742 ], [ 3385541.372571542859077, 8317027.099926355294883 ], [ 3385636.55073617072776, 8317043.611741211265326 ], [ 3385727.367959747090936, 8317075.562307765707374 ], [ 3385813.824242272414267, 8317122.951626017689705 ], [ 3385934.049292328767478, 8317168.084571828134358 ], [ 3386088.043109918013215, 8317210.96114519611001 ], [ 3386204.280139217153192, 8317261.571312533691525 ], [ 3386282.760380225256085, 8317319.915073839947581 ], [ 3386360.439120900817215, 8317362.131887847557664 ], [ 3386437.316361243836582, 8317388.221754557453096 ], [ 3386489.639304903801531, 8317415.032770176418126 ], [ 3386517.407951882109046, 8317442.564934704452753 ], [ 3386575.383142686914653, 8317471.577857102267444 ], [ 3386663.564877319149673, 8317502.071537369862199 ], [ 3386727.417737238109112, 8317538.355920834466815 ], [ 3386766.94172244425863, 8317580.43100749514997 ], [ 3386828.323289667721838, 8317609.372828367166221 ], [ 3386911.562438908033073, 8317625.181383450515568 ], [ 3386975.701946516055614, 8317649.973186166025698 ], [ 3387020.741812490858138, 8317683.748236514627934 ], [ 3387043.348018083721399, 8317734.686501706950366 ], [ 3387043.520563294179738, 8317802.787981742992997 ], [ 3387019.820643704384565, 8317856.682677080854774 ], [ 3386972.248259313870221, 8317896.370587721467018 ], [ 3386946.188366519287229, 8317942.350540800951421 ], [ 3386941.640965320169926, 8317994.62253631837666 ], [ 3386985.6316450946033, 8318028.712802207097411 ], [ 3387078.160405842121691, 8318044.621338466182351 ], [ 3387168.08985647931695, 8318061.339102884754539 ], [ 3387255.419997006654739, 8318078.866095462813973 ], [ 3387338.205519322305918, 8318090.717743247747421 ], [ 3387416.446423426736146, 8318096.894046240486205 ], [ 3387550.405515660066158, 8318066.233000291511416 ], [ 3387740.082796021830291, 8317998.734605402685702 ], [ 3387926.38431282620877, 8317950.783515962772071 ], [ 3388109.310066072735935, 8317922.379731971770525 ], [ 3388284.173505198210478, 8317886.522917058318853 ], [ 3388450.974630202632397, 8317843.213071224279702 ], [ 3388572.02901046583429, 8317779.515074865892529 ], [ 3388647.336645987350494, 8317695.428927982226014 ], [ 3388760.718330347444862, 8317606.241283271461725 ], [ 3388912.174063546583056, 8317511.952140733599663 ], [ 3389012.578678267542273, 8317494.536306150257587 ], [ 3389061.932174510788172, 8317553.993779521435499 ], [ 3389094.98849730193615, 8317645.245621755719185 ], [ 3389111.747646640520543, 8317768.291832851245999 ], [ 3389137.690653969999403, 8317846.229519158601761 ], [ 3389172.817519289907068, 8317879.058680678717792 ], [ 3389207.710613679140806, 8317889.159520465880632 ], [ 3389242.369937137700617, 8317876.532038521021605 ], [ 3389276.689736149273813, 8317828.89602845069021 ], [ 3389310.670010714326054, 8317746.251490254886448 ], [ 3389371.506112432572991, 8317695.979028573259711 ], [ 3389459.198041304945946, 8317678.078643404878676 ], [ 3389525.769879786297679, 8317626.200054593384266 ], [ 3389571.221627877093852, 8317540.343262136913836 ], [ 3389617.249454332981259, 8317490.066663643345237 ], [ 3389663.853359153494239, 8317475.370259113609791 ], [ 3389705.751232501119375, 8317531.151497744955122 ], [ 3389742.943074374925345, 8317657.410379537381232 ], [ 3389793.217739404179156, 8317747.40172400791198 ], [ 3389856.57522758981213, 8317801.125531156547368 ], [ 3389930.151845029555261, 8317823.396663714200258 ], [ 3390013.947591723874211, 8317814.215121679008007 ], [ 3390086.605823365040123, 8317840.38383515086025 ], [ 3390148.126539951656014, 8317901.902804128825665 ], [ 3390163.163020170293748, 8317968.244406802579761 ], [ 3390131.715264021418989, 8318039.408643172122538 ], [ 3390098.313850808888674, 8318097.951059252023697 ], [ 3390062.958780532237142, 8318143.87165504321456 ], [ 3390066.629540741443634, 8318224.104579323902726 ], [ 3390109.326131435111165, 8318338.649832094088197 ], [ 3390165.798509114887565, 8318390.186308074742556 ], [ 3390236.046673780307174, 8318378.714007266797125 ], [ 3390339.810354135930538, 8318355.417199997231364 ], [ 3390477.089550182688981, 8318320.295886264182627 ], [ 3390547.451817325782031, 8318330.623171796090901 ], [ 3390550.897155565209687, 8318386.399056592024863 ], [ 3390506.477895751595497, 8318454.462670428678393 ], [ 3390414.194037883542478, 8318534.814013306051493 ], [ 3390431.640585077926517, 8318582.911518605425954 ], [ 3390558.817537334747612, 8318598.755186328664422 ], [ 3390662.926308112218976, 8318639.041835265234113 ], [ 3390743.966897409874946, 8318703.771465416997671 ], [ 3390842.565353393089026, 8318750.945340491831303 ], [ 3390958.721676060929894, 8318780.563460488803685 ], [ 3390984.661900402978063, 8318894.084268140606582 ], [ 3390920.386026419699192, 8319091.507763447239995 ], [ 3390941.506116810254753, 8319203.306232886388898 ], [ 3391048.022171575576067, 8319229.479676457121968 ], [ 3391133.420918937772512, 8319309.598073288798332 ], [ 3391197.702358895912766, 8319443.661423380486667 ], [ 3391284.36458247853443, 8319551.673085113987327 ], [ 3391393.407589685171843, 8319633.633058490231633 ], [ 3391499.380961933173239, 8319726.413312967866659 ], [ 3391602.28469922253862, 8319830.013848545961082 ], [ 3391711.166293167509139, 8319879.242789031006396 ], [ 3391826.025743767619133, 8319874.100134423933923 ], [ 3391906.217521947808564, 8319846.90040800627321 ], [ 3391951.741627708077431, 8319797.643609778024256 ], [ 3391995.515234475024045, 8319813.40199307911098 ], [ 3392037.538342249579728, 8319894.175557907670736 ], [ 3392095.666597355157137, 8319944.253096989355981 ], [ 3392169.899999789893627, 8319963.634610325098038 ], [ 3392278.336315771564841, 8319956.630867823958397 ], [ 3392420.975545300170779, 8319923.241869485937059 ], [ 3392552.906433260068297, 8319842.596878392621875 ], [ 3392674.128979653120041, 8319714.695894544944167 ], [ 3392784.552348545286804, 8319604.742819209583104 ], [ 3392884.176539937034249, 8319512.737652387470007 ], [ 3392997.254285238217562, 8319475.720472929999232 ], [ 3393123.785584448371083, 8319493.691280838102102 ], [ 3393222.887761127203703, 8319540.14937352668494 ], [ 3393294.560815274249762, 8319615.094750996679068 ], [ 3393339.035734833218157, 8319696.571014580316842 ], [ 3393356.312519804574549, 8319784.578164277598262 ], [ 3393435.101672401186079, 8319847.37387534789741 ], [ 3393575.403192621655762, 8319884.95814779214561 ], [ 3393648.590191843919456, 8319982.65952031314373 ], [ 3393654.662670067045838, 8320140.477992912754416 ], [ 3393748.159910384099931, 8320271.797025993466377 ], [ 3393929.081912796013057, 8320376.616619555279613 ], [ 3394014.525187954306602, 8320490.771447147242725 ], [ 3394004.489735859446228, 8320614.261508768424392 ], [ 3394097.405331837479025, 8320715.462105450220406 ], [ 3394293.271975887939334, 8320794.373237191699445 ], [ 3394555.390414884313941, 8320873.114497978240252 ], [ 3394883.760648826602846, 8320951.68588781170547 ], [ 3395199.245651709381491, 8321067.964935977011919 ], [ 3395501.845423532184213, 8321221.951642476022243 ], [ 3395732.042998543940485, 8321319.806060352362692 ], [ 3395889.838376743718982, 8321361.528189606033266 ], [ 3396012.921554726548493, 8321361.792531085200608 ], [ 3396101.292532492429018, 8321320.599084789864719 ], [ 3396189.63011441193521, 8321229.30337774194777 ], [ 3396277.934300483204424, 8321087.905409942381084 ], [ 3396382.018024374730885, 8320975.591222358867526 ], [ 3396501.881286086514592, 8320892.360814990475774 ], [ 3396663.948549745604396, 8320820.981706093065441 ], [ 3396868.219815351068974, 8320761.453895667567849 ], [ 3397052.550977168604732, 8320677.152526387944818 ], [ 3397216.942035197280347, 8320568.077598253265023 ], [ 3397369.171438856981695, 8320448.586264353245497 ], [ 3397509.239188147708774, 8320318.678524686023593 ], [ 3397588.866019912064075, 8320218.737733127549291 ], [ 3397608.0519341500476, 8320148.763889676891267 ], [ 3397585.835346775129437, 8320061.474021730013192 ], [ 3397522.216257787309587, 8319956.868129286915064 ], [ 3397484.17838778346777, 8319866.771870994009078 ], [ 3397471.721736762672663, 8319791.18524685036391 ], [ 3397494.494921592064202, 8319697.876150233671069 ], [ 3397552.497942269779742, 8319586.844581142999232 ], [ 3397733.235252201557159, 8319397.006500313058496 ], [ 3398036.7068513892591, 8319128.361907741986215 ], [ 3398217.962812273297459, 8318903.595910552889109 ], [ 3398277.003134854137897, 8318722.708508744835854 ], [ 3398350.936899422202259, 8318575.928240852430463 ], [ 3398439.764105977024883, 8318463.255106875672936 ], [ 3398571.237990578170866, 8318356.469731672666967 ], [ 3398745.35855322657153, 8318255.572115243412554 ], [ 3399108.839045126922429, 8318222.353440352715552 ], [ 3399661.6794662787579, 8318256.813707002438605 ], [ 3400111.833223148714751, 8318377.53261206112802 ], [ 3400459.300315736792982, 8318584.510155526921153 ], [ 3400744.406229581683874, 8318773.721899682655931 ], [ 3400967.150964684318751, 8318945.16784452740103 ], [ 3401187.165589275304228, 8319151.700289444066584 ], [ 3401404.450103354640305, 8319393.319234434515238 ], [ 3401644.705394359305501, 8319574.77040843013674 ], [ 3401907.931462289299816, 8319696.053811431862414 ], [ 3402191.971492010168731, 8319961.374571830034256 ], [ 3402496.825483522377908, 8320370.732689625583589 ], [ 3402789.751591595821083, 8320691.884980520233512 ], [ 3403070.749816230498254, 8320924.831444513052702 ], [ 3403227.852230600081384, 8321119.824035597965121 ], [ 3403261.05883470363915, 8321276.862753776833415 ], [ 3403257.059681996703148, 8321436.955905073322356 ], [ 3403215.85477247973904, 8321600.103489487431943 ], [ 3403252.89355005370453, 8321794.852287957444787 ], [ 3403368.176014719065279, 8322021.202300480566919 ], [ 3403485.584681659005582, 8322203.489673748612404 ], [ 3403605.119550872594118, 8322341.714407762512565 ], [ 3403697.556473040021956, 8322507.554280651733279 ], [ 3403762.895448161289096, 8322701.009292414411902 ], [ 3403906.628391685895622, 8322787.5245669670403 ], [ 3404128.755303615238518, 8322767.100104306824505 ], [ 3404280.597872044425458, 8322699.168344967067242 ], [ 3404362.156096973922104, 8322583.729288946837187 ], [ 3404401.621639447286725, 8322464.750487864948809 ], [ 3404398.994499464519322, 8322342.231941721402109 ], [ 3404448.548370791599154, 8322256.215069006197155 ], [ 3404550.2832534275949, 8322206.699869721196592 ], [ 3404580.615031681023538, 8322157.339217698201537 ], [ 3404539.543705553747714, 8322108.133112936280668 ], [ 3404510.773183158133179, 8322064.247709198854864 ], [ 3404494.303464494645596, 8322025.683006484992802 ], [ 3404472.557201968505979, 8321998.150227497331798 ], [ 3404445.534395578317344, 8321981.649372234940529 ], [ 3404453.451994360890239, 8321953.885563101619482 ], [ 3404496.309998316690326, 8321914.858800099231303 ], [ 3404522.81632869085297, 8321863.148009637370706 ], [ 3404532.970985483378172, 8321798.753191716969013 ], [ 3404528.704665998928249, 8321730.444210818968713 ], [ 3404510.017370236571878, 8321658.221066942438483 ], [ 3404471.343819518573582, 8321601.225724618881941 ], [ 3404412.684013845399022, 8321559.458183848299086 ], [ 3404423.25101650878787, 8321485.132421879097819 ], [ 3404503.044827508740127, 8321378.248438708484173 ], [ 3404526.113008988089859, 8321304.997395845130086 ], [ 3404492.45556094776839, 8321265.379293287172914 ], [ 3404439.180835640989244, 8321243.350892527028918 ], [ 3404366.288833069615066, 8321238.912193566560745 ], [ 3404319.97714191256091, 8321213.106225099414587 ], [ 3404300.245762169361115, 8321165.932987125590444 ], [ 3404330.296458709053695, 8321110.879654796794057 ], [ 3404410.129231531638652, 8321047.946228112094104 ], [ 3404482.439589763991535, 8320962.017043786123395 ], [ 3404547.227533405646682, 8320853.092101817019284 ], [ 3404614.926481731235981, 8320793.932386738248169 ], [ 3404685.536434741690755, 8320784.537898549810052 ], [ 3404760.994351575616747, 8320804.274163659662008 ], [ 3404841.300232234410942, 8320853.141182068735361 ], [ 3404914.222847665660083, 8320873.543718211352825 ], [ 3404979.762197869364172, 8320865.481772086583078 ], [ 3405009.08653473155573, 8320837.419333355501294 ], [ 3405002.195858252234757, 8320789.356402019038796 ], [ 3404961.945513368584216, 8320747.136342324316502 ], [ 3404888.335500081069767, 8320710.759154273197055 ], [ 3404851.018423779867589, 8320667.157489968463778 ], [ 3404849.994284464977682, 8320616.331349410116673 ], [ 3404878.890041287522763, 8320597.311436824500561 ], [ 3404937.705694248899817, 8320610.097752209752798 ], [ 3405000.982475802768022, 8320605.863192236982286 ], [ 3405068.720385950058699, 8320584.607756906189024 ], [ 3405107.843620989471674, 8320568.203652530908585 ], [ 3405118.352180920075625, 8320556.650879113003612 ], [ 3405073.26778714871034, 8320525.9960379851982 ], [ 3404972.590439675375819, 8320476.239129147492349 ], [ 3404897.488745211623609, 8320450.958701565861702 ], [ 3404847.962703757919371, 8320450.154755240306258 ], [ 3404807.82089537801221, 8320415.348608531989157 ], [ 3404777.063320071436465, 8320346.540261439047754 ], [ 3404796.085038060788065, 8320284.543830893933773 ], [ 3404864.88604934560135, 8320229.35931689478457 ], [ 3404903.391461211256683, 8320180.969895614311099 ], [ 3404911.601273657754064, 8320139.375567053444684 ], [ 3404903.379937276244164, 8320083.708376629278064 ], [ 3404878.72745206579566, 8320013.968324343673885 ], [ 3404862.052164486609399, 8319932.889695345424116 ], [ 3404853.354074537754059, 8319840.472489635460079 ], [ 3404864.770317595917732, 8319740.988085841760039 ], [ 3404896.300893661566079, 8319634.436483964323997 ], [ 3404902.280830501578748, 8319536.582972036674619 ], [ 3404882.710128116421402, 8319447.427550056949258 ], [ 3404840.306939614005387, 8319357.728497456759214 ], [ 3404775.071264994796365, 8319267.485814234241843 ], [ 3404722.339094677940011, 8319206.055553968064487 ], [ 3404682.110428663436323, 8319173.437716657295823 ], [ 3404610.942652380093932, 8319104.175348034128547 ], [ 3404508.83576582884416, 8318998.268448096700013 ], [ 3404437.62015437008813, 8318910.743917983025312 ], [ 3404397.295818003825843, 8318841.601757694035769 ], [ 3404348.321226863656193, 8318758.103921584784985 ], [ 3404290.696380950510502, 8318660.250409657135606 ], [ 3404227.09159819688648, 8318552.067915914580226 ], [ 3404157.506878603249788, 8318433.5564403552562 ], [ 3404135.568560396786779, 8318352.180585612542927 ], [ 3404307.672083438374102, 8318216.062344662845135 ], [ 3404563.445928846020252, 8317964.404950087890029 ], [ 3404834.071962341666222, 8317651.637289905920625 ], [ 3405049.087570329662412, 8317379.828197730705142 ], [ 3405208.492752809077501, 8317148.977673562243581 ], [ 3405312.287509780842811, 8316959.085717396810651 ], [ 3405360.471841244958341, 8316810.152329234406352 ], [ 3405429.463043113704771, 8316698.452288113534451 ], [ 3405519.261115387547761, 8316623.985594034194946 ], [ 3405629.866058066487312, 8316586.752246992662549 ], [ 3405761.277871150057763, 8316586.752246992662549 ], [ 3405888.309290464501828, 8316636.031676899641752 ], [ 3406010.960316009353846, 8316734.590536711737514 ], [ 3406129.230947784148157, 8316882.428826430812478 ], [ 3406243.121185790281743, 8317079.546546056866646 ], [ 3406344.9653409300372, 8317255.857395277358592 ], [ 3406434.763413202948868, 8317411.361374093219638 ], [ 3406512.515402611345053, 8317546.058482503518462 ], [ 3406578.221309153363109, 8317659.948720509186387 ], [ 3406697.587039371021092, 8317790.265435149893165 ], [ 3406870.612593264319003, 8317937.008626426570117 ], [ 3407097.297970833256841, 8318100.178294338285923 ], [ 3407377.643172078765929, 8318279.774438887834549 ], [ 3407637.181502918712795, 8318435.278417702764273 ], [ 3407875.912963354028761, 8318566.690230786800385 ], [ 3408093.837553384248167, 8318674.009878138080239 ], [ 3408290.955273009836674, 8318757.23735975753516 ], [ 3408459.600433133542538, 8318876.603089975193143 ], [ 3408599.773033756297082, 8319032.107068791054189 ], [ 3408711.473074877634645, 8319223.749296204186976 ], [ 3408794.700556497089565, 8319451.529772216454148 ], [ 3408873.547644346952438, 8319643.171999629586935 ], [ 3408948.014338428154588, 8319798.675978443585336 ], [ 3409018.100638739299029, 8319918.04170866124332 ], [ 3409083.806545280851424, 8320001.269190283492208 ], [ 3409165.938928458373994, 8320080.116278133355081 ], [ 3409264.497788270935416, 8320154.582972213625908 ], [ 3409379.483124719001353, 8320224.669272524304688 ], [ 3409510.894937803037465, 8320290.375179066322744 ], [ 3409630.260668020695448, 8320360.461479377932847 ], [ 3409737.580315371509641, 8320434.928173459134996 ], [ 3409832.85387985734269, 8320513.775261308997869 ], [ 3409916.081361477263272, 8320597.002742927521467 ], [ 3410068.300044965464622, 8320716.368473144248128 ], [ 3410289.509930323343724, 8320871.872451960109174 ], [ 3410391.843598193954676, 8320939.451289233751595 ], [ 3410443.918810695409775, 8321224.129117575474083 ], [ 3410525.686161058954895, 8321574.560619131661952 ], [ 3410519.845636032521725, 8321948.354220791719854 ], [ 3410426.39723561797291, 8322345.50992255564779 ], [ 3410379.673035410232842, 8322783.549299500882626 ], [ 3410379.673035410232842, 8323262.472351628355682 ], [ 3410292.065160021185875, 8323811.481704066507518 ], [ 3410116.849409243091941, 8324430.577356815338135 ], [ 3409813.142107894644141, 8324891.978833864443004 ], [ 3409380.943255974911153, 8325195.686135213822126 ], [ 3408972.1065041590482, 8325522.75553666613996 ], [ 3408586.63185244705528, 8325873.187038222327828 ], [ 3408393.89452659105882, 8326270.342739986255765 ], [ 3408393.89452659105882, 8326714.22264195792377 ], [ 3408458.140301876235753, 8327023.770468332804739 ], [ 3408586.631852447520941, 8327198.986219110898674 ], [ 3408802.731278407387435, 8327327.477769681252539 ], [ 3409106.438579755369574, 8327409.245120044797659 ], [ 3409608.723731986247003, 8327450.128795226104558 ], [ 3410309.586735098622739, 8327450.128795226104558 ], [ 3411010.449738211464137, 8327537.736670615151525 ], [ 3411711.312741324771196, 8327712.952421393245459 ], [ 3412324.567869048099965, 8328040.021822845563293 ], [ 3412850.215121382381767, 8328518.944874972105026 ], [ 3413264.892398224212229, 8328758.406401036307216 ], [ 3413568.599699572660029, 8328758.406401036307216 ], [ 3413831.42332573980093, 8328711.682200828567147 ], [ 3414053.363276726100594, 8328618.23380041308701 ], [ 3414181.854827296920121, 8328483.901724817231297 ], [ 3414216.897977451793849, 8328308.685974039137363 ], [ 3414193.535877348389477, 8328045.862347871996462 ], [ 3414111.768526985310018, 8327695.430846315808594 ], [ 3414024.16065159579739, 8327280.753569474443793 ], [ 3413930.712251181248575, 8326801.830517346970737 ], [ 3413778.858600506559014, 8326299.545365115627646 ], [ 3413568.59969957312569, 8325773.898112781345844 ], [ 3413527.716024391818792, 8325271.612960550934076 ], [ 3413656.207574961706996, 8324792.68990842346102 ], [ 3413901.509626051411033, 8324413.055781736969948 ], [ 3414263.622177659068257, 8324132.71058049146086 ], [ 3414707.5020796302706, 8323793.960128987208009 ], [ 3415233.149331964552402, 8323396.804427223280072 ], [ 3415536.856633313465863, 8323023.01082556322217 ], [ 3415618.623983677010983, 8322672.579324007034302 ], [ 3415707.730962232686579, 8322167.745402680709958 ], [ 3415804.177568981423974, 8321508.509061587974429 ], [ 3415885.944919344969094, 8321029.586009460501373 ], [ 3415953.033013322390616, 8320730.976246301084757 ], [ 3415945.693385129328817, 8320406.455613942816854 ], [ 3415863.926034766249359, 8320056.024112386628985 ], [ 3415712.072384091559798, 8319617.98473544139415 ], [ 3415490.132433106191456, 8319092.337483106181026 ], [ 3415385.002982639241964, 8318432.358155175112188 ], [ 3415396.684032691176981, 8317638.046751648187637 ], [ 3415554.378208391368389, 8317153.283174495212734 ], [ 3416616.433469552081078, 8316223.697962642647326 ], [ 3417490.591509444173425, 8315636.576891073025763 ], [ 3418080.811199605464935, 8315420.163004680536687 ], [ 3418166.553026244044304, 8315473.037131108343601 ], [ 3418315.48641440551728, 8315537.647939207963645 ], [ 3418481.941377644892782, 8315585.832270671613514 ], [ 3418647.301242441870272, 8315638.396995905786753 ], [ 3418811.566008796915412, 8315695.342114908620715 ], [ 3418974.735676708631217, 8315756.667627681046724 ], [ 3419136.810246177949011, 8315822.373534222133458 ], [ 3419270.412256145849824, 8315913.266704937443137 ], [ 3419375.541706613264978, 8316029.347139829769731 ], [ 3419452.198597578797489, 8316170.614838894456625 ], [ 3419500.38292904291302, 8316337.069802133366466 ], [ 3419552.947654276154935, 8316511.190454469062388 ], [ 3419609.892773279454559, 8316692.976795901544392 ], [ 3419671.218286051880568, 8316882.428826429881155 ], [ 3419736.924192592967302, 8317079.546546055935323 ], [ 3419819.056575770489872, 8317260.237789046019316 ], [ 3419917.615435583051294, 8317424.502555400133133 ], [ 3420032.600772031117231, 8317572.340845119208097 ], [ 3420164.012585115619004, 8317703.752658203244209 ], [ 3420320.6116623734124, 8317838.449766614474356 ], [ 3420502.398003805428743, 8317976.432170351967216 ], [ 3420709.371609412133694, 8318117.69986941665411 ], [ 3420941.532479193527251, 8318262.252863808535039 ], [ 3421137.118646865710616, 8318428.094557942822576 ], [ 3421296.13011242961511, 8318615.224951818585396 ], [ 3421418.566875884775072, 8318823.644045436754823 ], [ 3421504.42893723025918, 8319053.351838797330856 ], [ 3421584.593314943835139, 8319254.718512424267828 ], [ 3421659.060009025037289, 8319427.744066318497062 ], [ 3421727.829019472934306, 8319572.428500478155911 ], [ 3421790.900346287991852, 8319688.771814904175699 ], [ 3421850.249924265779555, 8319829.689124399796128 ], [ 3421905.877753405366093, 8319995.1804289650172 ], [ 3421957.783833707217127, 8320185.24572859890759 ], [ 3422005.968165170401335, 8320399.885023302398622 ], [ 3422066.198579500429332, 8320617.809613332152367 ], [ 3422138.47507669730112, 8320839.019498689100146 ], [ 3422222.797656759154052, 8321063.514679374173284 ], [ 3422319.166319686919451, 8321291.295155385509133 ], [ 3422425.390868595801294, 8321511.409942300058901 ], [ 3422541.471303486265242, 8321723.85904011875391 ], [ 3422667.407624358311296, 8321928.64244884159416 ], [ 3422803.199831211473793, 8322125.760168466717005 ], [ 3422961.989105354063213, 8322286.73963949456811 ], [ 3423143.775446786545217, 8322411.580861924216151 ], [ 3423348.558855508454144, 8322500.28383575566113 ], [ 3423576.339331519789994, 8322552.848560988903046 ], [ 3423796.454118435271084, 8322599.937794010154903 ], [ 3424008.90321625303477, 8322641.551534820348024 ], [ 3424213.686624975409359, 8322677.689783418551087 ], [ 3424410.804344600997865, 8322708.352539803832769 ], [ 3424591.495587590616196, 8322756.536871267482638 ], [ 3424755.760353945195675, 8322822.242777811363339 ], [ 3424903.598643664270639, 8322905.470259429886937 ], [ 3425035.010456748306751, 8323006.219316126778722 ], [ 3425166.847415741998702, 8323104.844514329917729 ], [ 3425299.109520644880831, 8323201.345854038372636 ], [ 3425431.796771457884461, 8323295.723335252143443 ], [ 3425564.909168181009591, 8323387.976957973092794 ], [ 3425725.643832585774362, 8323466.956722604110837 ], [ 3425914.000764671713114, 8323532.66262914519757 ], [ 3426129.979964439757168, 8323585.09467759821564 ], [ 3426373.581431890837848, 8323624.252867962233722 ], [ 3426593.515879518352449, 8323661.287199831567705 ], [ 3426789.783307324163616, 8323696.197673206217587 ], [ 3426962.383715308271348, 8323728.984288087114692 ], [ 3427111.317103468813002, 8323759.647044473327696 ], [ 3427243.824014995247126, 8323766.217635127715766 ], [ 3427359.904449885711074, 8323748.696060050278902 ], [ 3427459.558408140670508, 8323707.082319240085781 ], [ 3427542.78588976059109, 8323641.376412697136402 ], [ 3427638.059454245958477, 8323568.004817058332264 ], [ 3427745.379101597703993, 8323486.96753232460469 ], [ 3427864.744831815361977, 8323398.264558493159711 ], [ 3427996.156644899398088, 8323301.895895564928651 ], [ 3428111.141981347464025, 8323201.146838868036866 ], [ 3428209.700841160025448, 8323096.017388400621712 ], [ 3428291.833224337082356, 8322986.507544164545834 ], [ 3428357.539130878634751, 8322872.617306158877909 ], [ 3428418.86464365106076, 8322754.346674383617938 ], [ 3428475.809762654360384, 8322631.695648838765919 ], [ 3428528.374487888067961, 8322504.664229524321854 ], [ 3428576.558819351252168, 8322373.252416441217065 ], [ 3428629.123544584959745, 8322241.840603357180953 ], [ 3428686.068663587793708, 8322110.428790273144841 ], [ 3428747.394176360219717, 8321979.016977189108729 ], [ 3428813.100082902237773, 8321847.60516410600394 ], [ 3428886.471678540576249, 8321708.527661926113069 ], [ 3428967.508963275700808, 8321561.784470648504794 ], [ 3429056.211937106680125, 8321407.375590275973082 ], [ 3429152.580600034911186, 8321245.301020806655288 ], [ 3429260.670499429572374, 8321111.492126054130495 ], [ 3429380.481635290663689, 8321005.948906019330025 ], [ 3429512.014007619116455, 8320928.671360701322556 ], [ 3429655.267616414930671, 8320879.659490101970732 ], [ 3429809.026803989894688, 8320842.012373493984342 ], [ 3429864.487368534319103, 8320833.138683166354895 ], [ 3429832.456306494306773, 8320985.90220981836319 ], [ 3429777.368403483182192, 8321127.971012321300805 ], [ 3429765.770950217731297, 8321338.174852759577334 ], [ 3429797.663946697954088, 8321616.513731132261455 ], [ 3429835.355669810902327, 8321842.664069810882211 ], [ 3429878.846119556576014, 8322016.625868793576956 ], [ 3429960.0282924156636, 8322164.493397929705679 ], [ 3430078.902188387699425, 8322286.266657218337059 ], [ 3430231.118762498255819, 8322422.536733089014888 ], [ 3430416.678014747332782, 8322573.303625541739166 ], [ 3430580.49204212334007, 8322703.774974779225886 ], [ 3430722.560844626277685, 8322813.950780801475048 ], [ 3430824.038560700137168, 8322950.220856672152877 ], [ 3430884.925190344452858, 8323112.58520239032805 ], [ 3430883.475508686620742, 8323318.439997853711247 ], [ 3430819.689515725709498, 8323567.785243063233793 ], [ 3430738.507342866621912, 8323773.640038526616991 ], [ 3430639.928990109823644, 8323936.004384245723486 ], [ 3430558.746817250736058, 8324056.327961875125766 ], [ 3430494.960824289824814, 8324134.61077141854912 ], [ 3430392.033426558133215, 8324215.792944277636707 ], [ 3430249.964624054729939, 8324299.874480452388525 ], [ 3430086.15059667872265, 8324337.566203566268086 ], [ 3429900.591344429645687, 8324328.868113615550101 ], [ 3429732.428272078745067, 8324362.210791754536331 ], [ 3429581.661379626952112, 8324437.594237981364131 ], [ 3429429.444805516395718, 8324518.776410840451717 ], [ 3429275.778549747075886, 8324605.75731033179909 ], [ 3429140.958155535161495, 8324736.22865956928581 ], [ 3429024.983622879721224, 8324910.190458552911878 ], [ 3428966.996356551535428, 8325013.117856284603477 ], [ 3428966.996356551535428, 8325045.010852764360607 ], [ 3429020.634577904827893, 8325143.589205521158874 ], [ 3429127.911020611412823, 8325308.852914556860924 ], [ 3429185.89828693959862, 8325461.069488666951656 ], [ 3429194.59637688845396, 8325600.238927853293717 ], [ 3429155.454972116742283, 8325730.71027709171176 ], [ 3429068.474072625394911, 8325852.483536379411817 ], [ 3428953.949221627786756, 8325978.605840642005205 ], [ 3428811.880419124383479, 8326109.07718988135457 ], [ 3428693.006523152347654, 8326243.897584092803299 ], [ 3428597.32753371167928, 8326383.06702327914536 ], [ 3428532.09185909293592, 8326561.377867237664759 ], [ 3428497.299499296117574, 8326778.830115966498852 ], [ 3428469.755547790788114, 8326970.188094848766923 ], [ 3428449.460004576016217, 8327135.451803882606328 ], [ 3428423.365734728518873, 8327309.413602866232395 ], [ 3428391.472738248296082, 8327492.073491799645126 ], [ 3428381.324966640677303, 8327622.544841037131846 ], [ 3428392.922419906128198, 8327700.827650579623878 ], [ 3428404.519873171579093, 8327799.406003337353468 ], [ 3428416.117326437495649, 8327918.279899310320616 ], [ 3428382.77464829897508, 8328037.153795283287764 ], [ 3428304.491838756017387, 8328156.027691255323589 ], [ 3428205.913485998753458, 8328221.263365874066949 ], [ 3428087.039590026717633, 8328232.860819138586521 ], [ 3427978.313465662300587, 8328287.948722150176764 ], [ 3427879.735112904570997, 8328386.527074907906353 ], [ 3427749.263763667084277, 8328457.561476159840822 ], [ 3427586.899417948909104, 8328501.051925905048847 ], [ 3427505.717245090287179, 8328603.979323636740446 ], [ 3427505.717245090287179, 8328766.343669354915619 ], [ 3427489.770746849942952, 8328891.016291960142553 ], [ 3427457.877750370185822, 8328977.997191451489925 ], [ 3427404.239529016893357, 8329130.213765562511981 ], [ 3427328.856082790531218, 8329347.666014291346073 ], [ 3427236.076456665992737, 8329543.373038147576153 ], [ 3427125.900650643277913, 8329717.334837131202221 ], [ 3427049.067522758617997, 8329863.752684609033167 ], [ 3427005.57707301247865, 8329982.626580581068993 ], [ 3426918.596173520665616, 8330118.896656451746821 ], [ 3426788.124824283644557, 8330272.562912220135331 ], [ 3426690.996153184212744, 8330442.175666228868067 ], [ 3426627.210160223767161, 8330627.73491847794503 ], [ 3426612.713343641720712, 8330795.897990828379989 ], [ 3426647.505703438073397, 8330946.664883281104267 ], [ 3426680.848381576593965, 8331081.485277493484318 ], [ 3426712.741378057748079, 8331200.359173464588821 ], [ 3426754.782146145123988, 8331342.427975967526436 ], [ 3426806.970685840118676, 8331507.691685003228486 ], [ 3426799.722277549095452, 8331655.559214139357209 ], [ 3426733.036921272054315, 8331786.030563376843929 ], [ 3426624.310796907637268, 8331859.96432794444263 ], [ 3426473.54390445491299, 8331877.360507843084633 ], [ 3426332.924783609807491, 8331859.96432794444263 ], [ 3426202.453434372320771, 8331807.775788249447942 ], [ 3426083.579538400284946, 8331803.42674327455461 ], [ 3425976.303095693700016, 8331846.917193020693958 ], [ 3425928.463600973132998, 8331951.294272410683334 ], [ 3425940.061054239049554, 8332116.557981444522738 ], [ 3425950.208825846202672, 8332274.57328218780458 ], [ 3425958.906915795523673, 8332425.340174640528858 ], [ 3426002.39736554119736, 8332576.107067093253136 ], [ 3426007.457191749475896, 8332585.851917568594217 ], [ 3425909.264046655967832, 8333218.437211920507252 ], [ 3426012.750849459320307, 8333602.816765191033483 ], [ 3426131.02148123504594, 8334001.980147432535887 ], [ 3426234.508284038398415, 8334489.846503507345915 ], [ 3426234.508284038398415, 8335051.632004440762103 ], [ 3426012.750849459320307, 8335598.633676402270794 ], [ 3425882.16036011185497, 8336074.873167202807963 ], [ 3426131.021481138654053, 8336060.089338230900466 ], [ 3426426.698060576803982, 8336030.521680287085474 ], [ 3426705.126839547883719, 8336015.737851315177977 ], [ 3426966.307818051427603, 8336015.737851315177977 ], [ 3427210.240996087435633, 8336030.521680287085474 ], [ 3427436.926373656373471, 8336060.089338230900466 ], [ 3427651.291893748566508, 8336138.93642608076334 ], [ 3427853.337556364946067, 8336267.062943836674094 ], [ 3428043.063361504580826, 8336444.468891499564052 ], [ 3428220.469309167005122, 8336671.154269069433212 ], [ 3428420.051000287756324, 8336952.047019535675645 ], [ 3428641.808434866834432, 8337287.147142898291349 ], [ 3428885.741612902842462, 8337676.454639159142971 ], [ 3429151.850534396246076, 8338119.969508316367865 ], [ 3429378.535911965649575, 8338479.709346631541848 ], [ 3429565.797745609655976, 8338755.674154108390212 ], [ 3429713.636035328730941, 8338947.863930742256343 ], [ 3429822.050781122874469, 8339056.27867653593421 ], [ 3429952.64127037441358, 8339179.477251301519573 ], [ 3430105.407503084279597, 8339317.459655039012432 ], [ 3430280.349479252006859, 8339470.22588774934411 ], [ 3430477.467198877129704, 8339637.775949431583285 ], [ 3430694.296690464951098, 8339778.222324664704502 ], [ 3430930.837954015936702, 8339891.565013447776437 ], [ 3431187.090989528689533, 8339977.804015784524381 ], [ 3431463.055797004140913, 8340036.939331672154367 ], [ 3431743.948547469917685, 8340081.290818587876856 ], [ 3432029.76924092695117, 8340110.858476531691849 ], [ 3432320.517877374310046, 8340125.642305503599346 ], [ 3432616.194456811994314, 8340125.642305503599346 ], [ 3432931.582808212377131, 8340125.642305503599346 ], [ 3433266.682931575924158, 8340125.642305503599346 ], [ 3433621.494826901704073, 8340125.642305503599346 ], [ 3433996.018494188785553, 8340125.642305503599346 ], [ 3434424.74953437410295, 8340199.561450362205505 ], [ 3434907.687947455793619, 8340347.399740082211792 ], [ 3435444.833733434788883, 8340569.157174660824239 ], [ 3436036.186892311088741, 8340864.833754098042846 ], [ 3436553.620906327385455, 8341101.375017648562789 ], [ 3436997.13577548507601, 8341278.780965312384069 ], [ 3437366.73149978229776, 8341397.051597086712718 ], [ 3437662.408079219982028, 8341456.186912974342704 ], [ 3437960.548630153294653, 8341503.00237138569355 ], [ 3438261.153152582235634, 8341537.497972320765257 ], [ 3438564.221646506339312, 8341559.673715779557824 ], [ 3438869.754111925140023, 8341569.529601758345962 ], [ 3439155.574805381707847, 8341623.736974655650556 ], [ 3439421.683726876508445, 8341722.29583446867764 ], [ 3439668.080876408144832, 8341865.206181198358536 ], [ 3439894.76625397708267, 8342052.468014842830598 ], [ 3440082.028087621554732, 8342229.873962505720556 ], [ 3440229.866377340629697, 8342397.424024187028408 ], [ 3440338.281123134307563, 8342555.118199886754155 ], [ 3440407.272325002588332, 8342702.956489604897797 ], [ 3440515.687070796266198, 8342895.146266239695251 ], [ 3440663.525360515341163, 8343131.687529790215194 ], [ 3440850.787194159813225, 8343412.580280256457627 ], [ 3441077.472571728751063, 8343737.824517638422549 ], [ 3441311.54986378364265, 8344018.717268103733659 ], [ 3441553.019070325419307, 8344255.258531655184925 ], [ 3441801.88019135221839, 8344447.448308289051056 ], [ 3442058.13322686497122, 8344595.28659800812602 ], [ 3442306.994347891770303, 8344752.98077370878309 ], [ 3442548.463554433081299, 8344920.530835390090942 ], [ 3442782.540846487972885, 8345097.9367830529809 ], [ 3443009.226224056910723, 8345285.198616697452962 ], [ 3443196.488057700917125, 8345489.708250808529556 ], [ 3443344.326347419992089, 8345711.46568538621068 ], [ 3443452.741093214135617, 8345950.47092043235898 ], [ 3443521.732295082882047, 8346206.723955945111811 ], [ 3443694.210299754980952, 8346465.440962953492999 ], [ 3443970.175107230897993, 8346726.621941457502544 ], [ 3444349.626717509701848, 8346990.266891456209123 ], [ 3444832.565130590926856, 8347256.375812949612737 ], [ 3445231.728512831963599, 8347448.565589584410191 ], [ 3445547.116864233277738, 8347566.836221359670162 ], [ 3445778.730184793006629, 8347611.187708275392652 ], [ 3445926.568474511615932, 8347581.620050331577659 ], [ 3446101.510450679343194, 8347566.836221359670162 ], [ 3446303.556113295722753, 8347566.836221359670162 ], [ 3446532.705462359823287, 8347581.620050331577659 ], [ 3446788.958497872110456, 8347611.187708275392652 ], [ 3446973.756360020954162, 8347633.363451733253896 ], [ 3447087.099048805423081, 8347648.147280705161393 ], [ 3447128.986564225982875, 8347655.539195191115141 ], [ 3447099.418906282167882, 8347655.539195191115141 ], [ 3447111.738763758447021, 8347662.931109677068889 ], [ 3447165.946136655751616, 8347677.714938648976386 ], [ 3447262.041024973150343, 8347699.89068210683763 ], [ 3447400.023428710643202, 8347729.458340050652623 ], [ 3447528.149946467019618, 8347808.305427900515497 ], [ 3447646.42057824274525, 8347936.431945657357574 ], [ 3447754.835324036423117, 8348113.837893320247531 ], [ 3447853.39418384898454, 8348340.523270889185369 ], [ 3447927.313328708522022, 8348556.120776729658246 ], [ 3447976.592758615035564, 8348760.630410840734839 ], [ 3448001.232473568059504, 8348954.052173223346472 ], [ 3448001.232473568059504, 8349136.386063875630498 ], [ 3448001.232473568059504, 8349310.09605429507792 ], [ 3448001.232473568059504, 8349475.182144483551383 ], [ 3448001.232473568059504, 8349631.644334435462952 ], [ 3448001.232473568059504, 8349779.482624154537916 ], [ 3448009.856373801827431, 8349937.176799855194986 ], [ 3448027.104174269363284, 8350104.726861536502838 ], [ 3448052.975874969735742, 8350282.132809199392796 ], [ 3448087.471475903876126, 8350469.394642843864858 ], [ 3448141.67884880118072, 8350623.392861301079392 ], [ 3448215.597993660718203, 8350744.127464570105076 ], [ 3448309.228910482488573, 8350831.598452653735876 ], [ 3448422.571599267423153, 8350885.805825551971793 ], [ 3448548.234145528171211, 8350954.797027421183884 ], [ 3448686.216549266129732, 8351038.572058260440826 ], [ 3448836.518810480367392, 8351137.13091807346791 ], [ 3448999.140929171349853, 8351250.473606858402491 ], [ 3449158.06709061935544, 8351413.095725549384952 ], [ 3449313.297294824384153, 8351624.997274146415293 ], [ 3449464.831541786435992, 8351886.178252650424838 ], [ 3449612.669831505045295, 8352196.638661059550941 ], [ 3449723.548548794351518, 8352462.747582552954555 ], [ 3449797.467693653889, 8352684.505017133429646 ], [ 3449834.427266083657742, 8352861.910964795388281 ], [ 3449834.427266083657742, 8352994.965425541624427 ], [ 3449867.690881270449609, 8353131.71584353223443 ], [ 3449934.218111644033343, 8353272.162218764424324 ], [ 3450034.008957204408944, 8353416.304551240988076 ], [ 3450167.06341795111075, 8353564.14284096006304 ], [ 3450285.334049726370722, 8353693.501344463787973 ], [ 3450388.820852529723197, 8353804.380061754025519 ], [ 3450477.523826361168176, 8353896.77899282798171 ], [ 3450551.442971220705658, 8353970.698137687519193 ], [ 3450616.430219409521669, 8354038.149357371963561 ], [ 3450672.48557092808187, 8354099.132651880383492 ], [ 3450719.6090257759206, 8354153.648021213710308 ], [ 3450757.800583953503519, 8354201.69546537194401 ], [ 3450789.832213392481208, 8354248.202927345409989 ], [ 3450815.703914093784988, 8354293.170407135039568 ], [ 3450835.415686056017876, 8354336.597904739901423 ], [ 3450848.967529280111194, 8354378.485420159995556 ], [ 3450854.81946158176288, 8354426.224867882207036 ], [ 3450852.971482960507274, 8354479.816247904673219 ], [ 3450843.423593415878713, 8354539.259560229256749 ], [ 3450826.175792948808521, 8354604.554804855957627 ], [ 3450809.543985355645418, 8354678.781946152448654 ], [ 3450793.528170635923743, 8354761.940984120592475 ], [ 3450778.128348790109158, 8354854.031918757595122 ], [ 3450763.344519818201661, 8354955.054750064387918 ], [ 3450754.41262314748019, 8355052.689620565623045 ], [ 3450751.332658778876066, 8355146.936530263163149 ], [ 3450754.104626710992306, 8355237.795479152351618 ], [ 3450762.728526944760233, 8355325.266467235982418 ], [ 3450780.900316722691059, 8355421.0533591164276 ], [ 3450808.619996044784784, 8355525.156154792755842 ], [ 3450845.88756491150707, 8355637.574854267761111 ], [ 3450892.703023322392255, 8355758.309457537718117 ], [ 3450951.838339210022241, 8355870.728157011792064 ], [ 3451023.293512573465705, 8355974.830952689051628 ], [ 3451107.068543414585292, 8356070.61784456949681 ], [ 3451203.163431732449681, 8356158.088832653127611 ], [ 3451296.178355680778623, 8356230.775991765782237 ], [ 3451386.113315259106457, 8356288.679321905598044 ], [ 3451472.968310468830168, 8356331.798823073506355 ], [ 3451556.743341309949756, 8356360.13449526950717 ], [ 3451639.286386403255165, 8356389.394156775437295 ], [ 3451720.597445748746395, 8356419.577807593159378 ], [ 3451800.676519346423447, 8356450.685447721742094 ], [ 3451879.523607196751982, 8356482.717077160254121 ], [ 3452031.057854158803821, 8356484.565055781975389 ], [ 3452255.279260233044624, 8356456.229383585974574 ], [ 3452552.187825418543071, 8356397.710060572251678 ], [ 3452921.783549715764821, 8356309.007086741738021 ], [ 3453240.867858359590173, 8356251.103756601922214 ], [ 3453509.440751348622143, 8356224.000070152804255 ], [ 3453727.502228684257716, 8356227.696027396246791 ], [ 3453895.052290366031229, 8356262.191628330387175 ], [ 3454052.746466066222638, 8356306.543115246109664 ], [ 3454200.584755785297602, 8356360.750488143414259 ], [ 3454338.567159523256123, 8356424.813747021369636 ], [ 3454466.693677279632539, 8356498.732891880907118 ], [ 3454628.083810222800821, 8356562.796150758862495 ], [ 3454822.737558352760971, 8356617.00352365616709 ], [ 3455050.654921669512987, 8356661.355010571889579 ], [ 3455311.835900173056871, 8356695.850611506029963 ], [ 3455516.345534284133464, 8356735.274155431427062 ], [ 3455664.18382400367409, 8356779.625642347149551 ], [ 3455755.350769330281764, 8356828.905072253197432 ], [ 3455789.846370264422148, 8356883.112445151433349 ], [ 3455826.80594269419089, 8356984.135276459157467 ], [ 3455866.229486619587988, 8357131.973566178232431 ], [ 3455908.11700203968212, 8357326.627314308658242 ], [ 3455952.468488955404609, 8357568.096520846709609 ], [ 3455989.428061385173351, 8357818.18962762132287 ], [ 3456018.995719328988343, 8358076.906634630635381 ], [ 3456041.171462786849588, 8358344.247541872784495 ], [ 3456055.955291758757085, 8358620.212349347770214 ], [ 3456080.595006711781025, 8358878.929356356151402 ], [ 3456115.09060764638707, 8359120.398562896996737 ], [ 3456159.44209456210956, 8359344.61996897123754 ], [ 3456213.649467458948493, 8359551.593574577942491 ], [ 3456281.408683579880744, 8359770.88703766092658 ], [ 3456362.719742925371975, 8360002.500358221121132 ], [ 3456457.582645495422184, 8360246.433536257594824 ], [ 3456565.997391289100051, 8360502.686571769416332 ], [ 3456689.195966054685414, 8360731.835920833982527 ], [ 3456827.178369793109596, 8360933.881583450362086 ], [ 3456979.944602502509952, 8361108.823559617623687 ], [ 3457147.494664183817804, 8361256.661849336698651 ], [ 3457333.524512080475688, 8361418.051982279866934 ], [ 3457538.034146192017943, 8361592.993958447128534 ], [ 3457761.023566517978907, 8361781.487777838483453 ], [ 3458002.49277305835858, 8361983.533440454863012 ], [ 3458225.482193384319544, 8362181.883145827800035 ], [ 3458429.991827495861799, 8362376.536893957294524 ], [ 3458616.021675392519683, 8362567.494684845209122 ], [ 3458783.571737073827535, 8362754.756518489681184 ], [ 3458949.88981300778687, 8362932.162466152571142 ], [ 3459114.975903194397688, 8363099.712527833878994 ], [ 3459278.830007632728666, 8363257.406703533604741 ], [ 3459441.452126323245466, 8363405.244993252679706 ], [ 3459610.234173752367496, 8363548.155339980497956 ], [ 3459785.176149920094758, 8363686.137743717990816 ], [ 3459966.27805482596159, 8363819.192204465158284 ], [ 3460153.539888469967991, 8363947.31872222200036 ], [ 3460330.945836132857949, 8364071.749282736331224 ], [ 3460498.495897814631462, 8364192.48388600628823 ], [ 3460656.19007351482287, 8364309.522532033734024 ], [ 3460804.028363233432174, 8364422.865220818668604 ], [ 3460965.418496176600456, 8364544.831809836439788 ], [ 3461140.360472344327718, 8364675.422299088910222 ], [ 3461328.854291736148298, 8364814.63668857421726 ], [ 3461530.899954351596534, 8364962.474978292360902 ], [ 3461747.729445939417928, 8365132.489011469297111 ], [ 3461979.34276649961248, 8365324.678788104094565 ], [ 3462225.739916031248868, 8365539.044308196753263 ], [ 3462486.92089453432709, 8365775.585571747273207 ], [ 3462701.286414626985788, 8365962.847405390813947 ], [ 3462868.836476308759302, 8366100.829809128306806 ], [ 3462989.571079579181969, 8366189.532782959751785 ], [ 3463063.490224438719451, 8366228.956326885148883 ], [ 3463192.848727942910045, 8366277.003771043382585 ], [ 3463377.646590091753751, 8366333.675115436315536 ], [ 3463617.883810885250568, 8366398.970360062085092 ], [ 3463913.560390322469175, 8366472.889504921622574 ], [ 3464185.829240554943681, 8366524.632906323298812 ], [ 3464434.690361581742764, 8366554.200564267113805 ], [ 3464660.143753402866423, 8366561.592478753067553 ], [ 3464862.189416020177305, 8366546.808649781160057 ], [ 3465143.082166486419737, 8366507.385105855762959 ], [ 3465502.822004801593721, 8366443.321846977807581 ], [ 3465941.408930968027562, 8366354.618873146362603 ], [ 3466458.842944984324276, 8366241.276184361428022 ], [ 3466929.461500589735806, 8366137.789381558075547 ], [ 3467353.264597784262151, 8366044.158464736305177 ], [ 3467730.25223656790331, 8365960.38343389518559 ], [ 3468060.424416940659285, 8365886.464289037510753 ], [ 3468400.452483294066042, 8365812.54514417797327 ], [ 3468750.336435629520565, 8365738.625999316573143 ], [ 3469110.076273945625871, 8365664.706854457035661 ], [ 3469479.67199824238196, 8365590.787709599360824 ], [ 3469822.164036091417074, 8365531.652393711730838 ], [ 3470137.552387492265552, 8365487.300906794145703 ], [ 3470425.837052443996072, 8365457.73324885033071 ], [ 3470687.018030948005617, 8365442.949419880285859 ], [ 3470933.415180479642004, 8365431.861548150889575 ], [ 3471165.028501039370894, 8365424.469633664935827 ], [ 3471381.857992626726627, 8365420.773676421493292 ], [ 3471583.903655242640525, 8365420.773676421493292 ], [ 3471777.325417624786496, 8365410.917790440842509 ], [ 3471962.123279773630202, 8365391.206018478609622 ], [ 3472138.297241689171642, 8365361.638360534794629 ], [ 3472305.847303370479494, 8365322.214816609397531 ], [ 3472514.052894724998623, 8365250.759643245488405 ], [ 3472762.914015752263367, 8365147.27284044213593 ], [ 3473052.430666451808065, 8365011.754408199340105 ], [ 3473382.602846824098378, 8364844.20434651710093 ], [ 3473704.151126963086426, 8364686.510170817375183 ], [ 3474017.075506868306547, 8364538.671881098300219 ], [ 3474321.375986539758742, 8364400.689477359876037 ], [ 3474617.052565976977348, 8364272.562959603965282 ], [ 3474904.105245181359351, 8364149.36438483837992 ], [ 3475182.534024152439088, 8364031.093753063119948 ], [ 3475452.338902889750898, 8363917.751064278185368 ], [ 3475713.51988139282912, 8363809.336318483576179 ], [ 3476023.980289802886546, 8363676.28185773640871 ], [ 3476383.720128119457513, 8363518.587682036682963 ], [ 3476792.739396342076361, 8363336.253791383467615 ], [ 3477251.03809447074309, 8363129.280185775831342 ], [ 3477668.681262927129865, 8362940.786366384476423 ], [ 3478045.668901710771024, 8362770.772333206608891 ], [ 3478382.001010821200907, 8362619.238086245022714 ], [ 3478677.677590258419514, 8362486.183625498786569 ], [ 3478969.658212453592569, 8362377.76887970417738 ], [ 3479257.942877405788749, 8362293.993848864920437 ], [ 3479542.531585115008056, 8362234.858532976359129 ], [ 3479823.424335580784827, 8362200.362932041287422 ], [ 3480121.564886514097452, 8362173.259245593100786 ], [ 3480436.95323791494593, 8362153.547473629936576 ], [ 3480769.589389782398939, 8362141.227616153657436 ], [ 3481119.473342117853463, 8362136.299673164263368 ], [ 3481445.949565247166902, 8362151.083502136170864 ], [ 3481749.018059170804918, 8362185.579103069379926 ], [ 3482028.678823889233172, 8362239.78647596668452 ], [ 3482284.931859401520342, 8362313.705620826222003 ], [ 3482639.743754726834595, 8362475.095753769390285 ], [ 3483093.114509865641594, 8362723.95687479712069 ], [ 3483645.044124816544354, 8363060.288983907550573 ], [ 3484295.532599579542875, 8363484.092081100679934 ], [ 3484867.173986493144184, 8363848.759862407110631 ], [ 3485359.968285556416959, 8364154.292327826842666 ], [ 3485773.915496769361198, 8364400.689477358944714 ], [ 3486109.015620132442564, 8364587.951311002485454 ], [ 3486471.219429943710566, 8364746.877472450956702 ], [ 3486860.526926204562187, 8364877.467961702495813 ], [ 3487276.938108912669122, 8364979.72277875803411 ], [ 3487720.452978069894016, 8365053.641923617571592 ], [ 3488149.184018254745752, 8365146.040854691527784 ], [ 3488563.131229467689991, 8365256.91957198176533 ], [ 3488962.294611709192395, 8365386.278075485490263 ], [ 3489346.67416497785598, 8365534.116365203633904 ], [ 3489727.357761004008353, 8365713.986284362152219 ], [ 3490104.345399787649512, 8365925.887832958251238 ], [ 3490477.637081328313798, 8366169.821010994724929 ], [ 3490847.232805625535548, 8366445.785818470641971 ], [ 3491213.132572680246085, 8366703.270839730277658 ], [ 3491575.336382491979748, 8366942.27607477735728 ], [ 3491933.844235060736537, 8367162.801523608155549 ], [ 3492288.656130386050791, 8367364.847186224535108 ], [ 3492610.204410525038838, 8367568.124834587797523 ], [ 3492898.489075476769358, 8367772.634468698874116 ], [ 3493153.510125242173672, 8367978.376088557764888 ], [ 3493375.267559820786119, 8368185.349694164469838 ], [ 3493689.423925473354757, 8368414.499043229036033 ], [ 3494225.9307, 8368624.199488963000476 ], [ 3500475.9307, 8370882.066328200511634 ] ], [ [ 3392598.194593940861523, 8289174.248037748970091 ], [ 3392379.174905468244106, 8289012.173468278720975 ], [ 3392379.174905468244106, 8288880.761655195616186 ], [ 3392379.174905468244106, 8288718.687085725367069 ], [ 3392379.174905468244106, 8288525.949759869836271 ], [ 3392379.174905468244106, 8288232.463377316482365 ], [ 3392379.174905468244106, 8287838.227938065305352 ], [ 3392444.880812010262161, 8287408.949348658323288 ], [ 3392576.292625093366951, 8286944.627609096467495 ], [ 3392790.931919796857983, 8286581.054926231503487 ], [ 3393088.798696119803935, 8286318.231300064362586 ], [ 3393386.665472442749888, 8286077.309642744250596 ], [ 3393684.53224876569584, 8285858.289954271167517 ], [ 3394013.061781474389136, 8285810.105622807517648 ], [ 3394372.254070569761097, 8285932.756648352369666 ], [ 3394779.630691128782928, 8285910.854679505340755 ], [ 3395235.19164315238595, 8285744.399716265499592 ], [ 3395874.729133492801338, 8285446.532939942553639 ], [ 3396698.243162150029093, 8285017.254350536502898 ], [ 3397324.639471182134002, 8284741.289543060585856 ], [ 3397753.918060588184744, 8284618.638517516665161 ], [ 3398327.749644386582077, 8284592.356154900044203 ], [ 3399046.134222577326, 8284662.442455210722983 ], [ 3399655.008956531062722, 8284763.19151190854609 ], [ 3400154.373846249654889, 8284894.603324991650879 ], [ 3400666.879917275626212, 8285135.524982311762869 ], [ 3401192.527169609442353, 8285485.956483867950737 ], [ 3401569.241033782716841, 8285577.944753026589751 ], [ 3401797.021509794984013, 8285411.489789787679911 ], [ 3402037.943167114630342, 8285131.144588542170823 ], [ 3402292.00600574305281, 8284736.909149291925132 ], [ 3402423.417818826623261, 8284312.010953654535115 ], [ 3402432.178606365807354, 8283856.450001630932093 ], [ 3402598.633569604717195, 8283449.073381071910262 ], [ 3402922.782708544284105, 8283089.881091976538301 ], [ 3403137.422003247775137, 8282743.829984189942479 ], [ 3403242.551453714258969, 8282410.920057711191475 ], [ 3403426.527992031536996, 8282148.096431544050574 ], [ 3403689.351618198677897, 8281955.359105688519776 ], [ 3403917.132094210013747, 8281727.578629676252604 ], [ 3404109.869420066475868, 8281464.755003510043025 ], [ 3404320.128321000374854, 8281171.268620956689119 ], [ 3404547.908797011710703, 8280847.119482016190886 ], [ 3404810.732423178851604, 8280728.848850240930915 ], [ 3405108.599199501797557, 8280816.456725630909204 ], [ 3405437.128732210956514, 8280794.554756783880293 ], [ 3405796.321021306328475, 8280663.142943698912859 ], [ 3406142.372129093389958, 8280369.656561145558953 ], [ 3406475.282055571675301, 8279914.095609122887254 ], [ 3406970.266551520209759, 8279572.424895104952157 ], [ 3407627.325616938062012, 8279344.644419093616307 ], [ 3408236.200350892264396, 8279265.797331243753433 ], [ 3408796.890753382351249, 8279335.883631554432213 ], [ 3409239.310524097178131, 8279449.773869560100138 ], [ 3409563.459663036745042, 8279607.468045260757208 ], [ 3409970.836283596232533, 8279668.793558033183217 ], [ 3410461.440385775174946, 8279633.750407877378166 ], [ 3410903.860156490001827, 8279502.338594794273376 ], [ 3411298.095595740713179, 8279274.558118782006204 ], [ 3411661.668278605211526, 8279243.8953623957932 ], [ 3411994.578205083496869, 8279410.350325635634363 ], [ 3412270.54301255941391, 8279493.577807255089283 ], [ 3412489.562701032496989, 8279493.577807255089283 ], [ 3412599.072545268572867, 8279309.601268937811255 ], [ 3412599.072545268572867, 8278941.648192304186523 ], [ 3412550.888213804922998, 8278626.259840903803706 ], [ 3412454.519550876691937, 8278363.436214735731483 ], [ 3412362.531281718052924, 8277986.722350562922657 ], [ 3412274.923406329005957, 8277496.118248384445906 ], [ 3412345.009706640150398, 8277285.85934745054692 ], [ 3412572.790182651951909, 8277355.9456477612257 ], [ 3412783.049083585850894, 8277491.737854613922536 ], [ 3412975.786409441847354, 8277693.235968009568751 ], [ 3413370.021848692558706, 8277811.506599784828722 ], [ 3413965.755401338450611, 8277846.549749939702451 ], [ 3414675.37919199001044, 8278205.742039035074413 ], [ 3415498.893220647238195, 8278889.083467070944607 ], [ 3415976.356141517870128, 8279559.283713797107339 ], [ 3416107.767954600974917, 8280216.34277921449393 ], [ 3416318.026855534873903, 8280562.393887002021074 ], [ 3416607.132844319101423, 8280597.437037157826126 ], [ 3416869.956470486242324, 8280698.186093855649233 ], [ 3417106.497734036762267, 8280864.641057094559073 ], [ 3417487.591991979628801, 8281258.876496344804764 ], [ 3418013.239244313910604, 8281880.892411608248949 ], [ 3418552.027677956968546, 8282205.041550547815859 ], [ 3419103.957292907871306, 8282231.323913163505495 ], [ 3419480.671157080680132, 8281898.413986684754491 ], [ 3419682.169270475860685, 8281206.311771112494171 ], [ 3419914.330140256788582, 8280680.664518777281046 ], [ 3420177.153766423929483, 8280321.472229681909084 ], [ 3420505.68329913308844, 8279848.389702580869198 ], [ 3420899.918738383799791, 8279261.416937474161386 ], [ 3421425.565990718081594, 8279086.201186696067452 ], [ 3422082.625056136865169, 8279322.742450246587396 ], [ 3422722.162546477280557, 8279620.609226569533348 ], [ 3423344.178461738862097, 8279979.80151566490531 ], [ 3424150.170915318652987, 8280155.017266442999244 ], [ 3425140.139907215721905, 8280146.25647890381515 ], [ 3425880.426454253029078, 8279962.279940586537123 ], [ 3426371.03055643197149, 8279603.087651491165161 ], [ 3426879.156233688816428, 8279208.852212240919471 ], [ 3427404.803486022632569, 8278779.573622833937407 ], [ 3427961.113494743593037, 8278617.49905336368829 ], [ 3428548.086259850300848, 8278722.628503831103444 ], [ 3428920.41973025444895, 8278989.832523767836392 ], [ 3429078.11390595510602, 8279419.111113173887134 ], [ 3429126.298237418755889, 8279861.530883888714015 ], [ 3429064.97272464632988, 8280317.091835912317038 ], [ 3428920.41973025444895, 8280956.629326252266765 ], [ 3428692.639254243113101, 8281780.143354910425842 ], [ 3428460.478384461719543, 8282371.4965137867257 ], [ 3428223.9371209111996, 8282730.688802881166339 ], [ 3427943.591919666156173, 8283142.445817209780216 ], [ 3427619.442780726589262, 8283606.767556772567332 ], [ 3427325.956398173235357, 8284053.56772125698626 ], [ 3427063.132772005628794, 8284482.846310663037002 ], [ 3426817.830720916390419, 8284877.081749914214015 ], [ 3426590.050244904588908, 8285236.274039009585977 ], [ 3426296.563862351235002, 8285744.399716266430914 ], [ 3425937.371573255863041, 8286401.458781683817506 ], [ 3425731.493066091090441, 8287106.702178565785289 ], [ 3425678.928340857848525, 8287860.129906912334263 ], [ 3425700.830309704877436, 8288368.255584169179201 ], [ 3425797.198972632642835, 8288631.07921033538878 ], [ 3425792.81857886351645, 8289042.836224664002657 ], [ 3425687.689128396101296, 8289603.526627155020833 ], [ 3425621.98322185408324, 8290146.6954545667395 ], [ 3425595.700859238393605, 8290672.342706901952624 ], [ 3425648.26558447163552, 8291000.872239611111581 ], [ 3425779.67739755474031, 8291132.284052694216371 ], [ 3426073.163780108094215, 8291263.695865778252482 ], [ 3426528.724732131697237, 8291395.107678861357272 ], [ 3427019.32883431063965, 8291723.637211570516229 ], [ 3427544.976086644455791, 8292249.284463904798031 ], [ 3427956.733100973535329, 8292542.770846458151937 ], [ 3428254.599877296481282, 8292604.096359230577946 ], [ 3428464.858778229914606, 8292814.355260164476931 ], [ 3428587.509803775232285, 8293173.547549259848893 ], [ 3428355.348933993838727, 8293537.120232123881578 ], [ 3427768.376168887130916, 8293905.073308759368956 ], [ 3427360.999548328109086, 8294167.896934926509857 ], [ 3427133.219072316773236, 8294325.591110626235604 ], [ 3426852.873871071264148, 8294588.414736793376505 ], [ 3426519.963944592513144, 8294956.36781342793256 ], [ 3426204.575593192130327, 8295403.167977912351489 ], [ 3425906.708816869184375, 8295928.815230246633291 ], [ 3425626.363615623675287, 8296388.756576038897038 ], [ 3425363.539989457465708, 8296782.99201529007405 ], [ 3425218.986995065119117, 8297142.184304384514689 ], [ 3425192.704632448032498, 8297466.333443325012922 ], [ 3425297.834082914981991, 8297860.568882576189935 ], [ 3425534.375346465501934, 8298324.890622137114406 ], [ 3425652.645978240761906, 8298819.875118086114526 ], [ 3425652.645978240761906, 8299345.522370420396328 ], [ 3425683.30873462697491, 8299836.126472598873079 ], [ 3425744.63424739940092, 8300291.687424623407423 ], [ 3425954.893148333299905, 8300620.216957332566381 ], [ 3426314.085437428206205, 8300821.71507072634995 ], [ 3426826.59150845464319, 8301150.244603435508907 ], [ 3427492.411361411679536, 8301605.805555459111929 ], [ 3427838.462469198741019, 8302048.225326173938811 ], [ 3427864.744831815361977, 8302477.503915579989552 ], [ 3427943.59191966522485, 8302972.48841152805835 ], [ 3428075.003732749260962, 8303533.178814019076526 ], [ 3428075.003732749260962, 8304124.531972895376384 ], [ 3427943.59191966522485, 8304746.547888156957924 ], [ 3427711.431049884296954, 8305285.336321800015867 ], [ 3427378.521123406011611, 8305740.897273823618889 ], [ 3427128.838678547181189, 8306397.956339241936803 ], [ 3426962.383715307805687, 8307256.513518054038286 ], [ 3426502.44236951507628, 8308163.255028331652284 ], [ 3425749.014641168527305, 8309118.18087007291615 ], [ 3425061.292819364462048, 8309792.761510568670928 ], [ 3424439.276904101949185, 8310186.996949819847941 ], [ 3423948.672801923006773, 8310397.255850752815604 ], [ 3423589.480512828100473, 8310423.538213370367885 ], [ 3423147.060742113273591, 8310419.157819600775838 ], [ 3422621.413489778526127, 8310384.114669444970787 ], [ 3422257.84080691402778, 8310318.408762903884053 ], [ 3422056.342693518847227, 8310222.040099975652993 ], [ 3421824.181823737919331, 8309989.879230194725096 ], [ 3421561.35819757077843, 8309621.926153559237719 ], [ 3421416.8052031788975, 8309306.537802158854902 ], [ 3421390.522840561810881, 8309043.714175992645323 ], [ 3421359.860084175597876, 8308750.227793439291418 ], [ 3421324.816934020258486, 8308426.078654498793185 ], [ 3421189.024727167095989, 8308163.255028331652284 ], [ 3420952.483463616576046, 8307961.756914936937392 ], [ 3420637.095112215727568, 8307799.682345466688275 ], [ 3420242.859672965016216, 8307677.03131992276758 ], [ 3419914.330140255857259, 8307677.03131992276758 ], [ 3419651.506514088716358, 8307799.682345466688275 ], [ 3419274.792649915441871, 8307729.596045155078173 ], [ 3418784.188547736499459, 8307466.772418988868594 ], [ 3418455.659015027340502, 8307125.10170497186482 ], [ 3418289.204051788896322, 8306704.583903104066849 ], [ 3418175.313813782762736, 8306244.64255731087178 ], [ 3418113.988301010336727, 8305745.277667593210936 ], [ 3417916.87058138474822, 8305285.336321800015867 ], [ 3417583.960654906462878, 8304864.818519933149219 ], [ 3417286.093878583982587, 8304404.877174140885472 ], [ 3417023.270252415910363, 8303905.512284422293305 ], [ 3416861.195682946592569, 8303511.276845172047615 ], [ 3416799.87017017416656, 8303222.170856388285756 ], [ 3416668.458357090130448, 8302880.500142370350659 ], [ 3416466.960243695415556, 8302486.264703119173646 ], [ 3416221.658192606177181, 8302105.170445177704096 ], [ 3415932.552203821949661, 8301737.217368542216718 ], [ 3415538.316764571238309, 8301553.240830225870013 ], [ 3415038.951874853577465, 8301553.240830225870013 ], [ 3414609.673285447061062, 8301540.099648917093873 ], [ 3414250.480996352154762, 8301513.817286299541593 ], [ 3413974.516188876703382, 8301500.676104991696775 ], [ 3413781.778863020241261, 8301500.676104991696775 ], [ 3413387.543423769529909, 8301816.064456392079592 ], [ 3412791.809871123638004, 8302446.84115919470787 ], [ 3412380.052856794558465, 8302823.555023367516696 ], [ 3412152.272380783222616, 8302946.206048911437392 ], [ 3411858.78599822986871, 8302959.347230220213532 ], [ 3411499.593709134496748, 8302862.978567291982472 ], [ 3411136.021026269998401, 8302731.566754208877683 ], [ 3410768.067949635908008, 8302565.11179096903652 ], [ 3410535.90707985451445, 8302464.362734271213412 ], [ 3410439.538416926749051, 8302429.319584116339684 ], [ 3410014.640221289824694, 8302433.69997788593173 ], [ 3409261.21249294327572, 8302477.503915579989552 ], [ 3408669.859334066975862, 8302595.774547355249524 ], [ 3408240.58074466092512, 8302788.511873211711645 ], [ 3407798.160973946098238, 8303077.617861996404827 ], [ 3407342.600021922495216, 8303463.092513707466424 ], [ 3406983.407732827588916, 8303524.418026479892433 ], [ 3406720.584106660448015, 8303261.594400312751532 ], [ 3406523.466387034859508, 8302933.064867603592575 ], [ 3406392.054573951289058, 8302538.829428352415562 ], [ 3406313.207486100960523, 8302078.888082560151815 ], [ 3406286.925123484339565, 8301553.240830225870013 ], [ 3406251.881973329000175, 8301080.158303124830127 ], [ 3406208.078035634476691, 8300659.640501257032156 ], [ 3406054.764253703411669, 8300317.969787239097059 ], [ 3405791.940627535805106, 8300055.14616107288748 ], [ 3405301.336525357328355, 8299827.365685060620308 ], [ 3404582.951947166584432, 8299634.628359205089509 ], [ 3403877.708550284616649, 8299652.149934282526374 ], [ 3403185.606334710959345, 8299879.930410293862224 ], [ 3402397.135456209070981, 8300120.852067613974214 ], [ 3401512.295914779417217, 8300374.914906242862344 ], [ 3400938.464330981019884, 8300453.761994092725217 ], [ 3400675.640704813413322, 8300357.393331164494157 ], [ 3400312.068021948449314, 8300112.09128007479012 ], [ 3399847.746282386593521, 8299717.85584082454443 ], [ 3399519.216749677434564, 8299406.847883192822337 ], [ 3399326.479423821903765, 8299179.067407181486487 ], [ 3399265.153911049477756, 8298719.126061389222741 ], [ 3399335.240211360622197, 8298027.023845816031098 ], [ 3399383.424542824737728, 8297453.192262017168105 ], [ 3399409.706905441358685, 8296997.63130999263376 ], [ 3399374.663755285553634, 8296537.689964200370014 ], [ 3399278.295092357788235, 8296073.368224638514221 ], [ 3399146.883279274217784, 8295644.089635231532156 ], [ 3398980.428316034842283, 8295249.854195981286466 ], [ 3398783.310596409253776, 8294921.324663272127509 ], [ 3398555.530120397917926, 8294658.501037104055285 ], [ 3398323.36925061699003, 8294378.15583585947752 ], [ 3398086.827987066470087, 8294080.289059536531568 ], [ 3397837.145542207174003, 8293668.53204520791769 ], [ 3397574.321916040033102, 8293142.884792873635888 ], [ 3397263.313958409242332, 8292700.465022158809006 ], [ 3396904.12166931387037, 8292341.272733063437045 ], [ 3396610.635286760516465, 8292095.970681973733008 ], [ 3396382.854810749180615, 8291964.558868890628219 ], [ 3396185.737091123592108, 8291802.484299420379102 ], [ 3396019.282127883750945, 8291609.746973564848304 ], [ 3395804.642833180725574, 8291364.444922475144267 ], [ 3395541.819207013584673, 8291066.578146152198315 ], [ 3395278.995580846443772, 8290803.754519985057414 ], [ 3395016.17195467883721, 8290575.974043973721564 ], [ 3394788.391478667035699, 8290361.334749270230532 ], [ 3394595.6541528115049, 8290159.83663587551564 ], [ 3394332.830526643898338, 8289980.240491327829659 ], [ 3393999.920600165612996, 8289822.546315627172589 ], [ 3393688.912642534356564, 8289673.612927466630936 ], [ 3393399.806653750594705, 8289533.44032684341073 ], [ 3393036.233970886096358, 8289366.98536360450089 ], [ 3392598.194593940861523, 8289174.248037748970091 ] ] ] ] } }
]
}
