{
"type": "FeatureCollection",
"name": "02_mask",
"crs": { "type": "name", "properties": { "name": "urn:ogc:def:crs:EPSG::3857" } },
"features": [
{ "type": "Feature", "properties": { "MINX": 2900920.8385443371, "MINY": 8059140.0912254471, "MAXX": 3703810.8385443371, "MAXY": 8610735.0912254471, "CNTX": 3302365.8385443371, "CNTY": 8334937.5912254471, "AREA": 442870109550.0, "PERIM": 2708970.0, "HEIGHT": 551595.0, "WIDTH": 802890.0, "fid": null, "name": null, "id": null, "type": null }, "geometry": { "type": "MultiPolygon", "coordinates": [ [ [ [ 2900920.838544337078929, 8610735.091225447133183 ], [ 3703810.838544337078929, 8610735.091225447133183 ], [ 3703810.838544337078929, 8059140.091225447133183 ], [ 2900920.838544337078929, 8059140.091225447133183 ], [ 2900920.838544337078929, 8610735.091225447133183 ] ], [ [ 3336488.560277166776359, 8459002.743530299514532 ], [ 3336451.178085857536644, 8459091.27227621152997 ], [ 3336290.491175841074437, 8459379.383379092440009 ], [ 3336216.263339411932975, 8459334.044274941086769 ], [ 3336164.967318078037351, 8459325.806952891871333 ], [ 3336126.628885466139764, 8459333.034248581156135 ], [ 3336096.884317547548562, 8459398.776031879708171 ], [ 3336013.283380006439984, 8459453.834386447444558 ], [ 3335978.907921268139035, 8459503.528665388002992 ], [ 3335949.452784020453691, 8459522.270723300054669 ], [ 3335886.802174631040543, 8459515.043241415172815 ], [ 3335851.391444621607661, 8459464.832639634609222 ], [ 3335830.797338829841465, 8459405.778946865350008 ], [ 3335798.303179480135441, 8459394.242096915841103 ], [ 3335742.83267724653706, 8459413.836796406656504 ], [ 3335623.164224707521498, 8459497.558151612058282 ], [ 3335581.597526867408305, 8459516.367531057447195 ], [ 3335505.343675707001239, 8459513.741397630423307 ], [ 3335390.384037624578923, 8459553.559966104105115 ], [ 3335309.822122175712138, 8459566.286690503358841 ], [ 3335231.419804845005274, 8459533.448644123971462 ], [ 3335172.832356861326844, 8459467.346528425812721 ], [ 3335077.464949138462543, 8459413.410336209461093 ], [ 3334969.20674439240247, 8459414.016358651220798 ], [ 3334883.034326614812016, 8459463.687922772020102 ], [ 3334843.916657567955554, 8459463.283905081450939 ], [ 3334816.932813011109829, 8459454.866874882951379 ], [ 3334810.543074239976704, 8459427.14685695618391 ], [ 3334832.873764078598469, 8459370.943999972194433 ], [ 3334851.208084199111909, 8459323.270667659118772 ], [ 3334838.962940210476518, 8459234.20945206284523 ], [ 3334826.061011225450784, 8459158.728223910555243 ], [ 3334790.950843841768801, 8459122.839562358334661 ], [ 3334735.892223723698407, 8459143.914871441200376 ], [ 3334628.936457027215511, 8459207.343163318932056 ], [ 3334531.364923394285142, 8459235.556135810911655 ], [ 3334456.480301976203918, 8459279.278601622208953 ], [ 3334339.160690687131137, 8459296.381608249619603 ], [ 3334176.63423421420157, 8459400.257417282089591 ], [ 3334095.972131228540093, 8459446.69675350561738 ], [ 3334080.086839901749045, 8459479.69153038226068 ], [ 3334077.648943063337356, 8459573.783572059124708 ], [ 3334003.621481730602682, 8459665.924012821167707 ], [ 3333955.954475795384496, 8459693.173563173040748 ], [ 3333907.597289016935974, 8459685.721452046185732 ], [ 3333872.286746551282704, 8459636.183062141761184 ], [ 3333852.215842366218567, 8459599.326896358281374 ], [ 3333790.645032029598951, 8459516.749106179922819 ], [ 3333782.641160639934242, 8459461.174035333096981 ], [ 3333794.697061481885612, 8459400.436979182064533 ], [ 3333804.782607339788228, 8459355.052854876965284 ], [ 3333826.467644126620144, 8459257.4397810138762 ], [ 3333863.136284372769296, 8459206.131152644753456 ], [ 3333850.913404286839068, 8459173.137604586780071 ], [ 3333782.474181374069303, 8459127.911995496600866 ], [ 3333703.047724724747241, 8459066.818587543442845 ], [ 3333689.600330236833543, 8459000.810447117313743 ], [ 3333672.490524505730718, 8458949.503611335530877 ], [ 3333606.500330389477313, 8458910.38407314941287 ], [ 3333577.167644574306905, 8458854.162726508453488 ], [ 3333467.183987719006836, 8458829.721724394708872 ], [ 3333420.752628132235259, 8458824.851488510146737 ], [ 3333426.864068170078099, 8458783.286288741976023 ], [ 3333459.859165221452713, 8458734.404837476089597 ], [ 3333410.967644880525768, 8458664.763919418677688 ], [ 3333396.83006955543533, 8458639.717588884755969 ], [ 3333395.817062186542898, 8458611.080491244792938 ], [ 3333406.192038720007986, 8458594.427935637533665 ], [ 3333412.303478761110455, 8458584.62045087851584 ], [ 3333412.971395704429597, 8458558.76645771600306 ], [ 3333351.712279942352325, 8458500.887058110907674 ], [ 3333319.351703983731568, 8458468.27819823846221 ], [ 3333298.323452177923173, 8458428.532839382067323 ], [ 3333292.434651110321283, 8458345.788674347102642 ], [ 3333326.65426255390048, 8458233.377495350316167 ], [ 3333368.198696495033801, 8458204.046292820945382 ], [ 3333395.08235351415351, 8458243.139627747237682 ], [ 3333426.864068128168583, 8458345.788674339652061 ], [ 3333450.30795287899673, 8458327.812644558027387 ], [ 3333474.174851688556373, 8458275.298652224242687 ], [ 3333452.690189964137971, 8458148.795332722365856 ], [ 3333536.235467761289328, 8458134.477726856246591 ], [ 3333574.418053092435002, 8458177.453069653362036 ], [ 3333610.229533257894218, 8458136.856512103229761 ], [ 3333629.320825913455337, 8458058.110153226181865 ], [ 3333693.76367909880355, 8458000.818163301795721 ], [ 3333631.703063005581498, 8457929.209414461627603 ], [ 3333616.140598183032125, 8457777.152537297457457 ], [ 3333576.421803882811219, 8457729.78126953355968 ], [ 3333527.541415492072701, 8457668.677048915997148 ], [ 3333558.098615696188062, 8457604.521530272439122 ], [ 3333648.222875400446355, 8457601.469725221395493 ], [ 3333666.557195515371859, 8457518.981710329651833 ], [ 3333694.053109727799892, 8457486.915754348039627 ], [ 3333678.768943642266095, 8457425.813553918153048 ], [ 3333704.739780828822404, 8457384.547977844253182 ], [ 3333741.408421071246266, 8457314.291567873209715 ], [ 3333771.954489326570183, 8457259.294125283136964 ], [ 3333735.296981019899249, 8457193.61636426858604 ], [ 3333704.739780806936324, 8457150.848722159862518 ], [ 3333657.384469441138208, 8457100.429896188899875 ], [ 3333739.872212078887969, 8457080.572109112516046 ], [ 3333758.206532201729715, 8457056.137007500976324 ], [ 3333724.599177941214293, 8456996.564166529104114 ], [ 3333639.061281258240342, 8457017.947507353499532 ], [ 3333597.817409938201308, 8457013.370165785774589 ], [ 3333599.34248695615679, 8456978.232432825490832 ], [ 3333681.830229594837874, 8456958.374976074323058 ], [ 3333710.851220827084035, 8456915.586265847086906 ], [ 3333811.673283583950251, 8456843.808595880866051 ], [ 3333809.313310378231108, 8456807.863930616527796 ], [ 3333781.11608337238431, 8456794.917611744254827 ], [ 3333753.620169156696647, 8456765.883835732936859 ], [ 3333736.599419019650668, 8456729.670306848362088 ], [ 3333744.458575061522424, 8456694.107628488913178 ], [ 3333716.016445177141577, 8456676.158077023923397 ], [ 3333680.34968034317717, 8456688.498388942331076 ], [ 3333661.135936244856566, 8456709.095537558197975 ], [ 3333628.218762836419046, 8456759.848235191777349 ], [ 3333600.778508367948234, 8456751.613799326121807 ], [ 3333589.802406574133784, 8456692.626788835972548 ], [ 3333567.850202997680753, 8456673.420774286612868 ], [ 3333545.897999428212643, 8456707.704442918300629 ], [ 3333508.862004861235619, 8456743.379372691735625 ], [ 3333452.612266194541007, 8456759.848235204815865 ], [ 3333429.290832879487425, 8456726.932984178885818 ], [ 3333462.208006283733994, 8456650.086431661620736 ], [ 3333426.54124145116657, 8456652.846162548288703 ], [ 3333350.343050040770322, 8456671.177084289491177 ], [ 3333324.383344804868102, 8456715.490088932216167 ], [ 3333357.946171266492456, 8456744.748036984354258 ], [ 3333364.803451895713806, 8456774.948464471846819 ], [ 3333340.11278885230422, 8456791.394960498437285 ], [ 3333303.544336145743728, 8456803.398906482383609 ], [ 3333257.869949093088508, 8456790.878903448581696 ], [ 3333175.905408059712499, 8456784.618909936398268 ], [ 3333123.340344539377838, 8456862.835556089878082 ], [ 3333088.30810080235824, 8456856.575501257553697 ], [ 3333042.633713747840375, 8456814.662440003827214 ], [ 3333032.281001104973257, 8456766.714011695235968 ], [ 3333059.810311161447316, 8456719.663378087803721 ], [ 3333039.79506671987474, 8456663.099805936217308 ], [ 3332986.473030653316528, 8456644.185547167435288 ], [ 3332973.025636176578701, 8456695.498720597475767 ], [ 3332931.481202236376703, 8456743.155001556500793 ], [ 3332894.823693934828043, 8456718.721022276207805 ], [ 3332898.48610517475754, 8456678.401768604293466 ], [ 3332931.481202228460461, 8456645.397135239094496 ], [ 3332924.145247772801667, 8456480.421065269038081 ], [ 3332867.928904945030808, 8456446.205765966325998 ], [ 3333064.775160409044474, 8456298.666733277961612 ], [ 3333258.738241081591696, 8456353.724292142316699 ], [ 3333279.388006617315114, 8456396.262933166697621 ], [ 3333333.255508183967322, 8456381.185918288305402 ], [ 3333340.079392961226404, 8456317.423051718622446 ], [ 3333394.514623930677772, 8456296.153928687795997 ], [ 3333404.58903784211725, 8456276.926514966413379 ], [ 3333391.520129628013819, 8456248.90438836812973 ], [ 3333286.12283579306677, 8456253.481253629550338 ], [ 3333176.139178942423314, 8456267.23430217243731 ], [ 3333142.531824672594666, 8456106.843498373404145 ], [ 3333233.613431980833411, 8455919.646798631176353 ], [ 3333243.49860275676474, 8455905.288667719811201 ], [ 3333266.352494205348194, 8455888.709548331797123 ], [ 3333293.525581893045455, 8455876.841703722253442 ], [ 3333311.770846422761679, 8455865.73664909042418 ], [ 3333325.618991068564355, 8455837.962868781760335 ], [ 3333340.713914009742439, 8455779.61135090701282 ], [ 3333359.482380144763738, 8455738.84857014939189 ], [ 3333380.989305750932544, 8455673.004930375143886 ], [ 3333382.291743787936866, 8455654.65406539849937 ], [ 3333378.707256186753511, 8455634.575848780572414 ], [ 3333369.746037177741528, 8455616.269947152584791 ], [ 3333358.680879798717797, 8455612.187019430100918 ], [ 3333325.474275710526854, 8455610.100689111277461 ], [ 3333302.520196719095111, 8455604.447409931570292 ], [ 3333273.165247010998428, 8455599.310108412057161 ], [ 3333259.194650921504945, 8455584.032826874405146 ], [ 3333245.569145252462476, 8455553.882161814719439 ], [ 3333243.821429246105254, 8455535.217526402324438 ], [ 3333261.487832425162196, 8455513.86093445494771 ], [ 3333266.586265097372234, 8455488.174779511988163 ], [ 3333135.051154823973775, 8455324.346334157511592 ], [ 3333102.712842760141939, 8455295.901619616895914 ], [ 3333105.150739605072886, 8455264.563209097832441 ], [ 3333108.445796531159431, 8455256.779100654646754 ], [ 3333147.018000070471317, 8455237.06089167483151 ], [ 3333156.023746869992465, 8455235.871968371793628 ], [ 3333171.44149633590132, 8455209.536244785413146 ], [ 3333133.826640410348773, 8455153.589969830587506 ], [ 3333085.747752356808633, 8455120.255703823640943 ], [ 3333064.26309063937515, 8455076.625281376764178 ], [ 3333051.294369966723025, 8455071.757533082738519 ], [ 3333038.336781245656312, 8455072.856701772660017 ], [ 3333012.187832871917635, 8455090.174238294363022 ], [ 3332970.832642066292465, 8455137.909835297614336 ], [ 3332951.99738423479721, 8455179.992789896205068 ], [ 3332936.535106975119561, 8455204.668408446013927 ], [ 3332911.521617407444865, 8455215.817328736186028 ], [ 3332795.203881531953812, 8455213.058137640357018 ], [ 3332741.636942588258535, 8455245.966606378555298 ], [ 3332642.150713712442666, 8455241.390368778258562 ], [ 3332611.54898571036756, 8455255.163955293595791 ], [ 3332596.2425557365641, 8455308.73313339613378 ], [ 3332622.25792072666809, 8455338.56873275898397 ], [ 3332718.682863610330969, 8455400.550895318388939 ], [ 3332735.514370616525412, 8455441.109900750219822 ], [ 3332725.573540095239878, 8455469.420578172430396 ], [ 3332699.547043161466718, 8455468.657848510891199 ], [ 3332668.934183204080909, 8455437.296267915517092 ], [ 3332613.842167233116925, 8455402.076340597122908 ], [ 3332560.531263113953173, 8455379.979848183691502 ], [ 3332539.60319885564968, 8455371.298300312831998 ], [ 3332500.741564629599452, 8455301.061141712591052 ], [ 3332470.852281359024346, 8455215.862193666398525 ], [ 3332454.410392573103309, 8455181.473324704915285 ], [ 3332423.01829618262127, 8455181.473324704915285 ], [ 3332327.361457794904709, 8455232.305199641734362 ], [ 3332264.588396966457367, 8455227.818700505420566 ], [ 3332234.69911369914189, 8455191.949238397181034 ], [ 3332242.168651524465531, 8455142.62060185521841 ], [ 3332275.052429078612477, 8455058.926433274522424 ], [ 3332337.825489893555641, 8454904.977414531633258 ], [ 3332346.296903137117624, 8454854.955332921817899 ], [ 3332325.869776583276689, 8454818.280166622251272 ], [ 3332295.980493315029889, 8454789.882273714989424 ], [ 3332258.510352731216699, 8454777.926479598507285 ], [ 3332172.516046135220677, 8454788.670991634950042 ], [ 3332046.65822990052402, 8454783.309949222952127 ], [ 3332012.59446573164314, 8454768.482986193150282 ], [ 3331942.941860373597592, 8454738.156220057979226 ], [ 3331869.404204791411757, 8454746.253813268616796 ], [ 3331835.718926891218871, 8454721.198408363386989 ], [ 3331816.783481513150036, 8454688.561460284516215 ], [ 3331784.523093084339052, 8454560.303023444488645 ], [ 3331751.628183567896485, 8454524.145225843414664 ], [ 3331743.757895565591753, 8454452.480637988075614 ], [ 3331753.910233113449067, 8454384.405534498393536 ], [ 3331794.519583334680647, 8454375.456004379317164 ], [ 3331813.633139893878251, 8454359.91210955940187 ], [ 3331807.555095695424825, 8454307.605911381542683 ], [ 3331809.291679747868329, 8454267.591472595930099 ], [ 3331843.522423149552196, 8454260.929897155612707 ], [ 3331888.673608598299325, 8454299.194786479696631 ], [ 3331920.043441103771329, 8454469.078946672379971 ], [ 3331981.269161017611623, 8454516.541344391182065 ], [ 3332053.960788472555578, 8454563.218982605263591 ], [ 3332120.540975885931402, 8454564.744254015386105 ], [ 3332158.801484850235283, 8454530.313571998849511 ], [ 3332161.862770840059966, 8454485.924025304615498 ], [ 3332161.105798294767737, 8454382.611141599714756 ], [ 3332226.929013155400753, 8454224.728714033961296 ], [ 3332226.75090195890516, 8454098.496987726539373 ], [ 3332212.769173917826265, 8454041.191011870279908 ], [ 3332154.582476094830781, 8453901.370792334899306 ], [ 3332147.558216226752847, 8453884.504625523462892 ], [ 3332087.100600804202259, 8453871.496172254905105 ], [ 3331861.700895938556641, 8453718.827994614839554 ], [ 3331752.117989245336503, 8453636.787261020392179 ], [ 3331681.708411348052323, 8453606.779151538386941 ], [ 3331656.616998133715242, 8453578.632643047720194 ], [ 3331606.411907807458192, 8453566.387263452634215 ], [ 3331585.784406175371259, 8453606.599731231108308 ], [ 3331631.703696113079786, 8453672.604275623336434 ], [ 3331680.483896962832659, 8453736.680610226467252 ], [ 3331722.573796419426799, 8453818.946741178631783 ], [ 3331725.44583928398788, 8453864.85738430917263 ], [ 3331673.793595582712442, 8453885.917614104226232 ], [ 3331620.226656636688858, 8453890.694863127544522 ], [ 3331579.094104803167284, 8453822.781962230801582 ], [ 3331552.310635327361524, 8453780.684353051707149 ], [ 3331511.178083494771272, 8453744.328540505841374 ], [ 3331471.960226907860488, 8453746.257345287129283 ], [ 3331471.002879291307181, 8453800.779931824654341 ], [ 3331566.659717705100775, 8453981.575328223407269 ], [ 3331572.39267147751525, 8454028.428998287767172 ], [ 3331530.302772032096982, 8454044.712344693019986 ], [ 3331489.170220200438052, 8454014.096991859376431 ], [ 3331480.565223561599851, 8453962.443685762584209 ], [ 3331480.565223556011915, 8453905.991052271798253 ], [ 3331448.037668356206268, 8453850.525696974247694 ], [ 3331411.691854626871645, 8453835.207195078954101 ], [ 3331371.516650421079248, 8453858.17374574765563 ], [ 3331360.99695855146274, 8453913.661587260663509 ], [ 3331376.303388531319797, 8453951.924667941406369 ], [ 3331376.347916335333139, 8454022.642363231629133 ], [ 3331442.972631544806063, 8454035.583797577768564 ], [ 3331461.340347520075738, 8454070.797174546867609 ], [ 3331434.556878053117543, 8454107.513467721641064 ], [ 3331397.821446104440838, 8454097.577397158369422 ], [ 3331361.854118643794209, 8454056.263225259259343 ], [ 3331317.471037681680173, 8454017.214593395590782 ], [ 3331263.135994249489158, 8454003.443327587097883 ], [ 3331260.842812745366246, 8454051.665299760177732 ], [ 3331295.273931234609336, 8454096.81480991654098 ], [ 3331298.335217234678566, 8454135.841435702517629 ], [ 3331279.210528728552163, 8454175.630864156410098 ], [ 3331256.245317789260298, 8454181.754059145227075 ], [ 3331212.630341313779354, 8454167.219890356063843 ], [ 3331184.477642101701349, 8454096.343800187110901 ], [ 3331088.820803701877594, 8454063.462909525260329 ], [ 3331033.528412650804967, 8454024.593669919297099 ], [ 3330951.318968737497926, 8454030.582166029140353 ], [ 3330910.965653348714113, 8454085.891877660527825 ], [ 3330883.158044570125639, 8454168.363782238215208 ], [ 3330861.740174554288387, 8454192.116400768980384 ], [ 3330827.108680984936655, 8454198.082604084163904 ], [ 3330768.376517670229077, 8454195.884528622031212 ], [ 3330716.679746172856539, 8454225.491314653307199 ], [ 3330723.29212392680347, 8454270.888618279248476 ], [ 3330772.172512313816696, 8454303.187265958636999 ], [ 3330781.000147929880768, 8454299.553661003708839 ], [ 3330840.244380899704993, 8454286.454754361882806 ], [ 3330936.992150306235999, 8454316.331061838194728 ], [ 3330998.262398015707731, 8454368.345733882859349 ], [ 3330975.230395381804556, 8454398.267234291881323 ], [ 3330904.987796722911298, 8454378.842918058857322 ], [ 3330808.150971726514399, 8454366.820503253489733 ], [ 3330774.599277217872441, 8454361.908365551382303 ], [ 3330745.600549878086895, 8454340.263596994802356 ], [ 3330690.731172891799361, 8454343.560775242745876 ], [ 3330627.935848169028759, 8454388.263480735942721 ], [ 3330618.03954544570297, 8454426.775763733312488 ], [ 3330620.666685428004712, 8454446.917970014736056 ], [ 3330628.893195795826614, 8454457.751718511804938 ], [ 3330630.574120105244219, 8454458.177891131490469 ], [ 3330647.004876938648522, 8454473.273390142247081 ], [ 3330689.439866811037064, 8454485.026816496625543 ], [ 3330710.835472929757088, 8454458.514343226328492 ], [ 3330746.435446065850556, 8454424.914070382714272 ], [ 3330788.302706531714648, 8454414.573830431327224 ], [ 3330805.724206836894155, 8454454.432058876380324 ], [ 3330724.460978603921831, 8454544.444711949676275 ], [ 3330679.009230534546077, 8454559.966566758230329 ], [ 3330628.57036928134039, 8454561.312393868342042 ], [ 3330580.613932674285024, 8454576.408104788511992 ], [ 3330544.05661191418767, 8454602.965864675119519 ], [ 3330506.49741574190557, 8454631.385465756058693 ], [ 3330457.472312016412616, 8454607.496843436732888 ], [ 3330484.934830378275365, 8454554.897286880761385 ], [ 3330508.868520885705948, 8454541.708203392103314 ], [ 3330525.63323619030416, 8454514.25345248170197 ], [ 3330517.262010478880256, 8454465.198527984321117 ], [ 3330481.428266408853233, 8454453.175971863791347 ], [ 3330435.375393092632294, 8454472.779926097020507 ], [ 3330402.458219683729112, 8454515.397398395463824 ], [ 3330408.447208290454, 8454553.708473965525627 ], [ 3330387.597067676950246, 8454594.599262744188309 ], [ 3330350.305038279853761, 8454599.960167454555631 ], [ 3330323.298929821234196, 8454546.64289172552526 ], [ 3330313.246779805514961, 8454510.058985691517591 ], [ 3330275.865694808773696, 8454475.022944806143641 ], [ 3330246.087731037754565, 8454483.546422086656094 ], [ 3330224.647597123403102, 8454502.387828020378947 ], [ 3330196.194335288833827, 8454508.623446814715862 ], [ 3330159.581354781519622, 8454479.037949983030558 ], [ 3330168.075031922664493, 8454444.383368665352464 ], [ 3330202.305775326211005, 8454432.944028189405799 ], [ 3330229.80168953537941, 8454413.385040253400803 ], [ 3330227.697751159314066, 8454391.560680545866489 ], [ 3330199.912406268063933, 8454373.03357714228332 ], [ 3330156.208374200388789, 8454348.966356409713626 ], [ 3330112.359626797493547, 8454335.620634259656072 ], [ 3330067.097121858969331, 8454306.641435334458947 ], [ 3330046.358300731051713, 8454262.163521887734532 ], [ 3330064.325266532599926, 8454231.367827314883471 ], [ 3330095.038314026314765, 8454220.175542043522 ], [ 3330113.895835754927248, 8454200.953560829162598 ], [ 3330090.707985832821578, 8454160.064962945878506 ], [ 3330058.748160039074719, 8454156.431428775191307 ], [ 3329993.937952529173344, 8454127.632369685918093 ], [ 3329922.459707517642528, 8454089.480518974363804 ], [ 3329871.508776607457548, 8454092.329004222527146 ], [ 3329838.758582432288677, 8454110.406818209215999 ], [ 3329850.502788710873574, 8454147.751326657831669 ], [ 3329881.850357305724174, 8454175.90001555532217 ], [ 3329898.63733651349321, 8454223.427807554602623 ], [ 3329882.329031120985746, 8454253.573012905195355 ], [ 3329830.097926066722721, 8454265.505524190142751 ], [ 3329820.045776049140841, 8454218.6279127728194 ], [ 3329784.612782145384699, 8454197.589158575981855 ], [ 3329736.144275876693428, 8454192.789280664175749 ], [ 3329704.106526443734765, 8454225.827756140381098 ], [ 3329698.484892165288329, 8454267.232599806040525 ], [ 3329679.549446793273091, 8454293.587375352159142 ], [ 3329640.175742915831506, 8454288.630427373573184 ], [ 3329596.549634497147053, 8454302.604094736278057 ], [ 3329574.55290312692523, 8454301.639619253575802 ], [ 3329540.80083353118971, 8454276.720308123156428 ], [ 3329544.440980873536319, 8454219.771812660619617 ], [ 3329510.321556958369911, 8454194.920067211613059 ], [ 3329490.261784726753831, 8454170.943147003650665 ], [ 3329464.914336685091257, 8454181.664342069998384 ], [ 3329458.012528263963759, 8454234.889251291751862 ], [ 3329416.70186526235193, 8454372.248531464487314 ], [ 3329398.968670392408967, 8454434.805723607540131 ], [ 3329381.068496285472065, 8454471.927579235285521 ], [ 3329318.551470283418894, 8454459.815291527658701 ], [ 3329272.509728907141834, 8454415.874770969152451 ], [ 3329242.631577590946108, 8454376.824227722361684 ], [ 3329214.757177108433098, 8454365.026114758104086 ], [ 3329192.504410911817104, 8454396.203678725287318 ], [ 3329203.42485295701772, 8454434.581422947347164 ], [ 3329216.961303033865988, 8454462.125596722587943 ], [ 3329216.081879062112421, 8454524.100365307182074 ], [ 3329227.191564246080816, 8454598.075999721884727 ], [ 3329210.148550217971206, 8454632.372415278106928 ], [ 3329178.277780016418546, 8454630.981713823974133 ], [ 3329160.299682258162647, 8454592.558082556352019 ], [ 3329139.494069434702396, 8454548.302742255851626 ], [ 3329114.369260372128338, 8454529.954686436802149 ], [ 3329068.34978290554136, 8454579.839972160756588 ], [ 3328944.70722453808412, 8454563.39842645637691 ], [ 3328906.52463921206072, 8454527.84623309224844 ], [ 3328919.994297585450113, 8454488.324059808626771 ], [ 3328941.022549386136234, 8454474.529480710625648 ], [ 3328963.308711428660899, 8454422.065456295385957 ], [ 3328960.714967290870845, 8454400.75695994310081 ], [ 3328935.701477719470859, 8454370.790589652955532 ], [ 3328908.016320372000337, 8454366.32704646140337 ], [ 3328886.609582303557545, 8454400.644810132682323 ], [ 3328885.785818077623844, 8454430.342141542583704 ], [ 3328857.377084041479975, 8454441.220725769177079 ], [ 3328782.848684986121953, 8454425.497251491993666 ], [ 3328761.920620732940733, 8454456.428340611979365 ], [ 3328782.147372205276042, 8454526.702285252511501 ], [ 3328810.355731162242591, 8454549.132667640224099 ], [ 3328837.807117581833154, 8454582.755939105525613 ], [ 3328843.595731103327125, 8454619.990695470944047 ], [ 3328835.135449809022248, 8454652.963799923658371 ], [ 3328814.46342037897557, 8454658.235024223104119 ], [ 3328738.610319384373724, 8454622.637510642409325 ], [ 3328692.423862673807889, 8454601.283571399748325 ], [ 3328657.258035549893975, 8454604.670589135959744 ], [ 3328630.396642434410751, 8454617.792493779212236 ], [ 3328598.258705464191735, 8454660.500530308112502 ], [ 3328547.842108105774969, 8454668.530745575204492 ], [ 3328514.6800318188034, 8454693.832710305228829 ], [ 3328483.410386873409152, 8454746.500554664060473 ], [ 3328555.278250098694116, 8454774.113191219046712 ], [ 3328612.396280797664076, 8454783.265087155625224 ], [ 3328648.029649787582457, 8454818.796085327863693 ], [ 3328799.490948892198503, 8454854.73101962544024 ], [ 3328823.235396271571517, 8454881.78327714279294 ], [ 3328815.743594546802342, 8454920.903799187391996 ], [ 3328786.778263057116419, 8454933.555205252021551 ], [ 3328720.387318776920438, 8454900.40138952806592 ], [ 3328658.293306842446327, 8454914.959440395236015 ], [ 3328619.453936522826552, 8454915.520228756591678 ], [ 3328556.124278239905834, 8454892.236332030966878 ], [ 3328524.965952781960368, 8454907.242996904999018 ], [ 3328517.863769275601953, 8454943.2680903095752 ], [ 3328527.61535666976124, 8454985.394793471321464 ], [ 3328512.264398897532374, 8455005.045031556859612 ], [ 3328477.042912027798593, 8455011.348372491076589 ], [ 3328462.092704416718334, 8454966.462422026321292 ], [ 3328469.439790802076459, 8454932.164446800947189 ], [ 3328470.029784099198878, 8454890.486678034067154 ], [ 3328449.012664246372879, 8454869.401136983186007 ], [ 3328435.376026630401611, 8454874.380908234044909 ], [ 3328423.921251036226749, 8454905.538202347233891 ], [ 3328399.085872653406113, 8454925.479837190359831 ], [ 3328377.779322123620659, 8454918.840096741914749 ], [ 3328364.398719335440546, 8454892.909275995567441 ], [ 3328361.39309308398515, 8454870.500275397673249 ], [ 3328347.70079571986571, 8454848.652126396074891 ], [ 3328321.529583446681499, 8454847.014639416709542 ], [ 3328290.382389938924462, 8454853.385138792917132 ], [ 3328270.333749658893794, 8454878.889622977003455 ], [ 3328260.738009562715888, 8454937.817208686843514 ], [ 3328226.885752431116998, 8454962.222833691164851 ], [ 3328166.005122944246978, 8454964.555728564038873 ], [ 3328110.868579179979861, 8454962.850920708850026 ], [ 3328063.74703874764964, 8454948.090890215709805 ], [ 3328009.155960486736149, 8454924.717164017260075 ], [ 3327977.418773674871773, 8454921.554314268752933 ], [ 3327963.036295473575592, 8454936.381586227566004 ], [ 3327960.999148794449866, 8454961.415293348953128 ], [ 3327987.660166830290109, 8454994.075885351747274 ], [ 3328001.2411447041668, 8455025.48043766990304 ], [ 3327996.376482969149947, 8455147.824880992993712 ], [ 3327983.374366454780102, 8455193.721396811306477 ], [ 3327943.956134787760675, 8455227.706538310274482 ], [ 3327894.942163015250117, 8455255.45557901263237 ], [ 3327845.137822858523577, 8455267.075661143288016 ], [ 3327798.216657511424273, 8455256.218286540359259 ], [ 3327650.195130672771484, 8455258.932628696784377 ], [ 3327574.497876964975148, 8455212.205705117434263 ], [ 3327524.626745112705976, 8455195.291663937270641 ], [ 3327484.640784036833793, 8455191.478158708661795 ], [ 3327457.222793468739837, 8455201.460573649033904 ], [ 3327452.113228844478726, 8455218.21760181710124 ], [ 3327481.045164492446929, 8455258.439111884683371 ], [ 3327470.926222786772996, 8455284.079598257318139 ], [ 3327438.587910728994757, 8455313.085085736587644 ], [ 3327382.527415194083005, 8455331.076172640547156 ], [ 3327320.889813169836998, 8455337.716285673901439 ], [ 3327285.178520541638136, 8455330.672382181510329 ], [ 3327267.077971343882382, 8455309.002326527610421 ], [ 3327271.185660550836474, 8455279.144414585083723 ], [ 3327282.184026232920587, 8455246.123634494841099 ], [ 3327280.581025562249124, 8455219.451387202367187 ], [ 3327257.871849450282753, 8455198.477063959464431 ], [ 3327225.789572215173393, 8455181.428460298106074 ], [ 3327222.750550117343664, 8455153.47780885733664 ], [ 3327241.452224559616297, 8455129.923971656709909 ], [ 3327258.328259353060275, 8455100.156515911221504 ], [ 3327258.628821975085884, 8455071.308893177658319 ], [ 3327238.680369231849909, 8455045.736445188522339 ], [ 3327199.284401452168822, 8454992.976728498935699 ], [ 3327154.411514732521027, 8454955.134426960721612 ], [ 3327107.868835651315749, 8454944.591556092724204 ], [ 3327064.955171974375844, 8454953.541779542341828 ], [ 3327025.581468096934259, 8454947.081466790288687 ], [ 3327000.078172766137868, 8454913.50139095261693 ], [ 3326966.804776979144663, 8454869.580588219687343 ], [ 3326924.94864846020937, 8454859.351879209280014 ], [ 3326880.966317667625844, 8454868.122547687962651 ], [ 3326848.806116796564311, 8454894.389753008261323 ], [ 3326835.982111467979848, 8454941.473561024293303 ], [ 3326835.18061113730073, 8454976.063192063942552 ], [ 3326843.507309047970921, 8455007.624690100550652 ], [ 3326865.671019657514989, 8455035.754241852089763 ], [ 3326905.901883614715189, 8455082.592203373089433 ], [ 3326909.419579525943846, 8455122.947563914582133 ], [ 3326893.422968708444387, 8455163.953682633116841 ], [ 3326871.003223278559744, 8455194.573827546089888 ], [ 3326843.251274236943573, 8455215.503274749964476 ], [ 3326841.013752475846559, 8455239.730362053960562 ], [ 3326851.500048505607992, 8455263.778068449348211 ], [ 3326863.155199189204723, 8455284.43852087110281 ], [ 3326854.628126199822873, 8455299.827342944219708 ], [ 3326835.158347268588841, 8455299.445986902341247 ], [ 3326806.538106197956949, 8455283.675810413435102 ], [ 3326779.353886559605598, 8455279.166847255080938 ], [ 3326747.572171952109784, 8455289.418573470786214 ], [ 3326710.313538402784616, 8455288.633429819718003 ], [ 3326674.513190180063248, 8455297.180283801630139 ], [ 3326656.167738107033074, 8455315.934045482426882 ], [ 3326637.633042905945331, 8455382.245577167719603 ], [ 3326617.996284740511328, 8455397.926233220845461 ], [ 3326597.012560734990984, 8455390.321447355672717 ], [ 3326583.331395320594311, 8455364.366529485210776 ], [ 3326563.850484440103173, 8455351.579784298315644 ], [ 3326537.367577593773603, 8455363.44678040035069 ], [ 3326532.168957381509244, 8455402.166073018684983 ], [ 3326541.107912489213049, 8455434.065898464992642 ], [ 3326557.516405427828431, 8455465.988295642659068 ], [ 3326561.735414130147547, 8455509.419130438938737 ], [ 3326522.640008986461908, 8455536.204597663134336 ], [ 3326495.010511385276914, 8455566.243022562935948 ], [ 3326487.886063981801271, 8455601.531037829816341 ], [ 3326501.433646008372307, 8455648.395040418952703 ], [ 3326494.320330553222448, 8455675.517522197216749 ], [ 3326462.839178571477532, 8455685.680065976455808 ], [ 3326443.703358116559684, 8455706.34170494414866 ], [ 3326469.763250904157758, 8455772.67919484898448 ], [ 3326459.28808682737872, 8455792.376407295465469 ], [ 3326424.166787498630583, 8455789.011276144534349 ], [ 3326380.006345512811095, 8455719.757219346240163 ], [ 3326330.524831878021359, 8455681.125988338142633 ], [ 3326257.92226001387462, 8455664.771713070571423 ], [ 3326196.228998244274408, 8455643.280141942203045 ], [ 3326141.871690912172198, 8455605.636393290013075 ], [ 3326099.503492729738355, 8455544.415237851440907 ], [ 3326090.108127705287188, 8455478.618207201361656 ], [ 3326098.657464588060975, 8455404.095313122496009 ], [ 3326098.946895259432495, 8455356.694479731842875 ], [ 3326075.191315933130682, 8455323.964977238327265 ], [ 3326036.15157052827999, 8455317.055683501064777 ], [ 3325997.067297331988811, 8455337.761151403188705 ], [ 3325969.883077700156718, 8455422.064189832657576 ], [ 3325932.691235844045877, 8455440.885569730773568 ], [ 3325869.205730272922665, 8455440.750970900058746 ], [ 3325825.635281601455063, 8455461.142722602933645 ], [ 3325790.013044568244368, 8455497.035932408645749 ], [ 3325762.984672223683447, 8455581.767036410048604 ], [ 3325746.598443192429841, 8455658.557546716183424 ], [ 3325700.178215556312352, 8455681.081120627000928 ], [ 3325610.009428057353944, 8455695.147172434255481 ], [ 3325553.570446251425892, 8455685.567896591499448 ], [ 3325527.232254745904356, 8455741.630393235012889 ], [ 3325515.36559704085812, 8455815.349077183753252 ], [ 3325512.827512667514384, 8455968.150567570701241 ], [ 3325486.110834897961468, 8456082.568681551143527 ], [ 3325433.790674259886146, 8456179.040240786969662 ], [ 3325407.073996491730213, 8456291.218065502122045 ], [ 3325372.609482162632048, 8456343.7851835899055 ], [ 3325325.766240461729467, 8456374.163450649008155 ], [ 3325280.12524925917387, 8456378.762829948216677 ], [ 3325230.387700791470706, 8456324.400594351813197 ], [ 3325172.145343236159533, 8456326.913408596068621 ], [ 3325115.416930760256946, 8456385.448762081563473 ], [ 3325044.172456697560847, 8456540.258959090337157 ], [ 3325006.323829862289131, 8456690.585026044398546 ], [ 3324956.230059035122395, 8456767.230067510157824 ], [ 3324810.924727782141417, 8456876.903871299698949 ], [ 3324698.035632228013128, 8456956.557517115026712 ], [ 3324616.750140090938658, 8456981.553233589977026 ], [ 3324535.453516004607081, 8457009.443527512252331 ], [ 3324472.624795435462147, 8457047.543231278657913 ], [ 3324439.017441183328629, 8457089.524935802444816 ], [ 3324397.383951648138463, 8457116.899559700861573 ], [ 3324346.321701246779412, 8457109.741758855059743 ], [ 3324256.509136110544205, 8457051.918651610612869 ], [ 3324230.326791887637228, 8457042.651738829910755 ], [ 3324185.453905169852078, 8457033.407275747507811 ], [ 3324086.568801544606686, 8457023.220429409295321 ], [ 3324046.015111067332327, 8457021.178574243560433 ], [ 3324018.541460752952844, 8457029.839634127914906 ], [ 3323975.572137327864766, 8457049.87678848952055 ], [ 3323943.478728148620576, 8457053.242497270926833 ], [ 3323907.166310267522931, 8457048.934390306472778 ], [ 3323890.457254706416279, 8457035.853018505498767 ], [ 3323879.703791898209602, 8457012.517524583265185 ], [ 3323884.479398048482835, 8456965.330689830705523 ], [ 3323907.054990761447698, 8456884.510196287184954 ], [ 3323927.615700697526336, 8456844.593906320631504 ], [ 3323942.688359738327563, 8456789.891664491966367 ], [ 3323913.166430790442973, 8456748.876469004899263 ], [ 3323857.528949315194041, 8456714.570171199738979 ], [ 3323810.440804731100798, 8456700.345108445733786 ], [ 3323776.967033859342337, 8456647.438886474817991 ], [ 3323747.845855078659952, 8456601.600597649812698 ], [ 3323735.055245588999242, 8456560.519143760204315 ], [ 3323753.267114270012826, 8456525.966924576088786 ], [ 3323799.809793347958475, 8456510.373606156557798 ], [ 3323851.651280183345079, 8456471.760653644800186 ], [ 3323859.076290211174637, 8456425.519610350951552 ], [ 3323828.251923219766468, 8456389.57699173130095 ], [ 3323770.588427015114576, 8456371.471132483333349 ], [ 3323700.412620055023581, 8456383.743624536320567 ], [ 3323630.058701908681542, 8456416.702210117131472 ], [ 3323560.072138085961342, 8456494.15210285410285 ], [ 3323527.689298230223358, 8456498.325266258791089 ], [ 3323503.388253398239613, 8456464.693226460367441 ], [ 3323508.397630478255451, 8456422.625348059460521 ], [ 3323528.167972028721124, 8456365.009572708979249 ], [ 3323536.862024247646332, 8456285.160419316962361 ], [ 3323513.885681348387152, 8456179.533819569274783 ], [ 3323472.875580952037126, 8456084.341054704040289 ], [ 3323412.417965525761247, 8456036.150608442723751 ], [ 3323338.145601301454008, 8456008.308879239484668 ], [ 3323276.10724910767749, 8455968.128132950514555 ], [ 3323252.68562824325636, 8455822.124233894050121 ], [ 3323242.978568645659834, 8455793.520552417263389 ], [ 3323231.479265250265598, 8455759.644963901489973 ], [ 3323178.624771038535982, 8455680.049162680283189 ], [ 3323068.629982229322195, 8455586.388353366404772 ], [ 3323052.277149038389325, 8455569.540751272812486 ], [ 3322875.74670060351491, 8455387.719221755862236 ], [ 3322848.517953161615878, 8455294.33133158646524 ], [ 3322793.904610991477966, 8455164.918271558359265 ], [ 3322801.151509830728173, 8455094.503629382699728 ], [ 3322851.178488966077566, 8455037.1674520727247 ], [ 3322876.448013360146433, 8455001.366216177120805 ], [ 3322875.846888104919344, 8454948.674113044515252 ], [ 3322842.985374434385449, 8454910.114231072366238 ], [ 3322823.827290072105825, 8454829.406069820746779 ], [ 3322843.619895518291742, 8454740.780647305771708 ], [ 3322883.205106415320188, 8454639.662387259304523 ], [ 3322864.158341539092362, 8454521.49844666197896 ], [ 3322815.823418646585196, 8454396.046669444069266 ], [ 3322819.83092030743137, 8454322.947828508913517 ], [ 3322827.066687197890133, 8454244.870366914197803 ], [ 3322836.562239748891443, 8454143.041198413819075 ], [ 3322824.773505669552833, 8454040.024711467325687 ], [ 3322794.5613958761096, 8453953.046098178252578 ], [ 3322767.521891570650041, 8453910.252460099756718 ], [ 3322760.709138733800501, 8453881.992647076025605 ], [ 3322776.382923029363155, 8453856.267340367659926 ], [ 3322851.412259785458446, 8453828.097447849810123 ], [ 3322889.171831041574478, 8453801.161210563033819 ], [ 3322901.962440523784608, 8453749.666397325694561 ], [ 3322876.859895358327776, 8453717.123476300388575 ], [ 3322837.419399785809219, 8453688.886833917349577 ], [ 3322825.45255452953279, 8453664.193878170102835 ], [ 3322816.101717303041369, 8453617.297675713896751 ], [ 3322825.575005960650742, 8453570.267208022996783 ], [ 3322917.803204034455121, 8453526.668416740372777 ], [ 3322982.913974169176072, 8453504.801836436614394 ], [ 3323030.469660609029233, 8453457.413255497813225 ], [ 3323095.814201672095805, 8453443.643038932234049 ], [ 3323152.85430872766301, 8453455.57423485070467 ], [ 3323199.808869927190244, 8453501.191053532063961 ], [ 3323240.496143797412515, 8453551.181491293013096 ], [ 3323295.220805448014289, 8453570.087788572534919 ], [ 3323321.469941366929561, 8453602.316072950139642 ], [ 3323333.147355948574841, 8453642.326888531446457 ], [ 3323339.859921245835721, 8453690.389495996758342 ], [ 3323379.022118091583252, 8453731.342763792723417 ], [ 3323391.857255381066352, 8453777.140719205141068 ], [ 3323412.840979385655373, 8453804.368434276431799 ], [ 3323451.858460890129209, 8453810.177325585857034 ], [ 3323485.209780315402895, 8453790.081721108406782 ], [ 3323509.243658360559493, 8453745.71907458268106 ], [ 3323520.68730200547725, 8453684.89468827098608 ], [ 3323530.761715913191438, 8453651.791362194344401 ], [ 3323564.057375591248274, 8453619.921702049672604 ], [ 3323560.784582558553666, 8453590.765906052663922 ], [ 3323516.779987868387252, 8453569.88594170846045 ], [ 3323484.352620215155184, 8453559.659042051061988 ], [ 3323473.877456133719534, 8453531.69213255494833 ], [ 3323493.324971163179725, 8453498.634351167827845 ], [ 3323730.60246567428112, 8453446.917387729510665 ], [ 3323864.775847860146314, 8453427.024619722738862 ], [ 3323897.704153220169246, 8453408.701790872961283 ], [ 3323895.60021484317258, 8453372.975770071148872 ], [ 3323877.878151911776513, 8453319.689824560657144 ], [ 3323889.310663609299809, 8453295.177522320300341 ], [ 3323942.087234165519476, 8453276.922301879152656 ], [ 3323973.111976232845336, 8453227.539242431521416 ], [ 3323965.46432721382007, 8453184.817108670249581 ], [ 3323970.095218026544899, 8453151.738461818546057 ], [ 3323986.214280279818922, 8453110.609016427770257 ], [ 3323970.796530809719115, 8453073.785575272515416 ], [ 3323934.550904624164104, 8453054.073224341496825 ], [ 3323890.813476712442935, 8453064.792789734899998 ], [ 3323850.760723943822086, 8453074.839593259617686 ], [ 3323819.591266533825547, 8453060.352465774863958 ], [ 3323793.887596121057868, 8453026.758586572483182 ], [ 3323784.247328219935298, 8452986.257758857682347 ], [ 3323789.267837247345597, 8452944.77043148688972 ], [ 3323803.661447396501899, 8452906.288341579958797 ], [ 3323788.844823175109923, 8452875.47590440697968 ], [ 3323744.873624332249165, 8452862.289835406467319 ], [ 3323723.377830668818206, 8452835.155312085524201 ], [ 3323727.017978012561798, 8452805.531703103333712 ], [ 3323754.736531202215701, 8452750.949226895347238 ], [ 3323761.727395217400044, 8452708.274713844060898 ], [ 3323736.057120649609715, 8452683.809300811961293 ], [ 3323704.709552054759115, 8452662.57311924546957 ], [ 3323705.689163567963988, 8452627.814981963485479 ], [ 3323725.793463594745845, 8452596.286129977554083 ], [ 3323723.700657163746655, 8452553.6349395532161 ], [ 3323703.340322304517031, 8452522.89125394821167 ], [ 3323692.809498476795852, 8452487.505901968106627 ], [ 3323713.036249941214919, 8452438.912987180054188 ], [ 3323728.376075761392713, 8452392.921558141708374 ], [ 3323761.771922972984612, 8452280.803239757195115 ], [ 3323830.790007223840803, 8452184.382854266092181 ], [ 3323872.323309216182679, 8452145.075092732906342 ], [ 3323885.870891233440489, 8452095.206335665658116 ], [ 3323878.267770011443645, 8452035.696130566298962 ], [ 3323875.618366125971079, 8451984.908789623528719 ], [ 3323887.095405620057136, 8451967.979753989726305 ], [ 3323906.810087430290878, 8451963.203754957765341 ], [ 3323939.72726084291935, 8451978.809847787022591 ], [ 3323981.138111401814967, 8452002.17420388944447 ], [ 3324022.215003484860063, 8451999.976785270497203 ], [ 3324042.59760223608464, 8451974.661673316732049 ], [ 3324044.490033574867994, 8451921.228911139070988 ], [ 3324056.93555263383314, 8451859.657271740958095 ], [ 3324123.66045537777245, 8451798.870919020846486 ], [ 3324139.846309329848737, 8451767.973437847569585 ], [ 3324066.642612203489989, 8451599.833326755091548 ], [ 3323940.539893080480397, 8451464.229863192886114 ], [ 3323902.101272921077907, 8451406.787483913823962 ], [ 3323889.310663429088891, 8451352.731072643771768 ], [ 3323916.728653992526233, 8451275.851030038669705 ], [ 3324028.938700644299388, 8451121.824318496510386 ], [ 3324063.414346921723336, 8451055.30461036786437 ], [ 3324049.66638980479911, 8450941.816697308793664 ], [ 3324065.061875363346189, 8450838.082834795117378 ], [ 3324047.885277937632054, 8450793.244791220873594 ], [ 3323965.642438173759729, 8450721.10095340013504 ], [ 3323905.374065882991999, 8450682.765019504353404 ], [ 3323863.239638635423034, 8450663.978243058547378 ], [ 3323847.064916628878564, 8450633.982272356748581 ], [ 3323861.703429652843624, 8450543.883003959432244 ], [ 3323881.540562893263996, 8450438.226821891963482 ], [ 3323905.830475760158151, 8450324.882944088429213 ], [ 3323904.884260078892112, 8450203.874143468216062 ], [ 3323858.619879721663892, 8450123.598748873919249 ], [ 3323851.128077984321862, 8450025.816836338490248 ], [ 3323887.27351661445573, 8449883.629641471430659 ], [ 3323914.279625062830746, 8449828.082561483606696 ], [ 3324007.454038810450584, 8449774.956812439486384 ], [ 3324083.930528945755213, 8449740.884804243221879 ], [ 3324123.760642728302628, 8449710.758107539266348 ], [ 3324139.200656090863049, 8449664.380271974951029 ], [ 3324113.652832962106913, 8449629.972545405849814 ], [ 3324064.772444575559348, 8449603.029278511181474 ], [ 3323998.515083686448634, 8449598.680707262828946 ], [ 3323951.53825859259814, 8449600.608424097299576 ], [ 3323935.22995319776237, 8449574.651535175740719 ], [ 3323951.571654434781522, 8449542.799554111436009 ], [ 3323995.220026753842831, 8449526.436521101742983 ], [ 3324055.210100313648582, 8449519.622337287291884 ], [ 3324112.539638046640903, 8449532.712748628109694 ], [ 3324165.427528092637658, 8449499.090163707733154 ], [ 3324173.48705921927467, 8449458.765679759904742 ], [ 3324135.527112875133753, 8449433.235173139721155 ], [ 3324067.110153863672167, 8449415.437839958816767 ], [ 3323985.312592057976872, 8449337.703897539526224 ], [ 3323926.680616280995309, 8449297.290641624480486 ], [ 3323881.351319650188088, 8449261.965648230165243 ], [ 3323837.268801317084581, 8449257.39313611574471 ], [ 3323814.437173768877983, 8449284.492036204785109 ], [ 3323805.576142308767885, 8449322.820675948634744 ], [ 3323787.197294389363378, 8449342.0523143671453 ], [ 3323753.935030553955585, 8449326.541478527709842 ], [ 3323737.370690328069031, 8449284.402378808706999 ], [ 3323736.858620664570481, 8449221.844192910939455 ], [ 3323713.915673618670553, 8449176.321175646036863 ], [ 3323730.13492341293022, 8449094.869075441733003 ], [ 3323760.914762592408806, 8448990.713013371452689 ], [ 3323761.304380804300308, 8448933.626166027039289 ], [ 3323739.964434426277876, 8448886.379122469574213 ], [ 3323681.310194748453796, 8448820.484796700999141 ], [ 3323620.396169408224523, 8448760.037358293309808 ], [ 3323575.111400570720434, 8448703.714330546557903 ], [ 3323548.138687958940864, 8448653.353437310084701 ], [ 3323545.656263309065253, 8448580.311704771593213 ], [ 3323570.102023466024548, 8448496.468131681904197 ], [ 3323582.814709302503616, 8448401.800676111131907 ], [ 3323580.733034818433225, 8448328.626975173130631 ], [ 3323547.470770981162786, 8448268.788686241954565 ], [ 3323491.488199082668871, 8448216.010375119745731 ], [ 3323419.431092723738402, 8448200.770848385989666 ], [ 3323344.590999097563326, 8448191.201338194310665 ], [ 3323278.200054816901684, 8448160.99135029502213 ], [ 3323223.441997316665947, 8448110.970337744802237 ], [ 3323167.982627022545785, 8448036.54454199783504 ], [ 3323089.513517994899303, 8447975.027854321524501 ], [ 3323059.401595744304359, 8447936.818294821307063 ], [ 3323056.540684828534722, 8447885.431792860850692 ], [ 3323076.099519347306341, 8447826.560738351196051 ], [ 3323078.837978815659881, 8447784.385419391095638 ], [ 3323036.937322498299181, 8447759.264103734865785 ], [ 3322990.472567062824965, 8447760.362179080024362 ], [ 3322945.15440238174051, 8447756.978314787149429 ], [ 3322915.843980467412621, 8447732.686248637735844 ], [ 3322905.992205534130335, 8447709.245825503021479 ], [ 3322903.019975129049271, 8447681.570087555795908 ], [ 3323003.407891870010644, 8447561.232260711491108 ], [ 3323026.695929327048361, 8447512.290959611535072 ], [ 3323042.425373364239931, 8447454.924281660467386 ], [ 3323067.149432253092527, 8447416.202027188614011 ], [ 3323111.109499144367874, 8447374.320373995229602 ], [ 3323162.928722079377621, 8447344.382645120844245 ], [ 3323235.709405122790486, 8447309.358346147462726 ], [ 3323301.042814236134291, 8447287.03968608751893 ], [ 3323327.058179224375635, 8447303.487366750836372 ], [ 3323326.668561010621488, 8447339.47519969008863 ], [ 3323291.70310897147283, 8447380.953300477936864 ], [ 3323290.83481694990769, 8447427.115049313753843 ], [ 3323315.94849406555295, 8447484.54873675853014 ], [ 3323387.426739075686783, 8447528.918416352942586 ], [ 3323436.963912457693368, 8447572.347180347889662 ], [ 3323479.554749615956098, 8447581.803838934749365 ], [ 3323503.94485003547743, 8447559.372306013479829 ], [ 3323507.44028203189373, 8447404.325450649484992 ], [ 3323482.961126009002328, 8447321.100318998098373 ], [ 3323468.311481023207307, 8447275.387400528416038 ], [ 3323496.397388533689082, 8447241.125306392088532 ], [ 3323517.013758215587586, 8447192.342992771416903 ], [ 3323510.646283341571689, 8447154.137502437457442 ], [ 3323478.686457548756152, 8447133.455082314088941 ], [ 3323458.537629721220583, 8447112.884759046137333 ], [ 3323448.318500469904393, 8447087.003878548741341 ], [ 3323444.834200406912714, 8447054.647304208949208 ], [ 3323423.238219193182886, 8446980.052946718409657 ], [ 3323413.019089940004051, 8446919.755087357014418 ], [ 3323392.736678723245859, 8446881.394164903089404 ], [ 3323358.227636591996998, 8446863.603010663762689 ], [ 3323263.617201406974345, 8446814.307846048846841 ], [ 3323207.423122479580343, 8446802.947598181664944 ], [ 3323162.828534482512623, 8446747.491018945351243 ], [ 3323148.757750845979899, 8446660.464244864881039 ], [ 3323171.555982536636293, 8446528.962560128420591 ], [ 3323278.456089488696307, 8446443.932479701936245 ], [ 3323386.402599651832134, 8446369.882051672786474 ], [ 3323559.54893554141745, 8446246.989114984869957 ], [ 3323659.959116188343614, 8446240.021135825663805 ], [ 3323714.616986141074449, 8446246.316962350159883 ], [ 3323753.389564765617251, 8446221.492168737575412 ], [ 3323757.608573459554464, 8446174.867489671334624 ], [ 3323712.000978097785264, 8446115.920517262071371 ], [ 3323662.007394802756608, 8446096.450868558138609 ], [ 3323606.614816216751933, 8446158.892835861071944 ], [ 3323570.614092910196632, 8446133.978718562051654 ], [ 3323596.573798144236207, 8446071.671390255913138 ], [ 3323627.631936049554497, 8445966.594783954322338 ], [ 3323653.903335859999061, 8445898.93431020155549 ], [ 3323703.997106698341668, 8445961.441812055185437 ], [ 3323783.033945127390325, 8445985.414364194497466 ], [ 3323818.656182161066681, 8445941.72612682543695 ], [ 3323749.415458912961185, 8445870.03317186050117 ], [ 3323689.859531360678375, 8445812.679311409592628 ], [ 3323611.045331920031458, 8445846.060996066778898 ], [ 3323587.000321916304529, 8445812.679311411455274 ], [ 3323618.058459825348109, 8445730.681991400197148 ], [ 3323582.10226430837065, 8445644.42896718159318 ], [ 3323563.066631384193897, 8445562.209494231268764 ], [ 3323598.911507396958768, 8445494.776771057397127 ], [ 3323646.667568925302476, 8445505.082064118236303 ], [ 3323689.859531339723617, 8445576.771459192037582 ], [ 3323737.615592883434147, 8445735.834801500663161 ], [ 3323790.047073024790734, 8445764.063303608447313 ], [ 3323833.127715938724577, 8445740.091473445296288 ], [ 3323864.07453435799107, 8445668.17645207233727 ], [ 3323897.693020557519048, 8445615.304797979071736 ], [ 3323945.226443104445934, 8445620.457527196034789 ], [ 3323962.035686213523149, 8445701.557480398565531 ], [ 3324017.027514635585248, 8445658.991095030680299 ], [ 3323981.07131912233308, 8445605.89547567255795 ], [ 3323983.409028422087431, 8445547.871587656438351 ], [ 3324028.938700131606311, 8445523.900462614372373 ], [ 3324102.966161473654211, 8445505.082064092159271 ], [ 3324114.877346971072257, 8445393.964883614331484 ], [ 3324150.722222983837128, 8445322.277271594852209 ], [ 3324134.024299371056259, 8445288.897965840995312 ], [ 3324021.70293320948258, 8445254.62272909656167 ], [ 3323962.035686168354005, 8445206.906489182263613 ], [ 3323974.058191162068397, 8445153.814135633409023 ], [ 3324047.974333013873547, 8445148.661733554676175 ], [ 3324107.864219034090638, 8445158.966541323810816 ], [ 3324143.597775557544082, 8445110.130841189995408 ], [ 3324138.922356938011944, 8445029.037413708865643 ], [ 3324174.544593973550946, 8445005.067980770021677 ], [ 3324231.874131706543267, 8445029.037413703277707 ], [ 3324265.381298426073045, 8445091.537517702206969 ], [ 3324325.048545466735959, 8445120.435594925656915 ], [ 3324406.423093198332936, 8445120.435594921931624 ], [ 3324415.996569395530969, 8445067.567880932241678 ], [ 3324391.951559391338378, 8445023.885099086910486 ], [ 3324346.533207168336958, 8444999.915682952851057 ], [ 3324320.373126842081547, 8444971.018079580739141 ], [ 3324344.195497854612768, 8444913.671234151348472 ], [ 3324298.999784605111927, 8444817.123454380780458 ], [ 3324291.764017702545971, 8444769.186048831790686 ], [ 3324346.533207144588232, 8444736.033259645104408 ], [ 3324408.760802470613271, 8444754.849689202383161 ], [ 3324401.525035578757524, 8444827.427797330543399 ], [ 3324475.663816414307803, 8444855.652810705825686 ], [ 3324509.17098312266171, 8444793.15471251308918 ], [ 3324523.419877927750349, 8444701.760600997135043 ], [ 3324563.940172558184713, 8444687.200369553640485 ], [ 3324628.505477188620716, 8444711.168765883892775 ], [ 3324640.416662693489343, 8444663.232051379978657 ], [ 3324599.785048568155617, 8444610.367625921964645 ], [ 3324475.663816382642835, 8444514.719822464510798 ], [ 3324401.52503554802388, 8444495.008017664775252 ], [ 3324361.004740916192532, 8444466.784389182925224 ], [ 3324384.71579243754968, 8444418.177283065393567 ], [ 3324463.752630862407386, 8444394.209842149168253 ], [ 3324506.610634786542505, 8444278.853626405820251 ], [ 3324461.192282564472407, 8444254.88663980551064 ], [ 3324401.525035528931767, 8444293.413048956543207 ], [ 3324344.195497797336429, 8444278.853626416996121 ], [ 3324337.182369877118617, 8444240.327293584123254 ], [ 3324432.694492922630161, 8444135.276865543797612 ], [ 3324478.001525652129203, 8444110.414404002949595 ], [ 3324501.93521615350619, 8444024.180391814559698 ], [ 3324544.793220086488873, 8444005.365832688286901 ], [ 3324594.998310417402536, 8444077.264586098492146 ], [ 3324623.830058522522449, 8444095.855343939736485 ], [ 3324652.327848145738244, 8444029.332005674019456 ], [ 3324554.36669628508389, 8443947.354578576982021 ], [ 3324485.125973043031991, 8443937.947391329333186 ], [ 3324406.423093091696501, 8443961.913344494998455 ], [ 3324401.525035493075848, 8443890.01571942307055 ], [ 3324475.663816318847239, 8443798.632837137207389 ], [ 3324559.264753864146769, 8443774.667416341602802 ], [ 3324594.998310396447778, 8443837.156854858621955 ], [ 3324604.683106095530093, 8443913.981516294181347 ], [ 3324659.452295541297644, 8443923.388672871515155 ], [ 3324681.159596232231706, 8443875.457095900550485 ], [ 3324747.839971187058836, 8443890.015719404444098 ], [ 3324788.582904791459441, 8443813.19130845926702 ], [ 3324683.497305530123413, 8443784.0743946172297 ], [ 3324623.830058488994837, 8443736.1437261197716 ], [ 3324626.167767788749188, 8443673.879118818789721 ], [ 3324654.776876902673393, 8443625.277255911380053 ], [ 3324673.823641760740429, 8443532.621046332642436 ], [ 3324690.75533629860729, 8443496.943005880340934 ], [ 3324711.182462848722935, 8443488.678625730797648 ], [ 3324739.624592736829072, 8443510.201868234202266 ], [ 3324750.333527749404311, 8443557.862300695851445 ], [ 3324790.920614075381309, 8443577.347622888162732 ], [ 3324812.405275782570243, 8443495.375236568972468 ], [ 3324795.818671657238156, 8443452.597660269588232 ], [ 3324743.164552535396069, 8443438.039903128519654 ], [ 3324695.408491007983685, 8443438.03990313410759 ], [ 3324659.452295494731516, 8443408.924475338310003 ], [ 3324698.269401914440095, 8443372.239200515672565 ], [ 3324758.871732669416815, 8443349.551756491884589 ], [ 3324785.900105024222285, 8443361.265008578076959 ], [ 3324865.059394889976829, 8443351.813778854906559 ], [ 3324919.828584336675704, 8443390.11149100586772 ], [ 3324938.864217256195843, 8443423.48217480070889 ], [ 3324982.056179662235081, 8443399.517977138981223 ], [ 3325005.989870164077729, 8443322.698692599311471 ], [ 3325082.466360302176327, 8443308.141192715615034 ], [ 3325108.515121128410101, 8443245.880210878327489 ], [ 3325165.844658853951842, 8443163.911521002650261 ], [ 3325237.64573037205264, 8443062.907643891870975 ], [ 3325328.371115330141038, 8443115.98489628918469 ], [ 3325361.878282049205154, 8443192.80202048830688 ], [ 3325373.789467562921345, 8443236.473921338096261 ], [ 3325438.354772191029042, 8443192.80202048458159 ], [ 3325481.212776119820774, 8443145.099163752049208 ], [ 3325541.10266214190051, 8443159.656340727582574 ], [ 3325667.561603636480868, 8443308.141192683950067 ], [ 3325775.64169719722122, 8443320.414282966405153 ], [ 3325795.545622142031789, 8443320.347094461321831 ], [ 3325825.891315317247063, 8443317.032462250441313 ], [ 3325846.52994889812544, 8443293.942059025168419 ], [ 3325879.035240192431957, 8443271.098084537312388 ], [ 3325905.006077379919589, 8443254.121922032907605 ], [ 3325941.040196532383561, 8443242.072901718318462 ], [ 3325984.109707498457283, 8443236.675484526902437 ], [ 3326019.464777760207653, 8443232.46505394205451 ], [ 3326037.454007465392351, 8443241.960922066122293 ], [ 3326054.9089036132209, 8443257.078190248459578 ], [ 3326061.387697975616902, 8443263.595422122627497 ], [ 3326062.422969238366932, 8443268.298582734540105 ], [ 3326062.055614919401705, 8443273.785607252269983 ], [ 3326026.589225174859166, 8443332.776978578418493 ], [ 3326009.613002841360867, 8443364.109338313341141 ], [ 3326000.328957315068692, 8443385.005117796361446 ], [ 3325992.414141525514424, 8443403.482142701745033 ], [ 3325985.690444284584373, 8443418.868500709533691 ], [ 3325977.964871629606932, 8443439.002953799441457 ], [ 3325976.272815371863544, 8443456.517061283811927 ], [ 3325984.621777181047946, 8443486.214991105720401 ], [ 3325996.143344473559409, 8443502.788548601791263 ], [ 3326010.948836742434651, 8443513.628571279346943 ], [ 3326020.355333710554987, 8443518.107924159616232 ], [ 3326027.958454929292202, 8443518.936604743823409 ], [ 3326089.473605510313064, 8443508.365335121750832 ], [ 3326127.121857279445976, 8443498.801932696253061 ], [ 3326154.539847847539932, 8443494.188211385160685 ], [ 3326173.352841782383621, 8443491.746971668675542 ], [ 3326187.891167274210602, 8443492.1053187251091 ], [ 3326209.386960938107222, 8443495.845567248761654 ], [ 3326295.069572961889207, 8443516.405769728124142 ], [ 3326373.204723514616489, 8443541.55738103762269 ], [ 3326402.325902292039245, 8443542.52044533751905 ], [ 3326439.317369066178799, 8443539.87761802226305 ], [ 3326552.662874535191804, 8443509.485172260552645 ], [ 3326648.542351910844445, 8443505.453759266063571 ], [ 3326732.83347029844299, 8443503.975575050339103 ], [ 3326833.455157976597548, 8443481.26532775349915 ], [ 3326878.539551726542413, 8443474.837489427998662 ], [ 3326904.844347389414907, 8443475.486992003396153 ], [ 3326928.366155783180147, 8443479.540785204619169 ], [ 3326938.774528167676181, 8443482.967474022880197 ], [ 3326942.837689580861479, 8443487.222841450944543 ], [ 3326944.062203979119658, 8443490.559947097674012 ], [ 3326947.00103853456676, 8443502.855738716199994 ], [ 3326957.8658208376728, 8443563.125572169199586 ], [ 3326962.652558939997107, 8443568.388847533613443 ], [ 3326983.057421593926847, 8443578.019531350582838 ], [ 3327071.55641673412174, 8443611.391068259254098 ], [ 3327124.622417973354459, 8443630.137427605688572 ], [ 3327127.761627611704171, 8443638.424363940954208 ], [ 3327128.184641679283231, 8443646.912884088233113 ], [ 3327106.58866047905758, 8443698.112978685647249 ], [ 3327092.673724139109254, 8443737.554764561355114 ], [ 3327090.391674582380801, 8443762.66233759559691 ], [ 3327095.890857426449656, 8443781.476275470107794 ], [ 3327103.104360426776111, 8443796.885822363197803 ], [ 3327150.860421962104738, 8443854.940684510394931 ], [ 3327155.424521083012223, 8443870.148804826661944 ], [ 3327154.033027451019734, 8443883.990685423836112 ], [ 3327144.826905567664653, 8443903.656055759638548 ], [ 3327128.540864074137062, 8443922.134384490549564 ], [ 3327109.048821246251464, 8443939.918419891968369 ], [ 3327105.397541953250766, 8443951.005466250702739 ], [ 3327106.6220563496463, 8443963.100444991141558 ], [ 3327115.238184935878962, 8443976.85290796123445 ], [ 3327124.555626311805099, 8443988.298381289467216 ], [ 3327142.400140678044409, 8444000.438217874616385 ], [ 3327246.294621388427913, 8444014.795504361391068 ], [ 3327273.723743907641619, 8444010.562229765579104 ], [ 3327293.583141054026783, 8443999.699075952172279 ], [ 3327376.427106056362391, 8443920.902494451031089 ], [ 3327398.167802596464753, 8443907.329319816082716 ], [ 3327484.651914949994534, 8443872.478180950507522 ], [ 3327524.047882717568427, 8443815.811836205422878 ], [ 3327478.763113877270371, 8443753.232989197596908 ], [ 3327456.621667164843529, 8443684.181858990341425 ], [ 3327461.69783593621105, 8443629.24154313467443 ], [ 3327487.668673120904714, 8443584.447459876537323 ], [ 3327443.920113252941519, 8443505.453759219497442 ], [ 3327482.214018065948039, 8443472.082703270018101 ], [ 3327565.814955616835505, 8443519.787682108581066 ], [ 3327683.034379368647933, 8443539.496871726587415 ], [ 3327735.465859510935843, 8443578.019531309604645 ], [ 3327776.097473627887666, 8443529.19433418661356 ], [ 3327768.86170672159642, 8443466.93147992156446 ], [ 3327706.856750379316509, 8443448.118347141891718 ], [ 3327704.519041069317609, 8443399.517976986244321 ], [ 3327764.186288103461266, 8443375.553857453167439 ], [ 3327816.840407222509384, 8443375.553857453167439 ], [ 3327862.036120473407209, 8443472.082703243941069 ], [ 3327917.027948911301792, 8443592.577565684914589 ], [ 3327981.593253542669117, 8443616.318422064185143 ], [ 3328046.158558168448508, 8443567.716939767822623 ], [ 3328022.113548159133643, 8443486.640527803450823 ], [ 3328031.687024360522628, 8443438.71179879270494 ], [ 3328122.523728800471872, 8443385.632215939462185 ], [ 3328146.980620914138854, 8443369.932379022240639 ], [ 3326992.764480916783214, 8440629.895065115764737 ], [ 3326191.052640374284238, 8438719.217940248548985 ], [ 3325369.3929213876836, 8438306.100860776379704 ], [ 3324735.574892359320074, 8438523.515184689313173 ], [ 3324596.033581158146262, 8438353.815954858437181 ], [ 3324591.291370850987732, 8438344.348779827356339 ], [ 3324524.577600048854947, 8438319.483515322208405 ], [ 3324462.984525820240378, 8438299.7435542345047 ], [ 3324436.935764986090362, 8438276.042242400348186 ], [ 3324397.45074161561206, 8438243.679668046534061 ], [ 3324373.539315004833043, 8438256.324778689071536 ], [ 3324341.857787942513824, 8438259.995221959426999 ], [ 3324257.700252939481288, 8438246.835348496213555 ], [ 3324248.226964274421334, 8438211.294855546206236 ], [ 3324236.382570452988148, 8438151.2926877271384 ], [ 3324157.034037453122437, 8438121.683443333953619 ], [ 3324125.051947756204754, 8438062.868155090138316 ], [ 3324130.584526442922652, 8438036.012015553191304 ], [ 3324117.949764239601791, 8437984.694681752473116 ], [ 3324075.70401749946177, 8437927.849906763061881 ], [ 3324056.757440170738846, 8437887.969307269901037 ], [ 3324028.326442231889814, 8437837.055837227031589 ], [ 3323995.954734317027032, 8437768.754012694582343 ], [ 3323969.115605093538761, 8437695.7084647603333 ], [ 3323983.319972105324268, 8437648.332190683111548 ], [ 3323996.745102686807513, 8437614.786303095519543 ], [ 3323998.325839451979846, 8437556.758321236819029 ], [ 3324008.990246657747775, 8437482.148392019793391 ], [ 3324020.433890300337225, 8437427.657215474173427 ], [ 3324046.093032912816852, 8437414.230293532833457 ], [ 3324068.601833939552307, 8437377.910592559725046 ], [ 3324063.470005413051695, 8437351.45975873619318 ], [ 3324091.889871396124363, 8437314.357142040506005 ], [ 3324094.160789002664387, 8437260.068608455359936 ], [ 3324125.051947679836303, 8437222.362257750704885 ], [ 3324107.964405848179013, 8437194.882617747411132 ], [ 3324122.113113115075976, 8437120.142096908763051 ], [ 3324125.085343511309475, 8437056.546120265498757 ], [ 3324149.809402395039797, 8436943.005621183663607 ], [ 3324213.762449817731977, 8436853.790065767243505 ], [ 3324222.44537009159103, 8436792.187882408499718 ], [ 3324209.020239504985511, 8436765.358760114759207 ], [ 3324230.371317824814469, 8436724.611798327416182 ], [ 3324174.811759982723743, 8436567.80187413841486 ], [ 3324148.974506178405136, 8436546.030441012233496 ], [ 3324123.727245674934238, 8436510.587670305743814 ], [ 3324098.246214242652059, 8436477.069348627701402 ], [ 3324060.041365017648786, 8436441.850662562996149 ], [ 3324024.163093147333711, 8436415.604572299867868 ], [ 3323986.047299514524639, 8436390.835330074653029 ], [ 3323949.656957992352545, 8436367.878545941784978 ], [ 3323948.41017969371751, 8436366.424171192571521 ], [ 3323948.577158928383142, 8436364.746046837419271 ], [ 3323948.788665961008519, 8436351.276315908879042 ], [ 3323949.612430192530155, 8436345.324582200497389 ], [ 3323953.419556773733348, 8436328.409154795110226 ], [ 3323961.390032310038805, 8436321.741444097831845 ], [ 3323967.612791841849685, 8436316.639978259801865 ], [ 3323973.134238583035767, 8436309.524781808257103 ], [ 3323979.891331670805812, 8436301.738348305225372 ], [ 3323982.796770378481597, 8436290.103463036939502 ], [ 3323984.377507144119591, 8436281.89193008095026 ], [ 3323985.412778407335281, 8436270.413699127733707 ], [ 3323983.96562502766028, 8436261.799443995580077 ], [ 3323987.060306868515909, 8436245.756819130852818 ], [ 3323992.08081590058282, 8436231.772690732032061 ], [ 3323996.333220444619656, 8436208.189916834235191 ], [ 3323995.732095191720873, 8436190.044209662824869 ], [ 3323999.027152116876096, 8436183.421373320743442 ], [ 3324011.583990673068911, 8436177.111784778535366 ], [ 3324022.203870087862015, 8436165.9469587597996 ], [ 3324018.830889513716102, 8436113.210725115612149 ], [ 3324010.726830586791039, 8436089.382215825840831 ], [ 3323992.782128675375134, 8436056.514661643654108 ], [ 3323992.782128675375134, 8436056.514661641791463 ], [ 3324326.139475646894425, 8436043.671967647969723 ], [ 3324415.350915525108576, 8436026.018893538042903 ], [ 3324546.57433120906353, 8436003.891082301735878 ], [ 3324675.760600213427097, 8435996.99992717243731 ], [ 3325126.148127783089876, 8435818.369120793417096 ], [ 3325400.261241771746427, 8435675.76292235776782 ], [ 3325454.418174013961107, 8435627.996952435001731 ], [ 3325649.572373223956674, 8435536.202144604176283 ], [ 3325922.772667382843792, 8435350.490635730326176 ], [ 3326039.524549261201173, 8435243.464232495054603 ], [ 3326135.103464008308947, 8435200.510930115357041 ], [ 3326238.619458440691233, 8435124.560262141749263 ], [ 3326345.519565396010876, 8435070.869541581720114 ], [ 3326446.820301963482052, 8435020.154541859403253 ], [ 3326514.44689258467406, 8434975.591848878189921 ], [ 3326679.021627690643072, 8434908.166681280359626 ], [ 3326765.728379023261368, 8434852.799761420115829 ], [ 3326860.906543601769954, 8434797.835922418162227 ], [ 3326899.133656718768179, 8434749.247962420806289 ], [ 3327063.797447407152504, 8434591.048504976555705 ], [ 3327108.035813024733216, 8434556.241501962766051 ], [ 3327179.925940139219165, 8434492.466373182833195 ], [ 3327244.958786625415087, 8434435.447268296033144 ], [ 3327296.444051086436957, 8434359.974248779937625 ], [ 3327408.943528421223164, 8434282.645405374467373 ], [ 3327398.19006561068818, 8434231.398997683078051 ], [ 3327431.819683767855167, 8434270.543973535299301 ], [ 3327475.200889308936894, 8434267.479473615065217 ], [ 3327539.209596482105553, 8434240.659561717882752 ], [ 3327645.419522594660521, 8434188.675290439277887 ], [ 3327757.239951035007834, 8434075.671162951737642 ], [ 3327923.451082647778094, 8433962.914816511794925 ], [ 3328002.966594878118485, 8433895.454198844730854 ], [ 3328415.037953733932227, 8433679.320452580228448 ], [ 3328535.207343987654895, 8433664.782034730538726 ], [ 3328590.098984871059656, 8433651.630383027717471 ], [ 3328682.026620322838426, 8433614.389864264056087 ], [ 3328798.856425852049142, 8433584.194987500086427 ], [ 3328913.203806735109538, 8433523.067516537383199 ], [ 3328934.387905821669847, 8433511.951452199369669 ], [ 3328949.627544104587287, 8433517.386467469856143 ], [ 3328992.619131431449205, 8433545.076031506061554 ], [ 3329051.329030848573893, 8433540.379086807370186 ], [ 3329150.626016586087644, 8433531.454900126904249 ], [ 3329214.167181899305433, 8433500.07495130226016 ], [ 3329268.212794651743025, 8433478.491528945043683 ], [ 3329404.122760895173997, 8433433.803981214761734 ], [ 3329542.158929407130927, 8433367.533608352765441 ], [ 3329623.611400776542723, 8433301.979534147307277 ], [ 3329665.233758360613137, 8433262.280575087293983 ], [ 3329715.850730795878917, 8433213.993510385975242 ], [ 3329783.622036757878959, 8433189.167954389005899 ], [ 3329826.02363077737391, 8433163.716255165636539 ], [ 3330109.376262493897229, 8432984.930615220218897 ], [ 3330266.169765197206289, 8432927.923198400065303 ], [ 3330328.653395345900208, 8432887.108038051053882 ], [ 3330438.837427277117968, 8432826.500738428905606 ], [ 3330760.706602786201984, 8432628.490555707365274 ], [ 3330902.950648043770343, 8432492.36444316059351 ], [ 3331024.667379205580801, 8432363.150957217440009 ], [ 3331155.779475386720151, 8432193.352055704221129 ], [ 3331360.37356739398092, 8431911.189971724525094 ], [ 3331410.656581349205226, 8431769.486881019547582 ], [ 3331470.257036681752652, 8431663.49645353667438 ], [ 3331551.10838279966265, 8431577.117620956152678 ], [ 3331737.190043478272855, 8431104.835869688540697 ], [ 3331756.893593335524201, 8431053.47744894400239 ], [ 3331784.66780627053231, 8431010.794558921828866 ], [ 3331901.586667363531888, 8430646.401426652446389 ], [ 3331985.310056335292757, 8430488.55849027261138 ], [ 3332099.96913176914677, 8430148.335760496556759 ], [ 3332152.222500705625862, 8429984.869903195649385 ], [ 3332179.384456430096179, 8429797.957228412851691 ], [ 3332262.618039634544402, 8429540.186040952801704 ], [ 3332294.455413978546858, 8429460.538337042555213 ], [ 3332326.882781624794006, 8429380.22088317014277 ], [ 3332418.06457646517083, 8429100.580816023051739 ], [ 3332460.187871750909835, 8428994.114734442904592 ], [ 3332598.847429369576275, 8428459.259433124214411 ], [ 3332661.542566536460072, 8428254.996947817504406 ], [ 3332638.911314062774181, 8428177.553468426689506 ], [ 3332671.494528992567211, 8428063.792375594377518 ], [ 3332678.051246995572001, 8428052.505761928856373 ], [ 3332716.389679603744298, 8428026.311945075169206 ], [ 3332737.885473265778273, 8428031.094768147915602 ], [ 3332738.330751227680594, 8428010.935413436964154 ], [ 3332731.462338648270816, 8428003.69415096193552 ], [ 3332713.706879874691367, 8427993.614504249766469 ], [ 3332712.905379541218281, 8427992.497027631849051 ], [ 3332713.539900636300445, 8427980.383592056110501 ], [ 3332712.593684964347631, 8427967.912585128098726 ], [ 3332712.961039283778518, 8427967.331499306485057 ], [ 3332748.338373441249132, 8427974.952667087316513 ], [ 3332755.206786019727588, 8427968.091380774974823 ], [ 3332767.741360674612224, 8427932.265289437025785 ], [ 3332778.873309745918959, 8427908.440923554822803 ], [ 3332845.575948575977236, 8427661.217396680265665 ], [ 3332881.354032886214554, 8427511.707290731370449 ], [ 3332907.035439384169877, 8427333.796459201723337 ], [ 3332941.366370323114097, 8427270.150971379131079 ], [ 3332968.650777497794479, 8427197.745959607884288 ], [ 3332979.682539014611393, 8427030.390312686562538 ], [ 3332984.068526936229318, 8426892.155497960746288 ], [ 3333016.61834602477029, 8426836.603085616603494 ], [ 3333031.546289728954434, 8426781.363934721797705 ], [ 3333023.765057319309562, 8426714.349033061414957 ], [ 3333013.33442103350535, 8426681.657423637807369 ], [ 3333017.508901932742447, 8426638.955205285921693 ], [ 3333043.780301746446639, 8426622.218506004661322 ], [ 3333058.318627235479653, 8426612.341860210523009 ], [ 3333078.723489884287119, 8426583.404705103486776 ], [ 3333102.634916491806507, 8426522.335391527041793 ], [ 3333101.655304966494441, 8426452.261604394763708 ], [ 3333119.900569492019713, 8426377.786592358723283 ], [ 3333099.918720901943743, 8426349.922897789627314 ], [ 3333107.421654569450766, 8426261.908279970288277 ], [ 3333101.844548075459898, 8426171.436875011771917 ], [ 3333090.367508576717228, 8426125.989323122426867 ], [ 3333066.47834586026147, 8426109.253790920600295 ], [ 3333065.287227307911962, 8426080.609083177521825 ], [ 3333104.694327029399574, 8426082.999861842021346 ], [ 3333155.2445077765733, 8426083.089236760511994 ], [ 3333201.887374396435916, 8426092.406578000634909 ], [ 3333233.546637563500553, 8426079.558928290382028 ], [ 3333246.081212219316512, 8426055.919311473146081 ], [ 3333254.407910122536123, 8426024.794676629826427 ], [ 3333277.072558431886137, 8425965.629186870530248 ], [ 3333282.248914747964591, 8425920.830860318616033 ], [ 3333299.970977666787803, 8425854.650490084663033 ], [ 3333314.999108913354576, 8425798.524997854605317 ], [ 3333327.845378135330975, 8425714.583331108093262 ], [ 3333349.641734405886382, 8425513.100428503006697 ], [ 3333370.447347214445472, 8425412.383388275280595 ], [ 3333395.29385753814131, 8425292.074356809258461 ], [ 3333406.403542708139867, 8425229.273153742775321 ], [ 3333423.59127206960693, 8425132.089851453900337 ], [ 3333452.456416011787951, 8425053.62923464551568 ], [ 3333461.194996029138565, 8424993.175810817629099 ], [ 3333466.538331581279635, 8424945.300447406247258 ], [ 3333468.096804446540773, 8424893.203112419694662 ], [ 3333470.133951113559306, 8424741.135514533147216 ], [ 3333476.245391147676855, 8424652.291246231645346 ], [ 3333482.100796350743622, 8424555.875094912946224 ], [ 3333489.804105102084577, 8424462.006830722093582 ], [ 3333491.663140593562275, 8424416.77088644169271 ], [ 3333503.173575930763036, 8424360.924425328150392 ], [ 3333508.717286560218781, 8424248.115866962820292 ], [ 3333526.172182695940137, 8424114.021131893619895 ], [ 3333552.566033928655088, 8423878.853059126064181 ], [ 3333564.087601203937083, 8423688.298273613676429 ], [ 3333572.848445098847151, 8423406.372910784557462 ], [ 3333581.26419858681038, 8423279.485453378409147 ], [ 3333579.037808766588569, 8423223.647624790668488 ], [ 3333579.594406218733639, 8423189.0730537828058 ], [ 3333577.590655377134681, 8423117.646256916224957 ], [ 3333578.826301710214466, 8422948.350990235805511 ], [ 3333572.191660048440099, 8422815.374300105497241 ], [ 3333566.403046526480466, 8422753.487580489367247 ], [ 3333565.679469832219183, 8422693.410389617085457 ], [ 3333551.10774848330766, 8422592.128949873149395 ], [ 3333544.439710981212556, 8422516.531694650650024 ], [ 3333492.70954362442717, 8422403.036771753802896 ], [ 3333471.369597236160189, 8422264.531565699726343 ], [ 3333376.881613476201892, 8422065.778247259557247 ], [ 3333344.966315464582294, 8421868.86143415980041 ], [ 3333192.336161685641855, 8421614.695131020620465 ], [ 3333150.346449772361666, 8421545.114672716706991 ], [ 3333149.155331216752529, 8421501.035480227321386 ], [ 3333120.53509014332667, 8421445.546092089265585 ], [ 3333088.98714646557346, 8421428.955181252211332 ], [ 3333073.613924790173769, 8421386.707701051607728 ], [ 3333062.971781473141164, 8421357.478481717407703 ], [ 3332944.928593475371599, 8421192.823459926992655 ], [ 3332851.052866916637868, 8421001.132500894367695 ], [ 3332696.619337388779968, 8420750.45693851262331 ], [ 3332616.12421362567693, 8420655.565505143254995 ], [ 3332486.425874954555184, 8420548.373148554936051 ], [ 3332431.667817455716431, 8420508.363404430449009 ], [ 3332323.699043379165232, 8420444.955550188198686 ], [ 3332154.94982735440135, 8420340.088196055963635 ], [ 3332113.18275442905724, 8420333.100069094449282 ], [ 3332083.594033788889647, 8420328.143638016656041 ], [ 3332029.748796119820327, 8420360.338173346593976 ], [ 3331767.435548128094524, 8420227.564530499279499 ], [ 3331477.103184320498258, 8420155.519031558185816 ], [ 3331050.961041803006083, 8420047.217689046636224 ], [ 3330744.465087931137532, 8419875.269419563934207 ], [ 3330663.535818153060973, 8419789.609336335211992 ], [ 3330592.903601257130504, 8419552.525642493739724 ], [ 3330597.645811560098082, 8419521.339212853461504 ], [ 3330668.656514700036496, 8419459.591811530292034 ], [ 3330892.119260404724628, 8419382.865918016061187 ], [ 3330967.2599166482687, 8419284.308808550238609 ], [ 3331512.970324147958308, 8419176.176547307521105 ], [ 3331606.745863148011267, 8419173.877303017303348 ], [ 3331742.622433548793197, 8419205.776591319590807 ], [ 3332049.552533423062414, 8419258.324775744229555 ], [ 3332051.188241527415812, 8419217.932275950908661 ], [ 3332052.81419450044632, 8419218.790826316922903 ], [ 3332136.515319588128477, 8419228.14412435516715 ], [ 3332216.086491567548364, 8419219.438190231099725 ], [ 3332338.638118927367032, 8419222.340167121961713 ], [ 3332475.716939829755574, 8419275.781392415985465 ], [ 3332597.689705832395703, 8419266.472679877653718 ], [ 3332757.989772495813668, 8419207.227576876059175 ], [ 3332875.89937708619982, 8419190.396161371842027 ], [ 3332997.293281742371619, 8419217.116609496995807 ], [ 3333201.742658441886306, 8419277.522591706365347 ], [ 3333359.148418351542205, 8419293.193404236808419 ], [ 3333515.385323603171855, 8419275.200992669910192 ], [ 3333618.767734654713422, 8419261.82948949560523 ], [ 3333737.835061946883798, 8419221.17937614582479 ], [ 3333859.228966599330306, 8419218.277399694547057 ], [ 3333933.579254468902946, 8419244.417551819235086 ], [ 3334059.61518189124763, 8419315.271001575514674 ], [ 3334156.607854180503637, 8419380.901459723711014 ], [ 3334282.06492024846375, 8419432.602600170299411 ], [ 3334413.332863735966384, 8419481.960115939378738 ], [ 3334519.0418521463871, 8419505.779533026739955 ], [ 3334559.695730166509748, 8419514.485805938020349 ], [ 3334623.003124551381916, 8419541.207430981099606 ], [ 3334707.661597263999283, 8419570.808943433687091 ], [ 3334791.44064599648118, 8419585.341856243088841 ], [ 3334915.161128004547209, 8419581.859312301501632 ], [ 3335008.669500228017569, 8419583.020160093903542 ], [ 3335088.24067221255973, 8419596.392246944829822 ], [ 3335232.866954588796943, 8419664.927363995462656 ], [ 3335311.280403871554881, 8419718.929914023727179 ], [ 3335362.977175373584032, 8419735.204427029937506 ], [ 3335424.536853750701994, 8419727.658763570711017 ], [ 3335680.516022718511522, 8419806.821641759946942 ], [ 3335973.475526507943869, 8419887.414166456088424 ], [ 3336383.120120435021818, 8419338.018362665548921 ], [ 3336643.485277273226529, 8418707.413443574681878 ], [ 3344282.406843274831772, 8420541.920668870210648 ], [ 3345219.216017833445221, 8423062.234012544155121 ], [ 3345212.904202712699771, 8423109.896110825240612 ], [ 3345206.247297171037644, 8423146.726125530898571 ], [ 3345201.048676955979317, 8423172.254861248657107 ], [ 3345187.189400360919535, 8423198.208049973472953 ], [ 3345172.528623431455344, 8423228.293315332382917 ], [ 3345169.500733289401978, 8423281.986997373402119 ], [ 3345172.528623441234231, 8423323.955002576112747 ], [ 3345197.486453274730593, 8423440.412445452064276 ], [ 3345239.075415021274239, 8423525.69066047295928 ], [ 3345297.306640636175871, 8423590.152534013614058 ], [ 3345359.701215201988816, 8423654.614972375333309 ], [ 3345430.411355729680508, 8423756.536466643214226 ], [ 3345465.766425997950137, 8423829.309679638594389 ], [ 3345461.603077047504485, 8423883.387478165328503 ], [ 3345449.12416214402765, 8423970.725860841572285 ], [ 3345434.563572769518942, 8424145.428074715659022 ], [ 3345440.808596207760274, 8424214.050255574285984 ], [ 3345478.245340950787067, 8424291.005252996459603 ], [ 3345509.437062264420092, 8424374.193505426868796 ], [ 3345542.710458052810282, 8424461.537715144455433 ], [ 3345555.189372971188277, 8424526.007789360359311 ], [ 3345575.983853843528777, 8424567.603126704692841 ], [ 3345640.460102887824178, 8424615.431353621184826 ], [ 3345665.417932715732604, 8424663.282230904325843 ], [ 3345665.417932720854878, 8424719.421402020379901 ], [ 3345665.41793272504583, 8424761.017832973971963 ], [ 3345717.404134903568774, 8424785.971336487680674 ], [ 3345748.595856210682541, 8424823.412920413538814 ], [ 3345777.717034990899265, 8424852.521872991696 ], [ 3345914.339445981197059, 8424888.556369081139565 ], [ 3346061.548340540844947, 8424920.301722347736359 ], [ 3346119.278628443367779, 8424965.764166345819831 ], [ 3346279.667750721331686, 8425164.863938180729747 ], [ 3346334.770898648072034, 8425268.459611004218459 ], [ 3346359.261186611838639, 8425283.763387022539973 ], [ 3346511.913604281377047, 8425467.679284842684865 ], [ 3346548.715827928856015, 8425550.679765410721302 ], [ 3346601.581454087048769, 8425615.24875458702445 ], [ 3346594.367951090447605, 8425671.194108663126826 ], [ 3346598.375452758278698, 8425676.600990515202284 ], [ 3346602.661253153346479, 8425682.365356532856822 ], [ 3346642.346651603467762, 8425691.749217845499516 ], [ 3346744.281909272540361, 8425688.867030588909984 ], [ 3346782.887508663814515, 8425693.558963894844055 ], [ 3346886.781989377457649, 8425740.925315357744694 ], [ 3346911.873402589000762, 8425721.330801840871572 ], [ 3346930.6307367766276, 8425713.39917210303247 ], [ 3346961.054353597108275, 8425713.510885130614042 ], [ 3346989.663462718017399, 8425721.397829733788967 ], [ 3347001.307481450494379, 8425729.485866688191891 ], [ 3347014.12035483494401, 8425737.26111501827836 ], [ 3347028.769999817479402, 8425741.908393805846572 ], [ 3347050.421640768181533, 8425737.216429652646184 ], [ 3347065.917313875164837, 8425709.511559508740902 ], [ 3347067.787481316830963, 8425704.752588281407952 ], [ 3347111.035103467293084, 8425662.882711235433817 ], [ 3347147.314125498291105, 8425643.176693627610803 ], [ 3347169.700475085992366, 8425633.323704618960619 ], [ 3347195.38188159884885, 8425635.714337926357985 ], [ 3347223.44552521687001, 8425643.176693627610803 ], [ 3347240.165712724905461, 8425638.395422928035259 ], [ 3347253.31254458008334, 8425626.755052605643868 ], [ 3347271.223850639071316, 8425600.770952668040991 ], [ 3347284.359550544526428, 8425591.81170991063118 ], [ 3347292.34115802962333, 8425587.477317079901695 ], [ 3347314.705243721138686, 8425586.025072630494833 ], [ 3347336.312356874346733, 8425593.911880541592836 ], [ 3347359.900956963654608, 8425605.864990817382932 ], [ 3347377.845658871810883, 8425610.936690207570791 ], [ 3347395.73470103321597, 8425611.830382084473968 ], [ 3347407.801733828615397, 8425606.602286098524928 ], [ 3347416.03937614383176, 8425598.693122321739793 ], [ 3347418.978210697416216, 8425587.119841491803527 ], [ 3347412.822242856957018, 8425554.679004630073905 ], [ 3347407.078157134354115, 8425544.937844628468156 ], [ 3347404.985350708011538, 8425528.225976338610053 ], [ 3347405.174593837466091, 8425506.018017578870058 ], [ 3347409.170963556040078, 8425495.070456953719258 ], [ 3347416.417862400878221, 8425483.028159072622657 ], [ 3347426.78170698788017, 8425475.074444388970733 ], [ 3347437.74667682684958, 8425475.63299148902297 ], [ 3347458.808324475772679, 8425489.038134582340717 ], [ 3347473.836455726064742, 8425484.413357453420758 ], [ 3347487.09460707148537, 8425478.358701938763261 ], [ 3347493.66245702560991, 8425472.862598288804293 ], [ 3347506.208163630217314, 8425454.184813333675265 ], [ 3347514.267694759182632, 8425439.238151162862778 ], [ 3347523.228913761675358, 8425415.064391111955047 ], [ 3347531.288444889709353, 8425397.749593321233988 ], [ 3347536.965738916769624, 8425387.003268351778388 ], [ 3347551.593119997996837, 8425372.950405543670058 ], [ 3347563.237138728611171, 8425362.204116802662611 ], [ 3347575.482282711658627, 8425358.629471218213439 ], [ 3347585.634620265569538, 8425359.813572371378541 ], [ 3347592.503032844513655, 8425356.238927954807878 ], [ 3347599.961438723839819, 8425345.492663625627756 ], [ 3347607.130413926206529, 8425329.96534476429224 ], [ 3347618.173307404387742, 8425306.976036444306374 ], [ 3347621.457232379820198, 8425295.626627929508686 ], [ 3347619.664988577831537, 8425276.212030723690987 ], [ 3347617.572182150091976, 8425262.114697085693479 ], [ 3347621.991565932985395, 8425248.464214336127043 ], [ 3347630.039965112227947, 8425232.937100287526846 ], [ 3347638.544774202164263, 8425225.050679352134466 ], [ 3347643.85471391165629, 8425220.984595954418182 ], [ 3347651.391043434850872, 8425219.264330575242639 ], [ 3347659.684345494955778, 8425223.665529815480113 ], [ 3347666.129744007717818, 8425226.301782391965389 ], [ 3347668.545376957394183, 8425232.445595044642687 ], [ 3347671.328364229761064, 8425239.505400644615293 ], [ 3347680.579013909213245, 8425256.819825973361731 ], [ 3347688.048551740590483, 8425269.643697578459978 ], [ 3347701.852168590761721, 8425268.884094806388021 ], [ 3347715.566729848273098, 8425256.618754992261529 ], [ 3347721.633642093744129, 8425242.476776549592614 ], [ 3347724.260782073251903, 8425223.732553167268634 ], [ 3347709.789248273707926, 8425184.099513445049524 ], [ 3347707.317955578677356, 8425168.862967623397708 ], [ 3347704.022898647934198, 8425135.597363613545895 ], [ 3347711.113950205501169, 8425115.758713684976101 ], [ 3347733.132945473771542, 8425115.579987352713943 ], [ 3347749.252007735427469, 8425106.330905558541417 ], [ 3347760.005470538511872, 8425096.478635570034385 ], [ 3347776.425095421262085, 8425087.810436142608523 ], [ 3347787.467988902702928, 8425081.555040849372745 ], [ 3347791.353039129637182, 8425072.283661173656583 ], [ 3347791.876240734010935, 8425062.141008591279387 ], [ 3347787.467988901305944, 8425055.260098069906235 ], [ 3347781.801826822105795, 8425047.798338737338781 ], [ 3347776.202456436585635, 8425025.413106149062514 ], [ 3347772.395329848863184, 8425003.340707978233695 ], [ 3347771.571565617341548, 8424994.203469399362803 ], [ 3347776.202456430997699, 8424985.781134862452745 ], [ 3347781.2786252098158, 8424981.447099093347788 ], [ 3347787.100634573958814, 8424976.956683283671737 ], [ 3347788.67023939313367, 8424972.265207005664706 ], [ 3347791.653601743746549, 8424963.597153948619962 ], [ 3347788.369676766917109, 8424947.646175786852837 ], [ 3347773.107774582691491, 8424916.012405438348651 ], [ 3347768.955557577311993, 8424890.745699290186167 ], [ 3347768.365564272738993, 8424867.757763525471091 ], [ 3347777.916776576545089, 8424844.166720449924469 ], [ 3347787.178558203857392, 8424826.853266330435872 ], [ 3347799.412570236250758, 8424817.604547534137964 ], [ 3347815.832195121794939, 8424816.710952138528228 ], [ 3347830.470708151813596, 8424811.930218564346433 ], [ 3347840.322483081836253, 8424803.865530217066407 ], [ 3347845.999777109362185, 8424794.013665297999978 ], [ 3347849.60652860859409, 8424783.960755510255694 ], [ 3347850.775383258704096, 8424769.819685673341155 ], [ 3347849.23917428497225, 8424755.097810871899128 ], [ 3347840.021920451894403, 8424745.64812527783215 ], [ 3347821.810051765758544, 8424736.689923901110888 ], [ 3347810.166033033281565, 8424729.51890273205936 ], [ 3347801.805939278565347, 8424723.554226892068982 ], [ 3347791.653601720463485, 8424708.609049126505852 ], [ 3347779.70902036363259, 8424689.218340564519167 ], [ 3347767.764439004007727, 8424672.195663891732693 ], [ 3347762.387707602698356, 8424664.734293090179563 ], [ 3347762.387707601767033, 8424655.776190239936113 ], [ 3347766.573320450726897, 8424650.682809945195913 ], [ 3347774.933414204511791, 8424644.427786337211728 ], [ 3347791.353039090521634, 8424641.72472420334816 ], [ 3347807.572288891300559, 8424637.837677923962474 ], [ 3347816.132757728453726, 8424624.411746516823769 ], [ 3347812.848832749761641, 8424607.992379523813725 ], [ 3347797.330895739607513, 8424594.25375366769731 ], [ 3347780.154298318084329, 8424586.233982311561704 ], [ 3347760.306033115368336, 8424570.082770124077797 ], [ 3347736.116307776421309, 8424546.179934749379754 ], [ 3347725.963970219250768, 8424535.434853678569198 ], [ 3347716.412757912650704, 8424526.476908277720213 ], [ 3347698.49031990300864, 8424518.412532845512033 ], [ 3347678.486207415815443, 8424505.277225583791733 ], [ 3347660.897727877367288, 8424495.314065985381603 ], [ 3347650.077473376877606, 8424478.001432858407497 ], [ 3347651.880849124398082, 8424460.33141964673996 ], [ 3347670.281960942782462, 8424441.924270231276751 ], [ 3347671.517607288900763, 8424434.507810425013304 ], [ 3347670.437808226794004, 8424418.915398225188255 ], [ 3347672.085336688905954, 8424408.728969134390354 ], [ 3347682.671820256393403, 8424387.931720202788711 ], [ 3347692.223032561596483, 8424379.286694180220366 ], [ 3347695.540353385731578, 8424370.485308608040214 ], [ 3347694.916964234784245, 8424364.342215780168772 ], [ 3347691.933601883705705, 8424359.293714253231883 ], [ 3347679.087332651019096, 8424352.413461098447442 ], [ 3347668.122362814377993, 8424349.554137010127306 ], [ 3347650.422563784755766, 8424347.029890883713961 ], [ 3347639.791552420705557, 8424348.481890758499503 ], [ 3347625.364546419586986, 8424344.863060822710395 ], [ 3347617.872744692023844, 8424335.681963238865137 ], [ 3347609.490387036465108, 8424316.001838890835643 ], [ 3347609.223220259416848, 8424305.837890636175871 ], [ 3347616.158424531575292, 8424296.880224803462625 ], [ 3347632.756160597782582, 8424275.94926261715591 ], [ 3347630.229208158329129, 8424266.209795707836747 ], [ 3347620.13253034837544, 8424263.328166913241148 ], [ 3347606.829851203598082, 8424269.404160728678107 ], [ 3347594.885269848629832, 8424272.978277081623673 ], [ 3347576.973963787313551, 8424270.588086578994989 ], [ 3347568.613870033062994, 8424272.687880059704185 ], [ 3347562.947707954328507, 8424276.306674491614103 ], [ 3347559.730574673973024, 8424284.415461068972945 ], [ 3347555.478170128539205, 8424296.947239717468619 ], [ 3347551.760099135804921, 8424301.571270387619734 ], [ 3347543.099442759063095, 8424304.095500921830535 ], [ 3347535.240286710672081, 8424300.968135792762041 ], [ 3347531.210521146189421, 8424295.160175502300262 ], [ 3347529.718839969951659, 8424287.475804332643747 ], [ 3347531.143729451112449, 8424273.20165940746665 ], [ 3347536.06405093986541, 8424262.747373653575778 ], [ 3347540.939844632986933, 8424251.064503522589803 ], [ 3347545.982617559377104, 8424209.202899407595396 ], [ 3347556.814004006329924, 8424174.199275620281696 ], [ 3347556.068163416814059, 8424166.69373407587409 ], [ 3347552.639523102436215, 8424160.573149304836988 ], [ 3347539.492691244930029, 8424152.553850702941418 ], [ 3347526.813401248306036, 8424147.728873029351234 ], [ 3347519.499710707459599, 8424147.282115992158651 ], [ 3347512.776013465598226, 8424145.182358309626579 ], [ 3347505.462322922889143, 8424140.558425925672054 ], [ 3347500.386154144536704, 8424132.941229665651917 ], [ 3347500.241438806056976, 8424118.466344712302089 ], [ 3347500.530869479756802, 8424099.657971916720271 ], [ 3347499.039188303984702, 8424090.856920892372727 ], [ 3347497.402791787404567, 8424079.196661369875073 ], [ 3347493.306234528776258, 8424070.283946730196476 ], [ 3347488.441572781652212, 8424052.771275721490383 ], [ 3347487.840447530150414, 8424041.736527394503355 ], [ 3347484.111244590487331, 8424034.119433449581265 ], [ 3347474.114754320587963, 8424027.395846812054515 ], [ 3347456.492878937162459, 8424025.608848074451089 ], [ 3347434.696522647980601, 8424026.345984995365143 ], [ 3347418.722175727132708, 8424019.935129968449473 ], [ 3347414.692410162184387, 8424014.105054093524814 ], [ 3347415.738813373725861, 8424005.90721576847136 ], [ 3347422.751941289752722, 8423999.340016722679138 ], [ 3347432.904278844129294, 8423992.906847834587097 ], [ 3347435.475759081542492, 8423987.702239625155926 ], [ 3347437.234607034362853, 8423981.715827859938145 ], [ 3347440.37381667457521, 8423976.645251559093595 ], [ 3347447.386944590136409, 8423974.545542567968369 ], [ 3347460.522644496522844, 8423977.538744922727346 ], [ 3347473.814191690646112, 8423980.085201617330313 ], [ 3347480.382041644304991, 8423979.325731981545687 ], [ 3347486.048203722108155, 8423972.468171495944262 ], [ 3347489.632691320963204, 8423958.418010538443923 ], [ 3347491.881345035508275, 8423949.014022724702954 ], [ 3347496.011298141442239, 8423941.48637368157506 ], [ 3347501.276710053440183, 8423932.752523466944695 ], [ 3347508.890963219106197, 8423924.845159072428942 ], [ 3347512.475450821686536, 8423917.518569136038423 ], [ 3347515.614660458173603, 8423910.214323630556464 ], [ 3347515.759375794325024, 8423894.824056372046471 ], [ 3347513.521854030899704, 8423886.313632141798735 ], [ 3347506.508726113010198, 8423871.236133061349392 ], [ 3347500.241438782773912, 8423860.045298162847757 ], [ 3347496.501103893853724, 8423844.364755751565099 ], [ 3347495.610547964926809, 8423833.017603449523449 ], [ 3347494.708860088139772, 8423823.770134011283517 ], [ 3347495.454700676258653, 8423810.323351357132196 ], [ 3347499.195035565644503, 8423795.558722971007228 ], [ 3347500.987279364373535, 8423785.551850985735655 ], [ 3347499.195035564247519, 8423774.65152377448976 ], [ 3347495.309985333587974, 8423759.730610257014632 ], [ 3347495.911110583692789, 8423751.667075280100107 ], [ 3347499.484466234687716, 8423741.950639050453901 ], [ 3347504.850065689068288, 8423732.948986595496535 ], [ 3347514.712972566951066, 8423730.916356913745403 ], [ 3347522.171378446742892, 8423730.782337406650186 ], [ 3347531.889569990336895, 8423734.19983590580523 ], [ 3347543.455665077082813, 8423736.54517893306911 ], [ 3347553.685926276724786, 8423737.326960109174252 ], [ 3347561.444894779007882, 8423737.036584233865142 ], [ 3347568.914432608988136, 8423732.993659779429436 ], [ 3347578.766207540873438, 8423733.753103982657194 ], [ 3347594.284144548233598, 8423735.227319421246648 ], [ 3347606.08401056798175, 8423740.163709646090865 ], [ 3347611.0154640073888, 8423747.021053591743112 ], [ 3347614.889382286928594, 8423748.070875538513064 ], [ 3347622.948913416825235, 8423746.730677330866456 ], [ 3347629.672610656823963, 8423742.710084170103073 ], [ 3347640.570788798388094, 8423731.80982043966651 ], [ 3347648.029194676317275, 8423725.823616899549961 ], [ 3347652.815932780038565, 8423724.930154101923108 ], [ 3347657.892101558856666, 8423726.426704352721572 ], [ 3347672.82004526630044, 8423735.227319417521358 ], [ 3347680.133735809475183, 8423741.660262981429696 ], [ 3347686.846301102545112, 8423747.780499236658216 ], [ 3347698.490319833625108, 8423748.964341146871448 ], [ 3347705.358732411637902, 8423751.801095167174935 ], [ 3347711.781867028214037, 8423751.510718720033765 ], [ 3347721.333079332951456, 8423748.070875532925129 ], [ 3347732.832382726948708, 8423745.993568416684866 ], [ 3347744.17583883414045, 8423744.787390356883407 ], [ 3347751.645376660861075, 8423743.00046026520431 ], [ 3347757.311538740992546, 8423737.326960096135736 ], [ 3347767.463876295369118, 8423727.186147866770625 ], [ 3347775.679254710208625, 8423717.760119076818228 ], [ 3347784.039348464924842, 8423705.832412749528885 ], [ 3347792.544157555792481, 8423699.265481570735574 ], [ 3347811.056588865350932, 8423685.818926483392715 ], [ 3347816.21068128477782, 8423680.301825443282723 ], [ 3347823.747010807972401, 8423674.405009472742677 ], [ 3347832.040312869474292, 8423671.25557560659945 ], [ 3347846.37826327374205, 8423666.676613880321383 ], [ 3347854.504586098250002, 8423664.174938429147005 ], [ 3347867.039160756859928, 8423662.231673277914524 ], [ 3347877.848283306695521, 8423658.858880935236812 ], [ 3347886.008001978974789, 8423656.111508183181286 ], [ 3347894.512811068445444, 8423651.487883193418384 ], [ 3347903.618745413143188, 8423646.261180182918906 ], [ 3347918.847251746337861, 8423637.907397607341409 ], [ 3347932.138798938598484, 8423629.687642194330692 ], [ 3347940.944170655682683, 8423620.440428331494331 ], [ 3347954.825711149722338, 8423605.20712068490684 ], [ 3347966.469729879871011, 8423596.69703147560358 ], [ 3347976.477352099027485, 8423596.406661147251725 ], [ 3347984.392167889513075, 8423601.030251523479819 ], [ 3347991.850573770236224, 8423608.937267882749438 ], [ 3347996.782027210108936, 8423616.710275299847126 ], [ 3348002.904599202796817, 8423620.12772081233561 ], [ 3348007.980767979752272, 8423619.68099581822753 ], [ 3348012.901089472696185, 8423616.107196841388941 ], [ 3348020.960620598867536, 8423608.646897073835135 ], [ 3348027.984880464151502, 8423600.873898176476359 ], [ 3348032.760486619081348, 8423593.703984064981341 ], [ 3348035.298571003600955, 8423587.896582115441561 ], [ 3348038.727211317978799, 8423571.903914289548993 ], [ 3348043.8033800967969, 8423565.337102651596069 ], [ 3348048.278423623647541, 8423561.00390362739563 ], [ 3348055.447398825548589, 8423557.876854367554188 ], [ 3348064.252770544495434, 8423557.876854365691543 ], [ 3348069.930064571090043, 8423560.266813319176435 ], [ 3348076.353199187666178, 8423565.493455240502954 ], [ 3348081.429367966484278, 8423573.110064001753926 ], [ 3348083.511042444966733, 8423580.57032772898674 ], [ 3348086.806099370121956, 8423595.959937587380409 ], [ 3348090.535302312113345, 8423600.427174350246787 ], [ 3348094.709783215075731, 8423604.604043168947101 ], [ 3348101.277633168268949, 8423605.653844799846411 ], [ 3348105.407586275599897, 8423604.269000124186277 ], [ 3348111.429970724042505, 8423602.370423182845116 ], [ 3348126.357914429623634, 8423592.363813972100616 ], [ 3348131.434083208907396, 8423584.144109440967441 ], [ 3348137.411939858924598, 8423572.819694604724646 ], [ 3348145.916748952586204, 8423556.693043207749724 ], [ 3348146.484478352591395, 8423550.639974031597376 ], [ 3348152.339883564040065, 8423536.233242712914944 ], [ 3348161.145255280658603, 8423523.836775559931993 ], [ 3348169.805911659728736, 8423509.653455879539251 ], [ 3348181.839548607356846, 8423490.332914792001247 ], [ 3348190.711712018121034, 8423476.060316456481814 ], [ 3348199.216521108523011, 8423464.267016649246216 ], [ 3348209.068296039942652, 8423455.757090460509062 ], [ 3348218.775355630554259, 8423443.673458909615874 ], [ 3348231.165214950218797, 8423432.170574851334095 ], [ 3348240.271149291656911, 8423423.817035369575024 ], [ 3348247.74068711977452, 8423417.094006475061178 ], [ 3348255.19909299723804, 8423412.314182359725237 ], [ 3348260.876387025229633, 8423411.733456274494529 ], [ 3348272.820968383457512, 8423413.207607191056013 ], [ 3348282.817458652891219, 8423416.200581166893244 ], [ 3348292.669233583845198, 8423421.427120741456747 ], [ 3348300.584049374330789, 8423424.710461596027017 ], [ 3348316.257833673153073, 8423428.150153597816825 ], [ 3348327.156011814717203, 8423432.17057484947145 ], [ 3348336.562508782371879, 8423430.227370962500572 ], [ 3348341.638677559792995, 8423425.313524359837174 ], [ 3348348.507090139202774, 8423411.867469981312752 ], [ 3348355.676065341103822, 8423402.017468990758061 ], [ 3348366.418396196793765, 8423398.734138261526823 ], [ 3348381.502187192440033, 8423390.380636738613248 ], [ 3348389.261155697517097, 8423383.36727648973465 ], [ 3348395.383727686479688, 8423378.431125668808818 ], [ 3348401.361584339290857, 8423375.594515604898334 ], [ 3348404.790224654600024, 8423375.594515604898334 ], [ 3348411.057511982973665, 8423379.480895016342402 ], [ 3348413.150318410247564, 8423384.707408498972654 ], [ 3348415.243124834727496, 8423394.557386312633753 ], [ 3348413.896158998832107, 8423404.563726481050253 ], [ 3348415.087277550250292, 8423413.967018377035856 ], [ 3348414.764451026916504, 8423421.695148495957255 ], [ 3348412.259762486908585, 8423427.390740927308798 ], [ 3348406.137190498877317, 8423448.743667872622609 ], [ 3348407.027746425941586, 8423453.813880337402225 ], [ 3348410.467518689576536, 8423456.963221125304699 ], [ 3348415.387840178795159, 8423456.963221119716763 ], [ 3348425.985455697868019, 8423449.346732610836625 ], [ 3348433.310278187971562, 8423445.303966250270605 ], [ 3348442.78356685070321, 8423444.455208953469992 ], [ 3348454.505509225185961, 8423445.616666322574019 ], [ 3348468.542897006962448, 8423445.907030699774623 ], [ 3348480.331631077453494, 8423445.169951925054193 ], [ 3348495.860700036864728, 8423442.176966162398458 ], [ 3348503.920231162104756, 8423434.873192580416799 ], [ 3348515.419534556102008, 8423423.07995880395174 ], [ 3348523.479065685998648, 8423413.654319634661078 ], [ 3348531.683312152512372, 8423404.854089232161641 ], [ 3348541.089809116907418, 8423396.344231765717268 ], [ 3348548.559346947818995, 8423394.713735265657306 ], [ 3348554.826634275726974, 8423398.890487296506763 ], [ 3348558.26640654169023, 8423405.903862353414297 ], [ 3348558.85639984253794, 8423412.917244097217917 ], [ 3348555.427759529557079, 8423425.000825127586722 ], [ 3348556.474162741098553, 8423430.383720668032765 ], [ 3348558.85639984253794, 8423433.220351858064532 ], [ 3348566.771215636748821, 8423437.553475622087717 ], [ 3348578.715796994511038, 8423439.049967408180237 ], [ 3348589.613975136075169, 8423440.099745411425829 ], [ 3348599.165187444072217, 8423443.226744601503015 ], [ 3348603.194953007157892, 8423448.609653480350971 ], [ 3348606.89076009998098, 8423457.298257445916533 ], [ 3348608.271121786441654, 8423465.473148690536618 ], [ 3348608.337913482449949, 8423475.345570452511311 ], [ 3348608.571684413123876, 8423482.180331733077765 ], [ 3348612.156172016169876, 8423487.853635145351291 ], [ 3348622.007946946192533, 8423493.973660254850984 ], [ 3348631.414443914312869, 8423493.526942916214466 ], [ 3348644.705991109833121, 8423491.896424878388643 ], [ 3348656.016051368787885, 8423490.332914769649506 ], [ 3348701.768362060189247, 8423471.615490986034274 ], [ 3348714.269540871027857, 8423467.55037659779191 ], [ 3348744.125428286846727, 8423461.296358851715922 ], [ 3348768.315153624862432, 8423459.933877112343907 ], [ 3348786.682869597803801, 8423458.593731401488185 ], [ 3348803.848335069138557, 8423455.020010676234961 ], [ 3348815.937631763517857, 8423449.190382469445467 ], [ 3348826.83580990601331, 8423439.340331504121423 ], [ 3348834.004785110708326, 8423432.326924577355385 ], [ 3348842.364878863561898, 8423428.596866929903626 ], [ 3348861.767866099718958, 8423432.840645238757133 ], [ 3348880.068790378980339, 8423442.176966143772006 ], [ 3348888.339828542433679, 8423451.736656285822392 ], [ 3348892.970719357021153, 8423458.013001658022404 ], [ 3348897.902172797359526, 8423465.919864308089018 ], [ 3348901.486660400871187, 8423474.876518415287137 ], [ 3348907.753947730641812, 8423483.542817570269108 ], [ 3348924.986204896122217, 8423487.71962002851069 ], [ 3348947.828964397311211, 8423486.13377496227622 ], [ 3348966.630826382897794, 8423483.766175929456949 ], [ 3348980.812929501757026, 8423484.458586882799864 ], [ 3348994.338247628416866, 8423492.454821404069662 ], [ 3349003.388522226829082, 8423502.394287051633 ], [ 3349013.38501249672845, 8423514.85772586427629 ], [ 3349027.845414344687015, 8423529.554782992228866 ], [ 3349039.177738504484296, 8423540.387739038094878 ], [ 3349046.881047264207155, 8423550.304933398962021 ], [ 3349062.421248174272478, 8423574.762936094775796 ], [ 3349116.811951354611665, 8423638.733840852975845 ], [ 3349134.678729622624815, 8423650.415738616138697 ], [ 3349145.087102006189525, 8423654.16824509203434 ], [ 3349161.094844774808735, 8423661.628591014072299 ], [ 3349174.53110730741173, 8423667.011659691110253 ], [ 3349181.55536717409268, 8423674.80706487968564 ], [ 3349183.19176368881017, 8423686.712384453043342 ], [ 3349184.538729528896511, 8423704.045492045581341 ], [ 3349188.869057720061392, 8423718.072830658406019 ], [ 3349193.499948535114527, 8423724.930154018104076 ], [ 3349199.466673240065575, 8423736.723871683701873 ], [ 3349205.511321586556733, 8423740.945491118356586 ], [ 3349212.758220434188843, 8423740.61044186912477 ], [ 3349223.801113916561007, 8423734.043479641899467 ], [ 3349240.821864048484713, 8423728.816717971116304 ], [ 3349254.258126582019031, 8423720.150129890069366 ], [ 3349262.918782959226519, 8423707.328959034755826 ], [ 3349274.262239065952599, 8423698.975107114762068 ], [ 3349285.015701869037002, 8423697.322207057848573 ], [ 3349298.140269828494638, 8423701.968197355046868 ], [ 3349306.511495533864945, 8423712.086638297885656 ], [ 3349322.107356188353151, 8423734.155162613838911 ], [ 3349335.922104991506785, 8423747.021053498610854 ], [ 3349351.150611324701458, 8423755.084583384916186 ], [ 3349363.785373524297029, 8423759.730610158294439 ], [ 3349380.705936117563397, 8423753.744383895769715 ], [ 3349398.472526839002967, 8423755.687673227861524 ], [ 3349412.654629959724844, 8423765.091413918882608 ], [ 3349421.337550240103155, 8423777.622307972982526 ], [ 3349434.595701586920768, 8423792.275216497480869 ], [ 3349438.92602977855131, 8423804.203062973916531 ], [ 3349451.994937993586063, 8423817.672171283513308 ], [ 3349471.030570910312235, 8423818.386950524523854 ], [ 3349481.628186428919435, 8423816.309623556211591 ], [ 3349491.769392034038901, 8423810.256340766325593 ], [ 3349517.30608320934698, 8423791.38174563087523 ], [ 3349524.619773749727756, 8423789.28208951279521 ], [ 3349531.933464291971177, 8423789.728824807330966 ], [ 3349544.479170898906887, 8423793.615422992035747 ], [ 3349550.601742888335139, 8423793.168687466531992 ], [ 3349557.314308181405067, 8423790.019202752038836 ], [ 3349572.39809917518869, 8423779.878317894414067 ], [ 3349586.424355007708073, 8423776.438461439684033 ], [ 3349598.079505688976496, 8423777.331930495798588 ], [ 3349608.075995959807187, 8423775.991726957261562 ], [ 3349614.944408535026014, 8423769.424733150750399 ], [ 3349617.181930300313979, 8423761.807921139523387 ], [ 3349617.783055547624826, 8423755.53131659142673 ], [ 3349615.868360307067633, 8423749.634440314024687 ], [ 3349612.706886767875403, 8423735.540031718090177 ], [ 3349613.898005320224911, 8423726.583060255274177 ], [ 3349621.066980521194637, 8423718.229186473414302 ], [ 3349646.59253974724561, 8423705.966431714594364 ], [ 3349662.722733955830336, 8423701.208756409585476 ], [ 3349677.940108338370919, 8423700.605671029537916 ], [ 3349694.671427798457444, 8423697.992301607504487 ], [ 3349704.667918067891151, 8423699.265481466427445 ], [ 3349710.634642771910876, 8423700.896045466884971 ], [ 3349719.150583813432604, 8423708.959524795413017 ], [ 3349728.111802819184959, 8423710.00934131257236 ], [ 3349731.98572109406814, 8423708.066064048558474 ], [ 3349737.429244192317128, 8423699.578192338347435 ], [ 3349738.553571049589664, 8423687.605842581018806 ], [ 3349741.548065347597003, 8423679.542386649176478 ], [ 3349747.960068013519049, 8423675.365475285798311 ], [ 3349763.188574346713722, 8423676.571641961112618 ], [ 3349768.420590412802994, 8423680.30182533711195 ], [ 3349781.255727694369853, 8423681.642011441290379 ], [ 3349799.467596380505711, 8423683.585281729698181 ], [ 3349811.857455699238926, 8423686.86873959377408 ], [ 3349820.963390043471009, 8423698.37202188745141 ], [ 3349827.831802622880787, 8423709.115880431607366 ], [ 3349836.492459004279226, 8423716.419926274567842 ], [ 3349854.259049725718796, 8423717.469743862748146 ], [ 3349865.157227869611233, 8423719.859754662960768 ], [ 3349873.517321624793112, 8423720.753216844052076 ], [ 3349884.860777731519192, 8423721.512659786269069 ], [ 3349894.712552662473172, 8423721.512659782543778 ], [ 3349900.690409314353019, 8423724.483422618359327 ], [ 3349905.911293430719525, 8423726.873435702174902 ], [ 3349913.380831260234118, 8423725.533241353929043 ], [ 3349918.902277999557555, 8423721.959390956908464 ], [ 3349924.568440077826381, 8423713.292810952290893 ], [ 3349930.401581392157823, 8423703.889136470854282 ], [ 3349934.876624918077141, 8423693.592015013098717 ], [ 3349937.414709306787699, 8423685.818926367908716 ], [ 3349935.321902881842107, 8423674.91874692030251 ], [ 3349927.106524461414665, 8423663.571855979040265 ], [ 3349926.705774293746799, 8423658.769535355269909 ], [ 3349929.199330886360258, 8423655.37440824508667 ], [ 3349935.177187538705766, 8423651.041156187653542 ], [ 3349943.236718669068068, 8423645.367726936936378 ], [ 3349952.042090385686606, 8423643.268112493678927 ], [ 3349957.864099750760943, 8423639.984674094244838 ], [ 3349969.207555858418345, 8423635.204705161973834 ], [ 3349978.914615449961275, 8423634.177235608920455 ], [ 3349989.066953006666154, 8423633.261447656899691 ], [ 3350010.262184044346213, 8423634.311253374442458 ], [ 3350023.698446575552225, 8423634.311253366991878 ], [ 3350033.706068794708699, 8423635.964139269664884 ], [ 3350046.240643450524658, 8423633.864527512341738 ], [ 3350054.611869154497981, 8423629.531288124620914 ], [ 3350059.977468606550246, 8423627.900739941745996 ], [ 3350070.285653450060636, 8423622.383682334795594 ], [ 3350076.552940777502954, 8423615.057393606752157 ], [ 3350082.374950142577291, 8423604.157319011166692 ], [ 3350088.341674846131355, 8423597.88084895350039 ], [ 3350095.06537208519876, 8423587.449858969077468 ], [ 3350100.44210348604247, 8423570.273378767073154 ], [ 3350103.870743801817298, 8423559.083001669496298 ], [ 3350109.692753164563328, 8423546.373791640624404 ], [ 3350118.353409543633461, 8423535.630170747637749 ], [ 3350129.106872349046171, 8423532.056412605568767 ], [ 3350138.05695940554142, 8423533.843291459605098 ], [ 3350147.764018998481333, 8423536.970330504700541 ], [ 3350152.539625151548535, 8423539.069914607331157 ], [ 3350158.517481803894043, 8423545.927071116864681 ], [ 3350166.577012935653329, 8423555.933617165312171 ], [ 3350190.466175649315119, 8423577.733639618381858 ], [ 3350200.317950581666082, 8423587.740228930488229 ], [ 3350213.898928453214467, 8423604.313672414049506 ], [ 3350225.097669222857803, 8423616.844292618334293 ], [ 3350240.025612932629883, 8423628.950544880703092 ], [ 3350248.830984650645405, 8423635.807785170152783 ], [ 3350255.999959855340421, 8423639.984674075618386 ], [ 3350275.25823175534606, 8423647.310987627133727 ], [ 3350289.440334872808307, 8423651.644237484782934 ], [ 3350298.100991253741086, 8423658.94822627492249 ], [ 3350307.062210260424763, 8423670.451464915648103 ], [ 3350319.89734754152596, 8423679.855096662417054 ], [ 3350330.650810351129621, 8423683.87565546669066 ], [ 3350349.163241658825427, 8423685.528552502393723 ], [ 3350364.681178669910878, 8423688.812011230736971 ], [ 3350382.748332016635686, 8423691.492386782541871 ], [ 3350391.408988395705819, 8423687.159113453701138 ], [ 3350395.739316585008055, 8423678.648929445073009 ], [ 3350397.375713098794222, 8423670.741838160902262 ], [ 3350395.438753957860172, 8423660.735135950148106 ], [ 3350391.108425767626613, 8423646.864260977134109 ], [ 3350389.761459928937256, 8423634.177235584706068 ], [ 3350387.523938164114952, 8423625.220387533307076 ], [ 3350388.125063414219767, 8423619.390624457970262 ], [ 3350393.501794815994799, 8423612.220692297443748 ], [ 3350405.034494055900723, 8423615.102066064253449 ], [ 3350413.049497391097248, 8423621.624249611049891 ], [ 3350422.455994357354939, 8423627.744386006146669 ], [ 3350428.433851012494415, 8423634.467607405036688 ], [ 3350434.155672836117446, 8423635.897130349650979 ], [ 3350443.662357345223427, 8423630.737447258085012 ], [ 3350457.68861317820847, 8423619.390624450519681 ], [ 3350469.043201232329011, 8423614.61066890321672 ], [ 3350500.090207199566066, 8423599.087002912536263 ], [ 3350523.678807286079973, 8423584.61316828802228 ], [ 3350549.950207098852843, 8423573.847155449911952 ], [ 3350587.130917006637901, 8423554.883822616189718 ], [ 3350623.109376410488039, 8423537.57340244948864 ], [ 3350647.287969800177962, 8423525.48963651061058 ], [ 3350673.414654275402427, 8423512.043399037793279 ], [ 3350701.033019925933331, 8423495.470163404941559 ], [ 3350721.571465965826064, 8423484.949975257739425 ], [ 3350736.120923407375813, 8423478.896965108811855 ], [ 3350750.002463901415467, 8423474.117100842297077 ], [ 3350778.667232767678797, 8423470.990088516846299 ], [ 3350794.040454438887537, 8423467.706726994365454 ], [ 3350810.014801357407123, 8423463.976651407778263 ], [ 3350826.59027352835983, 8423460.536942662671208 ], [ 3350855.399757733568549, 8423461.140008360147476 ], [ 3350869.960347122978419, 8423459.420154454186559 ], [ 3350884.520936511922628, 8423457.700300941243768 ], [ 3350900.339436145033687, 8423460.536942662671208 ], [ 3350914.076261303387582, 8423460.693293020129204 ], [ 3350936.0173329282552, 8423459.487161731347442 ], [ 3350958.414814464282244, 8423455.913440570235252 ], [ 3350987.380145956296474, 8423456.069790836423635 ], [ 3351034.100936220027506, 8423457.409936102107167 ], [ 3351063.222114998381585, 8423455.466725543141365 ], [ 3351091.430473952088505, 8423452.630085781216621 ], [ 3351133.976783314719796, 8423450.396511932834983 ], [ 3351179.361739688552916, 8423446.510095054283738 ], [ 3351206.234264752361923, 8423445.460316129028797 ], [ 3351236.10128411790356, 8423445.616666175425053 ], [ 3351270.432215061504394, 8423449.949797244742513 ], [ 3351288.799931036308408, 8423451.58030597679317 ], [ 3351301.779783655889332, 8423451.446291547268629 ], [ 3351317.609415240120143, 8423448.60965333878994 ], [ 3351329.108718631323427, 8423443.673458741977811 ], [ 3351345.828906140755862, 8423435.90063414722681 ], [ 3351360.601002561859787, 8423431.880210848525167 ], [ 3351373.447271792218089, 8423428.8872304931283 ], [ 3351395.544190703891218, 8423426.050600981339812 ], [ 3351409.726293825078756, 8423426.653663856908679 ], [ 3351417.785824954975396, 8423430.986783750355244 ], [ 3351433.236970271449536, 8423439.988066736608744 ], [ 3351453.01844377676025, 8423447.693888476118445 ], [ 3351474.681216673459858, 8423453.769208686426282 ], [ 3351484.96713761985302, 8423456.650520393624902 ], [ 3351506.908209246117622, 8423466.366579823195934 ], [ 3351524.374237343668938, 8423477.110099559649825 ], [ 3351537.810499877668917, 8423480.840181801468134 ], [ 3351555.577090599574149, 8423482.939749890938401 ], [ 3351564.983587568625808, 8423485.776401339098811 ], [ 3351582.004337702412158, 8423495.470163360238075 ], [ 3351594.995322270318866, 8423499.512957286089659 ], [ 3351614.999434757977724, 8423500.853110460564494 ], [ 3351628.580412629060447, 8423503.243050891906023 ], [ 3351647.538121902849525, 8423508.469652296975255 ], [ 3351673.820653670467436, 8423520.397038640454412 ], [ 3351687.557478825096041, 8423524.886565474793315 ], [ 3351705.168222260661423, 8423526.82979436032474 ], [ 3351720.096165968570858, 8423530.269534096121788 ], [ 3351731.150191399734467, 8423533.39657162129879 ], [ 3351747.714531623292714, 8423538.020122393965721 ], [ 3351762.052482031285763, 8423536.523610472679138 ], [ 3351776.535147775430232, 8423531.900060642510653 ], [ 3351787.132763294503093, 8423529.063391404226422 ], [ 3351806.535750532057136, 8423536.836314430460334 ], [ 3351812.123988966457546, 8423542.4203159250319 ], [ 3351825.949869718402624, 8423553.543659530580044 ], [ 3351834.632789995055646, 8423558.457591786980629 ], [ 3351850.974491237197071, 8423563.058822225779295 ], [ 3351864.533205210231245, 8423567.59304727986455 ], [ 3351863.119447677396238, 8423576.393472347408533 ], [ 3351858.644404152873904, 8423581.307419866323471 ], [ 3351844.161738405469805, 8423583.116646816954017 ], [ 3351828.933232071809471, 8423581.620125727728009 ], [ 3351817.879206639248878, 8423576.549825180321932 ], [ 3351803.552388183306903, 8423572.953711044043303 ], [ 3351794.747016465291381, 8423574.740599839016795 ], [ 3351792.208932076580822, 8423578.627084458246827 ], [ 3351786.086360086221248, 8423586.534076733514667 ], [ 3351779.819072759710252, 8423602.973500318825245 ], [ 3351777.870981673244387, 8423610.590147877112031 ], [ 3351775.778175247367471, 8423614.007590558379889 ], [ 3351770.412575794383883, 8423617.000646226108074 ], [ 3351765.481122352648526, 8423617.291017362847924 ], [ 3351751.744297196157277, 8423620.574445633217692 ], [ 3351745.176447240635753, 8423623.567503975704312 ], [ 3351730.994344123173505, 8423625.220387464389205 ], [ 3351718.604484803508967, 8423625.801130400970578 ], [ 3351712.181350186932832, 8423632.524350022897124 ], [ 3351708.452147249132395, 8423649.834993600845337 ], [ 3351712.348329424392432, 8423659.908690098673105 ], [ 3351717.413366255816072, 8423670.451464841142297 ], [ 3351722.823493507690728, 8423675.700521459802985 ], [ 3351731.294906753115356, 8423684.769113201647997 ], [ 3351733.087150552775711, 8423691.202012645080686 ], [ 3351731.740184716880322, 8423696.562766483053565 ], [ 3351724.571209513116628, 8423703.732780840247869 ], [ 3351719.049762772861868, 8423709.115880329161882 ], [ 3351719.350325397681445, 8423712.08663816191256 ], [ 3351724.727056800853461, 8423718.229186359792948 ], [ 3351732.786587933078408, 8423729.263449462130666 ], [ 3351734.578831734135747, 8423740.90081775188446 ], [ 3351733.9777064868249, 8423750.617252584546804 ], [ 3351731.896032009739429, 8423755.978049712255597 ], [ 3351728.155697121750563, 8423768.374908033758402 ], [ 3351727.409856533631682, 8423774.361146200448275 ], [ 3351726.964578573126346, 8423790.019202638417482 ], [ 3351730.994344137609005, 8423798.082779655233026 ], [ 3351736.816353505477309, 8423804.515778180211782 ], [ 3351738.608597305603325, 8423809.295857122167945 ], [ 3351739.799715856090188, 8423814.969412786886096 ], [ 3351734.278269117232412, 8423830.627555660903454 ], [ 3351738.163319344166666, 8423837.95405906252563 ], [ 3351743.829481422435492, 8423839.741012210026383 ], [ 3351757.722153868060559, 8423838.400797309353948 ], [ 3351764.590566447004676, 8423832.436843927949667 ], [ 3351769.210325312800705, 8423826.763274790719151 ], [ 3351778.026828976813704, 8423813.606865551322699 ], [ 3351783.848838343285024, 8423811.216824294999242 ], [ 3351791.463091509416699, 8423813.160128807649016 ], [ 3351795.637572412844747, 8423818.096571326255798 ], [ 3351800.390914668794721, 8423832.079453619197011 ], [ 3351802.650700331665576, 8423837.954059055075049 ], [ 3351801.760144407860935, 8423858.548720506951213 ], [ 3351798.03094146726653, 8423869.739553119987249 ], [ 3351796.683975630905479, 8423888.413315711542964 ], [ 3351793.544765993952751, 8423900.654037483036518 ], [ 3351788.179166542831808, 8423910.05796348489821 ], [ 3351781.789427772630006, 8423916.424048474058509 ], [ 3351774.74290400929749, 8423920.355387920513749 ], [ 3351767.573928805533797, 8423922.745464632287621 ], [ 3351757.866869214456528, 8423922.90182482264936 ], [ 3351746.222850481979549, 8423922.589104456827044 ], [ 3351737.417478765361011, 8423924.0856949146837 ], [ 3351723.079528356902301, 8423928.128724385052919 ], [ 3351713.828878678381443, 8423926.185389494523406 ], [ 3351703.231263157911599, 8423923.348568236455321 ], [ 3351691.876675102394074, 8423922.901824824512005 ], [ 3351681.434906871058047, 8423925.738645922392607 ], [ 3351675.902328180614859, 8423929.156234992668033 ], [ 3351640.380278690252453, 8423973.652049338445067 ], [ 3351640.970271992497146, 8423977.695106046274304 ], [ 3351643.508356380276382, 8423981.559466194361448 ], [ 3351650.076206335332245, 8423985.602527249604464 ], [ 3351664.258309453725815, 8423988.439372515305877 ], [ 3351674.121216335799545, 8423991.566604794934392 ], [ 3351679.943225702270865, 8423995.296947890892625 ], [ 3351690.540841220412403, 8424003.20438801124692 ], [ 3351700.236768866423517, 8424009.637565903365612 ], [ 3351705.023506967350841, 8424014.105053862556815 ], [ 3351706.214625518769026, 8424019.644742701202631 ], [ 3351703.67654113098979, 8424025.899235112592578 ], [ 3351692.333085026126355, 8424037.246684916317463 ], [ 3351687.101068960968405, 8424049.040903260931373 ], [ 3351684.562984572723508, 8424051.431021781638265 ], [ 3351677.995134618598968, 8424051.587384706363082 ], [ 3351670.53672873834148, 8424046.963511161506176 ], [ 3351661.274947108700871, 8424040.396275466307998 ], [ 3351655.452937742695212, 8424030.545432915911078 ], [ 3351648.88508778763935, 8424021.119015434756875 ], [ 3351643.207793759647757, 8424017.545021444559097 ], [ 3351636.795791092328727, 8424018.751244224607944 ], [ 3351632.465462903026491, 8424024.112236736342311 ], [ 3351631.118497066665441, 8424031.282570334151387 ], [ 3351631.27434435300529, 8424039.190049136057496 ], [ 3351634.257706707343459, 8424048.013375917449594 ], [ 3351638.287472273223102, 8424057.998267330229282 ], [ 3351640.970271999482065, 8424066.374864540994167 ], [ 3351641.126119286753237, 8424077.409649832174182 ], [ 3351639.779153450857848, 8424086.367048436775804 ], [ 3351639.923868789337575, 8424093.984196474775672 ], [ 3351646.046440781094134, 8424104.728632789105177 ], [ 3351653.515978610143065, 8424113.686064660549164 ], [ 3351659.182140689808875, 8424114.735938934609294 ], [ 3351664.714719378389418, 8424113.082945462316275 ], [ 3351668.14335969183594, 8424107.878252228721976 ], [ 3351669.790888155344874, 8424099.948361890390515 ], [ 3351672.47368788253516, 8424095.480821799486876 ], [ 3351679.642663084901869, 8424091.750427907332778 ], [ 3351685.90995041327551, 8424091.147310506552458 ], [ 3351693.524203580338508, 8424092.331207666546106 ], [ 3351702.029012674931437, 8424098.608099576085806 ], [ 3351710.845516339410096, 8424101.288624443113804 ], [ 3351719.495040771085769, 8424106.22526029497385 ], [ 3351723.235375661402941, 8424113.239309690892696 ], [ 3351724.125931587535888, 8424121.74999644421041 ], [ 3351723.235375662799925, 8424126.530281506478786 ], [ 3351720.541443986818194, 8424129.076789774000645 ], [ 3351713.973594033624977, 8424132.360446473583579 ], [ 3351707.706306703854352, 8424132.941229436546564 ], [ 3351696.80812856182456, 8424138.324642989784479 ], [ 3351689.193875395227224, 8424139.374520782381296 ], [ 3351684.262421956285834, 8424141.898695658892393 ], [ 3351681.134344264864922, 8424149.069144062697887 ], [ 3351681.434906891547143, 8424161.176272181794047 ], [ 3351686.80050634779036, 8424165.800217509269714 ], [ 3351691.431397162843496, 8424170.111434856429696 ], [ 3351697.698684490285814, 8424175.94163435511291 ], [ 3351704.277666394133121, 8424184.452393647283316 ], [ 3351710.099675761535764, 8424193.856682425364852 ], [ 3351716.366963090375066, 8424202.367462433874607 ], [ 3351719.350325444713235, 8424209.984730590134859 ], [ 3351721.142569246236235, 8424219.098657097667456 ], [ 3351723.079528383910656, 8424222.829115569591522 ], [ 3351722.634250420611352, 8424228.50299016200006 ], [ 3351722.033125172369182, 8424238.644493451341987 ], [ 3351720.252013320568949, 8424244.162013225257397 ], [ 3351717.713928934652358, 8424253.432349283248186 ], [ 3351713.673031419981271, 8424260.290171669796109 ], [ 3351709.498550517018884, 8424263.283490296453238 ], [ 3351706.815750791691244, 8424268.644661009311676 ], [ 3351697.253406537231058, 8424280.886015444993973 ], [ 3351690.095563282258809, 8424289.262866452336311 ], [ 3351685.609387808013707, 8424296.277090365067124 ], [ 3351683.516581382602453, 8424304.475252266973257 ], [ 3351683.972991295624524, 8424311.355460586026311 ], [ 3351686.80050636222586, 8424321.050310503691435 ], [ 3351688.00275686243549, 8424327.483766343444586 ], [ 3351689.939716001506895, 8424331.795078445225954 ], [ 3351689.939716000575572, 8424335.078825624659657 ], [ 3351687.557478900067508, 8424343.00896941870451 ], [ 3351681.724337586667389, 8424351.810322117060423 ], [ 3351675.61289754556492, 8424361.817964375019073 ], [ 3351671.126722068060189, 8424367.938716560602188 ], [ 3351670.23616614472121, 8424372.719161607325077 ], [ 3351667.397519130725414, 8424382.704493733122945 ], [ 3351666.351115917786956, 8424388.981633407995105 ], [ 3351665.761122616473585, 8424395.99595239199698 ], [ 3351665.905837956350297, 8424404.797368483617902 ], [ 3351663.668316192924976, 8424409.287435062229633 ], [ 3351660.97438451461494, 8424412.861619370058179 ], [ 3351655.898215740919113, 8424418.535640530288219 ], [ 3351643.808919046539813, 8424428.387002632021904 ], [ 3351632.465462939813733, 8424434.664181269705296 ], [ 3351617.0922412709333, 8424445.721857747063041 ], [ 3351613.953031632117927, 8424452.289455283433199 ], [ 3351609.32214081985876, 8424475.879241714254022 ], [ 3351601.752415450755507, 8424498.285141099244356 ], [ 3351597.678122090641409, 8424510.348166041076183 ], [ 3351597.978684716392308, 8424522.143142890185118 ], [ 3351601.262609693687409, 8424527.973621379584074 ], [ 3351602.309012906625867, 8424535.591226683929563 ], [ 3351598.423962681554258, 8424542.315277796238661 ], [ 3351589.407083931844682, 8424551.161547098308802 ], [ 3351581.559059834573418, 8424561.705599153414369 ], [ 3351574.534799969289452, 8424565.436231361702085 ], [ 3351568.122797303833067, 8424565.748979050666094 ], [ 3351561.699662688188255, 8424561.258816981688142 ], [ 3351553.64013155689463, 8424558.578124508261681 ], [ 3351547.818122191354632, 8424562.465128907933831 ], [ 3351545.580600427929312, 8424568.429674137383699 ], [ 3351543.331946717575192, 8424573.947441263124347 ], [ 3351544.233634592965245, 8424580.671527434140444 ], [ 3351547.216996944509447, 8424586.948836019262671 ], [ 3351553.039006312377751, 8424591.57304897159338 ], [ 3351559.016862964257598, 8424593.516559630632401 ], [ 3351568.423359932377934, 8424597.403582496568561 ], [ 3351576.783453687559813, 8424604.418100206181407 ], [ 3351580.356809340883046, 8424611.723035000264645 ], [ 3351582.750178391113877, 8424620.077923441305757 ], [ 3351582.750178392510861, 8424635.603744011372328 ], [ 3351583.941296944394708, 8424645.008609523996711 ], [ 3351586.334665995556861, 8424651.285973008722067 ], [ 3351591.410834774840623, 8424658.613293750211596 ], [ 3351598.724525317084044, 8424663.684340113773942 ], [ 3351608.275737623684108, 8424664.421540979295969 ], [ 3351614.398309614975005, 8424668.5990139413625 ], [ 3351619.775041015818715, 8424677.11034319549799 ], [ 3351624.405931833665818, 8424685.912095613777637 ], [ 3351626.94401622377336, 8424697.863730605691671 ], [ 3351623.949521923437715, 8424708.609048921614885 ], [ 3351612.906628443393856, 8424725.341394970193505 ], [ 3351612.338899042457342, 8424745.871521759778261 ], [ 3351624.550647181458771, 8424806.255893779918551 ], [ 3351629.927378586027771, 8424833.130784779787064 ], [ 3351635.89410329144448, 8424848.053875545039773 ], [ 3351648.139247274957597, 8424854.331412291154265 ], [ 3351657.389896954409778, 8424854.331412291154265 ], [ 3351668.74448500899598, 8424842.66994259878993 ], [ 3351673.219528536312282, 8424832.818025715649128 ], [ 3351680.388503739610314, 8424828.05962160602212 ], [ 3351689.939716046210378, 8424832.237187491729856 ], [ 3351699.490928353276104, 8424852.521872671321034 ], [ 3351717.413366361986846, 8424854.912252251058817 ], [ 3351726.074022742919624, 8424860.899374613538384 ], [ 3351725.472897493746132, 8424875.219340022653341 ], [ 3351728.456259848084301, 8424886.277678726240993 ], [ 3351734.723547175060958, 8424892.24248649738729 ], [ 3351750.931665030308068, 8424907.366758601740003 ], [ 3351764.290003919042647, 8424914.940076412633061 ], [ 3351780.709628804586828, 8424912.840099593624473 ], [ 3351791.162528984248638, 8424918.224083891138434 ], [ 3351795.036447262391448, 8424925.685711795464158 ], [ 3351796.22756581613794, 8424943.535564953461289 ], [ 3351782.201309985015541, 8424958.525900622829795 ], [ 3351773.473861910868436, 8424974.5662638284266 ], [ 3351776.824578581843525, 8424987.791770666837692 ], [ 3351783.102997860871255, 8424994.359852150082588 ], [ 3351812.057197403628379, 8424997.353469470515847 ], [ 3351830.870191339403391, 8424995.543894676491618 ], [ 3351844.005891248118132, 8425001.218365261331201 ], [ 3351859.534960207529366, 8425017.34818353317678 ], [ 3351876.5557103427127, 8425027.200347542762756 ], [ 3351887.899166447576135, 8425022.129050586372614 ], [ 3351893.008731071371585, 8425013.103491084650159 ], [ 3351909.695522731170058, 8424981.514120018109679 ], [ 3351934.185810693074018, 8424976.152429770678282 ], [ 3351956.872722907923162, 8424981.826885409653187 ], [ 3351974.884216510225087, 8424990.941768184304237 ], [ 3351986.138617024756968, 8424998.537512458860874 ], [ 3351991.804779104888439, 8425008.992843877524137 ], [ 3351994.198148155584931, 8425026.597153447568417 ], [ 3351992.405904357787222, 8425045.117468738928437 ], [ 3351994.342863499186933, 8425064.821884348988533 ], [ 3352002.057304207235575, 8425082.91782271489501 ], [ 3352011.363613634370267, 8425089.59769269451499 ], [ 3352028.384363768622279, 8425092.434963714331388 ], [ 3352038.837263949215412, 8425091.697719955816865 ], [ 3352049.657518448773772, 8425082.716756483539939 ], [ 3352058.841376434545964, 8425073.333672031760216 ], [ 3352078.689641631674021, 8425057.806927612051368 ], [ 3352085.85861683730036, 8425052.73560955375433 ], [ 3352101.087123170029372, 8425053.472849406301975 ], [ 3352106.909132536035031, 8425060.644186371937394 ], [ 3352113.176419866736978, 8425070.20597986318171 ], [ 3352122.137638872023672, 8425078.717773789539933 ], [ 3352141.997036020737141, 8425085.129551559686661 ], [ 3352161.700585881248116, 8425087.520006723701954 ], [ 3352172.153486060909927, 8425083.632724888622761 ], [ 3352180.814142440911382, 8425083.923153918236494 ], [ 3352184.988623343408108, 8425089.307263430207968 ], [ 3352185.289185969624668, 8425094.37860669195652 ], [ 3352179.021898640785366, 8425100.946783348917961 ], [ 3352169.893700402230024, 8425111.603327330201864 ], [ 3352167.377879911568016, 8425127.822750950232148 ], [ 3352170.060679640620947, 8425139.775103906169534 ], [ 3352176.929092220030725, 8425148.733796147629619 ], [ 3352189.764229504857212, 8425160.976615153253078 ], [ 3352201.708810859825462, 8425165.735234608873725 ], [ 3352209.768341991119087, 8425174.403525849804282 ], [ 3352230.674142354633659, 8425201.57019549049437 ], [ 3352238.132548235356808, 8425220.984595701098442 ], [ 3352239.034236112609506, 8425243.370423417538404 ], [ 3352248.585448419675231, 8425260.103985842317343 ], [ 3352259.338911226019263, 8425269.062824616208673 ], [ 3352278.151905162259936, 8425262.181720541790128 ], [ 3352292.478723616804928, 8425252.038806140422821 ], [ 3352312.16000957833603, 8425237.494695587083697 ], [ 3352317.859567503910512, 8425206.798003621399403 ], [ 3352326.219661256764084, 8425195.001928986981511 ], [ 3352331.741107997950166, 8425198.442448804154992 ], [ 3352337.718964652623981, 8425207.088437514379621 ], [ 3352341.893445555586368, 8425220.090951297432184 ], [ 3352339.800639129709452, 8425235.618038238957524 ], [ 3352345.477933159098029, 8425248.441872892901301 ], [ 3352355.930833341553807, 8425273.240640943869948 ], [ 3352358.769480356946588, 8425288.455061631277204 ], [ 3352368.46540800249204, 8425300.251286121085286 ], [ 3352375.48966786917299, 8425302.485421672463417 ], [ 3352384.74031754815951, 8425296.073454450815916 ], [ 3352390.562326913233846, 8425283.986799718812108 ], [ 3352404.15443673171103, 8425276.212030461058021 ], [ 3352412.659245824906975, 8425273.531077455729246 ], [ 3352421.620464830193669, 8425273.68746635876596 ], [ 3352426.986064284108579, 8425278.602547721937299 ], [ 3352429.379433335270733, 8425286.511367360129952 ], [ 3352424.603827182203531, 8425296.363891864195466 ], [ 3352416.544296054169536, 8425305.635553956031799 ], [ 3352414.45148962829262, 8425315.04127611592412 ], [ 3352414.006211666855961, 8425322.793744988739491 ], [ 3352419.227095784153789, 8425328.468468017876148 ], [ 3352427.286626911256462, 8425328.021639274433255 ], [ 3352435.802567955572158, 8425329.674905756488442 ], [ 3352447.290739398915321, 8425336.980560764670372 ], [ 3352453.268596053123474, 8425346.989543315023184 ], [ 3352454.459714605007321, 8425356.685758151113987 ], [ 3352455.506117820274085, 8425378.937949266284704 ], [ 3352455.650833160150796, 8425400.430591337382793 ], [ 3352463.420933615416288, 8425417.901787400245667 ], [ 3352465.959018006920815, 8425436.847581434994936 ], [ 3352477.302474112715572, 8425448.644043873995543 ], [ 3352487.45481166895479, 8425453.26879851333797 ], [ 3352491.039299270603806, 8425457.469061285257339 ], [ 3352491.03929927200079, 8425462.540658365935087 ], [ 3352482.07808026811108, 8425471.343350579962134 ], [ 3352471.480464748572558, 8425479.699215369299054 ], [ 3352472.972145926207304, 8425487.921038122847676 ], [ 3352482.679205519612879, 8425493.149049760773778 ], [ 3352497.751864566933364, 8425493.729940168559551 ], [ 3352508.950605335179716, 8425492.836262632161379 ], [ 3352515.217892663087696, 8425495.673689184710383 ], [ 3352518.501817640382797, 8425502.398617906495929 ], [ 3352516.119580541737378, 8425514.329237481579185 ], [ 3352517.310699094552547, 8425534.794540077447891 ], [ 3352522.386867873370647, 8425550.925528330728412 ], [ 3352528.810002491343766, 8425581.377892039716244 ], [ 3352542.090417737606913, 8425592.571345744654536 ], [ 3352553.445005793124437, 8425591.811709625646472 ], [ 3352563.74205868691206, 8425586.293178992345929 ], [ 3352568.217102214694023, 8425583.321664212271571 ], [ 3352572.102152442093939, 8425581.958789413794875 ], [ 3352575.831355380360037, 8425581.668340720236301 ], [ 3352581.809212033636868, 8425585.689939057454467 ], [ 3352590.469868415500969, 8425585.555885737761855 ], [ 3352600.16579605685547, 8425583.612112971022725 ], [ 3352608.97116777440533, 8425575.702973905950785 ], [ 3352620.169908541254699, 8425560.331564117223024 ], [ 3352631.368649308569729, 8425548.825369957834482 ], [ 3352632.860330482479185, 8425541.966346271336079 ], [ 3352631.368649306707084, 8425532.694386316463351 ], [ 3352624.800799352582544, 8425524.494855556637049 ], [ 3352622.117999624926597, 8425517.166672315448523 ], [ 3352623.609680798370391, 8425509.704444441944361 ], [ 3352629.576405502855778, 8425503.582742201164365 ], [ 3352637.045943331904709, 8425498.22067142650485 ], [ 3352648.534114776179194, 8425497.617438713088632 ], [ 3352663.918468396179378, 8425504.342369208112359 ], [ 3352674.516083918046206, 8425507.917085597291589 ], [ 3352684.223143509123474, 8425506.732960600405931 ], [ 3352696.457155541982502, 8425500.745312590152025 ], [ 3352700.197490428574383, 8425491.048907872289419 ], [ 3352697.202996126841754, 8425475.364888591691852 ], [ 3352698.995239926502109, 8425463.121546344831586 ], [ 3352699.451649835798889, 8425450.297337455675006 ], [ 3352696.61300282087177, 8425435.663467865437269 ], [ 3352697.804121369961649, 8425428.201322667300701 ], [ 3352704.5278186108917, 8425420.73918503895402 ], [ 3352717.964081143494695, 8425418.951847800984979 ], [ 3352732.892024852801114, 8425417.745395425707102 ], [ 3352751.693886839319021, 8425418.951847802847624 ], [ 3352766.332399870734662, 8425422.236080294474959 ], [ 3352783.943143307697028, 8425421.923296181485057 ], [ 3352800.073337514419109, 8425419.845516365021467 ], [ 3352812.307349547743797, 8425414.461164928972721 ], [ 3352829.027537056710571, 8425417.454953202977777 ], [ 3352838.879311986733228, 8425410.573710324242711 ], [ 3352838.289318684022874, 8425392.678040632978082 ], [ 3352824.251930899918079, 8425378.044285660609603 ], [ 3352821.869693796616048, 8425360.72957500629127 ], [ 3352831.120343477465212, 8425352.351503835991025 ], [ 3352860.68680021725595, 8425351.77062458358705 ], [ 3352892.034368810243905, 8425357.132588611915708 ], [ 3352910.546800119802356, 8425359.523132165893912 ], [ 3352928.458106180187315, 8425355.948487881571054 ], [ 3352943.987175138201565, 8425356.842148788273335 ], [ 3352967.876337855122983, 8425372.369524374604225 ], [ 3352980.410912512335926, 8425387.293709069490433 ], [ 3352991.16437531914562, 8425397.146368551999331 ], [ 3353009.977369254920632, 8425410.573710314929485 ], [ 3353022.211381287779659, 8425412.07060351036489 ], [ 3353032.063156218267977, 8425413.857939066365361 ], [ 3353043.707174950744957, 8425422.816965097561479 ], [ 3353049.685031604487449, 8425435.373024921864271 ], [ 3353056.85400681104511, 8425462.227872513234615 ], [ 3353067.596337667666376, 8425479.252377416938543 ], [ 3353082.824844003189355, 8425494.176778946071863 ], [ 3353102.528393866028637, 8425504.923260480165482 ], [ 3353117.166906900238246, 8425508.810764936730266 ], [ 3353135.679338210728019, 8425521.366971546784043 ], [ 3353141.946625542361289, 8425539.575743405148387 ], [ 3353146.421669070608914, 8425552.712897595018148 ], [ 3353170.010269158519804, 8425560.175169095396996 ], [ 3353187.031019294634461, 8425573.915598997846246 ], [ 3353206.734569155145437, 8425578.093588460236788 ], [ 3353219.580838387832046, 8425572.418672863394022 ], [ 3353226.449250964913517, 8425565.537285016849637 ], [ 3353236.000463270582259, 8425563.14667452685535 ], [ 3353247.343919376377016, 8425559.571931293234229 ], [ 3353263.474113587290049, 8425558.387797983363271 ], [ 3353281.374287696555257, 8425564.040360599756241 ], [ 3353291.838319827336818, 8425570.921747032552958 ], [ 3353301.96839348366484, 8425573.781545892357826 ], [ 3353310.35075113736093, 8425575.993422329425812 ], [ 3353319.890831492841244, 8425572.418672857806087 ], [ 3353333.939351223409176, 8425558.38779797963798 ], [ 3353349.457288231700659, 8425550.009501691907644 ], [ 3353366.778600990772247, 8425545.250633653253317 ], [ 3353379.313175648450851, 8425551.506423259153962 ], [ 3353385.291032301262021, 8425561.359302682802081 ], [ 3353393.350563433486968, 8425583.455717440694571 ], [ 3353409.491889593191445, 8425594.939623517915606 ], [ 3353426.790938452351838, 8425589.733881769701838 ], [ 3353437.243838631547987, 8425575.099734788760543 ], [ 3353453.07347021298483, 8425559.28148347325623 ], [ 3353462.925245145335793, 8425560.175169078633189 ], [ 3353473.968138629104942, 8425570.631298767402768 ], [ 3353477.252063606865704, 8425586.449574489146471 ], [ 3353489.19664496416226, 8425601.083744049072266 ], [ 3353499.04841989511624, 8425609.730205999687314 ], [ 3353512.484682429116219, 8425624.654872251674533 ], [ 3353519.653657634742558, 8425651.532753266394138 ], [ 3353530.106557817663997, 8425676.310537714511156 ], [ 3353544.733938903082162, 8425687.370080696418881 ], [ 3353561.454126410651952, 8425681.091833036392927 ], [ 3353576.081507495138794, 8425673.33898657001555 ], [ 3353593.40282025327906, 8425669.451395148411393 ], [ 3353604.156283060088754, 8425680.801380425691605 ], [ 3353604.156283061485738, 8425696.932688850909472 ], [ 3353592.211701706051826, 8425709.154077643528581 ], [ 3353560.552438539918512, 8425722.604331562295556 ], [ 3353552.492907412350178, 8425738.132479216903448 ], [ 3353552.492907410953194, 8425746.488647053018212 ], [ 3353559.06075736740604, 8425752.766950525343418 ], [ 3353577.573188678361475, 8425756.341787634417415 ], [ 3353600.571795464027673, 8425750.37627917714417 ], [ 3353619.373657448682934, 8425745.594938807189465 ], [ 3353627.733751204796135, 8425742.913814723491669 ], [ 3353637.440810796339065, 8425737.976080436259508 ], [ 3353644.00866075232625, 8425740.970000376924872 ], [ 3353649.53010749258101, 8425749.616626754403114 ], [ 3353652.224039171356708, 8425775.154396552592516 ], [ 3353657.300207948312163, 8425785.901288572698832 ], [ 3353670.435907856561244, 8425789.788941517472267 ], [ 3353677.30432043550536, 8425795.017167691141367 ], [ 3353680.88880803855136, 8425802.479684995487332 ], [ 3353675.512076637707651, 8425814.500162918120623 ], [ 3353673.196631230413914, 8425827.168606070801616 ], [ 3353673.352478519082069, 8425839.278496293351054 ], [ 3353677.604883065447211, 8425848.595528718084097 ], [ 3353684.818386065308005, 8425858.828637886792421 ], [ 3353690.584735688287765, 8425864.280343778431416 ], [ 3353696.117314377333969, 8425867.408373573794961 ], [ 3353707.160207859706134, 8425874.290043802931905 ], [ 3353714.329183064866811, 8425884.143355572596192 ], [ 3353736.426101977936924, 8425893.683876363560557 ], [ 3353758.222458264790475, 8425901.146493759006262 ], [ 3353783.291607581079006, 8425919.579638034105301 ], [ 3353809.273576722014695, 8425927.422117058187723 ], [ 3353826.895452105440199, 8425935.331634288653731 ], [ 3353835.044038829393685, 8425938.504380878061056 ], [ 3353843.014514366630465, 8425933.700574951246381 ], [ 3353850.773482867982239, 8425915.200365634635091 ], [ 3353866.792357583064586, 8425887.204364402219653 ], [ 3353869.742324087303132, 8425858.314747776836157 ], [ 3353868.094795622397214, 8425850.248912194743752 ], [ 3353861.682792953215539, 8425845.177047809585929 ], [ 3353857.49718010192737, 8425831.726569781079888 ], [ 3353851.819886073004454, 8425822.476587532088161 ], [ 3353851.675170736387372, 8425815.460908269509673 ], [ 3353861.22638304065913, 8425801.72002718783915 ], [ 3353876.243382339831442, 8425793.296768054366112 ], [ 3353894.076764757279307, 8425797.832367928698659 ], [ 3353906.310776789207011, 8425795.151224814355373 ], [ 3353913.780314616393298, 8425797.832367928698659 ], [ 3353915.57255841884762, 8425802.479684978723526 ], [ 3353920.047601947560906, 8425805.31723097153008 ], [ 3353923.487374210730195, 8425803.373400133103132 ], [ 3353925.724895973224193, 8425797.095053467899561 ], [ 3353929.309383574407548, 8425792.760539686307311 ], [ 3353940.953402305953205, 8425783.510606432333589 ], [ 3353951.384038587100804, 8425780.762440098449588 ], [ 3353958.564145741518587, 8425785.007575523108244 ], [ 3353965.13199569657445, 8425796.648196265101433 ], [ 3353970.430803458206356, 8425819.192176340147853 ], [ 3353960.356389547232538, 8425839.948785983026028 ], [ 3353957.97415244858712, 8425857.264624631032348 ], [ 3353948.467467938549817, 8425870.536404686048627 ], [ 3353949.012933445163071, 8425884.433816198259592 ], [ 3353954.690227473620325, 8425893.683876354247332 ], [ 3353962.57164742005989, 8425899.11326489970088 ], [ 3353977.07657706271857, 8425907.134467670693994 ], [ 3353985.737233442720026, 8425911.759510565549135 ], [ 3353993.785632624756545, 8425909.212385140359402 ], [ 3354000.6651771501638, 8425898.018449600785971 ], [ 3354012.453911219257861, 8425891.002698298543692 ], [ 3354019.3334557460621, 8425890.265374502167106 ], [ 3354025.522819432429969, 8425892.410316649824381 ], [ 3354032.613870992790908, 8425899.805903233587742 ], [ 3354033.359711581841111, 8425909.212385134771466 ], [ 3354038.435880360193551, 8425917.725149899721146 ], [ 3354040.083408824633807, 8425926.528386823832989 ], [ 3354033.816121495328844, 8425938.928903395310044 ], [ 3354037.779095367994159, 8425952.022084135562181 ], [ 3354054.566074571572244, 8425963.260788576677442 ], [ 3354068.6034623561427, 8425975.326216030865908 ], [ 3354078.74466796265915, 8425987.145885445177555 ], [ 3354091.735652532894164, 8425995.502336150035262 ], [ 3354101.732142804656178, 8426013.868686312809587 ], [ 3354107.70999945839867, 8426030.738062931224704 ], [ 3354116.960649140644819, 8426046.557328073307872 ], [ 3354130.252196333371103, 8426059.695387693122029 ], [ 3354133.235558688640594, 8426074.330498741939664 ], [ 3354141.295089819934219, 8426080.005801552906632 ], [ 3354147.874071721918881, 8426081.190018825232983 ], [ 3354154.731352353468537, 8426072.833470778539777 ], [ 3354161.900327554438263, 8426047.160605801269412 ], [ 3354164.883689904119819, 8426037.910352651029825 ], [ 3354168.924587418790907, 8426031.631805816665292 ], [ 3354175.637152709066868, 8426030.738062921911478 ], [ 3354189.373977868817747, 8426039.407373508438468 ], [ 3354215.344815059565008, 8426057.014149125665426 ], [ 3354249.987440576776862, 8426074.330498734489083 ], [ 3354271.783796866890043, 8426093.434389788657427 ], [ 3354286.11061532702297, 8426101.500492019578815 ], [ 3354295.372396957594901, 8426102.394243502989411 ], [ 3354301.940246910788119, 8426100.897209828719497 ], [ 3354311.190896591637284, 8426104.181746797636151 ], [ 3354322.534352699760348, 8426114.638649772852659 ], [ 3354329.113334602210671, 8426129.273870129138231 ], [ 3354330.894446456804872, 8426148.377903880551457 ], [ 3354336.271177861373872, 8426167.191515427082777 ], [ 3354355.384734424762428, 8426192.261509630829096 ], [ 3354364.045390804298222, 8426200.640537433326244 ], [ 3354371.203234059270471, 8426203.009011026471853 ], [ 3354381.95669686421752, 8426199.43395684286952 ], [ 3354395.693522018846124, 8426183.614362927153707 ], [ 3354406.736415499821305, 8426171.973129823803902 ], [ 3354415.998197128996253, 8426169.582322236150503 ], [ 3354427.642215863335878, 8426175.548170659691095 ], [ 3354447.345765723381191, 8426176.75474732927978 ], [ 3354470.63380318833515, 8426187.792698692530394 ], [ 3354491.840166175272316, 8426209.890995215624571 ], [ 3354498.463675876148045, 8426224.772190837189555 ], [ 3354503.005511099006981, 8426251.384133758023381 ], [ 3354516.920447444543242, 8426266.310101898387074 ], [ 3354522.219255205709487, 8426279.783718906342983 ], [ 3354526.260152721311897, 8426298.307189540937543 ], [ 3354529.477286003995687, 8426315.936929281800985 ], [ 3354523.855651722755283, 8426331.153506688773632 ], [ 3354530.946703285444528, 8426353.498023951426148 ], [ 3354538.416241117287427, 8426366.480219647288322 ], [ 3354546.175209621433169, 8426381.272353513166308 ], [ 3354553.945310075767338, 8426388.735465575009584 ], [ 3354561.103153330739588, 8426390.523038446903229 ], [ 3354591.560165998525918, 8426390.232557827606797 ], [ 3354606.187547081150115, 8426393.226743251085281 ], [ 3354623.809422465972602, 8426403.661712415516376 ], [ 3354636.343997124116868, 8426404.555500604212284 ], [ 3354645.906341378111392, 8426400.980348471552134 ], [ 3354658.74147866293788, 8426398.298985509201884 ], [ 3354671.28718526661396, 8426400.980348471552134 ], [ 3354682.630641374271363, 8426405.449288912117481 ], [ 3354696.066903905943036, 8426402.164617428556085 ], [ 3354707.710922637954354, 8426394.120530176907778 ], [ 3354725.032235397025943, 8426391.126344386488199 ], [ 3354734.583447702694684, 8426395.014317208901048 ], [ 3354736.976816755253822, 8426404.265019426122308 ], [ 3354739.058491233736277, 8426415.906620159745216 ], [ 3354739.359053858555853, 8426427.257757224142551 ], [ 3354744.134660011623055, 8426435.324225502088666 ], [ 3354747.418584988918155, 8426449.647256085649133 ], [ 3354746.22746644122526, 8426464.573626533150673 ], [ 3354746.22746644122526, 8426478.315745864063501 ], [ 3354766.23157892934978, 8426494.426458278670907 ], [ 3354786.53625403996557, 8426505.17440115660429 ], [ 3354800.863072499632835, 8426505.7777165081352 ], [ 3354811.616535305045545, 8426508.168633364140987 ], [ 3354816.993266708217561, 8426512.34715348854661 ], [ 3354818.34023254737258, 8426519.676328191533685 ], [ 3354816.993266710080206, 8426527.273651156574488 ], [ 3354814.009904359932989, 8426536.23403331451118 ], [ 3354816.536856799386442, 8426541.909692499786615 ], [ 3354825.9544857153669, 8426547.585356067866087 ], [ 3354831.620647795498371, 8426557.730056963860989 ], [ 3354837.142094537615776, 8426575.04758532345295 ], [ 3354849.910440130159259, 8426613.459125986322761 ], [ 3354862.13332021702081, 8426643.223180236294866 ], [ 3354867.599107210058719, 8426648.809540174901485 ], [ 3354878.196722730528563, 8426651.937903592363 ], [ 3354896.419723365455866, 8426649.703358160331845 ], [ 3354911.637097747530788, 8426646.709068331867456 ], [ 3354927.611444671172649, 8426648.049794971942902 ], [ 3354953.738129146862775, 8426652.22839454934001 ], [ 3354964.792154579423368, 8426658.663889450952411 ], [ 3354986.588510865811259, 8426659.557708626613021 ], [ 3355000.325336024630815, 8426673.881175832822919 ], [ 3355009.27542307972908, 8426677.165968656539917 ], [ 3355019.427760637365282, 8426675.668818002566695 ], [ 3355031.973467241507024, 8426671.19971339404583 ], [ 3355042.71579809859395, 8426671.803042355924845 ], [ 3355053.469260906334966, 8426676.875476704910398 ], [ 3355057.643741809297353, 8426687.020355923101306 ], [ 3355058.244867058470845, 8426692.986624021083117 ], [ 3355057.354311135597527, 8426702.841032482683659 ], [ 3355056.753185885027051, 8426710.907802972942591 ], [ 3355053.769823534879833, 8426719.265075927600265 ], [ 3355060.337673488073051, 8426733.901499267667532 ], [ 3355071.981692220084369, 8426742.549292869865894 ], [ 3355088.401317106559873, 8426752.113272814080119 ], [ 3355112.891605070326477, 8426759.86725634150207 ], [ 3355146.331980090588331, 8426774.794256271794438 ], [ 3355162.751604975666851, 8426788.246458819136024 ], [ 3355167.827773754484951, 8426796.603819638490677 ], [ 3355172.302817282266915, 8426807.955544179305434 ], [ 3355170.811136107891798, 8426820.178778979927301 ], [ 3355156.773748328443617, 8426853.921269316226244 ], [ 3355106.613185805268586, 8426898.121931234374642 ], [ 3355082.73515504412353, 8426939.328449815511703 ], [ 3355068.397204641252756, 8426960.512801920995116 ], [ 3355060.638236135710031, 8426987.686068622395396 ], [ 3355062.430479941423982, 8427027.999224876984954 ], [ 3355063.621598493307829, 8427047.708952637389302 ], [ 3355068.096642022486776, 8427060.558293391019106 ], [ 3355096.761410891544074, 8427087.419074738398194 ], [ 3355114.995543476194143, 8427097.072890335693955 ], [ 3355140.409783213399351, 8427098.59247356839478 ], [ 3355163.052167629357427, 8427094.279539614915848 ], [ 3355187.831886267755181, 8427098.45839267782867 ], [ 3355197.984223824460059, 8427112.49220540560782 ], [ 3355202.459267355967313, 8427133.096036290749907 ], [ 3355200.967586180195212, 8427159.979429529979825 ], [ 3355211.119923738297075, 8427179.689510935917497 ], [ 3355223.665630345232785, 8427195.801759576424956 ], [ 3355239.183567357715219, 8427217.29971076734364 ], [ 3355249.335904914420098, 8427225.970419885590672 ], [ 3355262.182174146175385, 8427228.048709930852056 ], [ 3355272.334511702414602, 8427226.55144714936614 ], [ 3355291.136373685672879, 8427225.657559059560299 ], [ 3355313.890077594667673, 8427231.691305719316006 ], [ 3355326.725214878562838, 8427237.836793513968587 ], [ 3355337.000003876164556, 8427260.161717817187309 ], [ 3355340.851658253930509, 8427278.508878508582711 ], [ 3355345.271042039152235, 8427296.67730563133955 ], [ 3355362.202736584004015, 8427311.359572879970074 ], [ 3355375.939561741426587, 8427318.533111367374659 ], [ 3355400.719280381686985, 8427320.008045380935073 ], [ 3355424.307880469597876, 8427325.997174419462681 ], [ 3355446.994792683981359, 8427328.969393247738481 ], [ 3355456.857699564192444, 8427334.936182057484984 ], [ 3355471.485080647282302, 8427332.857861807569861 ], [ 3355473.277324447408319, 8427325.080926747992635 ], [ 3355478.654055849649012, 8427317.616864625364542 ], [ 3355479.845174397341907, 8427301.504349149763584 ], [ 3355485.522468426264822, 8427293.146414674818516 ], [ 3355507.908818013034761, 8427292.252518495544791 ], [ 3355519.853399369865656, 8427295.537587471306324 ], [ 3355525.530693399719894, 8427304.186041379347444 ], [ 3355534.191349781118333, 8427323.00260928273201 ], [ 3355551.200967969372869, 8427356.1440211199224 ], [ 3355561.954430774785578, 8427370.781711783260107 ], [ 3355572.997324258554727, 8427392.86121478676796 ], [ 3355586.734149417374283, 8427406.895589215680957 ], [ 3355600.470974575728178, 8427417.957734420895576 ], [ 3355612.716118559241295, 8427434.361026825383306 ], [ 3355633.02079367171973, 8427451.680619129911065 ], [ 3355650.330974483396858, 8427466.318499909713864 ], [ 3355654.817149960435927, 8427473.782712927088141 ], [ 3355656.308831137605011, 8427485.426006443798542 ], [ 3355646.457056207116693, 8427500.957875810563564 ], [ 3355641.670318108983338, 8427514.679583365097642 ], [ 3355636.304718654602766, 8427529.630463251844049 ], [ 3355638.542240419890732, 8427540.357570681720972 ], [ 3355636.749996619764715, 8427547.240806192159653 ], [ 3355631.228549879509956, 8427555.889556031674147 ], [ 3355633.02079368242994, 8427580.673755988478661 ], [ 3355643.173131244257092, 8427623.068563926964998 ], [ 3355653.614899476524442, 8427646.355642007663846 ], [ 3355662.876681106165051, 8427654.132916742935777 ], [ 3355680.487424542196095, 8427667.273847930133343 ], [ 3355696.016493502538651, 8427685.48793251812458 ], [ 3355737.63885109173134, 8427704.238429905846715 ], [ 3355771.624691617675126, 8427714.630561668425798 ], [ 3355797.150250846520066, 8427729.738289106637239 ], [ 3355816.842668758705258, 8427737.113374413922429 ], [ 3355840.097310374956578, 8427738.990670040249825 ], [ 3355868.828870933037251, 8427739.45999401435256 ], [ 3355895.011215156875551, 8427740.376293307170272 ], [ 3355911.497631735168397, 8427745.404767028987408 ], [ 3355927.58329814998433, 8427758.277675446122885 ], [ 3355938.425816548056901, 8427774.324144903570414 ], [ 3355953.498475598171353, 8427803.288334392011166 ], [ 3355964.93098729941994, 8427825.413833746686578 ], [ 3355983.977752167731524, 8427847.8522869348526 ], [ 3356001.020766201429069, 8427870.804839245975018 ], [ 3356014.111938314512372, 8427881.152507962659001 ], [ 3356035.474148587323725, 8427883.476824318990111 ], [ 3356058.751054100692272, 8427889.175872346386313 ], [ 3356077.096506176516414, 8427904.954436188563704 ], [ 3356092.447463952470571, 8427924.733561905100942 ], [ 3356101.798301175236702, 8427944.959728514775634 ], [ 3356114.08797295531258, 8427958.078829856589437 ], [ 3356126.09934600815177, 8427977.031167479231954 ], [ 3356149.632286353036761, 8427995.402465905994177 ], [ 3356157.324463163036853, 8428001.682689145207405 ], [ 3356159.072179170325398, 8428011.248306384310126 ], [ 3356168.812634611036628, 8428034.938907304778695 ], [ 3356174.345213301479816, 8428044.973911259323359 ], [ 3356189.874282261822373, 8428059.009529964998364 ], [ 3356198.468146949075162, 8428079.727761305868626 ], [ 3356199.648133551701903, 8428091.751961160451174 ], [ 3356198.590598391368985, 8428112.023286832496524 ], [ 3356194.427249439526349, 8428144.028404278680682 ], [ 3356212.505534739699215, 8428171.831845592707396 ], [ 3356257.011067141313106, 8428205.222934123128653 ], [ 3356257.011067145504057, 8428271.960865169763565 ], [ 3356248.550785855390131, 8428320.416647989302874 ], [ 3356235.916023658122867, 8428355.775266608223319 ], [ 3356229.192326421383768, 8428399.917902000248432 ], [ 3356213.897028396837413, 8428431.901921316981316 ], [ 3356206.561073961202055, 8428480.850480113178492 ], [ 3356193.625749140046537, 8428508.968110056594014 ], [ 3356193.403110161889344, 8428545.35579071380198 ], [ 3356198.457015046849847, 8428583.487054636701941 ], [ 3356204.156572971958667, 8428601.524597121402621 ], [ 3356211.403471821453422, 8428613.728461360558867 ], [ 3356220.654121502302587, 8428617.282337725162506 ], [ 3356244.866110736504197, 8428608.744096783921123 ], [ 3356270.502989455591887, 8428598.060133848339319 ], [ 3356298.989647136535496, 8428595.199158960953355 ], [ 3356318.926967923995107, 8428594.483915414661169 ], [ 3356331.739841310773045, 8428598.775377742946148 ], [ 3356355.23938580788672, 8428608.028851905837655 ], [ 3356375.889151340350509, 8428616.567092012614012 ], [ 3356413.626458702143282, 8428622.266708070412278 ], [ 3356446.643819655757397, 8428636.169319495558739 ], [ 3356441.823685713112354, 8428682.817019650712609 ], [ 3356456.183900023344904, 8428744.530124016106129 ], [ 3356469.096960953436792, 8428791.893774067983031 ], [ 3356463.352875233162194, 8428830.652174266055226 ], [ 3356438.962774817366153, 8428870.841319337487221 ], [ 3356424.602560514118522, 8428899.541599616408348 ], [ 3356446.131750028114766, 8428945.453340021893382 ], [ 3356471.969003830105066, 8428965.548198753967881 ], [ 3356448.21342451358214, 8429044.855251645669341 ], [ 3356464.043056100606918, 8429092.757304653525352 ], [ 3356469.865065468009561, 8429100.267874151468277 ], [ 3356478.035916088148952, 8429098.211407924070954 ], [ 3356486.396009841933846, 8429086.967912556603551 ], [ 3356481.041542333550751, 8429042.41880464926362 ], [ 3356518.767717744223773, 8429030.70598815754056 ], [ 3356551.150557598564774, 8429012.980329973623157 ], [ 3356581.206820100080222, 8429012.577982610091567 ], [ 3356583.132647291757166, 8429051.51636772044003 ], [ 3356579.481368001550436, 8429101.631400974467397 ], [ 3356583.054723653942347, 8429117.434918943792582 ], [ 3356585.537148300558329, 8429141.71026162058115 ], [ 3356587.151280917227268, 8429155.971503976732492 ], [ 3356608.669338478241116, 8429167.304517233744264 ], [ 3356638.48069809935987, 8429173.295150619000196 ], [ 3356672.889552687760442, 8429166.477452551946044 ], [ 3356689.899170871824026, 8429157.111510429531336 ], [ 3356715.947931706905365, 8429169.361002765595913 ], [ 3356734.393571326043457, 8429198.867162942886353 ], [ 3356741.540282631292939, 8429210.289655212312937 ], [ 3356757.726136585697532, 8429214.156765226274729 ], [ 3356768.89148150710389, 8429210.781426316127181 ], [ 3356787.40391281619668, 8429190.261187329888344 ], [ 3356811.682693743612617, 8429186.796446738764644 ], [ 3356818.239411749411374, 8429197.570677652955055 ], [ 3356816.413772103376687, 8429215.274427458643913 ], [ 3356791.344622795004398, 8429273.594278400763869 ], [ 3356799.738112402614206, 8429332.473431823775172 ], [ 3356817.081689059734344, 8429339.023040287196636 ], [ 3356835.304689692799002, 8429329.165099389851093 ], [ 3356857.123309878166765, 8429340.431318633258343 ], [ 3356869.513169200625271, 8429347.517421714961529 ], [ 3356875.257254923228174, 8429358.78366906940937 ], [ 3356865.205104911699891, 8429390.369490273296833 ], [ 3356876.693276358302683, 8429413.326856622472405 ], [ 3356899.647355351131409, 8429433.422993671149015 ], [ 3356911.135526798199862, 8429456.380494410172105 ], [ 3356906.627087424509227, 8429470.97765726223588 ], [ 3356910.233838924672455, 8429479.651023486629128 ], [ 3356917.135647351387888, 8429481.953490993008018 ], [ 3356925.195178480818868, 8429485.328954346477985 ], [ 3356953.50372497504577, 8429482.10996938124299 ], [ 3356970.958621126133949, 8429490.380975246429443 ], [ 3356971.871440949384123, 8429509.672573711723089 ], [ 3356961.774763142690063, 8429527.131178628653288 ], [ 3356956.264448352623731, 8429542.734422707930207 ], [ 3356959.93799154786393, 8429557.44352837651968 ], [ 3356972.795392727479339, 8429563.859211338683963 ], [ 3357008.61800484592095, 8429544.567470738664269 ], [ 3357023.312177626416087, 8429544.567470740526915 ], [ 3357033.419987387023866, 8429558.360054170712829 ], [ 3357060.047609572298825, 8429570.297254223376513 ], [ 3357064.645104540977627, 8429581.317944882437587 ], [ 3357050.863751589786261, 8429595.088242830708623 ], [ 3357036.169578811619431, 8429607.047856925055385 ], [ 3357026.07290100492537, 8429627.233941296115518 ], [ 3357039.843122009653598, 8429640.110143644735217 ], [ 3357060.047609579749405, 8429647.442435618489981 ], [ 3357073.8289625342004, 8429652.964013965800405 ], [ 3357080.263229100964963, 8429668.567524991929531 ], [ 3357079.339277327526361, 8429683.276882316917181 ], [ 3357060.047609585337341, 8429712.673330469056964 ], [ 3357051.787703373935074, 8429735.631702864542603 ], [ 3357052.700523200910538, 8429762.256351051852107 ], [ 3357062.80833296244964, 8429776.965895755216479 ], [ 3357071.079371124040335, 8429779.715555548667908 ], [ 3357086.686363726388663, 8429779.715555552393198 ], [ 3357108.738754841033369, 8429786.153787380084395 ], [ 3357124.34574744431302, 8429802.674137219786644 ], [ 3357131.692833837121725, 8429832.987622607499361 ], [ 3357154.658044779207557, 8429848.613870732486248 ], [ 3357195.990971691440791, 8429867.88405361585319 ], [ 3357221.705774055793881, 8429886.260075511410832 ], [ 3357274.070462502539158, 8429911.991054374724627 ], [ 3357279.580777294933796, 8429925.76197144202888 ], [ 3357277.744005698245019, 8429950.554158236831427 ], [ 3357272.233690909575671, 8429970.763540944084525 ], [ 3357245.594936775974929, 8429975.368784159421921 ], [ 3357257.528386185411364, 8430001.994300212711096 ], [ 3357288.764635290484875, 8430044.246576434001327 ], [ 3357304.382759843952954, 8430051.60162709839642 ], [ 3357312.642666058149189, 8430078.227419134229422 ], [ 3357321.826524045318365, 8430076.394238088279963 ], [ 3357332.847153628710657, 8430066.289394667372108 ], [ 3357340.194240019656718, 8430103.042475819587708 ], [ 3357348.465278181247413, 8430105.792257525026798 ], [ 3357369.593717525713146, 8430111.291824020445347 ], [ 3357399.906014855485409, 8430114.980559945106506 ], [ 3357432.967903605662286, 8430125.085470264777541 ], [ 3357430.218312187120318, 8430156.316884841769934 ], [ 3357416.436959235463291, 8430173.754668636247516 ], [ 3357424.707997398916632, 8430191.214850001037121 ], [ 3357442.151761599350721, 8430197.631085829809308 ], [ 3357466.040924310684204, 8430190.298245338723063 ], [ 3357483.484688507858664, 8430180.19324541464448 ], [ 3357501.863536428194493, 8430170.088259380310774 ], [ 3357526.654387017711997, 8430166.421851947903633 ], [ 3357541.359691746067256, 8430182.026452334597707 ], [ 3357573.497628725133836, 8430215.091323863714933 ], [ 3357551.456369558814913, 8430217.841147461906075 ], [ 3357536.76219678344205, 8430237.134654141962528 ], [ 3357552.380321334581822, 8430256.42821142077446 ], [ 3357551.456369565334171, 8430283.054744986817241 ], [ 3357554.217092938255519, 8430317.059047659859061 ], [ 3357567.987313943449408, 8430324.392014537006617 ], [ 3357592.789296478033066, 8430320.725530177354813 ], [ 3357612.993784051388502, 8430324.392014533281326 ], [ 3357630.448680200148374, 8430339.102683547884226 ], [ 3357646.066804749891162, 8430338.186060452833772 ], [ 3357659.848157703410834, 8430328.080857340246439 ], [ 3357679.128693500999361, 8430324.392014533281326 ], [ 3357702.09390444168821, 8430330.830723183229566 ], [ 3357737.003696738742292, 8430351.95777553319931 ], [ 3357747.100374549161643, 8430369.396023208275437 ], [ 3357749.861097924411297, 8430407.067250642925501 ], [ 3357749.861097924411297, 8430418.089195219799876 ], [ 3357764.555270703975111, 8430424.505628978833556 ], [ 3357774.651948512997478, 8430418.089195221662521 ], [ 3357795.780387855134904, 8430410.733778038993478 ], [ 3357817.832778972573578, 8430419.005828270688653 ], [ 3357824.255913589615375, 8430448.405217219144106 ], [ 3357838.037266545463353, 8430459.427223740145564 ], [ 3357849.057896128855646, 8430464.927054671570659 ], [ 3357856.404982519801706, 8430481.471286343410611 ], [ 3357848.133944357279688, 8430493.409984745085239 ], [ 3357843.547581341583282, 8430508.098634650930762 ], [ 3357853.655391100794077, 8430524.642963441088796 ], [ 3357872.023107073735446, 8430543.914917681366205 ], [ 3357883.043736660387367, 8430554.937067348510027 ], [ 3357884.880508260801435, 8430592.609245156869292 ], [ 3357895.901137846522033, 8430610.048063427209854 ], [ 3357908.758539028000087, 8430634.864914571866393 ], [ 3357883.956556492950767, 8430648.637185212224722 ], [ 3357868.349563891999424, 8430657.826165845617652 ], [ 3357861.00247750338167, 8430666.076136335730553 ], [ 3357866.512792298104614, 8430682.620820492506027 ], [ 3357889.466871288139373, 8430689.037485046312213 ], [ 3357911.519262404646724, 8430697.309848299250007 ], [ 3357914.268853829242289, 8430712.021263245493174 ], [ 3357913.356034006457776, 8430739.566119279712439 ], [ 3357929.886978381779045, 8430760.694345815107226 ], [ 3357951.928237549494952, 8430770.800143344327807 ], [ 3357970.295953524764627, 8430789.156063329428434 ], [ 3357985.91407807637006, 8430792.845139250159264 ], [ 3358001.532202627509832, 8430804.784343123435974 ], [ 3358007.955337243154645, 8430818.556931961327791 ], [ 3358026.334185166750103, 8430830.496177565306425 ], [ 3358041.941177770029753, 8430840.602071011438966 ], [ 3358067.667112080380321, 8430841.518756728619337 ], [ 3358080.524513260927051, 8430842.435442551970482 ], [ 3358094.305866215378046, 8430853.458039613440633 ], [ 3358111.749630416743457, 8430866.314030675217509 ], [ 3358130.128478337079287, 8430867.230719592422247 ], [ 3358157.680052295327187, 8430856.208101890981197 ], [ 3358168.700681878253818, 8430853.458039605990052 ], [ 3358187.068397850729525, 8430855.29141434468329 ], [ 3358228.401324765756726, 8430887.442621327936649 ], [ 3358267.897480078972876, 8430877.336663512513041 ], [ 3358345.053019113373011, 8430876.419973334297538 ], [ 3358361.583963490091264, 8430896.631900331005454 ], [ 3358360.671143667306751, 8430912.238050106912851 ], [ 3358339.542704326566309, 8430930.616681566461921 ], [ 3358315.664673563092947, 8430948.07865984365344 ], [ 3358323.011759954039007, 8430970.124187145382166 ], [ 3358335.869161135517061, 8430973.790995260700583 ], [ 3358349.650514087639749, 8430964.601619839668274 ], [ 3358379.962811417877674, 8430959.101415224373341 ], [ 3358426.806053121574223, 8430974.707697561010718 ], [ 3358466.302208439446986, 8430992.147421879693866 ], [ 3358482.833152814302593, 8431016.048854816704988 ], [ 3358487.430647787172347, 8431051.867611626163125 ], [ 3358480.072429451625794, 8431087.686542887240648 ], [ 3358489.267419390380383, 8431124.422369573265314 ], [ 3358488.343467619735748, 8431157.491478230804205 ], [ 3358499.364097205456346, 8431183.204545795917511 ], [ 3358507.635135368909687, 8431198.833662969991565 ], [ 3358522.329308147076517, 8431209.856794195249677 ], [ 3358530.600346309598535, 8431205.250777918845415 ], [ 3358559.988691861275584, 8431175.870722578838468 ], [ 3358601.321618774905801, 8431174.931635981425643 ], [ 3358603.158390373922884, 8431200.66712380759418 ], [ 3358604.082342148758471, 8431219.024116711691022 ], [ 3358616.015791556797922, 8431228.213810037821531 ], [ 3358638.057050724513829, 8431214.440454022958875 ], [ 3358651.036903342697769, 8431197.31323236040771 ], [ 3358683.041256930213422, 8431186.558430790901184 ], [ 3358701.965570352505893, 8431169.23004138097167 ], [ 3358736.34102909360081, 8431170.348000759258866 ], [ 3358742.77529565943405, 8431173.098181545734406 ], [ 3358753.795925244688988, 8431193.310923906043172 ], [ 3358769.414049797225744, 8431225.46360863186419 ], [ 3358780.434679383877665, 8431242.903927581384778 ], [ 3358805.236661921720952, 8431253.927124863490462 ], [ 3358820.843654525466263, 8431262.200123531743884 ], [ 3358833.701055706478655, 8431287.913557194173336 ], [ 3358846.569588836748153, 8431303.542896891012788 ], [ 3358868.610848005861044, 8431315.482929849997163 ], [ 3358909.943774921819568, 8431347.613788979128003 ], [ 3358921.888356280513108, 8431392.62405944429338 ], [ 3358941.168892081826925, 8431420.193824630230665 ], [ 3358994.446400359272957, 8431528.573295027017593 ], [ 3359005.467029944993556, 8431553.37088548950851 ], [ 3359033.018603905104101, 8431555.204434718936682 ], [ 3359063.330901231151074, 8431542.347239365801215 ], [ 3359099.153513351455331, 8431547.870240529999137 ], [ 3359119.369132871273905, 8431561.644221009686589 ], [ 3359133.139353878796101, 8431580.002114972099662 ], [ 3359152.431021626107395, 8431607.572582613676786 ], [ 3359175.396232566796243, 8431612.15649033524096 ], [ 3359204.784578122198582, 8431613.073272220790386 ], [ 3359245.204685212112963, 8431645.227792173624039 ], [ 3359252.551771603990346, 8431671.859354296699166 ], [ 3359250.715000010561198, 8431699.407805511727929 ], [ 3359255.301363029982895, 8431720.538789726793766 ], [ 3359246.117505047470331, 8431766.468143658712506 ], [ 3359263.572401197161525, 8431789.432928191497922 ], [ 3359258.974906233604997, 8431812.397784445434809 ], [ 3359242.443961861077696, 8431825.255451923236251 ], [ 3359253.464591443538666, 8431839.946762109175324 ], [ 3359270.919487594626844, 8431848.22042003646493 ], [ 3359307.777370980009437, 8431874.18187734298408 ], [ 3359365.48539498867467, 8431972.907808199524879 ], [ 3359355.132682354189456, 8432018.68220591917634 ], [ 3359361.232990451157093, 8432070.91948271356523 ], [ 3359332.779728626366705, 8432164.773090740665793 ], [ 3359290.812280619051307, 8432175.126802545040846 ], [ 3359285.903091081418097, 8432243.801575237885118 ], [ 3359244.18054596055299, 8432344.858194956555963 ], [ 3358899.802569455467165, 8432912.446955949068069 ], [ 3358397.529027274809778, 8433375.361665615811944 ], [ 3358254.761780425906181, 8433657.87070300988853 ], [ 3357895.678499160800129, 8433860.784690817818046 ], [ 3357786.218043944332749, 8434203.841058013960719 ], [ 3357736.903509554453194, 8434289.087578888982534 ], [ 3357631.161125306040049, 8434363.620376972481608 ], [ 3357625.461567380931228, 8434373.127165745943785 ], [ 3357592.622317620087415, 8434453.253106757998466 ], [ 3357522.134816085919738, 8434494.792778285220265 ], [ 3357483.518084751907736, 8434539.19597152620554 ], [ 3357373.445372316055, 8434631.895492030307651 ], [ 3357291.369511797092855, 8434680.169498514384031 ], [ 3357264.330007502343506, 8434745.825340325012803 ], [ 3357219.91353069851175, 8434769.962677927687764 ], [ 3357173.57122670346871, 8434785.420458456501365 ], [ 3357165.845654052682221, 8434845.283313080668449 ], [ 3357195.779465115163475, 8434873.291064120829105 ], [ 3357239.227462353184819, 8434889.710993329063058 ], [ 3357265.298487085383385, 8434906.10858865454793 ], [ 3357257.572914429474622, 8434932.192696953192353 ], [ 3357196.736812743823975, 8434965.010484378784895 ], [ 3357147.500201990827918, 8435003.644836284220219 ], [ 3357084.738273116759956, 8435066.395330894738436 ], [ 3357054.804462058469653, 8435063.509467521682382 ], [ 3357051.910155301447958, 8435087.647847967222333 ], [ 3357068.318648237269372, 8435107.916095152497292 ], [ 3357072.181434568483382, 8435123.374586140736938 ], [ 3357074.118393709883094, 8435157.177564607933164 ], [ 3357021.976344259921461, 8435293.308273278176785 ], [ 3356978.517215079627931, 8435353.175262844190001 ], [ 3356923.480858860071748, 8435384.070936551317573 ], [ 3356908.029713550582528, 8435448.771059062331915 ], [ 3356908.029713554307818, 8435497.050428714603186 ], [ 3356929.280604338273406, 8435516.357790853828192 ], [ 3356945.689097274560481, 8435522.152246620506048 ], [ 3356991.074053666554391, 8435691.133113702759147 ], [ 3356976.257429451216012, 8435725.654639728367329 ], [ 3356964.546619027853012, 8435751.808774810284376 ], [ 3356974.353866164106876, 8435786.39770539291203 ], [ 3356990.495192321948707, 8435801.589143531396985 ], [ 3356998.654910995159298, 8435802.573567697778344 ], [ 3357024.347449458669871, 8435805.705827312543988 ], [ 3357047.078889466356486, 8435814.409041374921799 ], [ 3357054.09201738378033, 8435817.093839559704065 ], [ 3357067.060738058760762, 8435833.873850462958217 ], [ 3357072.12577489297837, 8435909.809471875429153 ], [ 3357081.610195509158075, 8435949.656969388946891 ], [ 3357097.26171591039747, 8436000.982475290074944 ], [ 3357156.094066774472594, 8436073.653202760964632 ], [ 3357238.158795355819166, 8436153.23831787891686 ], [ 3357294.018915811553597, 8436171.048318224027753 ], [ 3357344.446645116433501, 8436174.001739526167512 ], [ 3357426.021567936055362, 8436206.131460143253207 ], [ 3357519.952954221051186, 8436172.032791845500469 ], [ 3357567.408453118987381, 8436126.053538715466857 ], [ 3357601.026939321309328, 8436109.742719469591975 ], [ 3357682.100924427621067, 8436099.853324046358466 ], [ 3357715.719410630874336, 8436103.298948980867863 ], [ 3357724.124032183550298, 8436105.290252456441522 ], [ 3357730.54716679872945, 8436103.813555447384715 ], [ 3357723.667622271925211, 8436119.632128184661269 ], [ 3357707.414976624771953, 8436129.901912856847048 ], [ 3357703.986336310394108, 8436146.168028175830841 ], [ 3357691.151199030224234, 8436164.134632039815187 ], [ 3357652.634655236732215, 8436189.820463249459863 ], [ 3357622.678580279462039, 8436196.667050123214722 ], [ 3357614.975271522067487, 8436228.327003726735711 ], [ 3357654.348975401837379, 8436284.823019325733185 ], [ 3357670.612753000110388, 8436297.666134513914585 ], [ 3357688.579718806780875, 8436309.636654064059258 ], [ 3357714.261125324293971, 8436325.903167003765702 ], [ 3357728.810582763515413, 8436338.746353948488832 ], [ 3357750.206188885029405, 8436348.166196966543794 ], [ 3357799.843549806624651, 8436349.01644467189908 ], [ 3357816.964487482793629, 8436358.436300836503506 ], [ 3357829.799624768085778, 8436381.527305740863085 ], [ 3357849.480910731479526, 8436380.677054269239306 ], [ 3357914.524889169260859, 8436361.859671985730529 ], [ 3357951.327112804632634, 8436325.903166992589831 ], [ 3357987.283308312296867, 8436298.516376364976168 ], [ 3358006.107434195000678, 8436289.096596958115697 ], [ 3358040.338177597615868, 8436279.676829611882567 ], [ 3358066.87674418836832, 8436267.706358842551708 ], [ 3358092.547018754761666, 8436254.013059159740806 ], [ 3358110.525116506963968, 8436242.020255543291569 ], [ 3358148.184500221628696, 8436225.776302741840482 ], [ 3358149.887688428163528, 8436200.940576508641243 ], [ 3358171.294426496140659, 8436176.977536397054791 ], [ 3358201.250501454342157, 8436187.247401170432568 ], [ 3358222.646107575856149, 8436191.543296571820974 ], [ 3358235.481244856026024, 8436170.130967851728201 ], [ 3358210.656998421065509, 8436159.861126989126205 ], [ 3358213.228478655219078, 8436145.317803902551532 ], [ 3358232.909764617681503, 8436128.20146818831563 ], [ 3358238.052725086919963, 8436111.085172325372696 ], [ 3358220.931787409819663, 8436087.972642581909895 ], [ 3358231.195444454438984, 8436070.856440363451838 ], [ 3358250.030702286399901, 8436051.167263561859727 ], [ 3358269.711988245602697, 8436027.204711558297276 ], [ 3358287.690085999667645, 8436005.815235303714871 ], [ 3358289.404406155925244, 8435984.403447449207306 ], [ 3358311.657172353938222, 8435975.006444247439504 ], [ 3358323.635149559006095, 8435985.276026919484138 ], [ 3358318.503321036230773, 8436000.669240882620215 ], [ 3358337.327446919865906, 8436017.785279722884297 ], [ 3358347.602235917001963, 8436017.785279722884297 ], [ 3358366.42636180203408, 8436011.811442030593753 ], [ 3358391.250608235131949, 8435995.545623933896422 ], [ 3358410.931894195731729, 8435977.557058205828071 ], [ 3358433.18466039467603, 8435961.313689652830362 ], [ 3358452.865946357604116, 8435956.167726382613182 ], [ 3358480.261673028580844, 8435960.441113011911511 ], [ 3358498.22863883478567, 8435967.287486307322979 ], [ 3358511.920936196111143, 8435980.980252020061016 ], [ 3358523.910045352764428, 8436000.669240875169635 ], [ 3358516.206736595835537, 8436022.931286104023457 ], [ 3358506.789107679389417, 8436047.744037047028542 ], [ 3358495.66829055827111, 8436068.283419927582145 ], [ 3358487.964981799945235, 8436098.24238302372396 ], [ 3358497.371478769462556, 8436124.778205813840032 ], [ 3358516.206736605148762, 8436135.047997677698731 ], [ 3358553.008960242848843, 8436141.044309798628092 ], [ 3358576.118886521551758, 8436137.621041459962726 ], [ 3358598.371652719564736, 8436127.351245999336243 ], [ 3358639.448544802609831, 8436118.781906953081489 ], [ 3358657.426642556674778, 8436098.242383006960154 ], [ 3358653.140842158347368, 8436062.287167137488723 ], [ 3358657.426642551086843, 8436033.200935710221529 ], [ 3358650.580493866000324, 8435998.968826113268733 ], [ 3358629.173755794763565, 8435963.864298852160573 ], [ 3358622.327607109677047, 8435947.620960548520088 ], [ 3358640.305704865604639, 8435926.209342148154974 ], [ 3358632.602396101690829, 8435890.277341049164534 ], [ 3358649.723333774134517, 8435873.161599025130272 ], [ 3358667.690299579873681, 8435859.446660639718175 ], [ 3358698.503534617833793, 8435856.023523407056928 ], [ 3358706.206843375228345, 8435834.634545112028718 ], [ 3358713.910152130760252, 8435799.553175682201982 ], [ 3358733.591438095550984, 8435802.976286631077528 ], [ 3358741.294746852945536, 8435795.257509293034673 ], [ 3358741.294746852479875, 8435771.29579127766192 ], [ 3358736.162918326444924, 8435746.483973205089569 ], [ 3358741.29474684689194, 8435725.095313545316458 ], [ 3358762.690352964214981, 8435701.98399706184864 ], [ 3358779.811290638521314, 8435682.295807985588908 ], [ 3358806.338725280947983, 8435678.872753219678998 ], [ 3358836.294800240546465, 8435685.718864342197776 ], [ 3358896.206950156483799, 8435668.603598469868302 ], [ 3358928.734505349304527, 8435655.761582013219595 ], [ 3358968.954237353056669, 8435640.346717294305563 ], [ 3358989.503815341740847, 8435622.381393253803253 ], [ 3359029.723547346424311, 8435606.116436619311571 ], [ 3359072.514759585727006, 8435589.851515969261527 ], [ 3359061.393942455761135, 8435559.894624207168818 ], [ 3359094.76752577861771, 8435535.933673173189163 ], [ 3359126.437920895405114, 8435555.621470354497433 ], [ 3359150.405007254797965, 8435559.894624209031463 ], [ 3359172.657773452810943, 8435560.767153307795525 ], [ 3359191.481899338308722, 8435572.736473232507706 ], [ 3359218.866494063287973, 8435599.270399594679475 ], [ 3359255.579662111122161, 8435612.224180890247226 ], [ 3359242.722260931972414, 8435639.49655151553452 ], [ 3359240.662850357592106, 8435682.698520392179489 ], [ 3359274.615295036230236, 8435715.609149660915136 ], [ 3359273.580023778602481, 8435770.646968962624669 ], [ 3359268.437063306104392, 8435779.909471740946174 ], [ 3359262.782033183611929, 8435849.870829725638032 ], [ 3359264.3293741135858, 8435945.540204893797636 ], [ 3359277.832428342662752, 8435965.430462807416916 ], [ 3359281.684082725550979, 8435998.23048822209239 ], [ 3359287.951370056252927, 8436035.706821853294969 ], [ 3359297.758617196697742, 8436085.444364387542009 ], [ 3359305.47305790707469, 8436124.532088927924633 ], [ 3359309.079809412360191, 8436162.590800013393164 ], [ 3359298.782756521366537, 8436205.281228860840201 ], [ 3359274.615295083262026, 8436215.573507703840733 ], [ 3359251.984042613767087, 8436207.85429722070694 ], [ 3359213.912776776123792, 8436184.719088852405548 ], [ 3359188.197974418755621, 8436188.321374729275703 ], [ 3359164.542582634370774, 8436181.116804737597704 ], [ 3359144.994880061130971, 8436187.806762360036373 ], [ 3359119.792147357482463, 8436199.128242965787649 ], [ 3359111.554505043197423, 8436192.952887749299407 ], [ 3359092.530004076194018, 8436196.040564710274339 ], [ 3359073.750405987724662, 8436205.527348419651389 ], [ 3359049.928034970071167, 8436217.564841583371162 ], [ 3359035.467633126303554, 8436245.712067959830165 ], [ 3359028.231866229791194, 8436268.198602061718702 ], [ 3359032.250499848742038, 8436305.184065945446491 ], [ 3359042.703400033060461, 8436344.563832700252533 ], [ 3359066.80406977981329, 8436359.823549024760723 ], [ 3359093.331504423171282, 8436371.078169472515583 ], [ 3359143.959608816541731, 8436400.009111842140555 ], [ 3359155.448176288977265, 8436411.805209752172232 ], [ 3359168.884042795281857, 8436425.740517407655716 ], [ 3359188.966078927740455, 8436449.838619753718376 ], [ 3359238.803814935963601, 8436504.501553222537041 ], [ 3359290.233419662807137, 8436543.076868329197168 ], [ 3359303.101952793076634, 8436553.526248972862959 ], [ 3359329.618255491834134, 8436590.490772457793355 ], [ 3359360.965824087616056, 8436621.033633349463344 ], [ 3359380.246359884273261, 8436645.937906127423048 ], [ 3359396.320894351229072, 8436682.925270169973373 ], [ 3359394.717893689870834, 8436720.695982756093144 ], [ 3359380.246359896380454, 8436756.855804082006216 ], [ 3359351.314424254931509, 8436789.010448047891259 ], [ 3359284.611785404849797, 8436802.659991480410099 ], [ 3359249.245583198498935, 8436829.198356656357646 ], [ 3359249.245583199895918, 8436850.075569590553641 ], [ 3359266.934250281658024, 8436868.55855356156826 ], [ 3359274.971517513971776, 8436891.874926486983895 ], [ 3359280.593151799868792, 8436911.163574941456318 ], [ 3359306.307954162359238, 8436929.646712481975555 ], [ 3359346.494290322065353, 8436961.802112111821771 ], [ 3359378.643359248526394, 8436977.063109511509538 ], [ 3359426.866962642874569, 8437018.05761712230742 ], [ 3359442.941497108433396, 8437046.991105338558555 ], [ 3359441.338496444746852, 8437075.924707416445017 ], [ 3359442.139996781945229, 8437118.508553152903914 ], [ 3359463.836165527347475, 8437134.59783704765141 ], [ 3359494.382233786862344, 8437137.01458926871419 ], [ 3359536.171570611186326, 8437130.569918433204293 ], [ 3359557.066239023115486, 8437117.725348297506571 ], [ 3359569.923640202730894, 8437112.086275801062584 ], [ 3359593.233941563870758, 8437127.369962450116873 ], [ 3359618.147243593353778, 8437145.048058370128274 ], [ 3359672.79398160148412, 8437174.787634620442986 ], [ 3359696.905783297494054, 8437177.987611247226596 ], [ 3359713.781818093266338, 8437170.759694000706077 ], [ 3359735.489118787460029, 8437157.892676241695881 ], [ 3359744.327886349055916, 8437145.85364349745214 ], [ 3359732.271985499188304, 8437113.697438925504684 ], [ 3359725.837718931492418, 8437087.986002832651138 ], [ 3359726.650351211428642, 8437066.28016072884202 ], [ 3359735.489118776284158, 8437053.413325805217028 ], [ 3359745.930887006223202, 8437046.185531025752425 ], [ 3359774.862822652794421, 8437050.213403400033712 ], [ 3359809.427524524275213, 8437051.802175883203745 ], [ 3359840.775093118660152, 8437051.802175883203745 ], [ 3359868.905528427567333, 8437040.568890443071723 ], [ 3359880.961429273243994, 8437024.479812311008573 ], [ 3359892.204697839915752, 8437018.863188315182924 ], [ 3359917.930632150731981, 8437022.085474064573646 ], [ 3359936.409667612984776, 8437033.318731259554625 ], [ 3359949.26706879446283, 8437053.413325794041157 ], [ 3359961.322969644330442, 8437075.924707386642694 ], [ 3359978.199004442896694, 8437103.247262131422758 ], [ 3360002.310806140303612, 8437122.536465119570494 ], [ 3360019.999473219737411, 8437127.369962427765131 ], [ 3360062.590310377068818, 8437133.792253118008375 ], [ 3360096.342379971873015, 8437147.442436629906297 ], [ 3360123.67131494730711, 8437153.081536239013076 ], [ 3360143.764483025763184, 8437163.531783843412995 ], [ 3360179.932185571175069, 8437173.176458083093166 ], [ 3360198.422352984081954, 8437185.215535569936037 ], [ 3360221.72152239875868, 8437211.755281586199999 ], [ 3360254.672091660555452, 8437233.43917553499341 ], [ 3360304.50982766924426, 8437276.851910823956132 ], [ 3360343.883531545754522, 8437313.014467446133494 ], [ 3360362.373698961455375, 8437317.825712094083428 ], [ 3360361.572198627982289, 8437347.565987225621939 ], [ 3360387.287000992335379, 8437358.822119724005461 ], [ 3360396.92726889392361, 8437411.074968442320824 ], [ 3360370.410966203082353, 8437459.277711514383554 ], [ 3360355.939432408194989, 8437483.401579953730106 ], [ 3360347.90216518053785, 8437518.759526440873742 ], [ 3360343.0820312355645, 8437543.666840188205242 ], [ 3360339.864897954277694, 8437573.408028859645128 ], [ 3360359.156565702985972, 8437594.309733811765909 ], [ 3360370.410966218914837, 8437615.211498191580176 ], [ 3360352.722299141809344, 8437633.696405714377761 ], [ 3360336.647764679975808, 8437649.764438141137362 ], [ 3360311.734462654218078, 8437660.215391734614968 ], [ 3360298.877061474602669, 8437681.117343468591571 ], [ 3360304.509827707428485, 8437697.991125164553523 ], [ 3360320.584362172521651, 8437728.516207942739129 ], [ 3360355.137932104989886, 8437794.423068890348077 ], [ 3360378.448233467061073, 8437809.708174018189311 ], [ 3360394.5227679326199, 8437832.199491892009974 ], [ 3360395.324268268421292, 8437860.330520652234554 ], [ 3360409.78467011731118, 8437886.044657807797194 ], [ 3360421.840570966247469, 8437902.135621408000588 ], [ 3360433.896471816115081, 8437911.758884891867638 ], [ 3360461.225406792480499, 8437906.94725157879293 ], [ 3360493.374475718010217, 8437908.558588895946741 ], [ 3360515.883276746608317, 8437913.370223265141249 ], [ 3360532.759311542846262, 8437923.821551563218236 ], [ 3360548.021213725674897, 8437939.890218064188957 ], [ 3360552.852479625027627, 8437946.335598332807422 ], [ 3360557.694877473637462, 8437973.169030418619514 ], [ 3360549.023089148569852, 8437997.205065233632922 ], [ 3360565.709880814887583, 8438058.638304609805346 ], [ 3360549.023089157417417, 8438102.682560473680496 ], [ 3360539.672251940239221, 8438172.800306905061007 ], [ 3360486.929077234119177, 8438247.573910219594836 ], [ 3360490.257530015427619, 8438312.120188334956765 ], [ 3360489.667536715511233, 8438339.089241463690996 ], [ 3360487.596994191408157, 8438380.427060974761844 ], [ 3360505.619619746692479, 8438428.501872161403298 ], [ 3360546.351421412080526, 8438477.897501403465867 ], [ 3360576.396551973186433, 8438580.047014478594065 ], [ 3360601.098346981219947, 8438700.886976109817624 ], [ 3360583.732506429310888, 8438760.311690203845501 ], [ 3360537.668501168489456, 8438833.74831872433424 ], [ 3360472.234904521144927, 8438947.922357657924294 ], [ 3360463.563116201199591, 8439036.044172132387757 ], [ 3360452.20852815033868, 8439112.169556660577655 ], [ 3360478.246157039888203, 8439166.897054912522435 ], [ 3360480.917824826668948, 8439259.69970703125 ], [ 3360464.231033174786717, 8439364.926707357168198 ], [ 3360487.596994290594012, 8439458.381007025018334 ], [ 3360484.925326521042734, 8439555.865740040317178 ], [ 3360502.947952080983669, 8439672.69243061169982 ], [ 3360566.377797913737595, 8439760.822933055460453 ], [ 3360680.547067621257156, 8439776.850844342261553 ], [ 3360735.961910122539848, 8439884.346202775835991 ], [ 3360761.331622071098536, 8439995.82784747518599 ], [ 3360764.003289856947958, 8440098.647658163681626 ], [ 3360744.633698476012796, 8440167.418863199651241 ], [ 3360743.965781536884606, 8440226.833045959472656 ], [ 3360764.00328987184912, 8440258.890935571864247 ], [ 3360842.784093474969268, 8440312.955360785126686 ], [ 3360851.656256889924407, 8440332.073890360072255 ], [ 3360868.821722364518791, 8440369.035029409453273 ], [ 3360899.523637912701815, 8440384.392650006338954 ], [ 3360959.780878249555826, 8440370.736455176025629 ], [ 3361019.737555963452905, 8440377.340677371248603 ], [ 3361070.721882726065814, 8440408.033598050475121 ], [ 3361093.386531042400748, 8440425.965845154598355 ], [ 3361130.211018580943346, 8440436.353583827614784 ], [ 3361187.752063351683319, 8440509.35920444317162 ], [ 3361184.802096851170063, 8440562.306083273142576 ], [ 3361164.675532930530608, 8440622.350320203229785 ], [ 3361099.520235003437847, 8440673.327859312295914 ], [ 3361039.563557296060026, 8440728.581910951063037 ], [ 3360998.720436147414148, 8440771.970513263717294 ], [ 3360926.774649288039654, 8440834.434430703520775 ], [ 3360900.770416252315044, 8440874.442960616201162 ], [ 3360886.610577038489282, 8440948.57237914018333 ], [ 3360894.581052583176643, 8441034.277754880487919 ], [ 3360909.687107478268445, 8441055.525140788406134 ], [ 3360963.0314074405469, 8441054.114616950973868 ], [ 3360983.336082555819303, 8441092.355581130832434 ], [ 3360968.230027666315436, 8441126.342740846797824 ], [ 3361003.162083860952407, 8441149.471115276217461 ], [ 3361029.132921052630991, 8441151.351838171482086 ], [ 3361090.970898162573576, 8441191.966614402830601 ], [ 3361141.009009252302349, 8441212.251696914434433 ], [ 3361161.31368436710909, 8441248.612735472619534 ], [ 3361156.11506415437907, 8441299.12442740239203 ], [ 3361196.724414381198585, 8441359.085122169926763 ], [ 3361238.736390190664679, 8441383.154620038345456 ], [ 3361291.134474484249949, 8441416.202728763222694 ], [ 3361318.051527343690395, 8441409.597573194652796 ], [ 3361328.905177694279701, 8441428.942859120666981 ], [ 3361302.466798646375537, 8441467.655974242836237 ], [ 3361298.693067914806306, 8441506.369293235242367 ], [ 3361309.546718264464289, 8441546.963640235364437 ], [ 3361338.345070522278547, 8441569.623130518943071 ], [ 3361366.197207108605653, 8441591.342272751033306 ], [ 3361399.247963908594102, 8441582.385917659848928 ], [ 3361430.406289359554648, 8441504.958682889118791 ], [ 3361452.592263862956315, 8441495.98004243709147 ], [ 3361476.203127850778401, 8441509.190514728426933 ], [ 3361496.975344823673368, 8441522.423401448875666 ], [ 3361543.239725172985345, 8441494.099231358617544 ], [ 3361568.731888554058969, 8441494.099231356754899 ], [ 3361582.891727777663618, 8441510.153312785550952 ], [ 3361592.331620596349239, 8441555.001929666846991 ], [ 3361632.462297012563795, 8441597.947591600939631 ], [ 3361648.982109440956265, 8441621.077449874952435 ], [ 3361649.928325111512095, 8441635.250961428508162 ], [ 3361679.194219229742885, 8441645.17019666172564 ], [ 3361689.112785855773836, 8441660.261790180578828 ], [ 3361673.52805715193972, 8441671.591701215133071 ], [ 3361646.62213624175638, 8441664.516102554276586 ], [ 3361632.929838883690536, 8441690.489852560684085 ], [ 3361629.156108146999031, 8441703.230458311736584 ], [ 3361605.077702300157398, 8441709.83587771654129 ], [ 3361582.413053987082094, 8441729.674562871456146 ], [ 3361582.413053988013417, 8441747.610034245997667 ], [ 3361623.957487937994301, 8441814.650123722851276 ], [ 3361642.369731708429754, 8441822.196090580895543 ], [ 3361660.314433614723384, 8441807.551995798945427 ], [ 3361677.780461714137346, 8441806.14132765121758 ], [ 3361696.19270548177883, 8441817.941686943173409 ], [ 3361714.604949249885976, 8441820.315196027979255 ], [ 3361735.844708081334829, 8441806.611550336703658 ], [ 3361767.003033538348973, 8441789.616378160193563 ], [ 3361784.001519774086773, 8441792.930321691557765 ], [ 3361795.801385798025876, 8441826.92072064243257 ], [ 3361798.161359005607665, 8441864.202860711142421 ], [ 3361788.253924330230802, 8441886.393101114779711 ], [ 3361790.135223724413663, 8441897.723360693082213 ], [ 3361779.281573378946632, 8441907.172720968723297 ], [ 3361750.950762986205518, 8441921.817014206200838 ], [ 3361736.790923766791821, 8441943.514805091544986 ], [ 3361707.992571513634175, 8441968.549074754118919 ], [ 3361696.192705495748669, 8441973.273798901587725 ], [ 3361688.634112074039876, 8441965.235052049160004 ], [ 3361673.060515316203237, 8441933.147328397259116 ], [ 3361657.00824474869296, 8441915.189012443646789 ], [ 3361640.009758511558175, 8441913.778323642909527 ], [ 3361620.183757212478667, 8441932.184474935755134 ], [ 3361615.931352668441832, 8441948.239513143897057 ], [ 3361625.382377436384559, 8441980.349694771692157 ], [ 3361627.263676832895726, 8442013.870724393054843 ], [ 3361619.716215361375362, 8442033.217600639909506 ], [ 3361600.357755921315402, 8442040.786184137687087 ], [ 3361574.398050683084875, 8442066.738871350884438 ], [ 3361558.34578012349084, 8442101.200777947902679 ], [ 3361554.093375578522682, 8442134.252115001901984 ], [ 3361541.814835750032216, 8442146.053001027554274 ], [ 3361505.936563888099045, 8442161.638260930776596 ], [ 3361494.604239731561393, 8442172.498698653653264 ], [ 3361495.082913543097675, 8442191.845992397516966 ], [ 3361501.695291294250637, 8442222.524097295477986 ], [ 3361494.604239736683667, 8442235.265625214204192 ], [ 3361465.817019429057837, 8442229.129983354359865 ], [ 3361437.486209033988416, 8442217.328963963314891 ], [ 3361415.767776392400265, 8442225.36798650957644 ], [ 3361400.661721499171108, 8442238.579769663512707 ], [ 3361368.557180371135473, 8442233.854874996468425 ], [ 3361325.598988891579211, 8442231.973875120282173 ], [ 3361297.746852308046073, 8442227.719234317541122 ], [ 3361278.867066680919379, 8442239.050020009279251 ], [ 3361276.974635339807719, 8442249.440321067348123 ], [ 3361285.000770621933043, 8442262.181895634159446 ], [ 3361308.600502660032362, 8442280.588919328525662 ], [ 3361309.546718332450837, 8442300.899399211630225 ], [ 3361291.613148377276957, 8442306.094591615721583 ], [ 3361259.976149107329547, 8442302.780416728928685 ], [ 3361212.776685032062232, 8442293.352940937504172 ], [ 3361186.805847845505923, 8442313.170807868242264 ], [ 3361183.499658973421901, 8442355.650641622021794 ], [ 3361170.75357728684321, 8442396.249678963795304 ], [ 3361155.647522395011038, 8442413.246253736317158 ], [ 3361136.289062954951078, 8442411.835469346493483 ], [ 3361106.076953165698797, 8442396.742332749068737 ], [ 3361078.692358443047851, 8442373.610033690929413 ], [ 3361047.066491122357547, 8442382.567352861166 ], [ 3361046.398574177641422, 8442373.453280702233315 ], [ 3361060.32464246917516, 8442360.24125512689352 ], [ 3361063.163289478980005, 8442335.22804462723434 ], [ 3361086.996792447287589, 8442319.396092358976603 ], [ 3361085.115493052639067, 8442309.968595249578357 ], [ 3361057.263356468640268, 8442297.697191946208477 ], [ 3361036.246236613951623, 8442286.36631585098803 ], [ 3361018.312666655518115, 8442284.933162808418274 ], [ 3361014.060262108687311, 8442292.255682077258825 ], [ 3361018.07889572577551, 8442300.048462897539139 ], [ 3361029.878761745523661, 8442309.498340370133519 ], [ 3361028.220101333688945, 8442322.4639503210783 ], [ 3361018.31266666110605, 8442351.978152906522155 ], [ 3361006.034126834943891, 8442352.224478304386139 ], [ 3360983.614381394349039, 8442330.032831640914083 ], [ 3360968.029652691911906, 8442323.426854906603694 ], [ 3360945.131233447231352, 8442345.125831274315715 ], [ 3360938.76375857880339, 8442366.377006428316236 ], [ 3360900.525513511616737, 8442388.792696120217443 ], [ 3360890.139405027031898, 8442402.251100093126297 ], [ 3360883.760798209346831, 8442398.959275221452117 ], [ 3360888.959418424405158, 8442378.424591397866607 ], [ 3360883.527027274947613, 8442365.190163630992174 ], [ 3360852.847375623881817, 8442364.966231048107147 ], [ 3360842.461267139296979, 8442375.356710080057383 ], [ 3360823.748460746370256, 8442377.327319834381342 ], [ 3360782.204026803839952, 8442391.032029522582889 ], [ 3360776.537864722311497, 8442381.582047233358026 ], [ 3360773.23167584463954, 8442348.059340743348002 ], [ 3360778.897837921977043, 8442332.025822410359979 ], [ 3360750.567027529235929, 8442323.98668323084712 ], [ 3360749.153269998729229, 8442337.69129347242415 ], [ 3360754.340758266393095, 8442353.254566473886371 ], [ 3360728.848594890907407, 8442378.760490896180272 ], [ 3360721.768675279337913, 8442370.251041827723384 ], [ 3360710.915024926420301, 8442328.24137975461781 ], [ 3360717.048728864639997, 8442308.401079108938575 ], [ 3360701.475132108200341, 8442294.718916514888406 ], [ 3360681.170456996187568, 8442288.583225037902594 ], [ 3360648.130832147784531, 8442311.715256530791521 ], [ 3360648.130832149647176, 8442332.966335095465183 ], [ 3360645.292185137048364, 8442348.999855479225516 ], [ 3360616.026291024405509, 8442378.290231619030237 ], [ 3360599.974020460154861, 8442370.721300611272454 ], [ 3360590.534127641003579, 8442350.433021022006869 ], [ 3360588.174154437147081, 8442339.572320407256484 ], [ 3360570.229452530387789, 8442342.864118691533804 ], [ 3360555.123397638555616, 8442367.429489850997925 ], [ 3360523.497530318330973, 8442368.370007062330842 ], [ 3360489.500557845458388, 8442367.89974844455719 ], [ 3360470.14209840586409, 8442357.509279955178499 ], [ 3360451.262312773615122, 8442344.767540145665407 ], [ 3360438.994904894847423, 8442344.297283034771681 ], [ 3360415.38404091168195, 8442365.526062536984682 ], [ 3360415.384040912147611, 8442377.797579078003764 ], [ 3360434.263826542533934, 8442380.641528351232409 ], [ 3360464.954610140994191, 8442394.323850871995091 ], [ 3360463.06217879941687, 8442406.59541548229754 ], [ 3360437.570015422068536, 8442431.631262291222811 ], [ 3360418.222687930800021, 8442440.118388934060931 ], [ 3360393.198066415265203, 8442457.58532945998013 ], [ 3360371.479633770417422, 8442451.449502034112811 ], [ 3360352.599848140496761, 8442458.055593820288777 ], [ 3360343.627497190609574, 8442469.386734578758478 ], [ 3360320.495307011529803, 8442464.191426765173674 ], [ 3360299.723090039100498, 8442463.25089729949832 ], [ 3360287.444550211541355, 8442472.700984580442309 ], [ 3360285.563250819221139, 8442488.75720339640975 ], [ 3360268.56476458767429, 8442529.356975907459855 ], [ 3360257.232440433464944, 8442550.116019589826465 ], [ 3360245.432574412319809, 8442552.019494708627462 ], [ 3360226.074114972259849, 8442532.178590059280396 ], [ 3360211.446733887307346, 8442529.356975907459855 ], [ 3360189.728301247116178, 8442545.390924669802189 ], [ 3360119.3855150481686, 8442575.15235523506999 ], [ 3360112.305595437996089, 8442575.152355229482055 ], [ 3360103.800786344800144, 8442563.350780317559838 ], [ 3360100.027055607177317, 8442548.705208944156766 ], [ 3360088.227189587429166, 8442542.099035691469908 ], [ 3360078.78729677433148, 8442552.019494716078043 ], [ 3360056.122648459393531, 8442560.50676035694778 ], [ 3360030.63048507925123, 8442574.189417673274875 ], [ 3360008.912052437197417, 8442567.112950155511498 ], [ 3359997.112186415120959, 8442541.158496262505651 ], [ 3359981.538589657749981, 8442508.10532957687974 ], [ 3359985.31232039257884, 8442499.125463763251901 ], [ 3359994.284671344794333, 8442491.578801974654198 ], [ 3359985.779862252529711, 8442480.247627010568976 ], [ 3359975.393753764219582, 8442449.098182681947947 ], [ 3359974.647913172841072, 8442411.633928803727031 ], [ 3359972.566238692495972, 8442393.853590613231063 ], [ 3359957.003773888107389, 8442395.757025267928839 ], [ 3359943.790150337386876, 8442389.867576118558645 ], [ 3359926.32412223983556, 8442397.660460416227579 ], [ 3359914.279353343416005, 8442406.864136131480336 ], [ 3359893.5071363709867, 8442409.685703258961439 ], [ 3359884.946667533833534, 8442420.680868031457067 ], [ 3359865.209721826016903, 8442438.685205936431885 ], [ 3359853.198348778299987, 8442465.288711328059435 ], [ 3359834.318563148844987, 8442469.588276790454984 ], [ 3359830.032762754708529, 8442446.410961469635367 ], [ 3359819.735709857661277, 8442423.256112672388554 ], [ 3359799.998764148913324, 8442411.23084762878716 ], [ 3359785.415910861454904, 8442417.232280978932977 ], [ 3359781.987270552664995, 8442446.410961473360658 ], [ 3359785.415910864248872, 8442455.861027108505368 ], [ 3359785.41591086704284, 8442479.866935675963759 ], [ 3359773.404537816531956, 8442474.716407645493746 ], [ 3359757.9533925014548, 8442460.989148382097483 ], [ 3359741.656219055410475, 8442467.863971590995789 ], [ 3359737.370418665464967, 8442492.743271552026272 ], [ 3359721.062113273888826, 8442511.621140398085117 ], [ 3359676.44526138342917, 8442505.619629984721541 ], [ 3359649.851035043597221, 8442497.042853083461523 ], [ 3359635.25704980827868, 8442504.768669946119189 ], [ 3359620.674196525476873, 8442538.224909756332636 ], [ 3359606.948503317777067, 8442548.526058437302709 ], [ 3359588.925877768546343, 8442582.833466382697225 ], [ 3359568.33177198516205, 8442603.435903193429112 ], [ 3359577.771664804313332, 8442638.616936946287751 ], [ 3359582.068597147706896, 8442669.498454162850976 ], [ 3359609.519983566831797, 8442686.652420425787568 ], [ 3359621.531356618739665, 8442685.801439423114061 ], [ 3359642.982622485142201, 8442696.95377710647881 ], [ 3359643.839782563503832, 8442709.830493258312345 ], [ 3359627.542609121184796, 8442726.133567985147238 ], [ 3359602.65157099114731, 8442734.710612198337913 ], [ 3359584.640077391173691, 8442747.587394498288631 ], [ 3359559.749039262533188, 8442750.162753667682409 ], [ 3359561.474491373635828, 8442799.923348790034652 ], [ 3359564.903131689410657, 8442827.379158891737461 ], [ 3359583.782917320728302, 8442844.533493597060442 ], [ 3359612.091463818680495, 8442851.408675549551845 ], [ 3359616.388396165333688, 8442903.745369037613273 ], [ 3359604.377023113891482, 8442915.749044898897409 ], [ 3359593.22281014546752, 8442939.778850443661213 ], [ 3359578.62882491061464, 8442956.082435183227062 ], [ 3359565.760291780345142, 8442972.386056091636419 ], [ 3359573.051718426402658, 8442995.497844394296408 ], [ 3359573.051718426402658, 8442995.498491445556283 ], [ 3359573.052479446865618, 8442995.497955916449428 ], [ 3359596.128248857799917, 8442998.879517184570432 ], [ 3359607.048690899275243, 8442992.810423415154219 ], [ 3359623.434919937513769, 8443000.088857499882579 ], [ 3359637.383252128958702, 8443005.553286595270038 ], [ 3359644.06242157286033, 8443012.227062076330185 ], [ 3359651.643278892617673, 8443015.877485444769263 ], [ 3359653.457786593586206, 8443021.946598267182708 ], [ 3359649.817639245186001, 8443031.64375202357769 ], [ 3359644.062421576585621, 8443044.677821801975369 ], [ 3359634.655924608465284, 8443049.851144563406706 ], [ 3359621.609280296601355, 8443068.349722404032946 ], [ 3359608.262073357123882, 8443087.453024175018072 ], [ 3359605.835308460053056, 8443095.045088727027178 ], [ 3359609.174893183168024, 8443110.206845823675394 ], [ 3359609.174893184565008, 8443123.554592868313193 ], [ 3359621.308717677369714, 8443138.111727178096771 ], [ 3359632.830284969415516, 8443139.029947388917208 ], [ 3359645.275804033968598, 8443141.762213073670864 ], [ 3359652.856661355122924, 8443154.505334487184882 ], [ 3359651.031021708156914, 8443173.317715788260102 ], [ 3359652.856661356985569, 8443186.352036790922284 ], [ 3359662.263158325105906, 8443185.747351283207536 ], [ 3359670.456272842362523, 8443175.736454021185637 ], [ 3359685.01686223084107, 8443169.667214224115014 ], [ 3359699.577451619785279, 8443174.818229230120778 ], [ 3359705.032106669619679, 8443182.723924499005079 ], [ 3359703.518161595333368, 8443190.293691677972674 ], [ 3359690.772079905960709, 8443206.373873855918646 ], [ 3359687.744189756456763, 8443210.629081156104803 ], [ 3359678.337692791130394, 8443220.931172190234065 ], [ 3359678.949949990492314, 8443227.313996708020568 ], [ 3359691.684899732936174, 8443233.069741452112794 ], [ 3359700.479139501228929, 8443240.348413459956646 ], [ 3359708.672254020813853, 8443247.335945351049304 ], [ 3359716.564805915113539, 8443263.416252320632339 ], [ 3359714.138041018508375, 8443271.904339401051402 ], [ 3359707.759434198495001, 8443278.578356713056564 ], [ 3359705.032106678001583, 8443285.252380086109042 ], [ 3359695.803720895666629, 8443294.613939853385091 ], [ 3359681.643881674390286, 8443295.061861673370004 ], [ 3359667.484042453113943, 8443298.062938565388322 ], [ 3359658.478295649401844, 8443302.340595060959458 ], [ 3359658.044149639084935, 8443313.493868203833699 ], [ 3359669.632508625276387, 8443328.096171056851745 ], [ 3359676.489789255894721, 8443344.400617126375437 ], [ 3359675.209615112282336, 8443352.552853723987937 ], [ 3359660.615629876498133, 8443352.552853722125292 ], [ 3359642.604136273730546, 8443352.552853727713227 ], [ 3359634.878563618287444, 8443358.12952627055347 ], [ 3359637.027029792778194, 8443370.985004417598248 ], [ 3359648.181242763996124, 8443386.012952482327819 ], [ 3359648.181242765858769, 8443394.590766726061702 ], [ 3359629.735603152308613, 8443410.447431404143572 ], [ 3359613.427297759801149, 8443417.748675517737865 ], [ 3359600.558764630462974, 8443433.202252920717001 ], [ 3359601.415924709755927, 8443442.205656476318836 ], [ 3359614.284457839559764, 8443453.359141843393445 ], [ 3359621.575884484685957, 8443465.363715285435319 ], [ 3359622.43304456397891, 8443484.669618917629123 ], [ 3359619.004404253326356, 8443511.702448543161154 ], [ 3359617.290084097068757, 8443531.008473888039589 ], [ 3359617.724230111576617, 8443541.311013963073492 ], [ 3359619.438550270628184, 8443552.464649714529514 ], [ 3359619.438550272025168, 8443566.61948893032968 ], [ 3359630.158617232460529, 8443582.073379332199693 ], [ 3359643.461296375840902, 8443594.929249137639999 ], [ 3359647.747096769977361, 8443597.930448463186622 ], [ 3359645.175616534426808, 8443608.658626224845648 ], [ 3359636.592883800622076, 8443621.111394997686148 ], [ 3359634.878563644830137, 8443633.54178773984313 ], [ 3359645.175616537686437, 8443649.84691135212779 ], [ 3359658.044149669352919, 8443666.152071136981249 ], [ 3359662.34108201507479, 8443683.733911704272032 ], [ 3359675.632629210595042, 8443696.186807664111257 ], [ 3359697.51804108871147, 8443688.885286968201399 ], [ 3359709.952428204938769, 8443691.460975958034396 ], [ 3359718.96930695604533, 8443699.188048331066966 ], [ 3359735.700626416131854, 8443712.917620157822967 ], [ 3359748.569159543607384, 8443710.767473449930549 ], [ 3359765.300479002762586, 8443697.889003707095981 ], [ 3359779.460318222641945, 8443686.309598876163363 ], [ 3359797.90595783945173, 8443689.736384095624089 ], [ 3359817.208757536951452, 8443706.041632365435362 ], [ 3359824.077170114964247, 8443724.497066898271441 ], [ 3359837.368717312347144, 8443739.503340300172567 ], [ 3359863.539929585531354, 8443753.658539714291692 ], [ 3359890.145287875086069, 8443777.265531020238996 ], [ 3359897.85972858639434, 8443795.273192059248686 ], [ 3359902.156660929787904, 8443801.723708238452673 ], [ 3359929.185033282265067, 8443812.004230100661516 ], [ 3359943.344872505869716, 8443831.311044225469232 ], [ 3359970.796258921734989, 8443832.184555571526289 ], [ 3359982.807631973642856, 8443846.339933468028903 ], [ 3359991.813378777354956, 8443863.496646391227841 ], [ 3360014.121804723050445, 8443876.800965698435903 ], [ 3360027.858629880473018, 8443879.802280116826296 ], [ 3360040.727163010742515, 8443900.385954575613141 ], [ 3360044.645609089173377, 8443920.857696674764156 ], [ 3360056.6013223961927, 8443928.271437907591462 ], [ 3360072.041335762478411, 8443936.849884985014796 ], [ 3360080.624068498145789, 8443955.305899063125253 ], [ 3360087.058335064910352, 8443982.340459646657109 ], [ 3360085.344014910049736, 8443993.494764661416411 ], [ 3360076.338268108665943, 8444006.351354079321027 ], [ 3360059.606948653236032, 8444022.657304730266333 ], [ 3360040.727163025178015, 8444029.085622126236558 ], [ 3360029.138804038055241, 8444035.961912129074335 ], [ 3360011.127310441806912, 8444076.704622311517596 ], [ 3360000.396111535374075, 8444105.464318411424756 ], [ 3359995.253151063807309, 8444124.77190337702632 ], [ 3359999.973097475245595, 8444148.783263102173805 ], [ 3360007.264524118043482, 8444166.388656914234161 ], [ 3360021.424363343510777, 8444186.547556582838297 ], [ 3360051.881376013625413, 8444207.132090073078871 ], [ 3360083.629694774746895, 8444232.017277712002397 ], [ 3360091.344135484658182, 8444252.176357381045818 ], [ 3360112.372387285809964, 8444272.335492331534624 ], [ 3360126.955240576528013, 8444288.642033057287335 ], [ 3360137.686439485289156, 8444313.953081386163831 ], [ 3360132.966493078973144, 8444329.83412878215313 ], [ 3360135.103827302344143, 8444351.292636601254344 ], [ 3360141.972239884082228, 8444369.301704049110413 ], [ 3360153.560598871205002, 8444382.18135024048388 ], [ 3360173.720558646600693, 8444395.889798464253545 ], [ 3360192.166198262013495, 8444407.918310854583979 ], [ 3360213.617464132141322, 8444418.647670913487673 ], [ 3360216.188944366760552, 8444430.653820995241404 ], [ 3360242.360156643670052, 8444461.54286815226078 ], [ 3360268.954382982105017, 8444470.973125234246254 ], [ 3360297.70820744195953, 8444492.00645006261766 ], [ 3360316.510069430805743, 8444504.415915945544839 ], [ 3360330.758964244276285, 8444514.3838233910501 ], [ 3360337.616244877222925, 8444536.268467603251338 ], [ 3360362.507283008191735, 8444547.423613267019391 ], [ 3360371.947175824549049, 8444568.882756359875202 ], [ 3360366.793083405122161, 8444584.316354161128402 ], [ 3360374.941670132335275, 8444634.514971138909459 ], [ 3360369.798709662165493, 8444651.247919648885727 ], [ 3360380.095762555953115, 8444669.257722059264779 ], [ 3360372.80433591408655, 8444687.71557529643178 ], [ 3360374.084510058164597, 8444704.448644919320941 ], [ 3360389.101509362924844, 8444724.609020374715328 ], [ 3360401.547028427012265, 8444754.22247214615345 ], [ 3360404.118508667685091, 8444765.377948608249426 ], [ 3360417.421187810599804, 8444782.962418777868152 ], [ 3360419.29135525599122, 8444791.855472575873137 ], [ 3360422.564148287288845, 8444804.399848867207766 ], [ 3360421.283974143210799, 8444821.133184142410755 ], [ 3360396.515387456864119, 8444841.585090113803744 ], [ 3360395.546907889656723, 8444852.606294140219688 ], [ 3360397.339151689317077, 8444860.513794209808111 ], [ 3360401.480236744508147, 8444866.741236507892609 ], [ 3360412.500866329297423, 8444871.49022482894361 ], [ 3360419.992668056394905, 8444879.912966383621097 ], [ 3360426.972400128375739, 8444896.803280383348465 ], [ 3360426.638441656250507, 8444905.226050943136215 ], [ 3360422.330377364996821, 8444910.423084400594234 ], [ 3360405.409814773593098, 8444917.658615550026298 ], [ 3360392.229587072040886, 8444923.594892557710409 ], [ 3360386.140410926192999, 8444928.455922957509756 ], [ 3360386.53002914506942, 8444934.817829351872206 ], [ 3360394.233337905723602, 8444955.964487375691533 ], [ 3360394.645220024045557, 8444965.484983565285802 ], [ 3360386.953043215442449, 8444981.591451095417142 ], [ 3360382.244228757917881, 8445004.754360564053059 ], [ 3360381.041978259570897, 8445024.176314806565642 ], [ 3360376.700518122408539, 8445045.52484274841845 ], [ 3360377.001080750953406, 8445081.591227060183883 ], [ 3360371.947175873443484, 8445112.438206724822521 ], [ 3360369.364563690498471, 8445126.596050474792719 ], [ 3360360.180705706588924, 8445157.936057914048433 ], [ 3359546.880046477541327, 8446464.233449563384056 ], [ 3360073.471371725201607, 8447040.861671861261129 ], [ 3360379.823119295295328, 8448263.258090963587165 ], [ 3360110.578331773169339, 8448874.214296357706189 ], [ 3359961.853890860453248, 8449199.028659787029028 ], [ 3359235.706130192615092, 8449542.280137542635202 ], [ 3358631.066188444383442, 8450301.568753747269511 ], [ 3357668.589581638108939, 8451078.632231578230858 ], [ 3357562.51068904157728, 8450791.192651638761163 ], [ 3357506.325837273616344, 8450623.968852713704109 ], [ 3357390.120922202244401, 8450241.176191302016377 ], [ 3357354.914166283328086, 8450125.334607310593128 ], [ 3357184.079009939450771, 8450057.585280844941735 ], [ 3357088.265816626604646, 8450009.678684189915657 ], [ 3356454.392779477871954, 8449584.127195283770561 ], [ 3356372.267185209784657, 8449512.267300298437476 ], [ 3356214.724678742699325, 8449338.375046502798796 ], [ 3355975.503647266887128, 8449613.643082721158862 ], [ 3355861.482222534250468, 8449737.636196251958609 ], [ 3355535.261111969593912, 8450072.982372846454382 ], [ 3355391.779916745610535, 8450211.003037547692657 ], [ 3355072.402605702634901, 8450498.442617487162352 ], [ 3354272.71277392283082, 8451014.950104767456651 ], [ 3353857.522269567009062, 8451197.451425364241004 ], [ 3353100.51851631840691, 8451417.089046571403742 ], [ 3352692.665647398680449, 8451478.995285602286458 ], [ 3352310.290613209363073, 8451564.567117851227522 ], [ 3351770.208404909819365, 8451717.458037115633488 ], [ 3351713.554223127663136, 8451732.898899735882878 ], [ 3351350.930963816586882, 8451827.927797093987465 ], [ 3351321.130840276833624, 8451851.144627172499895 ], [ 3351136.815446707885712, 8451989.385629391297698 ], [ 3351042.823703695554286, 8452057.086296232417226 ], [ 3350955.742778547108173, 8452117.290392631664872 ], [ 3350909.227070893160999, 8452155.218172244727612 ], [ 3350746.401338222436607, 8452304.438912872225046 ], [ 3350295.973165187984705, 8452645.1256995331496 ], [ 3349869.376328295096755, 8452908.611981144174933 ], [ 3349654.814590736292303, 8453029.265378274023533 ], [ 3349150.123031596187502, 8453286.405587902292609 ], [ 3348911.378912136424333, 8453436.838543564081192 ], [ 3348657.455709005240351, 8453644.986967382952571 ], [ 3348602.037461591418833, 8453689.329356698319316 ], [ 3348279.238250787835568, 8453941.409305769950151 ], [ 3348183.07648006035015, 8454013.450891433283687 ], [ 3347935.89492510817945, 8454191.016599705442786 ], [ 3347181.038927713409066, 8454584.56138700991869 ], [ 3346991.861738148145378, 8454651.101892698556185 ], [ 3346013.326813229359686, 8454821.014884900301695 ], [ 3345552.541914030443877, 8454746.339747356250882 ], [ 3345456.995416081510484, 8454929.461475366726518 ], [ 3345249.113200978841633, 8455264.135065829381347 ], [ 3345106.646198627538979, 8455473.269108982756734 ], [ 3344874.954166659153998, 8455784.325694181025028 ], [ 3344711.253439784049988, 8455985.349362436681986 ], [ 3344455.751590949483216, 8456272.788942374289036 ], [ 3344374.11742970533669, 8456361.003375004976988 ], [ 3344134.58444642322138, 8456609.661424316465855 ], [ 3344027.298376874066889, 8456715.574573822319508 ], [ 3343803.734259144868702, 8456925.451092507690191 ], [ 3343262.039610473904759, 8457329.568696565926075 ], [ 3343015.662827669177204, 8457473.288486536592245 ], [ 3342334.664237107615918, 8457764.672647131606936 ], [ 3342065.474789228755981, 8457842.235708383843303 ], [ 3341714.331020759418607, 8457920.951630007475615 ], [ 3341474.798037477768958, 8457959.733160633593798 ], [ 3340995.327319926582277, 8457998.296375725418329 ], [ 3340785.450801241211593, 8457998.296375725418329 ], [ 3340224.114477578550577, 8457945.312074994668365 ], [ 3339984.581494296900928, 8457899.686744846403599 ], [ 3339582.799974484369159, 8457793.868683824315667 ], [ 3339313.610526604577899, 8457702.618023525923491 ], [ 3339227.348548372276127, 8457662.766155943274498 ], [ 3339119.390415568370372, 8457733.298802707344294 ], [ 3338731.564729331061244, 8458005.601944107562304 ], [ 3338496.090279979631305, 8458155.092296898365021 ], [ 3338064.930910071823746, 8458401.469079703092575 ], [ 3337789.567576405592263, 8458540.55109933950007 ], [ 3337356.12693999055773, 8458732.177485967054963 ], [ 3336926.505241358652711, 8458884.265665590763092 ], [ 3336488.560277166776359, 8459002.743530299514532 ] ] ] ] } }
]
}
