{
"type": "FeatureCollection",
"name": "04_Toksovsky",
"crs": { "type": "name", "properties": { "name": "urn:ogc:def:crs:EPSG::3857" } },
"features": [
{ "type": "Feature", "properties": { "fid": 4, "name": "Токсовский", "id": 4, "type": "04_Токсовский" }, "geometry": { "type": "MultiPolygon", "coordinates": [ [ [ [ 3382047.858754699118435, 8446976.357244979590178 ], [ 3382095.765351355541497, 8446976.357244979590178 ], [ 3382327.32633538544178, 8446957.192672023549676 ], [ 3382353.665607504080981, 8446963.777490053325891 ], [ 3383081.272482573054731, 8447053.349989607930183 ], [ 3383112.949125340674073, 8447053.349989607930183 ], [ 3383643.460006641689688, 8447006.070464834570885 ], [ 3383682.852831514552236, 8446998.992814777418971 ], [ 3384133.303389482200146, 8446881.358697082847357 ], [ 3384187.145166494417936, 8446862.729032794013619 ], [ 3384801.565525206271559, 8446568.264039942994714 ], [ 3384826.622618545778096, 8446552.529451869428158 ], [ 3385250.077020994853228, 8446230.984560823068023 ], [ 3385648.478833060711622, 8445868.532878750935197 ], [ 3386173.827575742732733, 8445239.149134935811162 ], [ 3386292.179591088090092, 8444975.128913220018148 ], [ 3386766.185365590732545, 8444888.921615190804005 ], [ 3387540.911071279086173, 8444494.729154335334897 ], [ 3388170.104358632583171, 8443894.976353257894516 ], [ 3388600.941821482032537, 8443140.014966260641813 ], [ 3388763.277315824758261, 8442725.407023442909122 ], [ 3388850.113011142238975, 8442587.334919769316912 ], [ 3389107.021056686062366, 8442543.139959776774049 ], [ 3390021.207707779947668, 8442014.609011713415384 ], [ 3390073.806567664723843, 8441970.205648642033339 ], [ 3390450.171470378059894, 8441879.308640971779823 ], [ 3391156.428634059615433, 8441610.858806367963552 ], [ 3392681.528911885805428, 8440798.372736481949687 ], [ 3393397.233420521486551, 8440267.042477399110794 ], [ 3394067.678525326307863, 8439593.469400161877275 ], [ 3394215.396862684283406, 8439463.90818658284843 ], [ 3394710.121953063644469, 8439325.77023677714169 ], [ 3396993.643608947750181, 8438370.1345503795892 ], [ 3397090.277717345394194, 8438356.245591219514608 ], [ 3397858.308919895906001, 8438138.557096851989627 ], [ 3398109.701597454957664, 8437986.810540998354554 ], [ 3398713.074132125359029, 8438024.79878393933177 ], [ 3399115.061182350851595, 8437988.720789326354861 ], [ 3400125.503028464037925, 8437714.612159872427583 ], [ 3400524.647138024214655, 8437432.252553580328822 ], [ 3400962.930017706938088, 8437382.122086919844151 ], [ 3401978.335170068778098, 8436824.04038467630744 ], [ 3402194.789710837416351, 8436642.875053275376558 ], [ 3402503.877045014873147, 8436344.001661645248532 ], [ 3402582.373785585165024, 8436256.371781885623932 ], [ 3403141.483748461585492, 8435854.609121948480606 ], [ 3403654.117588138207793, 8435210.940772894769907 ], [ 3403836.549354457296431, 8434903.10481177456677 ], [ 3404300.860546307172626, 8434667.834345487877727 ], [ 3404909.136333613656461, 8434105.742795282974839 ], [ 3404941.368890672456473, 8434066.398120526224375 ], [ 3405123.89971257885918, 8433818.692684253677726 ], [ 3405236.103174802847207, 8433648.827053831890225 ], [ 3405588.278892479836941, 8432915.576395656913519 ], [ 3405730.525758006609976, 8432114.670600270852447 ], [ 3405683.718131269793957, 8431629.655466480180621 ], [ 3405959.893677711021155, 8431118.018956994637847 ], [ 3406028.256089022848755, 8430795.588501568883657 ], [ 3406299.942679442465305, 8430683.052330667153001 ], [ 3407112.518153162673116, 8430182.085077822208405 ], [ 3407726.580989540554583, 8429451.213049422949553 ], [ 3408012.605289008934051, 8428972.953916750848293 ], [ 3408350.214546479750425, 8428153.241872992366552 ], [ 3408433.513019655831158, 8427270.649549333378673 ], [ 3408427.33356551034376, 8427156.738100865855813 ], [ 3408446.003597562201321, 8427077.550043137744069 ], [ 3408525.067565110046417, 8426311.918999532237649 ], [ 3408493.104599206708372, 8426106.518590431660414 ], [ 3408513.961972805671394, 8425992.972856763750315 ], [ 3408743.929716435726732, 8425312.379321748390794 ], [ 3409605.038583132438362, 8424224.481286324560642 ], [ 3407034.440461800899357, 8422639.696572490036488 ], [ 3403701.658301270101219, 8420582.881623709574342 ], [ 3402529.526983910240233, 8420096.10810923203826 ], [ 3401575.266033151652664, 8419695.907461665570736 ], [ 3400141.158067356795073, 8418917.013822661712766 ], [ 3400095.18311768071726, 8418896.723173212260008 ], [ 3400064.726105010602623, 8418890.138210985809565 ], [ 3400034.870217596180737, 8418902.683127149939537 ], [ 3399994.260867376346141, 8418935.541087213903666 ], [ 3399972.765073716640472, 8418975.542280105873942 ], [ 3399947.083667205646634, 8419017.93217439763248 ], [ 3399917.227779791690409, 8419033.468500129878521 ], [ 3399870.050579612143338, 8419010.186346102505922 ], [ 3399834.817960791755468, 8418987.484642690047622 ], [ 3399775.106185957789421, 8418995.83314691670239 ], [ 3399687.92076080897823, 8418975.542280120775104 ], [ 3399594.757479003164917, 8418956.434540314599872 ], [ 3399538.61905981739983, 8418897.303543070331216 ], [ 3399458.012616569641978, 8418862.079641435295343 ], [ 3399426.353353398386389, 8418831.63275458291173 ], [ 3399379.17615321977064, 8418796.98952922038734 ], [ 3399295.575215669814497, 8418750.404469773173332 ], [ 3399213.766521918587387, 8418692.48047798871994 ], [ 3399170.173809341154993, 8418663.819989403709769 ], [ 3399150.470259472727776, 8418604.110996708273888 ], [ 3399132.547821461223066, 8418565.294831033796072 ], [ 3399075.229415679816157, 8418586.18723288923502 ], [ 3399014.315390347968787, 8418603.508328974246979 ], [ 3398986.841740033123642, 8418583.798889080062509 ], [ 3398931.304446099791676, 8418575.450852312147617 ], [ 3398908.617533887736499, 8418586.789899218827486 ], [ 3398851.287996155675501, 8418593.954935897141695 ], [ 3398798.734064577613026, 8418587.392565589398146 ], [ 3398737.83117118710652, 8418533.041186118498445 ], [ 3398672.141539693810046, 8418475.118905309587717 ], [ 3398591.52396449400112, 8418395.099856970831752 ], [ 3398521.058726847637445, 8418319.858192743733525 ], [ 3398497.770689377561212, 8418268.499670013785362 ], [ 3398495.377320321742445, 8418200.4239537473768 ], [ 3398477.466014260891825, 8418166.966644011437893 ], [ 3398421.928720326162875, 8418141.745423691347241 ], [ 3398419.323844242375344, 8418139.022429851815104 ], [ 3398417.553864339832217, 8418138.687635598704219 ], [ 3398346.086751276161522, 8418062.46654007025063 ], [ 3398259.502451372332871, 8417987.830894138664007 ], [ 3398058.704353958833963, 8417841.307074554264545 ], [ 3398051.546510702930391, 8417836.084497209638357 ], [ 3398035.839330559596419, 8417831.509165396913886 ], [ 3398023.29362395266071, 8417827.871220674365759 ], [ 3397956.735700433142483, 8417778.234657604247332 ], [ 3397809.838500436861068, 8417626.53721877746284 ], [ 3397733.395406139548868, 8417546.527397319674492 ], [ 3397639.04100578231737, 8417515.483374480158091 ], [ 3397591.273812295403332, 8417407.97967186383903 ], [ 3397596.049418439157307, 8417292.130958626046777 ], [ 3397565.592405763454735, 8417207.929214466363192 ], [ 3397534.545399793889374, 8417190.008850988000631 ], [ 3397524.393062237184495, 8417172.1108478307724 ], [ 3397496.91941191861406, 8417136.270338954403996 ], [ 3397462.877911645453423, 8417074.766111573204398 ], [ 3397082.488079734146595, 8415975.989107809960842 ], [ 3396965.446767156478018, 8415846.998449245467782 ], [ 3396828.089647529181093, 8415825.489069655537605 ], [ 3396622.671791253145784, 8415702.480723788961768 ], [ 3396527.126272334717214, 8415555.578474910929799 ], [ 3396496.068134407978505, 8415408.679158251732588 ], [ 3396511.597203344106674, 8415196.077487474307418 ], [ 3396467.759587884880602, 8415122.229461906477809 ], [ 3396459.611001160461456, 8415097.799538003280759 ], [ 3396448.412260388955474, 8415081.490656781941652 ], [ 3396438.226526987273246, 8415073.347384884953499 ], [ 3396422.953492856118828, 8415061.121338788419962 ], [ 3396415.829045446123928, 8415040.774387387558818 ], [ 3396418.879199490882456, 8415023.46167478710413 ], [ 3396410.730612767860293, 8415010.20944550447166 ], [ 3396396.481717952992767, 8414994.949332246556878 ], [ 3396404.619172723032534, 8414977.636727437376976 ], [ 3396404.61917272163555, 8414961.328112479299307 ], [ 3396388.33313122484833, 8414941.985383465886116 ], [ 3396368.985803734976798, 8414946.068100580945611 ], [ 3396344.54004356591031, 8414947.072047766298056 ], [ 3396330.291148751042783, 8414947.07204776071012 ], [ 3396322.142562031745911, 8414955.23748990893364 ], [ 3396295.670787130482495, 8414951.154767705127597 ], [ 3396277.33646700438112, 8414929.759555585682392 ], [ 3396248.827545423526317, 8414904.304019268602133 ], [ 3396216.233198534231633, 8414891.074314305558801 ], [ 3396184.674122908618301, 8414890.048065008595586 ], [ 3396164.302656102925539, 8414890.048065004870296 ], [ 3396126.62100848602131, 8414885.987688714638352 ], [ 3396108.297820309642702, 8414875.792138347402215 ], [ 3396096.074940225109458, 8414862.562484635040164 ], [ 3396063.491725282277912, 8414835.077006909996271 ], [ 3396039.045965112745762, 8414811.651964876800776 ], [ 3396014.611336892936379, 8414797.396190073341131 ], [ 3395971.842388549353927, 8414781.087974509224296 ], [ 3395958.606501098722219, 8414769.888646313920617 ], [ 3395933.147733565419912, 8414760.719487901777029 ], [ 3395909.726112713105977, 8414747.490041047334671 ], [ 3395868.994311049114913, 8414727.121647415682673 ], [ 3395876.118758453056216, 8414689.441383272409439 ], [ 3395855.758423591963947, 8414654.817651664838195 ], [ 3395825.201223385054618, 8414649.731189351528883 ], [ 3395811.965335931628942, 8414615.107644548639655 ], [ 3395773.270680947229266, 8414582.536675058305264 ], [ 3395743.737620051950216, 8414568.259035235270858 ], [ 3395688.756923571228981, 8414523.463120095431805 ], [ 3395670.055249124765396, 8414502.31454573944211 ], [ 3395640.533320175949484, 8414477.819753926247358 ], [ 3395621.08580514555797, 8414479.269807638600469 ], [ 3395591.563876200467348, 8414467.736311404034495 ], [ 3395588.691833337768912, 8414449.019515546038747 ], [ 3395568.52074161497876, 8414441.813896464183927 ], [ 3395565.648698749952018, 8414423.0971665289253 ], [ 3395572.127493109554052, 8414400.788849763572216 ], [ 3395563.923246641643345, 8414382.33992287889123 ], [ 3395560.605925815645605, 8414374.866670617833734 ], [ 3395549.807935212738812, 8414362.619476592168212 ], [ 3395535.403193110600114, 8414335.24740626104176 ], [ 3395524.761049791704863, 8414311.712414948269725 ], [ 3395517.402831451501697, 8414299.978409484028816 ], [ 3395510.200460401829332, 8414294.200645606964827 ], [ 3395496.519294988829643, 8414294.200645603239536 ], [ 3395478.518933335319161, 8414289.159048393368721 ], [ 3395456.199375440832227, 8414275.484291058033705 ], [ 3395427.389891237020493, 8414269.728854293003678 ], [ 3395387.069971689488739, 8414254.604123320430517 ], [ 3395360.431217552162707, 8414243.807136740535498 ], [ 3395363.314392362255603, 8414229.396307433024049 ], [ 3395363.314392359461635, 8414214.293967053294182 ], [ 3395357.548042739275843, 8414199.169349996373057 ], [ 3395356.958049437962472, 8414194.730124639347196 ], [ 3395353.952423186041415, 8414181.880924616008997 ], [ 3395348.90965025452897, 8414164.59253984503448 ], [ 3395338.824104391038418, 8414152.368003252893686 ], [ 3395328.02611378999427, 8414158.837189797312021 ], [ 3395312.185350257903337, 8414152.658001147210598 ], [ 3395309.302175445947796, 8414131.064342927187681 ], [ 3395322.270896115340292, 8414118.103716919198632 ], [ 3395335.22848483780399, 8414110.898421801626682 ], [ 3395334.037366283591837, 8414091.535620329901576 ], [ 3395296.979107814375311, 8414073.377463383600116 ], [ 3395274.192008058074862, 8414033.692900406196713 ], [ 3395250.258317544125021, 8414024.480044832453132 ], [ 3395234.729248587042093, 8414016.761777615174651 ], [ 3395195.155169628560543, 8414010.426558542996645 ], [ 3395183.666998184286058, 8413995.21313220448792 ], [ 3395173.859751047100872, 8413972.74996342509985 ], [ 3395168.015477780718356, 8413955.752060012891889 ], [ 3395161.213856895454228, 8413924.343963818624616 ], [ 3395146.575343857053667, 8413890.549180474132299 ], [ 3395116.329838220030069, 8413853.118571843951941 ], [ 3395094.73385701328516, 8413831.503485862165689 ], [ 3395058.733133706264198, 8413817.115770321339369 ], [ 3395011.199711158871651, 8413791.195646788924932 ], [ 3394975.198987850919366, 8413742.233184028416872 ], [ 3394956.875799669418484, 8413709.732995662838221 ], [ 3394936.315089725423604, 8413670.228841885924339 ], [ 3394900.41455396078527, 8413648.525068989023566 ], [ 3394881.590428073424846, 8413627.022113526239991 ], [ 3394862.042725498322397, 8413618.077437901869416 ], [ 3394840.001466330140829, 8413608.017479045316577 ], [ 3394806.338452330324799, 8413616.493718415498734 ], [ 3394763.591767882928252, 8413582.165009286254644 ], [ 3394729.717246850952506, 8413576.878536146134138 ], [ 3394712.941399594768882, 8413570.008357310667634 ], [ 3394698.692504777573049, 8413551.784569848328829 ], [ 3394711.394058670382947, 8413522.921037958934903 ], [ 3394710.314259606879205, 8413482.280306290835142 ], [ 3394703.835465240292251, 8413433.721394795924425 ], [ 3394702.332652110140771, 8413376.552999630570412 ], [ 3394673.745806881692261, 8413322.396224856376648 ], [ 3394657.192598605528474, 8413283.27333315834403 ], [ 3394622.594500881619751, 8413259.206389646977186 ], [ 3394598.52722697891295, 8413230.633966661989689 ], [ 3394534.128901585005224, 8413216.559691345319152 ], [ 3394457.541091952938586, 8413179.177119299769402 ], [ 3394434.43116567004472, 8413133.274435508996248 ], [ 3394453.934340443462133, 8413097.297459252178669 ], [ 3394489.033375871367753, 8413045.083202075213194 ], [ 3394516.217595505993813, 8413002.616176757961512 ], [ 3394535.030589437577873, 8412954.818762257695198 ], [ 3394540.329397193621844, 8412935.771255660802126 ], [ 3394554.088486247695982, 8412913.534357747063041 ], [ 3394577.443315404001623, 8412905.148142879828811 ], [ 3394607.032036042306572, 8412890.249252796173096 ], [ 3394595.376885359641165, 8412866.964221516624093 ], [ 3394589.465820399112999, 8412854.028124848380685 ], [ 3394593.072571899276227, 8412836.809769397601485 ], [ 3394617.718707146123052, 8412820.862753305584192 ], [ 3394616.549852491822094, 8412787.563710840418935 ], [ 3394622.906195410527289, 8412769.564893944188952 ], [ 3394623.262417778372765, 8412726.943335756659508 ], [ 3394603.826034691184759, 8412692.797200072556734 ], [ 3394594.085579246748239, 8412651.135114507749677 ], [ 3394567.858707225415856, 8412617.100844891741872 ], [ 3394530.800448756664991, 8412596.983676955103874 ], [ 3394493.74219028884545, 8412598.054212227463722 ], [ 3394466.224012178368866, 8412614.982071846723557 ], [ 3394430.223288871813565, 8412586.412149552255869 ], [ 3394395.291232674382627, 8412570.532584171742201 ], [ 3394372.00319521361962, 8412593.816677706316113 ], [ 3394316.944575093686581, 8412590.627377016469836 ], [ 3394310.599364117253572, 8412566.295065488666296 ], [ 3394319.059645412955433, 8412545.10750868730247 ], [ 3394295.771607948001474, 8412524.990537514910102 ], [ 3394271.426035321783274, 8412522.87179097905755 ], [ 3394266.12722756061703, 8412495.350444024428725 ], [ 3394311.656899271998554, 8412481.589809132739902 ], [ 3394305.300556349102408, 8412456.187343265861273 ], [ 3394277.77124628610909, 8412427.595735017210245 ], [ 3394252.368138497695327, 8412427.5957350153476 ], [ 3394244.954260414466262, 8412407.479085007682443 ], [ 3394261.897086902521551, 8412392.670411042869091 ], [ 3394258.713349465280771, 8412367.245949925854802 ], [ 3394241.158265772741288, 8412336.937430752441287 ], [ 3394219.573416515253484, 8412306.562130575999618 ], [ 3394179.431608150247484, 8412264.946834726259112 ], [ 3394134.447401934303343, 8412179.932824410498142 ], [ 3394116.202137397136539, 8412136.913254722952843 ], [ 3394105.571126028895378, 8412102.680650817230344 ], [ 3393814.248018725775182, 8411733.669978963211179 ], [ 3393810.084669770672917, 8411728.317932726815343 ], [ 3393779.738976591732353, 8411689.315013241022825 ], [ 3393818.144200890790671, 8411630.331573901697993 ], [ 3393836.267013980541378, 8411588.80930008366704 ], [ 3393830.645379696041346, 8411563.945107530802488 ], [ 3393811.520691180136055, 8411479.340582774952054 ], [ 3393759.26732222083956, 8411427.98517394810915 ], [ 3393698.353296883404255, 8411381.692025203257799 ], [ 3393628.48918449273333, 8411361.109952859580517 ], [ 3393548.472734550945461, 8411402.898532647639513 ], [ 3393454.719459449406713, 8411424.997071759775281 ], [ 3393411.427309497259557, 8411367.286798439919949 ], [ 3393363.9050188860856, 8411235.388857835903764 ], [ 3393349.355561442673206, 8411195.608100090175867 ], [ 3393329.473900394048542, 8411173.309563094750047 ], [ 3393299.406505944207311, 8411165.549688063561916 ], [ 3393292.126211246941239, 8411143.719508791342378 ], [ 3393285.346854259259999, 8411120.930565379559994 ], [ 3393267.880826162174344, 8411114.15187176130712 ], [ 3393242.66696150880307, 8411108.332011494785547 ], [ 3393239.271717037539929, 8411085.543177640065551 ], [ 3393276.129600420594215, 8411053.522978436201811 ], [ 3393252.852694902103394, 8411008.904534803703427 ], [ 3393215.972547617740929, 8410982.45914813503623 ], [ 3393190.602835675701499, 8410974.922453308477998 ], [ 3393167.77120812330395, 8410945.511578975245357 ], [ 3393122.018897427245975, 8410928.275389572605491 ], [ 3393089.78077290719375, 8410921.429980145767331 ], [ 3393028.744296135846525, 8410940.628359515219927 ], [ 3392929.992775898426771, 8410935.143103163689375 ], [ 3392816.146332713309675, 8410899.489036468788981 ], [ 3392731.109373730607331, 8410845.997111458331347 ], [ 3392670.751945848576725, 8410819.931366391479969 ], [ 3392648.810874216258526, 8410729.404345951974392 ], [ 3392587.084216593299061, 8410673.171126823872328 ], [ 3392521.249869763851166, 8410600.461007276549935 ], [ 3392478.725824296008795, 8410545.611162329092622 ], [ 3392395.058095048647374, 8410482.512049490585923 ], [ 3392359.391330210026354, 8410420.773547030985355 ], [ 3392236.461216561030596, 8410165.062598248943686 ], [ 3392235.648584276903421, 8410163.011417200788856 ], [ 3392231.240332443732768, 8410151.908294942229986 ], [ 3392227.845087975263596, 8410143.369158089160919 ], [ 3392223.247593005187809, 8410123.726951381191611 ], [ 3392203.57743899198249, 8410104.040206560865045 ], [ 3392174.489656056743115, 8410057.866858717054129 ], [ 3392160.808490646071732, 8410081.811861477792263 ], [ 3392114.622033934574574, 8410062.994739163666964 ], [ 3392065.006936914753169, 8410092.937173245474696 ], [ 3392003.424994641914964, 8410138.26351703517139 ], [ 3391933.738993440754712, 8410187.670218525454402 ], [ 3391863.340547495521605, 8410187.870878191664815 ], [ 3391793.866053320467472, 8410156.233605658635497 ], [ 3391775.899087516125292, 8410145.95542305894196 ], [ 3391766.069576478563249, 8410114.31833066418767 ], [ 3391733.98729924717918, 8410105.756942145526409 ], [ 3391716.031465388368815, 8410081.811861500144005 ], [ 3391689.081016677897424, 8410066.851799435913563 ], [ 3391676.25701134512201, 8410062.147523906081915 ], [ 3391674.242128558922559, 8410027.367191476747394 ], [ 3391696.016220946330577, 8410011.649210540577769 ], [ 3391688.758190149907023, 8409997.737153286114335 ], [ 3391662.141699912957847, 8409983.825122326612473 ], [ 3391671.670648316387087, 8409953.793952815234661 ], [ 3391691.173823091201484, 8409920.93147711083293 ], [ 3391709.920025332830846, 8409924.543220989406109 ], [ 3391723.834961675107479, 8409914.265361873432994 ], [ 3391723.834961670450866, 8409886.441641731187701 ], [ 3391726.896247666329145, 8409873.421603683382273 ], [ 3391735.033702438697219, 8409862.586452590301633 ], [ 3391745.965276428498328, 8409849.031388904899359 ], [ 3391745.742637445218861, 8409834.673749975860119 ], [ 3391732.284111012239009, 8409811.777386834844947 ], [ 3391721.007446600589901, 8409806.872625032439828 ], [ 3391677.103039450477809, 8409805.646435087546706 ], [ 3391672.427620840258896, 8409798.757480850443244 ], [ 3391673.64100328553468, 8409774.568161843344569 ], [ 3391667.585222989786416, 8409764.892456490546465 ], [ 3391668.19748018682003, 8409746.143026798963547 ], [ 3391683.314667027909309, 8409741.305191211402416 ], [ 3391692.387205522507429, 8409724.361644657328725 ], [ 3391702.661994515918195, 8409701.978387674316764 ], [ 3391688.758190120570362, 8409683.229118222370744 ], [ 3391663.355082333553582, 8409681.423305252566934 ], [ 3391653.069161388557404, 8409670.521554885432124 ], [ 3391629.747728075832129, 8409653.533583454787731 ], [ 3391612.404151419643313, 8409663.521257454529405 ], [ 3391588.014050999190658, 8409674.06629404053092 ], [ 3391578.62981792865321, 8409677.209743386134505 ], [ 3391572.896864157635719, 8409674.556761231273413 ], [ 3391572.451586194802076, 8409670.410085141658783 ], [ 3391571.995176280383021, 8409661.670861475169659 ], [ 3391575.735511168371886, 8409653.80111026391387 ], [ 3391570.815189677290618, 8409643.657392360270023 ], [ 3391563.045089221559465, 8409639.466145960614085 ], [ 3391552.04672353900969, 8409637.058409750461578 ], [ 3391538.710648546926677, 8409638.28457161039114 ], [ 3391530.35055479221046, 8409639.332382820546627 ], [ 3391522.814225268084556, 8409633.803508346900344 ], [ 3391522.146308323834091, 8409625.889199290424585 ], [ 3391523.704781193751842, 8409618.264718059450388 ], [ 3391534.569563487544656, 8409596.751239012926817 ], [ 3391534.525035690050572, 8409580.409954454749823 ], [ 3391526.743803286459297, 8409573.097631499171257 ], [ 3391527.066629806533456, 8409560.657781701534986 ], [ 3391534.647487128153443, 8409553.835937513038516 ], [ 3391536.428598976694047, 8409542.08722067438066 ], [ 3391526.45437260530889, 8409533.481910554692149 ], [ 3391515.021860906854272, 8409519.90515935793519 ], [ 3391507.986469090916216, 8409508.201083594933152 ], [ 3391500.628250752575696, 8409503.095883037894964 ], [ 3391497.066027048509568, 8409494.66896584816277 ], [ 3391498.268277545459569, 8409479.241936102509499 ], [ 3391486.19011279894039, 8409453.693775851279497 ], [ 3391466.130340567789972, 8409447.71917525306344 ], [ 3391448.719972212798893, 8409431.289048600941896 ], [ 3391425.36514305556193, 8409427.945065313950181 ], [ 3391428.326241505332291, 8409399.76649310067296 ], [ 3391407.565156482160091, 8409388.642228854820132 ], [ 3391388.284620682708919, 8409354.890556054189801 ], [ 3391390.511010494548827, 8409322.632662011310458 ], [ 3391409.791546291206032, 8409325.976597463712096 ], [ 3391438.712349983863533, 8409301.49902506172657 ], [ 3391466.887313089799136, 8409285.938643388450146 ], [ 3391500.62825073627755, 8409298.913056770339608 ], [ 3391528.814345789141953, 8409282.215748924762011 ], [ 3391555.876113987993449, 8409289.639246931299567 ], [ 3391595.917734808754176, 8409313.358822282403708 ], [ 3391633.376743445638567, 8409337.100767001509666 ], [ 3391653.024633559398353, 8409313.737801076844335 ], [ 3391680.832242344506085, 8409301.142339713871479 ], [ 3391688.624606696888804, 8409279.250810358673334 ], [ 3391706.046106994152069, 8409249.601490480825305 ], [ 3391696.405839092563838, 8409231.432981291785836 ], [ 3391720.139154518488795, 8409216.229428920894861 ], [ 3391714.57317998027429, 8409191.016568906605244 ], [ 3391728.476984372362494, 8409177.106062415987253 ], [ 3391723.378551693633199, 8409136.779117625206709 ], [ 3391696.494894676376134, 8409119.636331841349602 ], [ 3391713.181686335243285, 8409087.201131146401167 ], [ 3391724.302503458224237, 8409055.68004897236824 ], [ 3391770.021418305579573, 8409039.384549515321851 ], [ 3391734.098618638701737, 8409004.05175050534308 ], [ 3391752.232563678175211, 8408959.222809210419655 ], [ 3391771.513099471107125, 8408947.363582482561469 ], [ 3391772.103092771954834, 8408928.37102609500289 ], [ 3391740.66646858304739, 8408906.123939020559192 ], [ 3391724.057600563392043, 8408879.128816433250904 ], [ 3391704.777064764406532, 8408844.420947136357427 ], [ 3391664.724311994854361, 8408837.599766630679369 ], [ 3391624.615899478551, 8408822.53077588789165 ], [ 3391595.884338916279376, 8408790.096884177997708 ], [ 3391570.392175536137074, 8408786.84235723502934 ], [ 3391560.651720093563199, 8408777.101076265797019 ], [ 3391534.703146801330149, 8408757.64084418118 ], [ 3391542.117024882696569, 8408740.030827410519123 ], [ 3391529.604714123066515, 8408722.888965474441648 ], [ 3391491.600239984225482, 8408736.776322599500418 ], [ 3391469.815015642438084, 8408721.484627448022366 ], [ 3391480.01188099430874, 8408686.732919419184327 ], [ 3391489.251398721709847, 8408664.441980740055442 ], [ 3391467.53296607779339, 8408649.952906798571348 ], [ 3391450.122597723733634, 8408618.634313628077507 ], [ 3391440.849684142973274, 8408593.044558472931385 ], [ 3391412.674721035175025, 8408588.965363560244441 ], [ 3391399.327514094300568, 8408568.948363374918699 ], [ 3391414.901110847014934, 8408547.059011209756136 ], [ 3391429.728867013007402, 8408542.979841774329543 ], [ 3391453.217279558535665, 8408540.995984241366386 ], [ 3391470.44953672401607, 8408537.206594914197922 ], [ 3391486.991613049060106, 8408538.521735694259405 ], [ 3391498.591103985905647, 8408541.642409665510058 ], [ 3391509.890032297931612, 8408546.992139551788568 ], [ 3391517.782584191299975, 8408566.875336386263371 ], [ 3391530.083387915976346, 8408551.962933730334044 ], [ 3391543.530782395973802, 8408521.714700039476156 ], [ 3391560.673983967863023, 8408500.940008724108338 ], [ 3391552.803695971611887, 8408485.782545618712902 ], [ 3391542.929657142143697, 8408483.531219199299812 ], [ 3391514.287152176257223, 8408491.956979030743241 ], [ 3391507.073649174999446, 8408485.537351619452238 ], [ 3391513.741686668246984, 8408472.898726515471935 ], [ 3391540.124405972193927, 8408458.276287853717804 ], [ 3391553.427085116039962, 8408450.006598357111216 ], [ 3391571.839328883215785, 8408437.12284186296165 ], [ 3391592.288719331845641, 8408421.31909522600472 ], [ 3391605.190648306626827, 8408400.165755424648523 ], [ 3391596.429804383777082, 8408385.142240149900317 ], [ 3391594.058699228335172, 8408364.367934223264456 ], [ 3391601.773139935452491, 8408345.978710200637579 ], [ 3391613.483950357418507, 8408310.782977979630232 ], [ 3391601.59502874314785, 8408279.421248169615865 ], [ 3391588.837815103586763, 8408255.392948552966118 ], [ 3391597.442811734508723, 8408233.437659867107868 ], [ 3391614.652805003337562, 8408226.617045445367694 ], [ 3391623.847794939298183, 8408229.002030812203884 ], [ 3391642.23777480982244, 8408229.581560088321567 ], [ 3391646.97998511325568, 8408211.482436653226614 ], [ 3391641.937212181277573, 8408192.20201544649899 ], [ 3391649.050527638755739, 8408183.018757434561849 ], [ 3391661.807741276919842, 8408172.631882321089506 ], [ 3391673.084405687637627, 8408157.519673878327012 ], [ 3391681.678270374424756, 8408163.738410761579871 ], [ 3391693.544928086455911, 8408161.66549788415432 ], [ 3391708.372684251517057, 8408146.531022625043988 ], [ 3391715.797694281674922, 8408130.817056937143207 ], [ 3391715.797694281674922, 8408119.538685204461217 ], [ 3391698.587701011449099, 8408104.114536831155419 ], [ 3391708.673246871680021, 8408084.544637862592936 ], [ 3391734.187674147076905, 8408073.86814315803349 ], [ 3391744.863213309086859, 8408050.130271999165416 ], [ 3391782.055055159609765, 8408001.807781094685197 ], [ 3391768.585396777372807, 8407963.515552768483758 ], [ 3391735.211813451722264, 8407948.381484847515821 ], [ 3391719.949911268427968, 8407921.412162566557527 ], [ 3391747.824311749078333, 8407905.988429283723235 ], [ 3391746.488477857783437, 8407883.454680493101478 ], [ 3391700.146173856221139, 8407831.63400655426085 ], [ 3391676.346066734753549, 8407806.314446471631527 ], [ 3391670.112175251357257, 8407779.32335638999939 ], [ 3391643.106066797394305, 8407782.555149737745523 ], [ 3391617.580507565755397, 8407757.815250582993031 ], [ 3391617.881070192437619, 8407742.280419453978539 ], [ 3391631.30620077252388, 8407716.270237576216459 ], [ 3391604.3668840136379, 8407702.295653395354748 ], [ 3391568.711251127067953, 8407686.716363525018096 ], [ 3391558.224955096375197, 8407665.788013156503439 ], [ 3391543.72002545138821, 8407652.571311356499791 ], [ 3391522.914412631653249, 8407631.464755823835731 ], [ 3391504.82499538268894, 8407598.545782079920173 ], [ 3391492.947205718141049, 8407585.752666121348739 ], [ 3391489.718940486200154, 8407566.607609026134014 ], [ 3391483.741083830595016, 8407545.65731256082654 ], [ 3391468.534841391723603, 8407513.050746347755194 ], [ 3391452.605022265575826, 8407496.112327393144369 ], [ 3391460.909456272143871, 8407473.579833090305328 ], [ 3391455.265558090060949, 8407447.526026044040918 ], [ 3391441.25043420214206, 8407417.482913911342621 ], [ 3391450.423160238191485, 8407392.855676779523492 ], [ 3391456.156114012002945, 8407377.477624783292413 ], [ 3391446.070568146649748, 8407338.92120086401701 ], [ 3391441.6511843604967, 8407309.012252708896995 ], [ 3391413.442825403064489, 8407290.870818765833974 ], [ 3391402.054841501172632, 8407273.821477496996522 ], [ 3391409.101365260779858, 8407240.993249215185642 ], [ 3391404.79330096906051, 8407234.218127321451902 ], [ 3391391.267982841469347, 8407212.956765534356236 ], [ 3391435.228049736004323, 8407222.740550167858601 ], [ 3391592.144003891851753, 8407284.608245676383376 ], [ 3391628.966959296260029, 8407281.339966058731079 ], [ 3391666.438632010947913, 8407272.662569442763925 ], [ 3391719.237466465681791, 8407217.726080326363444 ], [ 3391742.547767823096365, 8407173.554320264607668 ], [ 3391726.473233347292989, 8407056.885986212641001 ], [ 3391723.534398785792291, 8406981.247561307623982 ], [ 3391702.96255689393729, 8406923.104114742949605 ], [ 3391664.260595848783851, 8406868.255290353670716 ], [ 3391602.908598600421101, 8406779.184902291744947 ], [ 3391559.126642890274525, 8406754.024957241490483 ], [ 3391364.29527019103989, 8406704.685863787308335 ], [ 3391294.052671529818326, 8406668.339164076372981 ], [ 3391260.612296502571553, 8406591.902484033256769 ], [ 3391228.841713833622634, 8406444.045444065704942 ], [ 3391140.943843933753669, 8406342.541689421981573 ], [ 3391107.258566027507186, 8406256.058474769815803 ], [ 3391065.680736226029694, 8406142.346069606021047 ], [ 3391045.66549178538844, 8406081.936372322961688 ], [ 3391062.44133903644979, 8406035.721394469961524 ], [ 3391105.44405830418691, 8405992.448037875816226 ], [ 3391156.550836502574384, 8405981.640879852697253 ], [ 3391362.102276154793799, 8405957.664643643423915 ], [ 3391575.913622016552836, 8405899.195041814818978 ], [ 3391719.649348460603505, 8405871.765293342992663 ], [ 3391749.761270702816546, 8405849.081793008372188 ], [ 3391748.837318926118314, 8405805.809533335268497 ], [ 3391720.551036325283349, 8405747.608522314578295 ], [ 3391666.23825678601861, 8405704.158603463321924 ], [ 3391575.468344035092741, 8405698.053353359922767 ], [ 3391473.299315434414893, 8405717.171270221471786 ], [ 3391405.372162183281034, 8405701.974973289296031 ], [ 3391365.709027628879994, 8405665.09845937974751 ], [ 3391322.728572246152908, 8405592.081278553232551 ], [ 3391290.178753147833049, 8405512.224440174177289 ], [ 3391277.577386789023876, 8405440.567925158888102 ], [ 3391288.898578993044794, 8405387.093368344008923 ], [ 3391212.700387583579868, 8405436.178540658205748 ], [ 3391166.235632152762264, 8405471.115440040826797 ], [ 3391119.459182146005332, 8405494.087432967498899 ], [ 3391073.228197639342397, 8405497.251379420980811 ], [ 3391016.522049055434763, 8405491.369113873690367 ], [ 3390967.530341181438416, 8405480.896910332143307 ], [ 3390926.308733754791319, 8405440.456519447267056 ], [ 3390880.133408992551267, 8405416.571169771254063 ], [ 3390758.116115191951394, 8405424.280425289645791 ], [ 3390702.834856090135872, 8405438.406654322519898 ], [ 3390672.823121384717524, 8405432.45759242027998 ], [ 3390646.251158945728093, 8405417.217320945113897 ], [ 3390596.05720056919381, 8405403.870968775823712 ], [ 3390561.269859709311277, 8405384.308245854452252 ], [ 3390557.574052616022527, 8405369.157197754830122 ], [ 3390560.980429029557854, 8405333.663761576637626 ], [ 3390553.989565009251237, 8405319.894225995987654 ], [ 3390537.62559987232089, 8405318.980714028701186 ], [ 3390507.84763609804213, 8405334.46587124094367 ], [ 3390483.156973053701222, 8405333.864288989454508 ], [ 3390470.633530342951417, 8405330.722693558782339 ], [ 3390446.521728649735451, 8405343.222240744158626 ], [ 3390426.539880062453449, 8405368.733860105276108 ], [ 3390411.266845935955644, 8405371.541257681325078 ], [ 3390393.255352333188057, 8405363.832057386636734 ], [ 3390375.444233812857419, 8405332.839371187612414 ], [ 3390368.330918348859996, 8405315.794563420116901 ], [ 3390333.922063758596778, 8405282.462608931586146 ], [ 3390329.157589555718005, 8405271.812457423657179 ], [ 3390322.445024262648076, 8405256.126906679943204 ], [ 3390309.253664608579129, 8405244.808376621454954 ], [ 3390292.132726930547506, 8405238.970873817801476 ], [ 3390276.904220597818494, 8405240.419108817353845 ], [ 3390262.42155485227704, 8405248.373266106471419 ], [ 3390247.415687502827495, 8405249.799222378060222 ], [ 3390234.057348613627255, 8405246.880468428134918 ], [ 3390205.693142370786518, 8405231.350934388116002 ], [ 3390194.694776685908437, 8405235.829318894073367 ], [ 3390189.162197994999588, 8405241.934185732156038 ], [ 3390188.895031219348311, 8405252.071840772405267 ], [ 3390194.193838979583234, 8405267.623699136078358 ], [ 3390201.240362747572362, 8405301.000147894024849 ], [ 3390202.854495364241302, 8405314.056663682684302 ], [ 3390201.240362749900669, 8405323.214063135907054 ], [ 3390188.972954869735986, 8405329.274440823122859 ], [ 3390171.117308555636555, 8405329.497248919680715 ], [ 3390152.849780124146491, 8405331.970419257879257 ], [ 3390128.159117077942938, 8405336.38202247209847 ], [ 3390103.12336361175403, 8405350.329835874959826 ], [ 3390090.410677768755704, 8405353.805652908980846 ], [ 3390080.592298686504364, 8405351.087385607883334 ], [ 3390063.348909570369869, 8405336.827639106661081 ], [ 3390051.482251856476068, 8405331.680768642574549 ], [ 3390038.85862160474062, 8405336.783077448606491 ], [ 3390035.886391204316169, 8405347.321918610483408 ], [ 3390033.615473593585193, 8405373.546542331576347 ], [ 3390024.899157473817468, 8405406.99031438678503 ], [ 3390007.421997427474707, 8405426.664503086358309 ], [ 3389994.820631076116115, 8405423.990771073848009 ], [ 3389981.005882271099836, 8405399.303357996046543 ], [ 3389972.645788518246263, 8405390.346392851322889 ], [ 3389963.36174298916012, 8405387.873202906921506 ], [ 3389953.843926530797035, 8405392.151153612881899 ], [ 3389940.997657299973071, 8405394.824874060228467 ], [ 3389932.281341174151748, 8405390.636045783758163 ], [ 3389917.7764115286991, 8405368.511050846427679 ], [ 3389901.534897827543318, 8405331.257433146238327 ], [ 3389886.64034996367991, 8405311.939991477876902 ], [ 3389868.717911953106523, 8405303.584712343290448 ], [ 3389796.326847123447806, 8405308.553317196667194 ], [ 3389662.042145442217588, 8405317.799832914024591 ], [ 3389633.054550056345761, 8405325.241615438833833 ], [ 3389582.827195837628096, 8405388.229698723182082 ], [ 3389526.477269627153873, 8405425.327636985108256 ], [ 3389482.840029259212315, 8405427.266092948615551 ], [ 3389460.208776790648699, 8405423.032684030011296 ], [ 3389445.759506891015917, 8405409.775445524603128 ], [ 3389439.102601345162839, 8405393.889071822166443 ], [ 3389447.440431197639555, 8405370.605458419770002 ], [ 3389468.613398336339742, 8405356.858134642243385 ], [ 3389481.971737224142998, 8405342.642938667908311 ], [ 3389482.36135543929413, 8405321.899496616795659 ], [ 3389472.476184659171849, 8405308.798405423760414 ], [ 3389428.004048108123243, 8405295.563653307035565 ], [ 3389405.127892760094255, 8405284.245062625035644 ], [ 3389396.979306033346802, 8405249.041683111339808 ], [ 3389385.268495605327189, 8405217.893516782671213 ], [ 3389368.548308096360415, 8405214.105837440118194 ], [ 3389344.881784362252802, 8405213.058655858039856 ], [ 3389337.746205005794764, 8405201.272303119301796 ], [ 3389332.124570721760392, 8405183.938155105337501 ], [ 3389302.19075966021046, 8405164.977584931999445 ], [ 3389272.657698766794056, 8405156.11002597399056 ], [ 3389257.88560234149918, 8405132.648922752588987 ], [ 3389247.722132836468518, 8405134.67642255499959 ], [ 3389218.645481857471168, 8405158.159812521189451 ], [ 3389202.070009685121477, 8405143.945000162348151 ], [ 3389203.973572975024581, 8405127.702716805040836 ], [ 3389214.493264846969396, 8405090.450317459180951 ], [ 3389206.845615832600743, 8405062.733941674232483 ], [ 3389164.187986974604428, 8405019.198944674804807 ], [ 3389137.860927413217723, 8405004.449684731662273 ], [ 3389116.420793496537954, 8405000.506156491115689 ], [ 3389056.920525696128607, 8405019.689101861789823 ], [ 3389042.337672412395477, 8405048.697553222998977 ], [ 3389027.27614531526342, 8405058.032862566411495 ], [ 3388993.735582754015923, 8405052.485147470608354 ], [ 3388968.299079118762165, 8405031.94304203428328 ], [ 3388970.8482954534702, 8404995.8496767077595 ], [ 3388960.862937130965292, 8404982.548647802323103 ], [ 3388960.128228492103517, 8404963.878232356160879 ], [ 3388942.606540649197996, 8404957.818155413493514 ], [ 3388907.52976911701262, 8404977.246066763997078 ], [ 3388891.989568209741265, 8404982.437249004840851 ], [ 3388886.735288247000426, 8404975.285449532791972 ], [ 3388889.874497886281461, 8404964.479784389957786 ], [ 3388897.355167661327869, 8404956.035780800506473 ], [ 3388898.746661295183003, 8404946.611482165753841 ], [ 3388882.950425556395203, 8404927.361888393759727 ], [ 3388845.458021074067801, 8404913.19208069331944 ], [ 3388837.587733077816665, 8404895.167946463450789 ], [ 3388856.38959506386891, 8404886.233874032273889 ], [ 3388881.981945985928178, 8404884.473796201869845 ], [ 3388899.993439584970474, 8404877.500327417626977 ], [ 3388902.46473227860406, 8404863.998997686430812 ], [ 3388890.297511939890683, 8404848.069242797791958 ], [ 3388866.764571597333997, 8404840.850735845044255 ], [ 3388857.82561648869887, 8404825.388895995914936 ], [ 3388827.902937377803028, 8404826.235508864745498 ], [ 3388782.473453204613179, 8404833.298046335577965 ], [ 3388728.316520961001515, 8404830.424016075208783 ], [ 3388708.11203338811174, 8404811.865382581949234 ], [ 3388699.328925566747785, 8404783.771309707313776 ], [ 3388684.490037450566888, 8404770.069639777764678 ], [ 3388659.777110503055155, 8404770.00280243344605 ], [ 3388627.973131999839097, 8404782.434560306370258 ], [ 3388619.345871469005942, 8404775.528025565668941 ], [ 3388617.553627666085958, 8404747.745998028665781 ], [ 3388621.149247212801129, 8404722.592993751168251 ], [ 3388589.59017158485949, 8404675.072096165269613 ], [ 3388583.85721780359745, 8404597.3862260337919 ], [ 3388593.965027560014278, 8404549.843858052045107 ], [ 3388598.651578119024634, 8404534.271237257868052 ], [ 3388596.503111944999546, 8404509.876425381749868 ], [ 3388593.542013489641249, 8404491.363156346604228 ], [ 3388589.200553348753601, 8404478.15215165913105 ], [ 3388582.031578143592924, 8404470.28793921135366 ], [ 3388571.912636433728039, 8404465.386734573170543 ], [ 3388536.179079906083643, 8404459.572127848863602 ], [ 3388260.952770995907485, 8404428.872862715274096 ], [ 3388252.447961901314557, 8404424.305856699123979 ], [ 3388223.337915071286261, 8404416.285755440592766 ], [ 3388189.574713531881571, 8404435.199841583147645 ], [ 3388175.826756427064538, 8404442.596175879240036 ], [ 3388172.386984162963927, 8404447.541921628639102 ], [ 3388163.893307021819055, 8404459.794909650459886 ], [ 3388147.551605780608952, 8404459.059729795902967 ], [ 3388133.402898505795747, 8404454.381314245983958 ], [ 3388112.897848311346024, 8404453.757525734603405 ], [ 3388039.49377611791715, 8404460.953375034034252 ], [ 3388013.689918167889118, 8404502.36863199621439 ], [ 3387979.915584679692984, 8404539.306158289313316 ], [ 3387962.972758189309388, 8404545.053992670029402 ], [ 3387941.454700629692525, 8404541.400329988449812 ], [ 3387900.24422515463084, 8404513.218175685033202 ], [ 3387862.818612365517765, 8404500.207636499777436 ], [ 3387818.758357928600162, 8404491.0512605458498 ], [ 3387782.980273603927344, 8404489.981903521344066 ], [ 3387725.550548331812024, 8404488.244198670610785 ], [ 3387648.295953819062561, 8404485.187946816906333 ], [ 3387585.760717857629061, 8404651.948576048016548 ], [ 3387578.363548781722784, 8405118.539240829646587 ], [ 3387553.374509710352868, 8405731.365675210952759 ], [ 3387703.308744141831994, 8409101.316087188199162 ], [ 3386767.387732598464936, 8409481.816224182024598 ], [ 3386768.03133749589324, 8409481.989641880616546 ], [ 3386847.668931094463915, 8409592.439838645979762 ], [ 3386864.712003096006811, 8409619.156005566939712 ], [ 3386884.05819293577224, 8409634.3565832991153 ], [ 3386907.08937131613493, 8409665.218362327665091 ], [ 3386939.793644615449011, 8409729.014726446941495 ], [ 3386943.248321372549981, 8409734.772521041333675 ], [ 3386954.303286995273083, 8409741.221250988543034 ], [ 3386960.521705158054829, 8409754.809646232053638 ], [ 3386970.581762597896159, 8409782.148216618224978 ], [ 3386975.346236802171916, 8409800.251201998442411 ], [ 3386986.689692913554609, 8409844.817731330171227 ], [ 3387001.728956120088696, 8409916.717778380960226 ], [ 3387008.396993617061526, 8409944.452433824539185 ], [ 3387024.282284953165799, 8410023.710807329043746 ], [ 3387036.371581648476422, 8410046.317993486300111 ], [ 3387051.154810021165758, 8410069.571808684617281 ], [ 3387065.737663311883807, 8410089.59288963675499 ], [ 3387084.895747669506818, 8410107.22843031771481 ], [ 3387205.321172760799527, 8410194.960856666788459 ], [ 3387224.713028049562126, 8410211.704826103523374 ], [ 3387238.082498889882118, 8410223.65527231991291 ], [ 3387262.672974395100027, 8410250.521551538258791 ], [ 3387279.437689703889191, 8410272.059237064793706 ], [ 3387280.61767630558461, 8410273.575349809601903 ], [ 3387309.961494067218155, 8410307.621081404387951 ], [ 3387315.560864453203976, 8410329.983884053304791 ], [ 3387320.035907983779907, 8410363.561659462749958 ], [ 3387305.486450549215078, 8410402.735924368724227 ], [ 3387307.72397231683135, 8410443.025212211534381 ], [ 3387315.471808874048293, 8410456.135443080216646 ], [ 3387369.86251205811277, 8410550.293450465425849 ], [ 3387400.686879058368504, 8410715.647012228146195 ], [ 3387538.91229072259739, 8410799.841407125815749 ], [ 3387560.90902209142223, 8410816.341480845585465 ], [ 3387585.967039459384978, 8410833.622003100812435 ], [ 3387606.405297961086035, 8410850.278235208243132 ], [ 3387622.98077013483271, 8410864.548664851114154 ], [ 3387638.1981445197016, 8410881.271859796717763 ], [ 3387655.319082199130207, 8410911.106133915483952 ], [ 3387665.783114329911768, 8410932.288987910374999 ], [ 3387673.263784109149128, 8410942.79124654084444 ], [ 3387682.414246248081326, 8410948.321104241535068 ], [ 3387708.49640293000266, 8410960.406533516943455 ], [ 3387722.411339274141937, 8410974.699474558234215 ], [ 3387724.326034515630454, 8410985.781539991497993 ], [ 3387725.450361373834312, 8411011.178931957110763 ], [ 3387727.309396872762591, 8411037.446037063375115 ], [ 3387730.292759224772453, 8411050.869500488042831 ], [ 3387738.66398493014276, 8411068.195169689133763 ], [ 3387755.194929307792336, 8411083.447143899276853 ], [ 3387771.826061223633587, 8411096.335532702505589 ], [ 3387799.321975440718234, 8411113.594413951039314 ], [ 3387831.860662585124373, 8411133.283858899027109 ], [ 3387965.032169367652386, 8411211.105623356997967 ], [ 3387973.737353541888297, 8411212.488137781620026 ], [ 3387984.334969061426818, 8411216.145112682133913 ], [ 3388018.877407040446997, 8411242.167663369327784 ], [ 3388136.330601728521287, 8411323.825998952612281 ], [ 3388151.859670688863844, 8411355.468290040269494 ], [ 3388155.277179054915905, 8411359.950401468202472 ], [ 3388160.331083935219795, 8411363.049972657114267 ], [ 3388165.863662626594305, 8411364.120328478515148 ], [ 3388171.028886997140944, 8411364.276422051712871 ], [ 3388293.458062913268805, 8411362.782383723184466 ], [ 3388304.846046815160662, 8411363.741244101896882 ], [ 3388313.161612775176764, 8411367.108405968174338 ], [ 3388320.297192131634802, 8411374.534006783738732 ], [ 3388325.673923537135124, 8411384.992298113182187 ], [ 3388333.377232297789305, 8411406.667098447680473 ], [ 3388381.355932821519673, 8411556.853810865432024 ], [ 3388381.57857180153951, 8411562.852423230186105 ], [ 3388380.688015878666192, 8411567.200862757861614 ], [ 3388379.474633426871151, 8411569.698429185897112 ], [ 3388394.012958918232471, 8411567.468459118157625 ], [ 3388551.496642468497157, 8411538.902602327987552 ], [ 3388570.676990726497024, 8411595.20933479256928 ], [ 3388576.910882210824639, 8411599.535493643954396 ], [ 3388585.527010795194656, 8411616.773254908621311 ], [ 3388596.670091818552464, 8411620.185132240876555 ], [ 3388609.026555292773992, 8411622.32591881416738 ], [ 3388623.286582054570317, 8411627.254190294072032 ], [ 3388643.402014032471925, 8411627.008891638368368 ], [ 3388651.20551033411175, 8411633.408959301188588 ], [ 3388655.023768867366016, 8411643.666919089853764 ], [ 3388662.237271868158132, 8411664.517381409183145 ], [ 3388690.334311340469867, 8411746.960910886526108 ], [ 3388711.184451959095895, 8411790.357307899743319 ], [ 3388731.78968969732523, 8411810.69527573697269 ], [ 3388748.687988393008709, 8411820.351370047777891 ], [ 3388769.738504092674702, 8411831.85841815546155 ], [ 3388808.154860349837691, 8411850.635461643338203 ], [ 3388830.997619850095361, 8411858.418359495699406 ], [ 3388848.062897781841457, 8411860.202406015247107 ], [ 3388867.621732305269688, 8411865.666051154956222 ], [ 3388879.031980105675757, 8411869.234148127958179 ], [ 3388890.152797232381999, 8411875.567524513229728 ], [ 3388899.626085893251002, 8411882.525324575603008 ], [ 3388902.965670615434647, 8411882.792932400479913 ], [ 3388938.643567398190498, 8411883.662657897919416 ], [ 3388970.72584463050589, 8411881.09808299317956 ], [ 3388981.61289082467556, 8411881.387991419062018 ], [ 3388994.303312771487981, 8411898.425706448033452 ], [ 3389009.910305377561599, 8411943.384054811671376 ], [ 3389026.207478823605925, 8411967.580501794815063 ], [ 3389034.400593344587833, 8411983.949387529864907 ], [ 3389041.146554484963417, 8412003.061334243044257 ], [ 3389069.733399711083621, 8412068.492808779701591 ], [ 3389090.795047361869365, 8412069.875484250485897 ], [ 3389119.827170547097921, 8412058.836388938128948 ], [ 3389138.72922007413581, 8412062.984410686418414 ], [ 3389151.876051930245012, 8412060.442074498161674 ], [ 3389287.32960825972259, 8412015.126194283366203 ], [ 3389303.348482978530228, 8412008.591988515108824 ], [ 3389318.8441560883075, 8411999.983794532716274 ], [ 3389331.61250167619437, 8411989.546930368989706 ], [ 3389405.038837757892907, 8411869.903166476637125 ], [ 3389420.356399683281779, 8411858.574463522061706 ], [ 3389431.421557060442865, 8411852.330303996801376 ], [ 3389447.518355422653258, 8411849.78804056532681 ], [ 3389467.377752569038421, 8411856.32210536673665 ], [ 3389488.550719711463898, 8411868.743534656241536 ], [ 3389506.261650688946247, 8411876.615654196590185 ], [ 3389523.972581666428596, 8411877.99829363077879 ], [ 3389547.550049806945026, 8411877.396176427602768 ], [ 3389571.205441585741937, 8411874.430192403495312 ], [ 3389587.068469020072371, 8411874.742401195690036 ], [ 3389605.324865500908345, 8411882.926736280322075 ], [ 3389715.865119808353484, 8411910.222786134108901 ], [ 3389846.943820155691355, 8411881.856305001303554 ], [ 3389959.810651815496385, 8411858.574463499709964 ], [ 3390135.817898627836257, 8411880.206057094037533 ], [ 3390158.961220751982182, 8411872.155528750270605 ], [ 3390180.612861701287329, 8411863.056881269440055 ], [ 3390195.685520745813847, 8411851.393680484965444 ], [ 3390223.749164361506701, 8411840.644819647073746 ], [ 3390249.430570873897523, 8411816.76099624671042 ], [ 3390276.30309593770653, 8411797.047422621399164 ], [ 3390303.77674625068903, 8411776.151984229683876 ], [ 3390333.031508415006101, 8411755.25660514831543 ], [ 3390371.703899496700615, 8411733.38007652759552 ], [ 3390393.04384586866945, 8411716.142042186111212 ], [ 3390404.097871301230043, 8411711.146810797974467 ], [ 3390415.496987152379006, 8411711.99421588331461 ], [ 3390414.15002131415531, 8411725.775712288916111 ], [ 3390418.190918831154704, 8411737.104210851714015 ], [ 3390426.773651566822082, 8411751.242558332160115 ], [ 3390443.660818314645439, 8411764.422020254656672 ], [ 3390463.453423770144582, 8411781.749369045719504 ], [ 3390489.691427739337087, 8411813.460529997944832 ], [ 3390522.675392849836498, 8411844.926521653309464 ], [ 3390535.076384122017771, 8411869.434853550046682 ], [ 3390560.190061234403402, 8411892.739030081778765 ], [ 3390629.130221853498369, 8411924.316864527761936 ], [ 3390646.418138762935996, 8411926.926056062802672 ], [ 3390686.359572041314095, 8411931.163206676021218 ], [ 3390727.11363760381937, 8411929.579850092530251 ], [ 3390767.266577914822847, 8411927.327470215037465 ], [ 3390846.247756594326347, 8411915.864874366670847 ], [ 3390892.912887113634497, 8411925.365001173689961 ], [ 3390935.203161648008972, 8411935.177351592108607 ], [ 3390976.369109326042235, 8411954.891295161098242 ], [ 3391022.099156123585999, 8411978.374149784445763 ], [ 3391055.116517081391066, 8412022.998470295220613 ], [ 3391089.235940999817103, 8412077.993132485076785 ], [ 3391102.360508960671723, 8412112.024909451603889 ], [ 3391141.144219540059566, 8412168.759755065664649 ], [ 3391177.501165222376585, 8412242.44434255734086 ], [ 3391197.594333307351917, 8412304.153521973639727 ], [ 3391229.865853678900748, 8412357.83446129411459 ], [ 3391263.450944043230265, 8412457.391672566533089 ], [ 3391286.872564903460443, 8412539.175003860145807 ], [ 3391313.433395400177687, 8412612.774088099598885 ], [ 3391340.717802585102618, 8412649.752329999580979 ], [ 3391392.347782392986119, 8412679.839106593281031 ], [ 3391437.921981904655695, 8412716.929201323539019 ], [ 3391489.574225613381714, 8412753.907966490834951 ], [ 3391522.101780808530748, 8412779.422976706176996 ], [ 3391554.618204058147967, 8412797.265693752095103 ], [ 3391589.049322546459734, 8412827.241555742919445 ], [ 3391607.550621909555048, 8412854.674929292872548 ], [ 3391631.974118185695261, 8412946.900881890207529 ], [ 3391633.243160388898104, 8413022.176850873976946 ], [ 3391628.590005684643984, 8413119.936391701921821 ], [ 3391605.635926706716418, 8413294.671144030988216 ], [ 3391598.1663888823241, 8413322.15086985193193 ], [ 3391566.084111660718918, 8413440.123033758252859 ], [ 3391530.38395099202171, 8413571.413620792329311 ], [ 3391531.664125145412982, 8413677.902133699506521 ], [ 3391510.624741409439594, 8413829.674348548054695 ], [ 3391508.710046178195626, 8413929.786834703758359 ], [ 3391525.285518353339285, 8413975.069890463724732 ], [ 3391538.677253101021051, 8414097.491684205830097 ], [ 3391518.584085035603493, 8414245.167913291603327 ], [ 3391532.409965794999152, 8414369.423470953479409 ], [ 3391515.689778295811266, 8414478.109764844179153 ], [ 3391475.481178245507181, 8414530.512658586725593 ], [ 3391470.816891581285745, 8414536.58062100969255 ], [ 3391466.987501109950244, 8414613.233694659546018 ], [ 3391466.041285440325737, 8414632.129379998892546 ], [ 3391423.038566178176552, 8414780.217906784266233 ], [ 3391332.268653436563909, 8414870.995549742132425 ], [ 3391315.047528221271932, 8414896.138633869588375 ], [ 3391294.05267227627337, 8414976.097335677593946 ], [ 3391284.601647511124611, 8414987.118497179821134 ], [ 3391265.387903411872685, 8415009.540141878649592 ], [ 3391233.82882778858766, 8415040.640526300296187 ], [ 3391184.180334926582873, 8415119.418343501165509 ], [ 3391126.806269404478371, 8415191.102204725146294 ], [ 3391108.90609529428184, 8415210.088616706430912 ], [ 3391078.771909153088927, 8415232.756359541788697 ], [ 3391030.403590430971235, 8415291.947162883356214 ], [ 3391003.486537571530789, 8415309.595172636210918 ], [ 3390973.174240244086832, 8415326.908558329567313 ], [ 3390958.391011875588447, 8415335.98917768150568 ], [ 3390922.969149920623749, 8415333.289532931521535 ], [ 3390893.07986665610224, 8415339.558957405388355 ], [ 3390878.129659052472562, 8415354.596673473715782 ], [ 3390846.503791730850935, 8415349.286615930497646 ], [ 3390836.173342992551625, 8415356.783168876543641 ], [ 3390821.456906314473599, 8415353.614981872960925 ], [ 3390811.460416046902537, 8415366.711651055142283 ], [ 3390792.035164914559573, 8415372.467945734038949 ], [ 3390774.891963340342045, 8415389.982280878350139 ], [ 3390759.563269466627389, 8415401.985760116949677 ], [ 3390749.7114945393987, 8415409.68316881544888 ], [ 3390727.314013002440333, 8415425.814286198467016 ], [ 3390685.869766600430012, 8415447.634858103469014 ], [ 3390647.575861786492169, 8415462.137318978086114 ], [ 3390624.221032631583512, 8415485.564431527629495 ], [ 3390597.960764766670763, 8415503.815319459885359 ], [ 3390570.231079626362771, 8415534.449246529489756 ], [ 3390549.069244437851012, 8415545.404308950528502 ], [ 3390536.211843258235604, 8415559.259920416399837 ], [ 3390502.738072392996401, 8415577.131689660251141 ], [ 3390467.071307561825961, 8415598.015609834343195 ], [ 3390447.189646517392248, 8415606.851132366806269 ], [ 3390414.094361917581409, 8415612.161375755444169 ], [ 3390366.661126914434135, 8415614.347947677597404 ], [ 3390332.319064020644873, 8415616.579144187271595 ], [ 3390259.104234958998859, 8415620.41680377162993 ], [ 3390247.816438601352274, 8415621.019227258861065 ], [ 3390177.740819179452956, 8415637.708608662709594 ], [ 3390133.858675931580365, 8415653.327048001810908 ], [ 3390042.39858234487474, 8415726.131724741309881 ], [ 3389927.739506895188242, 8415893.342004936188459 ], [ 3389860.858756868634373, 8416007.986103055998683 ], [ 3389808.304825297091156, 8416089.206435926258564 ], [ 3389736.64846911188215, 8416151.304893979802728 ], [ 3389710.321409557946026, 8416218.357536401599646 ], [ 3389719.872621870134026, 8416293.555402901023626 ], [ 3389798.564369880128652, 8416355.677899494767189 ], [ 3389842.991978638805449, 8416399.57008015550673 ], [ 3389864.743807133752853, 8416435.384686889126897 ], [ 3389875.19670731946826, 8416471.400298962369561 ], [ 3389856.684276011306792, 8416513.909658960998058 ], [ 3389828.008375199511647, 8416547.225565226748586 ], [ 3389789.792394031304866, 8416563.359176186844707 ], [ 3389712.169313134625554, 8416565.501401050016284 ], [ 3389645.277431150432676, 8416581.858201023191214 ], [ 3389578.396681112237275, 8416589.043600773438811 ], [ 3389550.344169445801526, 8416573.266971411183476 ], [ 3389531.21948093501851, 8416557.378801757469773 ], [ 3389469.904705429449677, 8416486.46264255233109 ], [ 3389407.009193155914545, 8416452.276745721697807 ], [ 3389359.241999680176377, 8416457.052050748839974 ], [ 3389332.146835636347532, 8416494.272758759558201 ], [ 3389292.361249648965895, 8416562.154174998402596 ], [ 3389236.579052846413106, 8416646.88409280590713 ], [ 3389200.300030815415084, 8416661.656698755919933 ], [ 3388966.684947547037154, 8416682.6775879599154 ], [ 3388917.503996536601335, 8416670.337292237207294 ], [ 3388904.858102389145643, 8416670.404237719252706 ], [ 3388861.521424643695354, 8416670.605074198916554 ], [ 3388823.728457538411021, 8416687.698509871959686 ], [ 3388803.54623386869207, 8416708.719473453238606 ], [ 3388786.358504499774426, 8416703.207601400092244 ], [ 3388773.846193738747388, 8416688.836585983633995 ], [ 3388758.383916473481804, 8416684.953738806769252 ], [ 3388746.383675374090672, 8416699.59252966567874 ], [ 3388732.357419542036951, 8416716.708347972482443 ], [ 3388714.201210603583604, 8416738.86747825704515 ], [ 3388710.783702240325511, 8416767.029530661180615 ], [ 3388719.077004302758723, 8416781.913955289870501 ], [ 3388782.417794534005225, 8416797.914187463000417 ], [ 3388809.846917057409883, 8416829.691599687561393 ], [ 3388862.400848635938019, 8416839.242702655494213 ], [ 3388977.059924102388322, 8416853.569380342960358 ], [ 3389067.829836859367788, 8416939.574664177373052 ], [ 3389139.486193060409278, 8417082.889282358810306 ], [ 3389168.150961939711124, 8417211.879288414493203 ], [ 3389206.366943118628114, 8417273.987220564857125 ], [ 3389278.023299311287701, 8417312.194013435393572 ], [ 3389459.563124815002084, 8417340.871555455029011 ], [ 3389540.781825262587517, 8417388.630511609837413 ], [ 3389614.263821106869727, 8417442.772581608965993 ], [ 3389631.551738019566983, 8417455.515888487920165 ], [ 3389664.992113043554127, 8417517.625876905396581 ], [ 3389636.327344185207039, 8417589.288466040045023 ], [ 3389645.878556495998055, 8417646.601185308769345 ], [ 3389698.432488079648465, 8417694.384443938732147 ], [ 3389755.762025812175125, 8417713.488906938582659 ], [ 3389808.304825436323881, 8417660.951753031462431 ], [ 3389889.523525878787041, 8417608.392656184732914 ], [ 3389980.293438628315926, 8417598.840554898604751 ], [ 3390071.063351382035762, 8417637.049034412950277 ], [ 3390137.944101423956454, 8417689.608335919678211 ], [ 3390180.935688757803291, 8417794.705746563151479 ], [ 3390185.711294919252396, 8417899.804658211767673 ], [ 3390153.484302355907857, 8417964.752920389175415 ], [ 3390128.470812789630145, 8417991.781386716291308 ], [ 3390050.758676309138536, 8418058.940078441053629 ], [ 3390004.182601385749876, 8418086.125126918777823 ], [ 3389942.077457508072257, 8418167.346079371869564 ], [ 3389899.074738240800798, 8418243.769140671938658 ], [ 3389886.517899688798934, 8418286.757461437955499 ], [ 3389884.747919791378081, 8418334.544877039268613 ], [ 3389896.681369205471128, 8418415.74625101312995 ], [ 3389930.054952543228865, 8418545.853344144299626 ], [ 3389940.964262639638036, 8418617.392020925879478 ], [ 3389945.851188288070261, 8418667.480669088661671 ], [ 3389946.853063709102571, 8418721.498220793902874 ], [ 3389939.172018853481859, 8418761.275035100057721 ], [ 3389917.743016888853163, 8418799.065440010279417 ], [ 3389843.470652675721794, 8418899.62502333521843 ], [ 3389808.182374118827283, 8418985.765834657475352 ], [ 3389798.753613255452365, 8419022.485922142863274 ], [ 3389805.866928717587143, 8419059.295482495799661 ], [ 3389822.64277597470209, 8419070.255793478339911 ], [ 3389844.160833535715938, 8419089.341506339609623 ], [ 3389876.788576273713261, 8419100.458119807764888 ], [ 3389960.44517356576398, 8419110.056815626099706 ], [ 3390003.01374682597816, 8419128.22740432061255 ], [ 3390037.622976501937956, 8419180.127674449235201 ], [ 3390032.847370355390012, 8419251.784132860600948 ], [ 3389932.515113364439458, 8419390.321931147947907 ], [ 3389913.412688758224249, 8419452.425928797572851 ], [ 3389923.609554113354534, 8419491.581630241125822 ], [ 3389946.853063781280071, 8419519.307743234559894 ], [ 3390016.104918976314366, 8419556.588591258972883 ], [ 3390115.123605997301638, 8419614.72030240856111 ], [ 3390188.9729561554268, 8419645.326698942109942 ], [ 3390264.39191113691777, 8419675.151873037219048 ], [ 3390279.520229928661138, 8419682.139375161379576 ], [ 3390314.118327653035522, 8419698.637050278484821 ], [ 3390374.431227739434689, 8419731.386942561715841 ], [ 3390448.79264755686745, 8419749.983231209218502 ], [ 3390518.868266979698092, 8419762.84215697273612 ], [ 3390578.936264184769243, 8419782.8672996442765 ], [ 3390611.83117370121181, 8419810.03639305755496 ], [ 3390621.838795923627913, 8419867.254787245765328 ], [ 3390608.970262798946351, 8419918.736094927415252 ], [ 3390571.789552896283567, 8419978.79063406586647 ], [ 3390517.443377521354705, 8420015.984508926048875 ], [ 3390423.055581322405487, 8420048.869766168296337 ], [ 3390352.979961907025427, 8420104.638854743912816 ], [ 3390317.22414148459211, 8420163.266062524169683 ], [ 3390288.626164322718978, 8420249.086777979508042 ], [ 3390272.896720289252698, 8420329.170642925426364 ], [ 3390274.32160977460444, 8420393.515210520476103 ], [ 3390251.445454431232065, 8420424.97325561568141 ], [ 3390194.238368140999228, 8420446.429103763774037 ], [ 3390118.440926893148571, 8420449.286911360919476 ], [ 3390035.496774340048432, 8420434.997884484007955 ], [ 3389963.495327726472169, 8420397.935850340873003 ], [ 3389941.799158978275955, 8420352.523949753493071 ], [ 3389929.776653971523046, 8420281.973077060654759 ], [ 3389923.442574943881482, 8420222.362582130357623 ], [ 3389894.777806071564555, 8420165.029797667637467 ], [ 3389859.422735809814185, 8420139.243585810065269 ], [ 3389815.473800864070654, 8420124.91050973162055 ], [ 3389756.240699843969196, 8420161.212093075737357 ], [ 3389687.445254570338875, 8420203.251604352146387 ], [ 3389617.692461678758264, 8420279.695813339203596 ], [ 3389505.905429081991315, 8420344.665084909647703 ], [ 3389404.626956410706043, 8420411.532683385536075 ], [ 3389253.666595024522394, 8420497.534908765926957 ], [ 3389213.391203277278692, 8420531.047470742836595 ], [ 3389182.989850360434502, 8420568.869292963296175 ], [ 3389161.438396957702935, 8420624.575341496616602 ], [ 3389177.223500748630613, 8420683.36298356577754 ], [ 3389192.02899302309379, 8420755.145720450207591 ], [ 3389177.22350076213479, 8420822.396621311083436 ], [ 3389072.126769564114511, 8420950.425101645290852 ], [ 3389024.348444140981883, 8420988.650988405570388 ], [ 3388990.908069122117013, 8420986.797742817550898 ], [ 3388964.625537358690053, 8420981.95251258648932 ], [ 3388943.140875640325248, 8420937.050553824752569 ], [ 3388908.509382068179548, 8420899.048215063288808 ], [ 3388873.388082738034427, 8420889.268561512231827 ], [ 3388823.706194021273404, 8420910.301531113684177 ], [ 3388764.46196105517447, 8420967.617794843390584 ], [ 3388720.513026113156229, 8421015.400295974686742 ], [ 3388716.694767586421221, 8421065.081029223278165 ], [ 3388768.291351549327374, 8421103.307511657476425 ], [ 3388833.257406344637275, 8421115.722229747101665 ], [ 3388895.362550232093781, 8421145.330077232792974 ], [ 3388933.578531411010772, 8421212.227281451225281 ], [ 3388946.001786583568901, 8421292.477934377267957 ], [ 3388939.311485195998102, 8421347.899180062115192 ], [ 3388891.544291726313531, 8421426.253297328948975 ], [ 3388818.930587920825928, 8421483.573580455034971 ], [ 3388786.436428579501808, 8421543.774872813373804 ], [ 3388764.461961115244776, 8421636.444738829508424 ], [ 3388719.555678558070213, 8421737.735353989526629 ], [ 3388678.478786483407021, 8421816.071292147040367 ], [ 3388624.010159665718675, 8421854.30167655646801 ], [ 3388556.183193957898766, 8421871.898438945412636 ], [ 3388493.109570503700525, 8421861.938844915479422 ], [ 3388433.331003974657506, 8421849.522867653518915 ], [ 3388323.046784497331828, 8421856.199802471324801 ], [ 3388275.268459070939571, 8421846.642185280099511 ], [ 3388254.251339214388281, 8421798.876616278663278 ], [ 3388238.9560411805287, 8421739.633449837565422 ], [ 3388219.853616558015347, 8421596.317427093163133 ], [ 3388174.947333985939622, 8421540.894310174509883 ], [ 3388133.859309951774776, 8421510.324687426909804 ], [ 3388095.643328778911382, 8421498.869485324248672 ], [ 3388036.399095809552819, 8421527.518688978627324 ], [ 3387993.407508490141481, 8421579.123264774680138 ], [ 3387967.614782489370555, 8421655.55943957157433 ], [ 3387967.614782496355474, 8421722.438952598720789 ], [ 3388000.097809911239892, 8421871.496481999754906 ], [ 3388053.597957177087665, 8422064.483015650883317 ], [ 3388065.063864729367197, 8422140.924232982099056 ], [ 3388045.961440124548972, 8422209.728707225993276 ], [ 3388012.521065114531666, 8422279.471776438876987 ], [ 3387980.984253389760852, 8422322.461349543184042 ], [ 3387938.950013695750386, 8422416.101325510069728 ], [ 3387840.532451937440783, 8422504.002945505082607 ], [ 3387718.236859418917447, 8422624.400390036404133 ], [ 3387595.930134954396635, 8422760.07599831931293 ], [ 3387544.344682952389121, 8422831.722662350162864 ], [ 3387458.350376359187067, 8422889.05389635078609 ], [ 3387393.373189616482705, 8422917.73084794729948 ], [ 3387315.026532033924013, 8422922.510350752621889 ], [ 3387259.611689541954547, 8422911.030615605413914 ], [ 3387223.29927166365087, 8422927.267522510141134 ], [ 3387144.952614083886147, 8422994.158596647903323 ], [ 3387101.961026761680841, 8422998.938149100169539 ], [ 3387076.157168803270906, 8422975.040417900308967 ], [ 3387028.389975322410464, 8422914.849747311323881 ], [ 3386984.441040375269949, 8422895.75410869717598 ], [ 3386949.085970118641853, 8422924.408752273768187 ], [ 3386913.73089986294508, 8422968.362467650324106 ], [ 3386856.401362136472017, 8423019.954816125333309 ], [ 3386818.185380965936929, 8423019.954816130921245 ], [ 3386772.321750776842237, 8422998.938149116933346 ], [ 3386721.682514439802617, 8423010.395687026903033 ], [ 3386709.114543936215341, 8423031.412386775016785 ], [ 3386700.665394591167569, 8423044.790742322802544 ], [ 3386700.665394595358521, 8423102.123636707663536 ], [ 3386736.020464862696826, 8423161.355440530925989 ], [ 3386750.347283327486366, 8423237.808055216446519 ], [ 3386740.79607102368027, 8423290.36270890571177 ], [ 3386704.483653146773577, 8423316.159966979175806 ], [ 3386611.810177106410265, 8423328.578419581055641 ], [ 3386509.574356813449413, 8423357.234748989343643 ], [ 3386401.605582749471068, 8423421.248433589935303 ], [ 3386353.827257324010134, 8423443.226742653176188 ], [ 3386322.301577553153038, 8423526.360737280920148 ], [ 3386299.36976246535778, 8423581.776476891711354 ], [ 3386301.284457710571587, 8423639.091219842433929 ], [ 3386347.14808789966628, 8423694.507808599621058 ], [ 3386398.744671862572432, 8423715.52646272815764 ], [ 3386452.244819113519043, 8423705.988766323775053 ], [ 3386511.489052081946284, 8423677.308742024004459 ], [ 3386549.705033255741, 8423688.789672907441854 ], [ 3386557.341550327837467, 8423765.225432148203254 ], [ 3386544.929427116643637, 8423847.380240060389042 ], [ 3386535.367082870565355, 8423944.836956338956952 ], [ 3386506.70231400988996, 8424011.737283116206527 ], [ 3386476.133981861174107, 8424085.294838754460216 ], [ 3386480.909588016103953, 8424128.294965177774429 ], [ 3386512.435267797671258, 8424158.87546775303781 ], [ 3386543.014731906354427, 8424177.974385194480419 ], [ 3386652.887069269549102, 8424202.814221015200019 ], [ 3386747.853726821020246, 8424207.929629269987345 ], [ 3386774.759647737722844, 8424227.430759750306606 ], [ 3386790.010417970363051, 8424252.561158774420619 ], [ 3386800.986519760917872, 8424317.476168988272548 ], [ 3386800.986519766505808, 8424371.937311097979546 ], [ 3386800.040304098278284, 8424403.39003293775022 ], [ 3386811.049801735207438, 8424430.844258720055223 ], [ 3386836.152346899732947, 8424458.454958528280258 ], [ 3386902.131409066729248, 8424504.093259936198592 ], [ 3387006.415508002508432, 8424600.285340320318937 ], [ 3387052.279138189740479, 8424627.047782331705093 ], [ 3387130.625795771833509, 8424606.02652376331389 ], [ 3387178.392989247571677, 8424581.185326460748911 ], [ 3387216.62010236363858, 8424552.524229105561972 ], [ 3387251.006693054456264, 8424552.524229099974036 ], [ 3387262.472600603941828, 8424590.746496779844165 ], [ 3387246.342406400479376, 8424640.026931585744023 ], [ 3387228.442232294473797, 8424703.403932517394423 ], [ 3387231.882004561834037, 8424753.936144702136517 ], [ 3387235.366304626688361, 8424800.71561074256897 ], [ 3387254.836083562579006, 8424846.802835002541542 ], [ 3387305.475319907534868, 8424921.329369405284524 ], [ 3387384.779325116891414, 8424971.014145124703646 ], [ 3387465.040677942801267, 8424982.474754776805639 ], [ 3387508.989612887613475, 8424982.474754773080349 ], [ 3387560.586196843534708, 8424966.233311282470822 ], [ 3387575.870362920220941, 8424928.009092647582293 ], [ 3387570.137409140821546, 8424885.026631670072675 ], [ 3387549.12028928892687, 8424861.122772958129644 ], [ 3387451.660075143910944, 8424858.263251138851047 ], [ 3387396.991073239594698, 8424855.761170454323292 ], [ 3387373.792091368697584, 8424848.657053157687187 ], [ 3387351.38347788201645, 8424837.308351704850793 ], [ 3387343.223759207408875, 8424812.488713283091784 ], [ 3387345.116190546192229, 8424782.218250505626202 ], [ 3387355.903049196116626, 8424749.490547126159072 ], [ 3387367.580463774967939, 8424734.053844720125198 ], [ 3387407.176806630566716, 8424706.15169639326632 ], [ 3387439.604174279607832, 8424681.421858353540301 ], [ 3387472.677194974385202, 8424628.946623723953962 ], [ 3387501.341963838320225, 8424606.026523748412728 ], [ 3387525.231126548256725, 8424584.044740559533238 ], [ 3387575.870362887624651, 8424568.608385322615504 ], [ 3387612.338628054130822, 8424584.580880833789706 ], [ 3387626.342619991395622, 8424606.562665613368154 ], [ 3387616.001039309427142, 8424676.730570539832115 ], [ 3387627.466946861241013, 8424746.474690984934568 ], [ 3387634.324227494187653, 8424772.500453058630228 ], [ 3387706.993591052480042, 8424817.04604833945632 ], [ 3387759.313751704059541, 8424848.701733099296689 ], [ 3387805.455680622253567, 8424912.951798619702458 ], [ 3387847.222753547597677, 8424908.908227877691388 ], [ 3387902.63759603491053, 8424854.443110417574644 ], [ 3387959.967133766505867, 8424858.263251112774014 ], [ 3388022.072277650237083, 8424858.263251112774014 ], [ 3388108.066584245301783, 8424820.039593482390046 ], [ 3388163.158600212074816, 8424797.141237949952483 ], [ 3388180.068030856084079, 8424796.582742363214493 ], [ 3388209.65675149532035, 8424806.993107052519917 ], [ 3388256.154902781359851, 8424846.802834946662188 ], [ 3388305.024159217718989, 8424872.985332345589995 ], [ 3388339.154715081676841, 8424884.780890638008714 ], [ 3388363.166329233907163, 8424883.105384040623903 ], [ 3388396.606704254169017, 8424879.285230439156294 ], [ 3388415.085739714559168, 8424873.365113280713558 ], [ 3388432.919122130144387, 8424854.443110391497612 ], [ 3388461.583890990354121, 8424799.978396166115999 ], [ 3388492.163355094380677, 8424764.636865412816405 ], [ 3388520.816992008592933, 8424720.672416856512427 ], [ 3388564.331780937034637, 8424698.332858702167869 ], [ 3388612.555384327657521, 8424727.083882568404078 ], [ 3388658.508070109412074, 8424761.710361937060952 ], [ 3388704.872638003434986, 8424772.768530005589128 ], [ 3388735.496629908680916, 8424784.67562653683126 ], [ 3388754.209436304401606, 8424812.756791669875383 ], [ 3388774.625430908985436, 8424842.535900920629501 ], [ 3388780.581023665610701, 8424874.861897153779864 ], [ 3388780.158009604085237, 8424907.188035434111953 ], [ 3388779.734995542559773, 8424940.787710497155786 ], [ 3388792.915223252028227, 8424988.015172801911831 ], [ 3388802.277192427311093, 8425030.1046142000705 ], [ 3388807.386757054831833, 8425070.518747139722109 ], [ 3388814.611392008606344, 8425119.020467896014452 ], [ 3388812.485189743805677, 8425207.066094567999244 ], [ 3388819.720956643577665, 8425225.787934351712465 ], [ 3388846.938572129700333, 8425234.702049035578966 ], [ 3388868.634740873705596, 8425209.612976901233196 ], [ 3388880.545926379971206, 8425188.768781682476401 ], [ 3388888.204707338940352, 8425145.807137992233038 ], [ 3388922.658089722972363, 8425125.812074767425656 ], [ 3388959.660688444040716, 8425128.381269788369536 ], [ 3389001.772851794026792, 8425159.837225960567594 ], [ 3389043.450869128108025, 8425153.045587677508593 ], [ 3389077.904251509811729, 8425129.230221381410956 ], [ 3389087.266220677644014, 8425086.693398747593164 ], [ 3389071.10263061709702, 8425025.010974710807204 ], [ 3389023.45788857107982, 8424947.177027763798833 ], [ 3389012.826877201441675, 8424899.100902497768402 ], [ 3389015.376093534752727, 8424834.87329788506031 ], [ 3389000.069663554430008, 8424772.768529988825321 ], [ 3389011.123688980471343, 8424750.652210466563702 ], [ 3389046.322911949362606, 8424718.773551743477583 ], [ 3389120.851311, 8424709.212215017527342 ], [ 3389187.732061040122062, 8424723.554224755614996 ], [ 3389229.77743269642815, 8424758.895558143034577 ], [ 3389266.078718634322286, 8424860.184492150321603 ], [ 3389261.236320801079273, 8424988.864108173176646 ], [ 3389268.661330842413008, 8425106.576651811599731 ], [ 3389276.231056217104197, 8425156.731837924569845 ], [ 3389299.897579955402762, 8425231.820040833204985 ], [ 3389311.252168017439544, 8425289.549784319475293 ], [ 3389313.14459936413914, 8425331.506902305409312 ], [ 3389309.994257777929306, 8425355.166532820090652 ], [ 3389292.327854598872364, 8425387.986297354102135 ], [ 3389280.962134598754346, 8425423.308481192216277 ], [ 3389290.5244788560085, 8425455.212534951046109 ], [ 3389328.18386257905513, 8425509.63741659745574 ], [ 3389375.962188009172678, 8425567.39168251119554 ], [ 3389377.509528932161629, 8425575.837025152519345 ], [ 3389379.780446544289589, 8425588.236950581893325 ], [ 3389356.848631455097347, 8425618.823522666469216 ], [ 3389275.641062965616584, 8425693.335536230355501 ], [ 3389251.751900259871036, 8425765.010773023590446 ], [ 3389232.638343703467399, 8425831.882968738675117 ], [ 3389165.757593673653901, 8425898.75577237829566 ], [ 3389153.334338512271643, 8425949.40791299007833 ], [ 3389169.664907812606543, 8426075.537057019770145 ], [ 3389188.35545031959191, 8426169.068408636376262 ], [ 3389215.472878270316869, 8426236.726324466988444 ], [ 3389226.771806586068124, 8426290.866511806845665 ], [ 3389217.409837421495467, 8426372.312158336862922 ], [ 3389217.231726236641407, 8426404.555498838424683 ], [ 3389221.484130785800517, 8426436.821325480937958 ], [ 3389219.202081229537725, 8426466.674044596031308 ], [ 3389206.188832764513791, 8426485.778954617679119 ], [ 3389182.477781235706061, 8426491.275815112516284 ], [ 3389156.328832861501724, 8426489.666977472603321 ], [ 3389135.300581060815603, 8426491.141745295375586 ], [ 3389089.325631383806467, 8426486.382268376648426 ], [ 3389034.857004560064524, 8426465.355695920065045 ], [ 3388993.780112476088107, 8426430.96698909252882 ], [ 3388952.692088440526277, 8426414.722347239032388 ], [ 3388924.027319575194269, 8426433.827122328802943 ], [ 3388912.70612737396732, 8426480.818376736715436 ], [ 3388881.981947931926697, 8426524.59224040992558 ], [ 3388869.569824718870223, 8426593.393035516142845 ], [ 3388883.217594288289547, 8426628.609280951321125 ], [ 3388903.143783137202263, 8426681.568038513883948 ], [ 3388908.598438187502325, 8426712.963600125163794 ], [ 3388887.859617067500949, 8426777.654521463438869 ], [ 3388889.774312314577401, 8426881.36229438520968 ], [ 3388893.180688734166324, 8426907.462649388238788 ], [ 3388901.730025627184659, 8426945.116150042042136 ], [ 3388903.277366550639272, 8426966.52398294582963 ], [ 3388896.709516601171345, 8427004.423597736284137 ], [ 3388899.158545402809978, 8427066.770676633343101 ], [ 3388901.774553436785936, 8427089.095081754028797 ], [ 3388928.135008845943958, 8427120.201873341575265 ], [ 3388957.924104569014162, 8427125.028801063075662 ], [ 3388998.800621570087969, 8427131.151852827519178 ], [ 3389034.857004626654088, 8427176.22571556456387 ], [ 3389049.428725963458419, 8427176.985515320673585 ], [ 3389066.75003872346133, 8427174.370910605415702 ], [ 3389132.317218765150756, 8427128.447876781225204 ], [ 3389176.789355317596346, 8427138.638072669506073 ], [ 3389216.764184445142746, 8427157.476564085111022 ], [ 3389274.583527935668826, 8427177.722968088462949 ], [ 3389344.547827869653702, 8427186.862919269129634 ], [ 3389384.678504282608628, 8427201.388537438586354 ], [ 3389406.252221592701972, 8427231.803040077909827 ], [ 3389425.911243662238121, 8427281.682202748954296 ], [ 3389465.340607282705605, 8427293.436929224058986 ], [ 3389496.877419008407742, 8427283.872245412319899 ], [ 3389520.755449771415442, 8427274.329921400174499 ], [ 3389579.654592323582619, 8427284.274498218670487 ], [ 3389624.816909722052515, 8427319.158839169889688 ], [ 3389673.630506411194801, 8427340.254895005375147 ], [ 3389714.718530445359647, 8427354.892554048448801 ], [ 3389758.711993189528584, 8427378.312869103625417 ], [ 3389787.24317866936326, 8427408.348191438242793 ], [ 3389805.711082185152918, 8427428.170677460730076 ], [ 3389821.529581822920591, 8427462.943961238488555 ], [ 3389842.74707676237449, 8427495.996611509472132 ], [ 3389879.059494642540812, 8427527.529738124459982 ], [ 3389883.835100799798965, 8427540.893924713134766 ], [ 3389880.963057940360159, 8427575.287820907309651 ], [ 3389838.928818235639483, 8427579.109374860301614 ], [ 3389816.954350760672241, 8427546.637403668835759 ], [ 3389774.50822893762961, 8427515.506460584700108 ], [ 3389745.698744731489569, 8427470.251735230907798 ], [ 3389718.904143308289349, 8427449.021219274029136 ], [ 3389683.960955163929611, 8427450.585570992901921 ], [ 3389622.991270087193698, 8427479.749617461115122 ], [ 3389609.621799250133336, 8427502.678673127666116 ], [ 3389602.875838117673993, 8427549.833193520084023 ], [ 3389625.796521261800081, 8427571.756796233355999 ], [ 3389666.940205038990825, 8427564.270135557278991 ], [ 3389704.811095789074898, 8427569.946588024497032 ], [ 3389745.297994574066252, 8427586.752488723024726 ], [ 3389764.400419188663363, 8427617.325023554265499 ], [ 3389778.738369598984718, 8427648.858670316636562 ], [ 3389800.712837074417621, 8427687.07468138448894 ], [ 3389800.71283707767725, 8427730.073518361896276 ], [ 3389799.176628109999001, 8427755.349979024380445 ], [ 3389789.781263092067093, 8427765.004671277478337 ], [ 3389770.511859242804348, 8427764.892927078530192 ], [ 3389753.958650968968868, 8427759.037533598020673 ], [ 3389738.563165398780257, 8427745.494160426780581 ], [ 3389717.345670462120324, 8427730.855724066495895 ], [ 3389698.554940424393862, 8427720.105990113690495 ], [ 3389680.320807839743793, 8427715.747994346544147 ], [ 3389661.20725128101185, 8427715.747994340956211 ], [ 3389651.678302873391658, 8427723.391250180080533 ], [ 3389641.269930489361286, 8427736.956931408494711 ], [ 3389637.941477719694376, 8427757.428418654948473 ], [ 3389644.253292846493423, 8427777.855265118181705 ], [ 3389646.301571477670223, 8427806.104301616549492 ], [ 3389654.038276087027043, 8427827.224103106185794 ], [ 3389678.406112612690777, 8427863.541363853961229 ], [ 3389700.937177542597055, 8427905.535515377297997 ], [ 3389724.269742806442082, 8427941.227380262687802 ], [ 3389757.743513675872236, 8427994.352035917341709 ], [ 3389783.781142566818744, 8428056.841604512184858 ], [ 3389805.020901404786855, 8428110.682291619479656 ], [ 3389840.47615920798853, 8428141.636953916400671 ], [ 3389868.76244180649519, 8428153.370704721659422 ], [ 3389884.005761770531535, 8428150.671533949673176 ], [ 3389883.111524164211005, 8428163.7187709659338 ], [ 3389885.838851687964052, 8428179.497923756018281 ], [ 3389898.640593125484884, 8428190.71768188662827 ], [ 3389909.3495281371288, 8428207.927304308861494 ], [ 3389902.481115558184683, 8428213.023148285225034 ], [ 3389901.690747174900025, 8428219.169456023722887 ], [ 3389897.070988309103996, 8428225.516921037808061 ], [ 3389897.371550934854895, 8428232.691351128742099 ], [ 3389894.399320533964783, 8428244.425247186794877 ], [ 3389917.320003682281822, 8428299.764788361266255 ], [ 3389937.902977525256574, 8428349.472388699650764 ], [ 3389955.380137574393302, 8428386.10513830371201 ], [ 3389960.845924573950469, 8428425.107259545475245 ], [ 3389943.057069956324995, 8428465.495347490534186 ], [ 3389933.472461806144565, 8428499.714758796617389 ], [ 3389913.624196607153863, 8428507.224722746759653 ], [ 3389901.312260934151709, 8428520.925956513732672 ], [ 3389889.679374150466174, 8428522.289375949651003 ], [ 3389885.571684945840389, 8428550.362461844459176 ], [ 3389873.248617319390178, 8428542.830102641135454 ], [ 3389866.402468638960272, 8428544.193526145070791 ], [ 3389867.09264948265627, 8428559.928792664781213 ], [ 3389861.615730538964272, 8428563.348535438999534 ], [ 3389847.923433179035783, 8428576.356983263045549 ], [ 3389834.921316660474986, 8428579.776733675971627 ], [ 3389828.765348823741078, 8428594.841535467654467 ], [ 3389819.180740670766681, 8428596.897860961034894 ], [ 3389802.761115786619484, 8428594.841535473242402 ], [ 3389799.332475473638624, 8428609.213474547490478 ], [ 3389808.917083626613021, 8428619.4727763812989 ], [ 3389797.284196846652776, 8428635.901099974289536 ], [ 3389794.545737374573946, 8428657.112690426409245 ], [ 3389787.699588695075363, 8428670.121304079890251 ], [ 3389774.697472178377211, 8428687.913190940394998 ], [ 3389771.27996381605044, 8428704.341667400673032 ], [ 3389765.803044871427119, 8428718.020916605368257 ], [ 3389768.541504346299917, 8428746.765304224565625 ], [ 3389769.231685191392899, 8428762.165726074948907 ], [ 3389760.039921672083437, 8428783.808664591982961 ], [ 3389768.942254517693073, 8428792.094940016046166 ], [ 3389767.22793436050415, 8428808.456593133509159 ], [ 3389774.842187530361116, 8428832.77562022767961 ], [ 3389778.170640306547284, 8428858.65937895141542 ], [ 3389789.736735395621508, 8428882.509175080806017 ], [ 3389798.653426608536392, 8428909.667190816253424 ], [ 3389795.658932306803763, 8428932.600704409182072 ], [ 3389786.486206276342273, 8429002.89929835498333 ], [ 3389788.512221007142216, 8429011.259175850078464 ], [ 3389799.477190852630883, 8429064.637441204860806 ], [ 3389806.045040808152407, 8429095.082002213224769 ], [ 3389809.328965786844492, 8429109.432565856724977 ], [ 3389798.375127911567688, 8429259.645753622055054 ], [ 3389774.196534531656653, 8429363.321466349065304 ], [ 3389753.390921721700579, 8429466.998640481382608 ], [ 3389650.442656696774065, 8429615.095457004383206 ], [ 3389658.212757157627493, 8429687.501914268359542 ], [ 3389682.870024360716343, 8429734.938701573759317 ], [ 3389801.859428022056818, 8429823.01724249124527 ], [ 3389900.989434536080807, 8429931.708510119467974 ], [ 3389972.645790739916265, 8430041.586239106953144 ], [ 3389998.850398867856711, 8430150.347805147990584 ], [ 3390001.310559614561498, 8430158.552494179457426 ], [ 3390025.199722333811224, 8430226.112979086115956 ], [ 3390115.368509840685874, 8430291.192510860040784 ], [ 3390182.549822506960481, 8430335.68211336620152 ], [ 3390261.375153902452439, 8430361.079313658177853 ], [ 3390330.649272993206978, 8430386.163606375455856 ], [ 3390393.0549795050174, 8430411.225627755746245 ], [ 3390282.538874761667103, 8431139.949707785621285 ], [ 3389899.300066512078047, 8431913.79730136692524 ], [ 3389780.829077541828156, 8432384.46704382263124 ], [ 3389759.891980244778097, 8432365.991032313555479 ], [ 3389748.604183882009238, 8432354.094019245356321 ], [ 3389730.169676212593913, 8432326.878556063398719 ], [ 3389696.807224831543863, 8432269.138276657089591 ], [ 3389632.798517648596317, 8432189.393926657736301 ], [ 3389605.502978516742587, 8432166.070097662508488 ], [ 3389565.572677185758948, 8432155.4480524007231 ], [ 3389527.801973975263536, 8432136.484944492578506 ], [ 3389491.456160245463252, 8432103.948122071102262 ], [ 3389460.910091982223094, 8432058.173193637281656 ], [ 3389449.622295618988574, 8432039.031441900879145 ], [ 3389431.143260154407471, 8432020.381698992103338 ], [ 3389390.044104171451181, 8431997.01368261501193 ], [ 3389355.290159160271287, 8431984.312246484681964 ], [ 3389337.256401660852134, 8431982.008995452895761 ], [ 3389304.072061470709741, 8431983.149440053850412 ], [ 3389282.220045438967645, 8431997.729257134720683 ], [ 3389263.774405824951828, 8432020.717125615105033 ], [ 3389253.48848488368094, 8432036.236213641241193 ], [ 3389248.846462119370699, 8432045.494013739749789 ], [ 3389243.313883431255817, 8432069.533041832968593 ], [ 3389237.525269916746765, 8432106.184325208887458 ], [ 3389223.899764253292233, 8432157.37120052985847 ], [ 3389216.396830581594259, 8432197.779789319261909 ], [ 3389205.398464898113161, 8432225.464385073632002 ], [ 3389204.16281855199486, 8432227.298101875931025 ], [ 3389176.344077818561345, 8432268.556850925087929 ], [ 3389167.082296189386398, 8432273.051720494404435 ], [ 3389155.850159573834389, 8432275.086712101474404 ], [ 3389147.100447600707412, 8432271.374530037865043 ], [ 3389140.365618411917239, 8432265.493185181170702 ], [ 3389126.506341811735183, 8432236.243068467825651 ], [ 3389111.723113434854895, 8432170.47545569203794 ], [ 3389110.498599034268409, 8432152.47388250939548 ], [ 3389114.639684088993818, 8432140.443042006343603 ], [ 3389127.675196451600641, 8432113.541438274085522 ], [ 3389125.192771806847304, 8432090.195487853139639 ], [ 3389117.812289569526911, 8432063.226982211694121 ], [ 3389109.251820728182793, 8432049.384976681321859 ], [ 3389094.501988206058741, 8432047.66311352699995 ], [ 3389075.522015035152435, 8432056.227709600701928 ], [ 3389038.085270300507545, 8432070.874757355079055 ], [ 3389012.45952353393659, 8432080.91526953317225 ], [ 3388989.160354122519493, 8432088.809044865891337 ], [ 3388970.826033997349441, 8432091.827913019806147 ], [ 3388955.48620817065239, 8432091.850275009870529 ], [ 3388942.717862583696842, 8432087.735669819638133 ], [ 3388909.411070954985917, 8432078.321282895281911 ], [ 3388887.414339582435787, 8432067.475745212286711 ], [ 3388864.816482961177826, 8432062.623210847377777 ], [ 3388825.943716793321073, 8432059.783249823376536 ], [ 3388801.698331710416824, 8432063.517686987295747 ], [ 3388734.105136934202164, 8432078.187111213803291 ], [ 3388714.590830208268017, 8432085.969073738902807 ], [ 3388701.343810810241848, 8432094.734972426667809 ], [ 3388692.271272315643728, 8432104.999137494713068 ], [ 3388678.879537580069155, 8432118.416368329897523 ], [ 3388672.122444494627416, 8432134.606526128947735 ], [ 3388668.949839008972049, 8432150.796719569712877 ], [ 3388669.929450534749776, 8432220.45520980656147 ], [ 3388671.064909338951111, 8432236.131256340071559 ], [ 3388677.14295353833586, 8432270.256403299048543 ], [ 3388686.059644749388099, 8432299.439567424356937 ], [ 3388673.69204933103174, 8432338.015191974118352 ], [ 3388638.036416448652744, 8432355.122707631438971 ], [ 3388606.577528364490718, 8432346.535400686785579 ], [ 3388599.219310025218874, 8432335.577653773128986 ], [ 3388592.996550493407995, 8432326.319488493725657 ], [ 3388562.428218332119286, 8432280.81152668595314 ], [ 3388522.342069711070508, 8432242.213839752599597 ], [ 3388489.402632398530841, 8432213.478149915114045 ], [ 3388459.324105992447585, 8432132.236141690984368 ], [ 3388445.565016933251172, 8432080.490392375737429 ], [ 3388440.778278828598559, 8432054.461121113970876 ], [ 3388435.446075218729675, 8432025.5025470033288 ], [ 3388412.180301648564637, 8431958.998886428773403 ], [ 3388399.790442324709147, 8431902.35720456391573 ], [ 3388388.16868748376146, 8431839.521897358819842 ], [ 3388385.263248770963401, 8431787.308625232428312 ], [ 3388406.313764465972781, 8431734.827392930164933 ], [ 3388428.544266765005887, 8431698.960588088259101 ], [ 3388460.76012737583369, 8431608.332838788628578 ], [ 3388449.149504487868398, 8431575.06045906804502 ], [ 3388408.20619579590857, 8431580.807089176028967 ], [ 3388384.573067910503596, 8431587.940072078257799 ], [ 3388368.197970822453499, 8431599.32155442610383 ], [ 3388365.081025085877627, 8431618.864651639014482 ], [ 3388375.823355942964554, 8431647.419133054092526 ], [ 3388360.439002322498709, 8431655.960902370512486 ], [ 3388334.367977591697127, 8431645.809167178347707 ], [ 3388268.878721185959876, 8431603.279362831264734 ], [ 3388218.907401786651462, 8431563.388329278677702 ], [ 3388175.626383785158396, 8431540.088845895603299 ], [ 3388118.441561387851834, 8431502.389454256743193 ], [ 3388065.642726926133037, 8431464.511375192552805 ], [ 3388031.155948691535741, 8431448.009652053937316 ], [ 3387998.962351970840245, 8431454.538784699514508 ], [ 3387971.321722423192114, 8431480.767173895612359 ], [ 3387965.288206025026739, 8431510.416769977658987 ], [ 3387949.581025886815041, 8431571.661676092073321 ], [ 3387899.420463365036994, 8431632.951813442632556 ], [ 3387882.555560524575412, 8431692.475960025563836 ], [ 3387825.871675841975957, 8431738.516943277791142 ], [ 3387759.280356480740011, 8431743.056210761889815 ], [ 3387730.615587614011019, 8431727.761350244283676 ], [ 3387697.17521259188652, 8431685.723008580505848 ], [ 3387654.183625266887248, 8431670.428267294541001 ], [ 3387606.405299841426313, 8431673.312799409031868 ], [ 3387531.387095031328499, 8431701.979296263307333 ], [ 3387486.380624925717711, 8431710.454046446830034 ], [ 3387464.907095159869641, 8431699.430164873600006 ], [ 3387460.142620956525207, 8431684.001230571419001 ], [ 3387469.25968724489212, 8431661.931202555075288 ], [ 3387489.085688545368612, 8431644.825299357995391 ], [ 3387498.703692544717342, 8431636.529509644955397 ], [ 3387512.930323460139334, 8431621.078346749767661 ], [ 3387538.455882685258985, 8431593.351305143907666 ], [ 3387536.251756765879691, 8431571.818198988214135 ], [ 3387524.318307355977595, 8431559.02805569767952 ], [ 3387512.284670405555516, 8431555.182072903960943 ], [ 3387479.734851313754916, 8431544.762152900919318 ], [ 3387412.742781784851104, 8431547.042906662449241 ], [ 3387381.840491154696792, 8431538.568344779312611 ], [ 3387376.185461023822427, 8431519.763349207118154 ], [ 3387385.33592316089198, 8431493.445380244404078 ], [ 3387402.022714821621776, 8431483.495110651478171 ], [ 3387443.979030879680067, 8431458.474155144765973 ], [ 3387463.292962521314621, 8431436.896723901852965 ], [ 3387462.758628963958472, 8431419.657184423878789 ], [ 3387456.580397225916386, 8431402.417685365304351 ], [ 3387429.963906987570226, 8431388.532203836366534 ], [ 3387409.258481710683554, 8431389.560757117345929 ], [ 3387397.080129424110055, 8431390.164473254233599 ], [ 3387353.810243375133723, 8431410.668491162359715 ], [ 3387308.814905218780041, 8431441.525245271623135 ], [ 3387272.892105558887124, 8431456.238148979842663 ], [ 3387176.456030732020736, 8431472.650450149551034 ], [ 3387129.434677842073143, 8431471.487724615260959 ], [ 3387112.26921237166971, 8431489.398190321400762 ], [ 3387091.474731501657516, 8431492.036689590662718 ], [ 3387074.565300854388624, 8431476.541110025718808 ], [ 3387063.054865509271622, 8431440.943884950131178 ], [ 3387050.264256018679589, 8431392.221580443903804 ], [ 3387020.920438253320754, 8431328.94343826174736 ], [ 3387023.692293567582965, 8431266.515500769019127 ], [ 3387061.073378557804972, 8431240.243156855925918 ], [ 3387115.664456813130528, 8431206.346382010728121 ], [ 3387130.291837894823402, 8431178.777418470010161 ], [ 3387118.55876356549561, 8431128.670588759705424 ], [ 3387102.940639010630548, 8431095.176789430901408 ], [ 3387081.400317545514554, 8431031.029211074113846 ], [ 3387062.77656674105674, 8430972.047023857012391 ], [ 3387037.195347767323256, 8430948.838847877457738 ], [ 3386999.335588965099305, 8430951.029982747510076 ], [ 3386961.475830166134983, 8430971.040887543931603 ], [ 3386935.471597130410373, 8430989.889197383075953 ], [ 3386885.032735878136009, 8431007.351316394284368 ], [ 3386832.790498872287571, 8431015.489885387942195 ], [ 3386807.231543802190572, 8431063.114109762012959 ], [ 3386809.046051506418735, 8431114.651469957083464 ], [ 3386843.744336775504053, 8431180.588515106588602 ], [ 3386851.43651359109208, 8431231.992542272433639 ], [ 3386841.028141212183982, 8431285.185691582038999 ], [ 3386832.790498903486878, 8431359.442093251273036 ], [ 3386772.37741128494963, 8431414.17899944446981 ], [ 3386739.950043629854918, 8431425.448413057252765 ], [ 3386645.272816751617938, 8431393.652611887082458 ], [ 3386616.095978228375316, 8431355.842172123491764 ], [ 3386563.798081472981721, 8431311.033363327383995 ], [ 3386513.815630128607154, 8431299.518169635906816 ], [ 3386488.768744711764157, 8431311.659432630985975 ], [ 3386467.351076318882406, 8431340.100655026733875 ], [ 3386467.35087469778955, 8431340.100922761484981 ], [ 3386467.206159374676645, 8431532.039137586951256 ], [ 3386458.47871131869033, 8431714.836770743131638 ], [ 3386465.502971187699586, 8431737.980281369760633 ], [ 3386497.997130532748997, 8431736.347934754565358 ], [ 3386518.368597340770066, 8431745.158138589933515 ], [ 3386518.502180731389672, 8431772.818669483065605 ], [ 3386463.777519083116204, 8431776.79893228597939 ], [ 3386450.06295782700181, 8431804.370137711986899 ], [ 3386464.656943065579981, 8431844.016504811123013 ], [ 3386563.586574491579086, 8431884.132674155756831 ], [ 3386576.15454499842599, 8431915.751704325899482 ], [ 3386553.85725100710988, 8431939.231270138174295 ], [ 3386499.488811725750566, 8431917.071030328050256 ], [ 3386460.382274630945176, 8431936.525525880977511 ], [ 3386407.627967971842736, 8431974.584929222241044 ], [ 3386344.866039094049484, 8432004.750835945829749 ], [ 3386319.975000970065594, 8432070.203899703919888 ], [ 3386272.207807496190071, 8432099.922958333045244 ], [ 3386229.060372883453965, 8432081.451956678181887 ], [ 3386209.434746663086116, 8432069.957918530330062 ], [ 3386174.669669706374407, 8432077.717510413378477 ], [ 3386156.235162045340985, 8432135.366838404908776 ], [ 3386182.205999236553907, 8432166.02537339553237 ], [ 3386203.590473411139101, 8432192.882444523274899 ], [ 3386234.114277777727693, 8432249.660538900643587 ], [ 3386245.056983723305166, 8432308.317533940076828 ], [ 3386199.026374306064099, 8432372.364440267905593 ], [ 3386168.513701902236789, 8432437.798412932083011 ], [ 3386103.135764992795885, 8432469.531639387831092 ], [ 3386021.661029720213264, 8432477.984910976141691 ], [ 3385971.144244820345193, 8432492.63279876857996 ], [ 3385951.585410298313946, 8432498.760320784524083 ], [ 3385938.672349371481687, 8432492.744614813476801 ], [ 3385928.464352068956941, 8432471.521959081292152 ], [ 3385921.796314572915435, 8432464.924834107980132 ], [ 3385887.587835072074085, 8432483.799336232244968 ], [ 3385855.739328771363944, 8432515.644577585160732 ], [ 3385826.250795679166913, 8432545.119439313188195 ], [ 3385789.682342970743775, 8432568.712831815704703 ], [ 3385748.393943856004626, 8432578.15021001547575 ], [ 3385676.448156990576535, 8432588.772865837439895 ], [ 3385623.159516771323979, 8432570.949176270514727 ], [ 3385573.989697705022991, 8432522.241748074069619 ], [ 3385535.974091613199562, 8432464.499934760853648 ], [ 3385500.240535079967231, 8432412.99784011207521 ], [ 3385474.381017375271767, 8432356.375024221837521 ], [ 3385462.736998641863465, 8432320.259198371320963 ], [ 3385438.970287366304547, 8432300.334072524681687 ], [ 3385379.904165574349463, 8432283.316134620457888 ], [ 3385394.564942512661219, 8432333.363743778318167 ], [ 3385385.225237242411822, 8432356.41974982060492 ], [ 3385353.866536700632423, 8432365.007068315520883 ], [ 3385328.430033069103956, 8432400.385137222707272 ], [ 3385299.141875055618584, 8432416.821908570826054 ], [ 3385287.598043866921216, 8432430.329160407185555 ], [ 3385276.900240807794034, 8432439.743997974321246 ], [ 3385258.944406952243298, 8432446.743635606020689 ], [ 3385244.027595194987953, 8432462.4201645180583 ], [ 3385204.67615522025153, 8432471.029969936236739 ], [ 3385166.304326757322997, 8432452.69221468642354 ], [ 3385165.458298627287149, 8432433.951970592141151 ], [ 3385174.48630932578817, 8432417.291531153023243 ], [ 3385172.515954337548465, 8432402.889785734936595 ], [ 3385164.456423204857856, 8432387.817181758582592 ], [ 3385148.782638907898217, 8432368.204952508211136 ], [ 3385095.516262586228549, 8432357.426075704395771 ], [ 3385065.704902965109795, 8432348.972942700609565 ], [ 3385043.875150832347572, 8432356.889368558302522 ], [ 3385023.102933858986944, 8432351.835378181189299 ], [ 3385003.455043743364513, 8432346.893205121159554 ], [ 3384972.597280907444656, 8432323.904317043721676 ], [ 3384959.639692184980959, 8432309.704018386080861 ], [ 3384943.542893819976598, 8432279.827574046328664 ], [ 3384928.781929345801473, 8432260.998320437967777 ], [ 3384928.548158416058868, 8432254.91572149656713 ], [ 3384950.622813429683447, 8432254.133034497499466 ], [ 3384964.10360375745222, 8432248.363515762612224 ], [ 3384982.037173714954406, 8432244.114648267626762 ], [ 3385008.564608356915414, 8432242.616364007815719 ], [ 3385046.747193682473153, 8432236.735042149201035 ], [ 3385063.166818564292043, 8432210.436869641765952 ], [ 3385064.780951178167015, 8432191.182910114526749 ], [ 3385071.126162148546427, 8432172.823490425944328 ], [ 3385074.098392550833523, 8432153.144747991114855 ], [ 3385072.194829254411161, 8432117.231178799644113 ], [ 3385064.023978632874787, 8432099.050839833915234 ], [ 3385069.445237829815596, 8432077.985853848978877 ], [ 3385067.964688602369279, 8432056.965651966631413 ], [ 3385055.085023520514369, 8432036.10204292088747 ], [ 3385045.611734858248383, 8432027.738726438954473 ], [ 3385035.0586471343413, 8432021.276170210912824 ], [ 3385021.165974689181894, 8432022.438982676714659 ], [ 3385010.412511883303523, 8432014.634725619107485 ], [ 3384996.987381300423294, 8432012.174932850524783 ], [ 3384984.152244018390775, 8432022.438982682302594 ], [ 3384965.751132203731686, 8432064.814677771180868 ], [ 3384941.194052543956786, 8432063.651858607307076 ], [ 3384923.739156395662576, 8432053.54428437538445 ], [ 3384908.29914303123951, 8432047.953817866742611 ], [ 3384896.521540909074247, 8432053.633731873705983 ], [ 3384894.462130333296955, 8432072.775521621108055 ], [ 3384887.393342673312873, 8432087.131896622478962 ], [ 3384894.506658132653683, 8432104.059932436794043 ], [ 3384896.232110239099711, 8432122.955870490521193 ], [ 3384892.792337977327406, 8432123.693819347769022 ], [ 3384878.454387567006052, 8432113.921593463048339 ], [ 3384873.67878141393885, 8432106.340859664604068 ], [ 3384868.814119669608772, 8432096.568656824529171 ], [ 3384866.943952221889049, 8432076.621775101870298 ], [ 3384855.600496116559952, 8432071.254910327494144 ], [ 3384851.181112332735211, 8432074.407942909747362 ], [ 3384838.446162593085319, 8432085.879626041278243 ], [ 3384827.191762080416083, 8432106.542117984965444 ], [ 3384817.941112402360886, 8432128.25568669103086 ], [ 3384809.781393730547279, 8432123.022956749424338 ], [ 3384799.239437956828624, 8432109.404459105804563 ], [ 3384781.528506979811937, 8432107.458961499854922 ], [ 3384786.560147957876325, 8432091.246501488611102 ], [ 3384804.74975274503231, 8432066.983783254399896 ], [ 3384805.183898756280541, 8432046.902810640633106 ], [ 3384797.959263805299997, 8432029.393499543890357 ], [ 3384787.851454046089202, 8432027.537470284849405 ], [ 3384792.749511641915888, 8432043.280191130936146 ], [ 3384779.524756141006947, 8432058.195555755868554 ], [ 3384740.863497007172555, 8432068.61620326153934 ], [ 3384723.018982639536262, 8432058.86641244776547 ], [ 3384712.532686612568796, 8432040.865112453699112 ], [ 3384710.818366452585906, 8432019.688484277576208 ], [ 3384701.656772363930941, 8432002.537025470286608 ], [ 3384694.621380547527224, 8431984.759480014443398 ], [ 3384686.984863481018692, 8431968.256589479744434 ], [ 3384671.344475030433387, 8431974.003526829183102 ], [ 3384667.437160905450583, 8431974.383674591779709 ], [ 3384663.451923134271055, 8431949.741195404902101 ], [ 3384658.520469693467021, 8431932.12030809931457 ], [ 3384647.121353840455413, 8431922.616674486547709 ], [ 3384630.579277517274022, 8431915.326836783438921 ], [ 3384616.130007618106902, 8431916.422548122704029 ], [ 3384582.645104804541916, 8431925.993258206173778 ], [ 3384561.739304443821311, 8431938.426255313679576 ], [ 3384545.998728455044329, 8431952.156244164332747 ], [ 3384513.304194025229663, 8431967.473932994529605 ], [ 3384498.966243619564921, 8431979.996446836739779 ], [ 3384492.431789513677359, 8431994.375002417713404 ], [ 3384504.799384937155992, 8432007.680222749710083 ], [ 3384510.421019218862057, 8432023.422901088371873 ], [ 3384523.868413701653481, 8432032.747770480811596 ], [ 3384535.501300486270338, 8432045.807079881429672 ], [ 3384556.663135676644742, 8432055.489767733961344 ], [ 3384559.16782422317192, 8432079.595914371311665 ], [ 3384541.64613637747243, 8432087.467326298356056 ], [ 3384539.775968934874982, 8432101.935540089383721 ], [ 3384557.186337291728705, 8432140.778474323451519 ], [ 3384531.950208741240203, 8432150.997979305684566 ], [ 3384516.844153846148401, 8432142.858153618872166 ], [ 3384499.689820322673768, 8432140.375955818220973 ], [ 3384482.858313321601599, 8432137.603051161393523 ], [ 3384474.1753930458799, 8432144.781298436224461 ], [ 3384459.180657643824816, 8432156.051831658929586 ], [ 3384440.044837187044322, 8432170.877976078540087 ], [ 3384446.601555193774402, 8432193.978197311982512 ], [ 3384459.915366286411881, 8432211.64443675801158 ], [ 3384463.978527700062841, 8432228.103148654103279 ], [ 3384487.333356862422079, 8432266.812574150040746 ], [ 3384480.754374960437417, 8432287.699200320988894 ], [ 3384459.926498244516551, 8432287.654475146904588 ], [ 3384433.254348262678832, 8432287.833375846967101 ], [ 3384415.287382456008345, 8432280.431363292038441 ], [ 3384384.028869456611574, 8432274.259298101067543 ], [ 3384368.210369820706546, 8432279.961749456822872 ], [ 3384349.11907715909183, 8432282.801795506849885 ], [ 3384332.8330356660299, 8432311.761382823809981 ], [ 3384322.413531335070729, 8432334.056988354772329 ], [ 3384307.118233307730407, 8432352.461536135524511 ], [ 3384288.20505183050409, 8432359.170374238863587 ], [ 3384270.983926616609097, 8432375.226884955540299 ], [ 3384264.026458447333425, 8432387.861907586455345 ], [ 3384263.202694218140095, 8432407.362374506890774 ], [ 3384254.786940718069673, 8432422.971730476245284 ], [ 3384229.951562333386391, 8432431.246044350787997 ], [ 3384197.613250273745507, 8432415.793211659416556 ], [ 3384185.323578493669629, 8432404.186836237087846 ], [ 3384166.978126417845488, 8432384.887643674388528 ], [ 3384147.230048757512122, 8432350.471248680725694 ], [ 3384150.881328051444143, 8432326.162949789315462 ], [ 3384163.260055419523269, 8432309.793469035997987 ], [ 3384170.818648840300739, 8432296.018087238073349 ], [ 3384175.037657535634935, 8432274.304023196920753 ], [ 3384173.111830345354974, 8432257.040158092975616 ], [ 3384168.4030158855021, 8432237.920251166447997 ], [ 3384160.076317976228893, 8432223.407045049592853 ], [ 3384146.896090274211019, 8432212.181133318692446 ], [ 3384130.387409795075655, 8432212.852004054933786 ], [ 3384113.388923559803516, 8432218.733306812122464 ], [ 3384107.232955721672624, 8432232.575631096959114 ], [ 3384101.266231023240834, 8432272.291394352912903 ], [ 3384092.126900832634419, 8432287.408486725762486 ], [ 3384087.061864007264376, 8432305.634016619995236 ], [ 3384068.549432700034231, 8432339.826574329286814 ], [ 3384059.6550053935498, 8432361.988088075071573 ], [ 3384052.129807819146663, 8432374.533636564388871 ], [ 3384047.799479630310088, 8432393.631535768508911 ], [ 3384026.89367927191779, 8432404.052658598870039 ], [ 3383987.83166996948421, 8432394.995673334226012 ], [ 3383969.731120774522424, 8432393.49735833145678 ], [ 3383945.430075942538679, 8432388.376254113391042 ], [ 3383930.568923928774893, 8432369.434908399358392 ], [ 3383951.218689459841698, 8432352.729889553040266 ], [ 3383974.773893701843917, 8432353.110056899487972 ], [ 3384005.420149501878768, 8432338.909701848402619 ], [ 3384016.518702726345509, 8432324.01613056845963 ], [ 3384025.268414698075503, 8432309.547479858621955 ], [ 3384015.962105269078165, 8432296.554789951071143 ], [ 3384000.343980718869716, 8432287.050685368478298 ], [ 3383964.610424190759659, 8432282.846520675346255 ], [ 3383943.904998912010342, 8432281.303503379225731 ], [ 3383926.884248776361346, 8432272.604469925165176 ], [ 3383908.739171786699444, 8432272.783370254561305 ], [ 3383895.492152386810631, 8432266.767849132418633 ], [ 3383873.417497371323407, 8432266.521861389279366 ], [ 3383862.519319229759276, 8432274.773636691272259 ], [ 3383843.272179282270372, 8432287.788650702685118 ], [ 3383824.069567130412906, 8432298.25434878282249 ], [ 3383798.733251037076116, 8432296.286438602954149 ], [ 3383780.621569893322885, 8432284.702614376321435 ], [ 3383787.846204837784171, 8432245.344583405181766 ], [ 3383789.783163971267641, 8432188.096914386376739 ], [ 3383787.634697796776891, 8432149.857508718967438 ], [ 3383783.270973758306354, 8432132.21377981081605 ], [ 3383787.412058812566102, 8432110.925078338012099 ], [ 3383814.13986853742972, 8432090.598003875464201 ], [ 3383828.444423094391823, 8432064.546334927901626 ], [ 3383840.377872499637306, 8432030.712845977395773 ], [ 3383849.083056674804538, 8432011.928953675553203 ], [ 3383847.235153126064688, 8432000.52447103895247 ], [ 3383843.049540274310857, 8431993.994853645563126 ], [ 3383830.559493412263691, 8431989.008197698742151 ], [ 3383816.611161221284419, 8431991.110195757821202 ], [ 3383805.668455281760544, 8431999.473470589146018 ], [ 3383788.26921888301149, 8432021.477426266297698 ], [ 3383765.626834465190768, 8432016.222410544753075 ], [ 3383740.925039470661432, 8432007.031732497736812 ], [ 3383753.648857257328928, 8431966.422937309369445 ], [ 3383763.734403116628528, 8431952.514029277488589 ], [ 3383772.417323393281549, 8431939.678500823676586 ], [ 3383768.521141215693206, 8431922.393059765920043 ], [ 3383770.714135183487087, 8431908.75257221236825 ], [ 3383761.508013297338039, 8431903.296384276822209 ], [ 3383750.331536427140236, 8431894.977941608056426 ], [ 3383739.366566587705165, 8431879.369706286117435 ], [ 3383733.522293321788311, 8431865.841105047613382 ], [ 3383729.236492927186191, 8431848.130973782390356 ], [ 3383717.926432667765766, 8431839.164118023589253 ], [ 3383706.994858675636351, 8431831.740195836871862 ], [ 3383692.356345643755049, 8431834.848403312265873 ], [ 3383656.478073778096586, 8431847.393052576109767 ], [ 3383623.3382613863796, 8431857.187285583466291 ], [ 3383607.597685395739973, 8431877.290101515129209 ], [ 3383577.29652001708746, 8431884.915321925655007 ], [ 3383562.758194528985769, 8431902.357204802334309 ], [ 3383532.145334575790912, 8431922.482505677267909 ], [ 3383514.879681562073529, 8431929.258036032319069 ], [ 3383493.751242220401764, 8431940.7294927444309 ], [ 3383475.539373536128551, 8431941.802846342325211 ], [ 3383454.589045379310846, 8431941.825207870453596 ], [ 3383437.401316007133573, 8431944.016638619825244 ], [ 3383416.395328105892986, 8431941.691038666293025 ], [ 3383400.955314737744629, 8431933.171298988163471 ], [ 3383384.023620198015124, 8431933.9315903224051 ], [ 3383365.75609176652506, 8431942.652584714815021 ], [ 3383355.581490314565599, 8431956.941620951518416 ], [ 3383336.612649092916399, 8431963.963160682469606 ], [ 3383332.093077769037336, 8431963.359397448599339 ], [ 3383315.384022206068039, 8431945.96209298633039 ], [ 3383273.62808122811839, 8431913.493197832256556 ], [ 3383234.454752433113754, 8431894.821411883458495 ], [ 3383204.376226031687111, 8431870.04503140039742 ], [ 3383180.520459164865315, 8431845.917210396379232 ], [ 3383161.262187265790999, 8431834.088122250512242 ], [ 3383150.831550980452448, 8431812.487227786332369 ], [ 3383138.196788779925555, 8431804.079443363472819 ], [ 3383124.003553709480911, 8431787.129736974835396 ], [ 3383118.515502812806517, 8431746.164380984380841 ], [ 3383099.802696415223181, 8431712.891377685591578 ], [ 3383087.991698449011892, 8431713.919976338744164 ], [ 3383066.89665495371446, 8431733.977678839117289 ], [ 3383051.890787601936609, 8431740.887201065197587 ], [ 3383035.014752805233002, 8431741.826359929516912 ], [ 3383009.132971208076924, 8431735.632385835051537 ], [ 3382995.763500369153917, 8431721.142531802877784 ], [ 3382976.093346351757646, 8431683.755262533202767 ], [ 3382958.426943169906735, 8431651.466410215944052 ], [ 3382947.027827315498143, 8431636.283543203026056 ], [ 3382914.734043050557375, 8431625.84114770963788 ], [ 3382892.804103375878185, 8431628.054844874888659 ], [ 3382881.482911165803671, 8431614.124216238036752 ], [ 3382870.161718956660479, 8431610.814857291057706 ], [ 3382873.556963424198329, 8431621.615000428631902 ], [ 3382877.4754094989039, 8431637.491016015410423 ], [ 3382891.479401436634362, 8431655.893820635974407 ], [ 3382883.89854412060231, 8431674.520278533920646 ], [ 3382869.170975494198501, 8431686.304388500750065 ], [ 3382866.332328482531011, 8431701.979296492412686 ], [ 3382882.507050490006804, 8431721.410862186923623 ], [ 3382884.688912510871887, 8431761.190947955474257 ], [ 3382867.367599754128605, 8431775.703241927549243 ], [ 3382841.285443071275949, 8431772.70686455629766 ], [ 3382790.011685634497553, 8431750.83781892247498 ], [ 3382768.048350111581385, 8431747.506037514656782 ], [ 3382749.535918802954257, 8431747.349510913714767 ], [ 3382741.576575214508921, 8431762.398441290482879 ], [ 3382728.374083613976836, 8431775.501992668956518 ], [ 3382718.500044787302613, 8431792.496394425630569 ], [ 3382730.778584617190063, 8431809.51319658011198 ], [ 3382745.294646212365478, 8431820.268909186124802 ], [ 3382755.035101652611047, 8431840.595236456021667 ], [ 3382737.925295925699174, 8431855.107687117531896 ], [ 3382700.432891443371773, 8431839.275924187153578 ], [ 3382684.224773592315614, 8431829.727688159793615 ], [ 3382664.142737461254001, 8431828.810879265889525 ], [ 3382650.027426034677774, 8431834.468262815847993 ], [ 3382637.259080448653549, 8431854.861713143065572 ], [ 3382620.338517856318504, 8431859.512858858332038 ], [ 3382604.074740260373801, 8431871.565601110458374 ], [ 3382607.069234564900398, 8431905.174743659794331 ], [ 3382612.59068130934611, 8431936.525526072829962 ], [ 3382594.645979401655495, 8431948.757286982610822 ], [ 3382575.421103349886835, 8431938.247363213449717 ], [ 3382581.443487795535475, 8431899.718558378517628 ], [ 3382579.751431534998119, 8431880.845555257052183 ], [ 3382567.639870939776301, 8431867.339312616735697 ], [ 3382552.489288249053061, 8431858.752575229853392 ], [ 3382536.058531417045742, 8431853.072811735793948 ], [ 3382518.180621201638132, 8431839.49953643232584 ], [ 3382501.772128265816718, 8431837.554110223427415 ], [ 3382481.868203322403133, 8431844.262478614225984 ], [ 3382464.480098868254572, 8431841.981632679700851 ], [ 3382444.743153158575296, 8431835.877019083127379 ], [ 3382432.364425789099187, 8431820.604326687753201 ], [ 3382415.644238278735429, 8431821.096272360533476 ], [ 3382398.501036704983562, 8431807.657222833484411 ], [ 3382383.561961044557393, 8431795.000835916027427 ], [ 3382367.220259802881628, 8431792.764727415516973 ], [ 3382347.071431978140026, 8431784.379326602444053 ], [ 3382331.508967171888798, 8431781.472389886155725 ], [ 3382311.315611551050097, 8431772.930474795401096 ], [ 3382292.346770328469574, 8431768.368827870115638 ], [ 3382273.19981792056933, 8431770.582567941397429 ], [ 3382260.119777758605778, 8431779.594062153249979 ], [ 3382250.713280793745071, 8431796.923889772966504 ], [ 3382250.512905713636428, 8431819.396823819726706 ], [ 3382237.800219870172441, 8431830.130189683288336 ], [ 3382229.785216540563852, 8431850.031680345535278 ], [ 3382189.131338520441204, 8431838.716893656179309 ], [ 3382174.292450401932001, 8431825.277811923995614 ], [ 3382158.986020423471928, 8431817.384319469332695 ], [ 3382143.100729095749557, 8431820.179464550688863 ], [ 3382123.87585304537788, 8431818.457655059173703 ], [ 3382104.294754624832422, 8431826.619482878595591 ], [ 3382068.550066146068275, 8431816.020289048552513 ], [ 3382049.269530349876732, 8431817.048902133479714 ], [ 3382036.423261119052768, 8431820.760854871943593 ], [ 3382013.023904163856059, 8431825.792119110003114 ], [ 3382002.326101106591523, 8431835.049654288217425 ], [ 3381989.624547213315964, 8431846.789298998191953 ], [ 3381976.310736121609807, 8431856.046860601752996 ], [ 3381954.670227122493088, 8431868.345571594312787 ], [ 3381935.311767683830112, 8431870.492257799953222 ], [ 3381919.01459423918277, 8431876.731068149209023 ], [ 3381899.978961321990937, 8431879.503874450922012 ], [ 3381882.334822040516883, 8431890.863446654751897 ], [ 3381846.579001614823937, 8431886.637147072702646 ], [ 3381827.198278275784105, 8431878.676504721865058 ], [ 3381789.093616595957428, 8431887.017290320247412 ], [ 3381773.497755945660174, 8431914.901969309896231 ], [ 3381762.777688988484442, 8431935.362727234140038 ], [ 3381750.732920092064887, 8431946.565854873508215 ], [ 3381728.00148008344695, 8431955.443395277485251 ], [ 3381722.847387662157416, 8431970.425666617229581 ], [ 3381717.982725920621306, 8431989.902664989233017 ], [ 3381716.034634833689779, 8432018.145522348582745 ], [ 3381705.325699829496443, 8432046.36612631380558 ], [ 3381702.39799722423777, 8432074.609200514853001 ], [ 3381704.346088315360248, 8432097.015897106379271 ], [ 3381729.660140509251505, 8432106.743376458063722 ], [ 3381758.881506828591228, 8432105.781808961182833 ], [ 3381810.489222736097872, 8432116.493230747058988 ], [ 3381830.938613187987357, 8432127.204668132588267 ], [ 3381841.647548197302967, 8432142.791067317128181 ], [ 3381832.886704278644174, 8432158.355137335136533 ], [ 3381811.468834260944277, 8432172.980026256293058 ], [ 3381792.956402951851487, 8432171.996087864041328 ], [ 3381766.673871185164899, 8432160.300648406147957 ], [ 3381745.244869218207896, 8432163.230097088962793 ], [ 3381727.723181378096342, 8432184.653123609721661 ], [ 3381733.556322693824768, 8432202.185166694223881 ], [ 3381736.484025300480425, 8432221.662778880447149 ], [ 3381736.484025301877409, 8432255.743133716285229 ], [ 3381727.723181384149939, 8432265.470823029056191 ], [ 3381695.585244407877326, 8432258.672620406374335 ], [ 3381656.63455459382385, 8432229.444893239066005 ], [ 3381629.361279361415654, 8432244.047561079263687 ], [ 3381629.36127936700359, 8432280.095924971625209 ], [ 3381642.997916984371841, 8432304.42643422447145 ], [ 3381680.980127227958292, 8432332.670499516651034 ], [ 3381678.052424623630941, 8432355.077982392162085 ], [ 3381663.447307439055294, 8432361.876274134963751 ], [ 3381631.309370460454375, 8432347.273372331634164 ], [ 3381594.306771737057716, 8432345.327811796218157 ], [ 3381575.805472378153354, 8432357.9851458594203 ], [ 3381550.491420183330774, 8432358.969109142199159 ], [ 3381517.385003639850765, 8432367.735333247110248 ], [ 3381533.938211912754923, 8432381.354309283196926 ], [ 3381546.595238011330366, 8432397.925215613096952 ], [ 3381524.197756477165967, 8432424.2016955986619 ], [ 3381494.007910587824881, 8432434.913581179454923 ], [ 3381489.143248845357448, 8432442.718284262344241 ], [ 3381505.696457118261606, 8432455.375785950571299 ], [ 3381525.166236048098654, 8432467.049331553280354 ], [ 3381528.093938657548279, 8432487.511625738814473 ], [ 3381521.270053878426552, 8432506.006010562181473 ], [ 3381517.385003651957959, 8432525.484427457675338 ], [ 3381519.333094742149115, 8432542.033295206725597 ], [ 3381557.304173035081476, 8432543.978907784447074 ], [ 3381608.911888943053782, 8432553.729341750964522 ], [ 3381610.859980031847954, 8432574.169513674452901 ], [ 3381602.0991361127235, 8432599.484991349279881 ], [ 3381589.442110018339008, 8432624.800556164234877 ], [ 3381562.168834787327796, 8432631.621460882946849 ], [ 3381533.93821193324402, 8432612.142762865871191 ], [ 3381502.768754525110126, 8432588.772866047918797 ], [ 3381479.40279341628775, 8432569.294281521812081 ], [ 3381460.901494053192437, 8432563.457425253465772 ], [ 3381445.316765350755304, 8432571.239901311695576 ], [ 3381436.555921430699527, 8432601.43061913177371 ], [ 3381448.244467963464558, 8432622.854922218248248 ], [ 3381463.81806471850723, 8432639.404009081423283 ], [ 3381480.37127299234271, 8432650.116208136081696 ], [ 3381498.872572355438024, 8432662.774066798388958 ], [ 3381503.748366050887853, 8432679.345607280731201 ], [ 3381494.007910613901913, 8432700.77013735845685 ], [ 3381472.590040596667677, 8432736.7983761690557 ], [ 3381457.973791463766247, 8432748.472368510439992 ], [ 3381422.919283829629421, 8432751.402051497250795 ], [ 3381412.210348820313811, 8432739.705690540373325 ], [ 3381404.417984466068447, 8432718.281047031283379 ], [ 3381398.573711200151592, 8432694.910812916234136 ], [ 3381403.449504890479147, 8432671.540653064846992 ], [ 3381411.241869242861867, 8432650.116208141669631 ], [ 3381413.18996032839641, 8432613.12676015496254 ], [ 3381399.553322708234191, 8432593.648111129179597 ], [ 3381379.103932260535657, 8432604.36024353094399 ], [ 3381371.311567910946906, 8432627.730189885944128 ], [ 3381366.446906168479472, 8432654.029854698106647 ], [ 3381358.654541818890721, 8432680.307249778881669 ], [ 3381344.049424637574703, 8432723.156377961859107 ], [ 3381315.80766984121874, 8432765.02173806540668 ], [ 3381279.773550685960799, 8432764.060084501281381 ], [ 3381257.376069150399417, 8432754.309371640905738 ], [ 3381226.217743691056967, 8432755.293387949466705 ], [ 3381213.560717594344169, 8432764.060084506869316 ], [ 3381218.425379341933876, 8432794.251593938097358 ], [ 3381219.404990863054991, 8432817.622143754735589 ], [ 3381210.633014993742108, 8432839.047076683491468 ], [ 3381186.287442368920892, 8432837.101386049762368 ], [ 3381167.786143008619547, 8432844.884151700884104 ], [ 3381158.05681951995939, 8432859.488041661679745 ], [ 3381131.76315580541268, 8432867.270831003785133 ], [ 3381107.417583181522787, 8432865.32513289898634 ], [ 3381076.259257723577321, 8432869.216529626399279 ], [ 3381058.726437931414694, 8432877.983362002298236 ], [ 3381043.141709231771529, 8432907.213666854426265 ], [ 3381045.089800320565701, 8432919.871968057006598 ], [ 3381074.311166640371084, 8432920.83364200219512 ], [ 3381103.52140100998804, 8432911.105085749179125 ], [ 3381127.866973633877933, 8432911.105085743591189 ], [ 3381131.763155809603631, 8432915.958180017769337 ], [ 3381103.042727203574032, 8432952.993880465626717 ], [ 3381077.116417810320854, 8432978.936873525381088 ], [ 3381049.57597580505535, 8433012.953643606975675 ], [ 3381023.649666413664818, 8433027.535502502694726 ], [ 3381025.274930980987847, 8433059.942221894860268 ], [ 3381047.950711247045547, 8433074.524173965677619 ], [ 3381077.116417821031064, 8433092.349084090441465 ], [ 3381091.699271109886467, 8433115.027263078838587 ], [ 3381103.042727219406515, 8433137.727877169847488 ], [ 3381104.667991788126528, 8433166.892118714749813 ], [ 3381091.699271115940064, 8433179.841615799814463 ], [ 3381057.680034745484591, 8433170.135082168504596 ], [ 3381038.232519711367786, 8433144.191414594650269 ], [ 3381026.889063603244722, 8433131.241980284452438 ], [ 3381004.202151391655207, 8433145.824073735624552 ], [ 3381015.545607499312609, 8433168.50241763330996 ], [ 3381030.128460789099336, 8433189.570527583360672 ], [ 3381044.711314077023417, 8433200.909758243709803 ], [ 3381023.649666429962963, 8433218.734974734485149 ], [ 3380997.723357037175447, 8433230.074250362813473 ], [ 3380988.00516549590975, 8433243.046224201098084 ], [ 3380973.422312212176621, 8433262.481862319633365 ], [ 3380968.557650468777865, 8433286.793256416916847 ], [ 3380989.619298119563609, 8433306.229010157287121 ], [ 3380992.869827250484377, 8433319.201118333265185 ], [ 3380981.526371145155281, 8433330.540548888966441 ], [ 3380934.538414103910327, 8433332.15088364481926 ], [ 3380916.705031683202833, 8433319.201118344441056 ], [ 3380906.98684013960883, 8433283.550241526216269 ], [ 3380898.882781212218106, 8433264.092182168737054 ], [ 3380871.342339200433344, 8433254.385537331923842 ], [ 3380819.489720412530005, 8433239.803228605538607 ], [ 3380783.845219476148486, 8433231.706928580999374 ], [ 3380753.05424833856523, 8433246.289221249520779 ], [ 3380764.397704446688294, 8433267.335188498720527 ], [ 3380796.802808202803135, 8433278.696904661133885 ], [ 3380829.207911959383637, 8433293.279290519654751 ], [ 3380851.894824174232781, 8433311.08236520178616 ], [ 3380853.520088740624487, 8433330.540548896417022 ], [ 3380848.655426995363086, 8433343.490334164351225 ], [ 3380838.937235455494374, 8433345.123037550598383 ], [ 3380804.906867134850472, 8433340.247294262051582 ], [ 3380778.980557740200311, 8433328.907848743721843 ], [ 3380740.09665962588042, 8433338.636957749724388 ], [ 3380738.471395061351359, 8433349.976418264210224 ], [ 3380744.961321375332773, 8433371.045048138126731 ], [ 3380746.57545399479568, 8433408.306700557470322 ], [ 3380717.409747416619211, 8433398.599865356460214 ], [ 3380697.962232382968068, 8433382.384558632969856 ], [ 3380673.661187551915646, 8433359.705555137246847 ], [ 3380638.016686615999788, 8433351.609123097732663 ], [ 3380610.465112660080194, 8433377.531156543642282 ], [ 3380618.569171587005258, 8433401.820565024390817 ], [ 3380654.213672524318099, 8433408.306700568646193 ], [ 3380675.286452120635659, 8433408.306700570508838 ], [ 3380701.212761518079787, 8433426.132419776171446 ], [ 3380736.857262456789613, 8433468.270176278427243 ], [ 3380761.158307286910713, 8433476.366736760362983 ], [ 3380772.501763396430761, 8433507.142694419249892 ], [ 3380772.501763397827744, 8433533.065276134759188 ], [ 3380767.637101652566344, 8433542.794655239209533 ], [ 3380749.814851185772568, 8433550.891297774389386 ], [ 3380723.888541791122407, 8433534.698021618649364 ], [ 3380696.348099779337645, 8433505.532321352511644 ], [ 3380652.599539916496724, 8433497.435728756710887 ], [ 3380639.630819248501211, 8433523.358276253566146 ], [ 3380654.213672540150583, 8433578.446788905188441 ], [ 3380660.703598853200674, 8433610.855936182662845 ], [ 3380646.120745566207916, 8433627.049380052834749 ], [ 3380610.465112685691565, 8433643.265226293355227 ], [ 3380597.507523963227868, 8433661.091515075415373 ], [ 3380584.549935244955122, 8433698.354637229815125 ], [ 3380632.90712202526629, 8433733.828589217737317 ], [ 3380610.509640491101891, 8433750.357809405773878 ], [ 3380626.873605632223189, 8433776.012843145057559 ], [ 3380682.900705326814204, 8433803.904685825109482 ], [ 3380689.279312146361917, 8433829.850680971518159 ], [ 3380714.571100443601608, 8433850.428604282438755 ], [ 3380767.637101680971682, 8433845.798566514626145 ], [ 3380772.501763429492712, 8433887.916360415518284 ], [ 3380798.428072825539857, 8433918.716408075764775 ], [ 3380819.489720475394279, 8433938.153832074254751 ], [ 3380845.416029870975763, 8433955.980835726484656 ], [ 3380884.299927986692637, 8433954.347996709868312 ], [ 3380911.851501943543553, 8433928.423929858952761 ], [ 3380936.152546770405024, 8433908.98653157800436 ], [ 3380957.214194419328123, 8433905.743242276832461 ], [ 3380976.661709453910589, 8433925.202999552711844 ], [ 3381028.514328245073557, 8433965.710774393752217 ], [ 3381023.649666500743479, 8433990.002125756815076 ], [ 3381000.96275429148227, 8434027.26691466383636 ], [ 3380989.619298188947141, 8434058.067545993253589 ], [ 3380983.140503827948123, 8434087.235437816008925 ], [ 3381004.202151478733867, 8434114.770570684224367 ], [ 3380992.869827324058861, 8434132.598002526909113 ], [ 3380952.360664641018957, 8434100.186555711552501 ], [ 3380913.465634574182332, 8434101.797059012576938 ], [ 3380931.287885046098381, 8434129.354614598676562 ], [ 3380945.870738335885108, 8434158.522789187729359 ], [ 3380953.974797261413187, 8434181.204256441444159 ], [ 3380924.809090690687299, 8434215.226588500663638 ], [ 3380895.643384118098766, 8434221.713441541418433 ], [ 3380863.238280362449586, 8434210.372636696323752 ], [ 3380821.114985062740743, 8434173.10691986978054 ], [ 3380808.146264388225973, 8434143.938687440007925 ], [ 3380780.605822378303856, 8434127.721737083047628 ], [ 3380759.544174731709063, 8434152.035991894081235 ], [ 3380772.501763455569744, 8434177.960847083479166 ], [ 3380796.802808288484812, 8434203.885793665423989 ], [ 3380800.042205471079797, 8434241.151666479185224 ], [ 3380770.876498899422586, 8434262.222849816083908 ], [ 3380761.15830735815689, 8434263.833388606086373 ], [ 3380725.513806423172355, 8434283.29409353248775 ], [ 3380707.69155595684424, 8434297.856102973222733 ], [ 3380744.961321460083127, 8434322.17092034034431 ], [ 3380767.637101726140827, 8434341.609410824254155 ], [ 3380767.63710172707215, 8434365.924372872337699 ], [ 3380749.814851260744035, 8434390.217046335339546 ], [ 3380743.336056902538985, 8434403.191066889092326 ], [ 3380748.200718650594354, 8434425.87328883446753 ], [ 3380762.783571938984096, 8434456.653220642358065 ], [ 3380754.679513018578291, 8434510.138132443651557 ], [ 3380723.88854187913239, 8434505.261616636067629 ], [ 3380712.545085773803294, 8434524.700591122731566 ], [ 3380688.244040947407484, 8434542.529016822576523 ], [ 3380662.317731553222984, 8434539.28544807434082 ], [ 3380616.955039078369737, 8434565.211668578907847 ], [ 3380621.808568876236677, 8434589.527370009571314 ], [ 3380641.256083913147449, 8434628.405815910547972 ], [ 3380616.955039082560688, 8434612.210166750475764 ], [ 3380599.132788612972945, 8434596.014553252607584 ], [ 3380574.820611834060401, 8434587.894390307366848 ], [ 3380548.894302441738546, 8434597.625165160745382 ], [ 3380544.040772647596896, 8434615.453767662867904 ], [ 3380558.623625937383622, 8434634.89303344860673 ], [ 3380603.986318413168192, 8434638.136644368991256 ], [ 3380634.777289554476738, 8434647.845115939155221 ], [ 3380659.078334384132177, 8434675.404717983677983 ], [ 3380625.047966068610549, 8434707.796330351382494 ], [ 3380573.206479230895638, 8434701.331418421119452 ], [ 3380526.218522187322378, 8434691.600506333634257 ], [ 3380492.188153868541121, 8434696.45477581769228 ], [ 3380474.365903399419039, 8434709.429336693137884 ], [ 3380485.709359511267394, 8434735.356157097965479 ], [ 3380550.519567019771785, 8434746.697771629318595 ], [ 3380582.924670775886625, 8434764.526735585182905 ], [ 3380560.237758566625416, 8434805.016764080151916 ], [ 3380521.353860451839864, 8434816.358486069366336 ], [ 3380477.605300594121218, 8434852.016795 ], [ 3380484.084094957914203, 8434887.65290635637939 ], [ 3380511.635668918956071, 8434898.994755802676082 ], [ 3380542.415508106350899, 8434876.311074396595359 ], [ 3380584.549935352057219, 8434871.456686183810234 ], [ 3380613.715641926974058, 8434890.896628759801388 ], [ 3380592.642862332053483, 8434928.165983457118273 ], [ 3380561.863023143727332, 8434950.849824830889702 ], [ 3380521.353860466741025, 8434967.068590611219406 ], [ 3380474.365903422702104, 8434962.191771760582924 ], [ 3380431.507899489719421, 8434968.388464158400893 ], [ 3380408.809855328407139, 8434988.208966603502631 ], [ 3380415.722795705311, 8435005.837178453803062 ], [ 3380434.624845233745873, 8435011.071960158646107 ], [ 3380463.423197487834841, 8435003.242159841582179 ], [ 3380478.996794242877513, 8435003.242159841582179 ], [ 3380513.394516883417964, 8435022.413999969139695 ], [ 3380546.155843012034893, 8435056.708676490932703 ], [ 3380578.928301089443266, 8435085.142283653840423 ], [ 3380599.088260864838958, 8435114.672188756987453 ], [ 3380582.167698276694864, 8435155.835284654051065 ], [ 3380575.67777196643874, 8435181.763679102063179 ], [ 3380546.512065391987562, 8435201.204442083835602 ], [ 3380501.149372916202992, 8435181.763679105788469 ], [ 3380455.775548490229994, 8435185.007531270384789 ], [ 3380449.296754129230976, 8435202.837558005005121 ], [ 3380460.640210239682347, 8435227.132996518164873 ], [ 3380476.848328094929457, 8435257.916282529011369 ], [ 3380493.045314001385123, 8435298.431399714201689 ], [ 3380483.327122463379055, 8435345.412212679162621 ], [ 3380441.192695217207074, 8435334.069674637168646 ], [ 3380413.652253206819296, 8435329.214984215795994 ], [ 3380387.725943814497441, 8435350.266913805156946 ], [ 3380374.768355096690357, 8435374.585211435332894 ], [ 3380376.382487710565329, 8435392.415697867050767 ], [ 3380386.991235184017569, 8435435.370121281594038 ], [ 3380423.771194926463068, 8435460.449356384575367 ], [ 3380460.562286620493978, 8435498.907332668080926 ], [ 3380427.121911602094769, 8435515.641872644424438 ], [ 3380371.940840044990182, 8435534.032012645155191 ], [ 3380341.840049750171602, 8435552.422198636457324 ], [ 3380343.509842113126069, 8435585.869187651202083 ], [ 3380375.280424776952714, 8435620.971910314634442 ], [ 3380440.491382459178567, 8435702.901287861168385 ], [ 3380467.252588033210486, 8435716.280339013785124 ], [ 3380482.291851229034364, 8435674.487664664164186 ], [ 3380497.342246373184025, 8435631.01727095618844 ], [ 3380534.133338062558323, 8435609.270984129980206 ], [ 3380572.594222112093121, 8435610.948936069384217 ], [ 3380585.963692954275757, 8435654.419211128726602 ], [ 3380565.903920726850629, 8435689.54463398642838 ], [ 3380567.573713088873774, 8435717.958315370604396 ], [ 3380599.344295750837773, 8435749.728073384612799 ], [ 3380656.195159672293812, 8435759.773609939962626 ], [ 3380701.335213170386851, 8435766.440811041742563 ], [ 3380771.566679884213954, 8435845.038171041756868 ], [ 3380801.667470184154809, 8435878.48649113252759 ], [ 3380803.33726254850626, 8435915.268632173538208 ], [ 3380788.286867403890938, 8435938.671477055177093 ], [ 3380764.876378498971462, 8435906.900902656838298 ], [ 3380739.796097228769213, 8435860.095489617437124 ], [ 3380701.335213179700077, 8435868.44079240038991 ], [ 3380681.275440949946642, 8435905.245256770402193 ], [ 3380657.864952050615102, 8435948.717271756380796 ], [ 3380666.225045809522271, 8435973.798257846385241 ], [ 3380681.275440959725529, 8436008.9028325304389 ], [ 3380691.305327079258859, 8436045.685625977814198 ], [ 3380636.124255515635014, 8436012.258919198065996 ], [ 3380609.374181887600571, 8435995.523248920217156 ], [ 3380562.553204083349556, 8436012.258919203653932 ], [ 3380572.594222152605653, 8436037.340122032910585 ], [ 3380584.705782749224454, 8436092.022363072261214 ], [ 3380606.791569715831429, 8436132.049842316657305 ], [ 3380642.680973531678319, 8436151.381246265023947 ], [ 3380670.288207236677408, 8436172.09991386346519 ], [ 3380674.429292297456414, 8436209.353388540446758 ], [ 3380706.177611058577895, 8436214.879896052181721 ], [ 3380728.263398018665612, 8436214.879896054044366 ], [ 3380673.04893061844632, 8436283.905653627589345 ], [ 3380682.711462419945747, 8436325.321419209241867 ], [ 3380695.134717588778585, 8436351.544812254607677 ], [ 3380697.895440962165594, 8436381.907680260017514 ], [ 3380714.459781187120825, 8436415.045190704986453 ], [ 3380711.69905781885609, 8436452.322271572425961 ], [ 3380700.656164339277893, 8436470.26724823564291 ], [ 3380649.58278198633343, 8436449.547740437090397 ], [ 3380610.932654797565192, 8436420.571852825582027 ], [ 3380569.510672295000404, 8436432.990076396614313 ], [ 3380548.805247019045055, 8436453.687162274494767 ], [ 3380529.480183428153396, 8436468.879979157820344 ], [ 3380499.112226360011846, 8436537.908121287822723 ], [ 3380507.394396474584937, 8436587.604309763759375 ], [ 3380508.774758163373917, 8436622.107669243589044 ], [ 3380478.406801089644432, 8436646.944818118587136 ], [ 3380452.17992907576263, 8436663.52533988468349 ], [ 3380423.192333686631173, 8436677.331281946972013 ], [ 3380401.106546723749489, 8436695.276807779446244 ], [ 3380377.640398079063743, 8436721.501520317047834 ], [ 3380376.260036394931376, 8436744.951683774590492 ], [ 3380402.486908414866775, 8436762.897374650463462 ], [ 3380439.756673915777355, 8436758.757778724655509 ], [ 3380518.437289965339005, 8436706.017293069511652 ], [ 3380552.545581933110952, 8436733.450353788211942 ], [ 3380543.283800307195634, 8436780.843109324574471 ], [ 3380544.664161992724985, 8436801.563550729304552 ], [ 3380562.608863903675228, 8436818.12204479239881 ], [ 3380609.552293149288744, 8436847.121875608339906 ], [ 3380698.507698200643063, 8436814.407568546012044 ], [ 3380722.741951333358884, 8436823.649009890854359 ], [ 3380747.588461669627577, 8436841.594892846420407 ], [ 3380777.956418747082353, 8436876.099444251507521 ], [ 3380804.183290766552091, 8436898.185127312317491 ], [ 3380837.311971215065569, 8436918.883522730320692 ], [ 3380862.158481549005955, 8436936.829638136550784 ], [ 3380884.244268514681607, 8436954.775797337293625 ], [ 3380903.569332107901573, 8436967.217300001531839 ], [ 3380927.035480756312609, 8436954.77579733543098 ], [ 3380920.133672326803207, 8436921.658230977132916 ], [ 3380913.23186389869079, 8436900.937451126053929 ], [ 3380925.655119065195322, 8436898.185127306729555 ], [ 3380944.991314606275409, 8436905.099503731355071 ], [ 3380965.696739885024726, 8436923.023208798840642 ], [ 3380969.837824944872409, 8436946.496391756460071 ], [ 3380973.978910001460463, 8436971.35701329447329 ], [ 3380983.641441800631583, 8436979.636446857824922 ], [ 3381030.573739091865718, 8436953.410813609138131 ], [ 3381034.714824148453772, 8436949.271110428497195 ], [ 3381063.702419539447874, 8436972.72200034558773 ], [ 3381041.616632579360157, 8437000.335071573033929 ], [ 3381016.770122249610722, 8437025.173498151823878 ], [ 3381012.629037192557007, 8437043.119872994720936 ], [ 3381044.377355951815844, 8437032.087993990629911 ], [ 3381051.279164377599955, 8437012.754274373874068 ], [ 3381076.125674709212035, 8437004.474803509190679 ], [ 3381098.211461673956364, 8437022.421127824112773 ], [ 3381103.732908415608108, 8437038.980119293555617 ], [ 3381113.395440214779228, 8437051.421764446422458 ], [ 3381129.95978043647483, 8437061.066291630268097 ], [ 3381157.567014139145613, 8437051.421764444559813 ], [ 3381174.131354362238199, 8437036.227743798866868 ], [ 3381193.456417954526842, 8437056.926527829840779 ], [ 3381197.597503014374524, 8437079.012754080817103 ], [ 3381193.456417959649116, 8437095.594250213354826 ], [ 3381211.401119867805392, 8437105.238835349678993 ], [ 3381243.149438628926873, 8437106.62622450478375 ], [ 3381259.713778847362846, 8437094.206863142549992 ], [ 3381274.897757382132113, 8437059.701288171112537 ], [ 3381295.614314607810229, 8437030.700618885457516 ], [ 3381314.939378197304904, 8437010.00190868973732 ], [ 3381335.644803473725915, 8437018.281385768204927 ], [ 3381346.687696960289031, 8437038.980119282379746 ], [ 3381342.546611906029284, 8437065.20605775155127 ], [ 3381328.742995056323707, 8437085.927300546318293 ], [ 3381319.080463260412216, 8437105.238835342228413 ], [ 3381324.601910003460944, 8437120.432998601347208 ], [ 3381343.926973595749587, 8437116.293201372027397 ], [ 3381370.15384561335668, 8437098.34664792753756 ], [ 3381426.748674707487226, 8437116.293201366439462 ], [ 3381451.595185043755919, 8437145.271830890327692 ], [ 3381479.202418750617653, 8437183.940017899498343 ], [ 3381506.80965245468542, 8437193.584718914702535 ], [ 3381541.318694585002959, 8437192.219690857455134 ], [ 3381571.686651658732444, 8437175.637976806610823 ], [ 3381568.925928284879774, 8437142.519415602087975 ], [ 3381541.318694579415023, 8437116.293201364576817 ], [ 3381499.907844021916389, 8437101.099046664312482 ], [ 3381494.386397280730307, 8437095.59425020031631 ], [ 3381513.711460871621966, 8437080.400138270109892 ], [ 3381544.079417946282774, 8437080.400138270109892 ], [ 3381591.011715244501829, 8437077.647747272625566 ], [ 3381619.999310627579689, 8437048.647007204592228 ], [ 3381653.139123022090644, 8437045.894628090783954 ], [ 3381669.703463246580213, 8437066.593439335003495 ], [ 3381695.930335267446935, 8437109.378626318648458 ], [ 3381701.451782009098679, 8437114.905810376629233 ], [ 3381720.776845606043935, 8437132.852404236793518 ], [ 3381755.285887732170522, 8437112.153406459838152 ], [ 3381753.905526043847203, 8437079.012754054740071 ], [ 3381781.512759745121002, 8437040.367495911195874 ], [ 3381817.402163558639586, 8437044.50725038908422 ], [ 3381865.714822544250637, 8437059.701288137584925 ], [ 3381886.420247823465616, 8437076.260363571345806 ], [ 3381887.800609508994967, 8437090.067080648615956 ], [ 3381876.757716028485447, 8437101.099046643823385 ], [ 3381854.671929067466408, 8437113.540796913206577 ], [ 3381832.586142106447369, 8437142.519415590912104 ], [ 3381832.586142107844353, 8437167.358322504907846 ], [ 3381846.38975896127522, 8437181.165210649371147 ], [ 3381882.27916277712211, 8437199.11196625418961 ], [ 3381897.463141315151006, 8437223.973441958427429 ], [ 3381891.941694578621536, 8437240.532887367531657 ], [ 3381879.51843941397965, 8437270.899426722899079 ], [ 3381887.80060952808708, 8437291.598871419206262 ], [ 3381869.811379825696349, 8437314.580917751416564 ], [ 3381861.573737514205277, 8437345.440078340470791 ], [ 3381863.555224447976798, 8437359.090654799714684 ], [ 3381877.036014778073877, 8437364.953697053715587 ], [ 3381935.055733351036906, 8437358.575960468500853 ], [ 3381957.542270480655134, 8437352.086339443922043 ], [ 3381990.381520247552544, 8437334.161588376387954 ], [ 3382005.309463954530656, 8437306.681530522182584 ], [ 3382045.918814176693559, 8437297.730393780395389 ], [ 3382062.639001687522978, 8437318.631315041333437 ], [ 3382095.489383406937122, 8437331.767149277031422 ], [ 3382111.608445668593049, 8437353.876579150557518 ], [ 3382115.192933271639049, 8437372.98741521500051 ], [ 3382145.649945936631411, 8437364.618026558309793 ], [ 3382157.594527294393629, 8437377.149735044687986 ], [ 3382155.802283498458564, 8437415.371577844023705 ], [ 3382160.577889651991427, 8437436.877046298235655 ], [ 3382192.226020871661603, 8437446.432565996423364 ], [ 3382210.137326932046562, 8437451.803355347365141 ], [ 3382219.098545940592885, 8437475.099199593067169 ], [ 3382221.491914993152022, 8437501.953290311619639 ], [ 3382225.410361072048545, 8437549.440514141693711 ], [ 3382226.590347675140947, 8437586.454802345484495 ], [ 3382219.432504425756633, 8437621.72372916713357 ], [ 3382208.100180272012949, 8437662.050463220104575 ], [ 3382220.890789762604982, 8437713.365545060485601 ], [ 3382221.491915014572442, 8437739.638647520914674 ], [ 3382223.27302686823532, 8437766.516083737835288 ], [ 3382192.827146152034402, 8437786.814096108078957 ], [ 3382176.730347793083638, 8437803.509085439145565 ], [ 3382183.008767071645707, 8437825.597554516047239 ], [ 3382182.708204451017082, 8437859.659133350476623 ], [ 3382197.335585535038263, 8437873.668737860396504 ], [ 3382232.835371130146086, 8437857.868770470842719 ], [ 3382262.691258545499295, 8437836.966316236183047 ], [ 3382290.164908859878778, 8437836.966316238045692 ], [ 3382328.380890032276511, 8437838.756674010306597 ], [ 3382343.308833740651608, 8437842.941637020558119 ], [ 3382351.668927498627454, 8437864.448356159031391 ], [ 3382342.707708497066051, 8437899.673857228830457 ], [ 3382327.189771491568536, 8437936.689908703789115 ], [ 3382309.267333484254777, 8437963.568065289407969 ], [ 3382288.372665071859956, 8437978.495443651452661 ], [ 3382254.932290053926408, 8437978.495443653315306 ], [ 3382224.475277389399707, 8438000.002559317275882 ], [ 3382205.962846081703901, 8438023.27776057831943 ], [ 3382201.187239932827652, 8438052.550906779244542 ], [ 3382191.034902377985418, 8438079.429486937820911 ], [ 3382191.034902381710708, 8438097.937941892072558 ], [ 3382218.497420747298747, 8438111.075168535113335 ], [ 3382250.145551964640617, 8438119.423026634380221 ], [ 3382275.548659750260413, 8438096.483224866911769 ], [ 3382299.716121189761907, 8438091.358147237449884 ], [ 3382330.763127157930285, 8438088.985841769725084 ], [ 3382348.685565164778382, 8438080.011372348293662 ], [ 3382362.422390323132277, 8438078.220955818891525 ], [ 3382367.787989777512848, 8438086.591156840324402 ], [ 3382367.197996478993446, 8438110.470900351181626 ], [ 3382345.702202819287777, 8438151.091260796412826 ], [ 3382324.195277211256325, 8438175.575487293303013 ], [ 3382305.092852601315826, 8438193.479909291490912 ], [ 3382278.810320838820189, 8438207.221582746133208 ], [ 3382254.331164825707674, 8438206.013030633330345 ], [ 3382230.442002113442868, 8438228.125089660286903 ], [ 3382222.683033611159772, 8438246.633918959647417 ], [ 3382223.874152162577957, 8438260.353310998529196 ], [ 3382239.403221122454852, 8438269.909901011735201 ], [ 3382266.275746187195182, 8438272.304645651951432 ], [ 3382289.56378365168348, 8438289.627401150763035 ], [ 3382332.555370979011059, 8438312.321615463122725 ], [ 3382348.08443993749097, 8438332.621134767308831 ], [ 3382367.787989802192897, 8438349.944032387807965 ], [ 3382399.447252969257534, 8438349.339744573459029 ], [ 3382435.269865087233484, 8438338.596858400851488 ], [ 3382483.638183814939111, 8438342.782105939462781 ], [ 3382515.887440285179764, 8438354.711193533614278 ], [ 3382530.815383994020522, 8438374.428921105340123 ], [ 3382517.078558840788901, 8438403.076792066916823 ], [ 3382496.183890429791063, 8438422.794649358838797 ], [ 3382496.183890430256724, 8438438.909169046208262 ], [ 3382523.646408797241747, 8438448.465991150587797 ], [ 3382539.175477753393352, 8438429.352359358221292 ], [ 3382566.048002818599343, 8438413.237860614433885 ], [ 3382597.106140733230859, 8438401.286296857520938 ], [ 3382628.153146700467914, 8438400.100094020366669 ], [ 3382641.889971857890487, 8438387.566641815006733 ], [ 3382675.330346875358373, 8438383.381368787959218 ], [ 3382718.321934200357646, 8438400.100094016641378 ], [ 3382760.133534925989807, 8438415.632651932537556 ], [ 3382767.859107585158199, 8438431.747155921533704 ], [ 3382773.859228138346225, 8438444.280683441087604 ], [ 3382766.70138488477096, 8438477.740830320864916 ], [ 3382746.986703076865524, 8438517.736536806449294 ], [ 3382752.964559732470661, 8438542.22198436036706 ], [ 3382778.645966249052435, 8438554.755700215697289 ], [ 3382803.125122262630612, 8438561.335909588262439 ], [ 3382816.260822171345353, 8438581.031809596344829 ], [ 3382805.518491318449378, 8438598.355292534455657 ], [ 3382785.803809510078281, 8438621.65477 ], [ 3382772.66810960508883, 8438653.30278561450541 ], [ 3382767.892503454349935, 8438688.53206648118794 ], [ 3382775.06147866230458, 8438724.365834753960371 ], [ 3382801.934003729838878, 8438748.851970478892326 ], [ 3382825.222041191067547, 8438739.294757883995771 ], [ 3382832.981009692884982, 8438711.22751216776669 ], [ 3382831.750073137227446, 8438670.18629315495491 ], [ 3382841.942228693980724, 8438639.560278361663222 ], [ 3382859.853534748312086, 8438609.098558271303773 ], [ 3382886.7260598144494, 8438600.145835729315877 ], [ 3382900.462884972803295, 8438620.446149751543999 ], [ 3382902.25512877618894, 8438646.722493914887309 ], [ 3382911.216347781475633, 8438659.860701218247414 ], [ 3382936.886622343678027, 8438644.93193937279284 ], [ 3382972.119241165462881, 8438639.560278357937932 ], [ 3382987.648310125805438, 8438671.208371048793197 ], [ 3383019.89756659604609, 8438696.29864601790905 ], [ 3383058.113547769840807, 8438730.341876788064837 ], [ 3383052.736816367600113, 8438751.828809710219502 ], [ 3383064.681397727224976, 8438767.362110741436481 ], [ 3383116.63420406030491, 8438801.383288173004985 ], [ 3383148.883460529148579, 8438830.659532682970166 ], [ 3383179.340473199263215, 8438852.751087931916118 ], [ 3383188.290560257155448, 8438876.633320113644004 ], [ 3383203.229635917115957, 8438895.143782110884786 ], [ 3383224.725429577752948, 8438894.56183217279613 ], [ 3383242.035610388033092, 8438909.491100920364261 ], [ 3383256.19544961489737, 8438947.116573890671134 ], [ 3383248.781571531668305, 8438957.837966397404671 ], [ 3383234.532676720060408, 8438972.163024635985494 ], [ 3383217.767961414996535, 8438997.209560703486204 ], [ 3383218.870024379342794, 8439039.42402283847332 ], [ 3383199.878919258713722, 8439057.554380558431149 ], [ 3383204.120191860944033, 8439107.267603144049644 ], [ 3383209.307680133730173, 8439152.146330067887902 ], [ 3383227.196722300723195, 8439209.604930493980646 ], [ 3383235.890774531289935, 8439240.852569805458188 ], [ 3383236.580955375451595, 8439264.266002640128136 ], [ 3383218.747572960332036, 8439283.31465357542038 ], [ 3383188.657914618495852, 8439345.989764116704464 ], [ 3383147.903849062975496, 8439386.30357294715941 ], [ 3383138.708859128877521, 8439407.568580599501729 ], [ 3383096.763675022404641, 8439459.477841829881072 ], [ 3383103.197941591497511, 8439500.262348173186183 ], [ 3383096.362924861721694, 8439529.944299107417464 ], [ 3383077.271632202435285, 8439556.402971770614386 ], [ 3383058.714673095848411, 8439562.782615218311548 ], [ 3383037.207747484091669, 8439562.782615218311548 ], [ 3383016.914204322267324, 8439563.969005661085248 ], [ 3383004.969622966367751, 8439569.341342149302363 ], [ 3383009.144103871192783, 8439584.271981241181493 ], [ 3382994.216160163283348, 8439604.575012888759375 ], [ 3382983.473829311318696, 8439629.064080458134413 ], [ 3382969.13587890425697, 8439651.76242982596159 ], [ 3382944.656722890213132, 8439658.925631551072001 ], [ 3382930.318772481754422, 8439643.994840843603015 ], [ 3382933.30213483190164, 8439624.878100607544184 ], [ 3382932.712141529191285, 8439600.389046978205442 ], [ 3382917.784197818953544, 8439577.108852256089449 ], [ 3382901.654003610368818, 8439571.132121857255697 ], [ 3382870.005872393958271, 8439581.294804913923144 ], [ 3382841.942228777799755, 8439587.853548359125853 ], [ 3382833.58213502401486, 8439605.179403884336352 ], [ 3382843.734472582116723, 8439633.832071110606194 ], [ 3382863.438022447284311, 8439679.228869371116161 ], [ 3382877.17484760703519, 8439705.508998058736324 ], [ 3382881.349328513257205, 8439735.34847442060709 ], [ 3382901.654003627598286, 8439769.396516991779208 ], [ 3382931.509891048073769, 8439796.863396029919386 ], [ 3382957.191297562327236, 8439805.235553974285722 ], [ 3382984.063822628930211, 8439830.30731394700706 ], [ 3383019.89756670081988, 8439851.797461971640587 ], [ 3383050.944572670385242, 8439859.565270515158772 ], [ 3383084.384947692044079, 8439888.823343535885215 ], [ 3383099.312891403678805, 8439927.640278136357665 ], [ 3383099.914016656577587, 8439974.829768776893616 ], [ 3383073.041491595096886, 8440005.274762202054262 ], [ 3383045.578973230905831, 8440016.020084097981453 ], [ 3383033.634391871746629, 8439990.947690764442086 ], [ 3383026.465416664723307, 8439954.525714565068483 ], [ 3382993.025041643064469, 8439929.431145118549466 ], [ 3382951.814566169865429, 8439941.385193390771747 ], [ 3382909.424104099161923, 8439958.10746206715703 ], [ 3382883.141572335734963, 8439968.852715028449893 ], [ 3382855.679053970146924, 8439980.202405519783497 ], [ 3382841.341103565413505, 8439993.925033010542393 ], [ 3382839.548859765287489, 8440007.065648101270199 ], [ 3382855.679053975269198, 8440022.601601528003812 ], [ 3382881.95045379223302, 8440041.696989841759205 ], [ 3382887.327185194473714, 8440055.442118337377906 ], [ 3382880.158209993503988, 8440065.001042069867253 ], [ 3382858.662416330073029, 8440059.628343360498548 ], [ 3382825.222041309811175, 8440051.25589569658041 ], [ 3382788.798303941264749, 8440063.210142070427537 ], [ 3382768.493628829251975, 8440082.910066138952971 ], [ 3382763.706890731584281, 8440116.355285380035639 ], [ 3382772.066984489560127, 8440140.241622786968946 ], [ 3382791.781666301190853, 8440163.523600852116942 ], [ 3382810.294097613077611, 8440176.060081120580435 ], [ 3382816.861947567667812, 8440190.387513320893049 ], [ 3382795.366153907496482, 8440208.319229532033205 ], [ 3382769.684747394174337, 8440211.296659793704748 ], [ 3382754.756803687196225, 8440225.042105408385396 ], [ 3382731.468766225036234, 8440233.996806928887963 ], [ 3382724.900916272774339, 8440241.76501932553947 ], [ 3382717.130815820768476, 8440285.934290822595358 ], [ 3382708.7707220739685, 8440362.386039242148399 ], [ 3382703.39399067312479, 8440383.877742724493146 ], [ 3382703.995115924626589, 8440419.71977548673749 ], [ 3382703.99511592881754, 8440458.517125960439444 ], [ 3382717.130815840791911, 8440481.822499554604292 ], [ 3382722.507547244429588, 8440502.71008737757802 ], [ 3382705.787359737791121, 8440526.597680162638426 ], [ 3382690.258290779776871, 8440527.202146975323558 ], [ 3382669.363622367847711, 8440519.43363294377923 ], [ 3382650.250065806787461, 8440524.202201092615724 ], [ 3382625.169784542173147, 8440528.388693073764443 ], [ 3382586.764560237992555, 8440538.060170253738761 ], [ 3382597.985564907547086, 8440568.507496317848563 ], [ 3382628.431445626076311, 8440589.350554740056396 ], [ 3382634.843448295257986, 8440613.395144522190094 ], [ 3382622.019442965276539, 8440634.215942231938243 ], [ 3382597.985564915463328, 8440643.84278261475265 ], [ 3382561.127681529149413, 8440637.417424963787198 ], [ 3382533.887802144978195, 8440631.01446090079844 ], [ 3382513.048793479800224, 8440653.447247557342052 ], [ 3382511.445792814251035, 8440666.275608420372009 ], [ 3382530.681800816208124, 8440682.305493945255876 ], [ 3382545.097674867138267, 8440696.723465530201793 ], [ 3382545.09767486853525, 8440720.768406510353088 ], [ 3382530.681800821330398, 8440743.201467057690024 ], [ 3382508.239791489206254, 8440754.418023008853197 ], [ 3382489.014915438834578, 8440770.448100734502077 ], [ 3382463.366904776543379, 8440805.687528559938073 ], [ 3382458.569034727290273, 8440832.934393828734756 ], [ 3382482.602912777569145, 8440840.949513923376799 ], [ 3382505.033790163230151, 8440844.151086682453752 ], [ 3382509.842792165465653, 8440863.382941219955683 ], [ 3382535.49080283427611, 8440868.196509890258312 ], [ 3382543.494674216490239, 8440879.413256550207734 ], [ 3382551.50967755401507, 8440903.458795098587871 ], [ 3382572.348686220590025, 8440916.265203397721052 ], [ 3382589.970561607740819, 8440933.907634600996971 ], [ 3382606.000568274408579, 8440973.961483933031559 ], [ 3382597.985564945265651, 8440985.178391978144646 ], [ 3382564.333682894706726, 8440980.36474671214819 ], [ 3382538.696804175153375, 8440972.349474607035518 ], [ 3382505.033790172543377, 8440967.55822673253715 ], [ 3382477.793910790700465, 8440977.163114629685879 ], [ 3382444.142028741072863, 8440983.566380191594362 ], [ 3382423.30302007496357, 8440998.007331755012274 ], [ 3382405.681144693400711, 8441022.030869049951434 ], [ 3382413.696148029528558, 8441055.681864578276873 ], [ 3382394.460140033159405, 8441094.146730775013566 ], [ 3382378.44126531528309, 8441094.146730775013566 ], [ 3382357.602256648242474, 8441095.758766820654273 ], [ 3382338.377380598336458, 8441116.580930756404996 ], [ 3382301.519497217610478, 8441145.440995300188661 ], [ 3382256.646610502153635, 8441163.061586931347847 ], [ 3382189.342846401035786, 8441185.495997235178947 ], [ 3382162.091835067607462, 8441190.309776827692986 ], [ 3382131.645954350475222, 8441188.697720058262348 ], [ 3382102.803074301686138, 8441217.558067725971341 ], [ 3382064.342190253082663, 8441256.00139107182622 ], [ 3382027.484306870494038, 8441262.427289431914687 ], [ 3381963.375412152148783, 8441262.427289428189397 ], [ 3381912.101654716301709, 8441254.41170977987349 ], [ 3381883.247642713598907, 8441233.566765608265996 ], [ 3381881.644642044324428, 8441204.728744810447097 ], [ 3381852.801761993672699, 8441182.294275822117925 ], [ 3381812.737877273466438, 8441188.697720073163509 ], [ 3381788.703999225515872, 8441203.116684887558222 ], [ 3381787.10099856229499, 8441239.992644360288978 ], [ 3381787.100998565088958, 8441273.644637651741505 ], [ 3381787.10099856974557, 8441328.1195481531322 ], [ 3381772.673992572817951, 8441368.175545470789075 ], [ 3381743.831112523563206, 8441390.610581761226058 ], [ 3381742.228111858014017, 8441395.424495670944452 ], [ 3381725.040382491890341, 8441448.377756785601377 ], [ 3381673.432666588108987, 8441487.605957705527544 ], [ 3381656.923986114095896, 8441493.808152476325631 ], [ 3381632.155399413779378, 8441417.43419804610312 ], [ 3381599.126906510442495, 8441396.790304394438863 ], [ 3381568.168956136796623, 8441421.55402759462595 ], [ 3381566.098413613624871, 8441458.6997688151896 ], [ 3381601.186317098792642, 8441508.250106412917376 ], [ 3381621.836082637310028, 8441561.920686218887568 ], [ 3381590.867000313010067, 8441578.4227329865098 ], [ 3381531.010510143823922, 8441592.887244075536728 ], [ 3381514.501829670742154, 8441638.296141812577844 ], [ 3381537.199873834382743, 8441658.91832260787487 ], [ 3381584.677636634092778, 8441658.918322606012225 ], [ 3381619.765540118794888, 8441679.562952419742942 ], [ 3381634.21481002215296, 8441724.97238558344543 ], [ 3381609.446223334409297, 8441757.999639654532075 ], [ 3381566.098413639236242, 8441749.759605767205358 ], [ 3381518.620650834869593, 8441729.114778814837337 ], [ 3381495.92260667681694, 8441751.819613376632333 ], [ 3381477.343383675906807, 8441799.289513805881143 ], [ 3381450.5042544612661, 8441838.519587403163314 ], [ 3381411.286397873889655, 8441844.699686577543616 ], [ 3381353.48931828327477, 8441863.284798735752702 ], [ 3381322.531367910094559, 8441885.990047728642821 ], [ 3381312.212051121518016, 8441919.018025245517492 ], [ 3381336.980637813918293, 8441958.226345790550113 ], [ 3381367.938588189892471, 8441958.226345792412758 ], [ 3381403.037623619195074, 8441952.046151159331203 ], [ 3381429.865620891097933, 8441970.609142674133182 ], [ 3381464.953524372074753, 8441987.134499032050371 ], [ 3381473.213430587202311, 8442007.780050653964281 ], [ 3381489.72211106820032, 8442026.343182902783155 ], [ 3381526.880557077936828, 8442042.868664566427469 ], [ 3381541.329826978500932, 8442077.957445971667767 ], [ 3381522.750603976193815, 8442096.520755439996719 ], [ 3381491.792653602082282, 8442121.309228515252471 ], [ 3381440.184937695972621, 8442119.226724853739142 ], [ 3381409.449626299552619, 8442096.475970568135381 ], [ 3381411.286397892516106, 8442042.86866457015276 ], [ 3381388.644013473764062, 8442034.202858570963144 ], [ 3381368.918199717532843, 8442068.418296737596393 ], [ 3381371.31156877335161, 8442109.754699509590864 ], [ 3381356.584000149276108, 8442123.570872956886888 ], [ 3381312.379030373413116, 8442095.490703271701932 ], [ 3381300.323129527270794, 8442104.067011669278145 ], [ 3381296.671850234735757, 8442133.020523563027382 ], [ 3381283.59181007463485, 8442163.586419735103846 ], [ 3381257.843611868564039, 8442191.532493168488145 ], [ 3381256.763812808785588, 8442211.977083740755916 ], [ 3381269.098012384958565, 8442223.173488214612007 ], [ 3381287.332144966814667, 8442221.382062347605824 ], [ 3381336.223665299359709, 8442193.391089959070086 ], [ 3381358.454167601186782, 8442203.602184331044555 ], [ 3381368.228018891531974, 8442233.384623957797885 ], [ 3381362.450537324417382, 8442263.167184242978692 ], [ 3381374.005500464234501, 8442286.276742735877633 ], [ 3381405.130430076736957, 8442299.622993716970086 ], [ 3381442.912265236023813, 8442322.284804251044989 ], [ 3381449.580302734859288, 8442348.529597032815218 ], [ 3381433.138413953129202, 8442364.070499731227756 ], [ 3381394.900168883148581, 8442354.307046938687563 ], [ 3381365.567483070772141, 8442332.966334037482738 ], [ 3381345.118092624936253, 8442347.186004685238004 ], [ 3381356.673055763822049, 8442370.295827323570848 ], [ 3381364.231649189256132, 8442416.090215686708689 ], [ 3381390.903799178078771, 8442487.659914281219244 ], [ 3381430.021468225866556, 8442501.879884185269475 ], [ 3381458.474730056710541, 8442467.214556939899921 ], [ 3381449.569170795381069, 8442444.776234600692987 ], [ 3381452.674984583165497, 8442423.457652481272817 ], [ 3381483.788782247342169, 8442417.657754804939032 ], [ 3381543.35584174329415, 8442435.012674611061811 ], [ 3381539.359472028911114, 8442467.013014815747738 ], [ 3381509.125098345335573, 8442495.452902244403958 ], [ 3381510.460932235699147, 8442520.802563950419426 ], [ 3381541.585861849132925, 8442528.349255740642548 ], [ 3381615.81369827222079, 8442496.796521693468094 ], [ 3381660.107723633758724, 8442435.012674601748586 ], [ 3381693.080556788481772, 8442416.269362984225154 ], [ 3381715.5559619711712, 8442434.631985601037741 ], [ 3381704.691179677844048, 8442461.996857093647122 ], [ 3381672.464187110308558, 8442488.958745025098324 ], [ 3381644.745633919257671, 8442538.807147091254592 ], [ 3381658.983396787662059, 8442568.770095895975828 ], [ 3381675.091327098198235, 8442554.908297972753644 ], [ 3381692.702070530038327, 8442527.565474331378937 ], [ 3381718.183101964183152, 8442547.048065517097712 ], [ 3381775.134153428953141, 8442580.011831661686301 ], [ 3381786.37742199189961, 8442561.223362594842911 ], [ 3381774.388312829658389, 8442458.928940899670124 ], [ 3381805.858332862146199, 8442447.306700645014644 ], [ 3381843.706959716510028, 8442473.910237235948443 ], [ 3381841.825660325586796, 8442504.253614097833633 ], [ 3381812.982780277263373, 8442551.840342987328768 ], [ 3381843.706959723960608, 8442575.824171099811792 ], [ 3381876.679792883340269, 8442572.084390696138144 ], [ 3381900.279524920508265, 8442585.565524192526937 ], [ 3381946.744280355516821, 8442582.564738184213638 ], [ 3381967.349518094211817, 8442590.447402549907565 ], [ 3381962.473724402487278, 8442628.651571784168482 ], [ 3382025.05754209915176, 8442661.257397290319204 ], [ 3382087.630227848421782, 8442690.54901771619916 ], [ 3382122.09474218590185, 8442735.516808932647109 ], [ 3382151.327240456361324, 8442766.24197188206017 ], [ 3382194.786369645502418, 8442802.946616966277361 ], [ 3382245.748432516120374, 8442887.643452875316143 ], [ 3382282.461600563488901, 8442899.62470754981041 ], [ 3382315.222926687449217, 8442906.746284998953342 ], [ 3382324.963382132351398, 8442950.214930946007371 ], [ 3382359.806382735259831, 8442965.936266513541341 ], [ 3382377.038639904931188, 8443006.404303444549441 ], [ 3382355.309075315482914, 8443035.630113393068314 ], [ 3382357.936215299647301, 8443067.498696058988571 ], [ 3382411.135799930430949, 8443115.82812443561852 ], [ 3382445.611446212977171, 8443117.328626127913594 ], [ 3382461.352022198960185, 8443075.180321682244539 ], [ 3382476.446945136878639, 8443003.896040106192231 ], [ 3382510.365993962623179, 8442968.130985533818603 ], [ 3382556.463395079597831, 8442968.668467845767736 ], [ 3382564.678773498162627, 8442995.161915544420481 ], [ 3382529.969356288667768, 8443029.605779830366373 ], [ 3382506.647922980133444, 8443047.34286523796618 ], [ 3382510.098827197216451, 8443087.0946956705302 ], [ 3382545.331446018069983, 8443113.588570220395923 ], [ 3382573.150186759419739, 8443147.495494022965431 ], [ 3382632.505739220418036, 8443119.411412576213479 ], [ 3382666.413656098302454, 8443135.312274854630232 ], [ 3382663.241050617303699, 8443181.424969976767898 ], [ 3382604.419831710867584, 8443212.689497042447329 ], [ 3382566.79384384630248, 8443254.547442400828004 ], [ 3382539.242269891314209, 8443284.737269515171647 ], [ 3382549.839885411784053, 8443312.821982627734542 ], [ 3382616.07498240377754, 8443321.310126755386591 ], [ 3382666.947989671491086, 8443303.281230723485351 ], [ 3382711.453522068914026, 8443304.871355175971985 ], [ 3382752.263247369788587, 8443278.37679117359221 ], [ 3382786.705497808288783, 8443297.995749078691006 ], [ 3382828.338987348601222, 8443311.030291169881821 ], [ 3382845.949730786029249, 8443343.258407697081566 ], [ 3382818.965886233840138, 8443371.74647825025022 ], [ 3382797.893106642179191, 8443434.411663511767983 ], [ 3382797.759523253887892, 8443458.801510144025087 ], [ 3382797.514620378613472, 8443503.729208067059517 ], [ 3382802.768900346010923, 8443556.540881076827645 ], [ 3382782.531016936060041, 8443614.257888967171311 ], [ 3382781.629329062532634, 8443644.964328147470951 ], [ 3382798.048953951336443, 8443678.873703256249428 ], [ 3382773.681117434520274, 8443748.283143151551485 ], [ 3382738.170199890621006, 8443759.952235648408532 ], [ 3382715.383100134320557, 8443761.542458899319172 ], [ 3382718.032504014670849, 8443773.189174894243479 ], [ 3382746.652745086699724, 8443797.580145681276917 ], [ 3382730.221988254692405, 8443815.58785649202764 ], [ 3382711.676161096896976, 8443815.05031224898994 ], [ 3382630.602175994310528, 8443854.806294782087207 ], [ 3382598.809329437091947, 8443853.21605135127902 ], [ 3382601.993066871538758, 8443835.18585061840713 ], [ 3382596.694259110372514, 8443818.230782950296998 ], [ 3382569.665886759757996, 8443826.181965690106153 ], [ 3382530.98236372647807, 8443811.869842952117324 ], [ 3382497.597648449707776, 8443786.448535583913326 ], [ 3382463.155398014932871, 8443796.505059882998466 ], [ 3382428.189945975318551, 8443815.050312263891101 ], [ 3382380.500676140189171, 8443800.738211197778583 ], [ 3382356.121707669924945, 8443806.583995597437024 ], [ 3382333.868941473774612, 8443853.731200609356165 ], [ 3382320.62192207807675, 8443872.276597376912832 ], [ 3382303.133630082011223, 8443866.990706581622362 ], [ 3382288.829075518995523, 8443846.855081092566252 ], [ 3382271.863985128235072, 8443839.44142197817564 ], [ 3382263.392571886070073, 8443858.501932270824909 ], [ 3382249.088017328176647, 8443889.769339395686984 ], [ 3382235.306664376053959, 8443891.359590735286474 ], [ 3382222.593978529330343, 8443870.686350176110864 ], [ 3382162.715224462561309, 8443893.487392364069819 ], [ 3382160.065820584539324, 8443915.213402094319463 ], [ 3382136.744387276005, 8443921.574431531131268 ], [ 3382122.439832713454962, 8443906.187021180987358 ], [ 3382081.106905802618712, 8443916.803658936172724 ], [ 3382060.969209930393845, 8443949.124023979529738 ], [ 3382030.443162583280355, 8443948.934500152245164 ], [ 3381996.325981656555086, 8443949.639179952442646 ], [ 3381969.297609306871891, 8443965.004283133894205 ], [ 3381983.602163869421929, 8443984.087517226114869 ], [ 3381986.78590130712837, 8444037.619389038532972 ], [ 3381967.182538989000022, 8444047.67625699006021 ], [ 3381934.855358873959631, 8444007.941629517823458 ], [ 3381907.303784915711731, 8444002.118083229288459 ], [ 3381897.229371004272252, 8444014.817899741232395 ], [ 3381921.608339479658753, 8444046.623532980680466 ], [ 3381938.039096315857023, 8444085.305639995262027 ], [ 3381906.769451369065791, 8444114.446145746856928 ], [ 3381882.880288660526276, 8444135.6576395817101 ], [ 3381860.549598814919591, 8444114.602935871109366 ], [ 3381842.860931737348437, 8444121.34491422213614 ], [ 3381836.960998729337007, 8444151.247118631377816 ], [ 3381766.61821254203096, 8444261.606344740837812 ], [ 3381758.61434116307646, 8444337.853061681613326 ], [ 3381737.129679451230913, 8444352.188607962802052 ], [ 3381713.11806529853493, 8444358.079629616811872 ], [ 3381681.937475947197527, 8444401.041671765968204 ], [ 3381693.737341966480017, 8444425.053934022784233 ], [ 3381721.533818807918578, 8444463.805231666192412 ], [ 3381718.594984256662428, 8444501.302346536889672 ], [ 3381680.256551645696163, 8444509.321467611938715 ], [ 3381638.133256350178272, 8444509.724663879722357 ], [ 3381609.490751384291798, 8444537.54525944404304 ], [ 3381579.156190157402307, 8444538.799652708694339 ], [ 3381567.356324141379446, 8444554.815585512667894 ], [ 3381577.052251786459237, 8444589.35635937936604 ], [ 3381586.737047484144568, 8444597.778777623549104 ], [ 3381583.787080977577716, 8444608.732415791600943 ], [ 3381547.986732756718993, 8444606.201205519959331 ], [ 3381542.921695925295353, 8444590.18516075052321 ], [ 3381532.813886165153235, 8444567.87475654669106 ], [ 3381506.698333636857569, 8444564.917961075901985 ], [ 3381497.848434125073254, 8444590.610761491581798 ], [ 3381502.490456892643124, 8444646.20786982960999 ], [ 3381497.43655201792717, 8444700.976584766060114 ], [ 3381513.021280722692609, 8444714.036015495657921 ], [ 3381533.659914306364954, 8444698.445342730730772 ], [ 3381561.467523092869669, 8444711.101561630144715 ], [ 3381538.713819188065827, 8444724.161010352894664 ], [ 3381526.079056995455176, 8444790.713038291782141 ], [ 3381541.663785696495324, 8444787.756153168156743 ], [ 3381590.944924245588481, 8444749.003147533163428 ], [ 3381615.802566532976925, 8444789.032989773899317 ], [ 3381584.633109127636999, 8444821.469194199889898 ], [ 3381545.459780337288976, 8444828.615034729242325 ], [ 3380880.38148298766464, 8445764.780216323211789 ], [ 3381096.451376665383577, 8446801.667960569262505 ], [ 3381271.401619391515851, 8446874.134723845869303 ], [ 3382047.858754699118435, 8446976.357244979590178 ] ] ] ] } }
]
}
