{
"type": "FeatureCollection",
"name": "08_Fedorovsky",
"crs": { "type": "name", "properties": { "name": "urn:ogc:def:crs:EPSG::3857" } },
"features": [
{ "type": "Feature", "properties": { "fid": 13, "name": "Федоровский", "id": 8, "type": "08_Федоровский" }, "geometry": { "type": "MultiPolygon", "coordinates": [ [ [ [ 3403116.248707956168801, 8316814.060334868729115 ], [ 3403053.837506021838635, 8316764.945853481069207 ], [ 3402934.655641170218587, 8316673.684110810980201 ], [ 3402838.638630761299282, 8316595.949766304343939 ], [ 3402627.486404165159911, 8316445.518967765383422 ], [ 3402480.546505690552294, 8316307.554186773486435 ], [ 3401778.54847598541528, 8315816.275132899172604 ], [ 3401525.007203860674053, 8315688.339462585747242 ], [ 3401515.513364252634346, 8315707.154232271946967 ], [ 3401039.89881811151281, 8315469.170310657471418 ], [ 3400959.425958251114935, 8315442.878976824693382 ], [ 3400696.453413183335215, 8315370.019144243560731 ], [ 3400606.796695340424776, 8315349.519014989957213 ], [ 3400016.900886857416481, 8315275.078860522247851 ], [ 3399845.982846693601459, 8315270.587823238223791 ], [ 3399661.905238516628742, 8315265.746669978834689 ], [ 3399614.786254765000194, 8315258.323130313307047 ], [ 3399316.754069782327861, 8315226.525573574006557 ], [ 3399074.979267837945372, 8315212.895647704601288 ], [ 3399028.807402790989727, 8315210.649446610361338 ], [ 3398955.102767972741276, 8315207.632810531184077 ], [ 3397794.851275830063969, 8315390.260433544404805 ], [ 3397724.71999666467309, 8315416.111063059419394 ], [ 3397116.77843750314787, 8315722.528497573919594 ], [ 3397103.39822500012815, 8315731.305772728286684 ], [ 3397018.862203736323863, 8315786.772697558626533 ], [ 3396529.610818570479751, 8316197.848968209698796 ], [ 3396526.111389292404056, 8316194.255639326758683 ], [ 3396500.734393939841539, 8316218.96949197165668 ], [ 3396360.198166908230633, 8316316.548160375095904 ], [ 3395875.837225222960114, 8316871.265851514413953 ], [ 3395821.646897136233747, 8316951.37603067047894 ], [ 3395701.133201360236853, 8317205.462074629031122 ], [ 3395690.126921745482832, 8317216.068504255264997 ], [ 3395694.131537820678204, 8317220.224089671857655 ], [ 3395688.693688815459609, 8317231.689023450016975 ], [ 3395411.538853251840919, 8317466.424464665353298 ], [ 3395383.156415410805494, 8317430.909002016298473 ], [ 3395325.726690132636577, 8317375.828732220456004 ], [ 3394823.826035894453526, 8316987.464145609177649 ], [ 3394761.720892006997019, 8316949.165871251374483 ], [ 3394152.820941460784525, 8316662.379109616391361 ], [ 3394060.848778206389397, 8316631.106370299123228 ], [ 3393552.591912789735943, 8316506.495354405604303 ], [ 3393476.950318831019104, 8316494.823168711736798 ], [ 3393185.574259734712541, 8316464.335419394075871 ], [ 3393135.146530429832637, 8316461.538502161391079 ], [ 3392905.73826260631904, 8316486.579789218492806 ], [ 3392667.318859821651131, 8316240.58904742822051 ], [ 3392620.595125332009047, 8316138.29469514451921 ], [ 3392597.184636427089572, 8316105.223367117345333 ], [ 3391822.122012859210372, 8315348.699100537225604 ], [ 3391794.114028987009078, 8315329.873610384762287 ], [ 3391675.391902623698115, 8315272.528038065880537 ], [ 3391202.73322884272784, 8314878.882220963947475 ], [ 3391181.148379588499665, 8314866.486616113223135 ], [ 3390705.652507963124663, 8314646.202616188675165 ], [ 3390689.121563587803394, 8314640.236000311560929 ], [ 3389752.247879656031728, 8314463.165949271060526 ], [ 3389735.260525370016694, 8314462.703591782599688 ], [ 3389353.362085967790335, 8314494.066128633916378 ], [ 3388936.472829018719494, 8314441.843757488764822 ], [ 3388911.225568520370871, 8314441.843757488764822 ], [ 3387775.349701118189842, 8314665.193614987656474 ], [ 3387738.213519006036222, 8314680.385335551574826 ], [ 3387716.800716118421406, 8314692.303960837423801 ], [ 3387561.898669046349823, 8314635.966374424286187 ], [ 3387234.191804736386985, 8314478.48660177923739 ], [ 3387008.481903069652617, 8314074.346788931638002 ], [ 3386990.258902432862669, 8314049.62708823569119 ], [ 3386874.865906310267746, 8313932.544606601819396 ], [ 3386826.412392737343907, 8313847.600644305348396 ], [ 3386797.068574976641685, 8313808.508103804662824 ], [ 3386234.331888478714973, 8313237.314606734551489 ], [ 3385960.271593954414129, 8313078.655127458274364 ], [ 3385872.680878130253404, 8312940.778105047531426 ], [ 3385775.244316191412508, 8312843.344163633882999 ], [ 3385770.526200205087662, 8312837.920639946125448 ], [ 3385339.200217418372631, 8312260.420894561335444 ], [ 3385262.45656049484387, 8312181.237423100508749 ], [ 3385078.735310336109251, 8312047.3605627855286 ], [ 3384621.35279339319095, 8311550.544175109826028 ], [ 3384577.270275055896491, 8311513.925791931338608 ], [ 3384447.600000470411032, 8311430.20861803367734 ], [ 3384177.505848691333085, 8311129.595050339587033 ], [ 3383443.948182732332498, 8310678.978080589324236 ], [ 3383394.466669094283134, 8310657.655235306359828 ], [ 3383378.837166565936059, 8310653.608277906663716 ], [ 3383279.264908978249878, 8310558.624352399259806 ], [ 3382954.652209050953388, 8310416.817130000330508 ], [ 3382902.71195956133306, 8310378.350532910786569 ], [ 3382853.408557110000402, 8310344.179523933678865 ], [ 3382649.788431989960372, 8310214.854445472359657 ], [ 3382586.859523870050907, 8310178.351269067265093 ], [ 3381901.337962484918535, 8309887.542086845263839 ], [ 3381357.716637703124434, 8309804.076471207663417 ], [ 3381132.55220856750384, 8309736.336788795888424 ], [ 3381075.445309815462679, 8309725.489416899159551 ], [ 3380740.564220695290715, 8309726.296780720353127 ], [ 3380066.290903474669904, 8312914.560934743843973 ], [ 3380171.245246978942305, 8313509.187882010824978 ], [ 3380344.331929015927017, 8314028.447928122244775 ], [ 3380294.878591291140765, 8314597.161311958916485 ], [ 3380344.331929015927017, 8315116.421358070336282 ], [ 3380702.412872033193707, 8315560.577339977025986 ], [ 3380804.450446832925081, 8315835.968749961815774 ], [ 3380838.536474911961704, 8315989.351223569363356 ], [ 3381202.139327537734061, 8316197.417609923519194 ], [ 3381535.729462823364884, 8316710.55423526559025 ], [ 3382062.382956249173731, 8317472.337315453216434 ], [ 3382105.496995035093278, 8317722.213090119883418 ], [ 3382120.71770955901593, 8317818.865301019512117 ], [ 3382157.383639554027468, 8317961.362438042648137 ], [ 3382162.383539099246264, 8318230.523696867749095 ], [ 3382206.549318410921842, 8318262.18972731847316 ], [ 3382254.881680676713586, 8318337.188220488838851 ], [ 3382304.880676124244928, 8318403.853547752834857 ], [ 3382354.879671569913626, 8318483.018623879179358 ], [ 3382399.324790919199586, 8318548.278979168273509 ], [ 3382639.251689314376563, 8318543.148260538466275 ], [ 3382838.235279014799744, 8318574.086768014356494 ], [ 3382867.21174244582653, 8318450.773914326913655 ], [ 3383029.636977441608906, 8318414.109191377647221 ], [ 3383082.189440902788192, 8318475.771105318330228 ], [ 3383110.122003203257918, 8318583.005009510554373 ], [ 3383123.197568278294057, 8318644.682042494416237 ], [ 3383163.196764636319131, 8318676.34807294420898 ], [ 3383234.187575641088188, 8318669.919891915284097 ], [ 3383319.860283705405891, 8318643.848725902847946 ], [ 3383441.941164256073534, 8318740.930108730681241 ], [ 3383463.60739561682567, 8318745.930008275434375 ], [ 3383515.725699683185667, 8318764.256836690939963 ], [ 3383520.178479314781725, 8318772.646805348806083 ], [ 3383551.381332570686936, 8318794.711807718500495 ], [ 3383571.441104803234339, 8318800.657478303648531 ], [ 3383590.755036445800215, 8318814.024244093336165 ], [ 3383602.643958057742566, 8318806.603153674863279 ], [ 3383604.870347871910781, 8318796.935928382910788 ], [ 3383606.362029046751559, 8318786.542023713700473 ], [ 3383613.787039079703391, 8318782.093789313919842 ], [ 3383629.38289973186329, 8318786.542023716494441 ], [ 3383641.271821345202625, 8318793.236401314847171 ], [ 3383655.387132773175836, 8318805.854438735172153 ], [ 3383665.03853261936456, 8318811.051402816548944 ], [ 3383673.209383241366595, 8318816.248370550572872 ], [ 3383679.899684634525329, 8318830.363881876692176 ], [ 3383675.446905007120222, 8318837.058299169875681 ], [ 3383664.303823983296752, 8318846.703555785119534 ], [ 3383653.160742960404605, 8318851.92256975453347 ], [ 3383639.780140173621476, 8318851.922569757327437 ], [ 3383630.874580915551633, 8318858.594985383562744 ], [ 3383626.410669336095452, 8318869.737712698988616 ], [ 3383636.07320113433525, 8318874.934721693396568 ], [ 3383643.49821116682142, 8318889.050345073454082 ], [ 3383657.613522593397647, 8318898.717690832912922 ], [ 3383677.673294825479388, 8318903.165995413437486 ], [ 3383702.185846688225865, 8318906.887598820030689 ], [ 3383711.102537897415459, 8318908.363027913495898 ], [ 3383717.781707341782749, 8318916.532946555875242 ], [ 3383731.162310126703233, 8318906.138873726129532 ], [ 3383740.813709974754602, 8318899.444393878802657 ], [ 3383757.155411216430366, 8318897.968966569751501 ], [ 3383764.580421248450875, 8318903.914720202796161 ], [ 3383771.270722643937916, 8318912.084633935242891 ], [ 3383776.469342860393226, 8318923.227441875264049 ], [ 3383781.66796308150515, 8318932.872810930944979 ], [ 3383793.556884691584855, 8318938.091885739006102 ], [ 3383821.041666954290122, 8318938.091885735280812 ], [ 3383847.780608633998781, 8318941.064778097905219 ], [ 3383870.812611266970634, 8318938.818592642433941 ], [ 3383887.900153093039989, 8318931.397376942448318 ], [ 3383900.523783343844116, 8318920.254556688480079 ], [ 3383904.987694920040667, 8318903.914720194414258 ], [ 3383907.959925323259085, 8318896.493539547547698 ], [ 3383919.837714985944331, 8318900.193118286319077 ], [ 3383922.80994538962841, 8318912.833359626121819 ], [ 3383928.754406195133924, 8318924.702874220907688 ], [ 3383925.737647998612374, 8318944.67629337310791 ], [ 3383941.333508653566241, 8318965.420519019477069 ], [ 3383952.944131540134549, 8318979.360142845660448 ], [ 3383973.838799948338419, 8318966.58765871077776 ], [ 3383986.607145539950579, 8318978.193001137115061 ], [ 3383991.249168304726481, 8318994.4449154548347 ], [ 3383990.091445602010936, 8319015.343432319350541 ], [ 3384007.457286157645285, 8319018.272312429733574 ], [ 3384027.884412709157914, 8319014.55065293610096 ], [ 3384052.029610250610858, 8319005.279544848017395 ], [ 3384085.458853320218623, 8319015.497583872638643 ], [ 3384115.170025401283056, 8319040.558265240862966 ], [ 3384114.246073628310114, 8319065.641053359955549 ], [ 3384129.096093696076423, 8319079.558844338171184 ], [ 3384154.16524301096797, 8319079.558844335377216 ], [ 3384177.386488779913634, 8319086.055290545336902 ], [ 3384189.453521579038352, 8319104.641764799132943 ], [ 3384202.455638098530471, 8319117.634707023389637 ], [ 3384221.95881287753582, 8319152.913963624276221 ], [ 3384234.025845677126199, 8319169.62872638553381 ], [ 3384250.746033187024295, 8319189.140341779217124 ], [ 3384255.38805595273152, 8319203.058365283533931 ], [ 3384279.522121546324342, 8319204.908231131732464 ], [ 3384306.450306355487555, 8319211.426809742115438 ], [ 3384298.101344554219395, 8319241.134864105843008 ], [ 3384305.526354586239904, 8319254.1280462378636 ], [ 3384324.094445645343512, 8319269.918096625246108 ], [ 3384341.738584927283227, 8319277.339652182534337 ], [ 3384356.599736942909658, 8319304.273134491406381 ], [ 3384364.959830697625875, 8319320.063291989266872 ], [ 3384377.950815272051841, 8319333.056612859480083 ], [ 3384367.742817969992757, 8319343.275104973465204 ], [ 3384350.098678688518703, 8319344.200055396184325 ], [ 3384346.38060769950971, 8319362.765156043693423 ], [ 3384355.664653229061514, 8319379.480393325909972 ], [ 3384363.100795210339129, 8319389.698949616402388 ], [ 3384368.666769749950618, 8319407.339206105098128 ], [ 3384379.809850773774087, 8319423.129583769477904 ], [ 3384393.73591906670481, 8319430.551293151453137 ], [ 3384415.098129339981824, 8319437.995032893493772 ], [ 3384424.382174868602306, 8319444.491794122382998 ], [ 3384424.382174869533628, 8319454.710440284572542 ], [ 3384408.597071082796901, 8319459.357286209240556 ], [ 3384401.17206104984507, 8319466.779031964950264 ], [ 3384401.172061050310731, 8319476.997708938084543 ], [ 3384410.456106579862535, 8319481.622545832768083 ], [ 3384414.174177572131157, 8319498.338051873259246 ], [ 3384414.174177573993802, 8319514.128623923286796 ], [ 3384429.959281360730529, 8319525.272339429706335 ], [ 3384444.809301426168531, 8319525.272339425981045 ], [ 3384453.169395180884749, 8319531.769177362322807 ], [ 3384446.668336923699826, 8319541.987944181077182 ], [ 3384450.386407914105803, 8319554.05667835380882 ], [ 3384468.030547197442502, 8319554.981655140407383 ], [ 3384476.379509004764259, 8319563.350498020648956 ], [ 3384477.314592726994306, 8319582.84112936258316 ], [ 3384466.171511707361788, 8319600.48184678517282 ], [ 3384456.887466179672629, 8319616.272637031972408 ], [ 3384444.809301435016096, 8319628.341492495499551 ], [ 3384437.384291404858232, 8319644.132342259399593 ], [ 3384437.384291405789554, 8319658.998235831037164 ], [ 3384457.811417957767844, 8319668.270163853652775 ], [ 3384467.095463485922664, 8319682.211113148368895 ], [ 3384478.238544509746134, 8319693.355082044377923 ], [ 3384497.741719289217144, 8319697.980054301209748 ], [ 3384517.244894064962864, 8319687.783095489256084 ], [ 3384523.74595232354477, 8319671.067161044105887 ], [ 3384532.094914129935205, 8319657.126232771202922 ], [ 3384537.672020613215864, 8319642.28236647695303 ], [ 3384553.45712439995259, 8319638.560392805375159 ], [ 3384569.242228188086301, 8319642.28236647695303 ], [ 3384567.383192693348974, 8319660.848215783946216 ], [ 3384556.240111672319472, 8319673.842135681770742 ], [ 3384551.59808890754357, 8319687.783095492050052 ], [ 3384551.59808891126886, 8319705.424063350073993 ], [ 3384541.390091609675437, 8319717.493064373731613 ], [ 3384527.452891369815916, 8319722.140075494535267 ], [ 3384516.30981034738943, 8319726.787089532241225 ], [ 3384513.526823078747839, 8319742.556125786155462 ], [ 3384521.886916835792363, 8319754.625187431462109 ], [ 3384532.094914137385786, 8319757.42221730388701 ], [ 3384533.029997860547155, 8319769.491303225047886 ], [ 3384523.745952331926674, 8319774.138347032479942 ], [ 3384514.450774856843054, 8319792.704527526162565 ], [ 3384529.311926872935146, 8319802.92365506850183 ], [ 3384530.247010596096516, 8319815.917824721895158 ], [ 3384531.170962370466441, 8319833.559098375961185 ], [ 3384546.956066157668829, 8319840.056207280606031 ], [ 3384561.817218172829598, 8319840.056207277812064 ], [ 3384583.168296494986862, 8319824.286963031627238 ], [ 3384602.671471273060888, 8319812.19576361682266 ], [ 3384615.673587790224701, 8319814.992815278470516 ], [ 3384634.241678845603019, 8319820.56489771604538 ], [ 3384647.243795366957784, 8319828.912017208524048 ], [ 3384647.243795366957784, 8319849.350386544130743 ], [ 3384642.601772604975849, 8319866.066724164411426 ], [ 3384623.098597826436162, 8319866.066724164411426 ], [ 3384610.096481308806688, 8319874.413895042613149 ], [ 3384609.17252953723073, 8319894.852390185929835 ], [ 3384595.246461248025298, 8319896.702429170720279 ], [ 3384576.667238241992891, 8319901.349552966654301 ], [ 3384559.958182683214545, 8319905.071658957749605 ], [ 3384550.674137153662741, 8319916.215963844209909 ], [ 3384551.598088930360973, 8319931.060380243696272 ], [ 3384568.685630759689957, 8319936.258135464042425 ], [ 3384581.309261008165777, 8319945.178020518273115 ], [ 3384595.424572436604649, 8319942.204724308103323 ], [ 3384604.341263644397259, 8319937.755794427357614 ], [ 3384605.087104230187833, 8319922.889340225607157 ], [ 3384605.087104229256511, 8319912.493852238170803 ], [ 3384614.738504075445235, 8319907.296113724820316 ], [ 3384632.571886493824422, 8319915.46713649481535 ], [ 3384645.195516742765903, 8319908.022915923036635 ], [ 3384663.02889916067943, 8319913.24267927184701 ], [ 3384680.851149628404528, 8319924.386996475048363 ], [ 3384705.374833439011127, 8319925.862628664821386 ], [ 3384726.915154898539186, 8319934.033671963959932 ], [ 3384742.511015551630408, 8319934.78250118624419 ], [ 3384753.654096575453877, 8319947.402487356215715 ], [ 3384751.427706763613969, 8319970.440074402838945 ], [ 3384738.804076515603811, 8319997.177861053496599 ], [ 3384720.224853512831032, 8320009.797953760251403 ], [ 3384708.347063849680126, 8320017.969089847058058 ], [ 3384706.10954208811745, 8320037.284722383134067 ], [ 3384717.998463700525463, 8320049.926908292807639 ], [ 3384726.169314322061837, 8320062.547091047279537 ], [ 3384723.942924506496638, 8320077.413826134987175 ], [ 3384731.367934540379792, 8320089.285210876725614 ], [ 3384743.256856152787805, 8320097.456434831023216 ], [ 3384752.173547362908721, 8320101.927485723979771 ], [ 3384761.090238571632653, 8320113.072087406180799 ], [ 3384772.968028233852237, 8320121.243337648920715 ], [ 3384769.261089196428657, 8320138.312690095044672 ], [ 3384764.797177615109831, 8320145.008292005397379 ], [ 3384755.14577776985243, 8320165.073109063319862 ], [ 3384736.566554768476635, 8320170.997856898233294 ], [ 3384726.16931433044374, 8320167.297642080113292 ], [ 3384720.224853523075581, 8320139.06154000479728 ], [ 3384697.203982838429511, 8320139.810389995574951 ], [ 3384678.624759834259748, 8320147.232818989083171 ], [ 3384671.199749802704901, 8320168.024469844065607 ], [ 3384681.496802696492523, 8320182.186612975783646 ], [ 3384695.289287601131946, 8320194.54271958116442 ], [ 3384706.176333797629923, 8320208.330485013313591 ], [ 3384726.514404756948352, 8320220.664610078558326 ], [ 3384749.023205785080791, 8320223.571942554786801 ], [ 3384767.891859464347363, 8320217.757278743200004 ], [ 3384781.695476315449923, 8320217.052471322007477 ], [ 3384798.393399928230792, 8320207.603653279133141 ], [ 3384810.004022810142487, 8320188.001248799264431 ], [ 3384825.978369730059057, 8320180.006125710904598 ], [ 3384848.487170757725835, 8320182.186612971127033 ], [ 3384871.719548475928605, 8320186.547589399851859 ], [ 3384887.693895400036126, 8320200.335339935496449 ], [ 3384896.410211524460465, 8320215.598806211724877 ], [ 3384901.497512253466994, 8320233.747615214437246 ], [ 3384897.868496857583523, 8320246.081782703287899 ], [ 3384879.712287919130176, 8320249.715960969217122 ], [ 3384857.927063579205424, 8320248.989125177264214 ], [ 3384844.858155366964638, 8320253.350141029804945 ], [ 3384834.694685862865299, 8320261.323318083770573 ], [ 3384834.694685861933976, 8320272.225880737416446 ], [ 3384838.323701264802366, 8320288.194309609010816 ], [ 3384850.669032786041498, 8320293.282188680022955 ], [ 3384871.71954848524183, 8320289.647988984361291 ], [ 3384888.42860404541716, 8320286.013791075907648 ], [ 3384899.315650240518153, 8320292.555348590016365 ], [ 3384919.642589251510799, 8320301.255408801138401 ], [ 3384939.980660210363567, 8320303.435931823216379 ], [ 3384948.685844386462122, 8320313.611714442260563 ], [ 3384952.314859785139561, 8320331.033920235000551 ], [ 3384944.333252300042659, 8320341.936585707589984 ], [ 3384933.446206106804311, 8320354.997779868543148 ], [ 3384934.16978279966861, 8320374.600627229548991 ], [ 3384947.238691012840718, 8320384.027633003890514 ], [ 3384964.660191315691918, 8320386.935029737651348 ], [ 3384987.892569031566381, 8320390.569277262315154 ], [ 3384995.16173178050667, 8320407.264813086017966 ], [ 3385011.859655390493572, 8320418.89444343559444 ], [ 3385032.910171090159565, 8320419.621295941993594 ], [ 3385045.979079304728657, 8320414.533329905942082 ], [ 3385061.953426223248243, 8320399.29147859942168 ], [ 3385078.651349834632128, 8320387.661879095248878 ], [ 3385096.083982082083821, 8320386.208180444315076 ], [ 3385104.065589571837336, 8320396.384077010676265 ], [ 3385117.134497784543782, 8320406.537961789406836 ], [ 3385131.661691328510642, 8320422.528706663288176 ], [ 3385128.75625262176618, 8320440.678023749962449 ], [ 3385132.385268021374941, 8320458.82738540135324 ], [ 3385139.643298818264157, 8320472.61564383096993 ], [ 3385148.359614942688495, 8320469.708213391713798 ], [ 3385159.246661137789488, 8320467.527641319669783 ], [ 3385167.962977260816842, 8320471.888786109164357 ], [ 3385170.144839282147586, 8320479.884224907495081 ], [ 3385163.610385175794363, 8320485.699094926938415 ], [ 3385154.170492360834032, 8320488.584505612961948 ], [ 3385160.704946469515562, 8320495.126242398284376 ], [ 3385166.515823885332793, 8320502.394845621660352 ], [ 3385165.057538559660316, 8320513.275737744756043 ], [ 3385150.541476964019239, 8320512.548876030370593 ], [ 3385141.825160839129239, 8320509.641429893672466 ], [ 3385130.938114645890892, 8320504.575427989475429 ], [ 3385122.221798521000892, 8320509.641429896466434 ], [ 3385115.687344412785023, 8320516.910047390498221 ], [ 3385117.134497794788331, 8320532.152141225524247 ], [ 3385117.134497795253992, 8320545.235697710886598 ], [ 3385124.392528593540192, 8320553.209189622662961 ], [ 3385135.290706736501306, 8320550.301727485843003 ], [ 3385149.083191639278084, 8320544.508832852356136 ], [ 3385161.428523161448538, 8320539.420780854299664 ], [ 3385170.144839287269861, 8320537.240188222378492 ], [ 3385175.944584752433002, 8320544.508832849562168 ], [ 3385185.384477570652962, 8320552.482323979027569 ], [ 3385190.471778298262507, 8320566.292783372104168 ], [ 3385188.289916281122714, 8320581.53497904073447 ], [ 3385185.384477576240897, 8320596.777206141501665 ], [ 3385173.050278001930565, 8320612.019464677199721 ], [ 3385165.781115256715566, 8320624.376289820298553 ], [ 3385170.868415984325111, 8320640.345479476265609 ], [ 3385176.679293402004987, 8320650.499699388630688 ], [ 3385191.91893168585375, 8320654.134076501242816 ], [ 3385203.507290672510862, 8320656.358756708912551 ], [ 3385217.333171423058957, 8320665.764095269143581 ], [ 3385227.496640927158296, 8320676.645227880217135 ], [ 3385239.841972454451025, 8320690.433892628178 ], [ 3385250.00544195715338, 8320688.9801344294101 ], [ 3385262.350773478392512, 8320678.825861653313041 ], [ 3385274.696105002891272, 8320672.283962277695537 ], [ 3385290.670451923739165, 8320670.103330441750586 ], [ 3385302.281074807513505, 8320662.856588857248425 ], [ 3385306.644798843190074, 8320652.680325436405838 ], [ 3385314.626406328286976, 8320646.887350567616522 ], [ 3385324.066299145109951, 8320649.772824173793197 ], [ 3385340.764222757425159, 8320654.134076492860913 ], [ 3385356.014992989134043, 8320668.64957623463124 ], [ 3385368.360324514564127, 8320691.160771828144789 ], [ 3385377.076640639919788, 8320710.764510720968246 ], [ 3385368.360324517358094, 8320725.302148426882923 ], [ 3385343.669661472551525, 8320729.64141855482012 ], [ 3385329.153599876444787, 8320733.275834577158093 ], [ 3385319.713707063812762, 8320736.910252398811281 ], [ 3385314.626406339928508, 8320746.337720264680684 ], [ 3385316.8082683570683, 8320760.148541861213744 ], [ 3385320.437283756677061, 8320771.029813422821462 ], [ 3385330.600753261707723, 8320774.664249803870916 ], [ 3385347.298676871694624, 8320773.210475034080446 ], [ 3385359.644008397124708, 8320775.391137294471264 ], [ 3385366.902039193082601, 8320781.933127919211984 ], [ 3385366.178462504409254, 8320797.902657966129482 ], [ 3385359.644008399453014, 8320808.057094336487353 ], [ 3385346.575100187212229, 8320811.69154891371727 ], [ 3385344.39323816774413, 8320821.141139197163284 ], [ 3385338.593492702115327, 8320827.66114326287061 ], [ 3385331.324329955969006, 8320823.321815595030785 ], [ 3385322.619145781267434, 8320828.388035966083407 ], [ 3385309.550237567629665, 8320833.476286876946688 ], [ 3385300.110344754066318, 8320842.199010875076056 ], [ 3385293.575890647713095, 8320852.353508095256984 ], [ 3385292.852313960436732, 8320870.503880615346134 ], [ 3385295.023044031579047, 8320886.473602027632296 ], [ 3385304.462936846073717, 8320893.742590094916523 ], [ 3385316.808268369175494, 8320893.742590092122555 ], [ 3385332.059038599953055, 8320890.108095166273415 ], [ 3385342.222508105449378, 8320892.288791912607849 ], [ 3385352.385977611411363, 8320899.557785700075328 ], [ 3385365.45488582411781, 8320903.897158125415444 ], [ 3385379.247370726894587, 8320898.830885995179415 ], [ 3385383.61109476396814, 8320889.381196393631399 ], [ 3385380.705656052567065, 8320878.499750605784357 ], [ 3385372.712916617281735, 8320869.050086997449398 ], [ 3385369.083901219535619, 8320856.714879946783185 ], [ 3385376.341932014096528, 8320847.26524418964982 ], [ 3385390.86912555526942, 8320841.472116813994944 ], [ 3385401.756171750370413, 8320847.992138812318444 ], [ 3385416.283365292474627, 8320853.807298425585032 ], [ 3385428.617564865853637, 8320856.714879949577153 ], [ 3385436.610304303001612, 8320869.05008699465543 ], [ 3385442.421181722078472, 8320877.772852970287204 ], [ 3385444.591911790426821, 8320890.10809516068548 ], [ 3385449.679212518036366, 8320895.923287902958691 ], [ 3385459.119105334859341, 8320897.377086805179715 ], [ 3385462.748120731674135, 8320904.624058320187032 ], [ 3385474.369875566568226, 8320909.712361709214747 ], [ 3385484.533345069270581, 8320908.258560380898416 ], [ 3385491.791375866625458, 8320902.443357928656042 ], [ 3385499.772983352653682, 8320903.170257989317179 ], [ 3385503.413130698725581, 8320895.923287900164723 ], [ 3385510.671161493752152, 8320890.834993998520076 ], [ 3385523.016493018716574, 8320895.923287896439433 ], [ 3385538.256131302565336, 8320900.284685457125306 ], [ 3385544.790585407521576, 8320912.619965218938887 ], [ 3385547.696024119388312, 8320927.135972589254379 ], [ 3385552.059748157858849, 8320939.493324534036219 ], [ 3385541.161570013966411, 8320940.925104616209865 ], [ 3385528.816238490398973, 8320936.585710455663502 ], [ 3385517.929192296694964, 8320936.585710455663502 ], [ 3385519.376345677301288, 8320946.740337344817817 ], [ 3385526.645508422981948, 8320957.643911036662757 ], [ 3385519.376345678698272, 8320967.798566848039627 ], [ 3385523.873653103597462, 8320975.926707047969103 ], [ 3385520.467276689130813, 8320988.39427821803838 ], [ 3385510.259279390331358, 8321000.883897987194359 ], [ 3385513.665655807126313, 8321012.228103537112474 ], [ 3385518.196359081659466, 8321029.25545834377408 ], [ 3385532.946191605646163, 8321042.868559357710183 ], [ 3385552.237859352026135, 8321043.991971724666655 ], [ 3385560.174939042888582, 8321057.605099876411259 ], [ 3385571.518395151011646, 8321067.825976321473718 ], [ 3385565.852233073208481, 8321076.901421565562487 ], [ 3385560.174939045216888, 8321091.638029938563704 ], [ 3385555.644235773477703, 8321104.127824157476425 ], [ 3385528.41548833809793, 8321106.396695574745536 ], [ 3385520.4672766989097, 8321095.052345489151776 ], [ 3385505.717444173526019, 8321093.906897513195872 ], [ 3385493.238529263064265, 8321104.127824160270393 ], [ 3385481.895073157269508, 8321116.595611579716206 ], [ 3385487.282936514355242, 8321138.689639875665307 ], [ 3385495.832273401785642, 8321140.187542492523789 ], [ 3385502.522574794944376, 8321141.288941657170653 ], [ 3385508.467035600915551, 8321149.108880516141653 ], [ 3385514.422628355678171, 8321158.779182551428676 ], [ 3385520.36708916304633, 8321163.977801167406142 ], [ 3385524.831000741571188, 8321161.752968177199364 ], [ 3385530.029620956629515, 8321154.307492341846228 ], [ 3385533.747691947966814, 8321147.985452179796994 ], [ 3385534.860886855982244, 8321138.689639870077372 ], [ 3385537.465762938372791, 8321134.614465180784464 ], [ 3385548.987330229952931, 8321132.742088370025158 ], [ 3385562.379064965527505, 8321134.614465181715786 ], [ 3385569.804074998013675, 8321147.610976095311344 ], [ 3385571.663110495079309, 8321159.153659191913903 ], [ 3385568.69088009186089, 8321165.828157834708691 ], [ 3385558.660993978846818, 8321173.64812265522778 ], [ 3385558.660993979312479, 8321180.697112116031349 ], [ 3385557.169312804471701, 8321195.566096313297749 ], [ 3385559.395702619105577, 8321199.66333276592195 ], [ 3385565.351295373402536, 8321202.262655993923545 ], [ 3385566.086004014592618, 8321216.382724436 ], [ 3385561.633224385790527, 8321221.977891619317234 ], [ 3385557.91515339538455, 8321231.626260730437934 ], [ 3385553.451241818256676, 8321245.019451517611742 ], [ 3385552.705401230137795, 8321252.442990412004292 ], [ 3385555.677631632424891, 8321262.862391412258148 ], [ 3385560.887383801396936, 8321261.364463933743536 ], [ 3385570.182561276946217, 8321264.338290831074119 ], [ 3385577.240216992795467, 8321271.409395159222186 ], [ 3385589.886111139319837, 8321271.783877514302731 ], [ 3385596.943766854237765, 8321278.480506263673306 ], [ 3385604.379908835981041, 8321289.626882022246718 ], [ 3385606.238944333046675, 8321298.173916720785201 ], [ 3385609.95701532298699, 8321305.245053415186703 ], [ 3385619.619547120295465, 8321318.241864360868931 ], [ 3385626.68833478493616, 8321327.912387675605714 ], [ 3385628.914724599104375, 8321334.609067269600928 ], [ 3385629.660565186291933, 8321349.103874801658094 ], [ 3385629.660565188620239, 8321362.497278454713523 ], [ 3385625.575139879249036, 8321369.171960725449026 ], [ 3385615.901476133149117, 8321370.669910047203302 ], [ 3385605.125749431550503, 8321375.868677699007094 ], [ 3385599.915997264441103, 8321381.816424841061234 ], [ 3385583.563164073508233, 8321381.441936914809048 ], [ 3385572.041596784256399, 8321379.966014104895294 ], [ 3385566.086004027165473, 8321373.269293411634862 ], [ 3385556.05611791042611, 8321364.347684824839234 ], [ 3385548.619975929614156, 8321360.999330792576075 ], [ 3385537.098408638499677, 8321356.175060228444636 ], [ 3385528.1705854809843, 8321356.549546872265637 ], [ 3385519.253894271794707, 8321362.871765428222716 ], [ 3385513.676787786185741, 8321371.044397423043847 ], [ 3385517.394858777988702, 8321385.164788302965462 ], [ 3385517.394858779385686, 8321399.28520614746958 ], [ 3385522.593478998169303, 8321408.955835497938097 ], [ 3385531.521302158012986, 8321419.375457125715911 ], [ 3385537.465762962587178, 8321423.825278877280653 ], [ 3385546.393586120568216, 8321438.320261366665363 ], [ 3385550.846365752164274, 8321445.766023304313421 ], [ 3385563.492259900551289, 8321461.010032678022981 ], [ 3385564.972809127531946, 8321467.332340583205223 ], [ 3385565.718649717047811, 8321476.606537226587534 ], [ 3385567.945039533544332, 8321483.303351551294327 ], [ 3385572.40895111206919, 8321483.677844633348286 ], [ 3385574.646472875028849, 8321489.251185140572488 ], [ 3385576.505508373025805, 8321498.547438336536288 ], [ 3385574.646472876891494, 8321505.618766732513905 ], [ 3385576.12702210387215, 8321509.341680656187236 ], [ 3385579.84509309520945, 8321516.016495532356203 ], [ 3385581.704128592740744, 8321526.810763363726437 ], [ 3385588.027075666934252, 8321534.609080950729549 ], [ 3385592.346271908842027, 8321540.248547383584082 ], [ 3385593.225695885717869, 8321546.879331783391535 ], [ 3385594.338890793733299, 8321555.052167245186865 ], [ 3385595.830571970902383, 8321571.41989454627037 ], [ 3385591.366660392377526, 8321582.566712086088955 ], [ 3385587.648589403368533, 8321589.990590015426278 ], [ 3385587.648589401971549, 8321596.313008251599967 ], [ 3385595.830571973696351, 8321604.860397597774863 ], [ 3385599.915997286327183, 8321614.905795653350651 ], [ 3385605.871590040624142, 8321633.873130519874394 ], [ 3385617.025803015567362, 8321655.065494883805513 ], [ 3385625.19665363850072, 8321676.984896170906723 ], [ 3385625.196653639897704, 8321695.203382690437138 ], [ 3385625.57513990951702, 8321706.350386903621256 ], [ 3385634.124476797878742, 8321720.118942996487021 ], [ 3385638.955742695834488, 8321733.490989221259952 ], [ 3385640.068937606643885, 8321744.285574656911194 ], [ 3385644.532849187962711, 8321753.934625593945384 ], [ 3385650.844664313364774, 8321764.729240888729692 ], [ 3385660.139841791708022, 8321784.798455312848091 ], [ 3385663.857912783510983, 8321805.616743005812168 ], [ 3385658.28080629883334, 8321823.46103626023978 ], [ 3385653.82802667003125, 8321827.911101300269365 ], [ 3385651.590504904743284, 8321820.112474247813225 ], [ 3385645.278689779341221, 8321819.737964113242924 ], [ 3385636.350866623222828, 8321827.184110288508236 ], [ 3385622.591777568217367, 8321843.530410159379244 ], [ 3385623.716104426421225, 8321852.452597176656127 ], [ 3385620.743874023202807, 8321857.651703712530434 ], [ 3385620.36538775684312, 8321866.94842026848346 ], [ 3385619.998033437412232, 8321879.968249146826565 ], [ 3385621.478582664392889, 8321888.515966527163982 ], [ 3385625.942494245246053, 8321892.239073330536485 ], [ 3385630.406405822373927, 8321888.890480149537325 ], [ 3385635.983512309379876, 8321888.141452929005027 ], [ 3385643.419654291123152, 8321891.864559541456401 ], [ 3385644.53284919867292, 8321901.535833393223584 ], [ 3385644.900203519500792, 8321908.960031701251864 ], [ 3385648.250920191407204, 8321911.934119170531631 ], [ 3385652.336345501709729, 8321927.179090019315481 ], [ 3385655.687062175013125, 8321941.67505968362093 ], [ 3385660.51832807296887, 8321953.19695249479264 ], [ 3385657.913451991975307, 8321966.943937984295189 ], [ 3385653.828026683069766, 8321981.462016122415662 ], [ 3385648.996760784648359, 8321994.085497219115496 ], [ 3385650.477310013957322, 8322006.731030443683267 ], [ 3385656.421770821325481, 8322020.852635801769793 ], [ 3385660.139841812197119, 8322034.621777771040797 ], [ 3385663.490558484569192, 8322050.594014581292868 ], [ 3385666.462788889650255, 8322060.640018459409475 ], [ 3385667.575983796734363, 8322069.562467564828694 ], [ 3385665.349593983963132, 8322078.484927432611585 ], [ 3385669.067664973437786, 8322085.90930347982794 ], [ 3385683.561462672427297, 8322133.870511873625219 ], [ 3385685.798984436318278, 8322144.643651098944247 ], [ 3385682.080913449171931, 8322152.839178578928113 ], [ 3385675.757966374047101, 8322157.663969159126282 ], [ 3385674.644771466962993, 8322163.612345445901155 ], [ 3385673.531576560810208, 8322173.28397489245981 ], [ 3385667.954470075666904, 8322181.082974596880376 ], [ 3385667.954470076598227, 8322193.728827767074108 ], [ 3385669.435019304044545, 8322205.625643172301352 ], [ 3385680.221877957228571, 8322211.199528091587126 ], [ 3385685.420498174615204, 8322219.747628550045192 ], [ 3385692.856640157755464, 8322222.7218410782516 ], [ 3385701.405977046117187, 8322227.172146504744887 ], [ 3385703.521047370973974, 8322236.425265373662114 ], [ 3385706.214979047887027, 8322247.462929466739297 ], [ 3385701.428240948356688, 8322258.809048453345895 ], [ 3385700.526553072966635, 8322269.362056309357285 ], [ 3385697.554322671145201, 8322289.652955093421042 ], [ 3385698.0663923304528, 8322301.527893468737602 ], [ 3385697.687906063627452, 8322320.849494459107518 ], [ 3385691.376090940088034, 8322328.296145495958626 ], [ 3385688.771214855834842, 8322337.218917718157172 ], [ 3385689.517055446282029, 8322351.341154533438385 ], [ 3385687.27953368332237, 8322360.263954571448267 ], [ 3385688.771214859094471, 8322369.561303362250328 ], [ 3385696.942065482027829, 8322378.484125394374132 ], [ 3385705.869888639543205, 8322392.231901915743947 ], [ 3385706.615729228127748, 8322402.652909809723496 ], [ 3385705.124048054218292, 8322413.800981030799448 ], [ 3385696.942065485753119, 8322420.851153329946101 ], [ 3385688.771214864216745, 8322429.399496264755726 ], [ 3385683.561462698504329, 8322436.471715288236737 ], [ 3385682.815622113179415, 8322445.394618103280663 ], [ 3385686.166338784154505, 8322456.542753796093166 ], [ 3385686.166338785551488, 8322466.589309460483491 ], [ 3385682.44826779467985, 8322473.639532108791173 ], [ 3385680.221877980045974, 8322479.588162704370916 ], [ 3385679.843391713686287, 8322490.009293772280216 ], [ 3385682.448267798405141, 8322503.757277735508978 ], [ 3385688.025374284014106, 8322521.603256601840258 ], [ 3385690.997604689560831, 8322531.649900699965656 ], [ 3385694.270397718530148, 8322544.252289365045726 ], [ 3385713.595461310818791, 8322554.695543801411986 ], [ 3385728.523405021987855, 8322566.637004726566374 ], [ 3385734.946539638098329, 8322571.065484989434481 ], [ 3385752.434831632301211, 8322570.382485369220376 ], [ 3385759.781918021384627, 8322564.125330522656441 ], [ 3385765.581663487944752, 8322553.373612043447793 ], [ 3385781.633934051264077, 8322552.183873663656414 ], [ 3385804.087075333110988, 8322541.982976537197828 ], [ 3385816.521462448872626, 8322545.772509028203785 ], [ 3385819.994630562607199, 8322553.571901789866388 ], [ 3385826.684931958094239, 8322579.283517578616738 ], [ 3385837.783485185820609, 8322589.374304689466953 ], [ 3385848.036010286770761, 8322644.058678814209998 ], [ 3385847.134322414174676, 8322662.081256600096822 ], [ 3385837.16009604325518, 8322668.691014973446727 ], [ 3385828.031897804699838, 8322681.183474428020418 ], [ 3385825.204382739029825, 8322688.145771404728293 ], [ 3385821.041033789049834, 8322702.819494736380875 ], [ 3385812.859051218256354, 8322714.122247430495918 ], [ 3385806.24667346989736, 8322713.417201931588352 ], [ 3385801.994268922135234, 8322710.46482459269464 ], [ 3385794.335487958975136, 8322695.636857764795423 ], [ 3385787.867825546767563, 8322694.843683550134301 ], [ 3385785.418796750251204, 8322699.955252157524228 ], [ 3385785.507852345239371, 8322711.654588450677693 ], [ 3385779.98640560451895, 8322717.515279887244105 ], [ 3385777.715487995650619, 8322729.170578538440168 ], [ 3385760.449834979139268, 8322743.249498770572245 ], [ 3385750.097122342791408, 8322751.467722825706005 ], [ 3385749.206566418521106, 8322761.624843469820917 ], [ 3385753.381047321949154, 8322778.039308708161116 ], [ 3385764.435072754975408, 8322798.353636977262795 ], [ 3385778.171897912397981, 8322800.446765078231692 ], [ 3385782.346378817223012, 8322818.359559300355613 ], [ 3385792.799278996884823, 8322825.366051503457129 ], [ 3385806.981382118072361, 8322826.115173705853522 ], [ 3385830.714697547722608, 8322878.664082305505872 ], [ 3385840.277041802182794, 8322884.943536627106369 ], [ 3385864.756197815295309, 8322886.7282246183604 ], [ 3385871.023485146462917, 8322897.171962978318334 ], [ 3385875.209097999148071, 8322915.393457449041307 ], [ 3385896.259613703005016, 8322949.280709310434759 ], [ 3385900.73465723125264, 8322972.570022550411522 ], [ 3385907.157791848294437, 8322979.88512945920229 ], [ 3385919.848213794175535, 8322982.418978420086205 ], [ 3385930.145266687963158, 8322990.483233937993646 ], [ 3385947.021301485132426, 8323017.518384267576039 ], [ 3385960.157001395244151, 8323033.338509951718152 ], [ 3385996.881301393266767, 8323060.506019266322255 ], [ 3385999.11882315762341, 8323069.165270716883242 ], [ 3386001.801622885745019, 8323077.229620897211134 ], [ 3386014.04676686739549, 8323081.856711030006409 ], [ 3386021.516304696444422, 8323084.831270498223603 ], [ 3386024.199104425031692, 8323090.361750929616392 ], [ 3386021.05989478668198, 8323097.985447865910828 ], [ 3386023.453263839241117, 8323105.432881947606802 ], [ 3386036.588963746093214, 8323107.988807802088559 ], [ 3386038.681770170573145, 8323111.558291937224567 ], [ 3386027.783592028077692, 8323117.088792365044355 ], [ 3386020.614616823848337, 8323115.43625196069479 ], [ 3386016.584851258900017, 8323118.278621685691178 ], [ 3386014.948454747442156, 8323124.998957540839911 ], [ 3386019.724060901906341, 8323148.597300054505467 ], [ 3386034.796719947829843, 8323159.327850467525423 ], [ 3386040.474013977684081, 8323162.765155327506363 ], [ 3386041.2198545653373, 8323169.639769857749343 ], [ 3386030.922801672481, 8323177.241514514200389 ], [ 3386032.113920223899186, 8323182.617825605906546 ], [ 3386045.394335469696671, 8323188.897538177669048 ], [ 3386052.563310674391687, 8323197.843383557163179 ], [ 3386054.054991850629449, 8323204.872269662097096 ], [ 3386059.576438590884209, 8323208.463834733702242 ], [ 3386082.419198093004525, 8323203.087504848837852 ], [ 3386123.629673567134887, 8323230.387843426316977 ], [ 3386134.828414336778224, 8323250.108489720150828 ], [ 3386134.973129677120596, 8323261.147667767480016 ], [ 3386164.383739131502807, 8323292.811030408367515 ], [ 3386193.939063929021358, 8323335.954508353024721 ], [ 3386237.988186416681856, 8323369.84368858486414 ], [ 3386270.682720849756151, 8323380.133867043070495 ], [ 3386296.954120664857328, 8323396.263254827819765 ], [ 3386297.699961253907531, 8323402.829600371420383 ], [ 3386291.73323655128479, 8323409.704438208602369 ], [ 3386294.115473653189838, 8323421.933732843026519 ], [ 3386307.852298814337701, 8323445.224535535089672 ], [ 3386325.618889535777271, 8323450.909529747441411 ], [ 3386331.741461527068168, 8323455.823307327926159 ], [ 3386334.424261255189776, 8323464.483021967113018 ], [ 3386347.415245826356113, 8323482.243180925026536 ], [ 3386354.584221030119807, 8323484.336502724327147 ], [ 3386364.881273925304413, 8323498.681281719356775 ], [ 3386378.762814420741051, 8323508.090237903408706 ], [ 3386405.334776863455772, 8323538.542726228944957 ], [ 3386413.104877318721265, 8323552.424871801398695 ], [ 3386433.25370514485985, 8323570.339488671161234 ], [ 3386440.723242971580476, 8323585.125139981508255 ], [ 3386443.261327365413308, 8323601.827893447130919 ], [ 3386448.927489443216473, 8323610.04707226715982 ], [ 3386472.671936819795519, 8323618.398472438566387 ], [ 3386489.091561706736684, 8323632.589263765141368 ], [ 3386504.320068042725325, 8323653.478863317519426 ], [ 3386523.13306197617203, 8323670.798765935003757 ], [ 3386529.700911932624876, 8323681.552110123448074 ], [ 3386530.001474558375776, 8323709.625463575124741 ], [ 3386534.777080714236945, 8323722.163753990083933 ], [ 3386548.213343246839941, 8323736.795458997599781 ], [ 3386538.951561620924622, 8323758.588820306584239 ], [ 3386560.458487230353057, 8323761.585687953978777 ], [ 3386567.315767865162343, 8323803.674178224056959 ], [ 3386574.484743071254343, 8323832.629435827955604 ], [ 3386578.67035592533648, 8323861.606842974200845 ], [ 3386591.505493210628629, 8323896.247664336115122 ], [ 3386594.188292940147221, 8323920.729920365847647 ], [ 3386607.335124800447375, 8323964.912774882279336 ], [ 3386609.416799281258136, 8324022.538191531784832 ], [ 3386612.411293584387749, 8324036.575502566061914 ], [ 3386620.771387338638306, 8324045.522374064661562 ], [ 3386625.246430868748575, 8324057.466244033537805 ], [ 3386616.886337117757648, 8324112.998881890438497 ], [ 3386624.945868249982595, 8324134.198356083594263 ], [ 3386623.153624450787902, 8324155.397891086526215 ], [ 3386624.344743001274765, 8324161.96491114795208 ], [ 3386633.305962007027119, 8324164.653424398042262 ], [ 3386636.289324359502643, 8324173.027488335967064 ], [ 3386636.589886986184865, 8324195.417137464508414 ], [ 3386640.174374587833881, 8324202.887714614160359 ], [ 3386648.534468343481421, 8324205.86272531747818 ], [ 3386654.801755671855062, 8324208.551254534162581 ], [ 3386659.287931151222438, 8324217.211851219646633 ], [ 3386653.911199748981744, 8324241.408686576411128 ], [ 3386662.872418757528067, 8324271.555674253962934 ], [ 3386658.987368532456458, 8324293.659135913476348 ], [ 3386661.369605637621135, 8324322.616313321515918 ], [ 3386672.42363106738776, 8324331.872056055814028 ], [ 3386687.796852745115757, 8324393.665454587899148 ], [ 3386685.414615645539016, 8324410.237809108570218 ], [ 3386686.160456231795251, 8324417.554339153692126 ], [ 3386720.491387179121375, 8324437.41038038302213 ], [ 3386728.26148763531819, 8324450.104170547798276 ], [ 3386729.296758899465203, 8324457.57500515691936 ], [ 3386726.012833922635764, 8324468.615986947901547 ], [ 3386730.042599488049746, 8324475.183285338804126 ], [ 3386733.037093791179359, 8324483.403435512445867 ], [ 3386730.499009402468801, 8324497.882381757721305 ], [ 3386734.228212343063205, 8324506.829811752773821 ], [ 3386768.859705911949277, 8324522.807392232120037 ], [ 3386773.045318766962737, 8324542.972250014543533 ], [ 3386768.113865328021348, 8324556.393480944447219 ], [ 3386768.85970591660589, 8324561.92506268247962 ], [ 3386776.473959085065871, 8324565.208752607926726 ], [ 3386780.503724647685885, 8324570.43180603440851 ], [ 3386785.290462753735483, 8324596.26063081715256 ], [ 3386794.619036077521741, 8324609.175077056512237 ], [ 3386795.442800311371684, 8324616.712187511846423 ], [ 3386792.080951690208167, 8324625.681799738667905 ], [ 3386793.049431261140853, 8324635.665189286693931 ], [ 3386803.802894070278853, 8324654.794547353871167 ], [ 3386807.086819047108293, 8324671.213217896409333 ], [ 3386803.201768819242716, 8324675.246266031637788 ], [ 3386799.617281218990684, 8324673.306876489892602 ], [ 3386795.14223769120872, 8324669.119559892453253 ], [ 3386789.019665698986501, 8324670.023138539865613 ], [ 3386787.372137237340212, 8324675.532766809687018 ], [ 3386792.748868640977889, 8324687.477655014023185 ], [ 3386792.748868642374873, 8324699.422562520951033 ], [ 3386783.197656337171793, 8324730.166463084518909 ], [ 3386787.672699867282063, 8324741.51639418490231 ], [ 3386782.295968466904014, 8324758.552342901937664 ], [ 3386780.804287292528898, 8324786.012699959799647 ], [ 3386776.629806391894817, 8324810.189358806237578 ], [ 3386782.295968474354595, 8324838.553506989963353 ], [ 3386794.541112456936389, 8324852.592368076555431 ], [ 3386788.863818429876119, 8324867.534858633764088 ], [ 3386796.032793635036796, 8324887.237834836356342 ], [ 3386777.219799702521414, 8324927.834065534174442 ], [ 3386760.800174820702523, 8324945.752016793005168 ], [ 3386761.100737446453422, 8324953.223352476023138 ], [ 3386767.969150025397539, 8324956.793727946467698 ], [ 3386778.121487582102418, 8324951.416126046329737 ], [ 3386788.27382513647899, 8324952.914801593869925 ], [ 3386796.33335626590997, 8324959.791081530973315 ], [ 3386792.147743415553123, 8324974.425237054005265 ], [ 3386787.973262514453381, 8324983.086731307208538 ], [ 3386765.431065639480948, 8324985.907779976725578 ], [ 3386756.469846634659916, 8324995.472906126640737 ], [ 3386748.265600170940161, 8325031.287140504457057 ], [ 3386731.99069062480703, 8325033.689455361105502 ], [ 3386721.983068407978863, 8325044.885575266554952 ], [ 3386722.138915697578341, 8325078.474036757834256 ], [ 3386728.10564040299505, 8325088.32579948566854 ], [ 3386729.00732827745378, 8325094.45285318698734 ], [ 3386722.884756288956851, 8325100.425633444450796 ], [ 3386717.207462260499597, 8325124.911878964863718 ], [ 3386721.983068415895104, 8325135.953857819549739 ], [ 3386721.983068417292088, 8325144.61554139200598 ], [ 3386693.774709464982152, 8325171.173692999407649 ], [ 3386685.258768423460424, 8325182.524301427416503 ], [ 3386683.021246660500765, 8325201.037952587939799 ], [ 3386676.898674672469497, 8325215.826866776682436 ], [ 3386675.852271460928023, 8325230.902332860045135 ], [ 3386669.584984134417027, 8325249.856909886933863 ], [ 3386669.885546763427556, 8325313.751824791543186 ], [ 3386655.402881021611392, 8325350.339020313695073 ], [ 3386660.779612426180393, 8325367.354331997223198 ], [ 3386654.055915185716003, 8325378.991769795306027 ], [ 3386654.95760306250304, 8325398.850394425913692 ], [ 3386644.504702883306891, 8325418.863357576541603 ], [ 3386637.491574970539659, 8325466.780077705159783 ], [ 3386628.530355968512595, 8325476.632358115166426 ], [ 3386628.530355969443917, 8325490.672431416809559 ], [ 3386625.391146331094205, 8325510.06849493086338 ], [ 3386625.391146337613463, 8325565.766337578184903 ], [ 3386631.369002988561988, 8325571.144386555999517 ], [ 3386643.313584345392883, 8325569.337009008973837 ], [ 3386647.488065248355269, 8325579.65229170769453 ], [ 3386661.826015659607947, 8325594.419922346249223 ], [ 3386661.080175071489066, 8325606.057717725634575 ], [ 3386671.978353215381503, 8325613.375431781634688 ], [ 3386674.516437606420368, 8325631.890162361785769 ], [ 3386681.830128147732466, 8325643.241478448733687 ], [ 3386683.622371952049434, 8325688.029754005372524 ], [ 3386673.169471773784608, 8325699.821987833827734 ], [ 3386672.267783899325877, 8325716.683812832459807 ], [ 3386680.483162318356335, 8325724.905344078317285 ], [ 3386681.830128156580031, 8325733.722009721212089 ], [ 3386678.089793269056827, 8325740.136140587739646 ], [ 3386677.199237341061234, 8325746.241693018935621 ], [ 3386685.114053133875132, 8325750.275327893905342 ], [ 3386694.064140190836042, 8325750.583912070840597 ], [ 3386703.470637158490717, 8325744.76489828247577 ], [ 3386708.402090598363429, 8325745.514316474087536 ], [ 3386708.101527972146869, 8325751.928457575850189 ], [ 3386713.778822002466768, 8325755.807803352363408 ], [ 3386716.906899692956358, 8325764.00733635108918 ], [ 3386713.778822003863752, 8325776.416861928068101 ], [ 3386713.478259378112853, 8325781.640771467238665 ], [ 3386718.99970612116158, 8325783.866995642893016 ], [ 3386731.244850100483745, 8325785.96096948813647 ], [ 3386742.14302824717015, 8325794.909959141165018 ], [ 3386746.01694652531296, 8325807.760374561883509 ], [ 3386745.727515851147473, 8325821.801076993346214 ], [ 3386758.417937793768942, 8325828.810417231172323 ], [ 3386759.609056346584111, 8325839.412608027458191 ], [ 3386754.833450193982571, 8325848.075116162188351 ], [ 3386743.189431463833898, 8325849.265385251492262 ], [ 3386738.859103274531662, 8325853.144782120361924 ], [ 3386742.888868839479983, 8325865.091573926620185 ], [ 3386734.372927798889577, 8325874.790090695023537 ], [ 3386736.020456262864172, 8325887.772897846065462 ], [ 3386732.435968663543463, 8325911.358021824620664 ], [ 3386727.960925136692822, 8325923.613499133847654 ], [ 3386717.808587581384927, 8325930.777231801301241 ], [ 3386699.886149570345879, 8325923.613499133847654 ], [ 3386669.440268856473267, 8325955.552779247052968 ], [ 3386648.835031122434884, 8325967.80832985509187 ], [ 3386641.96661854442209, 8325986.919094120152295 ], [ 3386648.233905875589699, 8326020.952688263729215 ], [ 3386660.178487233817577, 8326029.901962487958372 ], [ 3386664.653530760668218, 8326044.229640842415392 ], [ 3386664.653530763462186, 8326076.478040046989918 ], [ 3386681.529565567616373, 8326146.199427921324968 ], [ 3386690.780215250328183, 8326168.440755166113377 ], [ 3386682.575968785211444, 8326198.904207969084382 ], [ 3386668.538581004366279, 8326216.957500113174319 ], [ 3386660.623765214346349, 8326240.697977066971362 ], [ 3386655.102318474557251, 8326250.26472750492394 ], [ 3386653.610637301579118, 8326269.817087763920426 ], [ 3386660.033771916758269, 8326281.918856394477189 ], [ 3386670.776102773379534, 8326288.620026422664523 ], [ 3386714.224100016988814, 8326355.962713891640306 ], [ 3386735.419331057928503, 8326401.945667489431798 ], [ 3386739.003818661905825, 8326444.335767450742424 ], [ 3386729.152043733745813, 8326462.257396107539535 ], [ 3386698.995593692176044, 8326472.706188588403165 ], [ 3386686.750449712388217, 8326484.940552998334169 ], [ 3386660.479049901012331, 8326523.164805820211768 ], [ 3386651.818393520545214, 8326530.637736477889121 ], [ 3386648.835031172726303, 8326544.657768385484815 ], [ 3386658.686806103680283, 8326558.699871019460261 ], [ 3386673.614749812055379, 8326570.339185110293329 ], [ 3386678.089793344028294, 8326614.229263568297029 ], [ 3386687.051012352108955, 8326657.524403003975749 ], [ 3386706.754562215413898, 8326685.30044068954885 ], [ 3386741.397187738213688, 8326720.814240966923535 ], [ 3386746.172793891746551, 8326735.760509615764022 ], [ 3386740.796062492299825, 8326782.936246134340763 ], [ 3386710.94017508206889, 8326859.057356983423233 ], [ 3386709.147931285668164, 8326880.573341640643775 ], [ 3386714.524662687443197, 8326896.093107170425355 ], [ 3386732.636343833059072, 8326925.280936313793063 ], [ 3386739.905506580602378, 8326936.986963632516563 ], [ 3386820.968359746038914, 8327010.111474885605276 ], [ 3386834.248774991370738, 8327025.675603544339538 ], [ 3386849.477281325962394, 8327030.15084773581475 ], [ 3386859.930181504692882, 8327024.6394636426121 ], [ 3386869.336678471416235, 8327007.157380513846874 ], [ 3386879.489016027655452, 8327008.656473029404879 ], [ 3386884.11990684363991, 8327026.579470371827483 ], [ 3386899.938406478147954, 8327029.269025999121368 ], [ 3386916.068600688129663, 8327037.029060843400657 ], [ 3386917.582545762881637, 8327047.743213253095746 ], [ 3386914.265224942006171, 8327074.793210360221565 ], [ 3386928.013182048220187, 8327093.906837712973356 ], [ 3386958.459062766749412, 8327101.821260737255216 ], [ 3386996.085050637833774, 8327102.416496233083308 ], [ 3387022.957575702574104, 8327103.606967381201684 ], [ 3387048.939544843044132, 8327118.223323193378747 ], [ 3387075.800937960390002, 8327126.600734728388488 ], [ 3387105.200415465049446, 8327131.428773584775627 ], [ 3387120.929859508294612, 8327140.42348453309387 ], [ 3387131.594266719650477, 8327137.623659121803939 ], [ 3387142.392257322557271, 8327128.386447362601757 ], [ 3387155.227394604124129, 8327117.936727698892355 ], [ 3387169.231386537197977, 8327112.888239736668766 ], [ 3387182.712176867295057, 8327111.212759775109589 ], [ 3387208.081888804212213, 8327096.442097630351782 ], [ 3387219.725907535292208, 8327079.422804127447307 ], [ 3387236.446095045655966, 8327076.424590684473515 ], [ 3387258.543013955000788, 8327080.3266775412485 ], [ 3387279.894092282280326, 8327090.996801272034645 ], [ 3387296.736731234937906, 8327119.634254985488951 ], [ 3387311.341848420910537, 8327148.293865578249097 ], [ 3387327.639021866954863, 8327162.337115341797471 ], [ 3387341.843388888053596, 8327169.898876274935901 ], [ 3387362.148063997272402, 8327182.134395043365657 ], [ 3387382.152176487259567, 8327196.464307645335793 ], [ 3387400.063482547644526, 8327210.794248042628169 ], [ 3387423.351520012598485, 8327219.458363944664598 ], [ 3387443.656195123679936, 8327229.312981404364109 ], [ 3387466.376503186300397, 8327247.699484022334218 ], [ 3387477.608639801386744, 8327272.98651138599962 ], [ 3387478.176369208376855, 8327294.900535334832966 ], [ 3387466.376503192819655, 8327315.668211583048105 ], [ 3387461.868063818663359, 8327329.336990001611412 ], [ 3387444.858445635996759, 8327349.33313559833914 ], [ 3387430.520495228935033, 8327378.610941431485116 ], [ 3387424.253207903821021, 8327409.96125069167465 ], [ 3387427.058459070976824, 8327429.715100360102952 ], [ 3387433.214426911901683, 8327444.883270765654743 ], [ 3387439.181151617318392, 8327460.99948594160378 ], [ 3387434.917615122627467, 8327476.895267491228878 ], [ 3387442.465076596476138, 8327499.2287881039083 ], [ 3387457.393020305316895, 8327514.749853045679629 ], [ 3387491.43452057801187, 8327537.744899810291827 ], [ 3387515.613113969098777, 8327557.454996849410236 ], [ 3387539.201714058406651, 8327591.495825177058578 ], [ 3387567.27648962661624, 8327625.228147829882801 ], [ 3387583.395551888272166, 8327653.603103188797832 ], [ 3387595.573904178570956, 8327678.538759983144701 ], [ 3387593.881847920827568, 8327705.502876120619476 ], [ 3387591.644326158799231, 8327730.218231710605323 ], [ 3387581.002182846423239, 8327757.491204439662397 ], [ 3387576.226576695218682, 8327779.009805292822421 ], [ 3387567.421204979065806, 8327800.043416290543973 ], [ 3387573.666228412184864, 8327818.409291198477149 ], [ 3387592.768653026316315, 8327839.751685774885118 ], [ 3387616.357253115624189, 8327855.471898073330522 ], [ 3387641.07018005894497, 8327856.045146269723773 ], [ 3387664.614252352155745, 8327861.998111022636294 ], [ 3387690.5850895405747, 8327853.796249711886048 ], [ 3387707.906402299646288, 8327843.03683256264776 ], [ 3387730.448599174618721, 8327836.179917101748288 ], [ 3387744.77541763195768, 8327827.669413502328098 ], [ 3387776.278833508957177, 8327814.374527239240706 ], [ 3387798.075189796742052, 8327816.028118751943111 ], [ 3387819.426268119364977, 8327811.684685832820833 ], [ 3387840.031505858059973, 8327824.692944347858429 ], [ 3387866.447621013503522, 8327845.726685370318592 ], [ 3387893.475993367377669, 8327867.091206897050142 ], [ 3387918.400427345652133, 8327884.244603248313069 ], [ 3387941.399034131318331, 8327884.839901781640947 ], [ 3387965.432912185788155, 8327877.23331303242594 ], [ 3388008.725062128156424, 8327843.632127756252885 ], [ 3388021.560199412051588, 8327824.229938121512532 ], [ 3388032.168946878518909, 8327820.349506316706538 ], [ 3388052.173059366177768, 8327830.645883835852146 ], [ 3388071.275483975186944, 8327830.645883835852146 ], [ 3388091.279596463311464, 8327833.490067728795111 ], [ 3388113.075952749233693, 8327842.441537376493216 ], [ 3388128.460306372493505, 8327852.892281674779952 ], [ 3388141.295443655923009, 8327870.067693115212023 ], [ 3388156.824512616265565, 8327896.48130492027849 ], [ 3388200.918162901420146, 8327925.121880521066487 ], [ 3388225.352791121229529, 8327947.390611083246768 ], [ 3388251.557399244513363, 8327975.105352655984461 ], [ 3388277.149750168900937, 8328001.14451642986387 ], [ 3388302.530594058334827, 8328019.95186113845557 ], [ 3388322.979984510689974, 8328031.902156611904502 ], [ 3388331.340078265406191, 8328053.840479992330074 ], [ 3388342.3941036965698, 8328066.981456656008959 ], [ 3388361.797090934123844, 8328078.46880607213825 ], [ 3388392.398818938527256, 8328077.873491930775344 ], [ 3388408.829575773328543, 8328083.253369531594217 ], [ 3388431.817050613462925, 8328094.740744235925376 ], [ 3388457.643172464799136, 8328102.501898099668324 ], [ 3388477.346722327638417, 8328106.404526845552027 ], [ 3388496.01500092446804, 8328118.332913357764482 ], [ 3388509.150700834114105, 8328125.498774033039808 ], [ 3388516.464391376357526, 8328131.099174601957202 ], [ 3388517.811357215046883, 8328146.246735980734229 ], [ 3388495.859153642784804, 8328157.601915170438588 ], [ 3388494.968597717117518, 8328166.840413640253246 ], [ 3388502.215496563818306, 8328175.417454767972231 ], [ 3388519.848503898829222, 8328184.435485616326332 ], [ 3388538.57244224101305, 8328190.234371903352439 ], [ 3388566.558162215631455, 8328195.437939140945673 ], [ 3388595.145007436629385, 8328194.732370481826365 ], [ 3388617.587016772013158, 8328203.177149724215269 ], [ 3388633.238537170458585, 8328211.754233039915562 ], [ 3388647.543091729748994, 8328212.547999602742493 ], [ 3388663.962716614827514, 8328200.00208798982203 ], [ 3388680.983466747682542, 8328203.574032534845173 ], [ 3388698.605342134833336, 8328210.144651092588902 ], [ 3388715.915522945579141, 8328223.285905727185309 ], [ 3388735.919635433238, 8328244.497174774296582 ], [ 3388735.619072808884084, 8328259.115787528455257 ], [ 3388728.461229554843158, 8328273.447788894176483 ], [ 3388719.500010549556464, 8328284.207832808606327 ], [ 3388714.724404400680214, 8328300.921210779808462 ], [ 3388714.123279152903706, 8328326.895374522544444 ], [ 3388718.609454630874097, 8328341.822842710651457 ], [ 3388738.613567117135972, 8328356.750341048464179 ], [ 3388768.770017161034048, 8328369.891856429167092 ], [ 3388801.609266930259764, 8328378.843975929543376 ], [ 3388831.465154349803925, 8328381.842717888765037 ], [ 3388855.354317062068731, 8328387.81815586425364 ], [ 3388892.679742307867855, 8328382.724701046012342 ], [ 3388922.235067098867148, 8328378.557331523858011 ], [ 3388941.949748908635229, 8328378.557331529445946 ], [ 3388954.183760943356901, 8328394.366888636723161 ], [ 3388969.111704652197659, 8328404.531768186949193 ], [ 3389002.852642296813428, 8328404.818413588218391 ], [ 3389031.517411164008081, 8328431.101638696156442 ], [ 3389042.571436596103013, 8328453.504192962311208 ], [ 3389050.63096772832796, 8328475.598117144778371 ], [ 3389059.881617410574108, 8328491.407881889492273 ], [ 3389065.258348812349141, 8328504.549636770971119 ], [ 3389076.902367546223104, 8328519.190814017318189 ], [ 3389098.398161210119724, 8328540.689583196304739 ], [ 3389115.118348721414804, 8328557.094839907251298 ], [ 3389121.396768000908196, 8328568.75935238506645 ], [ 3389119.303961576428264, 8328587.259439242072403 ], [ 3389114.973633388523012, 8328599.232702512294054 ], [ 3389108.550498772412539, 8328610.853180980309844 ], [ 3389103.474329995922744, 8328624.281802223064005 ], [ 3389089.147511538583785, 8328642.495373462326825 ], [ 3389076.902367559727281, 8328660.113628563471138 ], [ 3389054.504886025097221, 8328684.898328880779445 ], [ 3389030.326292637269944, 8328698.635791998356581 ], [ 3388971.805636357981712, 8328755.658664777874947 ], [ 3388942.840304869692773, 8328788.205559737049043 ], [ 3388925.518992113415152, 8328821.656684497371316 ], [ 3388927.912361167371273, 8328846.133213208056986 ], [ 3388942.2391796275042, 8328863.443239660933614 ], [ 3388976.881805146578699, 8328872.109293615445495 ], [ 3389025.550686498172581, 8328870.609822985716164 ], [ 3389072.727886674460024, 8328859.275599007494748 ], [ 3389107.359380242414773, 8328857.180754059925675 ], [ 3389137.816392910666764, 8328866.442178284749389 ], [ 3389149.282300459221005, 8328895.196769400499761 ], [ 3389143.78311762213707, 8328944.966291632503271 ], [ 3389139.007511472329497, 8329007.658284780569375 ], [ 3389130.647417720872909, 8329027.063582165166736 ], [ 3389102.283211481291801, 8329050.063335863873363 ], [ 3389066.805689784698188, 8329075.753461791202426 ], [ 3389032.118536474183202, 8329130.088923667557538 ], [ 3389007.928811142686754, 8329202.639737195335329 ], [ 3389011.658014086540788, 8329252.808269553817809 ], [ 3389021.075643006712198, 8329279.425295143388212 ], [ 3389030.326292688492686, 8329292.502294789068401 ], [ 3389043.428596748504788, 8329307.167085833847523 ], [ 3389057.644095716997981, 8329317.002435677684844 ], [ 3389064.657223633490503, 8329321.170334518887103 ], [ 3389073.919005265459418, 8329324.764873501844704 ], [ 3389187.375830229837447, 8329357.31427544914186 ], [ 3389272.524108702782542, 8329384.99020085670054 ], [ 3389352.384711361024529, 8329414.143757925368845 ], [ 3389386.526399173773825, 8329416.723919418640435 ], [ 3389419.365648941602558, 8329415.577180857770145 ], [ 3389453.418281157966703, 8329411.651807924732566 ], [ 3389485.834516862872988, 8329407.572068601846695 ], [ 3389518.506787396036088, 8329406.866384180262685 ], [ 3389551.646599789150059, 8329413.041125070303679 ], [ 3389584.496981506235898, 8329421.796034388244152 ], [ 3389619.017155587207526, 8329436.461082051508129 ], [ 3389668.398481683339924, 8329471.061888821423054 ], [ 3389720.184308778960258, 8329509.389804023317993 ], [ 3389756.775025387760252, 8329539.448026220314205 ], [ 3389789.62540710857138, 8329566.463040458969772 ], [ 3389811.711194075178355, 8329588.405920641496778 ], [ 3389830.579847755841911, 8329610.040120580233634 ], [ 3389842.168206745292991, 8329631.100997888483107 ], [ 3389849.481897287070751, 8329655.161194015294313 ], [ 3389850.528300504200161, 8329672.318741961382329 ], [ 3389849.30378610547632, 8329689.057313621975482 ], [ 3389847.845500778406858, 8329701.870396084152162 ], [ 3389843.170082169119269, 8329714.110108342953026 ], [ 3389836.268273743335158, 8329726.460108830593526 ], [ 3389829.778347434010357, 8329737.61923416890204 ], [ 3389805.833524980582297, 8329790.437852532602847 ], [ 3389795.291569208726287, 8329816.373145328834653 ], [ 3389784.270939627662301, 8329839.044547278434038 ], [ 3389769.621294648386538, 8329861.760126777924597 ], [ 3389758.756512354593724, 8329877.462587618269026 ], [ 3389747.502111841458827, 8329895.105841847136617 ], [ 3389740.054837912786752, 8329911.315618808381259 ], [ 3389733.275480926968157, 8329926.334505118429661 ], [ 3389729.312507058493793, 8329939.103890625759959 ], [ 3389725.627831915859133, 8329954.078724883496761 ], [ 3389726.318012760486454, 8329969.0976981241256 ], [ 3389731.071355016436428, 8329983.410962414927781 ], [ 3389734.678106516133994, 8329996.577425698749721 ], [ 3389737.372038193047047, 8330012.103737509809434 ], [ 3389737.127135314978659, 8330020.815247775986791 ], [ 3389735.869225070346147, 8330034.48903143312782 ], [ 3389732.173417979851365, 8330048.471604116261005 ], [ 3389724.592560662422329, 8330066.798959492705762 ], [ 3389715.609077760018408, 8330085.920328181236982 ], [ 3389709.608957210090011, 8330100.277928202413023 ], [ 3389701.883384555578232, 8330124.802802608348429 ], [ 3389699.857369824312627, 8330137.682805214077234 ], [ 3389698.332292804028839, 8330147.364876762963831 ], [ 3389699.278508475981653, 8330161.921090197749436 ], [ 3389702.473377861082554, 8330173.036763411015272 ], [ 3389707.571810536086559, 8330179.123924879357219 ], [ 3389714.028341000899673, 8330185.387531033717096 ], [ 3389721.987684589810669, 8330190.41606377158314 ], [ 3389731.639084435999393, 8330192.555396713316441 ], [ 3389746.455708653666079, 8330192.136352065950632 ], [ 3389764.623049544170499, 8330188.078236726112664 ], [ 3389771.558253815863281, 8330186.313839440234005 ], [ 3389775.209533113520592, 8330185.343421114608645 ], [ 3389778.949868001975119, 8330185.18903639074415 ], [ 3389786.441669728141278, 8330186.005069958977401 ], [ 3389792.831408496946096, 8330188.431116229854524 ], [ 3389801.002259118016809, 8330194.562400351278484 ], [ 3389809.228769484441727, 8330202.546310325153172 ], [ 3389813.75947275897488, 8330208.964321559295058 ], [ 3389818.51281501352787, 8330218.27155049983412 ], [ 3389820.761468726675957, 8330226.365761507302523 ], [ 3389822.408997191116214, 8330235.717122599482536 ], [ 3389823.477664303034544, 8330245.884535701945424 ], [ 3389827.206867245957255, 8330269.814402674324811 ], [ 3389827.986103682313114, 8330284.392912613227963 ], [ 3389829.277409775182605, 8330297.581967577338219 ], [ 3389831.804362217430025, 8330314.939505552873015 ], [ 3389834.353578555397689, 8330327.114067323505878 ], [ 3389838.739566491916776, 8330339.487147939391434 ], [ 3389844.283277130685747, 8330350.117868334986269 ], [ 3389853.890149184037, 8330364.872980701737106 ], [ 3389865.122285800985992, 8330379.275233894586563 ], [ 3389874.562178615015, 8330391.141123626381159 ], [ 3389880.094757306855172, 8330396.434463479556143 ], [ 3389884.74791202088818, 8330400.117748042568564 ], [ 3389887.998441150877625, 8330402.19097488373518 ], [ 3389890.99293545121327, 8330403.845145648345351 ], [ 3389896.113632026128471, 8330405.808095456101 ], [ 3389906.132386191748083, 8330408.542992660775781 ], [ 3389915.917369428556412, 8330409.954552904702723 ], [ 3389924.756136994343251, 8330410.770611304789782 ], [ 3389932.637556937988847, 8330411.741059239022434 ], [ 3389939.951247481163591, 8330413.086453171446919 ], [ 3389959.665929291862994, 8330417.277026024647057 ], [ 3389985.29167605843395, 8330421.401434266939759 ], [ 3390006.843129467684776, 8330425.922847006469965 ], [ 3390023.418601638637483, 8330428.922419908456504 ], [ 3390035.352051046211272, 8330430.267816977575421 ], [ 3390043.634221157990396, 8330431.127988999709487 ], [ 3390054.966545315925032, 8330432.826277646236122 ], [ 3390062.82570136198774, 8330435.781741940416396 ], [ 3390080.135882173664868, 8330443.545355265960097 ], [ 3390115.936230398248881, 8330459.07260639872402 ], [ 3390159.172720602713525, 8330477.820041163824499 ], [ 3390177.328929541632533, 8330485.649866229854524 ], [ 3390194.472131120041013, 8330495.751455628313124 ], [ 3390207.630094923079014, 8330504.904654450714588 ], [ 3390223.047844392247498, 8330516.903081652708352 ], [ 3390231.908875858411193, 8330526.894433877430856 ], [ 3390237.35239895619452, 8330536.025615280494094 ], [ 3390240.981414353474975, 8330541.826347487047315 ], [ 3390244.810804836452007, 8330551.266332074999809 ], [ 3390246.36927770730108, 8330561.91941328253597 ], [ 3390248.395292439498007, 8330576.123545449227095 ], [ 3390247.950014478992671, 8330592.555378380231559 ], [ 3390247.270965585485101, 8330607.906492901965976 ], [ 3390246.580784746445715, 8330620.831450263038278 ], [ 3390245.40079814568162, 8330638.366198187693954 ], [ 3390245.033443828113377, 8330653.14394258800894 ], [ 3390245.812680262606591, 8330663.047253512777388 ], [ 3390247.348889236338437, 8330670.965500527992845 ], [ 3390250.087348708417267, 8330678.641135269775987 ], [ 3390255.697851042728871, 8330687.24314918089658 ], [ 3390261.931742523796856, 8330696.065737960860133 ], [ 3390270.102593145798892, 8330706.145558541640639 ], [ 3390278.295707664918154, 8330713.534494835883379 ], [ 3390287.201266925781965, 8330719.13685742020607 ], [ 3390297.520583719015121, 8330722.555624084547162 ], [ 3390306.659913906361908, 8330722.180662505328655 ], [ 3390316.667536125984043, 8330720.394081110134721 ], [ 3390329.357958069071174, 8330715.872488153167069 ], [ 3390341.380463069304824, 8330710.997993481345475 ], [ 3390353.547683405689895, 8330704.689828677102923 ], [ 3390368.86524533201009, 8330695.558438813313842 ], [ 3390382.301507863681763, 8330685.853592401370406 ], [ 3390398.81018834002316, 8330673.0608597882092 ], [ 3390418.279967268463224, 8330658.216906426474452 ], [ 3390439.708969234488904, 8330639.049943903461099 ], [ 3390453.768620914313942, 8330625.176534852012992 ], [ 3390459.79100536275655, 8330618.074418201111257 ], [ 3390464.711326852906495, 8330610.751746066845953 ], [ 3390472.336711967363954, 8330599.282515140250325 ], [ 3390476.433269225526601, 8330594.297816484235227 ], [ 3390480.68567377096042, 8330589.996862382628024 ], [ 3390484.793362980242819, 8330586.798718648962677 ], [ 3390488.901052188593894, 8330584.174036203883588 ], [ 3390491.661775558255613, 8330583.137397172860801 ], [ 3390494.27778359176591, 8330582.828611107543111 ], [ 3390496.815867980476469, 8330583.04917258117348 ], [ 3390499.064521691761911, 8330583.53440785035491 ], [ 3390503.595224965363741, 8330585.541517692618072 ], [ 3390508.526678405702114, 8330588.938166368752718 ], [ 3390511.743811687920243, 8330591.651075205765665 ], [ 3390514.126048792153597, 8330594.18753557652235 ], [ 3390515.584334120620042, 8330596.459322568029165 ], [ 3390516.964695806615055, 8330598.995784601196647 ], [ 3390518.211474101990461, 8330602.833563580177724 ], [ 3390521.150308658834547, 8330614.324856262654066 ], [ 3390523.154059493914247, 8330627.360106249339879 ], [ 3390525.21347007388249, 8330666.024866281077266 ], [ 3390527.417595997918397, 8330733.164839080534875 ], [ 3390530.400958351790905, 8330754.228918171487749 ], [ 3390535.031849167775363, 8330769.29363146610558 ], [ 3390541.800074205268174, 8330781.843906555324793 ], [ 3390552.943155230954289, 8330796.621937944553792 ], [ 3390570.854461292736232, 8330815.414342943578959 ], [ 3390590.268580478616059, 8330836.037518466822803 ], [ 3390605.274447831325233, 8330852.161132152192295 ], [ 3390618.58825892675668, 8330866.784905226901174 ], [ 3390629.018895210698247, 8330879.754429552704096 ], [ 3390634.907696272712201, 8330890.518269748426974 ], [ 3390638.269544893875718, 8330901.701210495084524 ], [ 3390639.382739799562842, 8330909.774113156832755 ], [ 3390639.238024462014437, 8330918.442567629739642 ], [ 3390638.937461839057505, 8330927.397775566205382 ], [ 3390637.891058625653386, 8330938.139627973549068 ], [ 3390636.243530164007097, 8330943.962733131833375 ], [ 3390633.059792731888592, 8330953.623804089613259 ], [ 3390630.755479273851961, 8330958.873432421125472 ], [ 3390621.315586457494646, 8330979.055861788801849 ], [ 3390614.302458543796092, 8330996.216484447009861 ], [ 3390604.283704379573464, 8331025.221997682005167 ], [ 3390584.947508847806603, 8331132.708820241503417 ], [ 3390576.387040010187775, 8331138.487963149324059 ], [ 3390571.600301908329129, 8331144.024474528618157 ], [ 3390563.540770780760795, 8331161.185480374842882 ], [ 3390557.128768114373088, 8331178.346526077948511 ], [ 3390552.197314675431699, 8331193.87532159127295 ], [ 3390549.213952326215804, 8331211.058501246385276 ], [ 3390548.913389704190195, 8331235.101785066537559 ], [ 3390552.99881501449272, 8331266.027298188768327 ], [ 3390555.781802286859602, 8331278.379893111996353 ], [ 3390560.034206833690405, 8331289.87223657220602 ], [ 3390567.548272461164743, 8331310.165861769579351 ], [ 3390571.911996499169618, 8331324.636132916435599 ], [ 3390575.630067490506917, 8331340.871105009689927 ], [ 3390576.798922144807875, 8331349.760649681091309 ], [ 3390580.717368219979107, 8331369.745620425790548 ], [ 3390585.337127087637782, 8331386.620389483869076 ], [ 3390594.554380923975259, 8331414.546562545001507 ], [ 3390612.866437152959406, 8331455.377199895679951 ], [ 3390639.3270801063627, 8331496.715417025610805 ], [ 3390681.76206998154521, 8331548.774546739645302 ], [ 3390726.056095350068063, 8331600.878161674365401 ], [ 3390734.182418177835643, 8331609.503308653831482 ], [ 3390743.588915144558996, 8331616.672556133940816 ], [ 3390755.533496502786875, 8331626.069795678369701 ], [ 3390770.316724872216582, 8331633.018466400913894 ], [ 3390787.482190345879644, 8331637.584739305078983 ], [ 3390806.439899621065706, 8331640.717160026542842 ], [ 3390828.659269972704351, 8331644.00399727653712 ], [ 3390851.82485599629581, 8331649.077641543000937 ], [ 3390868.545043507125229, 8331655.188078609295189 ], [ 3390888.860850566066802, 8331662.423548537306488 ], [ 3390903.922377665527165, 8331670.122272795066237 ], [ 3390923.637059476226568, 8331681.328453096561134 ], [ 3390953.504078844096512, 8331704.42470904160291 ], [ 3390964.2464097016491, 8331714.020595924928784 ], [ 3390974.799497423693538, 8331725.866570024751127 ], [ 3390981.61225025774911, 8331737.778741898015141 ], [ 3390983.760716431308538, 8331745.808438966982067 ], [ 3390985.330321250017732, 8331752.360148808918893 ], [ 3390985.141078117769212, 8331761.338427287526429 ], [ 3390984.328445835970342, 8331770.735850845463574 ], [ 3390981.589986363891512, 8331779.118539227172732 ], [ 3390978.016630711965263, 8331785.207024116069078 ], [ 3390973.341212102212012, 8331793.501489874906838 ], [ 3390971.537836351897568, 8331797.494307826273143 ], [ 3390970.357849750202149, 8331807.178554803133011 ], [ 3390970.947843051981181, 8331819.355575856752694 ], [ 3390971.827267030254006, 8331841.062489251606166 ], [ 3390970.958975004963577, 8331856.12941886857152 ], [ 3390969.188995102886111, 8331868.15210070554167 ], [ 3390969.278050695545971, 8331877.329060018062592 ], [ 3390970.112946876790375, 8331884.277967075817287 ], [ 3390975.667789466213435, 8331896.410995070822537 ], [ 3390980.810749940108508, 8331905.543869292363524 ], [ 3390982.925820264499635, 8331910.750053849071264 ], [ 3390984.684668218716979, 8331914.588514304719865 ], [ 3390987.835009807255119, 8331924.802358450368047 ], [ 3390993.156081466935575, 8331934.111749210394919 ], [ 3391002.462390894535929, 8331947.347870025783777 ], [ 3391013.204721751157194, 8331963.473909261636436 ], [ 3391019.627856366336346, 8331975.562946707941592 ], [ 3391023.958184557966888, 8331983.923807173967361 ], [ 3391027.976818175520748, 8331991.225780121050775 ], [ 3391031.87300035264343, 8331999.454296054318547 ], [ 3391037.995572344399989, 8332012.006661063060164 ], [ 3391046.355666100047529, 8332024.845833278261125 ], [ 3391050.830709627363831, 8332032.236088579520583 ], [ 3391059.869852277450264, 8332045.847413940355182 ], [ 3391067.85145976440981, 8332055.884955198504031 ], [ 3391073.818184467963874, 8332062.304576640017331 ], [ 3391081.766396106686443, 8332070.158141733147204 ], [ 3391093.187775858212262, 8332082.379717508330941 ], [ 3391097.406784558668733, 8332085.754993801005185 ], [ 3391102.048807322047651, 8332088.247845905832946 ], [ 3391111.744734965730458, 8332093.365916596725583 ], [ 3391121.841412776615471, 8332097.954534703865647 ], [ 3391136.89180792728439, 8332106.800869008526206 ], [ 3391144.439269398804754, 8332111.279191905632615 ], [ 3391152.164842056576163, 8332117.78710441570729 ], [ 3391161.460019533988088, 8332125.000966671854258 ], [ 3391166.536188312806189, 8332129.479300596751273 ], [ 3391172.469517167657614, 8332134.420913610607386 ], [ 3391178.625485008116812, 8332140.399387337267399 ], [ 3391184.269383186940104, 8332145.25276439730078 ], [ 3391192.217594829387963, 8332155.246319029480219 ], [ 3391196.236228445544839, 8332164.158904545940459 ], [ 3391198.284507074858993, 8332174.505459135398269 ], [ 3391198.473750209435821, 8332178.763213953003287 ], [ 3391198.395826567430049, 8332183.903408273123205 ], [ 3391195.345672522205859, 8332191.60267598554492 ], [ 3391190.859497046098113, 8332199.897598024457693 ], [ 3391187.286141395568848, 8332211.148703973740339 ], [ 3391185.638612931594253, 8332221.29677501693368 ], [ 3391183.601466254331172, 8332233.430356529541314 ], [ 3391182.209972618147731, 8332247.284724869765341 ], [ 3391179.371325606480241, 8332261.006752246059477 ], [ 3391176.788713422603905, 8332275.500947103835642 ], [ 3391173.170829976443201, 8332302.901009600609541 ], [ 3391169.564078476745635, 8332327.102276530116796 ], [ 3391168.172584844753146, 8332338.508005938492715 ], [ 3391164.287534618284553, 8332347.641426708549261 ], [ 3391160.925685998983681, 8332351.811035586521029 ], [ 3391158.921935165300965, 8332358.208852750249207 ], [ 3391160.101921767927706, 8332366.305408611893654 ], [ 3391160.257769055198878, 8332372.681176822632551 ], [ 3391157.741948566399515, 8332390.131837006658316 ], [ 3391156.973844081629068, 8332400.74344698432833 ], [ 3391155.482162906322628, 8332413.892157406546175 ], [ 3391154.625002830754966, 8332424.062568604014814 ], [ 3391154.881037657614797, 8332437.321628957055509 ], [ 3391155.593482400756329, 8332451.485243837349117 ], [ 3391157.819872216787189, 8332464.126623975113034 ], [ 3391160.113053726498038, 8332470.01711739692837 ], [ 3391163.029624384827912, 8332477.562250669114292 ], [ 3391167.727306894492358, 8332483.916053077206016 ], [ 3391172.814607621636242, 8332491.152334707789123 ], [ 3391180.874138752929866, 8332501.013986013829708 ], [ 3391188.14330150000751, 8332508.029665437527001 ], [ 3391198.77431286405772, 8332518.840002103708684 ], [ 3391214.537152755074203, 8332529.120867576450109 ], [ 3391227.739644357934594, 8332536.599875267595053 ], [ 3391238.82706563686952, 8332542.622798466123641 ], [ 3391254.946127895731479, 8332552.17565010022372 ], [ 3391276.219282578211278, 8332570.266534608788788 ], [ 3391287.19538436550647, 8332587.452915935777128 ], [ 3391294.753977789077908, 8332600.601958678103983 ], [ 3391300.275424530729651, 8332613.530402711592615 ], [ 3391305.218009920790792, 8332627.076612383127213 ], [ 3391308.479671001434326, 8332637.512064459733665 ], [ 3391316.572597979102284, 8332662.618984173983335 ], [ 3391323.630253694485873, 8332677.378715821541846 ], [ 3391330.899416440166533, 8332693.660785835236311 ], [ 3391335.08502929424867, 8332705.155331126414239 ], [ 3391342.164948906283826, 8332718.525208612903953 ], [ 3391348.076013865415007, 8332726.75453466642648 ], [ 3391351.805216805078089, 8332736.506187606602907 ], [ 3391358.517782097682357, 8332746.368166446685791 ], [ 3391367.779563730582595, 8332761.128065423108637 ], [ 3391375.839094860013574, 8332776.969066032208502 ], [ 3391381.894875157624483, 8332791.94965358171612 ], [ 3391386.581425719894469, 8332808.60704358574003 ], [ 3391390.18817722145468, 8332822.749307501129806 ], [ 3391394.796804138924927, 8332843.245709949173033 ], [ 3391398.436951487325132, 8332858.18230601772666 ], [ 3391402.266341969836503, 8332874.442711538635194 ], [ 3391407.08647592086345, 8332886.643554924055934 ], [ 3391410.325873102992773, 8332894.895131323486567 ], [ 3391415.958639334887266, 8332906.500305148772895 ], [ 3391421.524613871704787, 8332917.598045476712286 ], [ 3391426.700970193836838, 8332927.239634586498141 ], [ 3391430.196402203757316, 8332934.608729504048824 ], [ 3391435.996147672645748, 8332948.354096830822527 ], [ 3391441.528726362157613, 8332958.944445444270968 ], [ 3391449.076187836006284, 8332969.049417231231928 ], [ 3391451.525216632522643, 8332978.051237803883851 ], [ 3391453.150481197983027, 8332986.391169585287571 ], [ 3391453.963113482110202, 8332995.52539139892906 ], [ 3391454.88706525741145, 8333008.741350674070418 ], [ 3391456.445538128726184, 8333039.07857533544302 ], [ 3391459.740595057606697, 8333061.517170006409287 ], [ 3391461.210012337192893, 8333086.206321973353624 ], [ 3391462.579242075793445, 8333104.144068581983447 ], [ 3391463.826020371168852, 8333120.802162551321089 ], [ 3391467.154473146889359, 8333140.019692464731634 ], [ 3391467.800126194488257, 8333156.832314160652459 ], [ 3391466.686931290663779, 8333170.423647863790393 ], [ 3391465.250909861177206, 8333191.803572427481413 ], [ 3391463.848284277599305, 8333205.505290358327329 ], [ 3391460.664546844083816, 8333219.361481850035489 ], [ 3391456.601385433226824, 8333233.350083692930639 ], [ 3391453.818398165982217, 8333248.309532636776567 ], [ 3391454.441787315066904, 8333263.136626977473497 ], [ 3391456.133843574672937, 8333273.197886512614787 ], [ 3391454.063301048707217, 8333283.060581849887967 ], [ 3391450.523341244552284, 8333289.017920990474522 ], [ 3391443.844171799719334, 8333298.064259983599186 ], [ 3391441.974004354793578, 8333307.684281392022967 ], [ 3391438.845926667097956, 8333319.356296678073704 ], [ 3391431.19827765552327, 8333334.249726705253124 ], [ 3391413.910360745619982, 8333358.895661317743361 ], [ 3391406.140260291751474, 8333373.987751384265721 ], [ 3391400.60768160270527, 8333387.756000804714859 ], [ 3391395.987922739237547, 8333401.082984610460699 ], [ 3391389.720635411795229, 8333419.661369725130498 ], [ 3391385.245591885875911, 8333435.040424569509923 ], [ 3391380.837340053170919, 8333450.640158537775278 ], [ 3391374.191566457506269, 8333469.593769311904907 ], [ 3391367.323153879493475, 8333487.113215300254524 ], [ 3391361.957554428372532, 8333499.535719184204936 ], [ 3391356.05762141989544, 8333513.127683416940272 ], [ 3391351.504654249176383, 8333524.093945520929992 ], [ 3391347.998090290930122, 8333535.810432670637965 ], [ 3391346.205846491735429, 8333541.414935925044119 ], [ 3391343.578706511761993, 8333547.32835340872407 ], [ 3391337.467266468796879, 8333556.485333865508437 ], [ 3391334.038626156747341, 8333561.494096645154059 ], [ 3391332.569208877161145, 8333564.29635748360306 ], [ 3391331.055263802874833, 8333567.164814560674131 ], [ 3391328.060769504867494, 8333582.544176487252116 ], [ 3391323.73044131603092, 8333591.502614408731461 ], [ 3391317.017876024823636, 8333597.460202297195792 ], [ 3391310.828512337990105, 8333601.520190860144794 ], [ 3391305.518572630826384, 8333605.072682688944042 ], [ 3391300.186369026545435, 8333612.883757681585848 ], [ 3391297.603756841737777, 8333618.223536874167621 ], [ 3391295.889436685014516, 8333625.968430068343878 ], [ 3391294.620394491124898, 8333630.315282514318824 ], [ 3391295.822644989006221, 8333635.103442740626633 ], [ 3391299.106569967698306, 8333638.898668720386922 ], [ 3391303.203127226792276, 8333644.635641912929714 ], [ 3391303.726328833959997, 8333650.615337957628071 ], [ 3391301.266168088652194, 8333662.045176336541772 ], [ 3391297.982243109960109, 8333674.357647490687668 ], [ 3391292.683435355778784, 8333687.707213789224625 ], [ 3391288.130468186922371, 8333701.895291682332754 ], [ 3391282.531097803730518, 8333725.328848590143025 ], [ 3391275.762872768566012, 8333746.666248022578657 ], [ 3391272.824038214050233, 8333756.088263045065105 ], [ 3391269.840675862971693, 8333763.987760310061276 ], [ 3391265.58827131614089, 8333775.042657538317144 ], [ 3391261.714353040792048, 8333784.950154344551265 ], [ 3391258.764386536553502, 8333795.387242186814547 ], [ 3391257.818170864600688, 8333805.206503195688128 ], [ 3391258.040809847414494, 8333812.620605548843741 ], [ 3391258.719858741853386, 8333817.828134273178875 ], [ 3391259.487963228486478, 8333823.830036344006658 ], [ 3391262.148499060422182, 8333832.52397664822638 ], [ 3391266.412035553716123, 8333841.19586131721735 ], [ 3391272.15612127725035, 8333851.147578656673431 ], [ 3391274.104212366044521, 8333855.075311142019928 ], [ 3391277.722095815930516, 8333864.409200651571155 ], [ 3391280.315839950460941, 8333876.214491510763764 ], [ 3391280.171124613843858, 8333881.686857031658292 ], [ 3391276.107963202986866, 8333890.822185938246548 ], [ 3391272.234044924844056, 8333899.030751982703805 ], [ 3391269.395397912245244, 8333907.989573713392019 ], [ 3391268.426918343640864, 8333916.440885949879885 ], [ 3391264.096590154804289, 8333930.166014149785042 ], [ 3391260.879456872586161, 8333940.537108647637069 ], [ 3391258.118733502924442, 8333949.25325252301991 ], [ 3391255.21329479617998, 8333961.213142612949014 ], [ 3391253.910856755916029, 8333972.180069926194847 ], [ 3391254.278211076743901, 8333984.228262360207736 ], [ 3391256.704975973814726, 8333997.269459835253656 ], [ 3391260.011164851021022, 8334007.905445040203631 ], [ 3391264.909222446382046, 8334027.721076569519937 ], [ 3391266.846181586850435, 8334041.005082039162517 ], [ 3391267.15787615859881, 8334050.427472489885986 ], [ 3391265.209785073529929, 8334059.673342725262046 ], [ 3391263.206034241244197, 8334082.092971099540591 ], [ 3391262.226422726176679, 8334101.930868295952678 ], [ 3391260.267199689056724, 8334113.802738823927939 ], [ 3391258.040809874422848, 8334127.594433928839862 ], [ 3391255.358010148163885, 8334137.899605325423181 ], [ 3391252.118612970691174, 8334151.139675322920084 ], [ 3391249.98127874918282, 8334159.480931598693132 ], [ 3391247.142631735652685, 8334167.755996743217111 ], [ 3391243.947762351017445, 8334176.979946946725249 ], [ 3391241.53212940460071, 8334185.828771257773042 ], [ 3391239.405927130021155, 8334194.92034241836518 ], [ 3391238.036697396077216, 8334205.446277381852269 ], [ 3391237.446704096160829, 8334215.089547527953982 ], [ 3391237.413308249786496, 8334226.145119866356254 ], [ 3391237.335384608246386, 8334240.003225929103792 ], [ 3391241.175907040480524, 8334263.592959884554148 ], [ 3391241.777032291982323, 8334292.125825763680041 ], [ 3391241.777032294776291, 8334314.215150294825435 ], [ 3391244.259456939995289, 8334335.223240491002798 ], [ 3391245.060957273934036, 8334355.128019738011062 ], [ 3391241.621185015421361, 8334377.967826967127621 ], [ 3391239.105364521965384, 8334398.358207289129496 ], [ 3391236.4003009009175, 8334421.396756676957011 ], [ 3391232.916000841651112, 8334443.574738470837474 ], [ 3391231.925257374998182, 8334457.080168960615993 ], [ 3391232.815813302062452, 8334472.30690942145884 ], [ 3391233.561653892975301, 8334492.322397172451019 ], [ 3391232.760153562296182, 8334515.802597453817725 ], [ 3391230.133013582788408, 8334530.235013239085674 ], [ 3391227.695116735063493, 8334541.688280693255365 ], [ 3391224.900997517630458, 8334554.862870427779853 ], [ 3391224.043837441131473, 8334565.036229663528502 ], [ 3391224.01044159475714, 8334586.376054747961462 ], [ 3391222.207065848167986, 8334600.896881009452045 ], [ 3391221.472357209771872, 8334621.751309081912041 ], [ 3391219.123515954706818, 8334637.574231889098883 ], [ 3391217.887869610451162, 8334651.168290258385241 ], [ 3391217.887869610916823, 8334660.878347271122038 ], [ 3391218.07711274549365, 8334665.600970526225865 ], [ 3391216.429584283847362, 8334672.927663045935333 ], [ 3391209.906262127682567, 8334697.776680332608521 ], [ 3391210.974929240532219, 8334709.075728279538453 ], [ 3391216.318264798261225, 8334721.412013243883848 ], [ 3391204.774433609563857, 8334753.91899521369487 ], [ 3391205.57593394536525, 8334770.139436859637499 ], [ 3391212.199443646706641, 8334793.135008374229074 ], [ 3391219.680113427340984, 8334835.948451238684356 ], [ 3391229.008686752989888, 8334858.392504702322185 ], [ 3391240.151767778210342, 8334874.149727525189519 ], [ 3391245.806797908619046, 8334885.25042428728193 ], [ 3391244.626811307389289, 8334896.505620948038995 ], [ 3391206.811580303125083, 8334917.140192680060863 ], [ 3391201.612960088066757, 8334930.646489037200809 ], [ 3391207.735532079823315, 8334952.803930660709739 ], [ 3391200.28825815115124, 8334967.193061808124185 ], [ 3391193.097019050270319, 8334984.69399069994688 ], [ 3391198.874500621110201, 8334998.994906623847783 ], [ 3391211.943408836144954, 8335018.967682764865458 ], [ 3391214.84884754801169, 8335047.547605540603399 ], [ 3391226.871352548711002, 8335071.448892261832952 ], [ 3391242.389289565850049, 8335136.245382724329829 ], [ 3391239.561774502042681, 8335160.411794275976717 ], [ 3391256.805163621902466, 8335212.011209790594876 ], [ 3391254.166891692206264, 8335237.281371539458632 ], [ 3391259.276456322986633, 8335279.898757206276059 ], [ 3391271.710843444336206, 8335348.559391831979156 ], [ 3391285.358613012358546, 8335391.574688678607345 ], [ 3391307.221760997083038, 8335425.364715283736587 ], [ 3391337.255759601015598, 8335445.735916393809021 ], [ 3391359.987199612427503, 8335460.699846396222711 ], [ 3391389.642711946275085, 8335475.553452904336154 ], [ 3391450.311834402382374, 8335488.398646364919841 ], [ 3391676.947185621131212, 8335687.50200152862817 ], [ 3391706.636093800887465, 8335693.571637171320617 ], [ 3391723.768163429107517, 8335711.405359113588929 ], [ 3391742.781532449182123, 8335755.217346453107893 ], [ 3391748.436562582384795, 8335768.239599340595305 ], [ 3391772.615155972540379, 8335800.552542949095368 ], [ 3391802.459911443758756, 8335831.099881917238235 ], [ 3391819.046515569556504, 8335881.600384097546339 ], [ 3391846.353186651133001, 8335938.789088199846447 ], [ 3391862.472248912323266, 8335951.922025644220412 ], [ 3391874.717392897699028, 8335973.133424343541265 ], [ 3391878.335276348050684, 8335995.779584262520075 ], [ 3391896.669596475549042, 8336038.423418881371617 ], [ 3391961.646783230360597, 8336128.898912278003991 ], [ 3392019.031980706378818, 8336126.073605651035905 ], [ 3392032.55729883024469, 8336124.307789552025497 ], [ 3392048.587305497843772, 8336122.21088348608464 ], [ 3392057.003058997448534, 8336128.457458042539656 ], [ 3392062.836200315505266, 8336156.622290894389153 ], [ 3392074.624934387858957, 8336170.285363694652915 ], [ 3392089.296843266580254, 8336167.592478202655911 ], [ 3392109.746233711950481, 8336155.651087967678905 ], [ 3392131.82088872930035, 8336157.284474772401154 ], [ 3392153.695168660953641, 8336177.613548857159913 ], [ 3392191.911149836611003, 8336220.611601060256362 ], [ 3392233.956521491520107, 8336244.494610871188343 ], [ 3392254.01629372453317, 8336261.093568913638592 ], [ 3392265.114846951793879, 8336267.560992187820375 ], [ 3392273.25230172695592, 8336277.295247437432408 ], [ 3392288.135717641562223, 8336311.574937811121345 ], [ 3392310.388483840972185, 8336338.129115106537938 ], [ 3392339.053252710029483, 8336359.165035716257989 ], [ 3392375.365670591127127, 8336377.309393112547696 ], [ 3392391.607184292282909, 8336401.192909615114331 ], [ 3392418.602160799317062, 8336413.509947374463081 ], [ 3392444.70658138114959, 8336459.224437377415597 ], [ 3392473.538329487200826, 8336494.454145644791424 ], [ 3392532.058985772076994, 8336514.894517071545124 ], [ 3392569.317619325593114, 8336548.336499434895813 ], [ 3392594.164129661396146, 8336579.858189735561609 ], [ 3392622.828898528590798, 8336590.387523830868304 ], [ 3392652.439883064944297, 8336588.467078128829598 ], [ 3392662.002227323595434, 8336623.829847997054458 ], [ 3392699.260860881302506, 8336705.041244406253099 ], [ 3392741.306232538539916, 8336758.549866367131472 ], [ 3392785.255167487543076, 8336802.500513720326126 ], [ 3392819.652890130877495, 8336837.842233517207205 ], [ 3392851.178569910582155, 8336873.206197356805205 ], [ 3392860.028469424694777, 8336883.228225396946073 ], [ 3392860.974685098975897, 8336909.74030786100775 ], [ 3392838.165321448817849, 8336931.594635571353137 ], [ 3392814.52106161788106, 8336968.857517195865512 ], [ 3392835.460257834289223, 8337066.695551419630647 ], [ 3392837.686647655908018, 8337136.542810971848667 ], [ 3392868.499882696196437, 8337176.566206488758326 ], [ 3392911.012796217110008, 8337255.487768059596419 ], [ 3392921.410036656074226, 8337295.644265335984528 ], [ 3392942.070934143848717, 8337359.533062285743654 ], [ 3392972.283043935894966, 8337421.854974786750972 ], [ 3392979.340699653606862, 8337458.546336059458554 ], [ 3392973.396238849963993, 8337496.054721105843782 ], [ 3392945.889192692935467, 8337568.069588181562722 ], [ 3392945.332595242653042, 8337598.160618939436972 ], [ 3392939.566245623864233, 8337620.127369580790401 ], [ 3392921.109474062919617, 8337647.282337553799152 ], [ 3392912.025803619530052, 8337660.727395230904222 ], [ 3392910.545254394412041, 8337692.320065522566438 ], [ 3392910.478462702594697, 8337722.477834931574762 ], [ 3392896.062588654924184, 8337749.257860766723752 ], [ 3392876.615073623601347, 8337764.645932735875249 ], [ 3392862.766928976401687, 8337794.163744446821511 ], [ 3392835.348938411101699, 8337840.019247636198997 ], [ 3392803.634015508927405, 8337939.281822401098907 ], [ 3392785.255167592316866, 8337996.8176354970783 ], [ 3392795.763727521058172, 8338029.316957496106625 ], [ 3392820.487786415498704, 8338057.179941164329648 ], [ 3392824.751322915311903, 8338078.949350201524794 ], [ 3392824.840378509834409, 8338105.090388643555343 ], [ 3392810.101677940227091, 8338181.217858738265932 ], [ 3392773.789260073099285, 8338314.045393208041787 ], [ 3392747.039186455309391, 8338403.842222426086664 ], [ 3392724.385670096147805, 8338475.711383518762887 ], [ 3392665.764826281461865, 8338590.394374990835786 ], [ 3392598.349742698483169, 8338703.401036158204079 ], [ 3392548.901624915655702, 8338765.955095612443984 ], [ 3392472.814753002021462, 8338860.261917062103748 ], [ 3392448.502576228696853, 8338902.370268606580794 ], [ 3392435.956869623158127, 8338921.779495227150619 ], [ 3392424.735864962916821, 8338999.041529832407832 ], [ 3392409.039816774893552, 8339057.270124917849898 ], [ 3392398.286353975068778, 8339122.366572215221822 ], [ 3392390.64983691368252, 8339183.510942351073027 ], [ 3392399.243701604194939, 8339229.375072656199336 ], [ 3392460.725456356070936, 8339409.764971392229199 ], [ 3392480.373346474021673, 8339445.82581377774477 ], [ 3392506.143808585125953, 8339496.41728628706187 ], [ 3392537.669488371815532, 8339590.048861131072044 ], [ 3392618.053292659576982, 8339841.822103743441403 ], [ 3392667.189715879503638, 8339919.402940900996327 ], [ 3392690.666996480431408, 8339966.994207881391048 ], [ 3392709.769421090837568, 8339966.044587952084839 ], [ 3392731.743888561148196, 8339949.79064720030874 ], [ 3392748.942749881185591, 8339933.558826313354075 ], [ 3392780.479561605025083, 8339913.484419611282647 ], [ 3392821.556453689467162, 8339923.996423356235027 ], [ 3392854.050613037776202, 8339930.687895712442696 ], [ 3392945.766741461120546, 8339926.867351341061294 ], [ 3393101.513840955216438, 8339917.30495704524219 ], [ 3393247.698596194852144, 8339911.563109599985182 ], [ 3393352.795327402185649, 8339903.922042624093592 ], [ 3393417.772514151409268, 8339917.304957032203674 ], [ 3393451.212889173068106, 8339948.841029452160001 ], [ 3393498.033866985701025, 8340034.837138151749969 ], [ 3393518.449861594941467, 8340121.894311347045004 ], [ 3393543.285239988937974, 8340214.56207993067801 ], [ 3393541.381676698103547, 8340239.407663603313267 ], [ 3393518.449861607048661, 8340269.023708566091955 ], [ 3393498.378957434557378, 8340332.098992081359029 ], [ 3393492.82411485305056, 8340415.338872577995062 ], [ 3393494.616358655039221, 8340437.733630465343595 ], [ 3393498.145186516921967, 8340483.362607686780393 ], [ 3393518.449861634988338, 8340561.391904016025364 ], [ 3393537.552286249119788, 8340607.264592398889363 ], [ 3393584.963257369585335, 8340751.311545116826892 ], [ 3393611.96936583193019, 8340850.679518319666386 ], [ 3393639.554335643537343, 8340919.701180165633559 ], [ 3393655.795849347487092, 8340980.617473973892629 ], [ 3393684.694389148149639, 8341036.277471100911498 ], [ 3393715.396304705645889, 8341156.897658512927592 ], [ 3393756.350745360832661, 8341286.112094123847783 ], [ 3393783.746472033206373, 8341305.814733219332993 ], [ 3393801.980604622978717, 8341370.091645546257496 ], [ 3393804.006619358435273, 8341417.846882182173431 ], [ 3393817.509673588443547, 8341444.485691378824413 ], [ 3393826.459760645404458, 8341469.556300255469978 ], [ 3393834.708534912206233, 8341498.713414985686541 ], [ 3393856.683002387173474, 8341534.055526585318148 ], [ 3393888.208682167809457, 8341561.777113736607134 ], [ 3393978.021247306838632, 8341664.955345843918622 ], [ 3393989.487154858652502, 8341713.684423377737403 ], [ 3393992.837871532421559, 8341746.067569352686405 ], [ 3393972.288293546065688, 8341812.82236064504832 ], [ 3393928.339358606841415, 8341879.931193922646344 ], [ 3393897.771026455797255, 8341939.176562838256359 ], [ 3393894.264462500344962, 8341976.243817621842027 ], [ 3393892.984288357198238, 8341989.829300271347165 ], [ 3393919.745493937283754, 8342038.538431314751506 ], [ 3393963.694428887683898, 8342126.458673971705139 ], [ 3394012.418969995342195, 8342238.23818239942193 ], [ 3394026.756920407526195, 8342281.227352941408753 ], [ 3394065.930249203462154, 8342344.297734919935465 ], [ 3394081.214415286667645, 8342382.515776666812599 ], [ 3394075.481461514253169, 8342397.803048742935061 ], [ 3394055.421689283568412, 8342407.346564129926264 ], [ 3394040.126391255296767, 8342407.346564138308167 ], [ 3394025.799572798423469, 8342409.268523580394685 ], [ 3394017.194576165173203, 8342432.199526660144329 ], [ 3394021.970182318240404, 8342446.536962632089853 ], [ 3394049.688735517673194, 8342492.399271458387375 ], [ 3394057.826190296094865, 8342544.33713373541832 ], [ 3394071.206793087534606, 8342591.768584443256259 ], [ 3394095.140483601484448, 8342637.477150086313486 ], [ 3394114.254040162544698, 8342671.23406845703721 ], [ 3394142.818621490616351, 8342685.351045403629541 ], [ 3394174.44448880944401, 8342680.667475727386773 ], [ 3394195.071990441996604, 8342659.237973106093705 ], [ 3394244.097094161901623, 8342631.998293068259954 ], [ 3394285.073798701167107, 8342602.32858557626605 ], [ 3394332.852124122902751, 8342554.543596221134067 ], [ 3394375.442961281631142, 8342559.580556938424706 ], [ 3394429.789136663079262, 8342578.712202209047973 ], [ 3394484.925680428277701, 8342587.040890053845942 ], [ 3394514.536664965096861, 8342585.030516264028847 ], [ 3394545.661594576202333, 8342606.592355996370316 ], [ 3394622.794869718141854, 8342679.607045250944793 ], [ 3394642.821246106177568, 8342712.30372107308358 ], [ 3394675.19295402104035, 8342795.018120375461876 ], [ 3394691.623710857238621, 8342817.331725460477173 ], [ 3394765.439665173646063, 8342886.43805097322911 ], [ 3394809.511051561683416, 8342938.334498772397637 ], [ 3394847.170435281936079, 8342964.448558079078794 ], [ 3394878.72951090708375, 8342981.150999776087701 ], [ 3394896.93024764675647, 8342994.804611126892269 ], [ 3394935.981125004123896, 8343051.34143559448421 ], [ 3394954.860910636372864, 8343082.91298861708492 ], [ 3394981.054386809468269, 8343103.747194463387132 ], [ 3394995.247621882241219, 8343137.042277480475605 ], [ 3395016.843603088520467, 8343178.224989983253181 ], [ 3395047.901741009671241, 8343214.900774946436286 ], [ 3395064.955886992625892, 8343221.197539485059679 ], [ 3395080.985893660224974, 8343234.078306127339602 ], [ 3395094.544607631862164, 8343250.184819527901709 ], [ 3395094.822906360495836, 8343265.5622642878443 ], [ 3395088.755994118750095, 8343281.845599173568189 ], [ 3395060.024433560203761, 8343305.132818929851055 ], [ 3395039.964661332312971, 8343344.836151375435293 ], [ 3395026.172176430467516, 8343387.65500960778445 ], [ 3395024.257481194101274, 8343427.204124028794467 ], [ 3395032.806818085722625, 8343464.85331021156162 ], [ 3395058.187661977950484, 8343497.752316092140973 ], [ 3395088.310716173611581, 8343521.6809665216133 ], [ 3395117.47642275178805, 8343531.446883072145283 ], [ 3395154.367701982613653, 8343544.460760260932148 ], [ 3395165.900401224382222, 8343551.509032693691552 ], [ 3395188.743160725105554, 8343565.539312900044024 ], [ 3395201.277735384646803, 8343575.415762350894511 ], [ 3395279.835900005884469, 8343627.957811729982495 ], [ 3395317.228116947226226, 8343640.13224237319082 ], [ 3395385.689603754784912, 8343674.136792927980423 ], [ 3395419.029791231267154, 8343678.047657715156674 ], [ 3395449.843026271555573, 8343701.976892431266606 ], [ 3395477.361204384360462, 8343719.675295982509851 ], [ 3395506.415591469500214, 8343733.109318500384688 ], [ 3395526.085745485499501, 8343748.266814060509205 ], [ 3395526.931773616466671, 8343766.716577303595841 ], [ 3395514.374935064464808, 8343803.174328861758113 ], [ 3395485.710166203323752, 8343851.431411392055452 ], [ 3395488.738056352362037, 8343876.0019885096699 ], [ 3395500.059248561505228, 8343887.381375208497047 ], [ 3395529.492121913935989, 8343902.56128342077136 ], [ 3395583.359623484313488, 8343917.387686773203313 ], [ 3395624.703682349529117, 8343919.000695195049047 ], [ 3395648.681900652591139, 8343911.996263924986124 ], [ 3395669.854867791756988, 8343906.538557101041079 ], [ 3395691.718015774153173, 8343923.61876233946532 ], [ 3395704.452965517062694, 8343951.503994745202363 ], [ 3395722.041445061564445, 8344039.955234596505761 ], [ 3395749.292456401512027, 8344107.327374511398375 ], [ 3395760.45780133176595, 8344177.572710283100605 ], [ 3395755.181257472373545, 8344219.866072122007608 ], [ 3395727.57402377249673, 8344275.351617973297834 ], [ 3395696.905504077207297, 8344323.059356175363064 ], [ 3395674.062744583468884, 8344378.523580132052302 ], [ 3395654.860132433474064, 8344418.608342391438782 ], [ 3395651.142061444465071, 8344467.731255738064647 ], [ 3395670.055242924485356, 8344486.691064093261957 ], [ 3395679.072121675591916, 8344489.342789420858026 ], [ 3395702.582798121031374, 8344496.281475202180445 ], [ 3395722.99879272421822, 8344506.446440670639277 ], [ 3395727.429308457300067, 8344538.576662674546242 ], [ 3395716.007928710896522, 8344581.026778371073306 ], [ 3395708.371411649510264, 8344614.483210195787251 ], [ 3395692.129897952079773, 8344632.625764023512602 ], [ 3395666.437359489500523, 8344646.724393281154335 ], [ 3395648.759824360720813, 8344660.005415053106844 ], [ 3395628.098926881793886, 8344687.981821946799755 ], [ 3395608.985370324458927, 8344712.82036367058754 ], [ 3395578.773260538000613, 8344733.040412619709969 ], [ 3395548.917373121716082, 8344735.029272889718413 ], [ 3395527.121016833931208, 8344742.785833044908941 ], [ 3395512.482503806240857, 8344766.320744918659329 ], [ 3395508.35255069937557, 8344792.551763275638223 ], [ 3395514.486254644580185, 8344819.467934580519795 ], [ 3395531.173046306706965, 8344839.798769421875477 ], [ 3395547.03607373777777, 8344845.544450281187892 ], [ 3395565.003039543982595, 8344845.19086978957057 ], [ 3395588.046174126677215, 8344840.086053352802992 ], [ 3395606.992751453071833, 8344836.572350589558482 ], [ 3395622.88917473051697, 8344843.069387206807733 ], [ 3395641.390474091283977, 8344853.919893079437315 ], [ 3395644.830246357247233, 8344882.891484869644046 ], [ 3395641.390474094077945, 8344905.852270321920514 ], [ 3395625.783481496851891, 8344934.404183980077505 ], [ 3395607.337841882836074, 8344952.635920355096459 ], [ 3395558.546509088482708, 8344956.812651753425598 ], [ 3395534.557158836629242, 8344968.724083912558854 ], [ 3395518.71639530453831, 8344988.878536069765687 ], [ 3395518.293381244875491, 8345019.441806974820793 ], [ 3395541.625946504063904, 8345040.745564494282007 ], [ 3395572.138618919532746, 8345061.629494330845773 ], [ 3395602.573367687873542, 8345070.447171329520643 ], [ 3395631.160212912131101, 8345081.077016505412757 ], [ 3395653.691277836449444, 8345076.237230624072254 ], [ 3395670.945798899978399, 8345052.657132044434547 ], [ 3395691.840467313304543, 8345054.469283151440322 ], [ 3395714.338136391248554, 8345061.585295463912189 ], [ 3395745.674573036376387, 8345075.905738559551537 ], [ 3395779.170607800595462, 8345082.469284257851541 ], [ 3395802.748075941111892, 8345083.353263921104372 ], [ 3395820.247499886434525, 8345094.491416760720313 ], [ 3395858.719515892211348, 8345155.066466771997511 ], [ 3395868.003561421763152, 8345173.342947568744421 ], [ 3395866.133393979631364, 8345192.481366526335478 ], [ 3395880.282101254910231, 8345228.216861270368099 ], [ 3395875.205932481214404, 8345270.648842170834541 ], [ 3395851.650728242006153, 8345303.489594803191721 ], [ 3395835.442610394675285, 8345329.921423744410276 ], [ 3395810.996850228868425, 8345350.673569804057479 ], [ 3395778.101940715685487, 8345365.613383054733276 ], [ 3395745.496461878996342, 8345372.376089526340365 ], [ 3395723.421806863509119, 8345373.591609318740666 ], [ 3395708.538390953093767, 8345386.365629434585571 ], [ 3395700.412068130914122, 8345400.885606474243104 ], [ 3395698.575296533294022, 8345425.240335270762444 ], [ 3395694.334023938979954, 8345444.13630089070648 ], [ 3395702.894492780324072, 8345465.021371792070568 ], [ 3395749.470567707438022, 8345467.562945294193923 ], [ 3395804.273152998182923, 8345475.364476394839585 ], [ 3395844.103266787715256, 8345488.315478228032589 ], [ 3395884.567901671864092, 8345492.713519850745797 ], [ 3395924.487071048934013, 8345475.452879056334496 ], [ 3395955.923695234581828, 8345455.385501042939723 ], [ 3395985.534679770935327, 8345440.799115129746497 ], [ 3396029.461350815370679, 8345413.527070906944573 ], [ 3396049.153768723364919, 8345372.30978843383491 ], [ 3396057.792161201126873, 8345350.916673018597066 ], [ 3396081.169254255946726, 8345336.219992249272764 ], [ 3396116.702435701154172, 8345328.286006820388138 ], [ 3396154.918416872154921, 8345342.164961846545339 ], [ 3396180.911517961416394, 8345336.507295500487089 ], [ 3396206.225570153445005, 8345335.35808255430311 ], [ 3396234.055442842654884, 8345348.441440518945456 ], [ 3396257.376876156311482, 8345376.950865034013987 ], [ 3396272.995000709779561, 8345418.941690781153738 ], [ 3396292.954585405532271, 8345479.784610969014466 ], [ 3396295.214371071197093, 8345532.38441572804004 ], [ 3396277.180613576434553, 8345576.608323074877262 ], [ 3396250.363748259842396, 8345618.622385473921895 ], [ 3396233.120359146036208, 8345651.177370454184711 ], [ 3396213.817559455055743, 8345681.964395982213318 ], [ 3396188.57029895670712, 8345706.695775091648102 ], [ 3396168.555054523516446, 8345730.012745483778417 ], [ 3396160.194960772059858, 8345756.004071305505931 ], [ 3396163.768316425383091, 8345782.437520321458578 ], [ 3396174.933661349117756, 8345809.644622283987701 ], [ 3396208.529883657582104, 8345826.441908325068653 ], [ 3396250.24129683803767, 8345824.386448896490037 ], [ 3396275.822515809908509, 8345807.014524381607771 ], [ 3396309.96420361706987, 8345795.145942949689925 ], [ 3396341.567807040177286, 8345788.338646014221013 ], [ 3396365.223198821768165, 8345791.322363058105111 ], [ 3396381.319997183978558, 8345803.853987788781524 ], [ 3396393.565141167026013, 8345828.629978652112186 ], [ 3396397.483587244525552, 8345854.179615629836917 ], [ 3396395.468704462982714, 8345877.740172378718853 ], [ 3396385.338630808051676, 8345893.454619290307164 ], [ 3396355.148784919176251, 8345907.688268145546317 ], [ 3396324.101778951939195, 8345913.611595939844847 ], [ 3396295.158711362164468, 8345926.762284718453884 ], [ 3396238.964632439892739, 8345984.492980463430285 ], [ 3396210.578162304125726, 8346023.746575043536723 ], [ 3396193.011946668382734, 8346058.248358389362693 ], [ 3396179.063614479266107, 8346080.638134932145476 ], [ 3396158.970446401741356, 8346100.729315032251179 ], [ 3396151.267137645743787, 8346129.086926293559372 ], [ 3396157.000091422349215, 8346155.632224627770483 ], [ 3396176.636849591042846, 8346177.712857728824019 ], [ 3396188.781806030776352, 8346204.457256535999477 ], [ 3396196.329267506487668, 8346230.185017565265298 ], [ 3396196.741149626672268, 8346258.852568229660392 ], [ 3396200.147526043467224, 8346283.055405832827091 ], [ 3396194.414572273381054, 8346311.833677654154599 ], [ 3396173.664619199931622, 8346327.52694533765316 ], [ 3396146.313420325517654, 8346335.992482459172606 ], [ 3396132.721310507040471, 8346351.995247569866478 ], [ 3396124.004994384013116, 8346368.263287426903844 ], [ 3396134.569214058574289, 8346398.544924474321306 ], [ 3396158.937050581909716, 8346422.195632490329444 ], [ 3396198.143775222357363, 8346417.089725560508668 ], [ 3396230.760386006440967, 8346393.858998786658049 ], [ 3396254.493701430037618, 8346369.280041100457311 ], [ 3396280.375483027193695, 8346358.869374162517488 ], [ 3396303.440881508868188, 8346357.98524175863713 ], [ 3396321.00709714833647, 8346369.147421047091484 ], [ 3396328.810593449976295, 8346381.503199575468898 ], [ 3396326.150057624094188, 8346399.185923961922526 ], [ 3396314.016233135014772, 8346415.741413064301014 ], [ 3396295.381350385956466, 8346431.213866339065135 ], [ 3396273.818765030242503, 8346449.051434862427413 ], [ 3396266.96148440381512, 8346465.430206736549735 ], [ 3396270.879930478986353, 8346478.029286749660969 ], [ 3396287.121444177813828, 8346497.126880606636405 ], [ 3396311.956822563428432, 8346501.901286791078746 ], [ 3396335.845985274761915, 8346505.725234711542726 ], [ 3396340.621591430157423, 8346524.845004016533494 ], [ 3396326.294772977475077, 8346570.710548446513712 ], [ 3396307.181216416880488, 8346591.70932653080672 ], [ 3396285.206748947501183, 8346598.406844105571508 ], [ 3396248.894331070128828, 8346608.928369131870568 ], [ 3396234.779019644018263, 8346623.384438473731279 ], [ 3396230.504351199604571, 8346643.167637333273888 ], [ 3396234.990526678971946, 8346662.97299344278872 ], [ 3396238.040680728852749, 8346696.284130739979446 ], [ 3396231.650941960513592, 8346722.720946547575295 ], [ 3396221.186909834854305, 8346758.021758735179901 ], [ 3396215.632067249622196, 8346777.960050356574357 ], [ 3396206.759903837926686, 8346796.726850745268166 ], [ 3396170.915027823764831, 8346840.715179984457791 ], [ 3396023.28311922121793, 8347063.976570311002433 ], [ 3396003.301270635798573, 8347097.576888829469681 ], [ 3395997.412469578441232, 8347125.518322788178921 ], [ 3396003.690888858865947, 8347149.082937107421458 ], [ 3396014.989817169960588, 8347162.545306822285056 ], [ 3396121.923319982830435, 8347255.279374344274402 ], [ 3396143.608356782235205, 8347280.524464057758451 ], [ 3396181.011705676559359, 8347342.421721821650863 ], [ 3396282.590741002932191, 8347610.22176618129015 ], [ 3396298.153205810580403, 8347638.739926198497415 ], [ 3396308.851008873432875, 8347664.782187159173191 ], [ 3396308.617237946018577, 8347684.103924013674259 ], [ 3396305.38897271361202, 8347705.150083943270147 ], [ 3396305.388972715940326, 8347735.724601747468114 ], [ 3396309.207231252454221, 8347765.34862263686955 ], [ 3396303.474277482833713, 8347793.049400472082198 ], [ 3396292.008369936142117, 8347814.07376332487911 ], [ 3396296.795108039863408, 8347828.399546444416046 ], [ 3396322.587834048550576, 8347861.848589648492634 ], [ 3396328.810593581292778, 8347876.660838292911649 ], [ 3396337.103895642794669, 8347901.620649886317551 ], [ 3396365.167539263144135, 8347940.265413946472108 ], [ 3396380.607552630826831, 8347953.773442693054676 ], [ 3396387.743131988216192, 8347976.810105196200311 ], [ 3396384.192040236666799, 8347986.913539349101484 ], [ 3396373.77253590291366, 8347991.843666520901024 ], [ 3396332.68451187107712, 8348012.868595534004271 ], [ 3396318.357693414203823, 8348027.194764439947903 ], [ 3396319.259381291456521, 8348042.073669902980328 ], [ 3396333.430352462921292, 8348048.418769469484687 ], [ 3396359.968919056467712, 8348049.236779219470918 ], [ 3396392.463078402914107, 8348052.22141014970839 ], [ 3396408.081202955450863, 8348059.185553673654795 ], [ 3396421.127847271505743, 8348068.581630758941174 ], [ 3396424.411772250197828, 8348102.695018207654357 ], [ 3396430.745851278305054, 8348155.600927020423114 ], [ 3396421.005395842716098, 8348199.177286284044385 ], [ 3396416.229789700824767, 8348339.923387894406915 ], [ 3396416.942234443966299, 8348361.789461982436478 ], [ 3396425.614022775553167, 8348393.029981518164277 ], [ 3396432.827525776345283, 8348411.933544801548123 ], [ 3396442.378738082945347, 8348421.330070878379047 ], [ 3396457.618376365862787, 8348420.003501760773361 ], [ 3396471.221618134062737, 8348407.467435420490801 ], [ 3396493.084766113199294, 8348384.539975860156119 ], [ 3396509.860613365657628, 8348350.425285965204239 ], [ 3396527.593808236997575, 8348328.183388996869326 ], [ 3396553.63143712002784, 8348294.489032565616071 ], [ 3396567.791276341769844, 8348288.917539629153907 ], [ 3396578.233044572174549, 8348289.956666965037584 ], [ 3396590.18875787826255, 8348296.080888471566141 ], [ 3396597.46905257506296, 8348306.383741876110435 ], [ 3396597.346601135563105, 8348322.368669524788857 ], [ 3396596.511704958509654, 8348338.331522541120648 ], [ 3396596.867927331011742, 8348360.374466340988874 ], [ 3396603.324457794893533, 8348399.994446559809148 ], [ 3396625.833258830476552, 8348471.452448478899896 ], [ 3396656.167820061556995, 8348522.12791112344712 ], [ 3396699.582421456929296, 8348586.158137992024422 ], [ 3396707.230070472229272, 8348614.812728805467486 ], [ 3396702.443332374095917, 8348652.06828517653048 ], [ 3396681.426212524063885, 8348680.745242089964449 ], [ 3396665.184698827099055, 8348707.498710204847157 ], [ 3396583.965998386032879, 8348741.880375646986067 ], [ 3396556.258577140979469, 8348745.705484018661082 ], [ 3396530.465851134620607, 8348735.20302359201014 ], [ 3396511.352294572163373, 8348706.547965466976166 ], [ 3396484.602220946922898, 8348706.547965469770133 ], [ 3396453.076541169546545, 8348719.924734164960682 ], [ 3396433.005636990536004, 8348735.203023596666753 ], [ 3396422.49707706598565, 8348758.131572286598384 ], [ 3396419.636166158132255, 8348796.360718756914139 ], [ 3396436.835027480497956, 8348831.693558811210096 ], [ 3396457.852147333789617, 8348853.671643512323499 ], [ 3396467.703922268468887, 8348875.959345527924597 ], [ 3396494.153433269821107, 8348917.704746223054826 ], [ 3396533.326762068085372, 8348960.688604632392526 ], [ 3396583.965998409315944, 8349004.645607587881386 ], [ 3396618.363721050322056, 8349029.476565483026206 ], [ 3396667.099394099321216, 8349061.980260818265378 ], [ 3396703.400680032093078, 8349082.035333358682692 ], [ 3396740.670445533469319, 8349091.587492900900543 ], [ 3396787.480291391257197, 8349096.36357730999589 ], [ 3396810.41210648464039, 8349104.014163405634463 ], [ 3396825.763064257334918, 8349116.551412672735751 ], [ 3396828.902273898012936, 8349128.690674317069352 ], [ 3396826.475509000942111, 8349144.146703011356294 ], [ 3396777.929079107008874, 8349344.790561659261584 ], [ 3396759.772870168555528, 8349368.671833743341267 ], [ 3396734.937491784337908, 8349379.175195470452309 ], [ 3396700.539769145660102, 8349384.924410322681069 ], [ 3396676.65060643479228, 8349399.253242197446525 ], [ 3396662.323787977453321, 8349419.309231070801616 ], [ 3396667.09939413331449, 8349444.163696407340467 ], [ 3396714.866587616503239, 8349524.410579694435 ], [ 3396721.556889011058956, 8349539.712647111155093 ], [ 3396707.230070552323014, 8349554.992633352987468 ], [ 3396691.934772525914013, 8349554.992633364163339 ], [ 3396653.718791350722313, 8349511.032353114336729 ], [ 3396634.605234790593386, 8349496.703304259106517 ], [ 3396614.545462557114661, 8349501.479650786146522 ], [ 3396595.43190599931404, 8349525.361429796554148 ], [ 3396573.457438531797379, 8349563.59454981982708 ], [ 3396567.724484762176871, 8349608.506003888323903 ], [ 3396572.50009091803804, 8349642.891866119578481 ], [ 3396589.698952240403742, 8349682.076465168967843 ], [ 3396605.951597892213613, 8349710.735310391522944 ], [ 3396633.659019137732685, 8349740.345144655555487 ], [ 3396663.27000367641449, 8349754.674666468054056 ], [ 3396692.892120165750384, 8349773.802852363325655 ], [ 3396724.42893189843744, 8349814.867807319387794 ], [ 3396742.574008892755955, 8349871.257859222590923 ], [ 3396748.306962671689689, 8349915.198170835152268 ], [ 3396738.755750367883593, 8349949.607575825415552 ], [ 3396725.375147581566125, 8349978.267459745518863 ], [ 3396704.358027731068432, 8349997.374110848642886 ], [ 3396685.244471173733473, 8350016.480811408720911 ], [ 3396676.650606489274651, 8350034.636645610444248 ], [ 3396676.650606492068619, 8350056.618312186561525 ], [ 3396688.116514043416828, 8350099.608803032897413 ], [ 3396687.159166423138231, 8350114.88994831033051 ], [ 3396689.07386166555807, 8350140.697685183025897 ], [ 3396701.497116835322231, 8350154.32031447160989 ], [ 3396815.644122636877, 8350118.494622501544654 ], [ 3396859.147779617458582, 8350101.5106515083462 ], [ 3396870.780666397884488, 8350069.223522749729455 ], [ 3396853.258978551719338, 8350055.24722040630877 ], [ 3396836.215964517556131, 8350038.462423914112151 ], [ 3396848.639219684526324, 8350025.083265644498169 ], [ 3396878.795669727027416, 8350015.198184116743505 ], [ 3396921.252923493273556, 8349997.374110837467015 ], [ 3396955.650646131020039, 8349977.316551305353642 ], [ 3397003.41783960768953, 8349970.615967496298254 ], [ 3397050.238817411009222, 8349957.236932190135121 ], [ 3397076.988891036715358, 8349957.236932192929089 ], [ 3397091.204390005208552, 8349965.153779901564121 ], [ 3397101.657290186733007, 8349972.318755538202822 ], [ 3397107.56835514632985, 8349981.12018573936075 ], [ 3397136.155200373381376, 8350021.589208453893661 ], [ 3397162.39320434210822, 8350048.347536575980484 ], [ 3397180.093003369867802, 8350063.296859647147357 ], [ 3397214.034316101111472, 8350087.490059056319296 ], [ 3397244.791891392320395, 8350104.1643943823874 ], [ 3397273.45666026044637, 8350109.892059373669326 ], [ 3397297.880156532395631, 8350122.121413015760481 ], [ 3397322.715534917078912, 8350152.993433850817382 ], [ 3397331.921656803227961, 8350178.31477942597121 ], [ 3397331.743545621167868, 8350206.400565633550286 ], [ 3397329.828850382007658, 8350232.186507542617619 ], [ 3397311.672641443554312, 8350255.119706515222788 ], [ 3397278.23226642748341, 8350274.227074238471687 ], [ 3397236.186894774436951, 8350291.432593525387347 ], [ 3397088.098576245363802, 8350322.946662805974483 ], [ 3397061.337370671797544, 8350332.522543489001691 ], [ 3397042.234946059063077, 8350344.929187974892557 ], [ 3397030.769038516096771, 8350366.91177861019969 ], [ 3397025.993432367220521, 8350416.605059266090393 ], [ 3397027.429453800898045, 8350448.296587415039539 ], [ 3397035.333137644920498, 8350460.37169255875051 ], [ 3397055.036687508691102, 8350481.75750416982919 ], [ 3397078.636419546790421, 8350501.219310053624213 ], [ 3397105.809507240075618, 8350524.816818507388234 ], [ 3397127.895294203422964, 8350548.348054830916226 ], [ 3397145.450377895962447, 8350568.783136704005301 ], [ 3397153.754811908584088, 8350599.833953819237649 ], [ 3397169.996325611602515, 8350630.398347241804004 ], [ 3397190.356660468969494, 8350653.819339275360107 ], [ 3397208.51286941068247, 8350672.927739097736776 ], [ 3397221.826680504716933, 8350681.044400753453374 ], [ 3397250.491449371911585, 8350703.978994321078062 ], [ 3397276.284175379667431, 8350722.136519609950483 ], [ 3397303.03424900630489, 8350743.14711010735482 ], [ 3397325.966064099688083, 8350767.983916843309999 ], [ 3397338.389319269452244, 8350788.065741543658078 ], [ 3397355.588180591352284, 8350801.424166210927069 ], [ 3397374.70173715101555, 8350808.125504243187606 ], [ 3397387.124992315657437, 8350791.8697937913239 ], [ 3397382.338254211936146, 8350760.353722437284887 ], [ 3397386.167644690722227, 8350738.369960063137114 ], [ 3397402.409158391412348, 8350731.690801763907075 ], [ 3397418.650672087445855, 8350738.369960057549179 ], [ 3397436.80688103241846, 8350764.179876904003322 ], [ 3397460.69604374608025, 8350798.571123141795397 ], [ 3397491.264375907368958, 8350836.788721725344658 ], [ 3397521.843840017449111, 8350862.576865907758474 ], [ 3397554.326867416966707, 8350884.5609982162714 ], [ 3397596.372239070478827, 8350899.843768606893718 ], [ 3397615.474663684610277, 8350917.050746227614582 ], [ 3397622.16496508102864, 8350948.567486635409296 ], [ 3397618.346706551034003, 8350982.959592000581324 ], [ 3397617.389358933083713, 8351020.227102509699762 ], [ 3397627.897918865550309, 8351054.619541765190661 ], [ 3397647.011475426610559, 8351093.81163574103266 ], [ 3397640.91116733988747, 8351150.299929639324546 ], [ 3397627.063022692687809, 8351173.833160067908466 ], [ 3397599.166358317248523, 8351205.019229520112276 ], [ 3397578.282821853179485, 8351208.137843712233007 ], [ 3397560.738870111759752, 8351199.180125642567873 ], [ 3397538.152145436033607, 8351169.69714514631778 ], [ 3397513.305635095573962, 8351065.545533506199718 ], [ 3397494.570564800407737, 8351030.09141274727881 ], [ 3397459.671904451213777, 8351009.765639916062355 ], [ 3397421.255548195447773, 8351016.732574251480401 ], [ 3397380.479218738619238, 8351023.765867008827627 ], [ 3397367.68860925314948, 8351031.772327926009893 ], [ 3397362.089238869026303, 8351045.861066153272986 ], [ 3397362.445461243856698, 8351073.574157176539302 ], [ 3397371.573659487534314, 8351121.945140774361789 ], [ 3397376.649828267749399, 8351144.637810221873224 ], [ 3397386.846693620551378, 8351159.921119114384055 ], [ 3397432.632400167174637, 8351187.435578420758247 ], [ 3397450.176351908128709, 8351201.414024691097438 ], [ 3397462.599607074633241, 8351219.926659623160958 ], [ 3397464.224871640093625, 8351232.821389769203961 ], [ 3397424.094195242505521, 8351392.027821402996778 ], [ 3397410.635668816510588, 8351444.360110239125788 ], [ 3397396.486961546819657, 8351492.269031343981624 ], [ 3397377.273217448499054, 8351512.242232953198254 ], [ 3397293.438508970662951, 8351508.50416564475745 ], [ 3397271.107819127850235, 8351499.457608199678361 ], [ 3397241.352119247429073, 8351444.647651321254671 ], [ 3397224.275709362700582, 8351390.169877142645419 ], [ 3397200.542393934447318, 8351372.320365026593208 ], [ 3397181.272990087047219, 8351365.817579511553049 ], [ 3397124.700424891896546, 8351362.168059551157057 ], [ 3397093.853794006165117, 8351357.324154013767838 ], [ 3397081.708837568294257, 8351361.194854529574513 ], [ 3397070.365381462965161, 8351370.462425732985139 ], [ 3397060.769641360267997, 8351383.490129024721682 ], [ 3397054.079339969903231, 8351413.106674198061228 ], [ 3397055.994035215117037, 8351474.264441896229982 ], [ 3397073.604778655804694, 8351538.696301906369627 ], [ 3397100.176741102244705, 8351613.524670854210854 ], [ 3397119.646520039997995, 8351679.085828060284257 ], [ 3397136.455763148143888, 8351741.108457484282553 ], [ 3397149.22410873696208, 8351772.097848115488887 ], [ 3397165.276379304472357, 8351787.094901866279542 ], [ 3397189.711007522419095, 8351797.247791833244264 ], [ 3397211.19566923705861, 8351804.126991016790271 ], [ 3397235.574637707322836, 8351802.556498028337955 ], [ 3397266.799754861742258, 8351791.142784416675568 ], [ 3397306.507417206186801, 8351760.993854498490691 ], [ 3397329.439232297241688, 8351762.918250595219433 ], [ 3397360.976044026669115, 8351778.202839763835073 ], [ 3397366.708997801877558, 8351799.216436593793333 ], [ 3397356.200437877792865, 8351831.710210947319865 ], [ 3397332.311275167856365, 8351861.32855468057096 ], [ 3397294.0952939982526, 8351883.293542051687837 ], [ 3397243.456057662609965, 8351903.35628149472177 ], [ 3397203.325381252914667, 8351926.294673340395093 ], [ 3397189.944778467062861, 8351946.357529675588012 ], [ 3397180.393566164188087, 8351975.97633346542716 ], [ 3397166.055615756195039, 8351998.914950997568667 ], [ 3397144.081148284487426, 8352010.373226384632289 ], [ 3397109.683425646740943, 8352017.07566212490201 ], [ 3397051.407672241330147, 8351998.914951001293957 ], [ 3396956.808369007427245, 8351954.962233398109674 ], [ 3396899.489963222295046, 8351939.67727819737047 ], [ 3396876.090606268960983, 8351941.822921226732433 ], [ 3396826.865127462893724, 8351946.357529695145786 ], [ 3396796.619621830526739, 8351954.873753107152879 ], [ 3396782.916192521806806, 8351975.976333484984934 ], [ 3396784.452401495538652, 8352004.555605597794056 ], [ 3396790.886668065562844, 8352030.613273681141436 ], [ 3396838.653861545957625, 8352086.976014747284353 ], [ 3396874.966279427055269, 8352121.373424958437681 ], [ 3396899.723734172992408, 8352159.199701001867652 ], [ 3396916.521845328621566, 8352193.995622029528022 ], [ 3396924.559112562797964, 8352217.067642300389707 ], [ 3396933.253164792433381, 8352258.964668882079422 ], [ 3396947.368476221337914, 8352291.305619740858674 ], [ 3396964.979219660628587, 8352324.067014721222222 ], [ 3396988.601215596310794, 8352351.895511713810265 ], [ 3397023.844966368284076, 8352381.33897212985903 ], [ 3397077.445301163941622, 8352417.418984970077872 ], [ 3397122.563090764451772, 8352436.332857388071716 ], [ 3397152.775200552307069, 8352446.553005110472441 ], [ 3397170.8423538999632, 8352459.516243143007159 ], [ 3397183.321268813684583, 8352475.665018616244197 ], [ 3397190.134021650068462, 8352504.51168629154563 ], [ 3397184.634838808327913, 8352529.35442067310214 ], [ 3397156.693646635394543, 8352557.55976364761591 ], [ 3397117.308810812886804, 8352574.018460645340383 ], [ 3397077.690204058773816, 8352590.49931632168591 ], [ 3397056.049695061054081, 8352623.306283533573151 ], [ 3397044.338884640019387, 8352667.882403211668134 ], [ 3397025.147404437884688, 8352707.060942114330828 ], [ 3397004.119152642320842, 8352747.190954195335507 ], [ 3396906.670070459600538, 8352882.869176584295928 ], [ 3396877.047953973524272, 8352909.615756697021425 ], [ 3396847.425837489776313, 8352937.335846475325525 ], [ 3396837.496138919144869, 8352957.755420540459454 ], [ 3396838.820840857923031, 8352970.940787657164037 ], [ 3396849.518643921706825, 8352995.143519476056099 ], [ 3396870.713874958921224, 8353013.970379458740354 ], [ 3396904.543868198525161, 8353033.527356538921595 ], [ 3396940.900813874788582, 8353049.588894578628242 ], [ 3396983.614102474413812, 8353058.239131330512464 ], [ 3397011.822461429517716, 8353072.995440958999097 ], [ 3397025.269855913706124, 8353098.725028925575316 ], [ 3397023.054598048329353, 8353117.729141603223979 ], [ 3397008.304765528067946, 8353133.635997629724443 ], [ 3396991.284015395212919, 8353151.622511744499207 ], [ 3396973.573084420058876, 8353177.15326018165797 ], [ 3396968.741818522568792, 8353187.153196121565998 ], [ 3396958.444765630643815, 8353200.007115971297026 ], [ 3396926.9190858528018, 8353215.117690663784742 ], [ 3396885.374651909340173, 8353210.493807271122932 ], [ 3396831.217719660606235, 8353198.303583146072924 ], [ 3396808.352696260903031, 8353193.060244296677411 ], [ 3396774.244404298719019, 8353193.657586509361863 ], [ 3396747.906212789937854, 8353199.18853522464633 ], [ 3396720.866708490531892, 8353206.865498910658062 ], [ 3396696.042462055105716, 8353209.232748684473336 ], [ 3396654.542555905878544, 8353205.029221565462649 ], [ 3396622.82763299299404, 8353195.626603779383004 ], [ 3396574.771008838433772, 8353163.657792921178043 ], [ 3396560.833808595314622, 8353151.069420271553099 ], [ 3396537.501243334263563, 8353130.870547344908118 ], [ 3396517.140908477362245, 8353117.330917575396597 ], [ 3396496.602462433278561, 8353111.844277292490005 ], [ 3396471.255014394409955, 8353116.799952210858464 ], [ 3396428.998135707341135, 8353130.494446187280118 ], [ 3396407.64705738471821, 8353141.268645899370313 ], [ 3396398.396407707128674, 8353157.418913113884628 ], [ 3396394.422301888465881, 8353181.290400207974017 ], [ 3396397.350004497449845, 8353206.931870401836932 ], [ 3396410.630419746041298, 8353237.949540114961565 ], [ 3396435.354478642344475, 8353286.445330611430109 ], [ 3396454.334451818373054, 8353328.038689447566867 ], [ 3396482.053005018737167, 8353391.247769184410572 ], [ 3396488.264632603153586, 8353418.925419047474861 ], [ 3396484.435242126695812, 8353453.329037386924028 ], [ 3396472.980466529261321, 8353477.201481595635414 ], [ 3396445.261913338210434, 8353504.923703235574067 ], [ 3396421.383882576134056, 8353523.065995639190078 ], [ 3396394.622677003033459, 8353535.50012912042439 ], [ 3396346.855483528226614, 8353552.691127515397966 ], [ 3396292.397988659795374, 8353594.728486623615026 ], [ 3396253.213527921587229, 8353630.084303497336805 ], [ 3396219.773152908775955, 8353688.362033408135176 ], [ 3396197.798685440327972, 8353734.227859712205827 ], [ 3396188.24747313791886, 8353766.708028735592961 ], [ 3396188.247473139781505, 8353786.775888536125422 ], [ 3396203.531639221124351, 8353809.720134682022035 ], [ 3396215.954894387628883, 8353825.008963176980615 ], [ 3396237.929361861199141, 8353834.545137076638639 ], [ 3396268.508825968485326, 8353837.42147964797914 ], [ 3396316.276019445154816, 8353824.03543334826827 ], [ 3396372.648209552280605, 8353797.285539192147553 ], [ 3396442.935336004942656, 8353757.94633417762816 ], [ 3396481.20697692129761, 8353742.480641144327819 ], [ 3396512.587941358331591, 8353733.763226162642241 ], [ 3396546.451330442912877, 8353732.92246079351753 ], [ 3396589.665556747931987, 8353735.245628485456109 ], [ 3396636.809361077845097, 8353735.356255538761616 ], [ 3396693.793808387126774, 8353721.461510860361159 ], [ 3396727.879836451262236, 8353719.116222141310573 ], [ 3396752.770874583162367, 8353728.032748312689364 ], [ 3396772.262917413841933, 8353742.148759665898979 ], [ 3396782.893928779754788, 8353760.512890067882836 ], [ 3396785.743707744404674, 8353784.275700129568577 ], [ 3396777.673044668510556, 8353810.826416400261223 ], [ 3396756.433285837993026, 8353852.466982125304639 ], [ 3396722.0466951536946, 8353901.188069821335375 ], [ 3396704.402555874083191, 8353934.908030024729669 ], [ 3396691.890245117247105, 8353970.066341572441161 ], [ 3396683.185060944408178, 8354010.955513671971858 ], [ 3396682.33903281763196, 8354037.175150707364082 ], [ 3396686.157291351351887, 8354056.889723957516253 ], [ 3396696.565663738176227, 8354078.794867110438645 ], [ 3396712.918496928643435, 8354095.45609528478235 ], [ 3396743.798523663077503, 8354110.856148401275277 ], [ 3396774.622890649363399, 8354122.229196768254042 ], [ 3396795.083413047716022, 8354135.593657314777374 ], [ 3396803.265395619440824, 8354148.759002218022943 ], [ 3396802.942569096107036, 8354162.035004051402211 ], [ 3396797.966587861999869, 8354179.515109558589756 ], [ 3396787.970097596291453, 8354197.703313921578228 ], [ 3396768.901068832725286, 8354215.581787200644612 ], [ 3396744.421912821009755, 8354227.729437941685319 ], [ 3396709.278349593281746, 8354235.097694855183363 ], [ 3396679.233219043817371, 8354237.288259143009782 ], [ 3396643.076648449990898, 8354231.778659299947321 ], [ 3396611.68455205950886, 8354217.905106836929917 ], [ 3396576.563252727501094, 8354191.618447383865714 ], [ 3396542.733259489294142, 8354171.460979858413339 ], [ 3396520.70313227083534, 8354167.411791604012251 ], [ 3396503.225972225889564, 8354176.218225738964975 ], [ 3396475.06214107060805, 8354203.279268779791892 ], [ 3396452.37522886088118, 8354236.115532740950584 ], [ 3396445.562476030550897, 8354270.9655009964481 ], [ 3396441.955724533181638, 8354303.625049200840294 ], [ 3396445.261913409922272, 8354331.660156067460775 ], [ 3396452.775979038327932, 8354353.278460359200835 ], [ 3396471.87840365152806, 8354372.794732135720551 ], [ 3396497.270379489753395, 8354389.810661999508739 ], [ 3396553.553514011204243, 8354408.862354351207614 ], [ 3396593.494947290979326, 8354426.940486527048051 ], [ 3396630.775844744406641, 8354465.929216084070504 ], [ 3396649.221484361682087, 8354493.500258145853877 ], [ 3396664.939796457067132, 8354522.797369158826768 ], [ 3396673.633848688099533, 8354556.940599215216935 ], [ 3396674.168182247318327, 8354602.369263630360365 ], [ 3396667.900894922669977, 8354671.674515940248966 ], [ 3396661.967566069681197, 8354701.215745637193322 ], [ 3396651.993339701555669, 8354724.981584814377129 ], [ 3396635.239756348077208, 8354753.394476219080389 ], [ 3396626.690419462509453, 8354795.593575228005648 ], [ 3396623.729321015067399, 8354885.635354094207287 ], [ 3396624.419501861091703, 8354922.922576070763171 ], [ 3396630.508678009267896, 8354956.248881680890918 ], [ 3396666.80996394623071, 8355051.515147039666772 ], [ 3396684.877117299009115, 8355096.681302117183805 ], [ 3396701.641832606866956, 8355129.986262807622552 ], [ 3396742.050807752646506, 8355201.996306269429624 ], [ 3396753.405395812354982, 8355239.661335359327495 ], [ 3396756.655924943741411, 8355280.336241906508803 ], [ 3396750.010151350870728, 8355311.805229832418263 ], [ 3396736.440305433236063, 8355337.254931442439556 ], [ 3396718.451075728517026, 8355362.616199660114944 ], [ 3396685.945784435141832, 8355380.541755937971175 ], [ 3396643.34381532901898, 8355404.309782894328237 ], [ 3396643.499662616290152, 8355406.611346367746592 ], [ 3396632.534692781977355, 8355431.087633079849184 ], [ 3396645.314170321915299, 8355471.276721166446805 ], [ 3396664.906400693114847, 8355484.178881208412349 ], [ 3396711.582663164008409, 8355507.991503405384719 ], [ 3396754.618778286036104, 8355524.700220046564937 ], [ 3396797.165087648667395, 8355538.200005492195487 ], [ 3396827.833607348613441, 8355548.402318756096065 ], [ 3396854.015951572451741, 8355564.757032562047243 ], [ 3396878.239072760101408, 8355588.016640597954392 ], [ 3396899.089213378727436, 8355616.698427574709058 ], [ 3396919.961617893539369, 8355649.8065548511222 ], [ 3396966.89391520107165, 8355737.247249559499323 ], [ 3397000.345422172918916, 8355813.645282682031393 ], [ 3397016.25297740381211, 8355850.251109523698688 ], [ 3397037.704243277665228, 8355929.615998597815633 ], [ 3397056.472709421534091, 8355990.789072277024388 ], [ 3397068.795777048915625, 8356011.881063659675419 ], [ 3397092.228529849555343, 8356026.200634653680027 ], [ 3397127.316433333326131, 8356029.542609627358615 ], [ 3397161.458121143747121, 8356023.279174322262406 ], [ 3397196.267725896090269, 8356007.45461765024811 ], [ 3397229.084711764473468, 8355987.225793225690722 ], [ 3397258.962863079272211, 8355978.085215685889125 ], [ 3397294.317933339159936, 8355978.704915498383343 ], [ 3397330.808462405111641, 8355991.121054877527058 ], [ 3397368.83520044432953, 8356012.102386012673378 ], [ 3397410.201523206196725, 8356041.073541513644159 ], [ 3397441.048154093325138, 8356071.062901730649173 ], [ 3397457.300799744203687, 8356104.96983808465302 ], [ 3397467.475401201285422, 8356138.810532378032804 ], [ 3397479.030364345293492, 8356205.894800405949354 ], [ 3397481.167698581237346, 8356349.316858175210655 ], [ 3397487.924791680183262, 8356474.636376353912055 ], [ 3397487.190083044581115, 8356529.771441115997732 ], [ 3397482.837490961886942, 8356575.876269596628845 ], [ 3397466.529185570310801, 8356617.111893093213439 ], [ 3397430.383746934123337, 8356684.134106649085879 ], [ 3397416.880692709237337, 8356726.034366430714726 ], [ 3397411.336982074659318, 8356762.66685398388654 ], [ 3397408.041925153695047, 8356811.960524523630738 ], [ 3397414.676566805224866, 8356871.923498056828976 ], [ 3397428.469051714986563, 8356936.136879336088896 ], [ 3397468.477276691235602, 8356979.189597123302519 ], [ 3397509.676620217040181, 8357011.374157946556807 ], [ 3397597.006760707590729, 8357042.496363323181868 ], [ 3397657.364188586827368, 8357041.123973123729229 ], [ 3397796.613739548251033, 8356977.374516017735004 ], [ 3397910.092828409280628, 8356946.03123489767313 ], [ 3398007.519646706990898, 8356959.334405034780502 ], [ 3398050.878588354215026, 8357014.960066786967218 ], [ 3398006.16154896793887, 8357507.92844555247575 ], [ 3398007.397195319645107, 8357553.065364047884941 ], [ 3398020.276860400568694, 8357584.942510603927076 ], [ 3398039.512868402060121, 8357597.671270785853267 ], [ 3398066.374261518474668, 8357600.526943477801979 ], [ 3398100.538213226478547, 8357583.193691345863044 ], [ 3398209.998668466228992, 8357533.319311779923737 ], [ 3398245.843544485513121, 8357521.431859594769776 ], [ 3398272.493430567439646, 8357521.719637543894351 ], [ 3398297.662767426110804, 8357530.507938669063151 ], [ 3398317.544428474269807, 8357557.182821051217616 ], [ 3398333.685754634439945, 8357591.937791728414595 ], [ 3398345.830711078364402, 8357627.644820620305836 ], [ 3398357.808688285760581, 8357669.351203327067196 ], [ 3398375.697730450890958, 8357701.738010248169303 ], [ 3398411.498078676871955, 8357740.766183116473258 ], [ 3398446.574850211851299, 8357772.179252680391073 ], [ 3398486.75005442276597, 8357791.571742936037481 ], [ 3398532.969906979706138, 8357811.517725002020597 ], [ 3398599.483302698004991, 8357829.781296384520829 ], [ 3398665.095010544173419, 8357839.898227493278682 ], [ 3398744.710710322484374, 8357850.435789749957621 ], [ 3398796.429745722096413, 8357864.803204545751214 ], [ 3398825.673375941347331, 8357879.192785165272653 ], [ 3398851.755532623734325, 8357902.503965312615037 ], [ 3398867.128754299134016, 8357929.423710365779698 ], [ 3398871.915492401458323, 8357955.767963853664696 ], [ 3398869.121373188216239, 8357988.68734388705343 ], [ 3398858.011688014026731, 8358027.672757941298187 ], [ 3398833.042726246174425, 8358070.643291122280061 ], [ 3398802.897408156190068, 8358102.921166865155101 ], [ 3398764.547843596898019, 8358128.80112945009023 ], [ 3398724.539618625771254, 8358146.135663279332221 ], [ 3398692.000931483693421, 8358150.895472154021263 ], [ 3398651.402713209856302, 8358159.551690586842597 ], [ 3398585.57949833618477, 8358186.826593603007495 ], [ 3398529.819565427023917, 8358211.954130001366138 ], [ 3398485.258373286109418, 8358238.343670045025647 ], [ 3398457.450764501467347, 8358271.972759265452623 ], [ 3398435.776859659235924, 8358323.069785950705409 ], [ 3398424.923209315165877, 8358370.514179081656039 ], [ 3398425.268299741204828, 8358431.707491262815893 ], [ 3398445.138828847557306, 8358542.427939608693123 ], [ 3398455.302298361901194, 8358640.043086268007755 ], [ 3398473.592090697027743, 8358707.260799011215568 ], [ 3398496.034100036602467, 8358777.180268543772399 ], [ 3398519.311005557421595, 8358844.753482356667519 ], [ 3398530.476350482087582, 8358906.614955275319517 ], [ 3398530.264843455515802, 8358953.686702685430646 ], [ 3398521.481735640205443, 8358995.444863556884229 ], [ 3398499.562927916646004, 8359045.749812329187989 ], [ 3398465.398976213764399, 8359110.956341279670596 ], [ 3398426.036404294427484, 8359186.459357886575162 ], [ 3398415.494448523968458, 8359215.287986231967807 ], [ 3398411.765245586168021, 8359250.537890686653554 ], [ 3398415.806143103633076, 8359284.592292491346598 ], [ 3398425.669049985706806, 8359322.056744452565908 ], [ 3398437.524575752671808, 8359347.8081299578771 ], [ 3398459.487911278381944, 8359372.895335711538792 ], [ 3398564.584642491303384, 8359435.00480433460325 ], [ 3398656.133791682776064, 8359490.33913495298475 ], [ 3398712.995787558145821, 8359540.891029010526836 ], [ 3398768.332706410903484, 8359594.742573549970984 ], [ 3398839.298881770577282, 8359730.436037270352244 ], [ 3398904.075693456456065, 8359997.512332364916801 ], [ 3398906.624909797683358, 8360040.317184359766543 ], [ 3398905.567374638281763, 8360078.91484013479203 ], [ 3398892.765633208677173, 8360140.05588882509619 ], [ 3398853.291741797234863, 8360185.696096446365118 ], [ 3398815.153684269636869, 8360207.641585486009717 ], [ 3398752.603262424934655, 8360233.484641641378403 ], [ 3398686.234582047443837, 8360265.616965378634632 ], [ 3398634.827241224702448, 8360300.340405704453588 ], [ 3398601.943463666364551, 8360343.567774033173919 ], [ 3398584.666678706649691, 8360388.323425835929811 ], [ 3398581.405017631594092, 8360434.186624286696315 ], [ 3398594.741092626005411, 8360481.400992176495492 ], [ 3398627.23525197757408, 8360527.951288569718599 ], [ 3398678.453349671326578, 8360582.695875938050449 ], [ 3398709.578279288951308, 8360637.750915123149753 ], [ 3398751.022525698877871, 8360729.170648726634681 ], [ 3398766.796497544273734, 8360781.547048176638782 ], [ 3398777.883918826468289, 8360849.271501952782273 ], [ 3398786.845137835480273, 8360902.468189666979015 ], [ 3398782.603865243494511, 8360976.682860692031682 ], [ 3398747.861052196938545, 8361110.541349754668772 ], [ 3398704.134756247978657, 8361280.14912467636168 ], [ 3398659.028098614886403, 8361441.787323812022805 ], [ 3398629.339190437924117, 8361497.181004568934441 ], [ 3398589.509076657705009, 8361568.832384086214006 ], [ 3398563.493711679242551, 8361652.046312435530126 ], [ 3398531.511621993035078, 8361709.102771644480526 ], [ 3398487.640610695350915, 8361757.920061396434903 ], [ 3398405.464562638197094, 8361841.689865794032812 ], [ 3398339.619083870667964, 8361917.929631414823234 ], [ 3398275.699432293884456, 8361990.249602648429573 ], [ 3398212.559017150197178, 8362039.844014139845967 ], [ 3398144.609600006602705, 8362089.460909500718117 ], [ 3398073.910591438878328, 8362125.765626049600542 ], [ 3397998.424844766966999, 8362136.265009962022305 ], [ 3397908.857182515785098, 8362134.22715369425714 ], [ 3397832.169185344129801, 8362116.196580316871405 ], [ 3397763.485059551894665, 8362078.053424128331244 ], [ 3397673.906265347730368, 8362027.882848234847188 ], [ 3397616.910686088725924, 8362026.00007389113307 ], [ 3397553.291597130708396, 8362035.059545476920903 ], [ 3397522.300250913482159, 8362068.772395636886358 ], [ 3397495.962059404700994, 8362111.500664283521473 ], [ 3397502.852735885418952, 8362161.450301920995116 ], [ 3397523.636084812693298, 8362208.875082375481725 ], [ 3397547.85920600220561, 8362263.432785146869719 ], [ 3397571.236299061682075, 8362308.798165558837354 ], [ 3397635.256138198077679, 8362412.665558248758316 ], [ 3397664.666747653856874, 8362465.164668828248978 ], [ 3397681.453726863954216, 8362517.708456528373063 ], [ 3397687.776673942338675, 8362570.518441480584443 ], [ 3397687.977049029897898, 8362612.56290281843394 ], [ 3397679.093753672670573, 8362665.838763073086739 ], [ 3397662.362434220034629, 8362721.839749445207417 ], [ 3397597.251664097420871, 8362871.214712804183364 ], [ 3397532.341269065160304, 8363079.4541742997244 ], [ 3397522.901376257650554, 8363157.678409924730659 ], [ 3397482.581456751562655, 8363632.890189694240689 ], [ 3397397.644685340113938, 8363922.263742748647928 ], [ 3397839.844736098777503, 8363575.502605164423585 ], [ 3398368.317234029062092, 8363177.889963864348829 ], [ 3398640.103090107440948, 8363031.930893007665873 ], [ 3398926.988160412292928, 8362911.137179194949567 ], [ 3399329.633873120881617, 8362830.608036653138697 ], [ 3399566.188229337334633, 8362800.409608200192451 ], [ 3400089.627655858639628, 8362916.170250603929162 ], [ 3401045.911223541479558, 8363298.683677677996457 ], [ 3401237.167937078047544, 8363354.047463174909353 ], [ 3401478.755364703480154, 8363354.047463174909353 ], [ 3401690.144363875500858, 8363298.683677677996457 ], [ 3401896.500291638541967, 8363208.088392318226397 ], [ 3402037.426291086710989, 8363097.360821323469281 ], [ 3402128.021576446015388, 8362865.83953651599586 ], [ 3402133.054647854994982, 8362523.590680713765323 ], [ 3402077.690862358082086, 8362010.217397009022534 ], [ 3402052.525505313649774, 8361446.513399217277765 ], [ 3402153.186933490913361, 8361164.66140032093972 ], [ 3402344.443647027481347, 8360867.710187198594213 ], [ 3403149.735072444658726, 8360344.270760676823556 ], [ 3403738.604427281301469, 8360062.418761780485511 ], [ 3404604.292709604371339, 8359503.747835397720337 ], [ 3404996.872279495000839, 8359211.829693683423102 ], [ 3405298.856564026791602, 8359010.506837329827249 ], [ 3405681.369991099927574, 8358607.861124620772898 ], [ 3406204.809417621232569, 8357782.437413569539785 ], [ 3406416.198416793253273, 8357566.015342988073826 ], [ 3406672.885058645159006, 8357374.75862945150584 ], [ 3406858.120473467279226, 8357182.857811941765249 ], [ 3406966.334812234155834, 8356824.815755556337535 ], [ 3406759.502536537591368, 8356254.410097647458315 ], [ 3406691.029917728621513, 8355612.360742292366922 ], [ 3406652.513373921159655, 8355493.141801068559289 ], [ 3406536.963742519263178, 8355351.92727707978338 ], [ 3406373.145979926921427, 8355169.222133135423064 ], [ 3406137.148659531027079, 8354907.166765062138438 ], [ 3406033.521345594897866, 8354832.902470515109599 ], [ 3405904.223757097497582, 8354806.303819733671844 ], [ 3405709.815398465842009, 8354815.465074671432376 ], [ 3405621.783945186063647, 8354793.469230538234115 ], [ 3405553.010763798840344, 8354710.93007804453373 ], [ 3405465.914394227787852, 8354535.675742850638926 ], [ 3405488.823945404496044, 8354341.374002024531364 ], [ 3405534.665311679709703, 8354211.156418070197105 ], [ 3405731.82326170289889, 8353877.358505383133888 ], [ 3405764.840622649528086, 8353781.089620160870254 ], [ 3405750.168713758233935, 8353655.439705284312367 ], [ 3405673.458452678285539, 8353535.942624905146658 ], [ 3405664.886851888149977, 8353491.294888076372445 ], [ 3405681.39553235610947, 8353409.699523785151541 ], [ 3405723.574487392324954, 8353339.078667758964002 ], [ 3406028.022162596229464, 8353054.810007696971297 ], [ 3406099.556067342404276, 8352971.36112648434937 ], [ 3406236.189610268454999, 8352875.059812464751303 ], [ 3406318.721880699042231, 8352822.805869306437671 ], [ 3406334.306609395891428, 8352745.775117186829448 ], [ 3406315.04833749262616, 8352693.499967060051858 ], [ 3406255.447882147971541, 8352652.242016468197107 ], [ 3406134.399067910853773, 8352622.885963646695018 ], [ 3405943.653120524715632, 8352617.399690926074982 ], [ 3405806.106757760513574, 8352568.797686770558357 ], [ 3405671.309986415319145, 8352476.173815814778209 ], [ 3405520.917354410048574, 8352336.786703810095787 ], [ 3405402.618131593801081, 8352268.012156871147454 ], [ 3405287.079632150009274, 8352239.586711104027927 ], [ 3405163.281226493418217, 8352196.473150549456477 ], [ 3405088.997730314265937, 8352129.535920359194279 ], [ 3405055.991501302924007, 8352053.419338404200971 ], [ 3405056.90432112198323, 8351986.483405553735793 ], [ 3405093.584093316458166, 8351932.377672157250345 ], [ 3405164.194046292454004, 8351936.049594085663557 ], [ 3405249.475908153690398, 8351979.13951331935823 ], [ 3405350.3536306633614, 8351987.390332498587668 ], [ 3405443.884266783017665, 8351943.393443428911269 ], [ 3405513.58139992877841, 8351845.26960186008364 ], [ 3405559.433898150920868, 8351702.200477054342628 ], [ 3405582.354581277817488, 8351514.210801312699914 ], [ 3405577.768218253739178, 8351434.428890411742032 ], [ 3405546.587628890294582, 8351366.569601628929377 ], [ 3405489.736764963716269, 8351315.233181319199502 ], [ 3405375.111085344105959, 8351273.053976934403181 ], [ 3405254.975090932566673, 8351240.938666741363704 ], [ 3405183.452318128664047, 8351199.688834897242486 ], [ 3405135.763048287015408, 8351109.824717858806252 ], [ 3405126.601454188581556, 8350986.940681705251336 ], [ 3405104.593590859789401, 8350900.728444782085717 ], [ 3405032.146866276394576, 8350810.867967402562499 ], [ 3404917.52118665445596, 8350726.493447300046682 ], [ 3404868.919096989557147, 8350662.311954943463206 ], [ 3404853.323236329946667, 8350585.281631156802177 ], [ 3404896.426143135875463, 8350466.984258125536144 ], [ 3404956.03773041954264, 8350367.951198117807508 ], [ 3405004.639820069074631, 8350270.755013786256313 ], [ 3405038.558868888299912, 8350156.111603220924735 ], [ 3405048.655546691734344, 8350081.850868911482394 ], [ 3405049.568366507533938, 8350000.226843853481114 ], [ 3405035.809277446009219, 8349916.76826189365238 ], [ 3405009.215051100123674, 8349839.745717890560627 ], [ 3404944.115412903483957, 8349725.131114503368735 ], [ 3404911.098051944281906, 8349650.852602638304234 ], [ 3404879.917462573386729, 8349492.192312750965357 ], [ 3404856.072827653028071, 8349441.75342835765332 ], [ 3404812.057101008482277, 8349383.066970790736377 ], [ 3404783.637235017493367, 8349327.145004313439131 ], [ 3404781.800463414750993, 8349273.943242013454437 ], [ 3404808.394689749460667, 8349229.011711498722434 ], [ 3404891.839780006092042, 8349200.597966472618282 ], [ 3404995.467093936167657, 8349200.597966467030346 ], [ 3405350.353630424942821, 8349219.857387904077768 ], [ 3405441.13467512326315, 8349202.433247841894627 ], [ 3405537.426034610718489, 8349168.491671776399016 ], [ 3405582.35458106873557, 8349128.137883769348264 ], [ 3405632.793442317750305, 8349055.700623743236065 ], [ 3405655.71412545396015, 8348974.087944564409554 ], [ 3405638.292625148780644, 8348922.723938561044633 ], [ 3405606.199215965345502, 8348870.45374576933682 ], [ 3405533.752491381950676, 8348808.101461802609265 ], [ 3405487.899993142578751, 8348758.59589227847755 ], [ 3405466.816081590484828, 8348695.315920128487051 ], [ 3405489.413938203360885, 8348589.540965424850583 ], [ 3405500.24532464845106, 8348529.711572245694697 ], [ 3405493.399175961501896, 8348472.4694914361462 ], [ 3405468.641721211373806, 8348375.408808371052146 ], [ 3405448.860247694887221, 8348241.449474256485701 ], [ 3405445.242364236153662, 8348125.643710596486926 ], [ 3405446.867628798820078, 8348116.35810374841094 ], [ 3405451.019845802336931, 8348087.064301556907594 ], [ 3405471.101881929207593, 8348049.678946242667735 ], [ 3405495.336135060526431, 8348012.669620720669627 ], [ 3405526.538988309912384, 8347974.157126520760357 ], [ 3405700.976630290504545, 8347831.627272564917803 ], [ 3405767.768324728589505, 8347767.758342543616891 ], [ 3405823.762028567958623, 8347702.917242249473929 ], [ 3405872.31959042372182, 8347631.510893349535763 ], [ 3405920.35395066998899, 8347542.48605047725141 ], [ 3405944.699523288290948, 8347461.022738337516785 ], [ 3405956.889007511548698, 8347320.160754961892962 ], [ 3405973.386556033045053, 8347253.709848375059664 ], [ 3406044.330467474181205, 8347122.954072375781834 ], [ 3406068.998866614885628, 8347058.538637915626168 ], [ 3406080.542697798460722, 8346998.832177430391312 ], [ 3406072.928444627672434, 8346934.108355497010052 ], [ 3406059.202751413919032, 8346874.64605472330004 ], [ 3406051.966984509956092, 8346816.24525748193264 ], [ 3406062.475544423330575, 8346663.459285863675177 ], [ 3406070.301304617896676, 8346616.510065098293126 ], [ 3406166.358893153723329, 8346335.705139831639826 ], [ 3406184.904720307327807, 8346268.113735510036349 ], [ 3406179.594780592247844, 8346205.341370071284473 ], [ 3406159.368029117118567, 8346111.581668892875314 ], [ 3406154.147144998889416, 8346094.629016464576125 ], [ 3406141.735021778382361, 8346054.314129758626223 ], [ 3406080.297794827725738, 8345927.756875108927488 ], [ 3406039.031659603118896, 8345864.479061302728951 ], [ 3405971.17129803262651, 8345694.84945579431951 ], [ 3405968.421706601977348, 8345592.12321943603456 ], [ 3406005.101478794123977, 8345490.348742893896997 ], [ 3406118.803206618409604, 8345284.019386194646358 ], [ 3406199.50983738899231, 8345097.872644560411572 ], [ 3406286.61733888508752, 8344985.077472377568483 ], [ 3406361.81365487491712, 8344923.61985635291785 ], [ 3406393.918196002487093, 8344891.532156537286937 ], [ 3406444.345925299916416, 8344792.485466877929866 ], [ 3406465.440968790091574, 8344731.979686841368675 ], [ 3406466.186809371691197, 8344653.729521069675684 ], [ 3406438.958061929326504, 8344580.673210027627647 ], [ 3406428.68327292567119, 8344484.702270201407373 ], [ 3406377.509703008458018, 8344219.534617987461388 ], [ 3406373.591256932821125, 8344202.210662779398263 ], [ 3406302.279991132672876, 8343857.397280883975327 ], [ 3406281.017968390136957, 8343730.236909796483815 ], [ 3406277.077258417848498, 8343706.66110944468528 ], [ 3406274.650493517518044, 8343692.122368494980037 ], [ 3406199.008899545762688, 8343545.587599069811404 ], [ 3406129.723648476414382, 8343182.400717217475176 ], [ 3406068.497928502038121, 8342420.203819050453603 ], [ 3406104.120165510103106, 8342068.956949009560049 ], [ 3406216.552851145621389, 8341923.161268356256187 ], [ 3406443.644612246658653, 8341779.577426605857909 ], [ 3406652.925254817120731, 8341523.342430521734059 ], [ 3406705.245415445417166, 8341269.325133047066629 ], [ 3406631.774551538284868, 8341063.908839161507785 ], [ 3406469.248095042072237, 8340922.550407614558935 ], [ 3406371.286943167448044, 8340679.596925345249474 ], [ 3406473.700874626170844, 8340414.56587855797261 ], [ 3406652.658087917137891, 8340115.048072695732117 ], [ 3406800.746406438294798, 8339985.611199266277254 ], [ 3406941.365187135059386, 8339881.860161758959293 ], [ 3407105.283137251157314, 8339871.834063797257841 ], [ 3407284.440725650172681, 8339853.195274693891406 ], [ 3407347.714724177960306, 8339754.017390658147633 ], [ 3407340.156130746938288, 8339657.358329710550606 ], [ 3407257.022735050879419, 8339520.421304926276207 ], [ 3407185.121475959662348, 8339268.195295035839081 ], [ 3407098.837738668080419, 8339072.042639424093068 ], [ 3407042.866298710461706, 8338916.148826252669096 ], [ 3406993.028562692459673, 8338784.546978921629488 ], [ 3406951.48412873968482, 8338681.276500252075493 ], [ 3406883.657163012307137, 8338486.508377129212022 ], [ 3406835.422427667770535, 8338394.811706870794296 ], [ 3406766.370947551913559, 8338295.874197480268776 ], [ 3406675.95725716277957, 8338201.729134868830442 ], [ 3406585.332059738691896, 8338068.351657604798675 ], [ 3406524.462562190368772, 8337937.670118915848434 ], [ 3406465.307384803425521, 8337852.338684412650764 ], [ 3406325.044826454948634, 8337690.024017198011279 ], [ 3406255.581464224494994, 8337614.696387317031622 ], [ 3406201.825282141566277, 8337551.092383648268878 ], [ 3406142.436333827674389, 8337526.47661114949733 ], [ 3406112.213092090096325, 8337522.326157142408192 ], [ 3406078.472154446877539, 8337529.501145591028035 ], [ 3405990.986166675575078, 8337552.792309978976846 ], [ 3405937.241116544697434, 8337560.254328896291554 ], [ 3405884.987747593317181, 8337556.677857357077301 ], [ 3405846.471203792840242, 8337525.615612531080842 ], [ 3405827.068216552492231, 8337482.013890113681555 ], [ 3405826.767653923947364, 8337432.760811001993716 ], [ 3405852.437928482424468, 8337369.158374059014022 ], [ 3405882.594378518871963, 8337299.286838475614786 ], [ 3405953.838852585759014, 8337208.443792421370745 ], [ 3405998.366648877970874, 8337155.461729776114225 ], [ 3406024.593520892318338, 8337110.184443251229823 ], [ 3406037.027907996904105, 8336977.842137586325407 ], [ 3406029.87006472889334, 8336831.02111326251179 ], [ 3406066.271538191009313, 8336720.581661676056683 ], [ 3406113.649113446008414, 8336656.985357159748673 ], [ 3406144.195181703194976, 8336605.795255040749907 ], [ 3406210.986876143142581, 8336568.269316707737744 ], [ 3406275.86387534532696, 8336554.605507688596845 ], [ 3406310.584424507804215, 8336547.299022447317839 ], [ 3406367.913962238002568, 8336531.935560438781977 ], [ 3406434.41622600518167, 8336511.826249692589045 ], [ 3406473.433707506395876, 8336473.17502789478749 ], [ 3406487.549018929246813, 8336427.968144473619759 ], [ 3406485.968282157089561, 8336385.03510557860136 ], [ 3406471.062602339778095, 8336312.612380332313478 ], [ 3406372.53372106468305, 8336071.642517913132906 ], [ 3406177.424049596302211, 8335562.203764002770185 ], [ 3406110.732542676851153, 8335369.63663455657661 ], [ 3406095.559696082025766, 8335280.185668771155179 ], [ 3406081.177217869088054, 8335185.880407835356891 ], [ 3406076.51293119834736, 8335074.737255605868995 ], [ 3406035.847921221982688, 8334980.390479028224945 ], [ 3405978.462723738513887, 8334914.75673046708107 ], [ 3405926.610104947816581, 8334882.006281837821007 ], [ 3405864.671940297819674, 8334842.878072340972722 ], [ 3405774.870507111307234, 8334799.623214499093592 ], [ 3405731.689676647074521, 8334749.681823777034879 ], [ 3405710.427653911523521, 8334698.858033077791333 ], [ 3405707.577874947804958, 8334661.275576442480087 ], [ 3405705.9526103772223, 8334621.42028525006026 ], [ 3405710.594633135944605, 8334571.855256324633956 ], [ 3405726.580112003721297, 8334524.100128985010087 ], [ 3405744.75858483556658, 8334441.566579459235072 ], [ 3405752.617740874644369, 8334366.867891798727214 ], [ 3405731.255530596710742, 8334315.759860062971711 ], [ 3405662.181786588393152, 8334276.656717044301331 ], [ 3405564.220634732861072, 8334257.480364204384387 ], [ 3405455.884506341535598, 8334243.379487494938076 ], [ 3405357.511472374200821, 8334231.066067876294255 ], [ 3405295.395196536090225, 8334200.613612871617079 ], [ 3405250.577969562262297, 8334169.344809635542333 ], [ 3405197.845926790032536, 8334081.011707248166203 ], [ 3405165.240447946824133, 8334024.984838534146547 ], [ 3405125.098639576695859, 8333947.995478550903499 ], [ 3405106.396965133026242, 8333920.964437575079501 ], [ 3405075.361091112252325, 8333914.565266842022538 ], [ 3405014.625176965724677, 8333922.332536863163114 ], [ 3404970.464734989684075, 8333939.985453651286662 ], [ 3404920.90529771335423, 8333971.650478830561042 ], [ 3404846.131995790172368, 8334050.868801890872419 ], [ 3404794.869370307773352, 8334098.797403134405613 ], [ 3404741.090924331918359, 8334139.885613651014864 ], [ 3404659.19317499967292, 8334204.519464238546789 ], [ 3404603.177207262720913, 8334222.989535004831851 ], [ 3404556.890563011169434, 8334232.853498516604304 ], [ 3404515.924990417901427, 8334223.916349810548127 ], [ 3404464.161427218932658, 8334180.04724330548197 ], [ 3404418.654019396752119, 8334113.118670775555074 ], [ 3404375.484320882242173, 8334033.061154993250966 ], [ 3404322.752278107218444, 8333917.080802299082279 ], [ 3404277.256002231035382, 8333797.395224204286933 ], [ 3404303.939284151885659, 8333682.808691812679172 ], [ 3404332.303490384016186, 8333582.367655019275844 ], [ 3404346.352010108530521, 8333503.88249659538269 ], [ 3404335.609679243527353, 8333423.566807536408305 ], [ 3404316.106504460796714, 8333344.33314685896039 ], [ 3404298.840851437766105, 8333238.049729695543647 ], [ 3404310.585057694464922, 8333061.05383488535881 ], [ 3404340.207174164708704, 8332879.38482225779444 ], [ 3404343.246196256950498, 8332796.251889157108963 ], [ 3404338.370402553584427, 8332712.943391495384276 ], [ 3404331.835948432795703, 8332572.119749032892287 ], [ 3404327.427696592640132, 8332477.253384769894183 ], [ 3404288.410215076059103, 8332325.293244988657534 ], [ 3404234.787616378162056, 8332243.754946390166879 ], [ 3404117.534796773921698, 8332160.938017807900906 ], [ 3403986.333644980564713, 8332106.49201862514019 ], [ 3403879.845420131459832, 8332050.127154509536922 ], [ 3403837.443826107308269, 8332033.824442286975682 ], [ 3403803.179686855524778, 8332015.514267128892243 ], [ 3403682.876713205594569, 8331951.27458980679512 ], [ 3403597.182969226036221, 8331868.284460002556443 ], [ 3403560.837155496235937, 8331816.752514698542655 ], [ 3403525.315105993766338, 8331767.360717865638435 ], [ 3403497.852587623056024, 8331715.608881236054003 ], [ 3403471.135909841861576, 8331662.291191707365215 ], [ 3403434.723304411396384, 8331569.885068940930068 ], [ 3403395.505447817966342, 8331487.649224118329585 ], [ 3403353.048194042872638, 8331429.215565577149391 ], [ 3403320.364791554398835, 8331380.488115381449461 ], [ 3403258.003612835891545, 8331321.018561854958534 ], [ 3403219.353485648985952, 8331289.62959511578083 ], [ 3403185.401040972210467, 8331275.424091118387878 ], [ 3403176.662460949737579, 8331271.76242836099118 ], [ 3403107.911543466150761, 8331251.799780812114477 ], [ 3403049.413151080720127, 8331250.674815536476672 ], [ 3403010.673968303948641, 8331269.005153399892151 ], [ 3402975.096259064972401, 8331296.202958710491657 ], [ 3402959.088516298681498, 8331329.930141029879451 ], [ 3402960.079259771388024, 8331358.606087517924607 ], [ 3402996.202434523962438, 8331444.59047737531364 ], [ 3403047.843546284362674, 8331522.678758562542498 ], [ 3403102.356700906064361, 8331583.032300695776939 ], [ 3403149.400317698251456, 8331643.276039297692478 ], [ 3403161.667725580278784, 8331682.982909697107971 ], [ 3403165.942394031211734, 8331743.999549805186689 ], [ 3403150.168422196991742, 8331785.471740377135575 ], [ 3403115.35881744325161, 8331812.539088176563382 ], [ 3402939.830244447570294, 8331862.240026609040797 ], [ 3402829.200934550724924, 8331891.778381451033056 ], [ 3402761.418496639933437, 8331911.41185665037483 ], [ 3402703.231798829045147, 8331919.287321485579014 ], [ 3402649.98768640588969, 8331910.70593305490911 ], [ 3402600.38372132787481, 8331850.94533216394484 ], [ 3402539.870446152985096, 8331762.110515057109296 ], [ 3402508.611933147069067, 8331675.615063207224011 ], [ 3402457.226856211666018, 8331575.841026769019663 ], [ 3402422.907057210337371, 8331513.083120237104595 ], [ 3402370.798403590917587, 8331467.421287798322737 ], [ 3402277.178711873479187, 8331440.906672101467848 ], [ 3402211.544740130193532, 8331420.325925353914499 ], [ 3402166.961284090764821, 8331433.362597514875233 ], [ 3402089.137828115839511, 8331474.281574091874063 ], [ 3402058.614023758564144, 8331516.590490070171654 ], [ 3402060.13910078490153, 8331557.840813486836851 ], [ 3402086.06541018281132, 8331638.864178041927516 ], [ 3402105.145570902619511, 8331695.689153350889683 ], [ 3402131.461498523596674, 8331783.530483751557767 ], [ 3402167.05033972254023, 8331908.654342970810831 ], [ 3402176.512496442534029, 8331979.732345054857433 ], [ 3402165.625450252555311, 8332022.882452725432813 ], [ 3402127.197962054982781, 8332089.019967874512076 ], [ 3402075.122704291250557, 8332160.871835331432521 ], [ 3402050.543360737618059, 8332178.454360658302903 ], [ 3402019.808049343526363, 8332178.321995193138719 ], [ 3401971.962932218797505, 8332135.788681549951434 ], [ 3401924.663280596025288, 8332056.017317932099104 ], [ 3401873.69008577754721, 8331959.348639521747828 ], [ 3401824.87648908328265, 8331923.986132262274623 ], [ 3401715.738860358484089, 8331889.704736608080566 ], [ 3401592.051774190273136, 8331853.769004215486348 ], [ 3401493.077614969108254, 8331796.656035960651934 ], [ 3401423.235766470432281, 8331720.086967111565173 ], [ 3401402.129591015633196, 8331611.576874379068613 ], [ 3401398.033033747691661, 8331499.891895264387131 ], [ 3401393.569122159387916, 8331378.282262961380184 ], [ 3401385.865813390817493, 8331269.269851828925312 ], [ 3401407.684433569665998, 8331214.477495020255446 ], [ 3401457.644621009938419, 8331142.2598484037444 ], [ 3401553.947112441062927, 8331047.566245835274458 ], [ 3401653.64484834112227, 8330965.79941782169044 ], [ 3401674.305745819583535, 8330930.243151245638728 ], [ 3401672.235203289426863, 8330887.209710107184947 ], [ 3401649.559423021972179, 8330859.020846602506936 ], [ 3401594.422879255842417, 8330838.618176029063761 ], [ 3401531.02642927877605, 8330829.13371051568538 ], [ 3401441.069148812443018, 8330849.867209057323635 ], [ 3401381.101339149288833, 8330839.2578264772892 ], [ 3401319.93127898266539, 8330795.144132944755256 ], [ 3401244.334212813992053, 8330720.416137131862342 ], [ 3401206.85294027486816, 8330660.312261549755931 ], [ 3401186.203174739144742, 8330600.03242532722652 ], [ 3401179.690984521061182, 8330507.485196359455585 ], [ 3401194.785907457116991, 8330402.257141154259443 ], [ 3401217.650930846109986, 8330300.360934776253998 ], [ 3401241.929711766075343, 8330182.255726723000407 ], [ 3401272.998981629963964, 8330148.401454079896212 ], [ 3401314.821714299265295, 8330133.051294279284775 ], [ 3401352.614681407343596, 8330140.638150881044567 ], [ 3401395.428157549351454, 8330184.946431264281273 ], [ 3401469.210716024041176, 8330291.627039610408247 ], [ 3401478.706268585287035, 8330301.81658496055752 ], [ 3401604.831251606810838, 8330438.693095417693257 ], [ 3401662.305504678282887, 8330464.299826973117888 ], [ 3401712.221164326183498, 8330462.050136406905949 ], [ 3401790.890648431144655, 8330430.686874551698565 ], [ 3401850.6246871589683, 8330388.91351031512022 ], [ 3401882.762624132912606, 8330341.494190899655223 ], [ 3401920.700306569691747, 8330256.294569100253284 ], [ 3401960.007218741811812, 8330159.825875290669501 ], [ 3401999.48111014906317, 8330062.211602138355374 ], [ 3402018.216180438175797, 8330024.035200404934585 ], [ 3402045.444927872158587, 8329996.908241061493754 ], [ 3402112.225490363780409, 8329958.07054825220257 ], [ 3402173.061592052225024, 8329943.382410996593535 ], [ 3402210.787767463829368, 8329933.105143121443689 ], [ 3402251.35258988942951, 8329910.279073574580252 ], [ 3402289.846869784407318, 8329882.821721023879945 ], [ 3402331.224324492737651, 8329876.403993087820709 ], [ 3402390.2347865360789, 8329881.674910116009414 ], [ 3402465.564685922581702, 8329907.522306648083031 ], [ 3402500.352026780601591, 8329930.105771494098008 ], [ 3402507.264967158436775, 8329956.659074320457876 ], [ 3402506.507994628511369, 8330037.400226728990674 ], [ 3402505.784417944960296, 8330101.84381190687418 ], [ 3402521.458202250301838, 8330210.552283336408436 ], [ 3402544.267565911635756, 8330313.395630775950849 ], [ 3402566.809762798249722, 8330442.883682748302817 ], [ 3402583.863908789120615, 8330532.055534415878356 ], [ 3402610.825489454902709, 8330627.42627449799329 ], [ 3402635.90577072603628, 8330737.13502680696547 ], [ 3402651.100881216581911, 8330773.065328177064657 ], [ 3402661.809816227760166, 8330806.437213342636824 ], [ 3402707.17250870866701, 8330825.626666986383498 ], [ 3402737.818764507770538, 8330815.811365505680442 ], [ 3402807.950043671764433, 8330778.314828206785023 ], [ 3402891.428529777098447, 8330748.185395538806915 ], [ 3402908.23777287825942, 8330735.326385184191167 ], [ 3402915.863157989922911, 8330713.490381135605276 ], [ 3402900.712575296405703, 8330646.063854766078293 ], [ 3402909.940961074549705, 8330606.913962357677519 ], [ 3402925.681537061929703, 8330578.064484269358218 ], [ 3402967.13691541319713, 8330551.133995136246085 ], [ 3403010.17303053336218, 8330556.802402788773179 ], [ 3403051.238790669012815, 8330556.074552533216774 ], [ 3403070.686305698473006, 8330540.238313252106309 ], [ 3403094.041134855244309, 8330511.433207376860082 ], [ 3403089.955709537956864, 8330443.413020242005587 ], [ 3403072.411757783032954, 8330264.410876895301044 ], [ 3403089.131945279892534, 8330123.523624841123819 ], [ 3403116.839366517029703, 8330036.959136326797307 ], [ 3403117.685394642408937, 8330003.700998709537089 ], [ 3403124.36456408444792, 8329971.259020648896694 ], [ 3403084.99086020514369, 8329910.080586276017129 ], [ 3403029.219795336015522, 8329811.63156649377197 ], [ 3403008.236071322113276, 8329704.781460301019251 ], [ 3403010.607176469638944, 8329663.850229381583631 ], [ 3402988.265354676637799, 8329621.706294819712639 ], [ 3402972.636098172981292, 8329598.815027663484216 ], [ 3402923.789105633739382, 8329586.994516699574888 ], [ 3402885.461804972030222, 8329593.742791166529059 ], [ 3402835.835575997829437, 8329579.716972715221345 ], [ 3402807.638348991516978, 8329544.167376052588224 ], [ 3402776.591343019623309, 8329490.203768042847514 ], [ 3402764.168087847530842, 8329437.585770474746823 ], [ 3402759.715308213140815, 8329382.454154908657074 ], [ 3402760.283037611749023, 8329338.150686760433018 ], [ 3402761.04001014214009, 8329278.940144838765264 ], [ 3402768.698791097849607, 8329175.096805791370571 ], [ 3402795.370941069442779, 8329055.884952469728887 ], [ 3402810.176433325279504, 8328919.16636386141181 ], [ 3402841.345890721771866, 8328791.270619552582502 ], [ 3402882.289199408143759, 8328684.03835944738239 ], [ 3402912.300934096332639, 8328520.249212822876871 ], [ 3402896.749601228162646, 8328403.230838537216187 ], [ 3402887.810646115802228, 8328312.783762495964766 ], [ 3402887.042541624512523, 8328250.97963226120919 ], [ 3402900.846158474683762, 8328218.87608543317765 ], [ 3402919.269534190651029, 8328198.127919545397162 ], [ 3402958.420599084347486, 8328192.461321129463613 ], [ 3402999.352775831706822, 8328213.429961856454611 ], [ 3403025.624175648670644, 8328254.463404668495059 ], [ 3403075.083425389137119, 8328315.672230735421181 ], [ 3403158.428328113164753, 8328360.91769755538553 ], [ 3403184.37690140446648, 8328362.020173402503133 ], [ 3403250.355963568668813, 8328364.820462787523866 ], [ 3403360.629051097668707, 8328378.799876080825925 ], [ 3403462.831475551705807, 8328414.851008745841682 ], [ 3403513.4929757877253, 8328421.22336791548878 ], [ 3403577.167724491097033, 8328406.45008687954396 ], [ 3403632.003705626819283, 8328369.781607991084456 ], [ 3403747.608996754977852, 8328299.069066029973328 ], [ 3403848.731622138060629, 8328219.978540039621294 ], [ 3403891.489438524935395, 8328135.905820233747363 ], [ 3403940.848500709980726, 8328032.25493239145726 ], [ 3403987.001561560668051, 8327901.508279357105494 ], [ 3403989.36153476126492, 8327876.351389423944056 ], [ 3403997.131635208148509, 8327793.473161587491632 ], [ 3404003.387790581677109, 8327720.715707063674927 ], [ 3404012.326745683327317, 8327648.091253271326423 ], [ 3404041.581507840193808, 8327537.48033429775387 ], [ 3404033.5219767075032, 8327490.057264240458608 ], [ 3404007.1726532462053, 8327472.08904895465821 ], [ 3403981.04596876911819, 8327455.950762780383229 ], [ 3403944.332800721284002, 8327445.743094497360289 ], [ 3403879.544857108034194, 8327447.52888426464051 ], [ 3403816.74953238107264, 8327428.524575867690146 ], [ 3403753.787228415254503, 8327409.321896262466908 ], [ 3403703.927228510379791, 8327375.700792090035975 ], [ 3403656.983799261506647, 8327353.257412288337946 ], [ 3403629.777315722312778, 8327341.440493145957589 ], [ 3403594.64488444570452, 8327349.377227800898254 ], [ 3403529.856940836180001, 8327375.237814031541348 ], [ 3403479.774301953613758, 8327389.810613918118179 ], [ 3403429.279780954122543, 8327425.195519933477044 ], [ 3403365.70521979406476, 8327458.993223902769387 ], [ 3403279.833364639431238, 8327462.697091271169484 ], [ 3403199.872574436478317, 8327437.585788769647479 ], [ 3403143.711891355458647, 8327409.608503081835806 ], [ 3403100.486533096991479, 8327376.714934658259153 ], [ 3403083.577102449722588, 8327347.591461781412363 ], [ 3403099.228622846771032, 8327305.637107249349356 ], [ 3403132.424094980582595, 8327265.601014163345098 ], [ 3403160.187175969127566, 8327217.672628530301154 ], [ 3403192.647939462214708, 8327145.053118641488254 ], [ 3403204.737236149143428, 8327059.559661922976375 ], [ 3403191.968890553805977, 8326981.562626414932311 ], [ 3403170.773659514728934, 8326938.596267457120121 ], [ 3403179.946385548450053, 8326913.310384378768504 ], [ 3403191.456820889841765, 8326883.747835665941238 ], [ 3403230.797128914855421, 8326864.017490520142019 ], [ 3403268.556700175628066, 8326861.879121081903577 ], [ 3403312.561294867657125, 8326882.447174425236881 ], [ 3403378.9077113494277, 8326891.662033603526652 ], [ 3403479.006197421811521, 8326872.570974445901811 ], [ 3403538.628916662652045, 8326862.430247141048312 ], [ 3403572.926451758015901, 8326836.086466272361577 ], [ 3403602.77120722271502, 8326802.556149635463953 ], [ 3403610.229613099247217, 8326769.488925229758024 ], [ 3403604.095909156836569, 8326733.423774522729218 ], [ 3403619.958936583250761, 8326677.562818869017065 ], [ 3403636.22271417779848, 8326657.766890934668481 ], [ 3403660.657342395279557, 8326648.243701735511422 ], [ 3403676.743008805438876, 8326639.161412358283997 ], [ 3403693.541119958274066, 8326628.073098470456898 ], [ 3403707.489452149719, 8326627.25745774526149 ], [ 3403728.706947084981948, 8326642.798735647462308 ], [ 3403768.325553840957582, 8326655.650625596754253 ], [ 3403790.099646230228245, 8326654.526359892450273 ], [ 3403825.020570474676788, 8326647.802813638933003 ], [ 3403870.327603206504136, 8326637.750572280958295 ], [ 3403889.975493319798261, 8326612.972737523727119 ], [ 3403895.229773282073438, 8326595.844336251728237 ], [ 3403896.810510049108416, 8326579.112770265899599 ], [ 3403893.938467185012996, 8326552.637734674848616 ], [ 3403886.502325200941414, 8326523.495465461164713 ], [ 3403874.357368759345263, 8326500.459486782550812 ], [ 3403853.629679579287767, 8326481.766228633001447 ], [ 3403788.073631481267512, 8326456.636215545237064 ], [ 3403797.112774126697332, 8326421.696821826510131 ], [ 3403816.048219497315586, 8326386.978029538877308 ], [ 3403833.380664206109941, 8326377.763799675740302 ], [ 3403861.065821551717818, 8326358.67406814545393 ], [ 3403938.878145575523376, 8326300.413217833265662 ], [ 3404048.561239792965353, 8326169.23430141620338 ], [ 3404090.428500254172832, 8326122.194739664904773 ], [ 3404124.124910095706582, 8326021.878473894670606 ], [ 3404103.285901418887079, 8325925.465046983212233 ], [ 3404064.413135248236358, 8325866.017340033315122 ], [ 3404021.043061649892479, 8325812.477341409772635 ], [ 3403949.175198421813548, 8325758.01197714637965 ], [ 3403881.69332312932238, 8325705.288299900479615 ], [ 3403795.843731862958521, 8325624.462222370319068 ], [ 3403724.142847869545221, 8325548.596280341036618 ], [ 3403662.048835928551853, 8325484.831580515950918 ], [ 3403608.303785789292306, 8325395.720617908984423 ], [ 3403582.076913765631616, 8325322.127190082333982 ], [ 3403569.486679357942194, 8325269.715186671353877 ], [ 3403565.04503167187795, 8325205.005168752744794 ], [ 3403574.07304236618802, 8325146.687293357215822 ], [ 3403582.622379252221435, 8325110.277424607425928 ], [ 3403605.309291461482644, 8325076.09374621976167 ], [ 3403668.182539828587323, 8325032.587475139647722 ], [ 3403759.653765368741006, 8324990.580143365077674 ], [ 3403892.302070531062782, 8324930.699170833453536 ], [ 3403973.43171537714079, 8324878.620530331507325 ], [ 3404036.471942978445441, 8324807.765076839365065 ], [ 3404090.294916744809598, 8324705.9680265635252 ], [ 3404103.942686298396438, 8324587.75385688431561 ], [ 3404129.624092804268003, 8324504.758237471804023 ], [ 3404163.18691925611347, 8324400.717514935880899 ], [ 3404167.149893120396882, 8324335.508243010379374 ], [ 3404098.688406303524971, 8324215.272581011988223 ], [ 3404077.89392542745918, 8324165.512866504490376 ], [ 3404033.900462677702308, 8324060.22082847636193 ], [ 3403991.710375675931573, 8323904.907894192263484 ], [ 3403949.587080371100456, 8323807.243997517041862 ], [ 3403819.087241361383349, 8323666.788300555199385 ], [ 3403731.011260279454291, 8323594.159605321474373 ], [ 3403693.318480711895972, 8323558.726932948455215 ], [ 3403667.136136483866721, 8323519.504396705888212 ], [ 3403649.391809660475701, 8323494.582769744098186 ], [ 3403582.566719358786941, 8323400.736300812102854 ], [ 3403574.206625599879771, 8323342.366557636298239 ], [ 3403579.861655727494508, 8323307.37578123062849 ], [ 3403584.815373060293496, 8323276.770004938356578 ], [ 3403585.394234410487115, 8323245.216882300563157 ], [ 3403585.51668584998697, 8323238.474402887746692 ], [ 3403581.230885447002947, 8323135.751506763510406 ], [ 3403558.966987296473235, 8323092.873603099957108 ], [ 3403526.294716760516167, 8323059.778906146995723 ], [ 3403488.11213143216446, 8323038.22997540794313 ], [ 3403470.156297571957111, 8322993.986559936776757 ], [ 3403507.537382557056844, 8322903.914130163379014 ], [ 3403596.092037432361394, 8322815.69356784503907 ], [ 3403693.440932075493038, 8322671.334919094108045 ], [ 3403713.923718363046646, 8322574.127967033535242 ], [ 3403664.887482678052038, 8322410.826690726913512 ], [ 3403607.157194765750319, 8322246.735896308906376 ], [ 3403568.818762148264796, 8322197.73849215824157 ], [ 3403425.817744337487966, 8322134.377222717739642 ], [ 3403363.267322482541203, 8322061.939830492250621 ], [ 3403323.737771312240511, 8321963.859675322659314 ], [ 3403287.725916047114879, 8321837.758531081490219 ], [ 3403264.181843751110137, 8321786.472727267071605 ], [ 3403217.750484159216285, 8321739.879618643783033 ], [ 3403195.252815075218678, 8321681.677197695709765 ], [ 3403189.085715281311423, 8321612.08603255264461 ], [ 3403205.783638886641711, 8321543.024222983978689 ], [ 3403231.353725902736187, 8321479.51436288561672 ], [ 3403250.812372880987823, 8321442.329515986144543 ], [ 3403268.812734532169998, 8321407.942510672844946 ], [ 3403277.662634040694684, 8321355.382028870284557 ], [ 3403295.696391532663256, 8321248.323695522733033 ], [ 3403299.982191924471408, 8321222.903076277114451 ], [ 3403256.511930782347918, 8321129.415866342373192 ], [ 3403211.249425838701427, 8321041.304592532105744 ], [ 3403158.929265181999654, 8320960.287203174084425 ], [ 3403053.198012866079807, 8320855.459332367405295 ], [ 3402946.943558947183192, 8320777.725987628102303 ], [ 3402924.690792750567198, 8320770.523194295354187 ], [ 3402904.541964923031628, 8320767.241189875639975 ], [ 3402878.114717821124941, 8320765.743362843059003 ], [ 3402860.348127100151032, 8320768.739017214626074 ], [ 3402849.004670992027968, 8320766.492276314646006 ], [ 3402837.661214885301888, 8320754.3995355758816 ], [ 3402831.393927553668618, 8320736.183367822319269 ], [ 3402819.449346192646772, 8320703.34151497669518 ], [ 3402773.919674477074295, 8320654.354340971447527 ], [ 3402649.252976789604872, 8320575.411664577201009 ], [ 3402591.923439051955938, 8320516.293315065093338 ], [ 3402557.547980307601392, 8320466.888887148350477 ], [ 3402464.562809678725898, 8320330.285050003789365 ], [ 3402385.325596156995744, 8320191.150844245217741 ], [ 3402294.667002882342786, 8320028.210552616044879 ], [ 3402278.738356808200479, 8320000.8709452804178 ], [ 3403192.568298258818686, 8316882.57861465960741 ], [ 3403161.566872638650239, 8316850.705104103311896 ], [ 3403116.248707956168801, 8316814.060334868729115 ] ] ] ] } }
]
}
