{
"type": "FeatureCollection",
"name": "11_Ropshinsky",
"crs": { "type": "name", "properties": { "name": "urn:ogc:def:crs:EPSG::3857" } },
"features": [
{ "type": "Feature", "properties": { "fid": 9, "name": "Ропшинский", "id": 11, "type": "11_Ропшинский" }, "geometry": { "type": "MultiPolygon", "coordinates": [ [ [ [ 3321946.697841120883822, 8334711.719105331227183 ], [ 3321740.035775318741798, 8335449.996396283619106 ], [ 3321710.329857032746077, 8335653.694121673703194 ], [ 3321677.265606728382409, 8335811.500770852901042 ], [ 3321629.979205464478582, 8335991.189095658250153 ], [ 3321576.390826068818569, 8336150.544013333506882 ], [ 3321472.101681079249829, 8336404.465409828349948 ], [ 3321411.254491629078984, 8336565.634467650204897 ], [ 3321260.506454745773226, 8337002.496125557459891 ], [ 3321224.778817432001233, 8337112.915125846862793 ], [ 3321064.801308902446181, 8337642.071500215679407 ], [ 3321000.194184161256999, 8337895.027518841437995 ], [ 3320864.828600021079183, 8338541.090534055605531 ], [ 3320832.186796439345926, 8338725.336101642809808 ], [ 3320788.787651677615941, 8339024.307987779378891 ], [ 3320714.136810386553407, 8339117.206812497228384 ], [ 3320685.617412733845413, 8339142.801143723540008 ], [ 3320466.388408660888672, 8339291.998660383746028 ], [ 3320458.605734826996922, 8339296.782505768351257 ], [ 3320364.753137079067528, 8339307.933309460990131 ], [ 3320125.756222390104085, 8339326.31768751423806 ], [ 3319826.627851478755474, 8339345.527766379527748 ], [ 3319532.216908498201519, 8339361.023079168982804 ], [ 3319263.424830346833915, 8339368.159152039326727 ], [ 3319153.738057643175125, 8339368.159152039326727 ], [ 3318811.741047383286059, 8339260.286635340191424 ], [ 3318534.856898005586118, 8339204.909805464558303 ], [ 3318063.936402638442814, 8339158.279487072490156 ], [ 3317867.101552912034094, 8338349.971588229760528 ], [ 3317774.806836444884539, 8338165.382155293598771 ], [ 3317694.818082179874182, 8338005.40464676450938 ], [ 3317627.135290113277733, 8337870.039062631316483 ], [ 3316968.358881599735469, 8336997.774060944095254 ], [ 3316040.810834385920316, 8336419.425368811003864 ], [ 3315868.527363662142307, 8336351.742576740682125 ], [ 3314771.57024638960138, 8336143.997057060711086 ], [ 3314494.686097010970116, 8336143.997057060711086 ], [ 3313793.170880563091487, 8336227.170630772598088 ], [ 3313946.395182379055768, 8336921.710861450061202 ], [ 3314026.032203239388764, 8336988.605958972126245 ], [ 3314347.765767513774335, 8336991.79143980704248 ], [ 3314506.992278970777988, 8336875.281245928257704 ], [ 3314552.900436950847507, 8336881.50638244394213 ], [ 3314619.358172922860831, 8336864.773580607958138 ], [ 3314679.604281314183027, 8336881.506382437422872 ], [ 3314740.796605376526713, 8336898.239222167059779 ], [ 3314788.129652841482311, 8336930.270133248530328 ], [ 3314835.473832254763693, 8336943.669735465198755 ], [ 3314870.851166411302984, 8336944.13331357203424 ], [ 3314920.577582926955074, 8336956.561632706783712 ], [ 3314942.095640489365906, 8336975.700843564234674 ], [ 3314943.765432854183018, 8336999.542144460603595 ], [ 3314933.256872934754938, 8337095.084722412750125 ], [ 3314919.865138202905655, 8337161.952016881667078 ], [ 3314860.142231428995728, 8337231.226201064884663 ], [ 3314776.541293898131698, 8337403.222371963784099 ], [ 3314788.48587526101619, 8337515.482333368621767 ], [ 3314802.812693734653294, 8337673.134847151115537 ], [ 3314799.050094950478524, 8337712.322207597084343 ], [ 3314796.890496831387281, 8337734.95162311848253 ], [ 3314786.092506241984665, 8337847.503638818860054 ], [ 3314781.31690009823069, 8337971.71466077491641 ], [ 3314762.214475493412465, 8338040.974362067878246 ], [ 3314757.438869349658489, 8338146.090501853264868 ], [ 3314778.934663026593626, 8338315.679261627607048 ], [ 3314798.649344841949642, 8338371.738686037249863 ], [ 3314805.940771488472819, 8338392.493366220965981 ], [ 3314855.366625388618559, 8338533.052660870365798 ], [ 3314838.646437904331833, 8338826.853630668483675 ], [ 3314915.089532208163291, 8338963.004954325035214 ], [ 3314962.856725699268281, 8339111.104938307777047 ], [ 3314938.967562993522733, 8339204.267908124253154 ], [ 3314938.967563000973314, 8339290.255346994847059 ], [ 3314986.745888436678797, 8339416.853467750363052 ], [ 3315094.235988705884665, 8339517.175131538882852 ], [ 3315056.020007556769997, 8339758.434106668457389 ], [ 3314841.039807056076825, 8339987.731291652657092 ], [ 3314752.65213142009452, 8340121.496791932731867 ], [ 3314630.835212713107467, 8340250.49434641096741 ], [ 3314640.386425047181547, 8340575.350250318646431 ], [ 3314546.288059535436332, 8340690.110024562105536 ], [ 3314444.519781109876931, 8340814.214258663356304 ], [ 3314439.744174970313907, 8340955.150960732251406 ], [ 3314384.808006302919239, 8341124.737976890988648 ], [ 3314442.126412096433342, 8341232.239343511871994 ], [ 3314396.741455731447786, 8341354.05550180748105 ], [ 3314344.198656111489981, 8341449.588165120221674 ], [ 3314341.538120289333165, 8341547.883178083226085 ], [ 3314317.526506149210036, 8341676.397597853094339 ], [ 3314329.860705733764917, 8341803.124990166164935 ], [ 3314314.398428474552929, 8341866.92025432549417 ], [ 3314256.178334827534854, 8341976.950708214193583 ], [ 3314195.74298331188038, 8342048.611656562425196 ], [ 3314170.818549343384802, 8342146.980915771797299 ], [ 3314185.100840009748936, 8342211.530241227708757 ], [ 3314192.080572081264108, 8342238.900916109792888 ], [ 3314179.301094546448439, 8342253.193794736638665 ], [ 3314171.931744259782135, 8342273.716384440660477 ], [ 3314170.061576819512993, 8342312.199155281297863 ], [ 3314165.39729015994817, 8342340.078302824869752 ], [ 3314141.163037029094994, 8342371.624723509885371 ], [ 3313946.509775523561984, 8342422.700166541151702 ], [ 3313869.532347676809877, 8342432.84018624201417 ], [ 3313786.443479787558317, 8342426.455727778375149 ], [ 3313737.051021746359766, 8342433.547116246074438 ], [ 3313706.62740492913872, 8342458.355983674526215 ], [ 3313634.759541711304337, 8342498.209405588917434 ], [ 3313596.588088340125978, 8342556.553966076113284 ], [ 3313585.333687831182033, 8342623.470729682594538 ], [ 3313578.821497629862279, 8342695.491430141963065 ], [ 3313594.918295996729285, 8342766.739593410864472 ], [ 3313614.477130526211113, 8342810.217880104668438 ], [ 3313691.109467961359769, 8342927.022858071140945 ], [ 3313711.703573755454272, 8343012.655977182090282 ], [ 3313773.652870360761881, 8343093.893473800271749 ], [ 3313806.781550810206681, 8343165.322231409139931 ], [ 3313850.674826014786959, 8343215.5856903064996 ], [ 3313890.838898278772831, 8343293.886898715980351 ], [ 3313955.448730712756515, 8343374.994923239573836 ], [ 3314056.293057385832071, 8343489.334226430393755 ], [ 3314141.430203914176673, 8343610.414297993294895 ], [ 3314227.313191032968462, 8343741.196262710727751 ], [ 3314278.074878813233227, 8343775.179183127358556 ], [ 3314319.45233352901414, 8343859.695251824334264 ], [ 3314331.931248445063829, 8343902.936919109895825 ], [ 3314369.178750048857182, 8343921.806893146596849 ], [ 3314400.626506180502474, 8343894.40788344014436 ], [ 3314430.204094871878624, 8343904.218484902754426 ], [ 3314451.031971593387425, 8343963.723155547864735 ], [ 3314486.331382111180574, 8344004.623227661475539 ], [ 3314560.180732276290655, 8344075.729348891414702 ], [ 3314870.906826807186007, 8344374.855419763363898 ], [ 3315088.269264446571469, 8344606.550004637800157 ], [ 3315164.712358741089702, 8344630.438052444718778 ], [ 3315186.208152411039919, 8344718.831130876205862 ], [ 3315394.019377743825316, 8344924.238633628003299 ], [ 3315446.573309321887791, 8344921.851940204389393 ], [ 3315559.72957167448476, 8345079.994146076031029 ], [ 3315644.833322347607464, 8345108.171040507033467 ], [ 3315699.769491039216518, 8345225.21127619035542 ], [ 3315754.705659723374993, 8345270.604646378196776 ], [ 3315766.650241084396839, 8345315.976195476949215 ], [ 3315855.037916734348983, 8345344.640196558088064 ], [ 3315960.090120158623904, 8345460.910659046843648 ], [ 3316008.714473714586347, 8345462.325099056586623 ], [ 3316019.434540673159063, 8345476.138004050590098 ], [ 3316020.592263379134238, 8345497.531482310034335 ], [ 3316027.271432825364172, 8345525.842575185000896 ], [ 3316045.461037614382803, 8345543.14753551967442 ], [ 3316070.953200992196798, 8345539.987111892551184 ], [ 3316096.779322843533009, 8345524.074509994126856 ], [ 3316128.883863972499967, 8345517.532672493718565 ], [ 3316160.097849178127944, 8345535.986857346259058 ], [ 3316167.188900741748512, 8345564.099189292639494 ], [ 3316158.684091649949551, 8345582.398783637210727 ], [ 3316137.28848553262651, 8345604.963925600983202 ], [ 3316139.370160011108965, 8345630.976912328973413 ], [ 3316192.22465421911329, 8345675.974954538978636 ], [ 3316380.532704771962017, 8345858.202148686163127 ], [ 3316422.778451511636376, 8345893.520929345861077 ], [ 3316455.105631625279784, 8345918.098303181119263 ], [ 3316496.171391763258725, 8345951.295569331385195 ], [ 3316538.183367572259158, 8345994.372670484706759 ], [ 3316550.996240959037095, 8346034.024159681983292 ], [ 3316576.69991137413308, 8346078.648916441015899 ], [ 3316602.403581788297743, 8346092.264051942154765 ], [ 3316641.988792695105076, 8346081.455930952914059 ], [ 3316680.193641917780042, 8346085.81012094207108 ], [ 3316711.474418817088008, 8346113.548802712932229 ], [ 3316737.022241946775466, 8346149.531885440461338 ], [ 3316766.443983351346105, 8346177.867581379599869 ], [ 3316786.392436093650758, 8346191.659722342155874 ], [ 3316808.110868737101555, 8346214.116212119348347 ], [ 3316846.326849916018546, 8346283.386956376954913 ], [ 3316866.319830460473895, 8346364.549931606277823 ], [ 3316881.125322732608765, 8346393.372727911919355 ], [ 3316919.28564415872097, 8346415.829831254668534 ], [ 3317063.622495864052325, 8346541.931271764449775 ], [ 3317140.132381851784885, 8346548.540328657254577 ], [ 3317167.038302766624838, 8346578.579561487771571 ], [ 3317238.060137873515487, 8346744.405399646610022 ], [ 3317253.867505561560392, 8346769.604533366858959 ], [ 3317286.573171943426132, 8346782.38096912112087 ], [ 3317316.050573091488332, 8346793.96377773117274 ], [ 3317332.648309163283557, 8346811.293815390206873 ], [ 3317341.910090792924166, 8346828.623893728479743 ], [ 3317373.613881760742515, 8346877.652320394292474 ], [ 3317407.655382034834474, 8346933.11363376211375 ], [ 3317474.513868178240955, 8346982.783804529346526 ], [ 3317539.034645013511181, 8347011.940593582578003 ], [ 3317620.253345458768308, 8347023.877447186969221 ], [ 3317695.048911286983639, 8347010.857435589656234 ], [ 3317769.265615763142705, 8347008.381646506488323 ], [ 3317811.344383264891803, 8347021.490074910223484 ], [ 3317849.794135366566479, 8347001.484809875488281 ], [ 3317880.618502349592745, 8346980.882759329862893 ], [ 3317934.051857903599739, 8346963.972320895642042 ], [ 3317981.028682996053249, 8346956.434477808885276 ], [ 3318001.901087509933859, 8346963.132326260209084 ], [ 3318026.29118793271482, 8346974.494366919621825 ], [ 3318065.11942630354315, 8346986.696422262117267 ], [ 3318143.254576854873449, 8346984.817481263540685 ], [ 3318205.237269300036132, 8346987.713261106982827 ], [ 3318261.353424583096057, 8346989.459571645595133 ], [ 3318293.836451980285347, 8346983.53538061119616 ], [ 3318321.298970344942063, 8346960.855499187484384 ], [ 3318351.110329960472882, 8346938.175687444396317 ], [ 3318386.977469877805561, 8346928.493683760985732 ], [ 3318420.484636590816081, 8346924.669516853056848 ], [ 3318447.479613096918911, 8346931.168391264975071 ], [ 3318468.01805913913995, 8346941.159869209863245 ], [ 3318495.302466319873929, 8346949.272428728640079 ], [ 3318523.165734853129834, 8346950.908204747363925 ], [ 3318561.838125933893025, 8346948.012439330108464 ], [ 3318583.500898831989616, 8346938.352527796290815 ], [ 3318596.336036114022136, 8346922.569541646167636 ], [ 3318603.204448691569269, 8346900.265631345100701 ], [ 3318611.542278543580323, 8346868.611436278559268 ], [ 3318618.054468750953674, 8346857.824283489026129 ], [ 3318630.42206417163834, 8346849.380252751521766 ], [ 3318644.84907017275691, 8346849.31393841933459 ], [ 3318656.927234917879105, 8346853.314904619008303 ], [ 3318675.261555044911802, 8346869.539839502424002 ], [ 3318694.174736523535103, 8346883.731160564348102 ], [ 3318718.531441096682101, 8346898.585656684823334 ], [ 3318745.136799384839833, 8346898.651971465907991 ], [ 3318769.404448365792632, 8346891.114195073023438 ], [ 3318805.026685402262956, 8346887.732145408168435 ], [ 3318830.875071153510362, 8346887.488991568796337 ], [ 3318858.482304856181145, 8346889.588956790044904 ], [ 3318888.137817191425711, 8346892.285755115561187 ], [ 3318923.359304061159492, 8346901.437192830257118 ], [ 3318949.040710576344281, 8346913.285447879694402 ], [ 3318986.733490142039955, 8346932.782058216631413 ], [ 3319056.263644062448293, 8346967.641772152855992 ], [ 3319120.238955394830555, 8346990.211148406378925 ], [ 3319158.421540719922632, 8347013.974278293550014 ], [ 3319186.39612874481827, 8347032.144834799692035 ], [ 3319211.888292125426233, 8347040.478547816164792 ], [ 3319237.369323555845767, 8347042.976453013718128 ], [ 3319302.747260469011962, 8347046.601732860319316 ], [ 3319368.704058732837439, 8347042.003817257471383 ], [ 3319405.662129658740014, 8347051.08912440482527 ], [ 3319435.284246144816279, 8347071.912425322458148 ], [ 3319486.3242326551117, 8347108.54124047793448 ], [ 3319518.840655901934952, 8347127.087825124152005 ], [ 3319542.618499125819653, 8347141.323852574452758 ], [ 3319561.698659839574248, 8347157.925217393785715 ], [ 3319597.454480266664177, 8347192.255455073900521 ], [ 3319644.353381720837206, 8347226.011098778806627 ], [ 3319683.515578567516059, 8347266.885035052895546 ], [ 3319691.563977748621255, 8347281.099226009100676 ], [ 3319695.137333402875811, 8347290.51641891989857 ], [ 3319699.567849134095013, 8347297.678799031302333 ], [ 3319707.104178659617901, 8347302.763208884745836 ], [ 3319720.996851103845984, 8347307.029694630764425 ], [ 3319741.60208883928135, 8347308.731868389993906 ], [ 3319778.025826211087406, 8347310.566679508425295 ], [ 3319831.358994225040078, 8347315.783735289238393 ], [ 3319874.105678669642657, 8347326.770513135008514 ], [ 3319911.475631711538881, 8347334.220309424214065 ], [ 3319999.039543130900711, 8347361.985788526944816 ], [ 3320077.441860461607575, 8347374.475866915658116 ], [ 3320130.54125754442066, 8347375.780141809023917 ], [ 3320170.18212820077315, 8347392.072544199414551 ], [ 3320196.308812677394599, 8347405.026908801868558 ], [ 3320215.422369236126542, 8347412.852593990042806 ], [ 3320230.6397436237894, 8347425.033267388120294 ], [ 3320244.743923102505505, 8347437.855050574988127 ], [ 3320257.189442167058587, 8347452.003250966779888 ], [ 3320423.14453897671774, 8347608.143707068637013 ], [ 3320478.915603843517601, 8347655.872986339963973 ], [ 3320531.514063223265111, 8347705.835415648296475 ], [ 3320676.908450091723353, 8347842.0842365603894 ], [ 3320891.298657326493412, 8348043.156983231194317 ], [ 3321300.386653883382678, 8348421.971250042319298 ], [ 3321310.616915083490312, 8348428.405114179477096 ], [ 3321322.427913052029908, 8348433.910383810289204 ], [ 3321336.075682615861297, 8348436.983608407899737 ], [ 3321349.088931084144861, 8348436.563527274876833 ], [ 3321360.621630325913429, 8348434.529450539499521 ], [ 3321371.831503040157259, 8348430.284422624856234 ], [ 3321390.599969182163477, 8348423.5189144378528 ], [ 3321404.592829165514559, 8348419.296002340503037 ], [ 3321416.670993910636753, 8348418.56638949830085 ], [ 3321426.923519006930292, 8348419.738191971555352 ], [ 3321436.85321758268401, 8348422.833520160987973 ], [ 3321450.656834436114877, 8348433.954602856189013 ], [ 3321465.584778146352619, 8348450.183012048713863 ], [ 3321479.09896432235837, 8348470.369080343283713 ], [ 3321494.672561078798026, 8348493.274696766398847 ], [ 3321510.880678934976459, 8348520.624449637718499 ], [ 3321521.522822251077741, 8348546.979359895922244 ], [ 3321529.170471269637346, 8348583.328065001405776 ], [ 3321537.252266299910843, 8348618.593555189669132 ], [ 3321546.202353357337415, 8348645.722670754417777 ], [ 3321557.924295734614134, 8348673.006657698191702 ], [ 3321567.297396858222783, 8348699.406332636252046 ], [ 3321576.726157726254314, 8348723.528731221333146 ], [ 3321589.082621197681874, 8348738.674365495331585 ], [ 3321597.46497885370627, 8348747.186888905242085 ], [ 3321617.691730321850628, 8348761.227046363987029 ], [ 3321641.425045747309923, 8348772.50341262947768 ], [ 3321654.850176331587136, 8348776.660195128060877 ], [ 3321670.190002156421542, 8348779.357682902365923 ], [ 3321701.804737526923418, 8348781.679292012006044 ], [ 3321732.117034858092666, 8348781.568739179521799 ], [ 3321760.002567286603153, 8348782.696378136053681 ], [ 3321778.403679105918854, 8348786.300401845015585 ], [ 3321795.569144578650594, 8348794.547652911394835 ], [ 3321804.730738667305559, 8348807.880359775386751 ], [ 3321814.371006567962468, 8348834.988060259260237 ], [ 3321824.25617734901607, 8348874.787474611774087 ], [ 3321835.031904056668282, 8348909.6563600897789 ], [ 3321841.744469350669533, 8348936.874989471398294 ], [ 3321845.384616700001061, 8348961.749941621907055 ], [ 3321847.811381601262838, 8348986.359643435105681 ], [ 3321850.538709127344191, 8349014.485117400996387 ], [ 3321852.497932167723775, 8349047.364639880135655 ], [ 3321852.954342081211507, 8349078.696506720967591 ], [ 3321845.54046400077641, 8349106.778109416365623 ], [ 3321842.122955634724349, 8349123.82612662948668 ], [ 3321841.866920807864517, 8349142.466221632435918 ], [ 3321847.3327078060247, 8349160.597794559784234 ], [ 3321854.746585890650749, 8349176.363454532809556 ], [ 3321867.281160550191998, 8349192.527160512283444 ], [ 3321881.730430448427796, 8349207.98332286439836 ], [ 3321897.226103560067713, 8349222.157028083689511 ], [ 3321914.157798103522509, 8349234.893485317006707 ], [ 3321955.279217986855656, 8349261.560513829812407 ], [ 3321992.72709467401728, 8349283.141861164011061 ], [ 3322008.245031683705747, 8349293.976782692596316 ], [ 3322023.762968694325536, 8349307.155606644228101 ], [ 3322035.273404037114233, 8349320.909370824694633 ], [ 3322043.922928468789905, 8349333.712335103191435 ], [ 3322056.346183637622744, 8349359.03087043762207 ], [ 3322066.9994589057751, 8349384.946526670828462 ], [ 3322077.864241204690188, 8349444.384825901128352 ], [ 3322080.224214411806315, 8349465.70135635510087 ], [ 3322081.04797864658758, 8349490.069498739205301 ], [ 3322078.253859429620206, 8349511.496724880300462 ], [ 3322072.754676589742303, 8349531.906823727302253 ], [ 3322052.939807241782546, 8349566.071199981495738 ], [ 3322040.037878266070038, 8349589.931074963882565 ], [ 3322033.369840770959854, 8349603.486348773352802 ], [ 3322024.853899731766433, 8349619.805781579576433 ], [ 3322018.953966722823679, 8349634.201408762484789 ], [ 3322016.649653265252709, 8349645.744466510601342 ], [ 3322017.440021649934351, 8349662.152445558458567 ], [ 3322019.65527951810509, 8349674.115698553621769 ], [ 3322024.809371939394623, 8349689.617095874622464 ], [ 3322038.746572182979435, 8349721.924677656032145 ], [ 3322045.971207134891301, 8349742.512265888042748 ], [ 3322048.553819322027266, 8349765.134354399517179 ], [ 3322046.605728234630078, 8349775.505598995834589 ], [ 3322042.253136147744954, 8349784.903860948979855 ], [ 3322031.132319023367018, 8349799.145014805719256 ], [ 3322022.8501489139162, 8349814.425538093782961 ], [ 3322017.284174377564341, 8349830.656982417218387 ], [ 3322013.298936610575765, 8349841.603276328183711 ], [ 3322007.955601057503372, 8349857.746325257234275 ], [ 3322003.558481174521148, 8349873.690384947694838 ], [ 3321999.17249324079603, 8349888.838379242457449 ], [ 3321995.521213946398348, 8349906.242025664076209 ], [ 3321992.871810066513717, 8349923.203433388844132 ], [ 3321990.85692728497088, 8349939.766827434301376 ], [ 3321989.509961449541152, 8349955.512037537060678 ], [ 3321986.938481216318905, 8349970.107346565462649 ], [ 3321982.485701586585492, 8349989.921630461700261 ], [ 3321975.005031810607761, 8350020.616184179671109 ], [ 3321963.706103506032377, 8350064.579499290324748 ], [ 3321955.635440427809954, 8350091.979303481988609 ], [ 3321947.920999723952264, 8350121.52432335074991 ], [ 3321947.264214729424566, 8350143.46201937738806 ], [ 3321948.967402942478657, 8350184.86075240559876 ], [ 3321951.015681572724134, 8350206.002502643503249 ], [ 3321952.629814192187041, 8350230.682697720825672 ], [ 3321947.820812193211168, 8350259.808087849058211 ], [ 3321935.954154482576996, 8350284.51057789940387 ], [ 3321921.449224842246622, 8350307.466054570861161 ], [ 3321921.237717809621245, 8350307.886242191307247 ], [ 3321913.10026303678751, 8350323.809159021824598 ], [ 3321907.679003841709346, 8350342.474399705417454 ], [ 3321906.699392324313521, 8350364.169484032317996 ], [ 3321918.621709785424173, 8350413.442552578635514 ], [ 3321924.243344071321189, 8350447.743702465668321 ], [ 3321930.866853772196919, 8350474.592038021422923 ], [ 3321935.030202728230506, 8350492.350916605442762 ], [ 3321940.640705062542111, 8350508.517504494637251 ], [ 3321944.57028308743611, 8350516.103207048028708 ], [ 3321951.115869144443423, 8350528.775549696758389 ], [ 3321965.509479297790676, 8350539.369025599211454 ], [ 3321979.034797423053533, 8350544.853753960691392 ], [ 3321993.283692237921059, 8350546.667253752239048 ], [ 3322010.037275596056134, 8350548.060552676208317 ], [ 3322026.14520590333268, 8350543.504687330685556 ], [ 3322038.724308357574046, 8350536.626662939786911 ], [ 3322057.437114750035107, 8350523.423527971841395 ], [ 3322085.701133447233588, 8350504.028010723181069 ], [ 3322105.204308223444968, 8350491.267247809097171 ], [ 3322122.147134714294225, 8350486.468145105056465 ], [ 3322144.71159548824653, 8350490.00665370747447 ], [ 3322164.604388483334333, 8350505.266491488553584 ], [ 3322186.100182147696614, 8350526.320696260780096 ], [ 3322212.293658322189003, 8350543.261413039639592 ], [ 3322326.062177864834666, 8350615.558459889143705 ], [ 3322399.833604383282363, 8350657.026189312338829 ], [ 3322454.76977307535708, 8350788.397494205273688 ], [ 3322497.772492352873087, 8350840.946670833975077 ], [ 3322510.12895583268255, 8350907.805865238420665 ], [ 3322526.036511064972728, 8350986.033882029354572 ], [ 3322521.6505231349729, 8351043.981095660477877 ], [ 3322502.214140056632459, 8351111.151774812489748 ], [ 3322487.163744912482798, 8351141.563462116755545 ], [ 3322466.714354463852942, 8351168.193144300021231 ], [ 3322382.946437684819102, 8351204.775937434285879 ], [ 3322311.457060737535357, 8351261.353552548214793 ], [ 3322227.210470158141106, 8351429.452230858616531 ], [ 3322213.51817279914394, 8351452.455505675636232 ], [ 3322200.694167467299849, 8351462.254037774167955 ], [ 3322169.825272684916854, 8351470.437923313118517 ], [ 3322115.824187726248056, 8351495.03387176990509 ], [ 3322015.291555646806955, 8351572.449712144210935 ], [ 3321929.263853209093213, 8351650.706892606802285 ], [ 3321885.481897507794201, 8351743.851271700114012 ], [ 3321876.220115882810205, 8351772.540242662653327 ], [ 3321871.544697273056954, 8351801.251444752328098 ], [ 3321874.116177510470152, 8351813.992352957837284 ], [ 3321883.099660415668041, 8351828.104704026132822 ], [ 3321945.50536693027243, 8351900.016178464516997 ], [ 3321978.266693059820682, 8351934.45695742033422 ], [ 3322012.241401636507362, 8351983.209625758230686 ], [ 3322208.742566714994609, 8352226.380533961579204 ], [ 3322290.729371652938426, 8352315.815823139622808 ], [ 3322323.345982446335256, 8352368.353754069656134 ], [ 3322351.632265045773238, 8352423.613000318408012 ], [ 3322492.362365259323269, 8352623.571752435527742 ], [ 3322619.043945737183094, 8352793.316406950354576 ], [ 3322746.193068074993789, 8352952.512256528250873 ], [ 3322810.168379412498325, 8353044.810255461372435 ], [ 3322867.230750373564661, 8353124.653822753578424 ], [ 3323166.591124908998609, 8353523.419995937496424 ], [ 3323288.419175586197525, 8353650.019044756889343 ], [ 3323333.36998595437035, 8353725.709586791694164 ], [ 3323416.492249698843807, 8353825.163846807554364 ], [ 3323465.406033937353641, 8353890.390638714656234 ], [ 3323531.307172461412847, 8353965.15434976387769 ], [ 3323587.701626478694379, 8354027.616592579521239 ], [ 3323620.318237270228565, 8354102.359567286446691 ], [ 3323674.664412655401975, 8354164.86722475849092 ], [ 3323710.75419155927375, 8354211.466198104433715 ], [ 3323761.660594679880887, 8354275.811323009431362 ], [ 3323802.392396348994225, 8354337.435360914096236 ], [ 3323817.342603956349194, 8354361.885974555276334 ], [ 3323953.21917437016964, 8354552.11672820430249 ], [ 3324092.090239084791392, 8354719.64865161664784 ], [ 3324124.884961060248315, 8354760.564105466008186 ], [ 3324160.663045389112085, 8354804.688434858806431 ], [ 3324200.114672911353409, 8354847.883620675653219 ], [ 3324230.38244244735688, 8354894.752453568391502 ], [ 3324257.154779974371195, 8354942.064164681360126 ], [ 3324279.051323805935681, 8354969.017370518296957 ], [ 3324298.042428927496076, 8354986.255966749042273 ], [ 3324303.419160330668092, 8355001.768524866551161 ], [ 3324301.459937297273427, 8355037.418764179572463 ], [ 3324302.283701533917338, 8355081.56687836535275 ], [ 3324303.252181107643992, 8355138.727460647001863 ], [ 3324296.561879715882242, 8355158.467106427997351 ], [ 3324287.578396815340966, 8355168.336949121206999 ], [ 3324282.79165871348232, 8355182.256547906436026 ], [ 3324291.975516703445464, 8355196.1761729484424 ], [ 3324294.213038466870785, 8355228.773426208645105 ], [ 3324295.42642092006281, 8355270.444123264402151 ], [ 3324294.324357965029776, 8355293.304462223313749 ], [ 3324290.350252146366984, 8355318.134455624967813 ], [ 3324292.79928094567731, 8355342.057193181477487 ], [ 3324294.457941361702979, 8355382.53349094837904 ], [ 3324297.26319253211841, 8355418.672439763322473 ], [ 3324298.109220664482564, 8355457.79919255990535 ], [ 3324294.98114297632128, 8355481.58959897980094 ], [ 3324289.559883779380471, 8355500.821155680343509 ], [ 3324285.363138982560486, 8355530.365704619325697 ], [ 3324283.225804761983454, 8355566.770948197692633 ], [ 3324283.582027137745172, 8355622.120541038922966 ], [ 3324292.58777394099161, 8355654.874593972228467 ], [ 3324304.754994280636311, 8355686.389441599138081 ], [ 3324308.684572307392955, 8355719.586406978778541 ], [ 3324304.142737089190632, 8355757.143420526757836 ], [ 3324297.452435697428882, 8355780.359371873550117 ], [ 3324293.522857675794512, 8355805.87708424590528 ], [ 3324295.192650040611625, 8355828.252184790559113 ], [ 3324299.6009018747136, 8355846.953483096323907 ], [ 3324309.463808757252991, 8355870.324639661237597 ], [ 3324313.816400846466422, 8355895.068047073669732 ], [ 3324318.135597091633826, 8355945.263335925526917 ], [ 3324316.933346592821181, 8355970.206183603033423 ], [ 3324305.634418286383152, 8355998.136961368843913 ], [ 3324301.103715014178306, 8356021.08808371424675 ], [ 3324301.159374761860818, 8356043.574498446658254 ], [ 3324303.463688225019723, 8356095.89551605284214 ], [ 3324306.380258888937533, 8356156.826508758589625 ], [ 3324305.066688900347799, 8356207.11210941337049 ], [ 3324308.005523459985852, 8356265.078198357485235 ], [ 3324317.400888485834002, 8356305.847289667464793 ], [ 3324325.649662751704454, 8356345.023013059049845 ], [ 3324323.178370060399175, 8356377.603208100423217 ], [ 3324311.089073368813843, 8356410.869683376513422 ], [ 3324297.007157792337239, 8356441.436018075793982 ], [ 3324294.023795444052666, 8356476.938277555629611 ], [ 3324301.326354038435966, 8356507.084345196373761 ], [ 3324310.04267016844824, 8356536.455852596089244 ], [ 3324311.256052618846297, 8356579.019291957840323 ], [ 3324311.256052623968571, 8356629.971792347729206 ], [ 3324314.818276330828667, 8356667.068621245212853 ], [ 3324314.128095492254943, 8356707.286575434729457 ], [ 3324305.656682250555605, 8356748.390126593410969 ], [ 3324301.070319232996553, 8356774.331742526032031 ], [ 3324301.070319239981472, 8356854.171400680206716 ], [ 3324313.67168560391292, 8356976.466979541815817 ], [ 3324306.324599219020456, 8357036.763319520279765 ], [ 3324310.821906650438905, 8357094.691654979251325 ], [ 3324308.706836331635714, 8357141.751844997517765 ], [ 3324310.309836999047548, 8357175.641565657220781 ], [ 3324315.118839005474001, 8357216.969084229320288 ], [ 3324310.599267683457583, 8357267.483269715681672 ], [ 3324313.571498092729598, 8357341.307208320125937 ], [ 3324315.274686309043318, 8357416.482208821922541 ], [ 3324314.07243581302464, 8357481.386564996093512 ], [ 3324312.859053369611502, 8357528.227853388525546 ], [ 3324304.532355466391891, 8357575.977053124457598 ], [ 3324296.90697035798803, 8357673.291631394997239 ], [ 3324286.676709167193621, 8357752.211243418976665 ], [ 3324279.886220240499824, 8357830.666807969100773 ], [ 3324269.867466082330793, 8357936.640702138654888 ], [ 3324264.602054174058139, 8357995.837979064323008 ], [ 3324256.46459940681234, 8358069.868450679816306 ], [ 3324249.585054884199053, 8358116.005041320808232 ], [ 3324241.247225029394031, 8358146.467746813781559 ], [ 3324233.510520426556468, 8358175.292312134988606 ], [ 3324222.167064321693033, 8358203.718491445295513 ], [ 3324199.157325591426343, 8358256.630440815351903 ], [ 3324154.662925149779767, 8358340.847564551979303 ], [ 3324136.595771805848926, 8358376.86816830933094 ], [ 3324106.316870326641947, 8358439.810555048286915 ], [ 3324084.320138962008059, 8358480.060312090441585 ], [ 3324066.43109680339694, 8358520.376707972958684 ], [ 3324031.287533581722528, 8358579.999327065423131 ], [ 3324002.92332734586671, 8358626.161247571930289 ], [ 3323963.928109746892005, 8358712.153815845958889 ], [ 3323923.919884779956192, 8358787.099237612448633 ], [ 3323904.4278419543989, 8358824.583304291591048 ], [ 3323867.425243233796209, 8358841.432376812212169 ], [ 3323857.506676611490548, 8358848.207441784441471 ], [ 3323852.41937588294968, 8358855.779580589383841 ], [ 3323847.320943207945675, 8358865.145131431519985 ], [ 3323848.38961032172665, 8358870.835318248718977 ], [ 3323858.163461608346552, 8358882.12714166007936 ], [ 3323861.74794921092689, 8358889.477906567044556 ], [ 3323862.115303529426455, 8358895.212393923662603 ], [ 3323851.417500473558903, 8358923.419937137514353 ], [ 3323849.98147904407233, 8358945.472377263009548 ], [ 3323845.250400690361857, 8358961.303235868923366 ], [ 3323840.10744021832943, 8358974.742886545136571 ], [ 3323820.359362564980984, 8359017.16540411580354 ], [ 3323814.782256079372019, 8359023.276392299681902 ], [ 3323803.572383361402899, 8359028.191756037995219 ], [ 3323775.130253478884697, 8359036.583307989872992 ], [ 3323760.079858330544084, 8359045.284848206676543 ], [ 3323753.066730415448546, 8359063.108645814470947 ], [ 3323746.487748513463885, 8359077.87696787994355 ], [ 3323736.981064007151872, 8359103.69392572902143 ], [ 3323730.190575074404478, 8359119.990096567198634 ], [ 3323709.718920732848346, 8359188.872814123518765 ], [ 3323698.208485391456634, 8359209.376119441352785 ], [ 3323690.605364175513387, 8359238.51482414174825 ], [ 3323693.599858477246016, 8359248.36798360850662 ], [ 3323699.800354113802314, 8359255.187706174328923 ], [ 3323712.713415038771927, 8359256.184094742871821 ], [ 3323737.982939437497407, 8359251.489998679608107 ], [ 3323764.554901874624193, 8359237.031315872445703 ], [ 3323787.25294603779912, 8359228.705961600877345 ], [ 3323814.581881012767553, 8359225.074693000875413 ], [ 3323852.475035661831498, 8359219.184956267476082 ], [ 3323863.261894314084202, 8359222.107682176865637 ], [ 3323873.236120685003698, 8359230.654447927139699 ], [ 3323874.148940510582179, 8359240.264035752974451 ], [ 3323871.432744936086237, 8359247.438021915964782 ], [ 3323842.389489805325866, 8359287.869321300648153 ], [ 3323816.886194478720427, 8359318.004732901230454 ], [ 3323810.975129522848874, 8359327.459439208731055 ], [ 3323806.277447014581412, 8359340.12477904651314 ], [ 3323803.405404156073928, 8359362.267033793032169 ], [ 3323805.731981513556093, 8359375.68527249339968 ], [ 3323820.114459719043225, 8359399.333316954784095 ], [ 3323828.018143562600017, 8359406.706739573739469 ], [ 3323851.985229917801917, 8359413.128044550307095 ], [ 3323880.583207092247903, 8359430.70916333515197 ], [ 3323896.06774825649336, 8359468.440068495459855 ], [ 3323915.314888208173215, 8359509.315433488227427 ], [ 3323938.369154745712876, 8359556.61245478503406 ], [ 3323970.028417919296771, 8359637.478663558140397 ], [ 3323971.08595308335498, 8359645.383759446442127 ], [ 3323969.33823707792908, 8359651.672413210384548 ], [ 3323947.987158758565784, 8359668.213369652628899 ], [ 3323934.962778341025114, 8359688.208711881190538 ], [ 3323927.181545938830823, 8359696.645301099866629 ], [ 3323921.749154790770262, 8359709.222701370716095 ], [ 3323922.739898262545466, 8359726.62737864907831 ], [ 3323925.634205021895468, 8359734.731860707513988 ], [ 3323931.790172860492021, 8359739.071969509124756 ], [ 3323939.972155428957194, 8359740.99844719003886 ], [ 3323952.206167462281883, 8359736.259755862876773 ], [ 3323971.987640965729952, 8359724.390897461213171 ], [ 3323984.488819775637239, 8359728.398849373683333 ], [ 3324005.261036748997867, 8359744.607826279476285 ], [ 3324024.196482125204057, 8359745.338559678755701 ], [ 3324044.42323359195143, 8359736.37047290802002 ], [ 3324054.931793518830091, 8359749.102945030666888 ], [ 3324063.091512190643698, 8359764.049788171425462 ], [ 3324075.893253627698869, 8359779.948833814822137 ], [ 3324095.696991031989455, 8359795.316467587836087 ], [ 3324115.12224216805771, 8359813.075646203942597 ], [ 3324115.266957507934421, 8359831.299885159358382 ], [ 3324103.400299797300249, 8359854.683664749376476 ], [ 3324097.778665514662862, 8359876.052429649047554 ], [ 3324088.939897953998297, 8359908.980378171429038 ], [ 3324082.227332662791014, 8359916.664325440302491 ], [ 3324070.549918083939701, 8359925.056887938641012 ], [ 3324059.217593927402049, 8359929.773556543514132 ], [ 3324054.230480742640793, 8359938.764022414572537 ], [ 3324054.041237608529627, 8359946.359424540773034 ], [ 3324057.091391656547785, 8359954.995605539530516 ], [ 3324062.835477380082011, 8359964.296119467355311 ], [ 3324076.672490079887211, 8359975.412463394924998 ], [ 3324098.69148535002023, 8359987.636032236739993 ], [ 3324116.569395564030856, 8360001.188273520208895 ], [ 3324120.910855704452842, 8360018.615783806890249 ], [ 3324116.458076076582074, 8360041.070095341652632 ], [ 3324117.504479291383177, 8360066.823990452103317 ], [ 3324125.708725760690868, 8360081.084999409504235 ], [ 3324128.358129641972482, 8360093.153731947764754 ], [ 3324129.193025822751224, 8360110.027846125885844 ], [ 3324124.9628851772286, 8360128.45211986079812 ], [ 3324118.205792089458555, 8360151.460382062010467 ], [ 3324120.254070722963661, 8360173.317190378904343 ], [ 3324128.803407613188028, 8360199.957339136861265 ], [ 3324135.482577060349286, 8360220.131281366571784 ], [ 3324139.56800237391144, 8360248.299600354395807 ], [ 3324147.538477912079543, 8360274.098508871160448 ], [ 3324158.625899194739759, 8360306.496750943362713 ], [ 3324165.282804741989821, 8360340.866060043685138 ], [ 3324164.859790679533035, 8360363.919275249354541 ], [ 3324161.932088074740022, 8360375.811307805590332 ], [ 3324152.792757884133607, 8360380.550409913063049 ], [ 3324142.028163129929453, 8360387.016853216104209 ], [ 3324133.07807607576251, 8360394.634862194769084 ], [ 3324123.215169197879732, 8360416.071627332828939 ], [ 3324122.035182595252991, 8360425.439158919267356 ], [ 3324124.306100208312273, 8360433.83230016566813 ], [ 3324131.586394904181361, 8360440.033043895848095 ], [ 3324146.369623273145407, 8360443.133417708799243 ], [ 3324166.507319151423872, 8360440.077334937639534 ], [ 3324184.930694865994155, 8360433.212226076051593 ], [ 3324192.979094045236707, 8360422.139483312144876 ], [ 3324198.300165702123195, 8360407.833524261601269 ], [ 3324208.118544782977551, 8360388.611319556832314 ], [ 3324221.81084214290604, 8360369.433455551043153 ], [ 3324241.414204461034387, 8360352.603038609027863 ], [ 3324252.089743622113019, 8360338.828699626028538 ], [ 3324258.490614337380975, 8360329.04051938187331 ], [ 3324258.535142133478075, 8360321.04611031524837 ], [ 3324251.744653197936714, 8360314.313983077183366 ], [ 3324243.028337072581053, 8360310.903631493449211 ], [ 3324233.432596969883889, 8360307.161104625090957 ], [ 3324230.516026311554015, 8360301.425519791431725 ], [ 3324229.814713521394879, 8360295.91139030829072 ], [ 3324233.632972050458193, 8360265.771984328515828 ], [ 3324234.857486446388066, 8360243.826322384178638 ], [ 3324232.297138158697635, 8360229.985751797445118 ], [ 3324227.510400057770312, 8360223.475156380794942 ], [ 3324218.749556134920567, 8360219.865543022751808 ], [ 3324209.498906454071403, 8360220.507744044996798 ], [ 3324199.981089996173978, 8360226.974047084338963 ], [ 3324191.064398788381368, 8360232.155951553024352 ], [ 3324183.483541468624026, 8360231.203720975667238 ], [ 3324177.405497272498906, 8360224.228082085028291 ], [ 3324175.279294998850673, 8360214.440053874626756 ], [ 3324175.535329825710505, 8360202.304688516072929 ], [ 3324179.064157682936639, 8360190.102908801287413 ], [ 3324187.713682111352682, 8360176.018846962600946 ], [ 3324204.088779199402779, 8360167.913880170322955 ], [ 3324215.25412412174046, 8360169.353286189027131 ], [ 3324228.445483773481101, 8360170.084061659872532 ], [ 3324242.627586893271655, 8360165.03506896737963 ], [ 3324254.249341727234423, 8360155.734301993623376 ], [ 3324267.563152816146612, 8360146.743571734055877 ], [ 3324279.674713409971446, 8360145.680628973990679 ], [ 3324286.331618954893202, 8360148.492998681031168 ], [ 3324290.717606894206256, 8360157.417297053150833 ], [ 3324294.502469580620527, 8360174.158689858391881 ], [ 3324300.035048270598054, 8360192.25095204077661 ], [ 3324307.64930143719539, 8360204.652038648724556 ], [ 3324320.929716684389859, 8360209.833927449770272 ], [ 3324326.295316137839109, 8360208.970279060304165 ], [ 3324333.920701252762228, 8360205.471396893262863 ], [ 3324341.000620865263045, 8360200.045918329618871 ], [ 3324353.746702552773058, 8360192.605268506333232 ], [ 3324370.845376331359148, 8360185.917547990567982 ], [ 3324381.810346168931574, 8360184.035243635997176 ], [ 3324390.793829071335495, 8360186.626180336810648 ], [ 3324395.858865901362151, 8360194.066824126988649 ], [ 3324396.215088272467256, 8360200.488814384676516 ], [ 3324394.055490151047707, 8360216.12306231725961 ], [ 3324393.89964286936447, 8360240.681742459535599 ], [ 3324394.678879305254668, 8360268.119354642927647 ], [ 3324400.489756724331528, 8360286.765473783016205 ], [ 3324405.287626773584634, 8360290.995181947946548 ], [ 3324412.478865877259523, 8360292.611772622913122 ], [ 3324430.668470664415509, 8360292.501047221943736 ], [ 3324441.945135076530278, 8360293.564011123031378 ], [ 3324448.88033934822306, 8360296.863629232160747 ], [ 3324450.583527558948845, 8360300.805456815287471 ], [ 3324450.13824959564954, 8360304.725141391158104 ], [ 3324444.238316586241126, 8360311.036502296105027 ], [ 3324429.855838384013623, 8360317.325723440386355 ], [ 3324420.349153875373304, 8360319.00875535979867 ], [ 3324408.983433869667351, 8360326.272371208295226 ], [ 3324393.287385676521808, 8360337.699293541722 ], [ 3324383.747305321972817, 8360352.470167043618858 ], [ 3324375.643246396910399, 8360362.302668938413262 ], [ 3324374.886273860931396, 8360374.637605400756001 ], [ 3324377.201719267759472, 8360381.391933022066951 ], [ 3324382.923541094176471, 8360386.042457275092602 ], [ 3324393.54342051083222, 8360387.216161480173469 ], [ 3324399.376561825163662, 8360388.854918598197401 ], [ 3324404.575182042550296, 8360393.904064466245472 ], [ 3324421.106126421596855, 8360414.078537018038332 ], [ 3324426.88360799010843, 8360416.027336409315467 ], [ 3324434.30861802212894, 8360412.395483411848545 ], [ 3324443.770774734206498, 8360406.859125574119389 ], [ 3324458.732114288955927, 8360397.62448993884027 ], [ 3324474.884572393726557, 8360384.071520445868373 ], [ 3324489.712328559253365, 8360366.399548596702516 ], [ 3324493.9202053071931, 8360344.697184938006103 ], [ 3324501.055784662254155, 8360338.784409170038998 ], [ 3324510.506809426937252, 8360337.566422242671251 ], [ 3324520.469903852324933, 8360341.862595213577151 ], [ 3324524.933815428521484, 8360350.144915117882192 ], [ 3324527.015489905606955, 8360361.594019706360996 ], [ 3324521.004237407352775, 8360371.49296972155571 ], [ 3324515.204491941258311, 8360382.056293447501957 ], [ 3324508.113440381363034, 8360390.250076978467405 ], [ 3324500.822013738099486, 8360403.050113789737225 ], [ 3324495.356226744130254, 8360413.768500791862607 ], [ 3324498.795999009627849, 8360431.529168086126447 ], [ 3324504.773855663836002, 8360447.208196692168713 ], [ 3324509.304558938834816, 8360467.781435894779861 ], [ 3324513.634887131396681, 8360489.085539539344609 ], [ 3324518.833507350180298, 8360511.319825571961701 ], [ 3324525.000607139896601, 8360527.929146712645888 ], [ 3324533.705791315529495, 8360537.939048976637423 ], [ 3324548.366568246856332, 8360538.802735866047442 ], [ 3324564.997700162231922, 8360534.794343708083034 ], [ 3324576.986809315159917, 8360527.22048157826066 ], [ 3324581.472984790336341, 8360522.481285250745714 ], [ 3324587.150278819259256, 8360521.794766414910555 ], [ 3324595.031698765233159, 8360527.375502071343362 ], [ 3324601.388041687197983, 8360534.506448219530284 ], [ 3324607.833440200891346, 8360548.502611002884805 ], [ 3324612.397539322264493, 8360562.897426380775869 ], [ 3324620.379146811552346, 8360587.479406791739166 ], [ 3324635.919347720220685, 8360619.436103763990104 ], [ 3324647.129220440518111, 8360642.977404293604195 ], [ 3324655.556105891708285, 8360659.520583276636899 ], [ 3324661.567358394153416, 8360685.143759693019092 ], [ 3324674.714190250728279, 8360684.567956999875605 ], [ 3324685.723687884863466, 8360683.72639930061996 ], [ 3324702.677646323107183, 8360677.791205585002899 ], [ 3324732.878624162171036, 8360683.637814277783036 ], [ 3324766.318999180570245, 8360687.513409712351859 ], [ 3324785.499347436241806, 8360693.094270720146596 ], [ 3324808.431162529624999, 8360706.581368912942708 ], [ 3324834.479923365171999, 8360725.870841195806861 ], [ 3324905.468362615909427, 8360785.046207463368773 ], [ 3325185.804236174095422, 8361061.396136489696801 ], [ 3325381.33692168071866, 8361288.853315166197717 ], [ 3325441.338127194903791, 8361367.567977960221469 ], [ 3325469.312715222127736, 8361406.593397920951247 ], [ 3325476.826780848670751, 8361416.693086205050349 ], [ 3325514.241261683870107, 8361404.622188443318009 ], [ 3325544.520163164008409, 8361389.672021350823343 ], [ 3325570.613451793324202, 8361369.029766351915896 ], [ 3325617.02254748204723, 8361346.925784802995622 ], [ 3325640.488696127664298, 8361334.079813919961452 ], [ 3325657.698689396493137, 8361330.979065681807697 ], [ 3325673.38360564224422, 8361328.609208977781236 ], [ 3325676.645266719628125, 8361328.321282512508333 ], [ 3325697.161448863800615, 8361328.498468026518822 ], [ 3325713.558809850830585, 8361330.270323409698904 ], [ 3325723.566432068590075, 8361333.060996496118605 ], [ 3325732.972929035313427, 8361336.826192019507289 ], [ 3325755.52625786466524, 8361368.09953732509166 ], [ 3325779.482212273404002, 8361412.019763793796301 ], [ 3325791.226418549660593, 8361426.239076191559434 ], [ 3325811.631281203124672, 8361440.192633699625731 ], [ 3325846.017871893942356, 8361455.962400293909013 ], [ 3325918.765159097034484, 8361479.462072882801294 ], [ 3325994.607128140050918, 8361502.718184495344758 ], [ 3326135.793638251256198, 8361544.933751539327204 ], [ 3326160.918447310570627, 8361556.207519381307065 ], [ 3326177.082037368323654, 8361575.410617450252175 ], [ 3326187.379090264439583, 8361599.575140595436096 ], [ 3326191.987717188894749, 8361685.646669917739928 ], [ 3326194.013731924816966, 8361724.7623699773103 ], [ 3326187.932517537847161, 8361769.881904596462846 ], [ 3326194.904287859331816, 8361834.114665739238262 ], [ 3326205.568695074878633, 8361874.117146029137075 ], [ 3326219.795325994025916, 8361906.123716414906085 ], [ 3326233.676866495981812, 8361949.249744007363915 ], [ 3326257.131883196998388, 8361980.813637383282185 ], [ 3326373.483014932833612, 8362138.214268096722662 ], [ 3326445.673704687040299, 8362236.320018951781094 ], [ 3326509.281661704648286, 8362335.357425303198397 ], [ 3326527.170703871175647, 8362396.184905617497861 ], [ 3326543.645988506264985, 8362438.139767327345908 ], [ 3326559.108265772461891, 8362481.091691812500358 ], [ 3326577.320134459994733, 8362507.09777485858649 ], [ 3326595.743510181084275, 8362545.353908614255488 ], [ 3326603.825305211823434, 8362577.053264122456312 ], [ 3326631.966872476041317, 8362632.832055465318263 ], [ 3326657.581487301271409, 8362695.124039743095636 ], [ 3326664.24952479917556, 8362713.776293838396668 ], [ 3326677.685787333641201, 8362751.391077959910035 ], [ 3326723.783188461326063, 8362872.765414224937558 ], [ 3326768.411172313150018, 8363039.445161491632462 ], [ 3326771.160763738211244, 8363064.766457391902804 ], [ 3326779.320482411887497, 8363098.816316013224423 ], [ 3326785.988519909791648, 8363122.719986651092768 ], [ 3326798.80139329796657, 8363180.408126183785498 ], [ 3326812.5827462580055, 8363238.872104184702039 ], [ 3326825.573730832431465, 8363310.695480641908944 ], [ 3326837.507180246990174, 8363389.542490880005062 ], [ 3326838.954333636444062, 8363492.627532351762056 ], [ 3326833.956088507547975, 8363575.7966986913234 ], [ 3326812.983496468048543, 8363717.501039595343173 ], [ 3326798.86818505031988, 8363842.126009313389659 ], [ 3326783.595150928944349, 8363927.403935166075826 ], [ 3326775.068077942356467, 8363962.56558056268841 ], [ 3326770.092096707317978, 8364003.067040816880763 ], [ 3326763.702357945032418, 8364066.655668295919895 ], [ 3326766.184782596770674, 8364151.559526473283768 ], [ 3326769.73587435670197, 8364219.425708757713437 ], [ 3326771.650569600518793, 8364245.039095570333302 ], [ 3326774.711855601985008, 8364311.443766037933528 ], [ 3326782.526483859866858, 8364400.959182760678232 ], [ 3326828.824260074645281, 8364570.598308722488582 ], [ 3326870.257374537643045, 8364713.806370408274233 ], [ 3326877.726912373676896, 8364746.157640431076288 ], [ 3326892.599196339491755, 8364803.060766470618546 ], [ 3326901.560415348038077, 8364830.471034846268594 ], [ 3328068.222074495628476, 8368659.004213063977659 ], [ 3328072.274103964678943, 8368696.383282952010632 ], [ 3328124.805771655868739, 8368816.769119484350085 ], [ 3328134.757734135258943, 8368907.292581516318023 ], [ 3328158.290674483403563, 8368985.578646310605109 ], [ 3328203.553179426118731, 8369054.376177140511572 ], [ 3328207.560681125149131, 8369412.962933761999011 ], [ 3328208.595952390227467, 8369437.929185383021832 ], [ 3328218.481123174075037, 8369489.724449411965907 ], [ 3328213.04873203439638, 8369589.746213526464999 ], [ 3328275.421042702626437, 8369665.223521461710334 ], [ 3328281.298711816314608, 8369682.784745015203953 ], [ 3328281.610406391322613, 8369690.634093303233385 ], [ 3328280.285704455338418, 8369759.526895638555288 ], [ 3328282.634545712266117, 8369769.371944731101394 ], [ 3328283.113219523336738, 8369771.966250397264957 ], [ 3328286.953741954639554, 8369784.472146912477911 ], [ 3328369.497144364286214, 8370074.774555677548051 ], [ 3328500.342073825653642, 8370569.414805615320802 ], [ 3328538.146172893233597, 8370710.477400659583509 ], [ 3328910.75477242236957, 8372059.25720277428627 ], [ 3329467.596856073476374, 8374151.348758678883314 ], [ 3329691.279771003872156, 8374991.320487827993929 ], [ 3329817.529948443640023, 8375377.509204332716763 ], [ 3329833.059017402119935, 8375375.711780614219606 ], [ 3329963.670175884850323, 8375336.834278558380902 ], [ 3329993.35908407298848, 8375422.422749099321663 ], [ 3329987.548206656705588, 8375432.275361718609929 ], [ 3330001.407483258284628, 8375478.365348312072456 ], [ 3330021.478387439157814, 8375472.373855670914054 ], [ 3330007.908541514072567, 8375425.351902826689184 ], [ 3330001.496538846287876, 8375420.203694019466639 ], [ 3329979.555467213969678, 8375334.881532724015415 ], [ 3330034.92578190844506, 8375340.673200863413513 ], [ 3330052.169171022251248, 8375325.517236007377505 ], [ 3330029.048112792894244, 8375296.825282445177436 ], [ 3329979.544335257261992, 8375251.313371672295034 ], [ 3329961.655293093528599, 8375259.834351630881429 ], [ 3329938.10008885152638, 8375232.407482550479472 ], [ 3329881.316016620956361, 8375179.728652868419886 ], [ 3329811.81925853760913, 8375032.922240729443729 ], [ 3329737.6359499017708, 8374955.592650352977216 ], [ 3329731.212815283797681, 8374928.410992718301713 ], [ 3329782.041294748429209, 8374841.164096012711525 ], [ 3329864.072627469431609, 8374780.034192173741758 ], [ 3329877.475494153331965, 8374774.376096028834581 ], [ 3329939.66969362879172, 8374748.104835907928646 ], [ 3330278.904709708411247, 8374690.969606006518006 ], [ 3330355.715158319100738, 8374693.898469159379601 ], [ 3330415.994662555400282, 8374688.196062416769564 ], [ 3330430.13223788049072, 8374701.575646270997822 ], [ 3330479.313188888598233, 8374696.427942806854844 ], [ 3330498.894287313334644, 8374736.522435047663748 ], [ 3330602.922351411543787, 8374713.402064815163612 ], [ 3330649.342579047661275, 8374697.115782276727259 ], [ 3330662.099792685825378, 8374683.270251573994756 ], [ 3330713.429209863767028, 8374662.257933335378766 ], [ 3330702.976309675723314, 8374589.170145999640226 ], [ 3330756.075706754811108, 8374518.257490466348827 ], [ 3330753.548754306510091, 8374432.324513698928058 ], [ 3330755.719484376255423, 8374431.34826048091054 ], [ 3330792.176617592573166, 8374414.996038374491036 ], [ 3330851.977448016870767, 8374397.22385439556092 ], [ 3330895.85959126567468, 8374391.255427677184343 ], [ 3330950.150106900371611, 8374391.432927286252379 ], [ 3330972.068914628122002, 8374391.100115523673594 ], [ 3330983.122940056025982, 8374376.922348321415484 ], [ 3331002.68177457805723, 8374367.825516735203564 ], [ 3331019.791580307297409, 8374369.600507385097444 ], [ 3331038.092504585627466, 8374366.117088642902672 ], [ 3331058.296992152929306, 8374357.109019787050784 ], [ 3331113.522591507993639, 8374354.024979029782116 ], [ 3331284.954607249703258, 8374355.223095422610641 ], [ 3331352.469878381118178, 8374325.203682146035135 ], [ 3331518.391579333227128, 8374350.985314212739468 ], [ 3331572.904733951669186, 8374370.199566788040102 ], [ 3331583.535745316185057, 8374367.115520560182631 ], [ 3331636.256656129844487, 8374349.454388615675271 ], [ 3331699.218960093334317, 8374355.001221975311637 ], [ 3331753.353628437966108, 8374321.054667141288519 ], [ 3331783.677057715598494, 8374319.501560525037348 ], [ 3331848.876883437857032, 8374279.520271462388337 ], [ 3331950.689689667429775, 8374250.011467971839011 ], [ 3332004.312288356944919, 8374245.68499918654561 ], [ 3332036.305509996600449, 8374243.111306142061949 ], [ 3332083.42705042893067, 8374247.482147448696196 ], [ 3332119.516829327680171, 8374264.033681658096611 ], [ 3332134.91231489693746, 8374274.306301333010197 ], [ 3332145.276159483939409, 8374270.978237237781286 ], [ 3332142.838262635283172, 8374247.615269550122321 ], [ 3332157.454511769115925, 8374240.493239996954799 ], [ 3332405.196038409136236, 8374196.540929428301752 ], [ 3332492.971456858329475, 8374191.548886491917074 ], [ 3332528.404450761154294, 8374184.537845231592655 ], [ 3332629.137457933742553, 8374196.718424341641366 ], [ 3332765.604021636769176, 8374232.705608040094376 ], [ 3332855.817336934618652, 8374256.467895281501114 ], [ 3332952.119828377384692, 8374294.208155949600041 ], [ 3333017.074751229025424, 8374336.452627477236092 ], [ 3333014.81496557360515, 8374411.335097969509661 ], [ 3333029.297631318215281, 8374422.096048818901181 ], [ 3333047.231201277580112, 8374421.940736015327275 ], [ 3333053.40943301236257, 8374409.071972161531448 ], [ 3333049.802681509405375, 8374380.538896549493074 ], [ 3333124.609379286877811, 8374358.218387163244188 ], [ 3333137.644891652744263, 8374347.23565635830164 ], [ 3333138.424128085374832, 8374333.568280855193734 ], [ 3333125.934081222862005, 8374318.769381735473871 ], [ 3333099.195139545947313, 8374319.035628530196846 ], [ 3333091.580886374227703, 8374252.784846664406359 ], [ 3333094.720096010249108, 8374200.933929962106049 ], [ 3333110.382748354692012, 8374180.233601650223136 ], [ 3333127.7931167059578, 8374180.300162094645202 ], [ 3333138.045641805045307, 8374175.973734221421182 ], [ 3333138.424128075595945, 8374217.729415905661881 ], [ 3333130.231013561598957, 8374268.448909468017519 ], [ 3333142.309178308118135, 8374277.124063386581838 ], [ 3333147.953076489735395, 8374297.358733171597123 ], [ 3333148.765708773396909, 8374312.179776531644166 ], [ 3333156.91429549548775, 8374312.490397522225976 ], [ 3333167.422855420038104, 8374299.422140116803348 ], [ 3333208.343900215346366, 8374289.415731174871325 ], [ 3333219.787543861661106, 8374268.959212352521718 ], [ 3333229.516867350321263, 8374238.097044623456895 ], [ 3333229.116117181256413, 8374198.404626278206706 ], [ 3333221.70223909476772, 8374175.108448946848512 ], [ 3333216.080604808405042, 8374136.126343507319689 ], [ 3333245.480082312598825, 8374131.311834819614887 ], [ 3333276.616143873427063, 8374135.172316191717982 ], [ 3333287.447530323173851, 8374138.522505677305162 ], [ 3333269.213397739920765, 8374152.677627749741077 ], [ 3333258.604650276247412, 8374191.726381246000528 ], [ 3333275.280309992376715, 8374216.154144117608666 ], [ 3333295.039519599638879, 8374230.775341543368995 ], [ 3333309.165962975006551, 8374239.672321077436209 ], [ 3333329.626485373359174, 8374232.905290775932372 ], [ 3333339.199961574748158, 8374222.433046279475093 ], [ 3333361.842345993500203, 8374224.296749725006521 ], [ 3333390.585038502700627, 8374216.575695680454373 ], [ 3333406.603913218248636, 8374206.347530216909945 ], [ 3333417.157000940293074, 8374204.639139541424811 ], [ 3333425.082948678638786, 8374179.612370810471475 ], [ 3333413.194027065299451, 8374160.021440028212965 ], [ 3333418.7377377031371, 8374148.772763768211007 ], [ 3333474.364087226334959, 8374149.815539738163352 ], [ 3333506.368440815247595, 8374142.427364217117429 ], [ 3333499.878514502663165, 8374124.278664178214967 ], [ 3333554.45846081385389, 8374127.451355459168553 ], [ 3333571.022801037412137, 8374127.673222035169601 ], [ 3333569.341876726131886, 8374138.655625809915364 ], [ 3333565.133999977726489, 8374154.563500282354653 ], [ 3333571.768641628790647, 8374169.450816970318556 ], [ 3333585.20490416046232, 8374174.487218535505235 ], [ 3333607.513330102432519, 8374145.001022114418447 ], [ 3333599.030784912407398, 8374192.036997148767114 ], [ 3333612.834401767700911, 8374230.664406687952578 ], [ 3333633.461903403513134, 8374245.640625074505806 ], [ 3333668.761313918046653, 8374253.650141017511487 ], [ 3333695.155165174044669, 8374267.272994220256805 ], [ 3333729.920242132153362, 8374272.309462609700859 ], [ 3333782.696812691166997, 8374269.536076503805816 ], [ 3333805.127690074499696, 8374237.608930827118456 ], [ 3333813.821742298547179, 8374209.71993893571198 ], [ 3333820.601099284831434, 8374214.711994169279933 ], [ 3333821.892405382357538, 8374254.382313263602555 ], [ 3333866.832083794288337, 8374281.206492256373167 ], [ 3333885.199799767229706, 8374266.962375124916434 ], [ 3333894.795539867598563, 8374245.463128955103457 ], [ 3333940.614642255939543, 8374255.646974589675665 ], [ 3333974.199732613749802, 8374259.219089349731803 ], [ 3333999.035110996104777, 8374247.704017522744834 ], [ 3334019.662612633313984, 8374274.328488327562809 ], [ 3334059.481594470795244, 8374276.880005160346627 ], [ 3334106.180120833683759, 8374246.217487398535013 ], [ 3334150.975083911325783, 8374269.558263564482331 ], [ 3334225.347635672427714, 8374234.591500972397625 ], [ 3334223.388412640895694, 8374304.835812645964324 ], [ 3334225.78178170369938, 8374454.401183169335127 ], [ 3334214.260214436799288, 8374734.347963145002723 ], [ 3334200.545653180684894, 8374750.944967387244105 ], [ 3334205.566162214614451, 8374753.918231441639364 ], [ 3334216.074722139164805, 8374742.313632975332439 ], [ 3334224.212176910135895, 8374732.350999916903675 ], [ 3334229.344005424063653, 8374635.498932394199073 ], [ 3334252.910341615788639, 8374634.478275912813842 ], [ 3334253.422411277890205, 8374707.744019594974816 ], [ 3334258.543107852805406, 8374714.400543590076268 ], [ 3334278.012886784039438, 8374709.275019582360983 ], [ 3334281.096436676569283, 8374698.513649600557983 ], [ 3334262.528345620259643, 8374700.066836054436862 ], [ 3334262.127595452126116, 8374686.221299808472395 ], [ 3334260.825157405342907, 8374628.309963666833937 ], [ 3334266.001513710711151, 8374460.436223971657455 ], [ 3334276.988747416995466, 8374122.059999712742865 ], [ 3334273.404259809758514, 8374066.704538507387042 ], [ 3334250.349993274081498, 8374023.662903966382146 ], [ 3334254.435418582055718, 8374013.923105021007359 ], [ 3334299.464152581058443, 8373949.183720606379211 ], [ 3334350.604326632339507, 8374006.357575309462845 ], [ 3334347.164554372429848, 8374029.741964939050376 ], [ 3334412.509095438756049, 8374059.316446253098547 ], [ 3334432.969617835246027, 8374049.088498936966062 ], [ 3334435.897320443298668, 8374047.624195273965597 ], [ 3334457.226134866476059, 8374008.420900820754468 ], [ 3334441.151600397191942, 8373960.698326232843101 ], [ 3334454.287300304509699, 8373949.050603870302439 ], [ 3334465.330193785950541, 8373957.414775960147381 ], [ 3334486.235994154587388, 8374024.594730488024652 ], [ 3334512.50739397155121, 8374068.191032419912517 ], [ 3334572.230300757102668, 8374093.572407839819789 ], [ 3334625.975350883789361, 8374065.506468971259892 ], [ 3334645.077775493264198, 8374037.729059959761798 ], [ 3334642.984969061799347, 8373984.592854247428477 ], [ 3334629.849269153084606, 8373950.537074071355164 ], [ 3334633.433756751939654, 8373920.696796633303165 ], [ 3334645.378338105045259, 8373891.43347454816103 ], [ 3334666.28413846436888, 8373868.138267068192363 ], [ 3334689.572175926528871, 8373854.693637948483229 ], [ 3334719.428063343744725, 8373859.175178265199065 ], [ 3334739.131613205652684, 8373869.935323300771415 ], [ 3334783.325451030395925, 8373876.19174475222826 ], [ 3334843.037225861568004, 8373852.608169611543417 ], [ 3334895.591157436836511, 8373823.655718149617314 ], [ 3334980.383213527500629, 8373719.450019591487944 ], [ 3335041.297238857485354, 8373702.722224744036794 ], [ 3335117.740333150606602, 8373715.256974603049457 ], [ 3335180.435470337048173, 8373708.69009414408356 ], [ 3335238.956126612611115, 8373648.989432245492935 ], [ 3335305.848008596803993, 8373620.32618697732687 ], [ 3335348.238470672164112, 8373616.133198369294405 ], [ 3335388.547258269041777, 8373635.700498947873712 ], [ 3335362.398309898562729, 8373668.734302221797407 ], [ 3335422.933848966378719, 8373701.746068108826876 ], [ 3335482.089026341680437, 8373670.109789505600929 ], [ 3335504.108021600637585, 8373565.551301407627761 ], [ 3335444.952844219282269, 8373540.7929204441607 ], [ 3335458.812120814342052, 8373528.458130841143429 ], [ 3335482.089026326779276, 8373507.759690339677036 ], [ 3335534.375791130587459, 8373531.142498765140772 ], [ 3335571.523105200380087, 8373632.949537437409163 ], [ 3335613.379233721178025, 8373648.390431374311447 ], [ 3335659.365315343253314, 8373625.095991715788841 ], [ 3335673.692133798263967, 8373581.502309513278306 ], [ 3335634.875027369242162, 8373506.850113896653056 ], [ 3335639.661765469703823, 8373468.049018597230315 ], [ 3335652.797465373296291, 8373446.52991711255163 ], [ 3335679.669990437105298, 8373424.456264864653349 ], [ 3335702.356902647763491, 8373420.263387625105679 ], [ 3335725.054946814198047, 8373442.958196030929685 ], [ 3335737.979139691684395, 8373470.622441115789115 ], [ 3335791.935696857981384, 8373521.78049255348742 ], [ 3335875.55889829620719, 8373458.243399609811604 ], [ 3335909.956620930694044, 8373392.200011452659965 ], [ 3335817.772950637619942, 8373287.645464030094445 ], [ 3335826.032856847625226, 8373238.108467445708811 ], [ 3335878.308489698451012, 8373236.733060726895928 ], [ 3335883.818804494105279, 8373279.392972170375288 ], [ 3335930.595254510175437, 8373357.814202073961496 ], [ 3336046.156017852947116, 8373405.954380092211068 ], [ 3336070.445930720306933, 8373265.77194397430867 ], [ 3336018.971798179205507, 8373015.362475794740021 ], [ 3336053.636687594465911, 8373002.584899639710784 ], [ 3336076.802273617126048, 8372994.044344584457576 ], [ 3336112.057156338822097, 8373044.688871459104121 ], [ 3336134.198603047523648, 8373038.987740013748407 ], [ 3336128.643760454840958, 8372985.082318233326077 ], [ 3336172.347792515065521, 8372945.862489464692771 ], [ 3336314.736553121823817, 8372938.475520164705813 ], [ 3336525.397557399701327, 8372927.561452938243747 ], [ 3336647.759941628202796, 8372997.682397963479161 ], [ 3336738.284951498266309, 8372976.364317869767547 ], [ 3336821.073256750591099, 8372844.796968977898359 ], [ 3336866.803303546272218, 8372838.896347060799599 ], [ 3336987.640610742848366, 8372823.301869002170861 ], [ 3337088.42927765334025, 8372741.891686928458512 ], [ 3337046.884843699634075, 8372643.291184910573065 ], [ 3337171.974555435124785, 8372526.391960445791483 ], [ 3337301.450255112256855, 8372490.058195695281029 ], [ 3337405.856805461458862, 8372303.8005536114797 ], [ 3337418.680810793768615, 8372280.931802152656019 ], [ 3337434.822136941831559, 8372175.06216305308044 ], [ 3337443.872411533724517, 8372115.728806190192699 ], [ 3337492.830723558552563, 8372065.711711719632149 ], [ 3337529.332384567242116, 8372028.448642356321216 ], [ 3337604.617756154853851, 8372003.251816446892917 ], [ 3337711.462203359697014, 8371931.43246291950345 ], [ 3337904.913214358966798, 8371789.658942447975278 ], [ 3338045.854821591638029, 8371859.613808852620423 ], [ 3338303.303407805971801, 8371626.485252818092704 ], [ 3338300.720795609988272, 8371479.616494115442038 ], [ 3338421.435651353560388, 8371310.594621997326612 ], [ 3338435.840393454302102, 8371294.87030677869916 ], [ 3338502.698879586532712, 8371221.882422288879752 ], [ 3338628.322924888227135, 8371208.398261364549398 ], [ 3338670.880366188474, 8371124.477656181901693 ], [ 3338701.281719110440463, 8371117.602596073411405 ], [ 3338717.256066030822694, 8371090.035887166857719 ], [ 3338743.11558372573927, 8371054.973311378620565 ], [ 3338776.055021034087986, 8371049.406782425008714 ], [ 3338829.621959986165166, 8371123.257886978797615 ], [ 3338851.151149494107813, 8371108.199298422783613 ], [ 3338824.612582898698747, 8371061.493474142625928 ], [ 3338840.353158880025148, 8370983.872863029129803 ], [ 3338857.262589521240443, 8370935.571077980101109 ], [ 3338919.223018064163625, 8370884.719265071675181 ], [ 3338978.077632817905396, 8370885.05191860999912 ], [ 3339024.152770027518272, 8370785.456117235124111 ], [ 3339088.40638007922098, 8370745.981867647729814 ], [ 3339126.588965404313058, 8370772.460638702847064 ], [ 3339135.360941266641021, 8370662.221758141182363 ], [ 3339211.80403555277735, 8370594.274091794155538 ], [ 3339251.812260520178825, 8370545.509164918214083 ], [ 3339339.710130407940596, 8370526.39357895962894 ], [ 3339409.462923305574805, 8370530.229997687973082 ], [ 3339474.428978104609996, 8370549.323417680338025 ], [ 3339496.492501170374453, 8370548.436381973326206 ], [ 3339514.559654515702277, 8370548.369854301214218 ], [ 3339551.818288067355752, 8370551.230544807389379 ], [ 3339590.045401188079268, 8370554.113412332721055 ], [ 3339627.304034739732742, 8370564.624800397083163 ], [ 3339629.218729978427291, 8370536.904927499592304 ], [ 3339608.190478176809847, 8370517.789363850839436 ], [ 3339596.724570626858622, 8370483.394779570400715 ], [ 3339574.750103150960058, 8370433.721388426609337 ], [ 3339605.32956725358963, 8370395.490845592692494 ], [ 3339619.188843851909041, 8370394.892108964733779 ], [ 3339650.235849817749113, 8370380.211989170871675 ], [ 3339669.349406370427459, 8370320.981772465631366 ], [ 3339654.054108339361846, 8370271.287300206720829 ], [ 3339671.252969656139612, 8370242.637181011028588 ], [ 3339740.048414932563901, 8370230.197032331489027 ], [ 3339781.136438961606473, 8370197.71082500834018 ], [ 3339803.366941255517304, 8370099.210858210921288 ], [ 3339829.115139462985098, 8370094.997696712613106 ], [ 3339832.276613000314683, 8370090.961933746002614 ], [ 3339883.372259243391454, 8370025.746971361339092 ], [ 3339943.763082972727716, 8370034.040171569213271 ], [ 3340010.677228854969144, 8370005.790110691450536 ], [ 3340105.988976826891303, 8370013.307188528589904 ], [ 3340214.915098517201841, 8369998.982616112567484 ], [ 3340222.562747526913881, 8369961.729988418519497 ], [ 3340230.889445434790105, 8369958.270825393497944 ], [ 3340261.736076317261904, 8369945.476371123455465 ], [ 3340315.625841783825308, 8369935.71978313010186 ], [ 3340347.975285792257637, 8369922.282321711070836 ], [ 3340380.970382845494896, 8369894.587037046439946 ], [ 3340396.432660106569529, 8369849.019761395640671 ], [ 3340438.667274889536202, 8369829.129900144413114 ], [ 3340447.929056520573795, 8369826.114273686893284 ], [ 3340499.636959964875132, 8369772.542762202210724 ], [ 3340501.54052325617522, 8369771.234522374346852 ], [ 3340545.600777689367533, 8369739.149458973668516 ], [ 3340552.190891541074961, 8369736.222563100978732 ], [ 3340582.881675134412944, 8369724.248910292983055 ], [ 3340587.690677136182785, 8369722.364170419983566 ], [ 3340618.303537087980658, 8369706.221947462297976 ], [ 3340641.469123112037778, 8369702.652037535794079 ], [ 3340661.829457968939096, 8369710.878354302607477 ], [ 3340684.482974336482584, 8369727.996218063868582 ], [ 3340718.368627319578081, 8369735.557359652593732 ], [ 3340734.855043898802251, 8369760.391662240028381 ], [ 3340749.905439048074186, 8369780.547421091236174 ], [ 3340762.963215318508446, 8369825.826015327125788 ], [ 3340769.007863665930927, 8369845.627172553911805 ], [ 3340780.095284945797175, 8369859.818404158577323 ], [ 3340782.488653994631022, 8369843.365447530522943 ], [ 3340780.373583668842912, 8369825.781667881645262 ], [ 3340765.289792668540031, 8369772.365373722277582 ], [ 3340761.449270234443247, 8369727.663616701960564 ], [ 3340775.052512000780553, 8369713.916107013821602 ], [ 3340776.51079732645303, 8369669.170357763767242 ], [ 3340782.822612449061126, 8369642.385123402811587 ], [ 3340798.117910475470126, 8369626.287421734072268 ], [ 3340952.618231674190611, 8369606.198603638447821 ], [ 3340963.772444648202509, 8369652.052630536258221 ], [ 3340972.689135858789086, 8369672.385479351505637 ], [ 3340935.909176121465862, 8369707.10888185352087 ], [ 3340949.512417891528457, 8369732.785679267719388 ], [ 3340913.433770948089659, 8369789.439032977446914 ], [ 3340913.511694595683366, 8369830.92597234249115 ], [ 3340923.218754191882908, 8369854.851469984278083 ], [ 3340939.22649696143344, 8369857.290589021518826 ], [ 3340958.340053519699723, 8369864.940558520145714 ], [ 3340968.848613450303674, 8369906.960097696632147 ], [ 3341001.33164084982127, 8369933.724118956364691 ], [ 3341054.842920055612922, 8370000.601335700601339 ], [ 3341086.702558306511492, 8370002.175707197748125 ], [ 3341119.385960785206407, 8369971.952268066816032 ], [ 3341143.375311037525535, 8369939.267631776630878 ], [ 3341158.024956016335636, 8369915.120120386593044 ], [ 3341162.711506573949009, 8369882.945735430344939 ], [ 3341191.799289499875158, 8369843.986313131637871 ], [ 3341216.701459576841444, 8369821.967789281159639 ], [ 3341245.677923011593521, 8369773.784481529146433 ], [ 3341255.429510398302227, 8369729.681398473680019 ], [ 3341271.882531125098467, 8369674.491939067840576 ], [ 3341271.003107144031674, 8369638.216569162905216 ], [ 3341296.996208230964839, 8369627.373904593288898 ], [ 3341308.039101715665311, 8369652.806519218720496 ], [ 3341322.365920174401253, 8369670.012941187247634 ], [ 3341344.340387643780559, 8369625.112246507778764 ], [ 3341398.809014462400228, 8369625.112246504984796 ], [ 3341401.669925371650606, 8369585.932456272654235 ], [ 3341426.516435703262687, 8369566.819357398897409 ], [ 3341536.733863484114408, 8369542.739584078080952 ], [ 3341572.76798263983801, 8369571.874789396300912 ], [ 3341663.3820481155999, 8369734.448687320575118 ], [ 3341683.75351492036134, 8369723.428493998013437 ], [ 3341584.634640349075198, 8369536.132072547450662 ], [ 3341698.73711834801361, 8369414.914111254736781 ], [ 3341798.189951389096677, 8369566.242860959842801 ], [ 3341749.665785385295749, 8369672.385479308664799 ], [ 3341754.741954163182527, 8369675.57842902559787 ], [ 3341809.065865635406226, 8369557.595420186407864 ], [ 3341737.966106888838112, 8369447.396870526485145 ], [ 3341746.315068691503257, 8369435.778447359800339 ], [ 3341761.454519434366375, 8369449.05981426872313 ], [ 3341777.150567628908902, 8369447.175144724547863 ], [ 3341750.088799427263439, 8369410.812203017994761 ], [ 3341750.422757896594703, 8369396.644007808528841 ], [ 3341774.790594417601824, 8369365.092710008844733 ], [ 3341777.740560923703015, 8369361.279069664888084 ], [ 3341801.061994229443371, 8369340.37059978954494 ], [ 3341854.395162240602076, 8369305.95933411642909 ], [ 3341875.579261328559369, 8369287.822533190250397 ], [ 3341891.342101215384901, 8369254.874864684417844 ], [ 3341903.464793755207211, 8369243.256744809448719 ], [ 3341909.253407271578908, 8369234.321447508409619 ], [ 3341919.494800419081002, 8369223.967158717103302 ], [ 3341926.608115877490491, 8369219.821012887172401 ], [ 3341940.333809086121619, 8369209.067650894634426 ], [ 3341968.998577950522304, 8369196.828791979700327 ], [ 3342003.641203465405852, 8369183.392676775343716 ], [ 3342019.760265727061778, 8369175.920788330025971 ], [ 3342043.048303187824786, 8369161.287438207305968 ], [ 3342078.882047255989164, 8369131.133959824219346 ], [ 3342115.606347247026861, 8369100.07157168071717 ], [ 3342156.215697464067489, 8369037.969359198585153 ], [ 3342167.592549414373934, 8368990.744535155594349 ], [ 3342168.494237288832664, 8368986.199438939802349 ], [ 3342197.114478355273604, 8368950.193507366813719 ], [ 3342218.621403963305056, 8368919.131881291978061 ], [ 3342242.210004049818963, 8368887.183550108224154 ], [ 3342295.932790277991444, 8368865.766495094634593 ], [ 3342310.938657628837973, 8368847.697288988158107 ], [ 3342325.610566508490592, 8368847.364727324806154 ], [ 3342364.783895300701261, 8368846.411383979953825 ], [ 3342376.249802850186825, 8368866.47596176341176 ], [ 3342425.93169156787917, 8368878.891639441251755 ], [ 3342463.190325115341693, 8368859.780372822657228 ], [ 3342490.897746361326426, 8368833.020248623564839 ], [ 3342495.673352509271353, 8368794.82017327286303 ], [ 3342529.124859475996345, 8368807.23573031835258 ], [ 3342564.468797786161304, 8368797.680183661170304 ], [ 3342580.710311483126134, 8368783.335801609791815 ], [ 3342602.684778958559036, 8368801.49353258498013 ], [ 3342598.866520427167416, 8368818.697968509979546 ], [ 3342624.670378383714706, 8368835.90244456473738 ], [ 3342652.377799629699439, 8368855.966993759386241 ], [ 3342686.775522269308567, 8368849.271414366550744 ], [ 3342713.525595893617719, 8368843.529183902777731 ], [ 3342745.708060670644045, 8368900.574783772230148 ], [ 3342765.678777310997248, 8368904.875946775078773 ], [ 3342778.792213323060423, 8368921.504177854396403 ], [ 3342815.906131533440202, 8368913.500451275147498 ], [ 3342838.259085273835808, 8368908.711522079072893 ], [ 3342859.688087244518101, 8368931.725015820004046 ], [ 3342888.787002124357969, 8368925.982721157371998 ], [ 3342912.442393907811493, 8368943.253960682079196 ], [ 3342977.18580972077325, 8368941.857183703221381 ], [ 3342985.200813053641468, 8368923.300029033794999 ], [ 3342981.705381044186652, 8368915.052419726736844 ], [ 3342995.19730332121253, 8368910.551712089218199 ], [ 3343007.442447304725647, 8368931.037713896483183 ], [ 3343034.815910079050809, 8368934.008632302284241 ], [ 3343087.403237502556294, 8368918.289383565075696 ], [ 3343087.904175212606788, 8368930.793832588940859 ], [ 3343097.399727773386985, 8368943.786066252738237 ], [ 3343107.641120923217386, 8368950.282191662117839 ], [ 3343111.89352547051385, 8368962.520641438663006 ], [ 3343120.643237440381199, 8368949.52837476786226 ], [ 3343134.63609742699191, 8368954.539041456766427 ], [ 3343132.888381424359977, 8368981.521318374201655 ], [ 3343093.648260939400643, 8368984.004490984603763 ], [ 3343080.156338663306087, 8368999.258283857256174 ], [ 3343092.83562865993008, 8369025.885983359068632 ], [ 3343119.641362031456083, 8369024.489190738648176 ], [ 3343163.122755112592131, 8369000.499873033724725 ], [ 3343184.60741682164371, 8368960.281358350068331 ], [ 3343237.584362462162971, 8368919.043197262100875 ], [ 3343263.321428721304983, 8368920.040891985408962 ], [ 3343264.067269305698574, 8368895.564153721556067 ], [ 3343282.21234629675746, 8368882.039903835393488 ], [ 3343261.317677883431315, 8368864.325391094200313 ], [ 3343262.575588127132505, 8368849.825683921575546 ], [ 3343331.782915520481765, 8368846.588750121183693 ], [ 3343343.527121793944389, 8368855.833968902006745 ], [ 3343371.52397371456027, 8368857.585462493821979 ], [ 3343389.012265711091459, 8368870.577567190863192 ], [ 3343358.020919491536915, 8368873.570632104761899 ], [ 3343346.777650925796479, 8368883.303644164465368 ], [ 3343351.530993182677776, 8368905.053314347751439 ], [ 3343357.275078906677663, 8368910.795592706650496 ], [ 3343358.521857204381377, 8368930.040017665363848 ], [ 3343369.019285180140287, 8368932.27929156832397 ], [ 3343376.021281148307025, 8368942.544486603699625 ], [ 3343387.2645497135818, 8368941.790670493617654 ], [ 3343392.50769772566855, 8368922.302333852276206 ], [ 3343403.005125704221427, 8368920.284772927872837 ], [ 3343417.743826278019696, 8368932.545343959704041 ], [ 3343418.189104242250323, 8368949.439690413884819 ], [ 3343426.883156470954418, 8368956.312729576602578 ], [ 3343437.380584448110312, 8368951.568114762194455 ], [ 3343436.27852148655802, 8368935.050671108998358 ], [ 3343448.12291530193761, 8368930.328240998089314 ], [ 3343454.868876438587904, 8368917.579911898821592 ], [ 3343472.112265552859753, 8368890.841748879291117 ], [ 3343493.852962091565132, 8368861.620550574734807 ], [ 3343503.348514655604959, 8368910.086121771484613 ], [ 3343516.584402106702328, 8368928.820611360482872 ], [ 3343555.412640478927642, 8368944.539882533252239 ], [ 3343575.338829320389777, 8368931.148569 ], [ 3343609.669760265387595, 8368935.427578796632588 ], [ 3343612.051997369620949, 8368962.143732335418463 ], [ 3343617.773819194640964, 8368972.142915101721883 ], [ 3343636.842847957275808, 8368975.002994260750711 ], [ 3343657.826571966055781, 8368986.931088297627866 ], [ 3343703.59001460717991, 8368978.816434863954782 ], [ 3343733.145339400973171, 8368988.970838655717671 ], [ 3343762.233122331555933, 8368996.930304669775069 ], [ 3343786.077757250051945, 8369016.485352368094027 ], [ 3343817.05797152267769, 8369021.252180245704949 ], [ 3343848.527991555631161, 8369017.92648605350405 ], [ 3343854.728487188462168, 8369003.626018106937408 ], [ 3343906.080168269108981, 8369018.591624766588211 ], [ 3343936.603972633834928, 8369051.294352416880429 ], [ 3343969.676993331871927, 8369062.468741405755281 ], [ 3344004.408674445003271, 8369050.252297153696418 ], [ 3344107.201092197094113, 8369084.484997830353677 ], [ 3344112.76706673623994, 8369116.611556388437748 ], [ 3344123.809960219077766, 8369118.00836646463722 ], [ 3344141.710134330205619, 8369122.021425435319543 ], [ 3344200.442297645378858, 8369118.451798280701041 ], [ 3344206.943355903960764, 8369118.097052819095552 ], [ 3344240.417126769199967, 8369116.877615422941744 ], [ 3344246.929316977504641, 8369116.567213214933872 ], [ 3344279.801962594967335, 8369115.43646240234375 ], [ 3344286.559055681806058, 8369115.14823183696717 ], [ 3344319.064346978906542, 8369113.729250724427402 ], [ 3344325.476349644362926, 8369113.507534950971603 ], [ 3344408.231259061023593, 8369107.609897836111486 ], [ 3344458.881627353839576, 8369186.674101860262454 ], [ 3344547.180247421842068, 8369313.253976752050221 ], [ 3344574.086168335285038, 8369319.573050033301115 ], [ 3344607.64899479271844, 8369317.732757956720889 ], [ 3344630.180059716571122, 8369296.270108364522457 ], [ 3344649.67210254445672, 8369284.297169817611575 ], [ 3344669.07508978061378, 8369275.051413911394775 ], [ 3344672.659577381331474, 8369262.502037147060037 ], [ 3344665.201171500142664, 8369243.700184010900557 ], [ 3344627.575183627195656, 8369235.341356674209237 ], [ 3344571.73732707137242, 8369213.235962402075529 ], [ 3344568.453402081970125, 8369069.91834344342351 ], [ 3344625.705016168300062, 8369052.491607528179884 ], [ 3344625.115022866521031, 8369050.030583260580897 ], [ 3344618.057367151603103, 8369020.631383839994669 ], [ 3344598.320421443320811, 8369023.136740914545953 ], [ 3344589.214487097226083, 8368984.957852026447654 ], [ 3344609.663877545390278, 8368977.796560974791646 ], [ 3344608.149932470172644, 8368969.792773305438459 ], [ 3344586.097541344352067, 8368853.46169336233288 ], [ 3344581.68928950978443, 8368830.226736582815647 ], [ 3344573.774473716039211, 8368828.852151736617088 ], [ 3344560.750093300361186, 8368826.679421377368271 ], [ 3344558.75747441360727, 8368786.17363684810698 ], [ 3344559.681426181457937, 8368733.784711801446974 ], [ 3344586.531687347684056, 8368733.939904852770269 ], [ 3344580.175344422459602, 8368689.000568153336644 ], [ 3344570.713187696412206, 8368523.922355650924146 ], [ 3344559.191620389465243, 8368366.052866675890982 ], [ 3344405.581855052150786, 8367617.210914085619152 ], [ 3344342.575023264158517, 8367334.563901795074344 ], [ 3344335.010182763915509, 8367297.144345048815012 ], [ 3344329.606302586849779, 8367268.220674271695316 ], [ 3344316.359283183235675, 8367198.929988543502986 ], [ 3344290.199202849529684, 8367091.094051741994917 ], [ 3344289.041480146814138, 8367086.660953443497419 ], [ 3344256.747695869300514, 8366950.100665607489645 ], [ 3344253.597354277968407, 8366910.824258265085518 ], [ 3344270.473389063961804, 8366785.172190627083182 ], [ 3344325.40955772716552, 8366620.358223835006356 ], [ 3344314.667226856108755, 8366430.458800379186869 ], [ 3344263.304413814097643, 8366263.259153763763607 ], [ 3344209.559363658539951, 8365998.105661407113075 ], [ 3344254.944320017006248, 8365785.528769275173545 ], [ 3344245.081413126550615, 8365648.726634359918535 ], [ 3344191.492210277356207, 8365599.152276734821498 ], [ 3344162.382163447327912, 8365578.010698519647121 ], [ 3344133.094005433376878, 8365566.730782732367516 ], [ 3344058.376363246235996, 8365553.256957011297345 ], [ 3344031.604025723412633, 8365547.251361701637506 ], [ 3344006.924494623672217, 8365530.586414340883493 ], [ 3343973.684494686778635, 8365503.350830093957484 ], [ 3343937.08264612685889, 8365462.264955926686525 ], [ 3343898.566102325450629, 8365422.619741979055107 ], [ 3343862.74349020421505, 8365414.110120699740946 ], [ 3343789.473001398611814, 8365396.270972547121346 ], [ 3343730.295560118276626, 8365367.617623632773757 ], [ 3343679.099726322572678, 8365334.266418003477156 ], [ 3343662.668969485443085, 8365294.821332893334329 ], [ 3343656.089987579267472, 8365242.213440911844373 ], [ 3343649.043463809415698, 8365191.977021471597254 ], [ 3343630.263865718618035, 8365149.696259579621255 ], [ 3343591.747321920003742, 8365123.858135513029993 ], [ 3343515.192908134311438, 8365098.042261458933353 ], [ 3343457.429224385414273, 8365070.320766824297607 ], [ 3343390.270175618585199, 8365028.993552192114294 ], [ 3343368.663062463048846, 8364980.154611511155963 ], [ 3343348.002164972014725, 8364891.385568178258836 ], [ 3343312.313136234413832, 8364826.571102701127529 ], [ 3343255.952078066766262, 8364749.082555844448507 ], [ 3343161.553149910643697, 8364667.827925057150424 ], [ 3343088.282661100849509, 8364616.642620402388275 ], [ 3343045.079566738102585, 8364571.085782179608941 ], [ 3343027.235052367672324, 8364518.483051457442343 ], [ 3343014.544630415271968, 8364428.788948596455157 ], [ 3343001.397798557765782, 8364396.860061059705913 ], [ 3342973.690377311315387, 8364371.489877687767148 ], [ 3342931.789720993489027, 8364351.016535689122975 ], [ 3342874.91659317119047, 8364322.588818456977606 ], [ 3342837.568904021754861, 8364271.494537388905883 ], [ 3342823.052842427510768, 8364246.545767249539495 ], [ 3342800.354798260610551, 8364180.717756580561399 ], [ 3342790.825849847402424, 8364105.828307259827852 ], [ 3342781.29690143186599, 8364033.66484416089952 ], [ 3342773.126050808932632, 8363990.991909523494542 ], [ 3342747.700679118745029, 8363941.517315595410764 ], [ 3342716.842916280496866, 8363917.921175175346434 ], [ 3342691.517732139676809, 8363914.043882320635021 ], [ 3342668.274222472682595, 8363921.08947884477675 ], [ 3342650.218201075214893, 8363928.445266041904688 ], [ 3342635.83572287298739, 8363945.926368053071201 ], [ 3342619.171195112168789, 8363977.764679284766316 ], [ 3342597.53068611677736, 8364035.61459993571043 ], [ 3342575.222260177601129, 8364084.95688615553081 ], [ 3342547.993512743152678, 8364108.553560886532068 ], [ 3342519.851945486385375, 8364118.54616608005017 ], [ 3342486.712133089080453, 8364106.736725032329559 ], [ 3342454.48514051688835, 8364079.506397376768291 ], [ 3342432.254638213664293, 8364034.573253053240478 ], [ 3342414.098429269623011, 8363978.296426787041128 ], [ 3342396.387498285621405, 8363917.921175193041563 ], [ 3342373.700586068909615, 8363875.248910089023411 ], [ 3342362.802407923154533, 8363831.225393728353083 ], [ 3342362.802407917100936, 8363779.49200493004173 ], [ 3342355.544377117417753, 8363732.278680658899248 ], [ 3342357.815294722560793, 8363676.912525312975049 ], [ 3342360.531490290537477, 8363605.19635839574039 ], [ 3342348.731624270323664, 8363572.052514344453812 ], [ 3342324.219072406645864, 8363552.999302414245903 ], [ 3342293.36130957165733, 8363549.365904798731208 ], [ 3342267.935937889385968, 8363562.060649400576949 ], [ 3342239.3490926688537, 8363592.036284853704274 ], [ 3342212.565623198170215, 8363609.272884274832904 ], [ 3342172.167780009564012, 8363623.341346800327301 ], [ 3342133.584444517735392, 8363622.8982452172786 ], [ 3342106.812106993515044, 8363594.296093800105155 ], [ 3342094.555831060744822, 8363556.167449374683201 ], [ 3342077.312441940419376, 8363531.664194454438984 ], [ 3342044.17262954544276, 8363505.344333184882998 ], [ 3342016.943882106337696, 8363469.475919215939939 ], [ 3342015.129374404903501, 8363436.354839447885752 ], [ 3342026.47283050743863, 8363394.128447713330388 ], [ 3342045.530727318953723, 8363334.2232153583318 ], [ 3342054.614397757221013, 8363288.386293228715658 ], [ 3342044.62903943285346, 8363226.643146535381675 ], [ 3342009.218309424817562, 8363181.715196695178747 ], [ 3341956.575322249904275, 8363152.20645544398576 ], [ 3341880.777881002984941, 8363133.597400030121207 ], [ 3341834.023694890085608, 8363120.881239152513444 ], [ 3341771.384217446204275, 8363077.770515428856015 ], [ 3341732.945597291458398, 8363057.433683878742158 ], [ 3341721.001015934627503, 8363055.528493379242718 ], [ 3341677.886977171059698, 8363052.803628760389984 ], [ 3341638.390821855980903, 8363044.185974093154073 ], [ 3341598.905798491556197, 8363052.803628765977919 ], [ 3341569.862543359398842, 8363072.320770766586065 ], [ 3341558.051545390859246, 8363089.113086373545229 ], [ 3341554.878939907066524, 8363113.171800397336483 ], [ 3341563.049790529999882, 8363139.955488697625697 ], [ 3341581.662409384269267, 8363160.381162504665554 ], [ 3341614.334679917432368, 8363180.806892860680819 ], [ 3341642.476247178856283, 8363195.782843894325197 ], [ 3341670.617814439814538, 8363217.116980488412082 ], [ 3341681.059582673478872, 8363244.80935780890286 ], [ 3341678.788665066007525, 8363267.051950546912849 ], [ 3341661.545275952666998, 8363290.64600917045027 ], [ 3341626.134545947425067, 8363315.148463547229767 ], [ 3341570.307821345515549, 8363350.550887662917376 ], [ 3341524.922864970751107, 8363364.618856808170676 ], [ 3341487.708759216126055, 8363372.350712690502405 ], [ 3341460.468879832886159, 8363366.435509901493788 ], [ 3341415.083923454396427, 8363336.94818396680057 ], [ 3341384.671438581775874, 8363309.69854352157563 ], [ 3341363.342624150216579, 8363244.809357823804021 ], [ 3341323.846468825358897, 8363148.130182183347642 ], [ 3341293.890393865294755, 8363115.453616226091981 ], [ 3341228.534720851108432, 8363117.248054397292435 ], [ 3341176.337011643219739, 8363133.154327888973057 ], [ 3341130.940923324320465, 8363178.081981989555061 ], [ 3341120.053877132944763, 8363211.667132907547057 ], [ 3341109.612108906265348, 8363269.311659961938858 ], [ 3341098.713930767495185, 8363317.873425110243261 ], [ 3341074.513073483947664, 8363359.744911727495492 ], [ 3341048.80940307257697, 8363377.712061665020883 ], [ 3341030.608666334766895, 8363373.081805523484945 ], [ 3341010.259463428054005, 8363371.287305121310055 ], [ 3340973.613087076693773, 8363369.89158289693296 ], [ 3340938.658766981679946, 8363346.740355792455375 ], [ 3340883.288452284876257, 8363315.879550728015602 ], [ 3340843.79229696886614, 8363310.894867124035954 ], [ 3340793.409095461480319, 8363326.314165999181569 ], [ 3340736.535967643838376, 8363364.663165457546711 ], [ 3340694.156637521926314, 8363388.634160652756691 ], [ 3340651.309765537735075, 8363408.440198810771108 ], [ 3340597.642639050725847, 8363415.108686718158424 ], [ 3340544.431922477670014, 8363414.643443179316819 ], [ 3340494.627582320012152, 8363405.958902537822723 ], [ 3340401.787127041257918, 8363404.651791443116963 ], [ 3340316.438473490998149, 8363415.418849108740687 ], [ 3340254.555968590546399, 8363429.752795934677124 ], [ 3340220.34748908597976, 8363450.600208811461926 ], [ 3340183.578661295585334, 8363476.277390224859118 ], [ 3340148.68000094871968, 8363484.474611052311957 ], [ 3340133.373570974450558, 8363497.833885044790804 ], [ 3340118.712794044520706, 8363524.862672591581941 ], [ 3340091.350463223643601, 8363547.659981051459908 ], [ 3340027.508735286537558, 8363570.789683788083494 ], [ 3340007.638206188566983, 8363576.97090972866863 ], [ 3339988.7472886107862, 8363575.021275183185935 ], [ 3339948.02661889558658, 8363562.969000324606895 ], [ 3339914.152097860816866, 8363530.401370805688202 ], [ 3339892.634040297474712, 8363490.367753823287785 ], [ 3339867.219800556544214, 8363439.057691345922649 ], [ 3339833.178300282917917, 8363379.61733543779701 ], [ 3339801.118286946322769, 8363355.15897548943758 ], [ 3339771.139948091935366, 8363350.262882377952337 ], [ 3339748.01888986537233, 8363369.160490473732352 ], [ 3339723.79576868051663, 8363385.045152774080634 ], [ 3339686.448079540394247, 8363419.650351413525641 ], [ 3339657.137657629325986, 8363426.496085359714925 ], [ 3339631.077764846384525, 8363435.601585987024009 ], [ 3339603.515058940276504, 8363445.416043282486498 ], [ 3339578.089687255211174, 8363444.064616112969816 ], [ 3339539.962761674076319, 8363433.164589591324329 ], [ 3339504.106753706000745, 8363406.379836729727685 ], [ 3339474.150678743608296, 8363365.527183405123651 ], [ 3339458.721797322388738, 8363321.506708803586662 ], [ 3339391.095206691417843, 8363253.427246958948672 ], [ 3339360.025936824269593, 8363236.501633823849261 ], [ 3339340.255595265887678, 8363211.224056137725711 ], [ 3339289.415983840823174, 8363157.656259275972843 ], [ 3339254.428267897106707, 8363132.556180602870882 ], [ 3339225.173505729995668, 8363137.385668365284801 ], [ 3339193.848201039247215, 8363158.586713972501457 ], [ 3339173.220699407160282, 8363184.883184351958334 ], [ 3339151.43547507096082, 8363204.865906065329909 ], [ 3339121.935810022987425, 8363203.049292769283056 ], [ 3339083.975863681640476, 8363185.769334949553013 ], [ 3339057.259185899049044, 8363133.021406354382634 ], [ 3339039.058449157513678, 8363092.480415613390505 ], [ 3339010.271228849422187, 8363060.003476640209556 ], [ 3339001.287745944224298, 8363033.065005457028747 ], [ 3338995.1763058998622, 8363002.006133643910289 ], [ 3339007.610693012364209, 8362958.120746651664376 ], [ 3339031.388536231126636, 8362926.198223821818829 ], [ 3339051.581891851034015, 8362916.096468822099268 ], [ 3339105.983726975508034, 8362910.558231822215021 ], [ 3339132.700404753908515, 8362914.147008918225765 ], [ 3339176.849714783485979, 8362937.518408680334687 ], [ 3339206.805789744015783, 8362944.784603024832904 ], [ 3339218.616787711158395, 8362964.744521289132535 ], [ 3339235.403766915202141, 8362976.552134308032691 ], [ 3339269.178100409451872, 8362997.198887687176466 ], [ 3339301.76131534948945, 8363005.351269739679992 ], [ 3339333.030960299540311, 8363007.633052196353674 ], [ 3339370.48996893176809, 8362998.505926595069468 ], [ 3339391.985762593802065, 8362987.761630579829216 ], [ 3339407.626151039730757, 8362953.88950907997787 ], [ 3339411.856291686184704, 8362927.815392012707889 ], [ 3339409.251415599137545, 8362887.430599025450647 ], [ 3339383.291710354853421, 8362847.754915130324662 ], [ 3339358.434068070258945, 8362824.228730981238186 ], [ 3339334.979051370639354, 8362827.4851757241413 ], [ 3339313.48325770907104, 8362830.741621911525726 ], [ 3339291.007852528709918, 8362826.200319804251194 ], [ 3339262.020257137250155, 8362806.639523677527905 ], [ 3339218.360752867069095, 8362776.024655823595822 ], [ 3339186.122628347948194, 8362761.049556888639927 ], [ 3339158.760297521948814, 8362753.229731798171997 ], [ 3339135.305280820932239, 8362741.48893351200968 ], [ 3339107.286165001336485, 8362731.387431436218321 ], [ 3339104.02450392069295, 8362713.156027396209538 ], [ 3339107.286164999008179, 8362691.335997949354351 ], [ 3339119.664892367552966, 8362674.721805611625314 ], [ 3339140.192206457722932, 8362662.338718586601317 ], [ 3339168.523016852326691, 8362657.443085266277194 ], [ 3339207.941248522605747, 8362659.082346736453474 ], [ 3339260.717819081153721, 8362633.341553198173642 ], [ 3339342.4708530777134, 8362591.651405145414174 ], [ 3339370.489968893583864, 8362575.037437299266458 ], [ 3339414.795126204378903, 8362519.015413518995047 ], [ 3339454.859010918997228, 8362476.018964966759086 ], [ 3339481.564556745346636, 8362424.538745162077248 ], [ 3339483.290008846670389, 8362386.061724248342216 ], [ 3339477.61271481635049, 8362359.125713878311217 ], [ 3339463.330424153711647, 8362344.417276048101485 ], [ 3339443.125936581753194, 8362333.651781412772834 ], [ 3339390.360497968737036, 8362312.80752470344305 ], [ 3339370.167142348829657, 8362306.959624799899757 ], [ 3339340.845588488504291, 8362305.652708415873349 ], [ 3339274.721810987684876, 8362302.396494003012776 ], [ 3339241.17011647624895, 8362290.346298078075051 ], [ 3339234.657926266547292, 8362277.963856232352555 ], [ 3339235.626405835617334, 8362258.736778407357633 ], [ 3339244.097819078247994, 8362247.993559747934341 ], [ 3339314.462869172450155, 8362210.536398054100573 ], [ 3339357.131629974581301, 8362198.154090153984725 ], [ 3339440.198233960662037, 8362163.288812474347651 ], [ 3339479.293639107607305, 8362156.134141175076365 ], [ 3339504.696746896021068, 8362146.675809275358915 ], [ 3339533.361515759024769, 8362130.39510244037956 ], [ 3339551.606780290137976, 8362112.47529114689678 ], [ 3339559.877818449866027, 8362076.148489570245147 ], [ 3339544.760631604120135, 8362043.742475465871394 ], [ 3339527.172152064274997, 8362024.848262261599302 ], [ 3339492.31801951257512, 8362010.517044886946678 ], [ 3339453.233746312558651, 8361991.312814253382385 ], [ 3339436.290919820778072, 8361979.240976295433939 ], [ 3339419.025266804732382, 8361957.423117424361408 ], [ 3339410.876680079847574, 8361936.579923694022 ], [ 3339406.65767137799412, 8361916.534187182784081 ], [ 3339414.138341154437512, 8361898.149747438728809 ], [ 3339431.726820689160377, 8361878.591411829926074 ], [ 3339459.74593650829047, 8361848.954983982257545 ], [ 3339482.866994729731232, 8361796.504557427950203 ], [ 3339489.056358412373811, 8361763.944725164212286 ], [ 3339482.866994724143296, 8361740.488445245660841 ], [ 3339473.104275384452194, 8361729.081499442458153 ], [ 3339455.504663899540901, 8361725.49329877551645 ], [ 3339431.726820677053183, 8361730.388313700444996 ], [ 3339410.876680062618107, 8361738.849387881346047 ], [ 3339387.432795314583927, 8361756.125956914387643 ], [ 3339364.300605140160769, 8361767.200701933354139 ], [ 3339343.773291044868529, 8361768.175280289724469 ], [ 3339324.236720421817154, 8361757.100533810444176 ], [ 3339314.485133029520512, 8361734.17586141359061 ], [ 3339309.89877000823617, 8361709.523612054996192 ], [ 3339313.483257608488202, 8361674.350554302334785 ], [ 3339312.503646087367088, 8361649.919996379874647 ], [ 3339301.01547463843599, 8361602.255169755779207 ], [ 3339286.120926774572581, 8361565.554349056445062 ], [ 3339280.254389605950564, 8361501.389261100441217 ], [ 3339277.61611767206341, 8361457.579245487228036 ], [ 3339268.532447224482894, 8361427.767320919781923 ], [ 3339247.3594800834544, 8361406.261170793324709 ], [ 3339205.993157317861915, 8361351.222544798627496 ], [ 3339190.37503276579082, 8361305.818755965679884 ], [ 3339183.840578654315323, 8361267.170385134406388 ], [ 3339189.373157341964543, 8361239.817649050615728 ], [ 3339203.377149275969714, 8361224.491301987320185 ], [ 3339251.91244723694399, 8361202.033388502895832 ], [ 3339291.007852384354919, 8361192.576279707252979 ], [ 3339326.518769930582494, 8361191.269560708664358 ], [ 3339342.804811425507069, 8361198.755513350479305 ], [ 3339357.131629885639995, 8361199.419947383925319 ], [ 3339368.530745736788958, 8361190.627275184728205 ], [ 3339370.4899687692523, 8361146.331856722012162 ], [ 3339359.881221298128366, 8361107.24137082695961 ], [ 3339354.771656671538949, 8361077.829515720717609 ], [ 3339364.545507955830544, 8361051.119754918850958 ], [ 3339396.794764419086277, 8360997.368315453641117 ], [ 3339447.289285409264266, 8360894.096665265969932 ], [ 3339486.050732081290334, 8360846.547455161809921 ], [ 3339516.340765508823097, 8360814.301868059672415 ], [ 3339531.324368960689753, 8360796.053054279647768 ], [ 3339545.662319364026189, 8360735.460229397751391 ], [ 3339550.872071528807282, 8360709.726146570406854 ], [ 3339545.339492837898433, 8360698.342940639704466 ], [ 3339531.658327424433082, 8360691.809785625897348 ], [ 3339507.223699204623699, 8360682.375477081164718 ], [ 3339472.748052922077477, 8360670.017879907973111 ], [ 3339425.849151469301432, 8360658.634735242463648 ], [ 3339389.035795882809907, 8360645.280601528473198 ], [ 3339354.827316376846284, 8360629.623298080638051 ], [ 3339325.182935992721468, 8360628.648870115168393 ], [ 3339275.679158460348845, 8360629.623298086225986 ], [ 3339239.522587866988033, 8360625.725586979649961 ], [ 3339217.692835730034858, 8360609.758280584588647 ], [ 3339198.14513315493241, 8360578.155960507690907 ], [ 3339176.326512963045388, 8360530.940973456948996 ], [ 3339161.665736031718552, 8360505.517644038423896 ], [ 3339158.404074948746711, 8360452.434546132571995 ], [ 3339162.645347543992102, 8360419.526317594572902 ], [ 3339176.649339477065951, 8360397.048708850517869 ], [ 3339193.914992487989366, 8360387.282596733421087 ], [ 3339218.672447230201215, 8360380.10750219039619 ], [ 3339245.377993058413267, 8360382.587780996225774 ], [ 3339262.643646072596312, 8360379.022380471229553 ], [ 3339267.530571713112295, 8360352.293004117906094 ], [ 3339261.664034547284245, 8360316.79423891287297 ], [ 3339245.711951520759612, 8360266.104158479720354 ], [ 3339243.418770008720458, 8360245.775075955316424 ], [ 3339250.264918688219041, 8360231.447313971817493 ], [ 3339276.324811470229179, 8360228.834216646850109 ], [ 3339305.969191856216639, 8360224.604544113390148 ], [ 3339321.59844835428521, 8360218.426126290112734 ], [ 3339323.223712915088981, 8360176.395306528545916 ], [ 3339329.09025007719174, 8360155.557143792510033 ], [ 3339339.843712880276144, 8360144.794842616654932 ], [ 3339396.516465615015477, 8360131.773807846009731 ], [ 3339423.23314339062199, 8360110.913626599125564 ], [ 3339431.704556634183973, 8360073.467313310131431 ], [ 3339441.478407913353294, 8359990.714070904999971 ], [ 3339451.252259197644889, 8359956.1913843723014 ], [ 3339466.881515694782138, 8359933.383027103729546 ], [ 3339490.659358917269856, 8359921.668859366327524 ], [ 3339515.093987131025642, 8359880.304045341908932 ], [ 3339516.396425169426948, 8359847.730524701997638 ], [ 3339506.622573879547417, 8359830.790579304099083 ], [ 3339486.10639173630625, 8359821.999538011848927 ], [ 3339463.619854608085006, 8359828.177623879164457 ], [ 3339407.269928394351155, 8359839.581631087698042 ], [ 3339335.602440258488059, 8359854.572945055551827 ], [ 3339294.302909194026142, 8359858.669542805291712 ], [ 3339270.090919957030565, 8359859.267424830235541 ], [ 3339259.515568335074931, 8359864.18334551807493 ], [ 3339242.049540241248906, 8359875.078100339509547 ], [ 3339223.548240881413221, 8359888.430840084329247 ], [ 3339219.062065404374152, 8359889.117299996316433 ], [ 3339214.809660857077688, 8359888.82942970469594 ], [ 3339210.546124362386763, 8359887.323646819218993 ], [ 3339175.703123757150024, 8359854.772238957695663 ], [ 3339166.519265769980848, 8359848.062680903822184 ], [ 3339150.912273166235536, 8359834.400002344511449 ], [ 3339132.667008634656668, 8359822.973859466612339 ], [ 3339112.740819789934903, 8359806.919715758413076 ], [ 3339075.426526487339288, 8359742.194191360846162 ], [ 3339050.546620302367955, 8359687.367266954854131 ], [ 3339034.65019702212885, 8359673.328451187349856 ], [ 3339016.772286808583885, 8359655.835326953791082 ], [ 3339002.412072501145303, 8359632.319318976253271 ], [ 3338988.352420817594975, 8359597.089733509346843 ], [ 3338986.972059130202979, 8359572.201051723212004 ], [ 3338988.12978183105588, 8359546.869597030803561 ], [ 3338989.276372582651675, 8359525.678927701897919 ], [ 3338998.259855483658612, 8359511.861846938729286 ], [ 3339022.215809893328696, 8359500.569059760309756 ], [ 3339045.715354385320097, 8359494.12553599011153 ], [ 3339069.893947774544358, 8359485.600607695057988 ], [ 3339079.801382449455559, 8359472.248596951365471 ], [ 3339072.432032160460949, 8359436.311215419322252 ], [ 3339047.785896907094866, 8359412.353058302775025 ], [ 3339015.302869507111609, 8359385.870749655179679 ], [ 3338981.138917795848101, 8359345.084637475199997 ], [ 3338957.260887028183788, 8359311.694220528006554 ], [ 3338945.973090663086623, 8359288.445014150813222 ], [ 3338942.288415518123657, 8359261.719588360749185 ], [ 3338948.744945979211479, 8359235.459239419549704 ], [ 3338954.032621786929667, 8359195.382495820522308 ], [ 3338958.830491835251451, 8359175.454914276488125 ], [ 3338976.151804593857378, 8359157.497995236888528 ], [ 3338995.499132082331926, 8359144.478702719323337 ], [ 3338998.95003629475832, 8359124.44055079203099 ], [ 3338966.244369910564274, 8359080.666788294911385 ], [ 3338952.195850177668035, 8359080.666788294911385 ], [ 3338923.631268855184317, 8359094.948032795451581 ], [ 3338891.3820123905316, 8359117.067410245537758 ], [ 3338852.921128341462463, 8359137.570516023784876 ], [ 3338804.775448597501963, 8359171.890097048133612 ], [ 3338776.444638206623495, 8359189.160656253807247 ], [ 3338736.113586710765958, 8359193.079750320874155 ], [ 3338730.58100802032277, 8359177.115544024854898 ], [ 3338731.560619536787271, 8359144.877252161502838 ], [ 3338747.846661028452218, 8359117.510241311974823 ], [ 3338790.192595302592963, 8359075.817813903093338 ], [ 3338789.212983780540526, 8359048.118938998319209 ], [ 3338779.11630596825853, 8359015.549092028290033 ], [ 3338756.963727311231196, 8359005.120571817271411 ], [ 3338731.883446048013866, 8359010.013782226480544 ], [ 3338714.29496651282534, 8359020.774428294971585 ], [ 3338706.803164784796536, 8359032.155046354047954 ], [ 3338698.654578063637018, 8359050.73161820974201 ], [ 3338675.856346365530044, 8359079.404726177453995 ], [ 3338662.175180952064693, 8359083.301620482467115 ], [ 3338640.022602292709053, 8359079.072604594752192 ], [ 3338631.228362524416298, 8359058.547519996762276 ], [ 3338632.853627086151391, 8359023.054978758096695 ], [ 3338641.970693371724337, 8358958.225624888204038 ], [ 3338647.837230528704822, 8358906.105717242695391 ], [ 3338634.746058413758874, 8358873.027258253656328 ], [ 3338617.636252683587372, 8358844.952752099372447 ], [ 3338607.450519280042499, 8358823.697676534764469 ], [ 3338602.28529490577057, 8358777.401676994748414 ], [ 3338582.537217244040221, 8358742.751824362203479 ], [ 3338546.135743770282716, 8358705.910242600366473 ], [ 3338485.600204701535404, 8358657.223843101412058 ], [ 3338431.198369571473449, 8358619.497085959650576 ], [ 3338407.075435926672071, 8358597.999119892716408 ], [ 3338367.601544506847858, 8358573.003108344972134 ], [ 3338330.75479307025671, 8358557.195222694426775 ], [ 3338300.921169551089406, 8358533.948393555358052 ], [ 3338278.991229872684926, 8358515.085306018590927 ], [ 3338242.144478435162455, 8358490.089575348421931 ], [ 3338211.876708900090307, 8358477.802068275399506 ], [ 3338190.380915239453316, 8358461.573734457604587 ], [ 3338182.922509355004877, 8358425.154206607490778 ], [ 3338185.115503320004791, 8358400.158780574798584 ], [ 3338176.777673461474478, 8358372.086073545739055 ], [ 3338139.363192620221525, 8358331.903323080390692 ], [ 3338088.08943518390879, 8358320.590202512219548 ], [ 3338054.50434482935816, 8358323.667546706274152 ], [ 3338045.186903451103717, 8358315.498196955770254 ], [ 3338041.891846523620188, 8358286.186024613678455 ], [ 3338029.25708432123065, 8358263.737052933312953 ], [ 3338006.503380414098501, 8358251.117838484235108 ], [ 3337968.699281355831772, 8358236.10764307808131 ], [ 3337935.325698031112552, 8358228.801806811243296 ], [ 3337905.748109342996031, 8358221.252450271509588 ], [ 3337867.242697495501488, 8358220.698978684842587 ], [ 3337836.585309743415564, 8358230.595056870020926 ], [ 3337803.111538880039006, 8358239.672008262015879 ], [ 3337767.94571175519377, 8358246.623632242903113 ], [ 3337746.895196055993438, 8358242.682901918888092 ], [ 3337721.01341445883736, 8358229.089612362906337 ], [ 3337701.710614760871977, 8358208.45619787927717 ], [ 3337684.745524368714541, 8358185.07763488125056 ], [ 3337634.674017433077097, 8358167.034571096301079 ], [ 3337600.17610725061968, 8358151.67032824177295 ], [ 3337591.070172906387597, 8358143.656139326281846 ], [ 3337578.735973330680281, 8358118.263172850012779 ], [ 3337560.980514558032155, 8358104.249480730853975 ], [ 3337541.777902403846383, 8358117.399769251234829 ], [ 3337535.143260759301484, 8358147.353291702456772 ], [ 3337531.158022992778569, 8358166.326132689602673 ], [ 3337516.808940636925399, 8358173.941849205642939 ], [ 3337497.038599079940468, 8358174.14109770487994 ], [ 3337476.433361343573779, 8358168.672835196368396 ], [ 3337449.705551616381854, 8358156.408002026379108 ], [ 3337406.057179295923561, 8358141.796494543552399 ], [ 3337363.21030730754137, 8358119.901426122523844 ], [ 3337350.787052139174193, 8358097.475098836235702 ], [ 3337331.918398456647992, 8358073.366319545544684 ], [ 3337318.326288633979857, 8358050.807303559966385 ], [ 3337298.411231738515198, 8358020.278578210622072 ], [ 3337269.379108550958335, 8357990.170604402199388 ], [ 3337201.340635806322098, 8357944.809631721116602 ], [ 3337152.337795981671661, 8357920.900592892430723 ], [ 3337128.225994282867759, 8357914.790517624467611 ], [ 3337106.340582404285669, 8357912.798102866858244 ], [ 3337066.065190652851015, 8357894.578601776622236 ], [ 3337048.2540721334517, 8357878.041620913892984 ], [ 3337041.897729210089892, 8357853.446527808904648 ], [ 3337028.750897352583706, 8357840.717326402664185 ], [ 3337012.642967041581869, 8357842.421931226737797 ], [ 3336992.716778200119734, 8357845.3883873289451 ], [ 3336950.326316124293953, 8357823.759850464761257 ], [ 3336903.694581449497491, 8357807.665780763141811 ], [ 3336887.163637076504529, 8357808.50701049156487 ], [ 3336879.104105947073549, 8357820.372787488624454 ], [ 3336881.219176271930337, 8357832.238583568483591 ], [ 3336891.81679179193452, 8357848.354844615794718 ], [ 3336896.481078456621617, 8357869.562835190445185 ], [ 3336889.701721471268684, 8357890.328129271045327 ], [ 3336872.747763032559305, 8357908.126999284140766 ], [ 3336851.129517930559814, 8357916.605829325504601 ], [ 3336819.325539427343756, 8357912.798102887347341 ], [ 3336787.532692868728191, 8357891.169368433766067 ], [ 3336739.208901935257018, 8357873.370539329946041 ], [ 3336711.22318196343258, 8357867.858224097639322 ], [ 3336690.027950925286859, 8357846.229621378704906 ], [ 3336665.437475419137627, 8357820.79340307880193 ], [ 3336637.885901454370469, 8357753.406665490008891 ], [ 3336613.295425943098962, 8357682.168661334551871 ], [ 3336595.061293355654925, 8357621.977732713334262 ], [ 3336579.009022784419358, 8357565.949030742049217 ], [ 3336566.185017446987331, 8357522.472290834411979 ], [ 3336545.334876829758286, 8357491.635837811045349 ], [ 3336518.595935152377933, 8357478.132478282786906 ], [ 3336501.051983412820846, 8357473.727289290167391 ], [ 3336481.448621090967208, 8357471.734993617981672 ], [ 3336470.973457013256848, 8357487.452007383108139 ], [ 3336469.158949316013604, 8357503.279738171957433 ], [ 3336478.910536707378924, 8357522.339470234699547 ], [ 3336492.469250680878758, 8357550.763134242035449 ], [ 3336500.528781812172383, 8357571.106929831206799 ], [ 3336494.639980753418058, 8357581.533423516899347 ], [ 3336483.942177694290876, 8357588.882892890833318 ], [ 3336456.412867634091526, 8357586.204320376738906 ], [ 3336431.221266879700124, 8357591.1851378204301 ], [ 3336408.189264244399965, 8357599.530781687237322 ], [ 3336393.88470968650654, 8357608.119942264631391 ], [ 3336369.182914691511542, 8357621.247209573164582 ], [ 3336341.442097601015121, 8357636.278291383758187 ], [ 3336331.801829704083502, 8357655.891796152107418 ], [ 3336329.252613369375467, 8357682.589269055053592 ], [ 3336324.933417130727321, 8357705.61204298119992 ], [ 3336323.341548413969576, 8357729.719620751217008 ], [ 3336313.445245689712465, 8357742.824966956861317 ], [ 3336286.094046813435853, 8357750.329559133388102 ], [ 3336262.305071642622352, 8357749.333373894914985 ], [ 3336241.955868733115494, 8357739.637177902273834 ], [ 3336233.016913624946028, 8357724.982220920734107 ], [ 3336228.352626960258931, 8357692.351801928132772 ], [ 3336218.61217151908204, 8357662.24516611173749 ], [ 3336199.532010802067816, 8357616.465605296194553 ], [ 3336182.566920410376042, 8357593.575931396335363 ], [ 3336154.169318323023617, 8357585.518074695952237 ], [ 3336134.666143544949591, 8357588.905029878951609 ], [ 3336121.096297624520957, 8357588.905029878951609 ], [ 3336110.921696167904884, 8357577.039625086821616 ], [ 3336107.504187799990177, 8357540.159589477814734 ], [ 3336124.725313014816493, 8357501.066067504696548 ], [ 3336139.308166297152638, 8357466.621437227353454 ], [ 3336138.640249351039529, 8357446.764933571219444 ], [ 3336126.050014948938042, 8357438.153824296779931 ], [ 3336103.530081971548498, 8357445.436741258949041 ], [ 3336069.755748484749347, 8357473.90438228379935 ], [ 3336035.970283047761768, 8357503.722472416236997 ], [ 3335992.255119036417454, 8357547.442607115022838 ], [ 3335967.742567177861929, 8357577.238857481628656 ], [ 3335866.397302812431008, 8357638.1820830386132 ], [ 3335771.107818736229092, 8357613.167185650207102 ], [ 3335751.871810735668987, 8357599.220863743685186 ], [ 3335734.472574331331998, 8357580.935726071707904 ], [ 3335734.172011704649776, 8357557.271371809765697 ], [ 3335745.782634584233165, 8357535.865047519095242 ], [ 3335772.688555494416505, 8357497.767699438147247 ], [ 3335804.570457638241351, 8357445.813062408939004 ], [ 3335840.470993399620056, 8357424.097150814719498 ], [ 3335868.634824556764215, 8357411.235871433280408 ], [ 3335885.355012064334005, 8357402.115666246041656 ], [ 3335888.182527130004019, 8357393.703836507163942 ], [ 3335884.586907578166574, 8357384.849289244972169 ], [ 3335865.952024823985994, 8357358.352120033465326 ], [ 3335852.415574748534709, 8357329.575018137693405 ], [ 3335844.968300815206021, 8357293.426709937863052 ], [ 3335842.986813876777887, 8357275.607186553999782 ], [ 3335831.109024214092642, 8357258.186153742484748 ], [ 3335819.765568107366562, 8357238.440890541300178 ], [ 3335808.667014874983579, 8357208.978045605123043 ], [ 3335804.648381256498396, 8357162.382276270538568 ], [ 3335805.939687345642596, 8357107.640924089588225 ], [ 3335810.548314257059246, 8357068.505422662943602 ], [ 3335816.860129377804697, 8357029.702158137224615 ], [ 3335817.95106038544327, 8357003.49402188975364 ], [ 3335822.938173569273204, 8356976.599789666943252 ], [ 3335839.992319548502564, 8356952.870968220755458 ], [ 3335863.703371074981987, 8356931.864827091805637 ], [ 3335875.358521753456444, 8356908.291093975305557 ], [ 3335880.612801712937653, 8356887.949125637300313 ], [ 3335873.877972522284836, 8356869.732154806144536 ], [ 3335853.283866733778268, 8356845.184691727161407 ], [ 3335814.477892257273197, 8356811.517835034988821 ], [ 3335781.616378588601947, 8356779.068531420081854 ], [ 3335749.144483135547489, 8356734.711051184684038 ], [ 3335729.741495897062123, 8356698.277911068871617 ], [ 3335724.1977852541022, 8356669.768993704579771 ], [ 3335736.476325081195682, 8356636.501351283863187 ], [ 3335750.357865568250418, 8356562.241785634309053 ], [ 3335770.272922459524125, 8356530.103451215662062 ], [ 3335794.685286779887974, 8356521.183538861572742 ], [ 3335817.249747552443296, 8356532.361098232679069 ], [ 3335839.424590108450502, 8356529.195965835824609 ], [ 3335859.61794572789222, 8356520.895799921825528 ], [ 3335867.933511686511338, 8356506.641670115292072 ], [ 3335863.98166976030916, 8356485.63679919205606 ], [ 3335850.51201138086617, 8356473.773168276064098 ], [ 3335835.472748179920018, 8356452.392120426520705 ], [ 3335816.860129326116294, 8356435.349300567060709 ], [ 3335785.968970645684749, 8356427.447642888873816 ], [ 3335733.704469742253423, 8356429.815925953909755 ], [ 3335700.842956075910479, 8356427.049240211956203 ], [ 3335661.636231435928494, 8356429.417523144744337 ], [ 3335629.965836322400719, 8356437.341316445730627 ], [ 3335598.685059424024075, 8356447.633407034911215 ], [ 3335581.653177340980619, 8356456.354028355330229 ], [ 3335566.213163976091892, 8356448.828618482686579 ], [ 3335559.088716567493975, 8356439.311199342831969 ], [ 3335554.724992526229471, 8356402.901651041582227 ], [ 3335558.287216227967292, 8356364.47815234772861 ], [ 3335564.231677028816193, 8356329.24203216098249 ], [ 3335578.380384300835431, 8356295.998057952150702 ], [ 3335583.601268413010985, 8356268.9957390492782 ], [ 3335580.651301905047148, 8356234.556859310716391 ], [ 3335589.701576500199735, 8356199.38775787781924 ], [ 3335604.406881226692349, 8356189.848527665250003 ], [ 3335628.373967583291233, 8356192.836452271789312 ], [ 3335652.374449785798788, 8356186.70567493326962 ], [ 3335673.380437687505037, 8356181.770070885308087 ], [ 3335687.273110133130103, 8356173.558826629072428 ], [ 3335689.343652659095824, 8356155.808405297808349 ], [ 3335671.810832865070552, 8356140.271288502961397 ], [ 3335647.598843628074974, 8356126.017893897369504 ], [ 3335609.015508136712015, 8356112.317840236239135 ], [ 3335569.786519597284496, 8356096.559490096755326 ], [ 3335538.06046473281458, 8356080.24786255415529 ], [ 3335507.22496579727158, 8356056.72111454885453 ], [ 3335486.519540517125279, 8356039.391488312743604 ], [ 3335472.081402567680925, 8356024.540717110969126 ], [ 3335449.361094506457448, 8356008.27351319976151 ], [ 3335429.212266680784523, 8355989.107030524872243 ], [ 3335417.334477016236633, 8355960.600852765142918 ], [ 3335408.217410721816123, 8355943.581300682388246 ], [ 3335389.215173652861267, 8355941.987794567830861 ], [ 3335372.984791902825236, 8355950.707818367518485 ], [ 3335368.621067869011313, 8355967.727386889979243 ], [ 3335369.812186419498175, 8355983.573990526609123 ], [ 3335383.671463019214571, 8355998.601736857555807 ], [ 3335391.586278812494129, 8356019.981469945982099 ], [ 3335389.61592382658273, 8356032.663266359828413 ], [ 3335378.918120767455548, 8356041.759646845050156 ], [ 3335367.040331105235964, 8356042.556410638615489 ], [ 3335348.828462419100106, 8356038.196343178860843 ], [ 3335335.759554205462337, 8356022.371754521504045 ], [ 3335312.794343264773488, 8356000.593634848482907 ], [ 3335290.619500706437975, 8355973.658793207257986 ], [ 3335277.550592491868883, 8355959.007342983968556 ], [ 3335267.654289762023836, 8355937.627786541357636 ], [ 3335272.006881849374622, 8355919.413161541335285 ], [ 3335284.686171842273325, 8355898.033719808794558 ], [ 3335296.953579721506685, 8355882.984046414494514 ], [ 3335297.35432988544926, 8355856.448005897924304 ], [ 3335283.495053288061172, 8355852.110180158168077 ], [ 3335274.389118944294751, 8355842.593530582264066 ], [ 3335266.863921369425952, 8355829.934192488901317 ], [ 3335255.776500091422349, 8355822.011051384732127 ], [ 3335248.251302517484874, 8355821.612681382335722 ], [ 3335236.373512855730951, 8355832.700654376298189 ], [ 3335223.705354811623693, 8355849.321579252369702 ], [ 3335220.933499492239207, 8355860.011221810244024 ], [ 3335212.217183367349207, 8355864.37118399143219 ], [ 3335199.148275155574083, 8355862.003082378767431 ], [ 3335187.270485492423177, 8355854.876650369726121 ], [ 3335179.355669700074941, 8355837.458971260115504 ], [ 3335165.095642932225019, 8355813.291179657913744 ], [ 3335153.618603434879333, 8355788.348862342536449 ], [ 3335157.581577303353697, 8355765.000096883624792 ], [ 3335155.600090365391225, 8355736.472653390839696 ], [ 3335162.724537771195173, 8355713.124052063561976 ], [ 3335178.565301301889122, 8355708.764179243706167 ], [ 3335203.111249011941254, 8355712.72568794246763 ], [ 3335226.477210120297968, 8355727.376649205572903 ], [ 3335245.479447188787162, 8355745.590800217352808 ], [ 3335266.463171198032796, 8355752.717126698233187 ], [ 3335277.550592472776771, 8355750.725295619107783 ], [ 3335285.866158430464566, 8355741.230908215977252 ], [ 3335286.266908595804125, 8355716.68719875998795 ], [ 3335274.778737149201334, 8355683.822215201333165 ], [ 3335263.301697648130357, 8355652.528690133243799 ], [ 3335248.251302499789745, 8355625.617249945178628 ], [ 3335237.163881218992174, 8355593.151029606349766 ], [ 3335238.74461798556149, 8355575.71183729916811 ], [ 3335238.7446179818362, 8355542.449126637540758 ], [ 3335232.811289124190807, 8355519.101139177568257 ], [ 3335216.569775423035026, 8355498.895784062333405 ], [ 3335199.949775455053896, 8355492.168054877780378 ], [ 3335186.480117076076567, 8355499.294136643409729 ], [ 3335161.93416936788708, 8355503.653885705396533 ], [ 3335131.043010686524212, 8355496.129447312094271 ], [ 3335100.953352339565754, 8355489.401720650494099 ], [ 3335077.988141396548599, 8355466.82847204618156 ], [ 3335057.39403560757637, 8355445.051991771906614 ], [ 3335029.285864194389433, 8355425.245187991298735 ], [ 3334999.98657422978431, 8355410.196478750556707 ], [ 3334977.021363290492445, 8355415.352871252223849 ], [ 3334967.904297000728548, 8355428.409846927970648 ], [ 3334954.445770571008325, 8355442.684024730697274 ], [ 3334937.814638655632734, 8355450.208408648148179 ], [ 3334926.337599159218371, 8355440.692277339287102 ], [ 3334923.565743836574256, 8355410.99317435361445 ], [ 3334941.777612518053502, 8355368.635644105263054 ], [ 3334983.355442306026816, 8355326.654570049606264 ], [ 3335011.463613718282431, 8355316.364042738452554 ], [ 3335079.969628319144249, 8355312.004404311999679 ], [ 3335130.252642285078764, 8355292.994640467688441 ], [ 3335172.231222242582589, 8355285.470416848547757 ], [ 3335191.634209477342665, 8355274.781606489792466 ], [ 3335190.042340758722275, 8355250.239448325708508 ], [ 3335180.146038028877228, 8355228.06526920478791 ], [ 3335157.971195471007377, 8355220.939449338242412 ], [ 3335133.024497597943991, 8355216.978204634040594 ], [ 3335117.183734064456075, 8355203.89947322383523 ], [ 3335103.324457464274019, 8355182.123768796212971 ], [ 3335079.969628305640072, 8355162.738134772516787 ], [ 3335051.850324943196028, 8355144.503292628563941 ], [ 3335033.638456256128848, 8355124.32109269220382 ], [ 3335027.705127395689487, 8355096.194456543773413 ], [ 3335029.185676620807499, 8355052.621618191711605 ], [ 3335041.697987374383956, 8355001.96768712811172 ], [ 3335055.746507103554904, 8354975.811009566299617 ], [ 3335082.385261235293001, 8354949.831457123160362 ], [ 3335098.181496970821172, 8354927.525406714528799 ], [ 3335090.266681175678968, 8354897.828368823044002 ], [ 3335066.110351684037596, 8354888.711269397288561 ], [ 3335037.991048323456198, 8354893.070657764561474 ], [ 3335019.779179640114307, 8354908.118312542326748 ], [ 3334996.023600318003446, 8354931.884818016551435 ], [ 3334976.620613081846386, 8354944.542615667916834 ], [ 3334945.339836185798049, 8354950.495328716933727 ], [ 3334914.05905928555876, 8354947.707068478688598 ], [ 3334881.987914003431797, 8354938.612036450766027 ], [ 3334859.022703062742949, 8354927.923728465102613 ], [ 3334855.059729189611971, 8354893.867297556251287 ], [ 3334842.391571141313761, 8354859.014387709088624 ], [ 3334826.150057435035706, 8354812.698997772298753 ], [ 3334813.882649553474039, 8354787.7379334801808 ], [ 3334789.726320061367005, 8354760.033021258190274 ], [ 3334758.83516137721017, 8354727.172297756187618 ], [ 3334738.252187537960708, 8354713.297813992016017 ], [ 3334712.114371111616492, 8354718.453719593584538 ], [ 3334695.483239197172225, 8354735.094263510778546 ], [ 3334680.833594218362123, 8354756.868648933246732 ], [ 3334657.200466335285455, 8354765.432373001240194 ], [ 3334639.077653242275119, 8354767.180524606257677 ], [ 3334613.251531390473247, 8354765.056188534013927 ], [ 3334586.724096745718271, 8354752.664240251295269 ], [ 3334562.83493402833119, 8354722.016386085189879 ], [ 3334531.954907294362783, 8354679.640681860968471 ], [ 3334515.713393591344357, 8354644.01429895311594 ], [ 3334517.305262306705117, 8354605.599957047961652 ], [ 3334510.169682946521789, 8354573.934829009696841 ], [ 3334488.484646148979664, 8354548.642654530704021 ], [ 3334460.354210838209838, 8354536.538731177337468 ], [ 3334426.958363614045084, 8354539.880031624808908 ], [ 3334405.88558402005583, 8354559.485308395698667 ], [ 3334373.59179975790903, 8354578.094880016520619 ], [ 3334347.676622312515974, 8354578.670206402428448 ], [ 3334324.010098580271006, 8354571.080327299423516 ], [ 3334304.362208464182913, 8354564.486211260780692 ], [ 3334284.602998856455088, 8354548.310736814513803 ], [ 3334272.99237596988678, 8354524.833127674646676 ], [ 3334248.446428255643696, 8354469.381125898100436 ], [ 3334216.364151018671691, 8354417.115893504582345 ], [ 3334167.973568390589207, 8354364.386358024552464 ], [ 3334136.425624711904675, 8354326.416015232913196 ], [ 3334097.619650236796588, 8354294.021891193464398 ], [ 3334066.071706559043378, 8354271.518679703585804 ], [ 3334048.872845236212015, 8354257.158259076997638 ], [ 3334047.926629564259201, 8354239.058415871113539 ], [ 3334059.08084253501147, 8354223.790856478735805 ], [ 3334081.467192120850086, 8354202.15080466773361 ], [ 3334108.985370231792331, 8354180.090408164076507 ], [ 3334129.790983049664646, 8354160.397632497362792 ], [ 3334148.693032573908567, 8354140.483643118292093 ], [ 3334145.075149124488235, 8354124.618870032019913 ], [ 3334121.731451914645731, 8354110.701265940442681 ], [ 3334097.163240307476372, 8354105.966188819147646 ], [ 3334074.365008604247123, 8354096.518170178867877 ], [ 3334067.919610087759793, 8354076.139698075130582 ], [ 3334077.348370951600373, 8354049.189752978272736 ], [ 3334092.153863217681646, 8354028.922043018974364 ], [ 3334108.417640815023333, 8354011.486546658910811 ], [ 3334127.609121017623693, 8354004.295522730797529 ], [ 3334139.008236868306994, 8353996.595603327266872 ], [ 3334146.667017829604447, 8353981.461302406154573 ], [ 3334139.731813554186374, 8353964.357809624634683 ], [ 3334118.00224896101281, 8353951.414054251275957 ], [ 3334092.576877275016159, 8353940.306781413964927 ], [ 3334077.314975093584508, 8353924.597320472821593 ], [ 3334071.771264451555908, 8353905.170737557113171 ], [ 3334068.075457356404513, 8353877.911655034869909 ], [ 3334059.292349536903203, 8353865.432693066075444 ], [ 3334013.061365029774606, 8353847.864828458987176 ], [ 3333950.188116657547653, 8353827.509168626740575 ], [ 3333917.82754070032388, 8353833.527357865124941 ], [ 3333889.630313695408404, 8353835.828431515023112 ], [ 3333861.4219547403045, 8353834.456637530587614 ], [ 3333839.703522095922381, 8353826.602015526965261 ], [ 3333799.483790092170238, 8353827.044529221951962 ], [ 3333737.990903408266604, 8353828.903087032958865 ], [ 3333699.619074947200716, 8353828.903087032958865 ], [ 3333677.43310044426471, 8353822.884901566430926 ], [ 3333664.03023375896737, 8353822.420262450352311 ], [ 3333650.159825213253498, 8353835.385917310602963 ], [ 3333637.680910301394761, 8353833.527357880957425 ], [ 3333616.875297482591122, 8353844.61234428267926 ], [ 3333597.461178299039602, 8353851.095188353210688 ], [ 3333583.123227889183909, 8353844.147703800350428 ], [ 3333573.883710156194866, 8353829.367726567201316 ], [ 3333571.111854834947735, 8353804.409987876191735 ], [ 3333565.10060233110562, 8353767.880683859810233 ], [ 3333554.002049101516604, 8353735.975770374760032 ], [ 3333556.773904418572783, 8353704.093120124191046 ], [ 3333572.492216508835554, 8353673.582371446304023 ], [ 3333571.568264735862613, 8353651.390803886577487 ], [ 3333561.271211837418377, 8353625.65928915143013 ], [ 3333535.010943969711661, 8353601.520864624530077 ], [ 3333493.856128240469843, 8353578.267516576685011 ], [ 3333470.523562979418784, 8353551.673387209884822 ], [ 3333450.497186592780054, 8353533.663773321546614 ], [ 3333424.860307875089347, 8353523.552744001150131 ], [ 3333395.894976386334747, 8353532.115037084557116 ], [ 3333380.521754715126008, 8353550.921142014674842 ], [ 3333370.469604703132063, 8353569.284796608611941 ], [ 3333363.81269915914163, 8353586.520123635418713 ], [ 3333359.883121136575937, 8353597.693239039741457 ], [ 3333351.400575943291187, 8353611.809001098386943 ], [ 3333333.444742086809129, 8353617.871264562942088 ], [ 3333310.000857337377965, 8353627.075294529087842 ], [ 3333291.043148064054549, 8353631.456062821671367 ], [ 3333264.738352402113378, 8353632.407442140392959 ], [ 3333240.960509181488305, 8353640.704359980300069 ], [ 3333223.149390663485974, 8353650.881925272755325 ], [ 3333207.876356535591185, 8353652.4749367646873 ], [ 3333184.588319071568549, 8353650.151795125566423 ], [ 3333162.914414222352207, 8353640.416733342222869 ], [ 3333141.852766572032124, 8353614.198505822569132 ], [ 3333130.075164450798184, 8353588.511370699852705 ], [ 3333123.707689575385302, 8353552.757505432702601 ], [ 3333103.53659785259515, 8353527.004209798760712 ], [ 3333087.818285755813122, 8353511.008006977848709 ], [ 3333063.116490762215108, 8353509.370776562951505 ], [ 3333029.909886673092842, 8353500.0562698636204 ], [ 3333001.011346873827279, 8353481.51579032279551 ], [ 3332959.689551908522844, 8353447.797901560552418 ], [ 3332936.345854696352035, 8353410.407509502023458 ], [ 3332923.432793768588454, 8353381.867041857913136 ], [ 3332913.25819231197238, 8353346.490289802663028 ], [ 3332905.677334988489747, 8353290.317046298645437 ], [ 3332907.091092516668141, 8353244.321234980598092 ], [ 3332912.334240526426584, 8353214.055749266408384 ], [ 3332907.525238524191082, 8353176.688665088266134 ], [ 3332887.06471612257883, 8353149.476520360447466 ], [ 3332858.644850134849548, 8353128.835179932415485 ], [ 3332844.574066502973437, 8353110.605362433940172 ], [ 3332832.707408788148314, 8353091.844626393169165 ], [ 3332832.362318367697299, 8353076.756427521817386 ], [ 3332836.982077229768038, 8353038.836955397389829 ], [ 3332842.525787863414735, 8352991.692305780947208 ], [ 3332835.6017155344598, 8352932.51303344592452 ], [ 3332821.731306984554976, 8352877.957907786592841 ], [ 3332804.165091339498758, 8352825.261490454897285 ], [ 3332800.458152296487242, 8352806.302376088686287 ], [ 3332803.241139563266188, 8352775.33076543174684 ], [ 3332810.165211884304881, 8352755.000185949727893 ], [ 3332818.948319702874869, 8352738.806554440408945 ], [ 3332818.992847497109324, 8352714.383439690805972 ], [ 3332808.72919044829905, 8352697.393494487740099 ], [ 3332775.745225343853235, 8352703.720474726520479 ], [ 3332754.639049900695682, 8352713.166710551828146 ], [ 3332730.226685580797493, 8352723.387241610325873 ], [ 3332697.587810896337032, 8352729.846978507936001 ], [ 3332670.214348124805838, 8352733.275950737297535 ], [ 3332653.772459341678768, 8352739.912675681523979 ], [ 3332640.681287230923772, 8352752.456102151423693 ], [ 3332627.979733339045197, 8352766.105675101280212 ], [ 3332606.37262018583715, 8352771.503568288870156 ], [ 3332586.925105154048651, 8352780.330459509044886 ], [ 3332573.94525253539905, 8352791.36961902026087 ], [ 3332561.332754234783351, 8352791.944806145504117 ], [ 3332551.603430743329227, 8352783.09577848482877 ], [ 3332543.310128680896014, 8352764.335874916985631 ], [ 3332539.75903692189604, 8352729.515142576768994 ], [ 3332546.660845344886184, 8352690.734685504809022 ], [ 3332535.083618307486176, 8352664.387098171748221 ], [ 3332515.23535310709849, 8352655.361246054060757 ], [ 3332500.563444228842854, 8352664.51983137615025 ], [ 3332490.967704127542675, 8352675.912773421034217 ], [ 3332478.75595599366352, 8352679.540820790454745 ], [ 3332466.0098743038252, 8352675.359717570245266 ], [ 3332444.391629199497402, 8352669.984016923233867 ], [ 3332430.621408194769174, 8352667.08600707910955 ], [ 3332413.912352635525167, 8352654.963046959601343 ], [ 3332405.051321167964488, 8352628.925296626985073 ], [ 3332386.449834263883531, 8352614.523827612400055 ], [ 3332360.890879189129919, 8352601.25060916878283 ], [ 3332339.26150213740766, 8352586.650096452794969 ], [ 3332326.148066127672791, 8352568.355252341367304 ], [ 3332310.429754031822085, 8352549.728625735267997 ], [ 3332298.718943603336811, 8352528.757135643623769 ], [ 3332273.24904412124306, 8352515.085879882797599 ], [ 3332239.775273254606873, 8352500.286442236043513 ], [ 3332198.954416001215577, 8352490.309558568522334 ], [ 3332171.436237886548042, 8352486.9691858952865 ], [ 3332153.324556744657457, 8352485.287939293310046 ], [ 3332128.144087938591838, 8352482.876678396016359 ], [ 3332107.650169694330543, 8352479.779647197574377 ], [ 3332082.725735716056079, 8352483.982761284336448 ], [ 3332067.118743115104735, 8352491.105939036235213 ], [ 3332049.797430356498808, 8352499.379452264867723 ], [ 3332034.646847668569535, 8352513.006435442715883 ], [ 3332026.576184589415789, 8352518.116560620255768 ], [ 3332011.715032574255019, 8352521.279973220080137 ], [ 3331994.783338034991175, 8352517.519273082725704 ], [ 3331982.104048037435859, 8352510.528800270520151 ], [ 3331966.619506874121726, 8352502.653465404175222 ], [ 3331954.519078230019659, 8352487.544349307194352 ], [ 3331948.452165981754661, 8352473.452858939766884 ], [ 3331940.35923900315538, 8352442.770224942825735 ], [ 3331934.793264464940876, 8352421.09115166310221 ], [ 3331937.698703169357032, 8352398.947592537850142 ], [ 3331954.630397711414844, 8352391.227226400747895 ], [ 3331976.192983068525791, 8352395.673625398427248 ], [ 3332010.045240204315633, 8352412.662876065820456 ], [ 3332033.400069361552596, 8352408.349195430055261 ], [ 3332052.224195244722068, 8352397.200001784600317 ], [ 3332065.716117522213608, 8352383.462625620886683 ], [ 3332076.603163714986295, 8352361.120087767019868 ], [ 3332075.990906513296068, 8352335.525798311457038 ], [ 3332069.411924606189132, 8352298.09679841902107 ], [ 3332052.869848280213773, 8352271.551523475907743 ], [ 3332031.184811483602971, 8352261.729795942083001 ], [ 3332013.908026522491127, 8352273.409689614549279 ], [ 3332001.495903304778039, 8352285.598386247642338 ], [ 3331989.651509491726756, 8352300.928300054743886 ], [ 3331978.898046686779708, 8352315.727337968535721 ], [ 3331966.118569150101393, 8352322.540656874887645 ], [ 3331950.222145871724933, 8352321.722173429094255 ], [ 3331926.321851210668683, 8352313.714313133619726 ], [ 3331899.80554851423949, 8352295.132571326568723 ], [ 3331879.734644330572337, 8352270.733045696280897 ], [ 3331857.281503045465797, 8352235.582828257232904 ], [ 3331841.51866315305233, 8352198.043731176294386 ], [ 3331839.347933081910014, 8352172.95878391712904 ], [ 3331844.435233804862946, 8352121.174343236722052 ], [ 3331844.602213033940643, 8352085.05153757892549 ], [ 3331843.388830586336553, 8352076.5572843933478 ], [ 3331837.822856049053371, 8352053.220258912071586 ], [ 3331829.718797119800001, 8352035.767308940179646 ], [ 3331807.744329642970115, 8351974.184606042690575 ], [ 3331797.347089205402881, 8351954.696795947849751 ], [ 3331777.86617832351476, 8351921.605240838602185 ], [ 3331774.170371229294688, 8351904.01988255046308 ], [ 3331778.790130093693733, 8351886.921203281730413 ], [ 3331795.899935819208622, 8351872.587541473098099 ], [ 3331805.606995409820229, 8351855.02441974170506 ], [ 3331831.499908955302089, 8351827.861386829987168 ], [ 3331840.138301433064044, 8351810.29837152082473 ], [ 3331856.27962758904323, 8351792.226647511124611 ], [ 3331879.512005308177322, 8351784.484796420671046 ], [ 3331905.338127159047872, 8351785.76773117762059 ], [ 3331927.92485183198005, 8351794.173171346075833 ], [ 3331942.774871897883713, 8351806.427435478195548 ], [ 3331959.940337369218469, 8351809.922337640076876 ], [ 3331976.983351402450353, 8351801.27356378827244 ], [ 3331989.373210718855262, 8351785.126263765618205 ], [ 3332002.286271643824875, 8351764.997487177141011 ], [ 3332003.833612561691552, 8351745.886259987950325 ], [ 3331986.278528871480376, 8351727.814693686552346 ], [ 3331971.172473974525928, 8351701.868691148236394 ], [ 3331949.231402347795665, 8351661.19138228148222 ], [ 3331928.570504862815142, 8351633.453965800814331 ], [ 3331915.011790888849646, 8351612.794745652005076 ], [ 3331910.492219562642276, 8351596.647857962176204 ], [ 3331895.653331444598734, 8351576.652309005148709 ], [ 3331878.710504953749478, 8351558.249373771250248 ], [ 3331866.610076308716089, 8351543.075834268704057 ], [ 3331862.736158028244972, 8351516.798699711449444 ], [ 3331861.878997947089374, 8351489.061825837939978 ], [ 3331871.942279908806086, 8351467.827925845980644 ], [ 3331894.885226949583739, 8351463.116662562824786 ], [ 3331906.551509579177946, 8351470.283092403784394 ], [ 3331915.356881299056113, 8351483.664870463311672 ], [ 3331936.96399445598945, 8351524.363319763913751 ], [ 3331949.865923434495926, 8351537.922146461904049 ], [ 3331964.070290453732014, 8351547.588078903034329 ], [ 3331978.27465747250244, 8351547.588078903034329 ], [ 3331995.696157770697027, 8351533.387788918800652 ], [ 3332000.215729094110429, 8351512.728848851285875 ], [ 3332003.443994321860373, 8351489.504199396818876 ], [ 3332017.6483613406308, 8351466.921062720939517 ], [ 3332034.424208592623472, 8351454.645243654027581 ], [ 3332057.667718260083348, 8351452.698809362016618 ], [ 3332076.235809316392988, 8351463.271492755040526 ], [ 3332098.377256026025862, 8351482.072327001951635 ], [ 3332115.754228531848639, 8351485.633431580848992 ], [ 3332129.312942503020167, 8351480.457665238529444 ], [ 3332150.619493029080331, 8351468.690551825799048 ], [ 3332171.291522458661348, 8351448.164504167623818 ], [ 3332197.106512357946485, 8351420.073992661200464 ], [ 3332205.455474163405597, 8351401.848395138978958 ], [ 3332207.20319016603753, 8351386.166454642079771 ], [ 3332184.204583377111703, 8351360.86308353766799 ], [ 3332173.573572009336203, 8351335.803099571727216 ], [ 3332177.369566639885306, 8351304.660713794641197 ], [ 3332186.475500980392098, 8351281.879080144688487 ], [ 3332206.223578638397157, 8351265.931978420354426 ], [ 3332244.183524979744107, 8351261.375669972039759 ], [ 3332273.03753697918728, 8351256.819364331662655 ], [ 3332297.33858180558309, 8351243.15046429913491 ], [ 3332297.338581804186106, 8351224.947421516291797 ], [ 3332291.260537608526647, 8351199.887898996472359 ], [ 3332291.260537605267018, 8351174.054340844973922 ], [ 3332304.93057106481865, 8351152.799229363910854 ], [ 3332336.066632627509534, 8351153.573347854427993 ], [ 3332353.521528773475438, 8351136.852406522259116 ], [ 3332367.94853477133438, 8351098.124551619403064 ], [ 3332370.987556864973158, 8351060.922999993897974 ], [ 3332371.744529398623854, 8351023.721635871566832 ], [ 3332374.026578953955323, 8350980.438239498995245 ], [ 3332379.347650607582182, 8350934.877043848857284 ], [ 3332380.861595679540187, 8350899.954356607981026 ], [ 3332374.026578945107758, 8350868.061837870627642 ], [ 3332348.968561577610672, 8350850.589573273435235 ], [ 3332311.008615236263722, 8350852.86760035995394 ], [ 3332269.998514846898615, 8350866.535777671262622 ], [ 3332241.144502847921103, 8350878.70003442838788 ], [ 3332220.650584600865841, 8350860.475773611105978 ], [ 3332213.058595328126103, 8350810.359288369305432 ], [ 3332203.94152903277427, 8350758.717105490155518 ], [ 3332156.864516392350197, 8350694.933426291681826 ], [ 3332140.155460831243545, 8350669.875703128054738 ], [ 3332109.787503749132156, 8350593.95110010355711 ], [ 3332060.428441546857357, 8350523.335064263083041 ], [ 3332027.778434911277145, 8350492.196106187067926 ], [ 3332012.594456370454282, 8350456.52358341217041 ], [ 3332016.390451002400368, 8350423.858938500285149 ], [ 3332042.205440902616829, 8350403.35791155602783 ], [ 3332071.827557388693094, 8350401.854062847793102 ], [ 3332111.301448804792017, 8350384.382901760749519 ], [ 3332147.758582021575421, 8350373.745417608879507 ], [ 3332176.612594020552933, 8350354.770483932457864 ], [ 3332195.59256718819961, 8350322.880320672877133 ], [ 3332195.592567186802626, 8350300.853630932047963 ], [ 3332212.290490794926882, 8350284.156736222095788 ], [ 3332226.717496796511114, 8350270.489637268707156 ], [ 3332222.921502158977091, 8350254.544720469042659 ], [ 3332203.184556449763477, 8350240.877676351927221 ], [ 3332168.252500252332538, 8350221.880969353951514 ], [ 3332135.60249361814931, 8350215.047474370338023 ], [ 3332105.234536541625857, 8350193.795124245807528 ], [ 3332077.894469616934657, 8350193.043221201747656 ], [ 3332023.225467714481056, 8350222.654990227892995 ], [ 3331987.536438985727727, 8350230.992305857129395 ], [ 3331966.274416256695986, 8350249.989036302082241 ], [ 3331958.68242698861286, 8350274.271307765506208 ], [ 3331942.741475916001946, 8350283.404823984950781 ], [ 3331930.585387525614351, 8350267.437764275819063 ], [ 3331888.072474007960409, 8350227.962564077228308 ], [ 3331875.159413079731166, 8350205.936157577671111 ], [ 3331857.69338498217985, 8350190.765397747978568 ], [ 3331835.674389713909477, 8350193.79512426443398 ], [ 3331816.694416543003172, 8350204.432349090464413 ], [ 3331787.083432005252689, 8350196.072948662564158 ], [ 3331745.193907636217773, 8350166.151680286042392 ], [ 3331721.87247432442382, 8350146.226350058801472 ], [ 3331711.185803212225437, 8350131.166286 ], [ 3331713.122762349434197, 8350112.70061060693115 ], [ 3331722.362280079163611, 8350094.257095907814801 ], [ 3331742.767142730765045, 8350080.170173872262239 ], [ 3331759.030920326709747, 8350071.147481269203126 ], [ 3331777.532219689339399, 8350062.478630132041872 ], [ 3331798.304436658974737, 8350049.63017306663096 ], [ 3331814.03388070082292, 8350036.295223198831081 ], [ 3331838.334925527218729, 8350014.689559550955892 ], [ 3331855.377939557190984, 8350002.217127440497279 ], [ 3331860.09788596490398, 8349991.447508866898715 ], [ 3331857.771308606956154, 8349981.761499835178256 ], [ 3331844.290518276859075, 8349973.88886259123683 ], [ 3331821.970960383769125, 8349963.539453368633986 ], [ 3331795.243150655645877, 8349956.286029913462698 ], [ 3331763.69520697882399, 8349943.880038635805249 ], [ 3331730.622186277993023, 8349922.23041751421988 ], [ 3331696.602949903812259, 8349889.678706288337708 ], [ 3331676.676761058624834, 8349854.672508555464447 ], [ 3331667.927049083635211, 8349830.391617366112769 ], [ 3331674.249996156431735, 8349816.769585873931646 ], [ 3331700.009326313156635, 8349803.169693149626255 ], [ 3331711.664476992562413, 8349791.02932227216661 ], [ 3331707.289621004834771, 8349769.645511752925813 ], [ 3331694.977685327176005, 8349750.561563565395772 ], [ 3331682.342923127580434, 8349732.605448793619871 ], [ 3331682.999708119779825, 8349710.845880557782948 ], [ 3331698.061235214583576, 8349688.975810044445097 ], [ 3331700.48800011118874, 8349667.105804335325956 ], [ 3331708.302628359757364, 8349654.434940882027149 ], [ 3331713.211817901115865, 8349639.132635653950274 ], [ 3331716.083860759157687, 8349614.963018744252622 ], [ 3331698.061235207598656, 8349580.599399575032294 ], [ 3331694.654858786612749, 8349555.324330039322376 ], [ 3331702.914764998946339, 8349525.693125135265291 ], [ 3331711.185803158208728, 8349505.769523633643985 ], [ 3331712.755407976917922, 8349496.614856846630573 ], [ 3331707.690371145959944, 8349486.111328023485839 ], [ 3331692.250357780605555, 8349487.681328225880861 ], [ 3331673.092273424379528, 8349499.732749338261783 ], [ 3331648.490665971767157, 8349505.76952363923192 ], [ 3331614.961235358845443, 8349497.499365228228271 ], [ 3331587.264946061652154, 8349479.521753368899226 ], [ 3331566.659708326216787, 8349471.561201216652989 ], [ 3331544.852220088709146, 8349474.192605000920594 ], [ 3331523.701516849920154, 8349487.415976066142321 ], [ 3331505.857002484146506, 8349487.415976068936288 ], [ 3331497.597096269018948, 8349475.851053257472813 ], [ 3331495.281650862656534, 8349464.949526928365231 ], [ 3331493.622990448027849, 8349454.379705420695245 ], [ 3331487.010612698271871, 8349446.109604576602578 ], [ 3331476.112434553913772, 8349439.851753680966794 ], [ 3331455.618516307789832, 8349436.534873739816248 ], [ 3331437.117216948419809, 8349439.829641147516668 ], [ 3331425.217163389082998, 8349447.104669701308012 ], [ 3331405.046071667224169, 8349462.008549973368645 ], [ 3331382.89349300833419, 8349458.691660073585808 ], [ 3331369.691001406870782, 8349444.804963856935501 ], [ 3331368.355167515575886, 8349420.658095701597631 ], [ 3331376.303379149641842, 8349392.243612993508577 ], [ 3331390.184919643681496, 8349367.123974623158574 ], [ 3331403.398543193470687, 8349349.942721903324127 ], [ 3331415.966513696592301, 8349326.813325147144496 ], [ 3331410.010920937173069, 8349281.195998849347234 ], [ 3331410.010920934844762, 8349258.066817504353821 ], [ 3331391.509621573146433, 8349240.885818615555763 ], [ 3331386.221945761702955, 8349219.061364172026515 ], [ 3331394.81581044383347, 8349193.301072905771434 ], [ 3331401.417056242004037, 8349167.518759808503091 ], [ 3331395.472595433238894, 8349135.788506674580276 ], [ 3331370.358918321784586, 8349108.038466771133244 ], [ 3331337.964946513529867, 8349084.887716494500637 ], [ 3331312.194484404288232, 8349063.085834661498666 ], [ 3331299.637645848095417, 8349039.957336688414216 ], [ 3331300.294430841691792, 8349012.848883516155183 ], [ 3331296.331456967163831, 8348984.435970522463322 ], [ 3331288.394377274438739, 8348963.275607543066144 ], [ 3331267.243674031924456, 8348948.08529032766819 ], [ 3331237.499106107279658, 8348952.043172008357942 ], [ 3331236.842321114614606, 8348964.602274294011295 ], [ 3331240.148509990423918, 8348983.109300217591226 ], [ 3331239.480593046173453, 8349010.217644182965159 ], [ 3331239.480593048967421, 8349033.346048968844116 ], [ 3331238.167023062705994, 8349057.801209715195 ], [ 3331236.185536126140505, 8349071.687177920714021 ], [ 3331212.385429007932544, 8349078.939732205122709 ], [ 3331188.596453834790736, 8349071.023834896273911 ], [ 3331165.453131711110473, 8349065.075861779972911 ], [ 3331145.52694286685437, 8349061.25058792065829 ], [ 3331134.394993792753667, 8349059.127893455326557 ], [ 3331114.568992491811514, 8349049.19988264515996 ], [ 3331090.768885369412601, 8349045.241948874667287 ], [ 3331081.518235689494759, 8349031.356030424125493 ], [ 3331078.868831806350499, 8349018.13347630109638 ], [ 3331086.137994551565498, 8349005.574282940477133 ], [ 3331105.307210857048631, 8348979.814736664295197 ], [ 3331127.782616032287478, 8348963.938940895721316 ], [ 3331158.183968953322619, 8348962.61227426212281 ], [ 3331176.02848332002759, 8348953.369836738333106 ], [ 3331178.677887198049575, 8348934.862885355949402 ], [ 3331177.208469919860363, 8348917.90374843776226 ], [ 3331117.652542370371521, 8348897.827010886743665 ], [ 3331086.86157123092562, 8348887.456999342888594 ], [ 3331006.3330516256392, 8348844.252459803596139 ], [ 3330943.470935199409723, 8348801.04817312117666 ], [ 3330916.954632502049208, 8348768.634068785235286 ], [ 3330890.059843537863344, 8348749.044167510233819 ], [ 3330868.942536144517362, 8348743.008012012578547 ], [ 3330842.292650061193854, 8348747.540655785240233 ], [ 3330805.078544307034463, 8348751.056220434606075 ], [ 3330761.830922154709697, 8348740.995961284264922 ], [ 3330720.598182781133801, 8348720.366945273242891 ], [ 3330703.510640949010849, 8348690.71698144543916 ], [ 3330691.944545858539641, 8348664.052015004679561 ], [ 3330670.827238462865353, 8348646.960839244537055 ], [ 3330657.246260591782629, 8348629.361170506104827 ], [ 3330662.277901572175324, 8348610.258059963583946 ], [ 3330680.879388474393636, 8348595.665439375676215 ], [ 3330690.430600778199732, 8348578.065892924554646 ], [ 3330687.41384257748723, 8348552.440497676841915 ], [ 3330657.747198290191591, 8348525.267505329102278 ], [ 3330623.560982682742178, 8348503.6662638168782 ], [ 3330602.9446129957214, 8348484.54136886075139 ], [ 3330594.896213814150542, 8348464.930111851543188 ], [ 3330598.914847428444773, 8348445.318906929343939 ], [ 3330617.015396619681269, 8348426.724791197106242 ], [ 3330637.631766304839402, 8348414.653012243099511 ], [ 3330659.261143355164677, 8348410.120572851970792 ], [ 3330667.298410585615784, 8348400.082887737080455 ], [ 3330662.277901551220566, 8348373.41897108592093 ], [ 3330656.745322859380394, 8348348.789203296415508 ], [ 3330647.194110550452024, 8348333.688587378710508 ], [ 3330625.564733500592411, 8348328.669795075431466 ], [ 3330577.797540024854243, 8348338.220979835838079 ], [ 3330535.562925238162279, 8348345.760233946144581 ], [ 3330506.898156370967627, 8348338.729492336511612 ], [ 3330496.846006355714053, 8348323.142494735307992 ], [ 3330491.313427662011236, 8348282.417473338544369 ], [ 3330495.83299898263067, 8348229.621200230903924 ], [ 3330510.415852266829461, 8348189.89159042481333 ], [ 3330537.065738347359002, 8348152.174084139987826 ], [ 3330560.197928521316499, 8348136.587480427697301 ], [ 3330584.832931822165847, 8348134.067096542567015 ], [ 3330609.980004779994488, 8348135.592591945081949 ], [ 3330618.529341666959226, 8348117.99414230696857 ], [ 3330622.04703757353127, 8348098.870246490463614 ], [ 3330608.978129358962178, 8348085.295626797713339 ], [ 3330578.298477709759027, 8348079.768508675508201 ], [ 3330522.482885052915663, 8348083.792250257916749 ], [ 3330484.266903881449252, 8348093.343118203803897 ], [ 3330454.600259599741548, 8348094.360109495930374 ], [ 3330421.916857120580971, 8348098.383859043940902 ], [ 3330396.279978401493281, 8348099.887238551862538 ], [ 3330385.715758727863431, 8348084.300745238550007 ], [ 3330382.198062819894403, 8348067.697297074832022 ], [ 3330397.782791521865875, 8348050.607501943595707 ], [ 3330410.862831682432443, 8348033.51774637401104 ], [ 3330431.980139075312763, 8348029.494032184593379 ], [ 3330460.63377599325031, 8348032.500763456337154 ], [ 3330486.782724368851632, 8348041.056689288467169 ], [ 3330503.380460439249873, 8348050.099009287543595 ], [ 3330523.495892415288836, 8348039.553321753628552 ], [ 3330542.59831702336669, 8348011.895835464820266 ], [ 3330562.713748999405652, 8347990.273987897671759 ], [ 3330569.74914081254974, 8347978.202922626398504 ], [ 3330565.730507195927203, 8347962.616686227731407 ], [ 3330548.130895708221942, 8347953.552365306764841 ], [ 3330520.980071917641908, 8347957.067551854066551 ], [ 3330504.883273556362838, 8347967.126742746680975 ], [ 3330484.778973530046642, 8347974.687726020812988 ], [ 3330464.663541552610695, 8347970.155556750483811 ], [ 3330454.099321878049523, 8347951.054151985794306 ], [ 3330448.065805478021502, 8347926.912169449962676 ], [ 3330447.063930058386177, 8347888.687525226734579 ], [ 3330445.549984977580607, 8347815.289688676595688 ], [ 3330438.013655447401106, 8347746.402503535151482 ], [ 3330409.348886577878147, 8347695.599721701815724 ], [ 3330383.199938201345503, 8347656.889916799962521 ], [ 3330374.650601308327168, 8347622.690160957165062 ], [ 3330367.615209491923451, 8347592.536144374869764 ], [ 3330368.617084904573858, 8347561.343226039782166 ], [ 3330372.13478081068024, 8347540.739613064564764 ], [ 3330365.600326702930033, 8347525.640649944543839 ], [ 3330342.468136527575552, 8347520.622406957671046 ], [ 3330329.399228314403445, 8347529.177739563398063 ], [ 3330319.848016011994332, 8347548.786510865204036 ], [ 3330321.851766845211387, 8347572.9051499273628 ], [ 3330309.283796342089772, 8347591.010761180892587 ], [ 3330285.650668459478766, 8347607.6131372731179 ], [ 3330259.501720085274428, 8347614.643182613886893 ], [ 3330232.350896292831749, 8347607.10467514116317 ], [ 3330214.751284804660827, 8347588.99902441073209 ], [ 3330205.200072500389069, 8347562.868603120557964 ], [ 3330210.732651186641306, 8347551.793046364560723 ], [ 3330232.851833995431662, 8347541.225963793694973 ], [ 3330241.401170883793384, 8347528.160826133564115 ], [ 3330238.384412681683898, 8347495.973377510905266 ], [ 3330227.83132495591417, 8347462.282819252461195 ], [ 3330207.715892975684255, 8347415.019027504138649 ], [ 3330199.166556084062904, 8347392.912587055936456 ], [ 3330198.665618374012411, 8347364.749077800661325 ], [ 3330202.684251986909658, 8347340.100568781606853 ], [ 3330213.24847165774554, 8347328.030566579662263 ], [ 3330228.332262653391808, 8347335.082451917231083 ], [ 3330243.916991360019892, 8347354.690707677975297 ], [ 3330261.015665136743337, 8347355.199152432382107 ], [ 3330269.565002023708075, 8347339.592125064693391 ], [ 3330288.255544514860958, 8347292.041739419102669 ], [ 3330292.663796346168965, 8347275.550603278912604 ], [ 3330289.569114502053708, 8347242.922136838547885 ], [ 3330278.849047541618347, 8347221.214117784053087 ], [ 3330257.253066335339099, 8347198.776670259423554 ], [ 3330240.499482977669686, 8347181.710992292501032 ], [ 3330213.259603590704501, 8347153.19459770526737 ], [ 3330183.158813291229308, 8347121.163523038849235 ], [ 3330168.186341784894466, 8347088.867321379482746 ], [ 3330170.256884308997542, 8347057.477582473307848 ], [ 3330167.985966696403921, 8347042.04802733939141 ], [ 3330160.060018955264241, 8347033.913260546512902 ], [ 3330147.057902437634766, 8347023.037445018999279 ], [ 3330123.424774552695453, 8347024.319552527740598 ], [ 3330096.763756520114839, 8347033.426943249069154 ], [ 3330044.087373501621187, 8347036.676427616737783 ], [ 3329997.255263747181743, 8347027.56903288513422 ], [ 3329957.592129196040332, 8347009.354277127422392 ], [ 3329921.814044869039208, 8346976.837512976489961 ], [ 3329889.954406614415348, 8346950.17873636353761 ], [ 3329868.492008798290044, 8346925.46529642585665 ], [ 3329868.492008795961738, 8346901.392982325516641 ], [ 3329878.24359618127346, 8346879.929121067747474 ], [ 3329898.403555953409523, 8346851.325472990982234 ], [ 3329917.917862677946687, 8346816.201052103191614 ], [ 3329931.576764187309891, 8346797.345783706754446 ], [ 3329934.170508322771639, 8346779.131595956161618 ], [ 3329928.971888102591038, 8346762.221619638614357 ], [ 3329901.008432027883828, 8346756.363924458622932 ], [ 3329889.29762160172686, 8346743.366489106789231 ], [ 3329886.692745514214039, 8346710.187765552662313 ], [ 3329901.008432022295892, 8346682.225799184292555 ], [ 3329933.524855263996869, 8346654.904960425570607 ], [ 3329951.736723948735744, 8346651.014622679911554 ], [ 3329963.43640242703259, 8346658.817404438741505 ], [ 3329964.093187423888594, 8346673.118841697461903 ], [ 3329960.842658295296133, 8346699.776617866009474 ], [ 3329971.896683727856725, 8346714.741265739314258 ], [ 3329996.609610673505813, 8346723.207246884703636 ], [ 3330025.229851741809398, 8346723.848274565301836 ], [ 3330057.089489990845323, 8346706.297398656606674 ], [ 3330088.960260189138353, 8346686.138257661834359 ], [ 3330097.420541485305876, 8346667.924344276078045 ], [ 3330096.118103438988328, 8346632.137672027572989 ], [ 3330075.301358663942665, 8346567.770727789029479 ], [ 3330059.048713013529778, 8346532.64765592943877 ], [ 3330045.389811497647315, 8346499.469879351556301 ], [ 3330027.823595856316388, 8346474.757948108017445 ], [ 3330003.767453904263675, 8346455.240443713031709 ], [ 3329959.540220232214779, 8346444.851759126409888 ], [ 3329908.132879409007728, 8346433.932604276575148 ], [ 3329871.731405934784561, 8346426.594233983196318 ], [ 3329840.138934459071606, 8346407.187374186702073 ], [ 3329820.947454256471246, 8346389.438320426270366 ], [ 3329814.001118032727391, 8346372.109272994101048 ], [ 3329810.650401357095689, 8346338.976424350403249 ], [ 3329803.425766406115144, 8346310.618006898090243 ], [ 3329791.258546066004783, 8346297.157190592028201 ], [ 3329777.644172347616404, 8346288.492770089767873 ], [ 3329744.025686143431813, 8346279.496813645586371 ], [ 3329718.700501999352127, 8346266.367599594406784 ], [ 3329701.735411609057337, 8346251.337551561184227 ], [ 3329688.59971169847995, 8346233.920416530221701 ], [ 3329682.644118943251669, 8346216.547528346069157 ], [ 3329684.146932066883892, 8346205.076139858923852 ], [ 3329695.846610543783754, 8346201.340759014710784 ], [ 3329713.056603813543916, 8346198.224259282462299 ], [ 3329728.919631239958107, 8346185.647759550251067 ], [ 3329736.344641272909939, 8346169.291711101308465 ], [ 3329747.331875008065253, 8346153.311444708146155 ], [ 3329759.042685432359576, 8346135.916643572971225 ], [ 3329766.857313679531217, 8346118.190344551578164 ], [ 3329768.694085277616978, 8346103.050085450522602 ], [ 3329768.382390700280666, 8346087.931959888897836 ], [ 3329766.82391782803461, 8346069.697419815696776 ], [ 3329760.957380665931851, 8346052.899580323137343 ], [ 3329752.563891061581671, 8346040.212816358543932 ], [ 3329742.745511977933347, 8346028.962725088000298 ], [ 3329728.285110129509121, 8346014.839353831484914 ], [ 3329713.101131590548903, 8346001.42328127566725 ], [ 3329693.308526135981083, 8345985.354969459585845 ], [ 3329671.478774000890553, 8345973.463999182917178 ], [ 3329657.09629579493776, 8345964.114792513661087 ], [ 3329644.160970971453935, 8345953.306859125383198 ], [ 3329630.07905539078638, 8345937.061835642904043 ], [ 3329618.145605982281268, 8345920.794745902530849 ], [ 3329605.310468698851764, 8345906.119032649323344 ], [ 3329597.818666970357299, 8345896.990930543281138 ], [ 3329584.204293252900243, 8345891.089717989787459 ], [ 3329552.166543817613274, 8345891.487552392296493 ], [ 3329518.63711320515722, 8345882.425774027593434 ], [ 3329509.330803778022528, 8345873.054580783471465 ], [ 3329506.49215676356107, 8345860.810162249021232 ], [ 3329508.874393863603473, 8345844.587444056756794 ], [ 3329514.128673824947327, 8345827.30387888289988 ], [ 3329521.442364365328103, 8345811.655877789482474 ], [ 3329534.500140628777444, 8345792.073821445927024 ], [ 3329549.63959136698395, 8345768.005202582105994 ], [ 3329557.932893424294889, 8345748.047536803409457 ], [ 3329574.85345601523295, 8345723.426526215858757 ], [ 3329593.031928852666169, 8345700.396894040517509 ], [ 3329621.39613508945331, 8345670.405436610803008 ], [ 3329651.318814198952168, 8345647.641184002161026 ], [ 3329670.176335928495973, 8345615.771348264999688 ], [ 3329686.518037166912109, 8345594.775345810689032 ], [ 3329699.442230041138828, 8345580.652805110439658 ], [ 3329709.850602422375232, 8345563.082545715384185 ], [ 3329703.99519720626995, 8345524.715432782657444 ], [ 3329678.636617212556303, 8345487.652460609562695 ], [ 3329645.463408968877047, 8345458.369087035767734 ], [ 3329608.048928130418062, 8345442.611365029588342 ], [ 3329580.463958322070539, 8345419.074297302402556 ], [ 3329564.979417157825083, 8345396.178217031061649 ], [ 3329532.685632891952991, 8345386.763440149836242 ], [ 3329492.977970543317497, 8345380.044921269640326 ], [ 3329464.046034900005907, 8345355.800843101926148 ], [ 3329448.561493734829128, 8345331.578944769687951 ], [ 3329427.700221166945994, 8345292.550031257793307 ], [ 3329408.185914440080523, 8345278.428068647161126 ], [ 3329367.810335146728903, 8345279.776173457503319 ], [ 3329345.13455488299951, 8345284.461392094381154 ], [ 3329328.781721695326269, 8345287.842707391828299 ], [ 3329280.324347373098135, 8345276.394861862063408 ], [ 3329234.572036677505821, 8345247.465925917960703 ], [ 3329181.405847895424813, 8345219.863097290508449 ], [ 3329135.642405250109732, 8345188.238205910660326 ], [ 3329126.224776330403984, 8345158.646623808890581 ], [ 3329131.612639679573476, 8345130.381138189695776 ], [ 3329132.280556623358279, 8345107.485953176394105 ], [ 3329122.862927704118192, 8345102.115760795772076 ], [ 3329088.543128710705787, 8345114.226323639973998 ], [ 3329065.655841414816678, 8345118.248449264094234 ], [ 3329034.697891038842499, 8345102.778747309930623 ], [ 3329017.209599042311311, 8345082.601884735748172 ], [ 3329001.057140933349729, 8345075.198559073731303 ], [ 3328972.114073343575001, 8345088.657147674821317 ], [ 3328937.794274350628257, 8345117.58546138368547 ], [ 3328916.933001787401736, 8345138.447508921846747 ], [ 3328893.388929496984929, 8345147.198978611268103 ], [ 3328879.251354171894491, 8345135.751351154409349 ], [ 3328881.266236951574683, 8345107.485953193157911 ], [ 3328888.001066138036549, 8345090.005217834375799 ], [ 3328879.251354165840894, 8345070.469274325296283 ], [ 3328840.222740710247308, 8345057.01071888115257 ], [ 3328803.442780970595777, 8345054.2924914509058 ], [ 3328771.816913647577167, 8345051.596364416182041 ], [ 3328741.538012165110558, 8345032.082621880806983 ], [ 3328720.67673959909007, 8345011.905952506698668 ], [ 3328720.676739597693086, 8344994.403344218619168 ], [ 3328736.818065754137933, 8344980.281951862387359 ], [ 3328757.679338317364454, 8344976.237802217714489 ], [ 3328779.219659778289497, 8344979.59687717538327 ], [ 3328797.38700066646561, 8344980.944927422329783 ], [ 3328803.44278096081689, 8344962.779418532736599 ], [ 3328807.316699235700071, 8344934.293692287057638 ], [ 3328794.526089748833328, 8344924.19443482067436 ], [ 3328773.664817186072469, 8344924.857405349612236 ], [ 3328754.150510460138321, 8344940.348833588883281 ], [ 3328714.453980061225593, 8344953.122104153968394 ], [ 3328690.219726928044111, 8344944.392963578924537 ], [ 3328668.690537417307496, 8344942.359848777763546 ], [ 3328657.870282918214798, 8344949.431554856710136 ], [ 3328652.048273555468768, 8344977.961537862196565 ], [ 3328629.650792020373046, 8345005.143576212227345 ], [ 3328599.516605878248811, 8345023.176593448966742 ], [ 3328576.351019856519997, 8345026.646186380647123 ], [ 3328542.109144503250718, 8345017.276079286821187 ], [ 3328502.657516985666007, 8345018.358944828622043 ], [ 3328431.067952488083392, 8344999.81765675637871 ], [ 3328398.774168223142624, 8344993.762466692365706 ], [ 3328371.178066468797624, 8345010.579995892941952 ], [ 3328358.89952664077282, 8345027.242868137545884 ], [ 3328357.441241314634681, 8345058.380882708355784 ], [ 3328363.363438226282597, 8345085.408520629629493 ], [ 3328358.17594995861873, 8345097.099164904095232 ], [ 3328332.427751748356968, 8345095.883690631948411 ], [ 3328299.666425622999668, 8345080.878124709241092 ], [ 3328285.70696148276329, 8345061.143310504965484 ], [ 3328280.330230077728629, 8345042.226225692778826 ], [ 3328287.732976208440959, 8345004.524797009304166 ], [ 3328310.609131552744657, 8344971.552779194898903 ], [ 3328329.455521334894001, 8344958.779476748779416 ], [ 3328336.190350522752851, 8344937.917936871759593 ], [ 3328305.232400143519044, 8344895.509967085905373 ], [ 3328285.03904452174902, 8344873.300575138069689 ], [ 3328237.260719096288085, 8344885.410762668587267 ], [ 3328184.77357921237126, 8344899.554072519764304 ], [ 3328165.927189431153238, 8344900.902108144946396 ], [ 3328145.065916864201427, 8344889.454862570390105 ], [ 3328131.607390433549881, 8344878.692699986509979 ], [ 3328109.399152034427971, 8344919.067464792169631 ], [ 3328091.231811149045825, 8344952.039248215965927 ], [ 3328056.912012155167758, 8344970.889804490841925 ], [ 3328019.23036453826353, 8344965.497612326405942 ], [ 3328015.86851591616869, 8344933.188740075565875 ], [ 3328005.09278920898214, 8344904.26114884391427 ], [ 3327983.563599699176848, 8344895.509967102669179 ], [ 3327959.340478516649455, 8344924.459623071365058 ], [ 3327935.785274276509881, 8344941.276994422078133 ], [ 3327906.174289739690721, 8344937.917936900630593 ], [ 3327887.327899952419102, 8344903.598180177621543 ], [ 3327861.089895983226597, 8344865.897459356114268 ], [ 3327797.159112447872758, 8344837.633094470016658 ], [ 3327740.6310750474222, 8344823.512001954950392 ], [ 3327702.938295483123511, 8344818.11991741321981 ], [ 3327680.062140134628862, 8344806.694898848421872 ], [ 3327620.840171056333929, 8344779.756675520911813 ], [ 3327614.784390761051327, 8344768.331716310232878 ], [ 3327623.534102731384337, 8344748.818722408264875 ], [ 3327638.339594998862594, 8344734.675701300613582 ], [ 3327630.936848862562329, 8344711.118791915476322 ], [ 3327614.116473811678588, 8344703.052888063713908 ], [ 3327597.296098760794848, 8344707.759839108213782 ], [ 3327578.449708976782858, 8344694.986993019469082 ], [ 3327578.44970897724852, 8344675.452094680629671 ], [ 3327562.976299760397524, 8344661.994259267114103 ], [ 3327530.671383546665311, 8344659.320373705588281 ], [ 3327487.601872579194605, 8344645.840469506569207 ], [ 3327466.740600011311471, 8344627.012841232120991 ], [ 3327460.00577081926167, 8344598.749390801414847 ], [ 3327472.796380302403122, 8344568.453036707825959 ], [ 3327484.907940892502666, 8344540.189810439012945 ], [ 3327474.81126308022067, 8344497.121192843653262 ], [ 3327439.823547135572881, 8344450.031062636524439 ], [ 3327418.962274567689747, 8344415.028551348485053 ], [ 3327401.462850621901453, 8344404.930004116147757 ], [ 3327363.102154116146266, 8344417.039423447102308 ], [ 3327329.461404011119157, 8344413.680604426190257 ], [ 3327278.310098018031567, 8344425.790038104169071 ], [ 3327240.628450402524322, 8344445.4568614019081 ], [ 3327166.600989062339067, 8344464.151440889574587 ], [ 3327129.709709831513464, 8344472.813720705918968 ], [ 3327110.072951666079462, 8344485.232619212940335 ], [ 3327107.312228297349066, 8344509.009785645641387 ], [ 3327108.347499564755708, 8344536.919326837174594 ], [ 3327104.217546458821744, 8344556.210781580768526 ], [ 3327094.221056190785021, 8344564.121839444153011 ], [ 3327071.4784842338413, 8344564.806875583715737 ], [ 3327042.880507059860975, 8344551.72490616235882 ], [ 3327019.803976628463715, 8344543.106729516759515 ], [ 3327003.952081146650016, 8344526.909004205837846 ], [ 3326997.061404667794704, 8344509.694816674105823 ], [ 3326983.280051711481065, 8344481.431815323419869 ], [ 3326967.083065806888044, 8344459.378352282568812 ], [ 3326941.935992846265435, 8344435.601345673203468 ], [ 3326907.81656893203035, 8344420.110976430587471 ], [ 3326894.725396821741015, 8344424.928234712220728 ], [ 3326889.560172453988343, 8344440.77217516861856 ], [ 3326875.088638658169657, 8344448.020181583240628 ], [ 3326820.653407684061676, 8344443.534371904097497 ], [ 3326768.6226777122356, 8344436.308467458933592 ], [ 3326728.313890114426613, 8344437.678516070358455 ], [ 3326699.37082252278924, 8344450.782381031662226 ], [ 3326679.043883513659239, 8344460.085476342588663 ], [ 3326637.699824651237577, 8344443.887933167628944 ], [ 3326611.506348478142172, 8344419.425953734666109 ], [ 3326594.630313681438565, 8344417.348788484930992 ], [ 3326581.194051150232553, 8344432.176225588656962 ], [ 3326574.26997882919386, 8344453.677167159505188 ], [ 3326567.301378711592406, 8344501.739621641114354 ], [ 3326565.687246097251773, 8344515.948489944450557 ], [ 3326556.770554889924824, 8344525.583134707994759 ], [ 3326533.96119123743847, 8344526.290265096351504 ], [ 3326508.290916671045125, 8344519.152670865878463 ], [ 3326486.539088180754334, 8344502.756118319928646 ], [ 3326462.661057414021343, 8344492.767939724028111 ], [ 3326454.100588575936854, 8344497.408463501371443 ], [ 3326453.031921467743814, 8344508.457341361790895 ], [ 3326475.496194700710475, 8344524.50034143961966 ], [ 3326504.0162482294254, 8344543.747567974962294 ], [ 3326512.209362749010324, 8344564.077643603086472 ], [ 3326521.838498701807112, 8344594.727548212744296 ], [ 3326501.511559694539756, 8344608.273653315380216 ], [ 3326459.800146513618529, 8344618.615557784214616 ], [ 3326443.759007899090648, 8344618.969127418473363 ], [ 3326435.922115752007812, 8344630.747425715439022 ], [ 3326410.60806355625391, 8344631.454566180706024 ], [ 3326397.416703901253641, 8344618.261988162063062 ], [ 3326376.73354252288118, 8344620.405504261143506 ], [ 3326369.085893510375172, 8344624.493655245751143 ], [ 3326368.495900209993124, 8344636.934907022863626 ], [ 3326389.401700575370342, 8344678.369067235849798 ], [ 3326402.826831160578877, 8344701.240823270753026 ], [ 3326403.828706576954573, 8344711.560759580694139 ], [ 3326398.652350258547813, 8344721.460840507410467 ], [ 3326383.869121890049428, 8344724.15684699267149 ], [ 3326350.707045596558601, 8344719.51618070807308 ], [ 3326326.829014831688255, 8344706.677019189111888 ], [ 3326289.74849246442318, 8344712.731973824091256 ], [ 3326262.653328421525657, 8344734.123240163549781 ], [ 3326246.612189806066453, 8344739.471066437661648 ], [ 3326221.654359983280301, 8344730.211815969087183 ], [ 3326215.598579681012779, 8344703.472756885923445 ], [ 3326204.188331882003695, 8344683.517968463711441 ], [ 3326180.655391537118703, 8344669.596054988913238 ], [ 3326165.682920032180846, 8344677.794511970132589 ], [ 3326158.191118306946009, 8344693.837879996746778 ], [ 3326135.737977024633437, 8344700.975643101148307 ], [ 3326125.040173960849643, 8344666.03823686670512 ], [ 3326112.917481418233365, 8344635.741606671363115 ], [ 3326106.50547874905169, 8344609.002889714203775 ], [ 3326103.121366229373962, 8344580.761606205254793 ], [ 3326081.391801633872092, 8344552.918193007819355 ], [ 3326056.879249770194292, 8344544.012742538936436 ], [ 3326035.160817125812173, 8344516.69981503020972 ], [ 3326026.745063622947782, 8344501.496546403504908 ], [ 3326028.470515729859471, 8344496.104697027243674 ], [ 3326041.839986566454172, 8344479.951270210556686 ], [ 3326051.313275224994868, 8344455.997416418977082 ], [ 3326045.19070323323831, 8344434.253395045176148 ], [ 3326012.318057614378631, 8344419.779513873159885 ], [ 3326008.254896204452962, 8344416.46488858666271 ], [ 3325985.579115936998278, 8344398.057696586474776 ], [ 3325963.30408583721146, 8344357.398515561595559 ], [ 3325937.678339065983891, 8344318.396848497912288 ], [ 3325917.618566833436489, 8344294.443518836051226 ], [ 3325908.724139521364123, 8344286.333875937387347 ], [ 3325885.87024806952104, 8344265.474235951900482 ], [ 3325855.791721672285348, 8344263.816957757808268 ], [ 3325815.683309156447649, 8344243.200448145158589 ], [ 3325789.500964931678027, 8344218.694939779117703 ], [ 3325761.092230892274529, 8344206.431167664937675 ], [ 3325733.796691763680428, 8344197.526135100983083 ], [ 3325712.623724625911564, 8344211.447158490307629 ], [ 3325708.170944998506457, 8344231.489058895036578 ], [ 3325687.565707262139767, 8344244.857721710577607 ], [ 3325646.344099839683622, 8344233.720850506797433 ], [ 3325600.101983384229243, 8344218.120420283637941 ], [ 3325551.644609062932432, 8344198.630977272987366 ], [ 3325504.289297700393945, 8344174.1256168410182 ], [ 3325473.09757639374584, 8344152.956939937546849 ], [ 3325433.545761331450194, 8344149.045823596417904 ], [ 3325393.437348816543818, 8344141.245693812146783 ], [ 3325365.585212233010679, 8344118.972280762158334 ], [ 3325343.299050183035433, 8344080.546381860040128 ], [ 3325343.299050179775804, 8344059.930383975617588 ], [ 3325348.876156665850431, 8344043.225501852110028 ], [ 3325333.836893463972956, 8344012.025479323230684 ], [ 3325302.756491648033261, 8343993.508814416825771 ], [ 3325280.247690616175532, 8343961.977559903636575 ], [ 3325252.328762336168438, 8343944.875169837847352 ], [ 3325224.409834060817957, 8343956.586104493588209 ], [ 3325189.277402783744037, 8343986.305446582846344 ], [ 3325161.358474506530911, 8343979.985933342948556 ], [ 3325142.445293026510626, 8343947.570892783813179 ], [ 3325135.242921972647309, 8343914.250058718957007 ], [ 3325105.520617943257093, 8343905.2348986947909 ], [ 3325071.301006489433348, 8343897.147779207676649 ], [ 3325050.584449260029942, 8343859.319622090086341 ], [ 3325039.730798911303282, 8343850.370816540904343 ], [ 3325019.971589303575456, 8343834.086227837018669 ], [ 3325008.260778874624521, 8343807.969092733226717 ], [ 3324963.232044868171215, 8343783.663889247924089 ], [ 3324935.313116592355072, 8343802.577749786898494 ], [ 3324902.885748938657343, 8343790.867059400305152 ], [ 3324885.775943210814148, 8343769.257570036686957 ], [ 3324883.070879582781345, 8343743.140664244070649 ], [ 3324867.76444960385561, 8343708.008931592106819 ], [ 3324846.146204499062151, 8343684.587869361042976 ], [ 3324798.412406868766993, 8343685.493776994757354 ], [ 3324769.235568345990032, 8343688.366167773492634 ], [ 3324721.679881900548935, 8343682.621387334540486 ], [ 3324693.582842434756458, 8343650.185556995682418 ], [ 3324681.33769845077768, 8343609.839825193397701 ], [ 3324678.454523638356477, 8343575.261101259849966 ], [ 3324687.104048064909875, 8343553.652242887765169 ], [ 3324708.711161215323955, 8343525.547564653679729 ], [ 3324713.753934144042432, 8343492.405392867513001 ], [ 3324713.753934140317142, 8343472.232930466532707 ], [ 3324741.138528863433748, 8343458.534247009083629 ], [ 3324759.873599154409021, 8343439.090997981838882 ], [ 3324764.905240132007748, 8343419.250098925083876 ], [ 3324755.676854349672794, 8343400.801203865557909 ], [ 3324732.622587815858424, 8343389.842361085116863 ], [ 3324723.984195330645889, 8343365.626911317929626 ], [ 3324729.171683598309755, 8343345.454795261844993 ], [ 3324747.038461861200631, 8343336.81593219563365 ], [ 3324752.225950128864497, 8343323.559384476393461 ], [ 3324747.606191262137145, 8343304.536280082538724 ], [ 3324732.043726454954594, 8343288.407553995959461 ], [ 3324711.293773379176855, 8343287.236565669067204 ], [ 3324703.801971653476357, 8343304.536280082538724 ], [ 3324685.935193391982466, 8343312.600656335242093 ], [ 3324667.489553775172681, 8343288.982001177966595 ], [ 3324658.851161290425807, 8343261.894656182266772 ], [ 3324661.155474746599793, 8343238.828512515872717 ], [ 3324681.905427819117904, 8343218.082301162183285 ], [ 3324715.913532238453627, 8343219.231184614822268 ], [ 3324733.201449150685221, 8343199.633908731862903 ], [ 3324726.28850877424702, 8343180.611123599112034 ], [ 3324726.856238172389567, 8343148.3321543475613 ], [ 3324729.17168357828632, 8343122.394193691201508 ], [ 3324732.967678211629391, 8343098.820334045216441 ], [ 3324724.173438439611346, 8343077.566365774720907 ], [ 3324696.343565752264112, 8343051.937961490824819 ], [ 3324682.428629409521818, 8343029.225967203266919 ], [ 3324669.237269753590226, 8343002.139575090259314 ], [ 3324674.369098273571581, 8342970.634646937251091 ], [ 3324735.89538080105558, 8342906.918218516744673 ], [ 3324715.3791986531578, 8342871.746278563514352 ], [ 3324664.116573166102171, 8342839.53493781760335 ], [ 3324612.108107090461999, 8342814.614326164126396 ], [ 3324574.025709306355566, 8342818.281715860590339 ], [ 3324523.486660503782332, 8342749.441138305701315 ], [ 3324491.248535982333124, 8342703.2900321604684 ], [ 3324486.127839403226972, 8342647.617468439042568 ], [ 3324484.658422118984163, 8342589.758213083259761 ], [ 3324527.13793978607282, 8342571.443942259997129 ], [ 3324552.774818497244269, 8342520.89767414983362 ], [ 3324582.074108459055424, 8342479.895361186936498 ], [ 3324595.265468108002096, 8342459.372198442928493 ], [ 3324571.821583355311304, 8342433.016918106935918 ], [ 3324554.978944405447692, 8342415.43205580022186 ], [ 3324570.363298023119569, 8342380.284548226743937 ], [ 3324550.581824515014887, 8342338.531912515871227 ], [ 3324522.017243191599846, 8342348.78227317892015 ], [ 3324510.295300812926143, 8342333.406737525016069 ], [ 3324521.282534549944103, 8342303.362679807469249 ], [ 3324549.847115873359144, 8342292.383374497294426 ], [ 3324577.688120502047241, 8342257.214361566118896 ], [ 3324600.386164661031216, 8342225.005701446905732 ], [ 3324661.177738554775715, 8342210.337332150898874 ], [ 3324678.031509452033788, 8342216.942512912675738 ], [ 3324696.343565677758306, 8342192.046093192882836 ], [ 3324717.583324509672821, 8342182.502856063656509 ], [ 3324730.763552212156355, 8342159.815626575611532 ], [ 3324730.028843572363257, 8342142.231414857320487 ], [ 3324705.861382131464779, 8342134.897308788262308 ], [ 3324700.729553605895489, 8342118.0642374381423 ], [ 3324716.848615865688771, 8342097.542080328799784 ], [ 3324735.160672088619322, 8342077.042070740833879 ], [ 3324730.028843563981354, 8342036.02013192512095 ], [ 3324719.776318461634219, 8341983.290597002021968 ], [ 3324715.379198568873107, 8341889.540313529781997 ], [ 3324727.835849579423666, 8341850.706308161839843 ], [ 3324740.292500588111579, 8341819.957342992536724 ], [ 3324739.557791948784143, 8341792.853296675719321 ], [ 3324714.655621867626905, 8341765.749349839985371 ], [ 3324698.536559605039656, 8341738.645502493716776 ], [ 3324705.126673456281424, 8341709.354904000647366 ], [ 3324755.665722247678787, 8341659.543481797911227 ], [ 3324791.555126059334725, 8341621.461716474965215 ], [ 3324828.179238511715084, 8341614.857068342156708 ], [ 3324866.996344931423664, 8341609.003455366007984 ], [ 3324883.850115830078721, 8341596.545215278863907 ], [ 3324879.452995942905545, 8341576.775533459149301 ], [ 3324860.406231075990945, 8341561.401605192571878 ], [ 3324828.913947145920247, 8341554.068075977265835 ], [ 3324815.733719440642744, 8341539.423128263093531 ], [ 3324807.67418830934912, 8341518.902579208835959 ], [ 3324819.396130681503564, 8341494.737441699020565 ], [ 3324869.935179475694895, 8341469.114530356600881 ], [ 3324908.752285896800458, 8341450.803038701415062 ], [ 3324959.291334692854434, 8341441.260759480297565 ], [ 3324981.265802159905434, 8341409.033569637686014 ], [ 3324990.048909977544099, 8341372.410929712466896 ], [ 3324973.206271026283503, 8341336.53947295434773 ], [ 3324928.522627440281212, 8341309.437200931832194 ], [ 3324893.367932261899114, 8341287.459473913535476 ], [ 3324853.816117201000452, 8341294.770650210790336 ], [ 3324829.648655760567635, 8341278.668401428498328 ], [ 3324836.973478249739856, 8341247.899730111472309 ], [ 3324854.550825833808631, 8341213.486680338159204 ], [ 3324888.970812368672341, 8341196.633621393702924 ], [ 3324903.620457351207733, 8341191.509238881990314 ], [ 3324941.858702419325709, 8341196.633621393702924 ], [ 3324977.046793446876109, 8341224.4422936597839 ], [ 3325021.574589742813259, 8341235.685066988691688 ], [ 3325071.267610410228372, 8341222.564818451181054 ], [ 3325118.144247959367931, 8341207.081188120879233 ], [ 3325143.458300151862204, 8341198.643617214635015 ], [ 3325142.990758290048689, 8341179.913127776235342 ], [ 3325117.676706092432141, 8341154.578449375927448 ], [ 3325082.054469052702188, 8341133.970619018189609 ], [ 3325054.859117463696748, 8341110.04970477335155 ], [ 3325029.545065267942846, 8341106.294812992215157 ], [ 3325017.355581031180918, 8341079.590961204841733 ], [ 3325004.231013068929315, 8341055.670223114080727 ], [ 3325014.550329858902842, 8341037.403931425884366 ], [ 3325035.17783149285242, 8341027.552963367663324 ], [ 3325053.924033735413104, 8341039.281359560787678 ], [ 3325079.705627792514861, 8341059.888925679028034 ], [ 3325093.297737611457705, 8341046.768989471718669 ], [ 3325120.960631055291742, 8341012.091829233802855 ], [ 3325150.961233807727695, 8340965.200616116635501 ], [ 3325167.369726739358157, 8340909.430719691328704 ], [ 3325184.245761530008167, 8340858.321568619459867 ], [ 3325193.618862645234913, 8340816.599624129012227 ], [ 3325193.618862641509622, 8340768.318197518587112 ], [ 3325208.613598041702062, 8340731.764994376339018 ], [ 3325262.993169264867902, 8340682.534410339780152 ], [ 3325290.65606271289289, 8340672.220103462226689 ], [ 3325345.970717663876712, 8340674.097438753582537 ], [ 3325374.090021022129804, 8340662.855520378798246 ], [ 3325430.350891638547182, 8340622.526107290759683 ], [ 3325464.102961231023073, 8340603.311185091733932 ], [ 3325506.281916267704219, 8340572.368639594875276 ], [ 3325507.228131938260049, 8340552.690043209120631 ], [ 3325486.133088442496955, 8340528.307208634912968 ], [ 3325471.127221087925136, 8340506.751436423510313 ], [ 3325476.748855368234217, 8340465.95907658431679 ], [ 3325504.411748811136931, 8340419.0934166777879 ], [ 3325517.068774906452745, 8340384.397118312306702 ], [ 3325534.390087662730366, 8340349.811409618705511 ], [ 3325540.26775677036494, 8340323.949532772414386 ], [ 3325522.957575955893844, 8340272.910688875243068 ], [ 3325496.942210965789855, 8340221.805942883715034 ], [ 3325451.368011451326311, 8340164.7828278709203 ], [ 3325405.604568800888956, 8340094.3548090364784 ], [ 3325380.657870921306312, 8340033.755006834864616 ], [ 3325359.896785894408822, 8340002.70442621037364 ], [ 3325345.915057856589556, 8339977.903807311318815 ], [ 3325344.389980829320848, 8339929.649947764351964 ], [ 3325345.814870305359364, 8339878.150066543370485 ], [ 3325339.903805342502892, 8339830.713958533480763 ], [ 3325316.916330501902848, 8339792.464953673072159 ], [ 3325304.459679486695677, 8339776.69723450858146 ], [ 3325300.318594431504607, 8339772.390930507332087 ], [ 3325286.470449781510979, 8339756.99867467302829 ], [ 3325029.879023593850434, 8339432.02418820746243 ], [ 3325018.691414770204574, 8339372.003963180817664 ], [ 3325014.661649201996624, 8339320.750875318422914 ], [ 3325028.209231222514063, 8339293.567671473138034 ], [ 3325067.20444882940501, 8339290.012442629784346 ], [ 3325081.909753553569317, 8339286.611790547147393 ], [ 3325102.704234421718866, 8339269.630635744892061 ], [ 3325120.515352938324213, 8339243.176326735876501 ], [ 3325156.137589973863214, 8339194.066074436530471 ], [ 3325229.129780046176165, 8339124.508497148752213 ], [ 3325262.202800740022212, 8339062.922985854558647 ], [ 3325315.803135524038225, 8338973.957228953018785 ], [ 3325334.059531996957958, 8338897.556615241803229 ], [ 3325324.408132147975266, 8338867.879826975055039 ], [ 3325230.153919328469783, 8338753.10420436412096 ], [ 3325149.692191411275417, 8338636.850991314277053 ], [ 3325108.236813051160425, 8338564.516582290641963 ], [ 3325058.488132634665817, 8338502.979900094680488 ], [ 3324991.685306233353913, 8338426.230885109864175 ], [ 3324963.721850156318396, 8338378.384592643938959 ], [ 3324920.051213934551924, 8338329.589200617745519 ], [ 3324898.388441029936075, 8338280.551260397769511 ], [ 3324890.306646002456546, 8338245.357189717702568 ], [ 3324939.854951324872673, 8338200.139457992278039 ], [ 3324999.722573442384601, 8338162.230078855529428 ], [ 3325052.766310775186867, 8338097.782373047433794 ], [ 3325099.242198154795915, 8338054.442214315757155 ], [ 3325103.205172023270279, 8338017.792049316689372 ], [ 3325002.850651106797159, 8337885.367246014997363 ], [ 3324981.622024219948798, 8337832.049160218797624 ], [ 3325000.323698660824448, 8337796.128662691451609 ], [ 3325040.398715323302895, 8337751.090301704593003 ], [ 3325065.334281244780868, 8337713.867628292180598 ], [ 3325095.980537043418735, 8337682.915109152905643 ], [ 3325131.035044674295932, 8337635.890488795936108 ], [ 3325165.47729510627687, 8337589.61678846552968 ], [ 3325173.0024926783517, 8337568.952672408893704 ], [ 3325183.911802769638598, 8337554.183163348585367 ], [ 3325221.125908518675715, 8337507.909974916838109 ], [ 3325242.410195144359022, 8337461.129312416538596 ], [ 3325265.319746334571391, 8337405.496253346092999 ], [ 3325276.540750999003649, 8337365.118394742719829 ], [ 3325296.155245260801166, 8337300.876330020837486 ], [ 3325307.532097212038934, 8337272.111078031361103 ], [ 3325323.139089813921601, 8337250.962176819331944 ], [ 3325354.19722772622481, 8337227.583660244941711 ], [ 3325393.704514989629388, 8337214.360150579363108 ], [ 3325521.131936040241271, 8337205.485621473751962 ], [ 3325585.641580916941166, 8337117.579792235977948 ], [ 3325604.142880274914205, 8337096.320955486036837 ], [ 3325621.408533288165927, 8337080.382386970333755 ], [ 3325640.455298154614866, 8337063.36215300951153 ], [ 3325647.401634376030415, 8337056.518749636597931 ], [ 3325658.099437433760613, 8337039.366118076257408 ], [ 3325676.789979927241802, 8337027.886901699006557 ], [ 3325705.065130573697388, 8337006.385494416579604 ], [ 3325732.260482158046216, 8336958.393872722052038 ], [ 3325763.942009214777499, 8336877.84193909727037 ], [ 3325775.975646161474288, 8336845.30353373195976 ], [ 3325783.623295173514634, 8336815.215570032596588 ], [ 3325790.024165888782591, 8336795.392459168098867 ], [ 3325807.189631359186023, 8336768.461369287222624 ], [ 3325814.225023172330111, 8336748.285190884955227 ], [ 3325812.889189282432199, 8336732.214926283806562 ], [ 3325810.907702346332371, 8336716.69655835814774 ], [ 3325815.471801464445889, 8336698.37477190233767 ], [ 3325828.418258234858513, 8336681.465790039859712 ], [ 3325842.611493303440511, 8336666.940873079933226 ], [ 3325909.358659944497049, 8336567.629174233414233 ], [ 3325929.730126747395843, 8336541.206615506671369 ], [ 3325954.020039625000209, 8336511.804180069826543 ], [ 3325975.693944470025599, 8336474.300793016329408 ], [ 3325976.706951830070466, 8336432.294576748274267 ], [ 3325970.384004752617329, 8336389.052483849227428 ], [ 3325942.042062401771545, 8336301.023931497707963 ], [ 3325928.71711935615167, 8336261.91027747374028 ], [ 3325914.512752335518599, 8336224.56267021317035 ], [ 3325891.647728933487087, 8336178.121228149160743 ], [ 3325876.719785221852362, 8336149.316202870570123 ], [ 3325857.005103407427669, 8336117.465259718708694 ], [ 3325844.058646635618061, 8336105.25907882116735 ], [ 3325828.462785982061177, 8336095.723703805357218 ], [ 3325805.063429026864469, 8336075.505217865109444 ], [ 3325786.595525508746505, 8336041.00589856877923 ], [ 3325779.549001740757376, 8336016.108217376284301 ], [ 3325775.586027869489044, 8335987.679052835330367 ], [ 3325773.938499406445771, 8335958.521614970639348 ], [ 3325770.042317225132138, 8335932.630966088734567 ], [ 3325762.17202922841534, 8335913.3840975118801 ], [ 3325746.231078153476119, 8335895.351239772513509 ], [ 3325719.558928170241416, 8335883.962089157663286 ], [ 3325694.512042753398418, 8335879.680126219056547 ], [ 3325656.373985227197409, 8335877.737793334759772 ], [ 3325616.989149402361363, 8335877.230138235725462 ], [ 3325575.043965289834887, 8335873.720697394572198 ], [ 3325548.828225219156593, 8335860.49961135070771 ], [ 3325530.538432888686657, 8335835.911544311791658 ], [ 3325519.150448982603848, 8335810.286186317913234 ], [ 3325506.181728311814368, 8335791.503142308443785 ], [ 3325497.598995573353022, 8335782.961397776380181 ], [ 3325487.2574148834683, 8335781.43845212366432 ], [ 3325467.787635954562575, 8335786.492867189459503 ], [ 3325446.436557630077004, 8335794.306249248795211 ], [ 3325426.254333960358053, 8335807.96865186560899 ], [ 3325405.00344317778945, 8335822.425664381124079 ], [ 3325382.984447910450399, 8335827.082814900204539 ], [ 3325364.483148548752069, 8335823.926546701230109 ], [ 3325347.662773497402668, 8335819.048680300824344 ], [ 3325334.337830455042422, 8335806.357414062134922 ], [ 3325325.376611449755728, 8335792.959874923340976 ], [ 3325317.005385745782405, 8335777.620053524151444 ], [ 3325306.786256493069232, 8335765.922081639058888 ], [ 3325291.112472197040915, 8335761.61811550334096 ], [ 3325272.110235126689076, 8335764.597784101031721 ], [ 3325242.621702030766755, 8335770.314336830750108 ], [ 3325212.654495122842491, 8335771.153059236705303 ], [ 3325185.325560145545751, 8335769.5639010919258 ], [ 3325160.957723625469953, 8335779.076783405616879 ], [ 3325132.114843572955579, 8335790.311270399950445 ], [ 3325116.151628603693098, 8335807.527216835878789 ], [ 3325101.880469890777022, 8335830.52601813338697 ], [ 3325106.97890257043764, 8335845.424512091092765 ], [ 3325107.424180533736944, 8335865.973447136580944 ], [ 3325099.654080082662404, 8335875.508525566197932 ], [ 3325081.932017155922949, 8335879.746342156082392 ], [ 3325065.412204727996141, 8335879.944989867508411 ], [ 3325056.851735890377313, 8335868.202712060883641 ], [ 3325039.051749320235103, 8335860.676186667755246 ], [ 3325013.069780181627721, 8335862.750946568325162 ], [ 3324995.325453359633684, 8335881.291380062699318 ], [ 3324969.521595403552055, 8335874.051776684820652 ], [ 3324964.100336202420294, 8335851.648780697956681 ], [ 3324975.076437991112471, 8335837.765578858554363 ], [ 3324995.325453354045749, 8335828.870631775818765 ], [ 3325019.737817673012614, 8335823.882403113879263 ], [ 3325041.701153194531798, 8335798.566090995445848 ], [ 3325045.831106299068779, 8335768.879680338315666 ], [ 3325037.80497101508081, 8335747.933727072551847 ], [ 3325026.428119058255106, 8335728.179694898426533 ], [ 3325001.770851857494563, 8335695.822925050742924 ], [ 3324958.233799023553729, 8335643.712490675039589 ], [ 3324926.700412794016302, 8335602.565511839464307 ], [ 3324888.870624335482717, 8335551.455189923755825 ], [ 3324888.759304844308645, 8335538.345035430975258 ], [ 3324897.742787745315582, 8335528.08205193374306 ], [ 3324942.671334205660969, 8335490.340880438685417 ], [ 3324958.200403161812574, 8335468.84394848998636 ], [ 3324961.328480849042535, 8335450.790105311200023 ], [ 3324947.580523741431534, 8335440.174112993292511 ], [ 3324926.429820501245558, 8335437.238716564141214 ], [ 3324891.286257274448872, 8335433.729484772309661 ], [ 3324845.322439547162503, 8335438.562955415807664 ], [ 3324828.301689411979169, 8335436.201396304182708 ], [ 3324824.416639184113592, 8335421.414080721326172 ], [ 3324832.275795228779316, 8335407.266840826719999 ], [ 3324843.708306927699596, 8335397.423379441723228 ], [ 3324878.028105921112001, 8335383.386537929065526 ], [ 3324919.516880120616406, 8335368.400694105774164 ], [ 3324932.41880908748135, 8335277.272410361096263 ], [ 3324974.352861246094108, 8335220.817137625068426 ], [ 3324975.966993854846805, 8335156.306812764145434 ], [ 3324996.126953628379852, 8335138.562709987163544 ], [ 3324994.512821004725993, 8335061.936924804933369 ], [ 3324998.998996480368078, 8335030.642405889928341 ], [ 3324989.369860527571291, 8334996.258313006721437 ], [ 3324955.80703406734392, 8334966.795819037593901 ], [ 3324945.665828456636518, 8334931.485119649209082 ], [ 3324946.545252431184053, 8334894.431135984137654 ], [ 3324959.235674374271184, 8334871.832490318454802 ], [ 3324976.156236965209246, 8334856.29596153832972 ], [ 3325000.256906708236784, 8334852.102869874797761 ], [ 3325024.057013826910406, 8334844.577379762195051 ], [ 3325029.890155142638832, 8334832.064338395372033 ], [ 3325032.361447834409773, 8334813.923776381649077 ], [ 3325023.834374840371311, 8334764.688485288061202 ], [ 3325006.090048013720661, 8334728.40773674659431 ], [ 3324983.503323343582451, 8334755.816898932680488 ], [ 3324956.897965053562075, 8334721.147194728255272 ], [ 3324956.897965053562075, 8334692.105097980238497 ], [ 3324998.019384927116334, 8334641.303771688602865 ], [ 3324968.987261738162488, 8334588.075302455574274 ], [ 3324960.927730600815266, 8334516.310162552632391 ], [ 3324985.930088219232857, 8334474.381282948888838 ], [ 3325036.73630378767848, 8334440.507335594855249 ], [ 3325090.759652643464506, 8334417.115645032376051 ], [ 3325076.243591047823429, 8334375.187328468076885 ], [ 3325067.738781952299178, 8334333.546125405468047 ], [ 3325084.314254119060934, 8334299.363882422447205 ], [ 3325075.442090704105794, 8334262.268935208208859 ], [ 3325028.665640690829605, 8334226.785067230463028 ], [ 3325013.348078761249781, 8334173.559584846720099 ], [ 3325024.936437745578587, 8334140.966889649629593 ], [ 3325043.638112186454237, 8334117.024480048567057 ], [ 3325058.510396147612482, 8334092.111216410063207 ], [ 3325062.540161708835512, 8334047.757429759018123 ], [ 3325059.534535456914455, 8334033.458355299197137 ], [ 3325047.990704267285764, 8334023.749122998677194 ], [ 3325027.94206398492679, 8334012.252525796182454 ], [ 3325019.515178533270955, 8334000.711813765577972 ], [ 3325016.821246854960918, 8333987.979538630694151 ], [ 3325002.104810179211199, 8333972.113874671049416 ], [ 3324996.98411360476166, 8333960.507026660256088 ], [ 3324991.629646097309887, 8333944.332495106384158 ], [ 3324976.70170238846913, 8333934.755776887759566 ], [ 3324960.894334703218192, 8333930.982465052045882 ], [ 3324940.700979083310813, 8333923.612376146018505 ], [ 3324924.470597330480814, 8333913.484032433480024 ], [ 3324910.767168019432575, 8333900.045793912373483 ], [ 3324899.189940979704261, 8333888.593521262519062 ], [ 3324891.787194846663624, 8333877.36192621011287 ], [ 3324890.941166715230793, 8333867.586701205000281 ], [ 3324892.700014669448137, 8333859.025115208700299 ], [ 3324920.429699812084436, 8333835.260146281681955 ], [ 3324936.994040030520409, 8333800.68302534148097 ], [ 3324930.047703806310892, 8333781.397579567506909 ], [ 3324913.783926208037883, 8333772.063794948160648 ], [ 3324896.440349549986422, 8333768.687748098745942 ], [ 3324877.49377222545445, 8333753.528654775582254 ], [ 3324852.335567316040397, 8333726.255604516714811 ], [ 3324835.526324211619794, 8333711.626170022413135 ], [ 3324820.854415329638869, 8333702.204211703501642 ], [ 3324806.727971953805536, 8333695.51837972830981 ], [ 3324788.905721488408744, 8333690.59778777975589 ], [ 3324768.189164259470999, 8333678.528008853085339 ], [ 3324736.808199816383421, 8333645.076951304450631 ], [ 3324717.060122156981379, 8333621.290605438873172 ], [ 3324698.336183814331889, 8333597.879443714395165 ], [ 3324704.458755802363157, 8333580.955492698587477 ], [ 3324722.459117452614009, 8333569.790560590103269 ], [ 3324723.182694142218679, 8333556.463272409513593 ], [ 3324700.562573619652539, 8333528.506936422549188 ], [ 3324657.248159770853817, 8333497.52782107423991 ], [ 3324622.38289527175948, 8333490.003710821270943 ], [ 3324579.502627436537296, 8333493.798862252384424 ], [ 3324568.69350488577038, 8333483.009163573384285 ], [ 3324566.533906758762896, 8333403.77486533857882 ], [ 3324576.619452618528157, 8333389.741811713203788 ], [ 3324596.42319002142176, 8333388.660649880766869 ], [ 3324615.147128363139927, 8333384.689036359079182 ], [ 3324628.472071405500174, 8333373.524400872178376 ], [ 3324636.030664823018014, 8333347.598681977950037 ], [ 3324628.115849028341472, 8333308.346213519573212 ], [ 3324633.158621955662966, 8333271.256242455914617 ], [ 3324622.705721773672849, 8333259.385725907050073 ], [ 3324599.306364820338786, 8333256.142298128455877 ], [ 3324557.528159943874925, 8333252.170755847357213 ], [ 3324546.006592650897801, 8333239.572155288420618 ], [ 3324551.405587952584028, 8333223.73016266617924 ], [ 3324565.097885309718549, 8333209.697451053187251 ], [ 3324605.428936805110425, 8333193.127412389032543 ], [ 3324617.674080785363913, 8333178.36665026191622 ], [ 3324625.588896569330245, 8333110.299840264953673 ], [ 3324616.226927398703992, 8333093.023987962864339 ], [ 3324557.895514245145023, 8333046.205086859874427 ], [ 3324518.187851894646883, 8332997.753793813288212 ], [ 3324480.283565293531865, 8332975.99935485329479 ], [ 3324440.765146079938859, 8332955.833532555960119 ], [ 3324427.061716766562313, 8332927.592648558318615 ], [ 3324424.634951865766197, 8332872.765928103588521 ], [ 3324467.381636305246502, 8332803.400229842402041 ], [ 3324524.633250386454165, 8332752.611890515312552 ], [ 3324557.706271080765873, 8332687.284744174219668 ], [ 3324568.181435156613588, 8332659.861193633638322 ], [ 3324637.544609832577407, 8332605.830698843114078 ], [ 3324628.672446415759623, 8332548.579544099979103 ], [ 3324660.921702882274985, 8332537.28380027692765 ], [ 3324695.608856198377907, 8332538.894325194880366 ], [ 3324748.018072433769703, 8332479.216889753937721 ], [ 3324805.280818465165794, 8332424.371435194276273 ], [ 3324814.152981874998659, 8332384.064918641000986 ], [ 3324783.506726070772856, 8332358.25297920871526 ], [ 3324746.415071754716337, 8332331.624859278090298 ], [ 3324727.056612309534103, 8332296.150263695977628 ], [ 3324719.798581509850919, 8332254.211922354064882 ], [ 3324721.412714122794569, 8332206.626202112995088 ], [ 3324718.985949221998453, 8332173.578904985450208 ], [ 3324760.118501049466431, 8332158.246597708202899 ], [ 3324774.923993312753737, 8332117.456197028979659 ], [ 3324769.606655172072351, 8332048.665793770924211 ], [ 3323917.621386499144137, 8332351.805934677831829 ], [ 3323062.970697904005647, 8333105.096950687468052 ], [ 3322333.733585933223367, 8334049.929183971136808 ], [ 3321946.697841120883822, 8334711.719105331227183 ] ] ], [ [ [ 3344583.258894380182028, 8369410.147028760053217 ], [ 3344568.030388047453016, 8369407.020711335353553 ], [ 3344553.692437638994306, 8369410.102683830074966 ], [ 3344544.519711601547897, 8369429.237549088895321 ], [ 3344559.458787266165018, 8369502.008138970471919 ], [ 3344560.828017007093877, 8369529.236320023424923 ], [ 3344569.967347212601453, 8369711.188781312666833 ], [ 3344580.93231705063954, 8369721.055939282290637 ], [ 3344590.91767537035048, 8369724.559337865561247 ], [ 3344601.593214532360435, 8369723.073719275183976 ], [ 3344609.229731596074998, 8369712.630050744861364 ], [ 3344597.541185055393726, 8369555.289437536150217 ], [ 3344791.982939526904374, 8369510.566823473200202 ], [ 3344801.445096243172884, 8369513.227556433528662 ], [ 3344810.128016518894583, 8369509.147766282781959 ], [ 3344816.840581810101867, 8369501.365129380486906 ], [ 3344816.796054013539106, 8369489.680103071033955 ], [ 3344809.526891266461462, 8369481.498378407210112 ], [ 3344797.582309910561889, 8369480.323226286098361 ], [ 3344788.955049376934767, 8369486.442888434976339 ], [ 3344610.84386419551447, 8369522.030154829844832 ], [ 3344600.903033672366291, 8369515.755253650248051 ], [ 3344592.264641189947724, 8369506.08792517054826 ], [ 3344589.61523730866611, 8369490.079211832024157 ], [ 3344589.336938576307148, 8369427.885025114752352 ], [ 3344583.258894380182028, 8369410.147028760053217 ] ] ] ] } }
]
}
