{
"type": "FeatureCollection",
"name": "belletazh",
"crs": { "type": "name", "properties": { "name": "urn:ogc:def:crs:EPSG::3857" } },
"features": [
{ "type": "Feature", "properties": { "type": "Бельэтаж", "fid": 1, "type_2": "Бельэтаж_ядро" }, "geometry": { "type": "MultiPolygon", "coordinates": [ [ [ [ 3394732.652988420799375, 8392921.020224010571837 ], [ 3394843.990405827760696, 8392673.161925734952092 ], [ 3394568.05831349035725, 8392495.639181016013026 ], [ 3394896.280260841362178, 8391937.086042542010546 ], [ 3394781.189692690502852, 8391793.639827165752649 ], [ 3393988.680167839862406, 8391262.920235449448228 ], [ 3395880.707411852665246, 8387616.900439437478781 ], [ 3395848.506056200712919, 8387615.150365760549903 ], [ 3395472.183569182176143, 8383456.7868842035532 ], [ 3395482.072740943171084, 8383453.250548374839127 ], [ 3395491.592374875675887, 8383205.740066139027476 ], [ 3395313.099238647613674, 8381377.970351167954504 ], [ 3394913.274613498244435, 8381185.197764042764902 ], [ 3395236.94216719083488, 8380411.72750705294311 ], [ 3395160.785095733590424, 8379916.706542581319809 ], [ 3394051.747742639388889, 8379321.72942182328552 ], [ 3394350.962204652838409, 8378769.333491953089833 ], [ 3394537.158658068161458, 8378473.410773356445134 ], [ 3394882.335803219117224, 8378610.136785397306085 ], [ 3395056.069122480694205, 8378507.800720626488328 ], [ 3394996.571410404518247, 8377993.740488288924098 ], [ 3394972.772325574420393, 8377775.978862093761563 ], [ 3394972.488518552854657, 8377775.927922371774912 ], [ 3394837.727799572050571, 8376663.560934997163713 ], [ 3394838.307496282272041, 8376663.371646275743842 ], [ 3394566.997929216362536, 8373740.844029108062387 ], [ 3394840.687404764350504, 8373543.311625014990568 ], [ 3395590.358576920349151, 8373809.861375114880502 ], [ 3396549.013995769899338, 8371405.305722529999912 ], [ 3396708.212648960761726, 8370853.934777333401144 ], [ 3397197.457290474325418, 8369654.120537431910634 ], [ 3397224.637548335827887, 8369261.948245425708592 ], [ 3396611.140299454797059, 8369053.728055734187365 ], [ 3396412.141982967033982, 8369190.114706791006029 ], [ 3396214.114389973692596, 8369094.98380427621305 ], [ 3396145.678383570630103, 8369050.573204378597438 ], [ 3396188.875579102430493, 8368928.990086622536182 ], [ 3396081.125271150376648, 8368580.50035189371556 ], [ 3395826.795715442858636, 8368483.428002387285233 ], [ 3395573.436883230693638, 8368566.91022296063602 ], [ 3395359.877714316360652, 8368489.252343355678022 ], [ 3395180.293867728672922, 8368446.540509574115276 ], [ 3394210.011656759306788, 8368264.674609638750553 ], [ 3394229.050924623385072, 8367864.849984489381313 ], [ 3394143.374219234101474, 8367350.789752154611051 ], [ 3393898.243645481299609, 8366504.732286435551941 ], [ 3393960.121266040019691, 8365581.327795017510653 ], [ 3394279.029002766590565, 8365072.027379648759961 ], [ 3394840.68740476295352, 8364843.556165277957916 ], [ 3395507.061780012678355, 8364834.036531345918775 ], [ 3395830.729333705734462, 8364596.045683043077588 ], [ 3396040.161280212458223, 8364262.85849541798234 ], [ 3396987.364856460131705, 8363672.641191625967622 ], [ 3397472.994609524961561, 8363056.932040419429541 ], [ 3397454.213654884137213, 8362556.675703181885183 ], [ 3397425.091950031928718, 8362013.070545945316553 ], [ 3397460.037995854392648, 8361983.948841093108058 ], [ 3397644.4754599169828, 8361923.763984398916364 ], [ 3397972.580001248978078, 8361985.890288083814085 ], [ 3398094.891161628533155, 8361947.061348281800747 ], [ 3398292.918754621874541, 8361636.429829861037433 ], [ 3398678.453349671326578, 8360582.695875938050449 ], [ 3398627.23525197757408, 8360527.951288569718599 ], [ 3398594.741092626005411, 8360481.400992176495492 ], [ 3398581.405017631594092, 8360434.186624286696315 ], [ 3398134.480745284352452, 8360552.581170364283025 ], [ 3397796.533740693703294, 8360562.100804296322167 ], [ 3396178.195972229819745, 8361899.609371761791408 ], [ 3392341.783497577998787, 8364688.862113879062235 ], [ 3390799.602800571359694, 8365678.904042821377516 ], [ 3390523.53341653989628, 8365507.550632043741643 ], [ 3389857.159041290171444, 8363736.898720665834844 ], [ 3389247.90246963314712, 8363460.829336633905768 ], [ 3388667.20479977177456, 8362480.307041624560952 ], [ 3386877.513620529323816, 8361433.147309089079499 ], [ 3384583.281842884607613, 8360666.816777553409338 ], [ 3384570.74195110751316, 8360668.854509967379272 ], [ 3381895.263059422373772, 8359588.372649863362312 ], [ 3381898.745074023026973, 8359576.81869232468307 ], [ 3380599.31504228617996, 8359191.27351807244122 ], [ 3377124.648657055571675, 8359200.793152004480362 ], [ 3375844.257893182802945, 8359253.151138633489609 ], [ 3375813.212186268996447, 8359257.807994670234621 ], [ 3374402.319603878073394, 8359394.650419048964977 ], [ 3374307.123264556750655, 8360099.10333002731204 ], [ 3374298.578087796922773, 8360111.532678041607141 ], [ 3374298.507333451416343, 8360109.918192524462938 ], [ 3373936.76124403020367, 8360385.987576556392014 ], [ 3373260.867234848439693, 8360633.498058792203665 ], [ 3372366.021645227447152, 8362489.826675559394062 ], [ 3371433.097519877366722, 8364584.146140629425645 ], [ 3371456.896604706533253, 8364869.735158594325185 ], [ 3371459.253020321950316, 8364873.179150647483766 ], [ 3370672.022526014130563, 8365376.775128623470664 ], [ 3370540.631838738452643, 8365073.217333882115781 ], [ 3369702.904052710160613, 8363769.027485179714859 ], [ 3369721.943320574704558, 8363778.547119111754 ], [ 3369541.07027586363256, 8363283.526154641062021 ], [ 3367837.055802010465413, 8362450.558185580186546 ], [ 3366528.106136342510581, 8361869.860515719279647 ], [ 3366512.288084036204964, 8361894.652270776219666 ], [ 3365211.152201858349144, 8361267.486054186709225 ], [ 3365223.916287641040981, 8361241.564676187932491 ], [ 3364167.236921173520386, 8360917.897122494876385 ], [ 3362158.067329539917409, 8360704.803377927280962 ], [ 3362157.136618533637375, 8360710.096796775236726 ], [ 3361465.137090101838112, 8360558.425667256116867 ], [ 3360032.432183315046132, 8360725.019261068664491 ], [ 3360026.565699226222932, 8360729.702484035864472 ], [ 3358265.063883246853948, 8360917.897122495807707 ], [ 3355190.222123166080564, 8361089.250533275306225 ], [ 3355199.741757098119706, 8363193.089632278308272 ], [ 3353548.085269872099161, 8363183.569998348131776 ], [ 3353546.041977409273386, 8363183.892688121646643 ], [ 3353540.163596162106842, 8363594.310578851029277 ], [ 3353537.491604685783386, 8363711.343805503100157 ], [ 3353437.024725184310228, 8363822.498650909401476 ], [ 3353384.337702385149896, 8364019.556010268628597 ], [ 3353427.049536168575287, 8364225.34939122479409 ], [ 3353463.937028981279582, 8364384.548044415190816 ], [ 3353473.644263931550086, 8364662.174964004196227 ], [ 3353471.70281694130972, 8364662.174964004196227 ], [ 3353428.990983158815652, 8364792.25191234331578 ], [ 3353298.914034819696099, 8365034.932786109857261 ], [ 3353229.021943174768239, 8365165.009734448045492 ], [ 3353180.485768421087414, 8365335.85706957988441 ], [ 3353178.544321430847049, 8365512.528745681978762 ], [ 3353200.603021935094148, 8365603.214514422230422 ], [ 3353981.228613785468042, 8365377.845619703643024 ], [ 3354233.498912986833602, 8365335.007267007604241 ], [ 3354308.481552010402083, 8365342.505530909635127 ], [ 3354348.829883634578437, 8365533.487633930519223 ], [ 3356978.394232773222029, 8365255.664805663749576 ], [ 3360781.810169520787895, 8364838.679071068763733 ], [ 3361555.852216620463878, 8365023.808276289142668 ], [ 3363564.797440311405808, 8365496.735538888722658 ], [ 3366038.563903236296028, 8366815.416715239174664 ], [ 3368285.026376671623439, 8368855.168843526393175 ], [ 3369254.460305038839579, 8370045.685131129808724 ], [ 3370115.044879979919642, 8371766.464264684356749 ], [ 3371857.587643770035356, 8373650.677171869203448 ], [ 3375076.283416974358261, 8375618.146031984128058 ], [ 3376792.465630033053458, 8376746.279779362492263 ], [ 3377998.097222722601146, 8379134.483178078196943 ], [ 3380111.776053735520691, 8385462.338265252299607 ], [ 3383725.994113150052726, 8389097.799024736508727 ], [ 3384715.500698320101947, 8392116.852304104715586 ], [ 3384499.046132814139128, 8392217.814452761784196 ], [ 3383416.773305284790695, 8393013.553094822913408 ], [ 3381190.383488652296364, 8393987.899492444470525 ], [ 3380178.789763103239238, 8394874.882477954030037 ], [ 3379306.825493007898331, 8396416.430326472967863 ], [ 3377188.56080271396786, 8398640.412184849381447 ], [ 3376478.163161819335073, 8399144.892415624111891 ], [ 3374480.291957967914641, 8401420.613601183518767 ], [ 3372975.183103701099753, 8402829.269376315176487 ], [ 3372222.98006054898724, 8403347.812089687213302 ], [ 3370305.811051781754941, 8404264.758716391399503 ], [ 3366856.631581835914403, 8406156.891574474051595 ], [ 3364249.900943318847567, 8407063.580492218956351 ], [ 3361649.255907438229769, 8407515.574835814535618 ], [ 3361180.325836771633476, 8408040.859253834933043 ], [ 3361863.692509591113776, 8408769.6003737449646 ], [ 3361937.469672564882785, 8408794.589412819594145 ], [ 3363294.017507894895971, 8408750.561105884611607 ], [ 3365081.328778652939945, 8409434.784794757142663 ], [ 3365250.302280949428678, 8409352.677952092140913 ], [ 3365833.379859292414039, 8409302.699873948469758 ], [ 3366047.571622765623033, 8409277.710834881290793 ], [ 3366271.16355159971863, 8409027.027929954230785 ], [ 3366604.040830664802343, 8409154.194530945271254 ], [ 3367256.564639614894986, 8408964.191444870084524 ], [ 3367316.417248679790646, 8409150.162051606923342 ], [ 3367851.542252907063812, 8409045.669757790863514 ], [ 3368548.855438436381519, 8408843.377536732703447 ], [ 3368384.641753107775003, 8408388.815016474574804 ], [ 3368251.366878057364374, 8408291.238768668845296 ], [ 3368184.729440532624722, 8408124.645174855366349 ], [ 3368141.891087837982923, 8407874.754784137010574 ], [ 3368060.974199415184557, 8407634.384027352556586 ], [ 3368020.906560994219035, 8407594.36298032104969 ], [ 3368193.695343116298318, 8407270.141332970932126 ], [ 3369365.518905242905021, 8407993.468688311055303 ], [ 3369439.296068215742707, 8407997.038551036268473 ], [ 3369507.123459982220083, 8407903.032165955752134 ], [ 3370259.174540620762855, 8407863.76367599144578 ], [ 3370568.562643414828926, 8407778.08697060123086 ], [ 3370958.86763463402167, 8407678.130814315751195 ], [ 3371265.875828945077956, 8407592.45410892739892 ], [ 3371345.602763128001243, 8407378.26234545558691 ], [ 3371403.910520962439477, 8407325.904358832165599 ], [ 3371405.10047520371154, 8407324.714404590427876 ], [ 3371527.665762080345303, 8407298.535411275923252 ], [ 3371689.499538926407695, 8407640.052278591319919 ], [ 3372092.894026800524443, 8407443.709828741848469 ], [ 3372430.841031390242279, 8408205.280543314293027 ], [ 3372097.653843766078353, 8408374.25404560752213 ], [ 3371769.226473107468337, 8408252.87871297262609 ], [ 3371666.89040833665058, 8408362.354503193870187 ], [ 3371783.505924005527049, 8408636.043978743255138 ], [ 3372328.504966620355844, 8409316.697804890573025 ], [ 3372119.07302011270076, 8409978.312363177537918 ], [ 3372004.837412927765399, 8410625.647470561787486 ], [ 3371881.082171809859574, 8410787.481247406452894 ], [ 3371800.165283386595547, 8410763.682162577286363 ], [ 3371700.209127099253237, 8410925.515939423814416 ], [ 3371862.042903945781291, 8411030.231912676244974 ], [ 3371885.841988775879145, 8411134.947885930538177 ], [ 3371795.405466420575976, 8411225.384408285841346 ], [ 3371481.257546660490334, 8411663.287569163367152 ], [ 3371367.021939474157989, 8411969.105809230357409 ], [ 3371476.497729693073779, 8412033.363338273018599 ], [ 3371431.279468515422195, 8412141.649174252524972 ], [ 3371528.85571631975472, 8412283.253728991374373 ], [ 3371558.604572358075529, 8412304.672905338928103 ], [ 3371480.067592417821288, 8412440.327688872814178 ], [ 3371649.041094713844359, 8412517.67471457272768 ], [ 3371788.26574097154662, 8412564.082929987460375 ], [ 3371708.538806790020317, 8412711.637255936861038 ], [ 3371597.873062328435481, 8412982.351845882833004 ], [ 3371608.582650502212346, 8413261.991092639043927 ], [ 3371674.625110906548798, 8413670.74037460051477 ], [ 3371705.563921185210347, 8413781.406119061633945 ], [ 3372139.897219338454306, 8414043.196052195504308 ], [ 3372139.601910264696926, 8414025.329853238537908 ], [ 3372907.422626693733037, 8414310.921705082058907 ], [ 3372907.417705115396529, 8414310.935756543651223 ], [ 3373264.403977570589632, 8414556.066330295056105 ], [ 3373514.294368289876729, 8414653.642578102648258 ], [ 3373771.32448445726186, 8414675.061754450201988 ], [ 3374594.772819587495178, 8414375.193285588175058 ], [ 3378331.229137951508164, 8412911.549568524584174 ], [ 3387703.308744141831994, 8409101.316087188199162 ], [ 3387553.374509710352868, 8405731.365675210952759 ], [ 3387578.363548781722784, 8405118.539240829646587 ], [ 3387585.760717857629061, 8404651.948576048016548 ], [ 3388243.867341208737344, 8402896.997580444440246 ], [ 3388220.1692353351973, 8402869.889046050608158 ], [ 3388406.604820882901549, 8401544.124882163479924 ], [ 3388768.350910304579884, 8399702.07571629434824 ], [ 3389031.245888202916831, 8395450.612057032063603 ], [ 3389908.779927742667496, 8395396.251541309058666 ], [ 3390591.360808307304978, 8395313.524473575875163 ], [ 3392457.209059006068856, 8395199.288866382092237 ], [ 3392471.488509904593229, 8394199.727303506806493 ], [ 3392552.405398327857256, 8394025.993984244763851 ], [ 3393037.906728866975754, 8394371.080714283511043 ], [ 3393394.893001322168857, 8394585.272477757185698 ], [ 3393869.570455782115459, 8394155.802399912849069 ], [ 3393881.890902427490801, 8394120.209998492151499 ], [ 3394001.59612055728212, 8394118.072405310347676 ], [ 3394279.483234072569758, 8394224.952064353972673 ], [ 3394491.104958979878575, 8394257.015962067991495 ], [ 3394730.515395239461213, 8394308.318198408931494 ], [ 3394850.220613368786871, 8394457.949721068143845 ], [ 3395172.603474760893732, 8394552.152505241334438 ], [ 3395172.684638150036335, 8394551.953758994117379 ], [ 3395262.045240686275065, 8394572.080020826309919 ], [ 3395285.567294075619429, 8393973.801706362515688 ], [ 3394732.652988420799375, 8392921.020224010571837 ] ] ] ] } },
{ "type": "Feature", "properties": { "type": "Бельэтаж", "fid": 3, "type_2": "Бальэтаж" }, "geometry": { "type": "MultiPolygon", "coordinates": [ [ [ [ 3292251.687999847345054, 8386172.304771886207163 ], [ 3292220.273639557883143, 8386138.792654962278903 ], [ 3292238.78607086930424, 8386160.615514858625829 ], [ 3292251.687999847345054, 8386172.304771886207163 ] ] ], [ [ [ 3385303.020233265124261, 8422028.75583429262042 ], [ 3386601.747626300435513, 8421837.294847331941128 ], [ 3387467.565888324286789, 8422026.397026376798749 ], [ 3388704.449119786731899, 8421931.862220561131835 ], [ 3389291.968654731754214, 8421048.834337441250682 ], [ 3390003.176512822508812, 8421029.042602259665728 ], [ 3390659.522596267517656, 8421512.829300373792648 ], [ 3392105.878006308805197, 8422380.663649858906865 ], [ 3394270.423661368433386, 8423219.983451250940561 ], [ 3400207.463172388263047, 8424031.541754042729735 ], [ 3401660.800969356670976, 8422980.425981586799026 ], [ 3402389.02979829069227, 8420265.467875113710761 ], [ 3402509.206539807841182, 8420106.314893105998635 ], [ 3402632.631301366258413, 8420034.858452202752233 ], [ 3402752.808042883872986, 8419801.001009250059724 ], [ 3402950.937265384942293, 8419671.080207608640194 ], [ 3403012.649646163918078, 8419547.655446050688624 ], [ 3403207.530848624650389, 8419157.893041130155325 ], [ 3403327.707590141799301, 8418976.003918834030628 ], [ 3403473.868491987232119, 8418768.130636209622025 ], [ 3403646.013554160483181, 8418634.961814528331161 ], [ 3403876.622977072373033, 8418514.785073010250926 ], [ 3404120.224480147939175, 8418355.632091000676155 ], [ 3404230.657161542214453, 8418235.455349484458566 ], [ 3404386.562123510520905, 8418297.167730262503028 ], [ 3404458.018564412370324, 8418368.624171165749431 ], [ 3404412.54628383833915, 8418576.497453790158033 ], [ 3404412.54628383833915, 8418748.642515962943435 ], [ 3404509.986885068938136, 8418794.114796537905931 ], [ 3404620.419566463213414, 8418709.666275471448898 ], [ 3404630.163626586087048, 8418514.785073010250926 ], [ 3404691.876007365062833, 8418391.360311452299356 ], [ 3404886.757209825795144, 8418280.927630057558417 ], [ 3404993.941871178802103, 8418112.030587924644351 ], [ 3404993.941871178802103, 8418001.597906531766057 ], [ 3404984.197811055928469, 8417832.700864398851991 ], [ 3404997.189891220070422, 8417686.53996255248785 ], [ 3405094.630492450203747, 8417550.12312083132565 ], [ 3405081.638412286061794, 8417403.96221898496151 ], [ 3405130.358712901361287, 8417199.336956402286887 ], [ 3405166.086933352518827, 8417111.640415294095874 ], [ 3405276.519614746794105, 8417062.920114679262042 ], [ 3405360.968135812785476, 8416978.471593612805009 ], [ 3405360.968135812785476, 8416894.023072548210621 ], [ 3405273.271594705525786, 8416783.590391153469682 ], [ 3405263.527534582652152, 8416712.133950250223279 ], [ 3405325.239915361627936, 8416552.980968240648508 ], [ 3405458.408737042918801, 8416393.827986232936382 ], [ 3405503.881017616949975, 8416247.667084388434887 ], [ 3405637.04983929824084, 8415955.345280697569251 ], [ 3405676.026079790201038, 8415809.184378851205111 ], [ 3405711.754300241358578, 8415689.007637334987521 ], [ 3405724.746380405500531, 8415445.406134258955717 ], [ 3405734.490440528374165, 8415201.804631182923913 ], [ 3405734.490440528374165, 8415068.635809501633048 ], [ 3405773.466681020334363, 8414883.498667163774371 ], [ 3405818.938961594365537, 8414737.337765319272876 ], [ 3405895.483121449127793, 8414672.012596553191543 ], [ 3405942.00847104145214, 8414633.79443883895874 ], [ 3405984.029730321839452, 8414600.908235926181078 ], [ 3406045.234607969410717, 8414584.465134467929602 ], [ 3406125.623103984631598, 8414584.465134467929602 ], [ 3406207.511266297660768, 8414601.014866888523102 ], [ 3406332.593009213916957, 8414650.664064148440957 ], [ 3406287.100386737845838, 8414366.305485811084509 ], [ 3406229.494396871887147, 8413828.649580400437117 ], [ 3406220.745562552474439, 8413485.074301771819592 ], [ 3406260.853883779607713, 8413335.579649925231934 ], [ 3406313.723943578545004, 8413220.724002776667476 ], [ 3406379.355741949751973, 8413140.507360324263573 ], [ 3406454.10306787211448, 8413011.066869091242552 ], [ 3406537.965921346098185, 8412832.402529083192348 ], [ 3406579.897348083090037, 8412708.431354381144047 ], [ 3406579.897348083090037, 8412639.153344988822937 ], [ 3406572.479736298322678, 8412575.518221501260996 ], [ 3406557.644512729719281, 8412517.525983912870288 ], [ 3406588.78439634013921, 8412447.401870030909777 ], [ 3406665.899387129582465, 8412365.145879857242107 ], [ 3406819.473451459314674, 8412187.632117234170437 ], [ 3407049.506589328870177, 8411914.860582165420055 ], [ 3407197.833967845421284, 8411738.878946635872126 ], [ 3407264.455587009899318, 8411659.687210649251938 ], [ 3407358.731463185977191, 8411615.691801765933633 ], [ 3407480.661596373189241, 8411606.892719989642501 ], [ 3407569.909425820223987, 8411623.862377701327205 ], [ 3407626.474951525684446, 8411666.600774900987744 ], [ 3407690.582547325175256, 8411730.079864859580994 ], [ 3407762.232213219627738, 8411814.299647577106953 ], [ 3407849.59452514257282, 8411901.033453658223152 ], [ 3407952.669483094476163, 8411990.281283106654882 ], [ 3408029.975701558869332, 8412027.363127734512091 ], [ 3408081.513180535752326, 8412012.278987547382712 ], [ 3408168.875492458697408, 8411929.316216513514519 ], [ 3408292.062637328635901, 8411778.474814631044865 ], [ 3408395.766101122368127, 8411651.516634713858366 ], [ 3408479.985883839428425, 8411548.441676761955023 ], [ 3408600.030499503947794, 8411430.911084461957216 ], [ 3408755.899948114529252, 8411298.924857813864946 ], [ 3408925.59652523137629, 8411173.852195421233773 ], [ 3409109.120230854488909, 8411055.693097282201052 ], [ 3409246.13450422976166, 8410958.903197741135955 ], [ 3409336.639345359057188, 8410883.482496799901128 ], [ 3409400.118435317650437, 8410791.720643987879157 ], [ 3409436.571774105541408, 8410683.617639306932688 ], [ 3409438.45729162869975, 8410589.341763131320477 ], [ 3409405.774987888056785, 8410508.893015459179878 ], [ 3409334.125321994069964, 8410304.628617078065872 ], [ 3409223.508293947670609, 8409976.548567986115813 ], [ 3409215.966223853640258, 8409634.012884546071291 ], [ 3409311.499111711978912, 8409277.02156675979495 ], [ 3409500.050864064134657, 8408917.516225608065724 ], [ 3409781.621480909641832, 8408555.496861092746258 ], [ 3409987.166105451993644, 8408197.644430970773101 ], [ 3410116.68473768979311, 8407843.958935242146254 ], [ 3410243.657086818944663, 8407614.353235332295299 ], [ 3410368.083152839913964, 8407508.827331239357591 ], [ 3410490.458667689934373, 8407408.663635924458504 ], [ 3410610.783631369937211, 8407313.862149389460683 ], [ 3410747.516544642858207, 8407177.129236117005348 ], [ 3410900.657407508697361, 8406998.464896105229855 ], [ 3410989.989577513653785, 8406847.147138750180602 ], [ 3411015.51305465772748, 8406723.175964049994946 ], [ 3411075.67553649796173, 8406571.858206693083048 ], [ 3411170.477023033890873, 8406393.193866685032845 ], [ 3411259.809193038847297, 8406243.699214838445187 ], [ 3411343.672046513296664, 8406123.374251157045364 ], [ 3411433.004216518253088, 8405986.64133788459003 ], [ 3411527.805703054182231, 8405833.500475021079183 ], [ 3411622.607189590111375, 8405716.821722362190485 ], [ 3411717.408676126040518, 8405636.605079907923937 ], [ 3411826.79500674456358, 8405541.803593371063471 ], [ 3411950.766181444749236, 8405432.417262751609087 ], [ 3412067.444934104569256, 8405302.976771520450711 ], [ 3412176.831264723092318, 8405153.482119675725698 ], [ 3412266.163434728048742, 8405029.510944973677397 ], [ 3412335.44144411990419, 8404931.063247418031096 ], [ 3412437.535352696664631, 8404849.023499455302954 ], [ 3412608.831352045293897, 8404482.229072919115424 ], [ 3413372.980522466823459, 8403836.947551229968667 ], [ 3413661.659097959753126, 8403548.268975736573339 ], [ 3413780.526746691670269, 8403191.66602954082191 ], [ 3413729.583468663971871, 8402104.876098273321986 ], [ 3412778.64227880584076, 8397299.226870955899358 ], [ 3412422.039332609158009, 8395753.94743743725121 ], [ 3412422.039332609158009, 8395108.665915748104453 ], [ 3412288.599820856936276, 8393806.161099433898926 ], [ 3412137.938347169663757, 8393699.517900258302689 ], [ 3412083.245181860402226, 8393644.824734948575497 ], [ 3412015.790277979336679, 8393548.200142901390791 ], [ 3411935.573635525535792, 8393409.644124116748571 ], [ 3411840.772148989606649, 8393252.8570502307266 ], [ 3411731.385818371549249, 8393077.838921243324876 ], [ 3411629.291909794323146, 8392962.983274094760418 ], [ 3411534.490423258394003, 8392908.290108785033226 ], [ 3411465.212413867004216, 8392880.94352613016963 ], [ 3411421.457881619222462, 8392880.94352613016963 ], [ 3411317.54086753167212, 8392853.596943475306034 ], [ 3411153.461371604353189, 8392798.903778165578842 ], [ 3411031.31330241356045, 8392722.333346733823419 ], [ 3410951.096659960225224, 8392623.885649178177118 ], [ 3410849.002751382999122, 8392534.553479172289371 ], [ 3410725.031576682347804, 8392454.336836718022823 ], [ 3410622.937668105587363, 8392406.93609344959259 ], [ 3410542.721025651320815, 8392392.351249368861318 ], [ 3410420.572956460993737, 8392350.419822631403804 ], [ 3410256.493460533209145, 8392281.141813239082694 ], [ 3410050.482537868898362, 8392179.047904662787914 ], [ 3409802.540188467130065, 8392044.138096898794174 ], [ 3409638.460692539811134, 8391914.697605667635798 ], [ 3409558.244050086475909, 8391790.726430967450142 ], [ 3409483.496724163647741, 8391701.394260961562395 ], [ 3409414.218714771792293, 8391646.701095653697848 ], [ 3409250.139218844473362, 8391539.137870546430349 ], [ 3408991.258236381225288, 8391378.704585637897253 ], [ 3408847.232901067472994, 8391216.448195219039917 ], [ 3408818.063212902285159, 8391052.368699293583632 ], [ 3408790.716630247887224, 8390908.343363977968693 ], [ 3408765.193153102882206, 8390784.372189277783036 ], [ 3408730.554148407187313, 8390660.40101457759738 ], [ 3408686.799616160336882, 8390536.429839875549078 ], [ 3408644.868189423345029, 8390439.805247828364372 ], [ 3408604.759868196211755, 8390370.527238436043262 ], [ 3408550.066702887415886, 8390288.48749047331512 ], [ 3408480.788693496026099, 8390193.686003938317299 ], [ 3408413.33378961449489, 8390074.272593013942242 ], [ 3408347.701991243287921, 8389930.247257700189948 ], [ 3408283.893298382870853, 8389830.888007389381528 ], [ 3408221.907711031846702, 8389776.194842081516981 ], [ 3408147.160385109484196, 8389735.174968099221587 ], [ 3408059.651320614852011, 8389707.828385444357991 ], [ 3407961.203623058274388, 8389670.454722482711077 ], [ 3407851.817292440216988, 8389623.053979214280844 ], [ 3407766.131333455443382, 8389558.333733597770333 ], [ 3407704.145746105350554, 8389476.293985635042191 ], [ 3407669.506741409189999, 8389404.281317979097366 ], [ 3407662.21431936789304, 8389342.295730628073215 ], [ 3407688.649349267594516, 8389256.609771642833948 ], [ 3407748.811831107363105, 8389147.223441023379564 ], [ 3407806.239654682576656, 8389024.163819078356028 ], [ 3407860.932819991372526, 8388887.430905807763338 ], [ 3407865.490583767183125, 8388770.752153147011995 ], [ 3407819.912946010008454, 8388674.127561101689935 ], [ 3407766.131333455443382, 8388592.087813137099147 ], [ 3407704.145746105350554, 8388524.632909256033599 ], [ 3407665.860530389007181, 8388449.885583333671093 ], [ 3407651.275686305947602, 8388367.845835368148983 ], [ 3407638.513947733677924, 8388132.665224538184702 ], [ 3407627.575314671732485, 8387744.343750841915607 ], [ 3407614.813576099462807, 8387528.305747870355844 ], [ 3407600.228732016868889, 8387484.551215623505414 ], [ 3407578.351465893443674, 8387375.164885004982352 ], [ 3407549.181777727790177, 8387200.146756015717983 ], [ 3407561.943516300059855, 8387008.720677433535457 ], [ 3407616.636681609787047, 8386800.886649258434772 ], [ 3407664.037424877751619, 8386629.514731289818883 ], [ 3407704.14574610395357, 8386494.604923526756465 ], [ 3407711.438168145250529, 8386365.16443229559809 ], [ 3407685.914691001176834, 8386241.193257594481111 ], [ 3407660.391213856637478, 8386117.222082893364131 ], [ 3407634.867736712563783, 8385993.250908193178475 ], [ 3407607.521154058165848, 8385863.810416961088777 ], [ 3407578.351465892978013, 8385728.900609198026359 ], [ 3407576.528360382653773, 8385552.05937469843775 ], [ 3407602.051837527193129, 8385333.28671346232295 ], [ 3407716.907484676223248, 8385045.236042833887041 ], [ 3407921.095301830675453, 8384687.907362813130021 ], [ 3408112.52138041285798, 8384394.387375653721392 ], [ 3408291.185720422770828, 8384164.676081355661154 ], [ 3408427.918633695691824, 8383973.250002773478627 ], [ 3408522.720120231620967, 8383820.109139907173812 ], [ 3408666.745455545838922, 8383656.029643979854882 ], [ 3408859.994639638345689, 8383481.011514990590513 ], [ 3409011.312396993860602, 8383338.809285187162459 ], [ 3409120.698727611918002, 8383229.422954568639398 ], [ 3409215.500214147847146, 8383132.798362522386014 ], [ 3409295.716856601648033, 8383048.935509048402309 ], [ 3409397.810765178874135, 8382924.96433434728533 ], [ 3409521.781939879525453, 8382760.8848384199664 ], [ 3409618.406531925778836, 8382589.51292045135051 ], [ 3409687.684541317634284, 8382410.848580441437662 ], [ 3409777.016711322590709, 8382246.769084514118731 ], [ 3409886.403041940648109, 8382097.274432668462396 ], [ 3409981.204528476577252, 8381955.072202865034342 ], [ 3410061.421170930378139, 8381820.162395102903247 ], [ 3410128.876074811443686, 8381676.137059788219631 ], [ 3410183.569240120705217, 8381522.996196921914816 ], [ 3410230.969983388669789, 8381391.7326001804322 ], [ 3410271.078304615803063, 8381282.346269560977817 ], [ 3410325.771469924598932, 8381145.613356288522482 ], [ 3410395.049479315988719, 8380981.533860361203551 ], [ 3410491.674071362242103, 8380804.692625861614943 ], [ 3410615.645246063359082, 8380615.089652789756656 ], [ 3410725.031576681416482, 8380438.248418290168047 ], [ 3410819.833063217345625, 8380274.168922362849116 ], [ 3410929.219393835868686, 8380035.342100512236357 ], [ 3411053.190568536520004, 8379721.767952740192413 ], [ 3411149.815160582773387, 8379468.356286806985736 ], [ 3411219.093169974628836, 8379275.10710271447897 ], [ 3411295.663601407315582, 8379171.190088626928627 ], [ 3411379.526454881299287, 8379156.60524454433471 ], [ 3411474.327941417228431, 8379149.312822503037751 ], [ 3411580.068061015103012, 8379149.312822503037751 ], [ 3411673.046442040707916, 8379149.312822503037751 ], [ 3411753.263084494043142, 8379149.312822503037751 ], [ 3411828.010410416405648, 8379101.91207923553884 ], [ 3411897.288419808261096, 8379007.110592698678374 ], [ 3411946.512268586549908, 8378905.016684121452272 ], [ 3411975.681956751272082, 8378795.630353503860533 ], [ 3411990.266800833866, 8378666.189862271770835 ], [ 3411990.266800833866, 8378516.695210427045822 ], [ 3411970.212640220299363, 8378387.254719195887446 ], [ 3411930.10431899363175, 8378277.868388576433063 ], [ 3411889.995997766964138, 8378168.482057957910001 ], [ 3411849.887676539830863, 8378059.095727340318263 ], [ 3411828.010410416405648, 8377915.070392025634646 ], [ 3411824.36419939622283, 8377736.406052015721798 ], [ 3411842.595254499465227, 8377557.741712005808949 ], [ 3411882.703575725667179, 8377379.077371995896101 ], [ 3411944.689163075760007, 8377092.849806877784431 ], [ 3412028.552016550675035, 8376699.059016651473939 ], [ 3412083.245181859470904, 8376432.885612146928906 ], [ 3412108.76865900401026, 8376294.329593363218009 ], [ 3412143.407663699705154, 8376143.011836008168757 ], [ 3412187.162195946555585, 8375978.932340080849826 ], [ 3412236.386044724844396, 8375787.5062614986673 ], [ 3412291.079210034571588, 8375568.733600261621177 ], [ 3412323.895109219942242, 8375384.59994372073561 ], [ 3412334.83374228188768, 8375235.105291875079274 ], [ 3412307.487159627489746, 8375003.570892065763474 ], [ 3412241.855361256282777, 8374689.99674429371953 ], [ 3412209.039462070912123, 8374443.877500401809812 ], [ 3412209.039462070912123, 8374265.213160393759608 ], [ 3412261.909521869849414, 8374081.079503852874041 ], [ 3412367.649641467723995, 8373891.476530779153109 ], [ 3412447.866283921059221, 8373741.981878934428096 ], [ 3412502.559449230320752, 8373632.595548316836357 ], [ 3412551.783298008609563, 8373503.155057084746659 ], [ 3412595.537830255459994, 8373353.660405239090323 ], [ 3412664.815839647315443, 8373127.595321960747242 ], [ 3412759.617326183244586, 8372824.95980725158006 ], [ 3412874.472973332740366, 8372598.894723973236978 ], [ 3413009.382781095337123, 8372449.400072127580643 ], [ 3413118.769111713394523, 8372332.721319468691945 ], [ 3413202.63196518830955, 8372248.858465993776917 ], [ 3413264.617552538402379, 8372166.818718030117452 ], [ 3413304.72587376460433, 8372086.602075577713549 ], [ 3413326.603139888495207, 8371957.161584345623851 ], [ 3413330.249350909143686, 8371778.49724433477968 ], [ 3413344.834194991737604, 8371627.179486979730427 ], [ 3413370.357672135811299, 8371503.208312278613448 ], [ 3413430.520153976045549, 8371359.182976964861155 ], [ 3413525.321640511974692, 8371195.103481037542224 ], [ 3413585.484122351743281, 8371045.608829191885889 ], [ 3413611.007599496748298, 8370910.699021428823471 ], [ 3413638.354182151146233, 8370761.204369584098458 ], [ 3413667.523870316334069, 8370597.124873656779528 ], [ 3413694.870452970732003, 8370480.44612099789083 ], [ 3413720.393930114805698, 8370411.16811160556972 ], [ 3413733.155668687075377, 8370314.543519559316337 ], [ 3413733.155668687075377, 8370190.572344858199358 ], [ 3413744.094301749020815, 8369993.676949745975435 ], [ 3413765.971567871980369, 8369723.8573342198506 ], [ 3413776.910200933925807, 8369521.492622576653957 ], [ 3413776.910200933925807, 8369386.58281481359154 ], [ 3413818.84162767091766, 8369237.088162967935205 ], [ 3413902.704481145367026, 8369073.008667040616274 ], [ 3413944.635907882358879, 8368896.167432541027665 ], [ 3413944.635907882358879, 8368706.564459469169378 ], [ 3413962.866962985135615, 8368495.084220273420215 ], [ 3413999.329073191620409, 8368261.726714954711497 ], [ 3414052.199132990092039, 8368103.116535558365285 ], [ 3414121.477142381481826, 8368019.25368208438158 ], [ 3414210.809312386438251, 8367971.852938815951347 ], [ 3414320.195643005892634, 8367960.914305754005909 ], [ 3414491.739803463220596, 8367801.138832551427186 ], [ 3414681.585976813919842, 8367540.923274494707584 ], [ 3414946.915549877099693, 8367127.009140517562628 ], [ 3415373.565503362566233, 8366452.010706645436585 ], [ 3415961.535837270319462, 8365515.927972878329456 ], [ 3416332.997239558491856, 8364935.386867016553879 ], [ 3416487.949710227549076, 8364710.387389060109854 ], [ 3416868.962977146264166, 8364239.162067299708724 ], [ 3417476.037040314637125, 8363521.71090173535049 ], [ 3418258.228621704969555, 8362595.180032598786056 ], [ 3419215.537721316330135, 8361459.569459890015423 ], [ 3419734.257036654744297, 8360849.84210099093616 ], [ 3419814.386567720212042, 8360765.997955904342234 ], [ 3419876.739017390180379, 8360709.217427269555628 ], [ 3419921.314385664649308, 8360679.500515084713697 ], [ 3419977.829584727063775, 8360653.498216925188899 ], [ 3420046.284614577889442, 8360631.210532788187265 ], [ 3420650.705382015556097, 8360569.919401410967112 ], [ 3421791.091887041460723, 8360469.624822793528438 ], [ 3422214.068975270260125, 8360438.615631169639528 ], [ 3422211.019437718205154, 8360415.961923640221357 ], [ 3422217.51547780027613, 8360403.511180149391294 ], [ 3422227.259537923615426, 8360393.225783352740109 ], [ 3422243.499638128560036, 8360379.151029841974378 ], [ 3422253.785034925211221, 8360359.121572921983898 ], [ 3422363.676379645708948, 8360076.543829354457557 ], [ 3422375.585786462761462, 8360052.183679047040641 ], [ 3422421.599403710570186, 8359840.250371371395886 ], [ 3422422.41140872053802, 8359822.927597819827497 ], [ 3422420.246062026359141, 8359811.830196012742817 ], [ 3422393.179228351451457, 8359707.081549690105021 ], [ 3422384.788509912323207, 8359685.969419423490763 ], [ 3422370.713756401091814, 8359672.97733925934881 ], [ 3422223.740849545691162, 8359589.611491540446877 ], [ 3422129.006931683048606, 8359545.763220986351371 ], [ 3422123.05222827475518, 8359540.62052258849144 ], [ 3422114.932178172282875, 8359527.628442424349487 ], [ 3422110.872153121046722, 8359517.343045627698302 ], [ 3422104.917449712287635, 8359484.862845217809081 ], [ 3422086.512002813164145, 8359458.608016553334892 ], [ 3422052.949129056185484, 8359433.165192898362875 ], [ 3421999.08613004302606, 8359396.624967437237501 ], [ 3421985.823381542228162, 8359381.467540578916669 ], [ 3421980.13934647012502, 8359367.392787068150938 ], [ 3421979.056673123501241, 8359341.679295076988637 ], [ 3421985.011376531794667, 8359318.4018181161955 ], [ 3422012.348878543823957, 8359282.944266001693904 ], [ 3422070.271902608219534, 8359263.726814092136919 ], [ 3422081.639972751960158, 8359257.50144234765321 ], [ 3422086.512002813164145, 8359250.734733928926289 ], [ 3422096.526731273159385, 8359199.849086618982255 ], [ 3422092.737374558579177, 8359192.541041526943445 ], [ 3422068.106555914506316, 8359154.91814271826297 ], [ 3422067.294550904072821, 8359149.775444320403039 ], [ 3422086.782671150285751, 8359058.560214835219085 ], [ 3422157.427107042167336, 8358976.547708800062537 ], [ 3422209.395427698269486, 8358885.061810977756977 ], [ 3422213.455452749505639, 8358775.982471268624067 ], [ 3422189.095302442088723, 8358689.909940182231367 ], [ 3422197.215352544561028, 8358572.981218705885112 ], [ 3422314.279408188536763, 8358384.325387990102172 ], [ 3422357.315673732198775, 8358258.46461140178144 ], [ 3422358.939683752600104, 8358251.29190047737211 ], [ 3422342.56424937909469, 8358168.061386927030981 ], [ 3422341.075573526788503, 8358163.05402269680053 ], [ 3422326.324149174150079, 8358144.242573292925954 ], [ 3422321.722787449136376, 8358126.513797235675156 ], [ 3422320.77544827060774, 8358121.371098836883903 ], [ 3422324.970807490404695, 8358088.349561753682792 ], [ 3422334.072030314709991, 8358058.406877002678812 ], [ 3422333.801361978054047, 8358052.316839425824583 ], [ 3422316.580089051742107, 8357991.619464907795191 ], [ 3422316.78309030411765, 8357983.770083142444491 ], [ 3422341.616910201031715, 8357918.065344396978617 ], [ 3422356.740503516979516, 8357800.426118535920978 ], [ 3422356.199166843667626, 8357798.125437673181295 ], [ 3422332.854022798594087, 8357722.744305888190866 ], [ 3422330.147339431103319, 8357703.526853978633881 ], [ 3422335.899041587952524, 8357668.915140417404473 ], [ 3422334.342698651365936, 8357661.810096577741206 ], [ 3422328.793997748289257, 8357656.261395674198866 ], [ 3422281.291704648640007, 8357639.750627132132649 ], [ 3422269.855967420618981, 8357620.465508138760924 ], [ 3422269.652966168243438, 8357577.632243848405778 ], [ 3422281.833041321951896, 8357555.031437729485333 ], [ 3422297.058135264087468, 8357546.911387627013028 ], [ 3422309.170543333515525, 8357545.625713027082384 ], [ 3422321.891955161001533, 8357552.730756866745651 ], [ 3422334.54569990420714, 8357551.986418941058218 ], [ 3422345.237099205609411, 8357544.137037175707519 ], [ 3422346.725775057915598, 8357527.084931960329413 ], [ 3422343.680756269488484, 8357515.649194732308388 ], [ 3422346.455106721259654, 8357505.296130851842463 ], [ 3422349.567792593501508, 8357499.409094527363777 ], [ 3422354.10148723423481, 8357497.446749085560441 ], [ 3422361.206531073898077, 8357497.717417422682047 ], [ 3422364.522218198981136, 8357500.694769126363099 ], [ 3422386.040350970812142, 8357512.874844281002879 ], [ 3422414.054523824714124, 8357510.100493829697371 ], [ 3422439.091344974003732, 8357513.95751762855798 ], [ 3422454.113437663763762, 8357526.340594034641981 ], [ 3422461.962819429580122, 8357528.844276149757206 ], [ 3422470.827207458205521, 8357528.370606560260057 ], [ 3422485.104962221812457, 8357513.348513870500028 ], [ 3422490.653663124889135, 8357498.664756601676345 ], [ 3422487.337975999806076, 8357484.92833851184696 ], [ 3422486.052301400341094, 8357467.740899127908051 ], [ 3422489.164987273048609, 8357453.73381270095706 ], [ 3422487.811645589303225, 8357438.373384591192007 ], [ 3422475.902238772250712, 8357421.591947712935507 ], [ 3422446.940726739820093, 8357395.269451963715255 ], [ 3422419.467890559695661, 8357366.172605762258172 ], [ 3422410.806503783911467, 8357351.150513072498143 ], [ 3422411.347840457223356, 8357340.188445433974266 ], [ 3422418.452884296886623, 8357330.309051142074168 ], [ 3422476.375908361747861, 8357300.941536604426801 ], [ 3422492.683675650972873, 8357285.445774325169623 ], [ 3422497.758706965018064, 8357278.814400075003505 ], [ 3422499.247382817324251, 8357269.408675372600555 ], [ 3422503.036739531438798, 8357262.032963195815682 ], [ 3422507.841102508828044, 8357258.108272311277688 ], [ 3422520.291845999192446, 8357259.664615248329937 ], [ 3422527.667558175977319, 8357258.852610237896442 ], [ 3422531.186246553435922, 8357256.348928122781217 ], [ 3422533.419260331895202, 8357251.476898061111569 ], [ 3422531.659916142933071, 8357238.552484981715679 ], [ 3422528.344229017850012, 8357231.988777815364301 ], [ 3422522.254191440995783, 8357226.91374650131911 ], [ 3422463.925164870917797, 8357216.493015536107123 ], [ 3422456.346451442223042, 8357209.590972949750721 ], [ 3422454.857775590382516, 8357197.004895291291177 ], [ 3422460.947813167236745, 8357179.817455907352269 ], [ 3422477.187913372181356, 8357160.464669830165803 ], [ 3422504.119412878993899, 8357139.623207899741828 ], [ 3422555.275728524662554, 8357125.413120220415294 ], [ 3422577.199863801710308, 8357123.924444368109107 ], [ 3422591.003948975820094, 8357117.293070117942989 ], [ 3422602.642687456216663, 8357108.767017509788275 ], [ 3422622.942812712397426, 8357083.324193855747581 ], [ 3422629.574186963029206, 8357068.031432828865945 ], [ 3422638.506242075935006, 8357050.843993444927037 ], [ 3422651.227653902955353, 8357034.603893239982426 ], [ 3422668.144424949772656, 8357024.859833117574453 ], [ 3422720.383413942996413, 8357020.935142233967781 ], [ 3422730.398142402525991, 8357028.513855663128197 ], [ 3422738.653526673559099, 8357051.926666792482138 ], [ 3422749.209591806866229, 8357064.512744450941682 ], [ 3422770.051053736358881, 8357076.69281960465014 ], [ 3422806.591279197484255, 8357090.361570610664785 ], [ 3422835.011454556602985, 8357088.872894758358598 ], [ 3422882.649081824347377, 8357075.204143752343953 ], [ 3422920.27198063256219, 8357070.061445356346667 ], [ 3422996.329783259890974, 8357077.098822111263871 ], [ 3423000.795810815878212, 8357078.181495458818972 ], [ 3423004.043830857146531, 8357083.730196361429989 ], [ 3423035.441357919946313, 8357143.683232951909304 ], [ 3423048.027435578871518, 8357151.26194638106972 ], [ 3423064.402869952376932, 8357152.209285559132695 ], [ 3423095.935731184203178, 8357125.954456893727183 ], [ 3423139.987002990208566, 8357046.107297552749515 ], [ 3423156.768439868465066, 8356952.320718868635595 ], [ 3423145.129701388534158, 8356916.186495914123952 ], [ 3423145.535703893750906, 8356904.547757433727384 ], [ 3423151.084404796827585, 8356893.991692299954593 ], [ 3423177.60990179842338, 8356878.157594600692391 ], [ 3423185.188615227583796, 8356865.030180267989635 ], [ 3423185.053281059022993, 8356846.624733368866146 ], [ 3423192.225991982966661, 8356823.347256408073008 ], [ 3423208.060089683160186, 8356805.48314618319273 ], [ 3423303.335344219580293, 8356791.00239016674459 ], [ 3423427.70744495652616, 8356696.539140640757978 ], [ 3423518.516671936027706, 8356686.795080517418683 ], [ 3423604.56664732657373, 8356702.711882431060076 ], [ 3423631.513183963019401, 8356695.253466039896011 ], [ 3423663.031008064746857, 8356681.780197721906006 ], [ 3423680.353781616780907, 8356664.698018247261643 ], [ 3423705.375565635971725, 8356578.084150486625731 ], [ 3423706.337941944599152, 8356544.641573768109083 ], [ 3423717.886457645799965, 8356508.552462201565504 ], [ 3423716.20229910640046, 8356497.72572873160243 ], [ 3423708.022100484464318, 8356488.82374787889421 ], [ 3423676.504276382736862, 8356483.290084104984999 ], [ 3423667.361701452638954, 8356480.643549256958067 ], [ 3423664.955760681536049, 8356472.463350635021925 ], [ 3423667.60229552956298, 8356460.674240856431425 ], [ 3423677.466652691364288, 8356449.847507386468351 ], [ 3423687.571603930089623, 8356441.907902841456234 ], [ 3423710.909229409415275, 8356442.629685073159635 ], [ 3423719.089428031351417, 8356438.298991684801877 ], [ 3423726.307250344660133, 8356419.292059593833983 ], [ 3423727.029032575897872, 8356405.818791274912655 ], [ 3423730.878537809941918, 8356396.676216345280409 ], [ 3423760.47160929441452, 8356384.165324334986508 ], [ 3423766.967649376485497, 8356386.090076952241361 ], [ 3423773.223095381632447, 8356395.713840036652982 ], [ 3423793.914186012931168, 8356409.427702431567013 ], [ 3423810.274583256803453, 8356400.285127501934767 ], [ 3423817.492405570112169, 8356388.736611800268292 ], [ 3423814.60527664469555, 8356381.278195410035551 ], [ 3423786.696363699622452, 8356356.256411390379071 ], [ 3423783.087452542968094, 8356347.113836459815502 ], [ 3423785.974581468384713, 8356332.678191833198071 ], [ 3423798.72606755560264, 8356328.347498445771635 ], [ 3423813.883494413457811, 8356329.069280676543713 ], [ 3423873.550825537182391, 8356312.949477510526776 ], [ 3423880.768647850491107, 8356308.378190045244992 ], [ 3423883.174588621594012, 8356296.589080266654491 ], [ 3423885.099341238383204, 8356252.560364155098796 ], [ 3423896.888451016973704, 8356197.464320496656001 ], [ 3423907.715184486936778, 8356171.239566091448069 ], [ 3423926.481522501446307, 8356158.72867408208549 ], [ 3423945.488454593345523, 8356159.450456312857568 ], [ 3423968.344891919288784, 8356164.743526008911431 ], [ 3423975.5627142325975, 8356159.450456312857568 ], [ 3423979.893407620489597, 8356149.586099151521921 ], [ 3423972.675585307180882, 8356133.225701907649636 ], [ 3423970.991426767315716, 8356110.609858659096062 ], [ 3423976.284496463835239, 8356100.745501497760415 ], [ 3423989.035982550587505, 8356092.565302875824273 ], [ 3424006.118162025697529, 8356089.918768027797341 ], [ 3424014.298360647633672, 8356084.625698330812156 ], [ 3424020.313212575390935, 8356076.445499708876014 ], [ 3424027.771628965623677, 8356058.400943925604224 ], [ 3424031.380540122278035, 8356053.82965646032244 ], [ 3424037.635986127424985, 8356052.867280152626336 ], [ 3424083.830048932693899, 8356070.911835935898125 ], [ 3424101.634010639041662, 8356055.754409077577293 ], [ 3424139.647874822374433, 8356039.394011833705008 ], [ 3424149.512231984175742, 8356027.845496132969856 ], [ 3424157.692430606111884, 8356008.83856404107064 ], [ 3424159.857777299825102, 8355969.862323548644781 ], [ 3424160.579559531528503, 8355959.035590078681707 ], [ 3424151.436984600964934, 8355946.524698069319129 ], [ 3424150.715202369727194, 8355933.773211982101202 ], [ 3424154.324113526381552, 8355924.149448897689581 ], [ 3424157.93302468303591, 8355924.871231129392982 ], [ 3424161.541935839690268, 8355915.728656198829412 ], [ 3424159.617183222901076, 8355905.864299037493765 ], [ 3424153.361737217754126, 8355901.293011572211981 ], [ 3424147.106291213072836, 8355869.775187470018864 ], [ 3424089.123118628747761, 8355710.261314345523715 ], [ 3424087.438960089348257, 8355689.329629637300968 ], [ 3424089.363712706137449, 8355679.465272475033998 ], [ 3424092.01024755416438, 8355668.638539005070925 ], [ 3424138.926092591136694, 8355620.038535429164767 ], [ 3424144.219162287656218, 8355601.031603337265551 ], [ 3424147.828073444310576, 8355586.595958710648119 ], [ 3424156.008272065781057, 8355580.340512705035508 ], [ 3424173.090451540891081, 8355579.378136397339404 ], [ 3424184.638967242091894, 8355572.160314084030688 ], [ 3424216.397385420743376, 8355500.944467258639634 ], [ 3424275.10234023630619, 8355403.50386602897197 ], [ 3424306.379570260643959, 8355315.205839728936553 ], [ 3424329.957789817359298, 8355273.583064388483763 ], [ 3424358.829079071059823, 8355252.891973757185042 ], [ 3424392.271655789576471, 8355243.749398826621473 ], [ 3424418.496410194784403, 8355223.058308195322752 ], [ 3424435.578589669428766, 8355205.013752412050962 ], [ 3424451.698392836842686, 8355167.962264536879957 ], [ 3424458.194432918448001, 8355135.482064126990736 ], [ 3424486.103345863521099, 8355050.792948983609676 ], [ 3424484.900375477969646, 8354985.832548162899911 ], [ 3424500.298396413214505, 8354955.277100370265543 ], [ 3424526.282556741032749, 8354934.5860097380355 ], [ 3424709.37464942317456, 8354892.96323439758271 ], [ 3424738.245938676409423, 8354874.91867861431092 ], [ 3424748.350889915134758, 8354855.911746522411704 ], [ 3424744.7419787584804, 8354828.002833577804267 ], [ 3424715.148907273076475, 8354736.095896121114492 ], [ 3424708.893461267929524, 8354700.96916086319834 ], [ 3424732.231086747720838, 8354655.015692134387791 ], [ 3424783.958813326898962, 8354597.994895859621465 ], [ 3424814.273667043074965, 8354577.544399304315448 ], [ 3424821.010301202069968, 8354564.552319141104817 ], [ 3424818.123172277119011, 8354551.079050823114812 ], [ 3424814.514261120464653, 8354536.643406196497381 ], [ 3424791.898417871911079, 8354511.381028098985553 ], [ 3424782.996437018737197, 8354499.591918321326375 ], [ 3424782.03406071010977, 8354486.118650002405047 ], [ 3424788.530100792180747, 8354469.036470527760684 ], [ 3424827.025153129827231, 8354426.451318878680468 ], [ 3424836.88951029162854, 8354406.000822324305773 ], [ 3424842.423174065072089, 8354377.85131530277431 ], [ 3424842.663768141530454, 8354353.551313514821231 ], [ 3424831.83703467156738, 8354304.710715861059725 ], [ 3424808.258815114852041, 8354253.464177436195314 ], [ 3424800.078616492915899, 8354243.359226197004318 ], [ 3424789.251883022952825, 8354240.712691348977387 ], [ 3424778.425149552989751, 8354249.61467220261693 ], [ 3424769.282574622891843, 8354258.757247132249177 ], [ 3424755.809306304436177, 8354264.050316829234362 ], [ 3424744.020196525845677, 8354259.479029363952577 ], [ 3424736.802374212536961, 8354248.652295893989503 ], [ 3424732.471680824644864, 8354228.923581570386887 ], [ 3424731.749898593872786, 8354180.323577994480729 ], [ 3424742.817226141225547, 8354093.709710233844817 ], [ 3424772.410297625698149, 8354013.351288478821516 ], [ 3424822.213271588087082, 8353967.397819750010967 ], [ 3424856.137036460451782, 8353960.179997436702251 ], [ 3424904.977634114213288, 8353956.571086280047894 ], [ 3424950.209320611320436, 8353969.081978290341794 ], [ 3424976.434075016528368, 8353971.728513138368726 ], [ 3424991.832095951307565, 8353966.435443441383541 ], [ 3424996.884571570903063, 8353960.179997436702251 ], [ 3424997.125165647827089, 8353947.428511349484324 ], [ 3424981.727144712582231, 8353884.392863146960735 ], [ 3424952.134073227643967, 8353850.228504196740687 ], [ 3424943.232092374935746, 8353831.943354336544871 ], [ 3424943.232092374935746, 8353809.327511087991297 ], [ 3424948.525162070989609, 8353752.547308889217675 ], [ 3424941.307339757680893, 8353717.420573631301522 ], [ 3424924.22516028303653, 8353699.135423770174384 ], [ 3424904.255851882509887, 8353692.158195534721017 ], [ 3424871.775651472620666, 8353669.301758209243417 ], [ 3424864.55782915931195, 8353652.219578733667731 ], [ 3424861.911294310819358, 8353627.919576945714653 ], [ 3424871.053869241382927, 8353607.95026854518801 ], [ 3424891.023177641443908, 8353590.146306838840246 ], [ 3424950.449914688244462, 8353572.823533287271857 ], [ 3425080.130122251342982, 8353597.845317306928337 ], [ 3425191.284585876855999, 8353593.514623918570578 ], [ 3425252.636075540445745, 8353585.575019374489784 ], [ 3425290.649939724244177, 8353559.109670892357826 ], [ 3425345.505389305297285, 8353495.111646380275488 ], [ 3425373.414302249904722, 8353447.233425035141408 ], [ 3425428.510345908347517, 8353390.453222836367786 ], [ 3425453.772724005393684, 8353375.295795978978276 ], [ 3425460.028170010074973, 8353355.326487578451633 ], [ 3425453.532129928003997, 8353331.748268021270633 ], [ 3425411.428166433703154, 8353304.079949153587222 ], [ 3425374.376678558532149, 8353269.674996126443148 ], [ 3425339.009349223226309, 8353216.263111007399857 ], [ 3425334.919249912723899, 8353159.723502887412906 ], [ 3425361.144004317931831, 8353081.289833748713136 ], [ 3425361.144004317931831, 8353022.344284856691957 ], [ 3425370.767767402343452, 8352997.081906760111451 ], [ 3425391.458858034107834, 8352971.819528663530946 ], [ 3425415.037077590823174, 8352950.406655800528824 ], [ 3425426.104405138175935, 8352944.872992026619613 ], [ 3425431.397474834695458, 8352933.083882248029113 ], [ 3425433.32222745148465, 8352918.888831698335707 ], [ 3425423.217276212293655, 8352897.95714699011296 ], [ 3425373.654896327294409, 8352884.243284594267607 ], [ 3425352.963805695995688, 8352861.868035423569381 ], [ 3425345.745983382686973, 8352832.034369861707091 ], [ 3425348.392518230713904, 8352796.907634602859616 ], [ 3425377.384104522876441, 8352674.685843428596854 ], [ 3425359.700439854990691, 8352622.837819810956717 ], [ 3425339.129646262153983, 8352591.680886825546622 ], [ 3425290.289048608392477, 8352570.027419884689152 ], [ 3425268.274690553080291, 8352547.411576637066901 ], [ 3425240.365777608007193, 8352536.344249089248478 ], [ 3425223.283598132897168, 8352489.428404052741826 ], [ 3425206.923200889490545, 8352468.977907498367131 ], [ 3425181.901416869834065, 8352460.557114801369607 ], [ 3425153.270721693523228, 8352459.835332569666207 ], [ 3425127.767749519553035, 8352460.557114801369607 ], [ 3425085.423191947862506, 8352475.233353504911065 ], [ 3425067.378636164590716, 8352471.624442348256707 ], [ 3425050.055862612556666, 8352460.557114801369607 ], [ 3425040.191505451221019, 8352431.685825548134744 ], [ 3425046.687545533291996, 8352380.439287123270333 ], [ 3425060.160813851282001, 8352366.003642496652901 ], [ 3425077.483587403316051, 8352353.252156409434974 ], [ 3425085.423191947862506, 8352341.703640708699822 ], [ 3425090.956855721771717, 8352325.343243464827538 ], [ 3425085.423191947862506, 8352308.261063990183175 ], [ 3425070.987547321245074, 8352289.975914129056036 ], [ 3425048.612298150081187, 8352271.209576115012169 ], [ 3424981.727144713047892, 8352242.097692783921957 ], [ 3424869.850898855831474, 8352241.375910552218556 ], [ 3424835.445945829153061, 8352227.902642234228551 ], [ 3424816.679607814177871, 8352212.504621298983693 ], [ 3424770.004356855060905, 8352079.937284810468554 ], [ 3424765.192475312855095, 8352030.37490492593497 ], [ 3424722.607323663774878, 8351979.128366501070559 ], [ 3424667.751874082256109, 8351958.91846402361989 ], [ 3424629.256821744609624, 8351947.369948321953416 ], [ 3424432.330569630954415, 8351839.824395856820047 ], [ 3424356.904326456133276, 8351806.26152210123837 ], [ 3424350.648880451451987, 8351798.562511634081602 ], [ 3424346.077592986170202, 8351730.474387811496854 ], [ 3424339.220661788713187, 8351715.557555030100048 ], [ 3424328.033037202898413, 8351702.084286712110043 ], [ 3424314.439471845980734, 8351692.099632511846721 ], [ 3424308.665213995147496, 8351679.588740502484143 ], [ 3424298.800856834277511, 8351665.995175145566463 ], [ 3424292.184519713744521, 8351541.968928394839168 ], [ 3424280.395409935154021, 8351497.218430052511394 ], [ 3424260.546398573555052, 8351461.730803677812219 ], [ 3424249.719665103591979, 8351447.295159051194787 ], [ 3424236.968179016374052, 8351439.114960429258645 ], [ 3424219.645405464340001, 8351435.506049272604287 ], [ 3424197.270156293176115, 8351435.506049272604287 ], [ 3424171.285995964892209, 8351419.626840183511376 ], [ 3424153.000846104696393, 8351399.416937706060708 ], [ 3424116.911734537687153, 8351378.725847074761987 ], [ 3424090.686980132479221, 8351377.041688534431159 ], [ 3424086.115692667663097, 8351372.470401069149375 ], [ 3424078.176088123116642, 8351366.936737296171486 ], [ 3424043.771135095972568, 8351358.99713275115937 ], [ 3424025.726579312700778, 8351348.170399281196296 ], [ 3424020.433509616181254, 8351338.306042119860649 ], [ 3424018.508756999392062, 8351320.983268567360938 ], [ 3424026.688955620862544, 8351299.32980162743479 ], [ 3424041.124600247014314, 8351272.142670912668109 ], [ 3424043.771135095506907, 8351260.594155211001635 ], [ 3424039.199847630225122, 8351252.413956589065492 ], [ 3424031.260243085678667, 8351246.158510584384203 ], [ 3423961.728554800152779, 8351229.07633110973984 ], [ 3423938.150335243437439, 8351223.542667335830629 ], [ 3423927.323601773474365, 8351211.753557557240129 ], [ 3423922.992908385582268, 8351195.633754391223192 ], [ 3423923.955284693744034, 8351172.055534834042192 ], [ 3423929.970136621501297, 8351133.319888419471681 ], [ 3423927.323601773474365, 8351126.102066106162965 ], [ 3423914.090927532408386, 8351115.515926713123918 ], [ 3423898.452312519773841, 8351115.515926713123918 ], [ 3423863.325577261857688, 8351127.064442413859069 ], [ 3423847.92755632661283, 8351133.319888419471681 ], [ 3423839.025575473438948, 8351131.395135802216828 ], [ 3423832.770129468757659, 8351119.846620100550354 ], [ 3423838.303793242201209, 8351057.532754128798842 ], [ 3423843.356268861331046, 8351045.743644350208342 ], [ 3423841.67211032146588, 8351033.954534571617842 ], [ 3423829.883000543341041, 8351025.293147795833647 ], [ 3423795.718641593586653, 8351025.29314779676497 ], [ 3423730.75824077334255, 8351016.631761020049453 ], [ 3423663.873087336309254, 8350991.128788846544921 ], [ 3423625.859223152976483, 8350976.69314421992749 ], [ 3423604.686944366898388, 8350944.453537886962295 ], [ 3423601.318627287633717, 8350924.243635409511626 ], [ 3423606.130508829839528, 8350890.079276459291577 ], [ 3423600.837439133320004, 8350828.968380873091519 ], [ 3423586.401794506702572, 8350783.736694376915693 ], [ 3423566.673080183565617, 8350749.572335426695645 ], [ 3423530.583968616556376, 8350740.429760496132076 ], [ 3423497.863174129743129, 8350740.429760496132076 ], [ 3423429.534456229768693, 8350773.150554983876646 ], [ 3423393.445344663225114, 8350789.510952226817608 ], [ 3423331.853260922711343, 8350782.293129913508892 ], [ 3423299.613654589746147, 8350764.007980053313076 ], [ 3423267.781772313639522, 8350688.453434990718961 ], [ 3423247.164145779330283, 8350534.481230489909649 ], [ 3423224.067114376462996, 8350447.867362730205059 ], [ 3423176.910675262566656, 8350384.350526372902095 ], [ 3423086.447302268818021, 8350346.817850342951715 ], [ 3423043.140368388965726, 8350321.314878169447184 ], [ 3423023.41165406582877, 8350283.301013985648751 ], [ 3423025.817594836931676, 8350236.625763026066124 ], [ 3423052.764131473377347, 8350137.501003256067634 ], [ 3423037.847298692446202, 8350090.344564142636955 ], [ 3422993.635896814055741, 8350051.075222292914987 ], [ 3422947.014305792283267, 8349915.800819312222302 ], [ 3422853.771123748272657, 8349645.25201334990561 ], [ 3423036.43944749655202, 8349091.592028835788369 ], [ 3423495.019277036190033, 8348254.820865771733224 ], [ 3423789.610516550950706, 8347598.827481381595135 ], [ 3423920.213166040834039, 8347123.611875666305423 ], [ 3423985.514490785542876, 8346886.004072808660567 ], [ 3423914.572115686256438, 8346483.358160083182156 ], [ 3423791.387948205228895, 8346152.30070997774601 ], [ 3423829.883000543341041, 8345905.932375015690923 ], [ 3424097.423614291939884, 8345384.324415838345885 ], [ 3424147.467182330787182, 8345182.22539106477052 ], [ 3424045.455293635837734, 8345030.169934330508113 ], [ 3423793.312700822949409, 8344906.985766849480569 ], [ 3423546.944365860428661, 8344958.954087505117059 ], [ 3423258.231473326683044, 8344885.813488063402474 ], [ 3423008.013633131049573, 8344627.896637399680912 ], [ 3422948.346302007324994, 8344323.785723931156099 ], [ 3423086.928490423597395, 8343971.555995039641857 ], [ 3423596.987933899275959, 8343378.732189036905766 ], [ 3423827.958247926086187, 8343011.104439210146666 ], [ 3423995.411725596059114, 8342424.054891058243811 ], [ 3424145.542429713532329, 8342148.815266842953861 ], [ 3424255.253328876104206, 8341917.844952816143632 ], [ 3424268.726597194559872, 8341738.842959444969893 ], [ 3424226.382039622869343, 8341500.173634950071573 ], [ 3424103.197872141841799, 8341109.448853720910847 ], [ 3423931.894889238290489, 8340809.18744548689574 ], [ 3423851.055279328953475, 8340418.462664257735014 ], [ 3423895.324589517433196, 8340156.696308360435069 ], [ 3424068.552325037773699, 8339948.823025736026466 ], [ 3424380.362248974386603, 8339796.767569001764059 ], [ 3424595.934542066417634, 8339637.013101799413562 ], [ 3424717.193956931121647, 8339369.472488051280379 ], [ 3424709.494946463499218, 8339123.104153089225292 ], [ 3424732.591977865900844, 8338828.6170027051121 ], [ 3425050.176159653346986, 8338337.805085397325456 ], [ 3425512.116787707433105, 8337479.365418263711035 ], [ 3425762.334627903066576, 8336655.571298233233392 ], [ 3425921.518870033323765, 8336072.535037900321186 ], [ 3425882.16036011185497, 8336074.873167202807963 ], [ 3425680.114697495475411, 8336074.873167202807963 ], [ 3425524.88449329091236, 8336060.089338230900466 ], [ 3425416.469747497234493, 8336030.521680287085474 ], [ 3425271.095429273787886, 8335941.818706456571817 ], [ 3425088.761538620106876, 8335793.980416737496853 ], [ 3424869.468075536657125, 8335587.006811130791903 ], [ 3424613.215040023904294, 8335320.897889636456966 ], [ 3424384.065690959338099, 8335094.212512066587806 ], [ 3424182.02002834295854, 8334906.950678422115743 ], [ 3424007.078052175696939, 8334759.112388703972101 ], [ 3423859.239762457087636, 8334650.697642910294235 ], [ 3423664.586014327127486, 8334532.427011135034263 ], [ 3423423.116807785816491, 8334404.300493378192186 ], [ 3423134.83214283362031, 8334266.318089640699327 ], [ 3422799.732019471470267, 8334118.479799921624362 ], [ 3422501.591468538157642, 8333990.353282165713608 ], [ 3422240.410490034148097, 8333881.938536371104419 ], [ 3422016.189083960372955, 8333793.235562539659441 ], [ 3421828.927250316366553, 8333724.244360671378672 ], [ 3421528.802878102753311, 8333593.800748257897794 ], [ 3421115.81596731999889, 8333401.904725300148129 ], [ 3420589.96651796810329, 8333148.556291798129678 ], [ 3419951.254530046600848, 8332833.755447751842439 ], [ 3419269.419680358842015, 8332417.025239370763302 ], [ 3419181.839531023055315, 8332354.367401382885873 ], [ 3418993.186548164580017, 8332361.55418168194592 ], [ 3418250.949539168272167, 8332141.202569636516273 ], [ 3417540.156717211008072, 8332262.721416599117219 ], [ 3417096.276815239805728, 8332262.721416600048542 ], [ 3416629.03481316473335, 8332215.997216392308474 ], [ 3416138.430710986256599, 8332122.548815977759659 ], [ 3415566.059258444234729, 8332034.940940588712692 ], [ 3414911.920455538667738, 8331953.17359022423625 ], [ 3414240.260077555663884, 8331649.46628887578845 ], [ 3413551.078124495223165, 8331123.819036541506648 ], [ 3412809.331446200609207, 8330901.879085555672646 ], [ 3412015.020042673218995, 8330983.646435919217765 ], [ 3411197.346539041958749, 8330983.646435919217765 ], [ 3410356.310935306362808, 8330901.879085555672646 ], [ 3409433.507981208153069, 8330814.271210166625679 ], [ 3408428.937676746863872, 8330720.822809752076864 ], [ 3407774.798873841762543, 8330434.637083481065929 ], [ 3407471.091572492849082, 8329955.714031353592873 ], [ 3406992.168520365841687, 8329459.269404148682952 ], [ 3406338.029717461206019, 8328945.303201866336167 ], [ 3405724.774589737411588, 8328618.23380041308701 ], [ 3405158.243662219494581, 8328326.207549112848938 ], [ 3404714.363760248292238, 8327894.00869719311595 ], [ 3404054.193508681375533, 8327496.517097881995142 ], [ 3403359.361954230349511, 8327181.464644028805196 ], [ 3402705.223151325248182, 8326702.54159190133214 ], [ 3402074.446448525879532, 8326392.993765531107783 ], [ 3401770.73914717650041, 8326054.24331402592361 ], [ 3401385.26449546450749, 8325902.38966335169971 ], [ 3400918.022493389900774, 8325937.432813508436084 ], [ 3400748.647267637774348, 8326112.648564286530018 ], [ 3400877.138818207662553, 8326428.036915686912835 ], [ 3401069.876144063659012, 8326714.22264195792377 ], [ 3401326.859245205298066, 8326971.205743099562824 ], [ 3401344.380820283200592, 8327204.826744137331843 ], [ 3401122.440869297366589, 8327415.085645070299506 ], [ 3400859.617243130225688, 8327479.331420355476439 ], [ 3400555.909941781312227, 8327397.564069992862642 ], [ 3400269.724215510301292, 8327380.042494914494455 ], [ 3400001.060064317192882, 8327426.766695122234523 ], [ 3399563.020687371492386, 8327531.896145589649677 ], [ 3398955.606084673665464, 8327695.430846314877272 ], [ 3398517.566707728430629, 8327759.676621600985527 ], [ 3398248.90255653578788, 8327724.633471446111798 ], [ 3397875.108954875729978, 8327707.111896367743611 ], [ 3397396.185902748256922, 8327707.111896367743611 ], [ 3396917.262850621249527, 8327572.779820771887898 ], [ 3396438.339798494242132, 8327304.115669576451182 ], [ 3396064.546196834184229, 8327105.537818694487214 ], [ 3395795.88204564107582, 8326977.046268125995994 ], [ 3395597.304194759111851, 8326895.278917762450874 ], [ 3395468.812644189223647, 8326860.235767606645823 ], [ 3395316.958993514534086, 8326842.714192528277636 ], [ 3395141.743242735974491, 8326842.714192528277636 ], [ 3394919.803291750140488, 8326947.843642994761467 ], [ 3394651.139140557032079, 8327158.102543928660452 ], [ 3394394.156039415858686, 8327239.869894292205572 ], [ 3394148.853988326154649, 8327193.145694084465504 ], [ 3394026.202962781768292, 8327105.537818694487214 ], [ 3394026.202962781768292, 8327007.390953107737005 ], [ 3393943.103845462668687, 8327129.802698066458106 ], [ 3393887.704433916602284, 8327145.979284312576056 ], [ 3393829.302325980272144, 8327152.67541778087616 ], [ 3393767.897521654609591, 8327149.891098467633128 ], [ 3393703.49002093821764, 8327137.626326374709606 ], [ 3393636.079823832493275, 8327115.881101502105594 ], [ 3393575.193194188177586, 8327111.532056528143585 ], [ 3393520.830132005736232, 8327124.579191450960934 ], [ 3393472.990637285634875, 8327155.02250627335161 ], [ 3393015.047489256132394, 8327111.636601462028921 ], [ 3392556.512921259272844, 8327008.979608626104891 ], [ 3392337.511336544528604, 8326940.541613401845098 ], [ 3391988.477560904808342, 8326810.509422477334738 ], [ 3391509.411594341043383, 8326618.883035851642489 ], [ 3391102.205522761680186, 8326437.522348509170115 ], [ 3390766.859346167184412, 8326266.42736045178026 ], [ 3390373.340873632114381, 8326026.89437717013061 ], [ 3389921.650105157401413, 8325718.923398664221168 ], [ 3389552.084930950775743, 8325469.124716099351645 ], [ 3389264.64535101223737, 8325277.498329471796751 ], [ 3388929.299174417741597, 8325000.324448817409575 ], [ 3388546.0464011663571, 8324637.603074133396149 ], [ 3388162.793627915438265, 8324422.023389180190861 ], [ 3387779.540854664053768, 8324353.58539395686239 ], [ 3387422.887729438953102, 8324318.210340983234346 ], [ 3387092.834252240601927, 8324315.898230260238051 ], [ 3386829.347970630042255, 8324398.023824527859688 ], [ 3386632.428884608205408, 8324564.5871237879619 ], [ 3386650.313933477271348, 8325472.546615860424936 ], [ 3386683.757381026633084, 8326707.154569834470749 ], [ 3386472.375145897269249, 8326858.416019130498171 ], [ 3386212.310764048248529, 8327173.230797160416842 ], [ 3386020.684377422556281, 8327580.436868739314377 ], [ 3385897.495986020658165, 8328080.034233869984746 ], [ 3385791.417093424126506, 8328617.272496373392642 ], [ 3385702.447699633892626, 8329192.151656250469387 ], [ 3385825.636091036256403, 8329695.170921143144369 ], [ 3386160.982267630286515, 8330126.330291049554944 ], [ 3386427.890449001919478, 8330714.897049970924854 ], [ 3386626.36063515022397, 8331460.871197909116745 ], [ 3386749.549026552122086, 8332155.516849426552653 ], [ 3386797.455623208545148, 8332798.83400452695787 ], [ 3386711.908129178918898, 8333445.5730593893677 ], [ 3386492.906544463708997, 8334095.734014010056853 ], [ 3386314.967756883241236, 8334694.56647221557796 ], [ 3386178.091766436584294, 8335242.070434004068375 ], [ 3386116.497570735402405, 8335769.042997224256396 ], [ 3386130.185169780626893, 8336275.484161877073348 ], [ 3386212.310764048248529, 8336692.95593274012208 ], [ 3386362.87435354012996, 8337021.458309812471271 ], [ 3386554.500740165822208, 8337377.335884973406792 ], [ 3386787.189923925325274, 8337760.588658225722611 ], [ 3386924.065914371982217, 8338143.841431476175785 ], [ 3386965.128711506258696, 8338527.094204727560282 ], [ 3386917.222114849835634, 8338862.440381322987378 ], [ 3386780.346124402713031, 8339149.87996126152575 ], [ 3386520.281742553692311, 8339437.3195411991328 ], [ 3386137.028969302773476, 8339724.759121137671173 ], [ 3385774.307594618760049, 8340060.105297732166946 ], [ 3385432.117618501652032, 8340443.358070983551443 ], [ 3385069.396243817638606, 8340874.517440891824663 ], [ 3384686.143470565788448, 8341353.583407455123961 ], [ 3384350.797293971292675, 8341955.837765421718359 ], [ 3384063.357714032754302, 8342681.280514789745212 ], [ 3383851.199928839690983, 8343304.066271322779357 ], [ 3383714.323938393034041, 8343824.195035020820796 ], [ 3383550.072749856859446, 8344371.698996808379889 ], [ 3383358.446363231167197, 8344946.578156685456634 ], [ 3383050.475384726189077, 8345398.268925160169601 ], [ 3382626.159814340993762, 8345726.771302232518792 ], [ 3382273.70413894020021, 8345932.085287902504206 ], [ 3381993.10835852380842, 8346014.210882170125842 ], [ 3381613.277485033497214, 8346198.993469272740185 ], [ 3381134.211518469732255, 8346486.43304921220988 ], [ 3380511.425761936232448, 8346965.499015776440501 ], [ 3379744.920215433929116, 8347636.191368965432048 ], [ 3379098.181160572450608, 8348139.21063385810703 ], [ 3378571.208597351796925, 8348474.556810452602804 ], [ 3378092.142630788031965, 8348734.621192301623523 ], [ 3377660.983260880224407, 8348919.403779405169189 ], [ 3377185.339194077532738, 8349155.514862925745547 ], [ 3376665.210430379491299, 8349442.954442865215242 ], [ 3376165.613065248355269, 8349730.394022803753614 ], [ 3375686.54709868459031, 8350017.833602741360664 ], [ 3375097.980339762754738, 8350199.194290083833039 ], [ 3374399.912788483779877, 8350274.476084829308093 ], [ 3373872.940225263126194, 8350455.836772170849144 ], [ 3373517.062650102190673, 8350743.27635211031884 ], [ 3372788.198000972159207, 8351064.934929659590125 ], [ 3371686.34627787489444, 8351420.812504821456969 ], [ 3370824.027538059744984, 8351670.611187387257814 ], [ 3370201.241781526245177, 8351814.330977356061339 ], [ 3369458.689533352386206, 8351930.675569235347211 ], [ 3368596.370793536771089, 8352019.644963026978076 ], [ 3367819.599547751247883, 8352040.176361594349146 ], [ 3367128.375795994419605, 8351992.269764937460423 ], [ 3366519.277638505678624, 8351958.050767325796187 ], [ 3365992.305075285956264, 8351937.519368758425117 ], [ 3365441.37921373732388, 8351889.612772102467716 ], [ 3364866.500053859781474, 8351814.330977356061339 ], [ 3364387.434087296016514, 8351704.83018499892205 ], [ 3364004.181314044632018, 8351561.110395029187202 ], [ 3363679.100836733356118, 8351369.484008403494954 ], [ 3363412.192655362188816, 8351129.951025121845305 ], [ 3363135.018774707335979, 8350832.245745899155736 ], [ 3362847.579194769263268, 8350476.368170737288892 ], [ 3362608.046211487147957, 8350178.662891515530646 ], [ 3362416.419824861455709, 8349939.129908233880997 ], [ 3362190.574440624099225, 8349733.815922563895583 ], [ 3361930.510058775078505, 8349562.720934505574405 ], [ 3361632.804779552854598, 8349429.266843819990754 ], [ 3361297.458602958824486, 8349333.453650506213307 ], [ 3360924.471528991125524, 8349189.733860537409782 ], [ 3360513.843557650223374, 8348998.107473911717534 ], [ 3360188.763080338947475, 8348868.075282987207174 ], [ 3359949.230097057297826, 8348799.637287763878703 ], [ 3359685.743815447203815, 8348827.012485853396356 ], [ 3359398.30423550773412, 8348950.200877255760133 ], [ 3359196.412149598821998, 8349056.279769851826131 ], [ 3359080.067557719536126, 8349145.249163642525673 ], [ 3358902.128770138137043, 8349179.468161254189909 ], [ 3358662.595786856487393, 8349158.936762686818838 ], [ 3358385.421906201634556, 8349090.498767463490367 ], [ 3358070.607128173112869, 8348974.154175584204495 ], [ 3357817.386545846704394, 8348950.200877255760133 ], [ 3357625.760159221477807, 8349018.638872479088604 ], [ 3357447.821371640544385, 8349196.577660059556365 ], [ 3357283.570183104369789, 8349484.017239998094738 ], [ 3357139.850393135100603, 8349795.410118265077472 ], [ 3357016.662001732736826, 8350130.756294859573245 ], [ 3356920.848808419890702, 8350407.930175513960421 ], [ 3356852.410813196562231, 8350626.931760229170322 ], [ 3356746.331920600496233, 8350733.010652826167643 ], [ 3356602.612130630761385, 8350726.166853303089738 ], [ 3356421.251443288754672, 8350640.619359273463488 ], [ 3356202.249858574010432, 8350476.368170738220215 ], [ 3355986.670173619873822, 8350274.476084829308093 ], [ 3355774.512388427741826, 8350034.943101546727121 ], [ 3355524.71370586194098, 8349795.410118265077472 ], [ 3355237.274125923402607, 8349555.877134983427823 ], [ 3355021.694440969731659, 8349449.798242386430502 ], [ 3354877.974651000462472, 8349477.173440476879478 ], [ 3354768.473858643323183, 8349596.939932118169963 ], [ 3354693.192063897382468, 8349809.097717309370637 ], [ 3354583.691271539777517, 8350058.896399875171483 ], [ 3354439.971481570973992, 8350346.335979813709855 ], [ 3354231.235596139449626, 8350589.290862856432796 ], [ 3353957.48361524567008, 8350787.761049005202949 ], [ 3353615.293639128562063, 8350934.902738736011088 ], [ 3353204.665667787194252, 8351030.715932049788535 ], [ 3352821.412894535809755, 8351116.263426079414785 ], [ 3352465.535319374408573, 8351191.545220823958516 ], [ 3352181.517639196943492, 8351263.405115808360279 ], [ 3351969.359854004345834, 8351331.843111032620072 ], [ 3351753.780169050209224, 8351366.062108644284308 ], [ 3351534.778584335464984, 8351366.062108644284308 ], [ 3351223.385706068947911, 8351280.51461461558938 ], [ 3350819.601534251123667, 8351109.41962655633688 ], [ 3350473.989658372476697, 8350965.699836587533355 ], [ 3350186.550078433938324, 8350849.35524470731616 ], [ 3349851.203901839442551, 8350647.463158797472715 ], [ 3349467.951128587592393, 8350360.023578859865665 ], [ 3349060.745057008229196, 8350082.849698204547167 ], [ 3348629.585687100887299, 8349815.941516833379865 ], [ 3348269.242167582735419, 8349648.074311701580882 ], [ 3347979.714498452842236, 8349579.248082809150219 ], [ 3347832.023428800981492, 8349476.373613603413105 ], [ 3347834.950663888361305, 8349544.834968362934887 ], [ 3347440.715224637184292, 8349711.289931602776051 ], [ 3347177.891598470043391, 8349829.560563378036022 ], [ 3347046.479785386938602, 8349899.646863688714802 ], [ 3346897.546397225465626, 8349982.874345308169723 ], [ 3346731.091433985624462, 8350079.243008236400783 ], [ 3346599.679620902054012, 8350127.427339700981975 ], [ 3346503.310957974754274, 8350127.427339700981975 ], [ 3346288.671663271263242, 8350210.654821320436895 ], [ 3345955.761736792512238, 8350377.109784560278058 ], [ 3345530.863541155587882, 8350639.933410726487637 ], [ 3345013.977076360024512, 8350999.125699822790921 ], [ 3344505.851399103179574, 8351292.612082376144826 ], [ 3344006.48650938551873, 8351520.392558386549354 ], [ 3343415.133350509218872, 8351717.510278012603521 ], [ 3342731.79192247428, 8351883.965241252444685 ], [ 3342127.297582289669663, 8351919.008391408249736 ], [ 3341601.650329955387861, 8351822.639728479087353 ], [ 3340861.363782917615026, 8351840.161303556524217 ], [ 3339906.437941176816821, 8351971.573116641491652 ], [ 3339131.108243983238935, 8352006.61626679636538 ], [ 3338535.374691337347031, 8351945.290754023939371 ], [ 3337926.499957383144647, 8351879.584847481921315 ], [ 3337304.484042121097445, 8351809.498547170311213 ], [ 3336730.652458322700113, 8351774.455397015437484 ], [ 3336205.00520598795265, 8351774.455397015437484 ], [ 3335714.401103809010237, 8351870.824059942737222 ], [ 3335258.840151785872877, 8352063.561385799199343 ], [ 3334667.486992909573019, 8352273.820286734029651 ], [ 3333940.341627180110663, 8352501.6007627453655 ], [ 3333313.945318148471415, 8352764.424388913437724 ], [ 3332788.298065813723952, 8353062.291165234521031 ], [ 3332328.356720020994544, 8353390.820697943679988 ], [ 3331934.121280770283192, 8353750.012987039983273 ], [ 3331605.591748061124235, 8354047.879763361997902 ], [ 3331342.768121893983334, 8354284.421026912517846 ], [ 3330966.054257720708847, 8354599.809378313831985 ], [ 3330475.450155542232096, 8354994.044817564077675 ], [ 3329866.575421588029712, 8355401.421438124030828 ], [ 3329139.430055858567357, 8355821.939239990897477 ], [ 3328513.033746826462448, 8356084.762866158038378 ], [ 3327987.386494491714984, 8356189.892316624522209 ], [ 3327527.445148698985577, 8356242.457041858695447 ], [ 3327133.209709448739886, 8356242.457041858695447 ], [ 3326774.017420353367925, 8356408.912005097605288 ], [ 3326449.868281413801014, 8356741.821931576356292 ], [ 3326187.044655246660113, 8357070.351464284583926 ], [ 3325985.546541851945221, 8357394.500603225082159 ], [ 3325854.134728768374771, 8357687.986985778436065 ], [ 3325792.809215995948762, 8357950.810611944645643 ], [ 3325775.287640918046236, 8358231.155813190154731 ], [ 3325801.570003534667194, 8358529.022589513100684 ], [ 3325897.938666462898254, 8358892.595272378064692 ], [ 3326064.393629701808095, 8359321.873861784115434 ], [ 3326178.28386770747602, 8359667.924969570711255 ], [ 3326239.609380479902029, 8359930.748595738783479 ], [ 3326275.533493148162961, 8360273.726755631156266 ], [ 3326286.056205712258816, 8360696.859449247829616 ], [ 3326337.959597961045802, 8361350.822370953857899 ], [ 3326187.932517537847161, 8361769.881904596462846 ], [ 3326210.093134602997452, 8362070.888796233572066 ], [ 3326354.432422349229455, 8362393.529557079076767 ], [ 3326456.318978405557573, 8362703.434498416259885 ], [ 3326515.752802771516144, 8363000.603620247915387 ], [ 3326532.733895447570831, 8363340.225473769009113 ], [ 3326507.262256433721632, 8363722.300058979541063 ], [ 3326474.361389373894781, 8364066.167185669764876 ], [ 3326434.031294268090278, 8364371.826853839680552 ], [ 3326390.517244285903871, 8364613.80742447450757 ], [ 3326343.819239426404238, 8364792.108897572383285 ], [ 3326328.960783334914595, 8365006.495192606933415 ], [ 3326345.941876010969281, 8365256.966309579089284 ], [ 3326369.290878440719098, 8365471.352604613639414 ], [ 3326399.007790623698384, 8365649.654077712446451 ], [ 3326428.724702806677669, 8365821.587641057558358 ], [ 3326458.441614990122616, 8365987.153294648975134 ], [ 3326452.073705236427486, 8366203.66222626902163 ], [ 3326409.620973546523601, 8366471.114435916766524 ], [ 3326335.328693089075387, 8366723.708189472556114 ], [ 3326229.196863862685859, 8366961.443486937321723 ], [ 3326163.395129743032157, 8367224.650423416867852 ], [ 3326137.923490729182959, 8367513.328998909331858 ], [ 3326082.734939532354474, 8367793.517028065398335 ], [ 3325997.829476151615381, 8368065.214510882273316 ], [ 3325878.961827419232577, 8368396.345818065106869 ], [ 3325726.131993335206062, 8368786.910949613898993 ], [ 3325547.830520236864686, 8369084.080071445554495 ], [ 3325344.057408123742789, 8369287.853183558210731 ], [ 3325171.662594268098474, 8369417.429410504177213 ], [ 3324960.137820868752897, 8369500.498423174023628 ], [ 3324650.950520730577409, 8369588.178403811529279 ], [ 3324254.083239955361933, 8369717.391006855294108 ], [ 3323769.535978543572128, 8369888.136232303455472 ], [ 3323492.651829165406525, 8370024.270939081907272 ], [ 3323423.430791820865124, 8370125.795127186924219 ], [ 3323319.599235803820193, 8370271.159305609762669 ], [ 3323181.157161115668714, 8370460.363474352285266 ], [ 3322703.53200343856588, 8370640.338171447627246 ], [ 3321886.723762772977352, 8370811.083396897651255 ], [ 3321314.496520725544542, 8370887.226537976413965 ], [ 3320986.850277295336127, 8370868.767594684846699 ], [ 3320719.195599563419819, 8370808.776028986088932 ], [ 3320511.532487529795617, 8370707.251840881071985 ], [ 3320287.717800116166472, 8370534.199247520416975 ], [ 3320047.751537321135402, 8370289.618248902261257 ], [ 3319849.317896933760494, 8370107.336183895356953 ], [ 3319692.416878953576088, 8369987.353052497841418 ], [ 3319466.294823627918959, 8369911.209911419078708 ], [ 3319170.95173095818609, 8369878.906760659068823 ], [ 3318884.838109934702516, 8369828.144666606560349 ], [ 3318607.953960556536913, 8369758.923629261553288 ], [ 3318321.840339533053339, 8369689.702591916546226 ], [ 3318026.497246862389147, 8369620.481554572470486 ], [ 3317774.994144510943443, 8369648.169969510287046 ], [ 3317567.331032477319241, 8369772.767836729995906 ], [ 3317334.286873417906463, 8369927.36148679908365 ], [ 3317075.861667331773788, 8370111.9509197184816 ], [ 3316817.436461245641112, 8370197.323532443493605 ], [ 3316559.011255159974098, 8370183.479324973188341 ], [ 3316268.620041204616427, 8370170.037580011412501 ], [ 3315946.2628193795681, 8370156.998297557234764 ], [ 3315634.768151329364628, 8370200.838287875056267 ], [ 3315334.136037053540349, 8370301.557550966739655 ], [ 3315019.996858200524002, 8370393.449804918840528 ], [ 3314692.350614769849926, 8370476.515049733221531 ], [ 3314415.466465392149985, 8370492.666625113226473 ], [ 3314189.344410066492856, 8370441.904531059786677 ], [ 3314023.213920440059155, 8370372.683493715710938 ], [ 3313917.074996511917561, 8370285.00351307913661 ], [ 3313787.862393468618393, 8370146.561438390985131 ], [ 3313635.576111311092973, 8369957.357269649393857 ], [ 3313455.601414215285331, 8369818.915194960311055 ], [ 3313247.938302181661129, 8369731.235214322805405 ], [ 3312987.205728184431791, 8369662.014176978729665 ], [ 3312673.403692222665995, 8369611.252082926221192 ], [ 3312396.519542844966054, 8369604.329979191534221 ], [ 3312156.553280049934983, 8369641.247865775600076 ], [ 3311750.456527628935874, 8369675.858384448103607 ], [ 3311178.229285581968725, 8369708.161535208113492 ], [ 3310702.911495815962553, 8369786.612044198438525 ], [ 3310324.503158332780004, 8369911.209911419078708 ], [ 3310026.649901763070375, 8369997.241611148230731 ], [ 3309809.351726106368005, 8370044.707143386825919 ], [ 3309545.928725090809166, 8369980.832034117542207 ], [ 3309236.380898715928197, 8369805.616283339448273 ], [ 3308950.195172444917262, 8369697.566570359282196 ], [ 3308687.371546277776361, 8369656.682895177975297 ], [ 3308480.03290785709396, 8369645.00184512604028 ], [ 3308328.179257182404399, 8369662.523420203477144 ], [ 3308120.840618761721998, 8369627.480270048603415 ], [ 3307858.016992594581097, 8369539.872394659556448 ], [ 3307551.389428732916713, 8369516.510294555686414 ], [ 3307200.957927176263183, 8369557.393969736993313 ], [ 3306906.011413366533816, 8369557.393969736993313 ], [ 3306666.549887303262949, 8369516.510294555686414 ], [ 3306447.53019883017987, 8369443.503731731325388 ], [ 3306248.952347948215902, 8369338.374281264841557 ], [ 3305962.766621677204967, 8369230.324568284675479 ], [ 3305588.973020017147064, 8369119.354592790827155 ], [ 3305282.34545615548268, 8369136.876167869195342 ], [ 3305042.883930091746151, 8369282.889293517917395 ], [ 3304847.226341722998768, 8369510.669769529253244 ], [ 3304695.372691048774868, 8369820.217595904134214 ], [ 3304563.960877965204418, 8370205.692247616127133 ], [ 3304452.990902472287416, 8370667.093724665232003 ], [ 3304342.020926979370415, 8371029.206276273354888 ], [ 3304231.050951486453414, 8371292.029902441427112 ], [ 3304134.682288558222353, 8371680.424816666170955 ], [ 3304052.914938195142895, 8372194.391018947586417 ], [ 3304019.679858705494553, 8372642.960964798927307 ], [ 3304034.977050089277327, 8373026.134654221124947 ], [ 3304011.614949985872954, 8373397.007993368431926 ], [ 3303949.59355839388445, 8373755.580982239916921 ], [ 3304080.341083317995071, 8374147.423927826806903 ], [ 3304403.857524757739156, 8374572.536830129101872 ], [ 3304655.564677025657147, 8374891.90692288801074 ], [ 3304835.462540122214705, 8375105.534206105396152 ], [ 3305056.258708601351827, 8375331.017131901346147 ], [ 3305317.953182463068515, 8375568.355700273066759 ], [ 3305548.089344834908843, 8375850.559685185551643 ], [ 3305746.667195716872811, 8376177.629086637869477 ], [ 3305910.201896443031728, 8376452.133762856945395 ], [ 3306038.693447014316916, 8376674.073713842779398 ], [ 3306213.909197792410851, 8376849.289464620873332 ], [ 3306435.849148778244853, 8376977.78101519215852 ], [ 3306623.914752269629389, 8377153.744365781545639 ], [ 3306778.106008267495781, 8377377.179516388103366 ], [ 3306965.002809097524732, 8377683.807080250233412 ], [ 3307184.605154759716243, 8378073.627057366073132 ], [ 3307294.406327590811998, 8378411.629909059032798 ], [ 3307294.406327590811998, 8378697.815635330975056 ], [ 3307198.325282, 8378997.149807661771774 ], [ 3307006.163190817926079, 8379309.632426054216921 ], [ 3306810.505602449178696, 8379552.014214631170034 ], [ 3306611.352516892831773, 8379724.295173391699791 ], [ 3306292.756285642273724, 8379941.847465856000781 ], [ 3305854.716908697038889, 8380204.67109202221036 ], [ 3305404.996481699869037, 8380432.451568034477532 ], [ 3304943.595004650764167, 8380625.18889389000833 ], [ 3304450.07063995860517, 8380788.723594616167247 ], [ 3303924.423387624323368, 8380923.055670213885605 ], [ 3303442.580072984099388, 8381034.025645706802607 ], [ 3303004.540696038864553, 8381121.633521094918251 ], [ 3302598.624206736218184, 8381264.72638423088938 ], [ 3302224.830605076160282, 8381463.304235112853348 ], [ 3301798.392438866198063, 8381565.936811850406229 ], [ 3301319.309708106331527, 8381572.624114445410669 ], [ 3300888.017736847512424, 8381587.58870604634285 ], [ 3300504.516525089740753, 8381610.830586653202772 ], [ 3300154.164862849749625, 8381683.413760693743825 ], [ 3299836.962750127539039, 8381805.338228166103363 ], [ 3299371.734129904769361, 8382009.393325037322938 ], [ 3298758.479002180974931, 8382295.579051309265196 ], [ 3297996.290486295707524, 8382517.519002295099199 ], [ 3297085.168582248035818, 8382675.213177996687591 ], [ 3296384.30557913472876, 8382911.754441548138857 ], [ 3295893.701476956252009, 8383227.142792948521674 ], [ 3295375.007581805810332, 8383584.588292077183723 ], [ 3294828.223893684800714, 8383984.090938932262361 ], [ 3294445.699986825231463, 8384170.184446383267641 ], [ 3294227.435861226171255, 8384142.868814427405596 ], [ 3293934.296777770854533, 8384030.725366389378905 ], [ 3293566.282736458815634, 8383833.754102267324924 ], [ 3293271.305740309879184, 8383647.660594816319644 ], [ 3293049.365789324045181, 8383472.44484403822571 ], [ 3292743.925816596020013, 8383337.300749556161463 ], [ 3292385.38911809027195, 8383337.300749556161463 ], [ 3291866.129071978852153, 8383374.390752850100398 ], [ 3291532.319042336195707, 8383460.934093868359923 ], [ 3291217.423844679724425, 8383429.266587532125413 ], [ 3291996.948654522188008, 8385410.5588125474751 ], [ 3292057.037025280296803, 8385589.199914802797139 ], [ 3292167.46970667457208, 8385766.217007037252188 ], [ 3292180.217546050436795, 8385783.214126205071807 ], [ 3292248.497615586034954, 8385881.209131341427565 ], [ 3292372.094969258178025, 8386039.050690482370555 ], [ 3292444.011631216388196, 8385884.33161844778806 ], [ 3293680.894862678833306, 8385513.263462629169226 ], [ 3295907.284679311793298, 8384670.601706694811583 ], [ 3297886.297849651426077, 8384004.483776353299618 ], [ 3299401.479808193165809, 8383555.218242766335607 ], [ 3304039.791926177684218, 8383331.713533881120384 ], [ 3307626.753297418821603, 8382944.770304556004703 ], [ 3308494.633024005685002, 8382480.837775855325162 ], [ 3310038.675598770845681, 8381580.986056404188275 ], [ 3312116.639427627902478, 8381124.275669158436358 ], [ 3313455.457241363823414, 8380916.27633997797966 ], [ 3315821.104705858044326, 8380100.687878139317036 ], [ 3318635.01405743509531, 8379122.780277672223747 ], [ 3319129.767350020352751, 8378127.697855609469116 ], [ 3321016.014278000686318, 8377037.513741664588451 ], [ 3322098.287105530500412, 8376581.184983639977872 ], [ 3323082.114112559240311, 8376314.64638177677989 ], [ 3325376.027668905910105, 8376111.05575139913708 ], [ 3325839.858880704268813, 8375487.0785803636536 ], [ 3329467.596856073476374, 8374151.348758678883314 ], [ 3330261.716433182824403, 8373851.473138150759041 ], [ 3333724.989481278229505, 8372662.697824468836188 ], [ 3336616.694860943593085, 8372244.960061685182154 ], [ 3337638.232119451276958, 8370888.397954987362027 ], [ 3341702.886324211023748, 8367944.637013010680676 ], [ 3344335.010182763915509, 8367297.144345048815012 ], [ 3345528.389491611625999, 8367003.697376717813313 ], [ 3347083.328381073195487, 8367042.5214963555336 ], [ 3350330.146863662172109, 8367357.125465514138341 ], [ 3353669.731588610913604, 8365605.236784718930721 ], [ 3353809.985028933733702, 8365441.406450270675123 ], [ 3353706.008854516781867, 8365601.40396251808852 ], [ 3354348.829883634578437, 8365533.487633930519223 ], [ 3354308.481552010402083, 8365342.505530909635127 ], [ 3354233.498912986833602, 8365335.007267007604241 ], [ 3353981.228613785468042, 8365377.845619703643024 ], [ 3353200.603021935094148, 8365603.214514422230422 ], [ 3353178.544321430847049, 8365512.528745681978762 ], [ 3353180.485768421087414, 8365335.85706957988441 ], [ 3353229.021943174768239, 8365165.009734448045492 ], [ 3353298.914034819696099, 8365034.932786109857261 ], [ 3353428.990983158815652, 8364792.25191234331578 ], [ 3353471.70281694130972, 8364662.174964004196227 ], [ 3353473.644263931550086, 8364662.174964004196227 ], [ 3353463.937028981279582, 8364384.548044415190816 ], [ 3353427.049536168575287, 8364225.34939122479409 ], [ 3353384.337702385149896, 8364019.556010268628597 ], [ 3353437.024725184310228, 8363822.498650909401476 ], [ 3353537.491604685783386, 8363711.343805503100157 ], [ 3353540.163596162106842, 8363594.310578851029277 ], [ 3353546.041977409273386, 8363183.892688121646643 ], [ 3353548.085269872099161, 8363183.569998348131776 ], [ 3355199.741757098119706, 8363193.089632278308272 ], [ 3355190.222123166080564, 8361089.250533275306225 ], [ 3358265.063883246853948, 8360917.897122495807707 ], [ 3360026.565699226222932, 8360729.702484035864472 ], [ 3360032.432183315046132, 8360725.019261068664491 ], [ 3361465.137090101838112, 8360558.425667256116867 ], [ 3362157.136618533637375, 8360710.096796775236726 ], [ 3362158.067329539917409, 8360704.803377927280962 ], [ 3364167.236921173520386, 8360917.897122494876385 ], [ 3365223.916287641040981, 8361241.564676187932491 ], [ 3365211.152201858349144, 8361267.486054186709225 ], [ 3366512.288084036204964, 8361894.652270776219666 ], [ 3366528.106136342510581, 8361869.860515719279647 ], [ 3367837.055802010465413, 8362450.558185580186546 ], [ 3369541.07027586363256, 8363283.526154641062021 ], [ 3369721.943320574704558, 8363778.547119111754 ], [ 3369702.904052710160613, 8363769.027485179714859 ], [ 3370540.631838738452643, 8365073.217333882115781 ], [ 3370672.022526014130563, 8365376.775128623470664 ], [ 3371459.253020321950316, 8364873.179150647483766 ], [ 3371456.896604706533253, 8364869.735158594325185 ], [ 3371433.097519877366722, 8364584.146140629425645 ], [ 3372366.021645227447152, 8362489.826675559394062 ], [ 3373260.867234848439693, 8360633.498058792203665 ], [ 3373936.76124403020367, 8360385.987576556392014 ], [ 3374298.507333451416343, 8360109.918192524462938 ], [ 3374298.578087796922773, 8360111.532678041607141 ], [ 3374307.123264556750655, 8360099.10333002731204 ], [ 3374402.319603878073394, 8359394.650419048964977 ], [ 3375813.212186268996447, 8359257.807994670234621 ], [ 3375844.257893182802945, 8359253.151138633489609 ], [ 3377124.648657055571675, 8359200.793152004480362 ], [ 3380599.31504228617996, 8359191.27351807244122 ], [ 3381898.745074023026973, 8359576.81869232468307 ], [ 3381895.263059422373772, 8359588.372649863362312 ], [ 3384570.74195110751316, 8360668.854509967379272 ], [ 3384583.281842884607613, 8360666.816777553409338 ], [ 3386877.513620529323816, 8361433.147309089079499 ], [ 3388667.20479977177456, 8362480.307041624560952 ], [ 3389247.90246963314712, 8363460.829336633905768 ], [ 3389857.159041290171444, 8363736.898720665834844 ], [ 3390523.53341653989628, 8365507.550632043741643 ], [ 3390799.602800571359694, 8365678.904042821377516 ], [ 3392341.783497577998787, 8364688.862113879062235 ], [ 3396178.195972229819745, 8361899.609371761791408 ], [ 3397796.533740693703294, 8360562.100804296322167 ], [ 3398134.480745284352452, 8360552.581170364283025 ], [ 3398581.405017631594092, 8360434.186624286696315 ], [ 3398594.741092626005411, 8360481.400992176495492 ], [ 3398627.23525197757408, 8360527.951288569718599 ], [ 3398678.453349671326578, 8360582.695875938050449 ], [ 3398292.918754621874541, 8361636.429829861037433 ], [ 3398094.891161628533155, 8361947.061348281800747 ], [ 3397972.580001248978078, 8361985.890288083814085 ], [ 3397644.4754599169828, 8361923.763984398916364 ], [ 3397460.037995854392648, 8361983.948841093108058 ], [ 3397425.091950031928718, 8362013.070545945316553 ], [ 3397454.213654884137213, 8362556.675703181885183 ], [ 3397472.994609524961561, 8363056.932040419429541 ], [ 3396987.364856460131705, 8363672.641191625967622 ], [ 3396040.161280212458223, 8364262.85849541798234 ], [ 3395830.729333705734462, 8364596.045683043077588 ], [ 3395507.061780012678355, 8364834.036531345918775 ], [ 3394840.68740476295352, 8364843.556165277957916 ], [ 3394279.029002766590565, 8365072.027379648759961 ], [ 3393960.121266040019691, 8365581.327795017510653 ], [ 3393898.243645481299609, 8366504.732286435551941 ], [ 3394143.374219234101474, 8367350.789752154611051 ], [ 3394229.050924623385072, 8367864.849984489381313 ], [ 3394210.011656759306788, 8368264.674609638750553 ], [ 3395180.293867728672922, 8368446.540509574115276 ], [ 3395359.877714316360652, 8368489.252343355678022 ], [ 3395573.436883230693638, 8368566.91022296063602 ], [ 3395826.795715442858636, 8368483.428002387285233 ], [ 3396081.125271150376648, 8368580.50035189371556 ], [ 3396188.875579102430493, 8368928.990086622536182 ], [ 3396145.678383570630103, 8369050.573204378597438 ], [ 3396214.114389973692596, 8369094.98380427621305 ], [ 3396412.141982967033982, 8369190.114706791006029 ], [ 3396611.140299454797059, 8369053.728055734187365 ], [ 3397224.637548335827887, 8369261.948245425708592 ], [ 3397197.457290474325418, 8369654.120537431910634 ], [ 3396708.212648960761726, 8370853.934777333401144 ], [ 3396549.013995769899338, 8371405.305722529999912 ], [ 3395590.358576920349151, 8373809.861375114880502 ], [ 3394840.687404764350504, 8373543.311625014990568 ], [ 3394566.997929216362536, 8373740.844029108062387 ], [ 3394838.307496282272041, 8376663.371646275743842 ], [ 3394837.727799572050571, 8376663.560934997163713 ], [ 3394972.488518552854657, 8377775.927922371774912 ], [ 3394972.772325574420393, 8377775.978862093761563 ], [ 3394996.571410404518247, 8377993.740488288924098 ], [ 3395056.069122480694205, 8378507.800720626488328 ], [ 3394882.335803219117224, 8378610.136785397306085 ], [ 3394537.158658068161458, 8378473.410773356445134 ], [ 3394350.962204652838409, 8378769.333491953089833 ], [ 3394051.747742639388889, 8379321.72942182328552 ], [ 3395160.785095733590424, 8379916.706542581319809 ], [ 3395236.94216719083488, 8380411.72750705294311 ], [ 3394913.274613498244435, 8381185.197764042764902 ], [ 3395313.099238647613674, 8381377.970351167954504 ], [ 3395491.592374875675887, 8383205.740066139027476 ], [ 3395482.072740943171084, 8383453.250548374839127 ], [ 3395472.183569182176143, 8383456.7868842035532 ], [ 3395848.506056200712919, 8387615.150365760549903 ], [ 3395880.707411852665246, 8387616.900439437478781 ], [ 3393988.680167839862406, 8391262.920235449448228 ], [ 3394781.189692690502852, 8391793.639827165752649 ], [ 3394896.280260841362178, 8391937.086042542010546 ], [ 3394568.05831349035725, 8392495.639181016013026 ], [ 3394843.990405827760696, 8392673.161925734952092 ], [ 3394732.652988420799375, 8392921.020224010571837 ], [ 3395285.567294075619429, 8393973.801706362515688 ], [ 3395262.045240686275065, 8394572.080020826309919 ], [ 3395172.684638150036335, 8394551.953758994117379 ], [ 3395172.603474760893732, 8394552.152505241334438 ], [ 3394850.220613368786871, 8394457.949721068143845 ], [ 3394730.515395239461213, 8394308.318198408931494 ], [ 3394491.104958979878575, 8394257.015962067991495 ], [ 3394279.483234072569758, 8394224.952064353972673 ], [ 3394001.59612055728212, 8394118.072405310347676 ], [ 3393881.890902427490801, 8394120.209998492151499 ], [ 3393869.570455782115459, 8394155.802399912849069 ], [ 3393394.893001322168857, 8394585.272477757185698 ], [ 3393037.906728866975754, 8394371.080714283511043 ], [ 3392552.405398327857256, 8394025.993984244763851 ], [ 3392471.488509904593229, 8394199.727303506806493 ], [ 3392457.209059006068856, 8395199.288866382092237 ], [ 3390591.360808307304978, 8395313.524473575875163 ], [ 3389908.779927742667496, 8395396.251541309058666 ], [ 3389031.245888202916831, 8395450.612057032063603 ], [ 3388768.350910304579884, 8399702.07571629434824 ], [ 3388406.604820882901549, 8401544.124882163479924 ], [ 3388220.1692353351973, 8402869.889046050608158 ], [ 3388243.867341208737344, 8402896.997580444440246 ], [ 3387585.760717857629061, 8404651.948576048016548 ], [ 3387578.363548781722784, 8405118.539240829646587 ], [ 3387553.374509710352868, 8405731.365675210952759 ], [ 3387703.308744141831994, 8409101.316087188199162 ], [ 3378331.229137951508164, 8412911.549568524584174 ], [ 3374594.772819587495178, 8414375.193285588175058 ], [ 3373771.32448445726186, 8414675.061754450201988 ], [ 3373514.294368289876729, 8414653.642578102648258 ], [ 3373264.403977570589632, 8414556.066330295056105 ], [ 3372907.417705115396529, 8414310.935756543651223 ], [ 3372907.422626693733037, 8414310.921705082058907 ], [ 3372139.601910264696926, 8414025.329853238537908 ], [ 3372139.897219338454306, 8414043.196052195504308 ], [ 3371705.563921185210347, 8413781.406119061633945 ], [ 3371674.625110906548798, 8413670.74037460051477 ], [ 3371608.582650502212346, 8413261.991092639043927 ], [ 3371597.873062328435481, 8412982.351845882833004 ], [ 3371708.538806790020317, 8412711.637255936861038 ], [ 3371788.26574097154662, 8412564.082929987460375 ], [ 3371649.041094713844359, 8412517.67471457272768 ], [ 3371480.067592417821288, 8412440.327688872814178 ], [ 3371558.604572358075529, 8412304.672905338928103 ], [ 3371528.85571631975472, 8412283.253728991374373 ], [ 3371431.279468515422195, 8412141.649174252524972 ], [ 3371476.497729693073779, 8412033.363338273018599 ], [ 3371367.021939474157989, 8411969.105809230357409 ], [ 3371481.257546660490334, 8411663.287569163367152 ], [ 3371795.405466420575976, 8411225.384408285841346 ], [ 3371885.841988775879145, 8411134.947885930538177 ], [ 3371862.042903945781291, 8411030.231912676244974 ], [ 3371700.209127099253237, 8410925.515939423814416 ], [ 3371800.165283386595547, 8410763.682162577286363 ], [ 3371881.082171809859574, 8410787.481247406452894 ], [ 3372004.837412927765399, 8410625.647470561787486 ], [ 3372119.07302011270076, 8409978.312363177537918 ], [ 3372328.504966620355844, 8409316.697804890573025 ], [ 3371783.505924005527049, 8408636.043978743255138 ], [ 3371666.89040833665058, 8408362.354503193870187 ], [ 3371769.226473107468337, 8408252.87871297262609 ], [ 3372097.653843766078353, 8408374.25404560752213 ], [ 3372430.841031390242279, 8408205.280543314293027 ], [ 3372092.894026800524443, 8407443.709828741848469 ], [ 3371689.499538926407695, 8407640.052278591319919 ], [ 3371527.665762080345303, 8407298.535411275923252 ], [ 3371405.10047520371154, 8407324.714404590427876 ], [ 3371403.910520962439477, 8407325.904358832165599 ], [ 3371345.602763128001243, 8407378.26234545558691 ], [ 3371265.875828945077956, 8407592.45410892739892 ], [ 3370958.86763463402167, 8407678.130814315751195 ], [ 3370568.562643414828926, 8407778.08697060123086 ], [ 3370259.174540620762855, 8407863.76367599144578 ], [ 3369507.123459982220083, 8407903.032165955752134 ], [ 3369439.296068215742707, 8407997.038551036268473 ], [ 3369365.518905242905021, 8407993.468688311055303 ], [ 3368193.695343116298318, 8407270.141332970932126 ], [ 3368020.906560994219035, 8407594.36298032104969 ], [ 3368060.974199415184557, 8407634.384027352556586 ], [ 3368141.891087837982923, 8407874.754784137010574 ], [ 3368184.729440532624722, 8408124.645174855366349 ], [ 3368251.366878057364374, 8408291.238768668845296 ], [ 3368384.641753107775003, 8408388.815016474574804 ], [ 3368548.855438436381519, 8408843.377536732703447 ], [ 3367851.542252907063812, 8409045.669757790863514 ], [ 3367316.417248679790646, 8409150.162051606923342 ], [ 3367256.564639614894986, 8408964.191444870084524 ], [ 3366604.040830664802343, 8409154.194530945271254 ], [ 3366271.16355159971863, 8409027.027929954230785 ], [ 3366047.571622765623033, 8409277.710834881290793 ], [ 3365833.379859292414039, 8409302.699873948469758 ], [ 3365250.302280949428678, 8409352.677952092140913 ], [ 3365081.328778652939945, 8409434.784794757142663 ], [ 3363294.017507894895971, 8408750.561105884611607 ], [ 3361937.469672564882785, 8408794.589412819594145 ], [ 3361863.692509591113776, 8408769.6003737449646 ], [ 3361180.325836771633476, 8408040.859253834933043 ], [ 3360509.809157619718462, 8408791.956241669133306 ], [ 3359410.415875577833503, 8409303.770340098068118 ], [ 3354590.068483205512166, 8408465.453763626515865 ], [ 3352618.380841867998242, 8406973.312701374292374 ], [ 3351655.039103011135012, 8405049.098278183490038 ], [ 3352000.209398688748479, 8403183.120901044458151 ], [ 3354350.017365915700793, 8401024.655022090300918 ], [ 3355616.774473306722939, 8400547.778560506179929 ], [ 3356018.865611913613975, 8400256.33010196685791 ], [ 3356401.374999087303877, 8399937.572279321029782 ], [ 3356421.796778615098447, 8399622.849583301693201 ], [ 3356111.238191349897534, 8398637.066770974546671 ], [ 3355834.694425496738404, 8398209.196529870852828 ], [ 3355289.010168811306357, 8398332.08100645057857 ], [ 3352522.097434788011014, 8398792.536237817257643 ], [ 3349702.575109448283911, 8399342.426729202270508 ], [ 3347825.458319950848818, 8400137.39352448657155 ], [ 3345051.869425410404801, 8400948.054285055026412 ], [ 3342043.029212863650173, 8401927.215248038992286 ], [ 3340682.457658254541457, 8401809.348010448738933 ], [ 3339792.343505704309791, 8402767.60746237449348 ], [ 3339469.732289447449148, 8403754.198085427284241 ], [ 3339365.176957767922431, 8405049.098278183490038 ], [ 3338672.522407128009945, 8405993.296321045607328 ], [ 3337892.556754039600492, 8407136.648151583969593 ], [ 3337122.715683971066028, 8408267.808306066319346 ], [ 3336940.885883080773056, 8409283.216368785127997 ], [ 3337183.134747727774084, 8411831.908811669796705 ], [ 3336457.75983847444877, 8413745.936031641438603 ], [ 3336027.220576271880418, 8415841.063285361975431 ], [ 3336167.833863416686654, 8418250.914052907377481 ], [ 3335679.952138271648437, 8419108.014656683430076 ], [ 3335973.475526507943869, 8419887.414166456088424 ], [ 3336106.833024251740426, 8421697.81504219584167 ], [ 3335363.85976296570152, 8424994.464617973193526 ], [ 3334428.335758114233613, 8427740.337921116501093 ], [ 3333137.46994633320719, 8431079.867010097950697 ], [ 3332580.872492175083607, 8432405.791830917820334 ], [ 3331259.5481808623299, 8433660.226346708834171 ], [ 3328870.222797787748277, 8434620.00744566693902 ], [ 3327014.897950593847781, 8435580.138861004263163 ], [ 3325468.793911265674978, 8436958.557013811543584 ], [ 3324324.676922162994742, 8437727.736315121874213 ], [ 3323995.954734317027032, 8437768.754012694582343 ], [ 3322252.897509463131428, 8437839.975821794942021 ], [ 3320212.040177550166845, 8438697.056066665798426 ], [ 3318010.388064866419882, 8439949.741568669676781 ], [ 3312574.286223269067705, 8441753.829330064356327 ], [ 3309574.844386972486973, 8442532.287611367180943 ], [ 3306969.143712691497058, 8442909.513437828049064 ], [ 3305230.29202335793525, 8443156.161093590781093 ], [ 3302425.253764123190194, 8443402.808749353513122 ], [ 3300916.661813586484641, 8443279.484921472147107 ], [ 3298722.356497457250953, 8443156.161093590781093 ], [ 3297422.466637853067368, 8443575.330934789031744 ], [ 3295552.667649214155972, 8443896.104060880839825 ], [ 3294515.79104391625151, 8444542.116442028433084 ], [ 3293835.505266611929983, 8444626.863365480676293 ], [ 3292544.199165887665004, 8444451.06128634698689 ], [ 3291578.19336919253692, 8444209.62450510635972 ], [ 3292011.102500204462558, 8447191.241269331425428 ], [ 3291299.89464211370796, 8447245.157569697126746 ], [ 3290370.237202601972967, 8447410.833155505359173 ], [ 3289125.756008445750922, 8447842.466553090140224 ], [ 3288455.063209749758244, 8448443.670214014127851 ], [ 3287839.168106073979288, 8449137.366745846346021 ], [ 3287682.011190085671842, 8449903.968052076175809 ], [ 3287710.780207902193069, 8450982.805407922714949 ], [ 3287672.615972420666367, 8451017.315620858222246 ], [ 3287631.609719402622432, 8451057.509868865832686 ], [ 3287346.595960804261267, 8451210.978815803304315 ], [ 3287275.139519901946187, 8451231.278941061347723 ], [ 3287254.02738963579759, 8451255.639091368764639 ], [ 3287243.471324502490461, 8451290.555306809023023 ], [ 3287252.809382120147347, 8451346.989655021578074 ], [ 3287305.589707786682993, 8451435.092198634520173 ], [ 3287399.782288976479322, 8451565.82500528357923 ], [ 3287424.142439283896238, 8451613.327298384159803 ], [ 3287451.750609632581472, 8451649.867523845285177 ], [ 3287477.32876745518297, 8451658.7995789591223 ], [ 3287517.117012957576662, 8451654.333551401272416 ], [ 3287545.94319082191214, 8451658.7995789591223 ], [ 3287563.807301047258079, 8451689.249766843393445 ], [ 3287562.589293532073498, 8451733.504039902240038 ], [ 3287542.695170780643821, 8451797.246433205902576 ], [ 3287522.801048029679805, 8451917.829177228733897 ], [ 3287507.778955339919776, 8452019.735806016251445 ], [ 3287483.41880503250286, 8452106.214339606463909 ], [ 3287486.26082256808877, 8452117.176407247781754 ], [ 3287498.846900227013975, 8452178.076783018186688 ], [ 3287536.605133203789592, 8452249.533223919570446 ], [ 3287538.229143224190921, 8452345.349815128371119 ], [ 3287522.801048029214144, 8452424.926306132227182 ], [ 3287498.440897721797228, 8452471.616594221442938 ], [ 3287498.440897721797228, 8452514.246857259422541 ], [ 3287506.154945319052786, 8452537.389000052586198 ], [ 3287493.974870165344328, 8452575.553235532715917 ], [ 3287507.778955339454114, 8452601.537395860999823 ], [ 3287496.816887701395899, 8452642.137646373361349 ], [ 3287524.425058049615473, 8452730.646192491054535 ], [ 3287563.807301046792418, 8452818.748736103996634 ], [ 3287628.361699362285435, 8452909.287294747307897 ], [ 3287655.563867205753922, 8453000.637858400121331 ], [ 3287687.23206260567531, 8453044.486128954216838 ], [ 3287707.126185357104987, 8453094.83043958991766 ], [ 3287705.502175336237997, 8453137.460702627897263 ], [ 3287684.390045069623739, 8453192.271040819585323 ], [ 3287705.502175336237997, 8453257.637444145977497 ], [ 3287702.254155295435339, 8453341.679962705820799 ], [ 3287679.518015008419752, 8453451.300639091059566 ], [ 3287642.977789546828717, 8453507.328984797000885 ], [ 3287629.579706877935678, 8453549.959247838705778 ], [ 3287602.377539034467191, 8453588.123483320698142 ], [ 3287575.987376200966537, 8453597.461540937423706 ], [ 3287542.695170780643821, 8453625.881716296076775 ], [ 3287490.72685012454167, 8453619.791678719222546 ], [ 3287448.096587086562067, 8453627.911728821694851 ], [ 3287408.714344089385122, 8453650.647869110107422 ], [ 3287385.572201297152787, 8453703.834197280928493 ], [ 3287383.136186266317964, 8453745.246452804654837 ], [ 3287393.692251399625093, 8453761.892555514350533 ], [ 3287411.96236413018778, 8453765.952580565586686 ], [ 3287430.232476860750467, 8453755.396515432745218 ], [ 3287439.164531973656267, 8453734.284385165199637 ], [ 3287456.216637189034373, 8453702.210187260061502 ], [ 3287469.614719857927412, 8453688.812104592099786 ], [ 3287501.688917763065547, 8453693.278132148087025 ], [ 3287518.335020473226905, 8453700.992179745808244 ], [ 3287524.425058050081134, 8453748.088470339775085 ], [ 3287498.440897722262889, 8453792.342743398621678 ], [ 3287455.810634683817625, 8453819.544911241158843 ], [ 3287426.984456819947809, 8453845.123069064691663 ], [ 3287413.586374151520431, 8453886.535324584692717 ], [ 3287424.14243928482756, 8453939.721652757376432 ], [ 3287482.20079751778394, 8453985.599935837090015 ], [ 3287588.573453860823065, 8454017.674133740365505 ], [ 3287681.142025029752403, 8454068.830449387431145 ], [ 3287713.622225439641625, 8454090.754584664478898 ], [ 3287734.734355706255883, 8454123.640787579119205 ], [ 3287754.628478457219899, 8454139.068882774561644 ], [ 3287767.214556116145104, 8454171.54908318631351 ], [ 3287896.729355251416564, 8454492.697064740583301 ], [ 3287938.953615784645081, 8454569.025535704568028 ], [ 3288015.688089252915233, 8454657.534081818535924 ], [ 3288033.95820198347792, 8454684.736249662935734 ], [ 3288064.408389868214726, 8454713.562427526339889 ], [ 3288090.392550196032971, 8454725.742502680048347 ], [ 3288133.022813234478235, 8454737.922577833756804 ], [ 3288180.119103828910738, 8454750.102652987465262 ], [ 3288208.945281692780554, 8454757.816700585186481 ], [ 3288222.749366867356002, 8454767.154758203774691 ], [ 3288241.019479597918689, 8454785.424870934337378 ], [ 3288259.289592328481376, 8454794.356926046311855 ], [ 3288274.311685018241405, 8454809.785021241754293 ], [ 3288297.45382781047374, 8454834.145171549171209 ], [ 3288307.603890438564122, 8454859.723329372704029 ], [ 3288301.513852861709893, 8454902.353592410683632 ], [ 3288292.581797748804092, 8454943.765847932547331 ], [ 3288269.845657461788505, 8454978.276060868054628 ], [ 3288265.379629905335605, 8455045.266474215313792 ], [ 3288258.883589823264629, 8455097.234794870018959 ], [ 3288253.199554751627147, 8455144.737087970599532 ], [ 3288248.733527195174247, 8455184.525333473458886 ], [ 3288245.485507153905928, 8455210.509493801742792 ], [ 3288245.485507153905928, 8455237.711661644279957 ], [ 3288239.395469577051699, 8455277.499907147139311 ], [ 3288236.959454546216875, 8455340.836297946050763 ], [ 3288253.605557256378233, 8455528.409455314278603 ], [ 3288279.995720089878887, 8455604.737926280125976 ], [ 3288325.468000663910061, 8455691.216459872201085 ], [ 3288362.008226125501096, 8455744.808790547773242 ], [ 3288410.728526740800589, 8455772.010958392173052 ], [ 3288447.268752201925963, 8455804.085156295448542 ], [ 3288464.320857417304069, 8455845.0914093144238 ], [ 3288480.560957622714341, 8456139.03722302429378 ], [ 3288475.688927561044693, 8456160.555355796590447 ], [ 3288399.766459102742374, 8456254.747936986386776 ], [ 3288378.654328836128116, 8456317.272322775796056 ], [ 3288385.962373928166926, 8456357.872573288157582 ], [ 3288418.0365718328394, 8456434.607046756893396 ], [ 3288410.322524235583842, 8456465.057234641164541 ], [ 3288398.142449081875384, 8456487.793374927714467 ], [ 3288358.760206084232777, 8456496.72543004155159 ], [ 3288336.02406579721719, 8456486.169364908710122 ], [ 3288311.663915489800274, 8456477.237309794872999 ], [ 3288288.927775202784687, 8456497.131432546302676 ], [ 3288305.573877912946045, 8456562.497835870832205 ], [ 3288313.287925510201603, 8456657.09641956537962 ], [ 3288343.332110889721662, 8456810.565366500988603 ], [ 3288329.528025715611875, 8456833.301506787538528 ], [ 3288302.325857872143388, 8456841.015554385259748 ], [ 3288276.747700049076229, 8456810.159363996237516 ], [ 3288245.891509659588337, 8456750.882998248562217 ], [ 3288223.15536937257275, 8456739.108925599604845 ], [ 3288191.081171467434615, 8456743.168950650840998 ], [ 3288173.217061242088675, 8456846.69958945736289 ], [ 3288073.746447486337274, 8457039.1447768881917 ], [ 3288044.920269622001797, 8457063.098924688994884 ], [ 3288018.936109294183552, 8457063.098924688994884 ], [ 3288002.290006584022194, 8457049.294839516282082 ], [ 3287994.575958986766636, 8457024.934689207002521 ], [ 3288031.11618444789201, 8456959.568285882472992 ], [ 3288025.026146871037781, 8456935.208135575056076 ], [ 3287917.435483012814075, 8456906.381957711651921 ], [ 3287830.144944410771132, 8456892.983875041827559 ], [ 3287806.190796608105302, 8456917.344025349244475 ], [ 3287807.814806628506631, 8456942.922183172777295 ], [ 3287911.345445435959846, 8457034.27274682559073 ], [ 3287933.675583217758685, 8457063.504927195608616 ], [ 3287932.457575702108443, 8457093.549112575128675 ], [ 3287909.315432910341769, 8457110.601217793300748 ], [ 3287848.41505714179948, 8457126.029312988743186 ], [ 3287796.446736485231668, 8457156.073498368263245 ], [ 3287763.154531064908952, 8457186.117683745920658 ], [ 3287757.47049599327147, 8457232.401969330385327 ], [ 3287818.370871762279421, 8457320.910515448078513 ], [ 3287842.731022069696337, 8457387.494926288723946 ], [ 3288016.50009426381439, 8457621.352369241416454 ], [ 3288027.868164407555014, 8457679.816729977726936 ], [ 3288018.936109294649214, 8457756.145200941711664 ], [ 3288016.50009426381439, 8457798.369461474940181 ], [ 3288056.288339766208082, 8457844.65374705940485 ], [ 3288480.154955117963254, 8458102.059335308149457 ], [ 3288531.31127076363191, 8458139.411565778777003 ], [ 3288571.099516266025603, 8458233.604146968573332 ], [ 3288582.467586409766227, 8458306.68459789082408 ], [ 3288567.851496225222945, 8458413.057254234328866 ], [ 3288569.475506245158613, 8458507.249835424125195 ], [ 3288536.183300824835896, 8458577.082266306504607 ], [ 3288545.115355937276036, 8458745.167303428053856 ], [ 3288557.295431091450155, 8458845.043919689953327 ], [ 3288507.763125466182828, 8458970.092691266909242 ], [ 3288505.327110435348004, 8459046.42116223089397 ], [ 3288529.68726074276492, 8459152.793818572536111 ], [ 3288572.723526286426932, 8459246.986399762332439 ], [ 3288614.947786819189787, 8459307.886775530874729 ], [ 3288632.811897045001388, 8459359.043091177940369 ], [ 3288694.524277823977172, 8459450.799657335504889 ], [ 3288709.952373018953949, 8459594.524544149637222 ], [ 3288683.156207680702209, 8459664.356975032016635 ], [ 3288670.164127516560256, 8459698.461185462772846 ], [ 3288666.916107475757599, 8459752.865521149709821 ], [ 3288685.592222711537033, 8459792.65376665070653 ], [ 3288728.628488254733384, 8459807.269856836646795 ], [ 3288882.909440202638507, 8459828.381987102329731 ], [ 3288962.485931207425892, 8459896.590407963842154 ], [ 3289038.002397160977125, 8459978.602913998067379 ], [ 3289072.106607591733336, 8460014.33113444969058 ], [ 3289129.758963319472969, 8460002.963064305484295 ], [ 3289163.051168739795685, 8460020.827174531295896 ], [ 3289198.779389190953225, 8460033.007249685004354 ], [ 3289257.243749929126352, 8460039.503289768472314 ], [ 3289315.708110667299479, 8460045.187324838712811 ], [ 3289336.820240933913738, 8460041.939304798841476 ], [ 3289370.112446354236454, 8460005.399079337716103 ], [ 3289394.47259666165337, 8459981.038929030299187 ], [ 3289396.908611692488194, 8459925.822588331997395 ], [ 3289403.40465177455917, 8459852.742137409746647 ], [ 3289430.20081711281091, 8459807.269856836646795 ], [ 3289464.30502754310146, 8459737.437425954267383 ], [ 3289473.23708265600726, 8459673.289030143991113 ], [ 3289433.448837153613567, 8459560.420333718881011 ], [ 3289434.260842164047062, 8459506.015998031944036 ], [ 3289458.620992471463978, 8459479.219832694157958 ], [ 3289509.777308117598295, 8459497.083942919969559 ], [ 3289625.894024583511055, 8459576.660433923825622 ], [ 3289701.410490537062287, 8459676.537050185725093 ], [ 3289738.762721008621156, 8459695.213165421038866 ], [ 3289807.783146880101413, 8459722.821335770189762 ], [ 3289859.751467536203563, 8459755.301536180078983 ], [ 3289972.620163961313665, 8459795.90178669244051 ], [ 3290173.185401493217796, 8459944.498703569173813 ], [ 3290285.242092908360064, 8459949.370733629912138 ], [ 3290389.178734220564365, 8459928.258603362366557 ], [ 3290470.37923524575308, 8459812.14188689738512 ], [ 3290556.451766332611442, 8459690.341135358437896 ], [ 3290599.488031875807792, 8459675.725045174360275 ], [ 3290681.500537911430001, 8459709.017250593751669 ], [ 3290778.129134131595492, 8459779.661686485633254 ], [ 3290802.489284439012408, 8459916.078528208658099 ], [ 3290748.084948752075434, 8459979.414919007569551 ], [ 3290718.040763373021036, 8460098.779655516147614 ], [ 3290726.972818485461175, 8460153.995996212586761 ], [ 3290751.332968793343753, 8460193.784241715446115 ], [ 3290803.301289449445903, 8460196.220256745815277 ], [ 3290919.41800591442734, 8460218.956397032365203 ], [ 3291247.468030056450516, 8460358.621258797124028 ], [ 3291344.908631286583841, 8460365.117298878729343 ], [ 3291413.117052147630602, 8460382.981409104540944 ], [ 3291466.709382824599743, 8460400.8455193284899 ], [ 3291515.429683439433575, 8460430.077699698507786 ], [ 3291564.149984054733068, 8460394.349479246884584 ], [ 3291582.014094280079007, 8460345.629178632050753 ], [ 3291827.23960737651214, 8460327.765068406239152 ], [ 3291849.975747663527727, 8460296.908878017216921 ], [ 3291845.915722613222897, 8460276.608752757310867 ], [ 3291781.767326802946627, 8460266.864692633971572 ], [ 3291757.407176495529711, 8460242.504542326554656 ], [ 3291758.219181505963206, 8460175.920131485909224 ], [ 3291801.255447049159557, 8460142.627926064655185 ], [ 3291895.448028238490224, 8460160.492036290466785 ], [ 3291968.528479161206633, 8460166.988076372072101 ], [ 3291998.57266454026103, 8460166.176071362569928 ], [ 3292013.188754724804312, 8460120.703790787607431 ], [ 3291964.46845410997048, 8460032.195244671776891 ], [ 3291983.956574355717748, 8459938.002663481980562 ], [ 3292251.106222729198635, 8459664.356975026428699 ], [ 3292503.639780917670578, 8459613.200659381225705 ], [ 3292595.396347076166421, 8459631.064769607037306 ], [ 3292655.484717834740877, 8459676.537050180137157 ], [ 3292670.912813029251993, 8459737.437425950542092 ], [ 3292686.34090822422877, 8459749.61750110425055 ], [ 3292729.37717376742512, 8459734.189405908808112 ], [ 3292774.849454341456294, 8459621.32070948369801 ], [ 3292860.109980417881161, 8459560.420333715155721 ], [ 3292917.762336145620793, 8459549.05226357281208 ], [ 3293006.270882263313979, 8459544.992238521575928 ], [ 3293054.991182878147811, 8459575.848428910598159 ], [ 3293054.991182878147811, 8459624.568729525431991 ], [ 3293088.283388298470527, 8459636.748804679140449 ], [ 3293119.139578688424081, 8459600.208579218015075 ], [ 3293180.03995445696637, 8459579.096448952332139 ], [ 3293227.948250061832368, 8459612.388654371723533 ], [ 3293310.772761107888073, 8459609.140634331852198 ], [ 3293408.213362338021398, 8459536.872188419103622 ], [ 3293521.082058763131499, 8459524.692113265395164 ], [ 3293546.25421408098191, 8459465.821750020608306 ], [ 3293571.426369398832321, 8459426.033504517748952 ], [ 3293620.146670013666153, 8459435.777564641088247 ], [ 3293681.047045782674104, 8459451.20565983466804 ], [ 3293729.767346397973597, 8459443.897614743560553 ], [ 3293768.743586889933795, 8459398.425334168598056 ], [ 3293811.779852433130145, 8459246.580397251993418 ], [ 3293875.11624323297292, 8459151.575811052694917 ], [ 3293868.620203150901943, 8459130.463680785149336 ], [ 3293854.004112966358662, 8459106.10353047773242 ], [ 3293695.663135967217386, 8459140.207740908488631 ], [ 3293631.514740157406777, 8459149.139796022325754 ], [ 3293592.538499664980918, 8459124.779645714908838 ], [ 3293613.650629931595176, 8459081.743380170315504 ], [ 3293695.663135967217386, 8459039.519119637086987 ], [ 3293774.427621961571276, 8459020.843004401773214 ], [ 3293793.103737197350711, 8458975.370723828673363 ], [ 3293786.607697115279734, 8458929.898443253710866 ], [ 3293722.459301305469126, 8458850.321952249854803 ], [ 3293720.023286274634302, 8458762.62541114166379 ], [ 3293741.947421551682055, 8458743.949295906350017 ], [ 3293766.307571859098971, 8458750.445335987955332 ], [ 3293802.847797320690006, 8458759.37739109992981 ], [ 3293836.140002741012722, 8458740.701275864616036 ], [ 3293838.576017771381885, 8458683.048920137807727 ], [ 3293832.891982699744403, 8458606.720449173822999 ], [ 3293857.252133007161319, 8458546.632078414782882 ], [ 3293912.468473704531789, 8458546.632078414782882 ], [ 3293945.760679124854505, 8458564.496188640594482 ], [ 3293969.308824422303587, 8458549.068093445152044 ], [ 3293978.240879534743726, 8458472.739622481167316 ], [ 3294006.661054893862456, 8458411.839246712625027 ], [ 3294063.501405611168593, 8458372.86300622113049 ], [ 3294115.469726267736405, 8458393.163131477311254 ], [ 3294208.038297436665744, 8458388.291101416572928 ], [ 3294243.766517887823284, 8458394.787141498178244 ], [ 3294305.478898666799068, 8458404.531201621517539 ], [ 3294372.063309507444501, 8458393.163131477311254 ], [ 3294396.423459814861417, 8458355.810901006683707 ], [ 3294402.919499896932393, 8458337.946790780872107 ], [ 3294402.919499896932393, 8458289.226490166038275 ], [ 3294407.791529958602041, 8458234.010149469599128 ], [ 3294432.151680266018957, 8458125.201478095725179 ], [ 3294445.14376043016091, 8458107.337367869913578 ], [ 3294536.088321578223258, 8458052.121027171611786 ], [ 3294597.800702357664704, 8458021.264836782589555 ], [ 3294640.024962890893221, 8458016.39280672185123 ], [ 3294724.473483956884593, 8458040.752957029268146 ], [ 3294761.825714428443462, 8458065.113107336685061 ], [ 3294821.914085187017918, 8458094.345287704840302 ], [ 3294865.762355740647763, 8458087.849247623234987 ], [ 3294901.490576191805303, 8458069.985137397423387 ], [ 3294943.71483672503382, 8458027.76087686419487 ], [ 3294981.067067196592689, 8457990.408646393567324 ], [ 3295029.78736781142652, 8457985.536616330966353 ], [ 3295109.363858816213906, 8457979.040576249361038 ], [ 3295158.084159431513399, 8457961.176466023549438 ], [ 3295200.308419964741915, 8457941.688345778733492 ], [ 3295236.036640415433794, 8457930.320275634527206 ], [ 3295223.044560251757503, 8457888.09601510129869 ], [ 3295198.684409943874925, 8457870.231904875487089 ], [ 3295156.46014941111207, 8457883.223985040560365 ], [ 3295114.235888877883554, 8457907.584135347977281 ], [ 3295070.387618324253708, 8457917.328195471316576 ], [ 3295028.163357791025192, 8457912.456165408715606 ], [ 3295005.427217504009604, 8457899.464085245504975 ], [ 3295005.427217504009604, 8457850.743784630671144 ], [ 3295016.795287647750229, 8457819.887594239786267 ], [ 3295036.283407893497497, 8457777.663333706557751 ], [ 3295078.507668426726013, 8457735.439073173329234 ], [ 3295138.596039185300469, 8457693.214812640100718 ], [ 3295200.308419964741915, 8457655.862582169473171 ], [ 3295309.117091338150203, 8457613.638321636244655 ], [ 3295426.045812814496458, 8457534.061830632388592 ], [ 3295523.486414045095444, 8457491.837570099160075 ], [ 3295632.295085418503731, 8457473.973459873348475 ], [ 3295792.858310200273991, 8457343.465260308235884 ], [ 3295338.255569314118475, 8457387.816747225821018 ], [ 3294983.443673987872899, 8457249.218350613489747 ], [ 3294728.422624222934246, 8456927.670070473104715 ], [ 3294584.280291746836156, 8456351.100740568712354 ], [ 3294551.016676560044289, 8455519.510360898450017 ], [ 3294534.384868966415524, 8454937.397095128893852 ], [ 3294534.384868966415524, 8454604.760943261906505 ], [ 3294611.999971068929881, 8454249.94904793612659 ], [ 3294767.230175273958594, 8453872.961409151554108 ], [ 3295011.163353310432285, 8453313.02388684079051 ], [ 3295343.799505178816617, 8452570.136481001973152 ], [ 3295676.435657046735287, 8451988.023215234279633 ], [ 3296009.071808914653957, 8451566.684089533984661 ], [ 3296463.674549801275134, 8451250.679745258763433 ], [ 3297040.243879705667496, 8451040.010182408615947 ], [ 3297644.532888933084905, 8450812.708811964839697 ], [ 3298276.541577482130378, 8450568.775633927434683 ], [ 3298880.830586709082127, 8450385.825750401243567 ], [ 3299457.399916613474488, 8450263.859161384403706 ], [ 3299956.354144415818155, 8450136.348636500537395 ], [ 3300377.693270115647465, 8450003.294175755232573 ], [ 3300837.839946866501123, 8449920.135137787088752 ], [ 3301336.794174668379128, 8449886.871522599831223 ], [ 3301813.57265901286155, 8449864.695779141038656 ], [ 3302268.175399899482727, 8449853.60790741443634 ], [ 3302683.970589734613895, 8449953.39875297434628 ], [ 3303060.958228518255055, 8450164.068315822631121 ], [ 3303454.577674895059317, 8450352.562135213986039 ], [ 3303864.828928865958005, 8450518.880211150273681 ], [ 3304197.465080733876675, 8450602.039249116554856 ], [ 3304452.486130499280989, 8450602.039249116554856 ], [ 3304724.138987858314067, 8450724.005838135257363 ], [ 3305012.423652810975909, 8450967.939016170799732 ], [ 3305178.741728744935244, 8451278.399424580857158 ], [ 3305223.093215660657734, 8451655.38706336542964 ], [ 3305406.043099188245833, 8451976.935343503952026 ], [ 3305727.591379326768219, 8452243.044264998286963 ], [ 3306099.035082246176898, 8452376.098725745454431 ], [ 3306520.374207946006209, 8452376.098725745454431 ], [ 3307041.504179205745459, 8452353.922982288524508 ], [ 3307662.424996026325971, 8452309.571495370939374 ], [ 3308183.554967286065221, 8452198.692778082564473 ], [ 3308604.894092985894531, 8452021.286830419674516 ], [ 3309020.689282821025699, 8451954.759600045159459 ], [ 3309430.940536791458726, 8451999.111086962744594 ], [ 3309885.543277678079903, 8452104.445868387818336 ], [ 3310384.497505479957908, 8452270.763944320380688 ], [ 3310822.468438772950321, 8452337.291174693033099 ], [ 3311199.456077556591481, 8452304.027559507638216 ], [ 3311471.108934915624559, 8452204.236713945865631 ], [ 3311637.427010849583894, 8452037.91863801330328 ], [ 3311825.920830241404474, 8451810.61726756952703 ], [ 3312036.59039309155196, 8451522.332602616399527 ], [ 3312103.117623465135694, 8451150.888899696990848 ], [ 3312025.502521362155676, 8450696.286158811300993 ], [ 3311859.184445428196341, 8450280.490968976169825 ], [ 3311604.163395663257688, 8449903.503330191597342 ], [ 3311493.284678373951465, 8449504.339947950094938 ], [ 3311526.548293560277671, 8449083.000822251662612 ], [ 3311648.514882578514516, 8448833.52370835095644 ], [ 3311859.184445428662002, 8448755.908606246113777 ], [ 3312047.678264820482582, 8448717.101055195555091 ], [ 3312213.996340753976256, 8448717.101055195555091 ], [ 3312358.138673230074346, 8448633.94201722741127 ], [ 3312480.105262248776853, 8448467.623941294848919 ], [ 3312441.297711197286844, 8448279.130121903494 ], [ 3312241.716020076535642, 8448068.460559053346515 ], [ 3311958.975290988571942, 8447818.983445152640343 ], [ 3311593.075523933395743, 8447530.698780201375484 ], [ 3311365.774153490550816, 8447325.573153216391802 ], [ 3311277.071179659105837, 8447203.606564197689295 ], [ 3311171.736398234032094, 8446893.146155787631869 ], [ 3311049.76980921626091, 8446394.19192798435688 ], [ 3311127.384911318775266, 8446078.187583710998297 ], [ 3311404.581704542040825, 8445945.133122961968184 ], [ 3311692.866369494237006, 8445817.622598079964519 ], [ 3311992.23890617582947, 8445695.656009061262012 ], [ 3312202.908469025511295, 8445468.354638617485762 ], [ 3312324.875058043282479, 8445135.718486750498414 ], [ 3312469.017390519380569, 8444908.417116306722164 ], [ 3312635.335466453805566, 8444786.450527288019657 ], [ 3313089.938207339961082, 8444803.082334881648421 ], [ 3313832.825613179244101, 8444958.312539087608457 ], [ 3314353.955584438983351, 8445141.262422615662217 ], [ 3314653.328121120110154, 8445351.931985463947058 ], [ 3314902.805235021281987, 8445623.584842823445797 ], [ 3315102.38692614203319, 8445956.220994690433145 ], [ 3315202.177771702408791, 8446394.19192798435688 ], [ 3315202.177771702408791, 8446937.497642703354359 ], [ 3315202.177771702408791, 8447225.782307654619217 ], [ 3315202.177771702408791, 8447259.045922841876745 ], [ 3315496.006372519303113, 8447441.995806369930506 ], [ 3316083.663574153091758, 8447774.631958236917853 ], [ 3316399.667918427847326, 8447963.125777628272772 ], [ 3316444.019405343569815, 8448007.477264545857906 ], [ 3316505.002699852921069, 8448218.146827394142747 ], [ 3316582.617801955435425, 8448595.134466178715229 ], [ 3316604.79354541329667, 8448988.75391255505383 ], [ 3316571.529930226504803, 8449399.005166526883841 ], [ 3316549.354186768643558, 8449814.800356362015009 ], [ 3316538.266315039712936, 8450236.139482060447335 ], [ 3316599.249609548598528, 8450485.616595961153507 ], [ 3316732.304070295765996, 8450563.231698064133525 ], [ 3316981.781184196937829, 8450602.039249114692211 ], [ 3317347.680951251648366, 8450602.039249114692211 ], [ 3317680.317103120032698, 8450585.407441521063447 ], [ 3317979.68963980069384, 8450552.143826335668564 ], [ 3318251.342497159726918, 8450596.495313251391053 ], [ 3318495.27567519666627, 8450718.461902268230915 ], [ 3318722.577045639976859, 8450901.411785796284676 ], [ 3318933.246608489193022, 8451145.34496383368969 ], [ 3319099.564684423152357, 8451350.470590818673372 ], [ 3319221.531273441389203, 8451516.788666753098369 ], [ 3319326.866054866462946, 8451766.265780653804541 ], [ 3319415.569028698373586, 8452098.901932520791888 ], [ 3319293.60243968013674, 8452398.274469202384353 ], [ 3318960.966287811752409, 8452664.383390696719289 ], [ 3318694.857366317417473, 8452980.387734971940517 ], [ 3318495.27567519666627, 8453346.287502026185393 ], [ 3318313.153532112948596, 8453663.697080016136169 ], [ 3318148.490937065798789, 8453932.616468943655491 ], [ 3318102.061292057391256, 8454079.236400550231338 ], [ 3318218.925872252322733, 8454118.819564810022712 ], [ 3318366.764161971397698, 8454187.810766676440835 ], [ 3318514.602451690007001, 8454272.817783266305923 ], [ 3318662.440741409547627, 8454373.840614574030042 ], [ 3318810.279031128622591, 8454490.879260601475835 ], [ 3318958.117320847231895, 8454623.933721348643303 ], [ 3319114.579510800074786, 8454715.100666673853993 ], [ 3319279.665600986219943, 8454764.380096580833197 ], [ 3319453.375591406133026, 8454771.772011067718267 ], [ 3319635.709482059348375, 8454737.276410132646561 ], [ 3319874.367281311191618, 8454694.463356291875243 ], [ 3320169.348989161197096, 8454643.33284953981638 ], [ 3320520.654605609830469, 8454583.884889882057905 ], [ 3320928.284130657091737, 8454516.11947731487453 ], [ 3321273.614232199266553, 8454450.958162348717451 ], [ 3321556.644910236820579, 8454388.400944981724024 ], [ 3321777.376164769753814, 8454328.447825213894248 ], [ 3321935.807995797600597, 8454271.098803047090769 ], [ 3322126.250064394902438, 8454221.174086928367615 ], [ 3322348.702370561193675, 8454178.673676855862141 ], [ 3322603.164914296474308, 8454143.597572831436992 ], [ 3322889.637695601209998, 8454115.945774856954813 ], [ 3323136.523911018390208, 8454073.03118291683495 ], [ 3323343.823560548946261, 8454014.853797012940049 ], [ 3323511.536644192412496, 8453941.413617145270109 ], [ 3323639.66316194832325, 8453852.71064331382513 ], [ 3323755.057927701622248, 8453782.059182982891798 ], [ 3323857.720941451843828, 8453729.459236150607467 ], [ 3323947.652203198522329, 8453694.910802818834782 ], [ 3324024.851712942589074, 8453678.413882985711098 ], [ 3324092.932222626172006, 8453645.003951894119382 ], [ 3324151.893732250202447, 8453594.681009542196989 ], [ 3324201.736241813749075, 8453527.445055931806564 ], [ 3324242.459751317277551, 8453443.296091061085463 ], [ 3324280.315445397980511, 8453342.037733783945441 ], [ 3324315.303324054926634, 8453223.66998409666121 ], [ 3324347.42338728858158, 8453088.192842004820704 ], [ 3324376.675635098945349, 8452935.606307504698634 ], [ 3324395.366437166463584, 8452790.213511435315013 ], [ 3324403.495793491136283, 8452652.014453796669841 ], [ 3324401.063704072963446, 8452521.009134588763118 ], [ 3324388.070168911945075, 8452397.197553811594844 ], [ 3324370.680788295343518, 8452282.253091290593147 ], [ 3324348.895562224090099, 8452176.175747023895383 ], [ 3324322.714490696787834, 8452078.965521015226841 ], [ 3324292.137573714833707, 8451990.622413262724876 ], [ 3324277.568703046068549, 8451898.830372978001833 ], [ 3324279.0078786900267, 8451803.589400161057711 ], [ 3324296.455100647173822, 8451704.8994948156178 ], [ 3324329.910368918441236, 8451602.76065693795681 ], [ 3324358.312364628538489, 8451504.183910492807627 ], [ 3324381.661087779328227, 8451409.16925548389554 ], [ 3324399.956538368482143, 8451317.71669190749526 ], [ 3324413.198716396465898, 8451229.826219763606787 ], [ 3324413.931485703215003, 8451133.850109223276377 ], [ 3324402.154846287332475, 8451029.78836028650403 ], [ 3324377.868798148818314, 8450917.640972949564457 ], [ 3324341.073341288603842, 8450797.407947212457657 ], [ 3324314.543622941244394, 8450674.177467007189989 ], [ 3324298.279643107205629, 8450547.949532333761454 ], [ 3324292.28140178648755, 8450418.72414318844676 ], [ 3324296.548898978624493, 8450286.501299571245909 ], [ 3324301.98331072088331, 8450162.628272701054811 ], [ 3324308.584637014195323, 8450047.105062581598759 ], [ 3324316.352877857163548, 8449939.93166920542717 ], [ 3324325.288033249787986, 8449841.10809257812798 ], [ 3324331.378585717640817, 8449755.365416292101145 ], [ 3324334.624535259325057, 8449682.703640347346663 ], [ 3324335.025881875772029, 8449623.122764745727181 ], [ 3324332.582625566981733, 8449576.622789485380054 ], [ 3324332.947248364333063, 8449518.610081458464265 ], [ 3324336.119750268291682, 8449449.08464066311717 ], [ 3324342.100131278857589, 8449368.046467101201415 ], [ 3324350.888391395565122, 8449275.495560772716999 ], [ 3324377.807351319584996, 8449164.81085847876966 ], [ 3324422.857011050917208, 8449035.992360221222043 ], [ 3324486.037370589096099, 8448889.040066 ], [ 3324567.348429935052991, 8448723.95397581346333 ], [ 3324672.067218486219645, 8448597.059443805366755 ], [ 3324800.193736242130399, 8448508.356469973921776 ], [ 3324951.727983204182237, 8448457.845054319128394 ], [ 3325126.669959371909499, 8448445.5251968447119 ], [ 3325320.09172175405547, 8448450.453139834105968 ], [ 3325531.993270351085812, 8448472.628883292898536 ], [ 3325762.374605163000524, 8448512.052427217364311 ], [ 3326011.235726190265268, 8448568.72377160936594 ], [ 3326267.48876170348376, 8448583.507600581273437 ], [ 3326531.13371170219034, 8448556.403914133086801 ], [ 3326802.170576186850667, 8448487.412712264806032 ], [ 3327080.599355157464743, 8448376.533994972705841 ], [ 3327399.683663801290095, 8448282.287085277959704 ], [ 3327759.423502117395401, 8448204.671983174979687 ], [ 3328159.818870106246322, 8448143.688688665628433 ], [ 3328600.86976776830852, 8448099.337201751768589 ], [ 3328963.689570453483611, 8448054.369721964001656 ], [ 3329248.278278162702918, 8448008.786249298602343 ], [ 3329454.635890895500779, 8447962.586783763021231 ], [ 3329582.762408651877195, 8447915.771325351670384 ], [ 3329729.394375339150429, 8447865.741324132308364 ], [ 3329894.53179095685482, 8447812.496780104935169 ], [ 3330078.17465550545603, 8447756.037693267688155 ], [ 3330280.322968984488398, 8447696.364063622429967 ], [ 3330449.757334793452173, 8447640.739441689103842 ], [ 3330586.477752932347357, 8447589.163827463984489 ], [ 3330690.484223400242627, 8447541.637220952659845 ], [ 3330761.776746198534966, 8447498.159622151404619 ], [ 3330831.585321463644505, 8447465.5514230504632 ], [ 3330899.909949195571244, 8447443.812623649835587 ], [ 3330966.750629394780844, 8447432.943223951384425 ], [ 3331032.107362061273307, 8447432.943223951384425 ], [ 3331089.86390522820875, 8447436.398222772404552 ], [ 3331140.020258895587176, 8447443.308220414444804 ], [ 3331182.576423063408583, 8447453.673216877505183 ], [ 3331217.532397731672972, 8447467.493212161585689 ], [ 3331251.228561541996896, 8447483.547571629285812 ], [ 3331283.664914494846016, 8447501.8362952824682 ], [ 3331314.84145658928901, 8447522.35938311740756 ], [ 3331344.758187826257199, 8447545.11683513969183 ], [ 3331387.235544110648334, 8447552.057047512382269 ], [ 3331442.273525441996753, 8447543.180020239204168 ], [ 3331509.872131820302457, 8447518.485753320157528 ], [ 3331590.031363246031106, 8447477.974246751517057 ], [ 3331665.199642105493695, 8447426.095289444550872 ], [ 3331735.376968397758901, 8447362.848881393671036 ], [ 3331800.563342123758048, 8447288.235022602602839 ], [ 3331860.758763283025473, 8447202.253713069483638 ], [ 3331910.379246401134878, 8447120.780859835445881 ], [ 3331949.424791479017586, 8447043.816462904214859 ], [ 3331977.895398515742272, 8446971.360522273927927 ], [ 3331995.791067511308938, 8446903.413037944585085 ], [ 3332045.520113868173212, 8446835.12394317984581 ], [ 3332127.08253758540377, 8446766.493237979710102 ], [ 3332240.478338663000613, 8446697.520922340452671 ], [ 3332385.707517101895064, 8446628.206996267661452 ], [ 3332556.231199385598302, 8446522.669128507375717 ], [ 3332752.049385514110327, 8446380.907319061458111 ], [ 3332973.162075488362461, 8446202.921567928045988 ], [ 3333219.569269307889044, 8445988.711875107139349 ], [ 3333445.64618721883744, 8445804.646876286715269 ], [ 3333651.392829221207649, 8445650.726571463048458 ], [ 3333836.809195315465331, 8445526.950960641726851 ], [ 3334001.895285502076149, 8445433.320043819025159 ], [ 3334169.445347183384001, 8445347.081041483208537 ], [ 3334339.459380359854549, 8445268.233953632414341 ], [ 3334511.937385031953454, 8445196.778780268505216 ], [ 3334686.879361199680716, 8445132.715521393343806 ], [ 3334869.213251853361726, 8445063.724319525063038 ], [ 3335058.939056992065161, 8444989.80517466366291 ], [ 3335256.056776617653668, 8444910.958086812868714 ], [ 3335460.566410728730261, 8444827.183055972680449 ], [ 3335645.980265751015395, 8444764.351782841607928 ], [ 3335812.29834168497473, 8444722.464267419651151 ], [ 3335959.520638530608267, 8444701.520509710535407 ], [ 3336087.647156286984682, 8444701.520509710535407 ], [ 3336235.910516863688827, 8444692.009434912353754 ], [ 3336404.3107202607207, 8444672.987285319715738 ], [ 3336592.847766477614641, 8444644.45406092889607 ], [ 3336801.52165551437065, 8444606.409761741757393 ], [ 3336978.063932723365724, 8444569.675057545304298 ], [ 3337122.474598103668541, 8444534.249948341399431 ], [ 3337234.753651656210423, 8444500.134434128180146 ], [ 3337314.901093380525708, 8444467.328514909371734 ], [ 3337413.833698136731982, 8444423.572144534438848 ], [ 3337531.55146592669189, 8444368.865323003381491 ], [ 3337668.054396747611463, 8444303.208050321787596 ], [ 3337823.342490600422025, 8444226.600326484069228 ], [ 3337994.290121298283339, 8444133.869374040514231 ], [ 3338180.897288840264082, 8444025.015192989259958 ], [ 3338383.163993226364255, 8443900.037783330306411 ], [ 3338601.09023445751518, 8443758.937145065516233 ], [ 3338781.53673064801842, 8443639.707252006977797 ], [ 3338924.503481796942651, 8443542.3481041546911 ], [ 3339029.990487907081842, 8443466.859701510518789 ], [ 3339097.997748976573348, 8443413.242044072598219 ], [ 3339162.323076433967799, 8443371.058064516633749 ], [ 3339222.966470279730856, 8443340.307762838900089 ], [ 3339279.927930513396859, 8443320.99113904684782 ], [ 3339333.207457134965807, 8443313.108193133026361 ], [ 3339411.997492640279233, 8443296.263968527317047 ], [ 3339516.298037030734122, 8443270.458465222269297 ], [ 3339646.109090303536505, 8443235.691683223471045 ], [ 3339801.430652460083365, 8443191.963622527197003 ], [ 3339953.96511413436383, 8443141.051577813923359 ], [ 3340103.712475324980915, 8443082.955549081787467 ], [ 3340250.672736033331603, 8443017.675536332651973 ], [ 3340394.845896258484572, 8442945.211539564654231 ], [ 3340534.916801023297012, 8442866.224579086527228 ], [ 3340670.885450328700244, 8442780.71465490013361 ], [ 3340802.751844173297286, 8442688.68176700361073 ], [ 3340930.515982558485121, 8442590.125915398821235 ], [ 3341035.867883034981787, 8442506.695610705763102 ], [ 3341118.807545601390302, 8442438.390852922573686 ], [ 3341179.334970260038972, 8442385.211642052978277 ], [ 3341217.450157009996474, 8442347.157978095114231 ], [ 3341339.243331389501691, 8442277.949686713516712 ], [ 3341544.714493398088962, 8442177.586767910048366 ], [ 3341833.863643036689609, 8442046.069221680983901 ], [ 3342206.690780304837972, 8441883.397048028185964 ], [ 3342566.894028231501579, 8441725.349110577255487 ], [ 3342914.473386816680431, 8441571.925409326329827 ], [ 3343249.428856060374528, 8441423.125944277271628 ], [ 3343571.760435962118208, 8441278.950715428218246 ], [ 3343851.755251961294562, 8441143.841276746243238 ], [ 3344089.413304058369249, 8441017.797628235071898 ], [ 3344284.734592251945287, 8440900.819769889116287 ], [ 3344437.719116542488337, 8440792.907701713964343 ], [ 3344585.105132073629647, 8440681.789999764412642 ], [ 3344726.892638844903558, 8440567.466664038598537 ], [ 3344863.08163685631007, 8440449.937694542109966 ], [ 3344993.672126108314842, 8440329.203091273084283 ], [ 3345110.094779262319207, 8440208.468488004058599 ], [ 3345212.349596317857504, 8440087.733884733170271 ], [ 3345300.436577275395393, 8439966.999281462281942 ], [ 3345374.355722134932876, 8439846.264678191393614 ], [ 3345459.978731597308069, 8439721.218124803155661 ], [ 3345557.305605662055314, 8439591.859621297568083 ], [ 3345666.336344329640269, 8439458.189167678356171 ], [ 3345787.070947600528598, 8439320.206763939931989 ], [ 3345893.637714772950858, 8439189.000281814485788 ], [ 3345986.036645847372711, 8439064.569721300154924 ], [ 3346064.267740823328495, 8438946.915082398802042 ], [ 3346128.330999701283872, 8438836.036365110427141 ], [ 3346210.167232989799231, 8438742.702766863629222 ], [ 3346309.776440688408911, 8438666.914287660270929 ], [ 3346427.158622796181589, 8438608.670927496626973 ], [ 3346562.31377931451425, 8438567.972686378285289 ], [ 3346670.408287090715021, 8438529.38689262419939 ], [ 3346751.442146125249565, 8438492.913546236231923 ], [ 3346805.415356418117881, 8438458.552647214382887 ], [ 3346832.327917969319969, 8438426.304195560514927 ], [ 3346865.184688965789974, 8438395.530813889577985 ], [ 3346903.985669407062232, 8438366.232502207159996 ], [ 3346948.730859294068068, 8438338.40926050953567 ], [ 3346999.420258625876158, 8438312.061088798567653 ], [ 3347049.118304227478802, 8438294.011095568537712 ], [ 3347097.824996099341661, 8438284.259280817583203 ], [ 3347145.540334240533412, 8438282.805644549429417 ], [ 3347192.264318651985377, 8438289.650186762213707 ], [ 3347303.499399614520371, 8438300.648373521864414 ], [ 3347479.245577127672732, 8438315.800204832106829 ], [ 3347719.50285119144246, 8438335.105680687353015 ], [ 3348024.271221807226539, 8438358.564801091328263 ], [ 3348313.214801403693855, 8438381.087084386497736 ], [ 3348586.333589980844408, 8438402.672530569136143 ], [ 3348843.627587540540844, 8438423.321139642968774 ], [ 3349085.09679408185184, 8438443.032911606132984 ], [ 3349306.854228659998626, 8438471.368583802133799 ], [ 3349508.899891276378185, 8438508.328156230971217 ], [ 3349691.233781929593533, 8438553.911628894507885 ], [ 3349853.855900620110333, 8438608.119001790881157 ], [ 3350017.710005058906972, 8438657.398431695997715 ], [ 3350182.796095245052129, 8438701.74991861358285 ], [ 3350349.114171179011464, 8438741.173462538048625 ], [ 3350516.664232860319316, 8438775.669063473120332 ], [ 3350684.21429454209283, 8438816.324593145400286 ], [ 3350851.764356223866343, 8438863.140051558613777 ], [ 3351019.314417905174196, 8438916.115438707172871 ], [ 3351186.864479586947709, 8438975.250754594802856 ], [ 3351334.740603688172996, 8439026.252547055482864 ], [ 3351462.942790208384395, 8439069.120816085487604 ], [ 3351571.471039148047566, 8439103.855561690405011 ], [ 3351660.325350508093834, 8439130.456783866509795 ], [ 3351768.679672194644809, 8439141.752915740013123 ], [ 3351896.534004207700491, 8439137.743957312777638 ], [ 3352043.888346547726542, 8439118.429908582940698 ], [ 3352210.742699214722961, 8439083.810769548639655 ], [ 3352377.893227669410408, 8439050.767681673169136 ], [ 3352545.339931912720203, 8439019.30064495652914 ], [ 3352713.08281194511801, 8438989.409659396857023 ], [ 3352881.121867765672505, 8438961.094724994152784 ], [ 3353062.875199603848159, 8438928.706072892993689 ], [ 3353258.342807459644973, 8438892.243703093379736 ], [ 3353467.524691333062947, 8438851.707615595310926 ], [ 3353690.42085122410208, 8438807.09781039878726 ], [ 3353913.297287574969232, 8438762.156217083334923 ], [ 3354136.154000385664403, 8438716.882835648953915 ], [ 3354358.990989655721933, 8438671.277666095644236 ], [ 3354581.808255385607481, 8438625.340708423405886 ], [ 3354808.745724210515618, 8438554.580695558339357 ], [ 3355039.803396129980683, 8438458.997627500444651 ], [ 3355274.981271144002676, 8438338.591504253447056 ], [ 3355514.279349253047258, 8438193.362325813621283 ], [ 3355739.343367827124894, 8438056.37275180965662 ], [ 3355950.173326866701245, 8437927.622782239690423 ], [ 3356146.769226370379329, 8437807.112417103722692 ], [ 3356329.131066339090466, 8437694.84165639989078 ], [ 3356539.821591175161302, 8437563.823127463459969 ], [ 3356778.840800878591835, 8437414.056830290704966 ], [ 3357046.188695449382067, 8437245.542764881625772 ], [ 3357341.865274886600673, 8437058.280931238085032 ], [ 3357605.510224885307252, 8436909.210655771195889 ], [ 3357837.123545445501804, 8436798.331938482820988 ], [ 3358036.705236566253006, 8436725.644779371097684 ], [ 3358204.255298247560859, 8436691.149178436025977 ], [ 3358371.805359928868711, 8436650.493648763746023 ], [ 3358539.355421611107886, 8436603.678190352395177 ], [ 3358706.905483292415738, 8436550.702803203836083 ], [ 3358874.45554497372359, 8436491.567487316206098 ], [ 3359069.109293104149401, 8436433.664157174527645 ], [ 3359290.866727682761848, 8436376.992812782526016 ], [ 3359539.727848709560931, 8436321.553454138338566 ], [ 3359815.692656184546649, 8436267.346081241965294 ], [ 3360051.001933987252414, 8436194.65892213024199 ], [ 3360245.655682116746902, 8436103.491976803168654 ], [ 3360399.653900573961437, 8435993.845245260745287 ], [ 3360512.99658935982734, 8435865.718727502971888 ], [ 3360606.62750618159771, 8435722.808380775153637 ], [ 3360680.546651041135192, 8435565.114205077290535 ], [ 3360734.754023937508464, 8435392.636200405657291 ], [ 3360769.249624871648848, 8435205.374366760253906 ], [ 3360804.977211553603411, 8435009.488632882013917 ], [ 3360841.936783984303474, 8434804.978998770937324 ], [ 3360880.128342161420733, 8434591.845464427024126 ], [ 3360919.55188608635217, 8434370.088029846549034 ], [ 3360989.775073703378439, 8434176.666267465800047 ], [ 3361090.797905010636896, 8434011.580177277326584 ], [ 3361222.620380010455847, 8433874.829759288579226 ], [ 3361385.242498701438308, 8433766.415013495832682 ], [ 3361544.168660148978233, 8433693.727854384109378 ], [ 3361699.398864354006946, 8433656.768281955271959 ], [ 3361850.933111316058785, 8433655.536296207457781 ], [ 3361998.771401034668088, 8433690.031897140666842 ], [ 3362146.609690753743052, 8433734.383384056389332 ], [ 3362294.447980472818017, 8433788.590756952762604 ], [ 3362442.286270191892982, 8433852.654015831649303 ], [ 3362590.124559910967946, 8433926.573160691186786 ], [ 3362737.962849630042911, 8433985.708476576954126 ], [ 3362885.801139349117875, 8434030.059963494539261 ], [ 3363033.63942906819284, 8434059.627621438354254 ], [ 3363181.477718786802143, 8434074.411450408399105 ], [ 3363357.651680701877922, 8434063.323578679934144 ], [ 3363562.161314813420177, 8434026.364006251096725 ], [ 3363795.006621120497584, 8433963.532733120024204 ], [ 3364056.187599624507129, 8433874.829759290441871 ], [ 3364293.96084892237559, 8433767.64699924364686 ], [ 3364508.326369014568627, 8433641.984452981501818 ], [ 3364699.284159902017564, 8433497.842120505869389 ], [ 3364866.834221583325416, 8433335.220001816749573 ], [ 3364977.712938873097301, 8433125.782424714416265 ], [ 3365031.920311769936234, 8432869.529389200732112 ], [ 3365029.456340274307877, 8432566.460895277559757 ], [ 3364970.321024387143552, 8432216.576942941173911 ], [ 3364902.56180826574564, 8431925.828306492418051 ], [ 3364826.178691910579801, 8431694.214985933154821 ], [ 3364741.171675322577357, 8431521.736981261521578 ], [ 3364647.540758500806987, 8431408.39429247751832 ], [ 3364540.357998454477638, 8431286.427703458815813 ], [ 3364419.623395183123648, 8431155.837214209139347 ], [ 3364285.336948688607663, 8431016.622824722900987 ], [ 3364137.49865896999836, 8430868.784535003826022 ], [ 3363999.5162552325055, 8430712.322345051914454 ], [ 3363871.389737476129085, 8430547.23625486344099 ], [ 3363753.119105700869113, 8430373.526264443993568 ], [ 3363644.704359906725585, 8430191.192373793572187 ], [ 3363563.393300561234355, 8430022.410326363518834 ], [ 3363509.185927664395422, 8429867.180122159421444 ], [ 3363482.082241215743124, 8429725.501761179417372 ], [ 3363482.082241215743124, 8429597.375243421643972 ], [ 3363499.330041683278978, 8429477.872625898569822 ], [ 3363533.825642617419362, 8429366.993908610194921 ], [ 3363585.5690440190956, 8429264.73909155279398 ], [ 3363654.560245888307691, 8429171.108174731954932 ], [ 3363930.257682291325182, 8428477.908105192705989 ], [ 3363923.174175121355802, 8427783.724402543157339 ], [ 3363583.165830967016518, 8427202.876814613118768 ], [ 3363070.044147726148367, 8426340.234968651086092 ], [ 3362987.9074397534132, 8426075.810931991785765 ], [ 3363076.695068320259452, 8425853.468698749318719 ], [ 3363657.56368267070502, 8425334.232023442164063 ], [ 3364523.381944694556296, 8424758.780031627044082 ], [ 3366667.238863141741604, 8424033.325296334922314 ], [ 3373754.516636637039483, 8423168.703608624637127 ], [ 3373780.110548525582999, 8423177.700976775959134 ], [ 3374758.590685047209263, 8423197.47930858656764 ], [ 3374941.71876689279452, 8423023.869337651878595 ], [ 3375978.880040574353188, 8422897.339496500790119 ], [ 3376273.772643588483334, 8422998.43526472337544 ], [ 3377593.457065087277442, 8422700.367068370804191 ], [ 3378345.552056288346648, 8422515.41412384621799 ], [ 3379180.448237525299191, 8422057.729629134759307 ], [ 3380046.266499549150467, 8422010.561832740902901 ], [ 3380881.162680786568671, 8422048.700682001188397 ], [ 3381870.22326058940962, 8422384.835758896544576 ], [ 3383107.552497419063002, 8422307.044951347634196 ], [ 3383911.526597869582474, 8421909.490274397656322 ], [ 3384591.812375173904002, 8421958.850451743230224 ], [ 3385303.020233265124261, 8422028.75583429262042 ] ] ], [ [ [ 3288893.465505335014313, 8443673.339306887239218 ], [ 3288777.14578761626035, 8443653.24218288436532 ], [ 3288872.838782941456884, 8443669.775527626276016 ], [ 3288893.465505335014313, 8443673.339306887239218 ] ] ], [ [ [ 3289415.990729432087392, 8444476.006259523332119 ], [ 3289381.886519001796842, 8444387.091710900887847 ], [ 3289397.720616701524705, 8444430.330977696925402 ], [ 3289415.990729432087392, 8444476.006259523332119 ] ] ], [ [ [ 3289057.287516153417528, 8444811.56733001023531 ], [ 3289212.583474364131689, 8444676.977499559521675 ], [ 3289142.823233022354543, 8444737.436375388875604 ], [ 3289057.287516153417528, 8444811.56733001023531 ] ] ], [ [ [ 3288308.212894194759429, 8446630.052550468593836 ], [ 3288477.515938832424581, 8446483.891648622229695 ], [ 3288390.428401482757181, 8446556.972099546343088 ], [ 3288308.212894194759429, 8446630.052550468593836 ] ] ], [ [ [ 3287289.958611339330673, 8447767.67156982794404 ], [ 3287266.816468546632677, 8447603.240555254742503 ], [ 3287273.515509881544858, 8447657.441889688372612 ], [ 3287289.958611339330673, 8447767.67156982794404 ] ] ], [ [ [ 3286813.108669068664312, 8447964.379783561453223 ], [ 3286849.648894529789686, 8447904.697415307164192 ], [ 3286831.378781799226999, 8447932.711588161066175 ], [ 3286813.108669068664312, 8447964.379783561453223 ] ] ] ] } }
]
}
