{
"type": "FeatureCollection",
"name": "eco-routes",
"crs": { "type": "name", "properties": { "name": "urn:ogc:def:crs:EPSG::3857" } },
"features": [
{ "type": "Feature", "properties": { "fid": 1, "name": null, "cmt": null, "desc": "Unknown Line Type", "src": null, "link1_href": null, "link1_text": null, "link1_type": null, "link2_href": null, "link2_text": null, "link2_type": null, "number": null, "type": null, "id": null, "description": null, "timestamp": null, "begin": null, "end": null, "altitudeMode": null, "tessellate": null, "extrude": null, "visibility": null, "drawOrder": null, "icon": null, "gpxx_TrackExtension": null, "gpxtrkx_TrackStatsExtension": null, "layer": "Koltuchi_Kamy — tracks", "path": "C:/Users/blinc/OneDrive/Рабочий стол/МЛА+ проекты/НЕРАСКРЫТЫЙ ПЕТЕРБУРГ/QGIS/Data/Экомаршруты/Koltuchi_Kamy.gpx|layername=tracks" }, "geometry": { "type": "MultiLineString", "coordinates": [ [ [ 3409672.58889690740034, 8390257.124133432283998, 0.0 ], [ 3409673.145494363736361, 8390286.252384753897786, 0.0 ], [ 3409686.615152746904641, 8390311.600727709010243, 0.0 ], [ 3409704.092312796041369, 8390338.505643256008625, 0.0 ], [ 3409734.927811734843999, 8390387.423923233523965, 0.0 ], [ 3409744.389968451112509, 8390415.885617405176163, 0.0 ], [ 3409754.63136160094291, 8390445.903929606080055, 0.0 ], [ 3409756.635112436488271, 8390471.252821816131473, 0.0 ], [ 3409755.410598042421043, 8390503.050239747390151, 0.0 ], [ 3409772.108521655201912, 8390517.726017381995916, 0.0 ], [ 3409790.698876608163118, 8390529.955854408442974, 0.0 ], [ 3409804.168534988537431, 8390534.180711919441819, 0.0 ], [ 3409818.417429805733263, 8390534.180711917579174, 0.0 ], [ 3409829.104100914672017, 8390529.511132702231407, 0.0 ], [ 3409839.679452534765005, 8390526.398081537336111, 0.0 ], [ 3409850.811401610262692, 8390527.509885376319289, 0.0 ], [ 3409863.835782025940716, 8390529.955854402855039, 0.0 ], [ 3409885.209124251268804, 8390538.627932956442237, 0.0 ], [ 3409921.610597724560648, 8390553.970866173505783, 0.0 ], [ 3409930.293518001679331, 8390554.415589353069663, 0.0 ], [ 3409939.866994205396622, 8390551.969612201675773, 0.0 ], [ 3409948.549914482049644, 8390548.189467299729586, 0.0 ], [ 3410001.87195054627955, 8390526.398081531748176, 0.0 ], [ 3410052.188360358588398, 8390515.947133673354983, 0.0 ], [ 3410072.782466146629304, 8390516.391854558140039, 0.0 ], [ 3410095.714281240478158, 8390520.839064868167043, 0.0 ], [ 3410105.1764379539527, 8390521.283786043524742, 0.0 ], [ 3410113.080121795646846, 8390520.39434371702373, 0.0 ], [ 3410142.357147860340774, 8390515.28005239367485, 0.0 ], [ 3410160.168266379274428, 8390502.160799592733383, 0.0 ], [ 3410181.875567069277167, 8390473.698772147297859, 0.0 ], [ 3410201.690436421427876, 8390461.024310937151313, 0.0 ], [ 3410219.056276977527887, 8390455.465343594551086, 0.0 ], [ 3410230.967462487053126, 8390453.908833494409919, 0.0 ], [ 3410239.650382764171809, 8390454.798267796635628, 0.0 ], [ 3410254.678514014463872, 8390458.356006095185876, 0.0 ], [ 3410269.372686792630702, 8390465.693846736103296, 0.0 ], [ 3410304.994923830032349, 8390471.697539979591966, 0.0 ], [ 3410328.705975356511772, 8390474.810568027198315, 0.0 ], [ 3410344.513343045953661, 8390476.144723307341337, 0.0 ], [ 3410356.758487025741488, 8390475.255286432802677, 0.0 ], [ 3410382.473289385903627, 8390474.143490474671125, 0.0 ], [ 3410380.135580078233033, 8390438.788466740399599, 0.0 ], [ 3410380.469538547098637, 8390406.101897601038218, 0.0 ], [ 3410378.131829240359366, 8390381.86501139588654, 0.0 ], [ 3410373.345091135241091, 8390357.850560579448938, 0.0 ], [ 3410353.975499742664397, 8390322.273740272969007, 0.0 ], [ 3410327.147502470761538, 8390285.362970761954784, 0.0 ], [ 3410283.621581584215164, 8390232.443033481016755, 0.0 ], [ 3410318.909860152285546, 8390240.447705479338765, 0.0 ], [ 3410485.777776774484664, 8390250.67591012828052, 0.0 ], [ 3410522.624528209213167, 8390246.673567479476333, 0.0 ], [ 3410602.774561542086303, 8390220.213690258562565, 0.0 ], [ 3410667.005907697603106, 8390211.986688978970051, 0.0 ], [ 3410700.179115938488394, 8390202.20323995128274, 0.0 ], [ 3410714.428010751027614, 8390193.309206653386354, 0.0 ], [ 3410728.676905566826463, 8390187.083389736711979, 0.0 ], [ 3410754.169068946503103, 8390182.191680129617453, 0.0 ], [ 3410782.221580614335835, 8390190.640998752787709, 0.0 ], [ 3410826.415418440010399, 8390213.765499284490943, 0.0 ], [ 3410849.903830988332629, 8390228.885404251515865, 0.0 ], [ 3410928.161432983353734, 8390279.137076038867235, 0.0 ], [ 3410955.434708217158914, 8390289.587687995284796, 0.0 ], [ 3411056.067527848295867, 8390302.039500318467617, 0.0 ], [ 3411184.641539657954127, 8390332.502058476209641, 0.0 ], [ 3411190.318833686411381, 8390330.945574345067143, 0.0 ], [ 3411244.754064659122378, 8390341.396259790286422, 0.0 ], [ 3411268.687755168881267, 8390349.623405568301678, 0.0 ], [ 3411374.886549342889339, 8390421.222197227180004, 0.0 ], [ 3411444.12727258913219, 8390477.256519513204694, 0.0 ], [ 3411471.177908840589225, 8390493.933483432978392, 0.0 ], [ 3411531.290433844085783, 8390540.184460885822773, 0.0 ], [ 3411558.229750607628375, 8390585.768641008064151, 0.0 ], [ 3411598.193447794299573, 8390668.043240981176496, 0.0 ], [ 3411585.948303811717778, 8390674.269464317709208, 0.0 ], [ 3411572.478645431343466, 8390676.715482072904706, 0.0 ], [ 3411557.784472652710974, 8390677.827308587729931, 0.0 ], [ 3411541.197868533898145, 8390676.270751507952809, 0.0 ], [ 3411526.615015245508403, 8390671.601082241162658, 0.0 ], [ 3411513.924593301024288, 8390665.597226109355688, 0.0 ], [ 3411500.009656958281994, 8390663.151212051510811, 0.0 ], [ 3411488.543749412987381, 8390665.152496218681335, 0.0 ], [ 3411468.060963116120547, 8390673.602368712425232, 0.0 ], [ 3411443.459355664439499, 8390688.056120434775949, 0.0 ], [ 3411418.189831267576665, 8390708.736152978613973, 0.0 ], [ 3411391.250514509622008, 8390733.641215452924371, 0.0 ], [ 3411371.101686687674373, 8390752.320067547261715, 0.0 ], [ 3411356.85279187373817, 8390772.777912277728319, 0.0 ], [ 3411343.383133496157825, 8390791.679232344031334, 0.0 ], [ 3411333.920976785942912, 8390836.153117902576923, 0.0 ], [ 3411327.575765817891806, 8390878.848300602287054, 0.0 ], [ 3411322.789027720689774, 8390913.538318727165461, 0.0 ], [ 3411328.355002260301262, 8390954.677333964034915, 0.0 ], [ 3411336.258686104323715, 8390981.584597915410995, 0.0 ], [ 3411336.258686108049005, 8391004.71158099360764, 0.0 ], [ 3411330.80403106380254, 8391020.500236140564084, 0.0 ], [ 3411319.672081987839192, 8391032.286155696958303, 0.0 ], [ 3411296.517627915367484, 8391039.179815504699945, 0.0 ], [ 3411250.653997731395066, 8391058.526572624221444, 0.0 ], [ 3411196.66404472431168, 8391074.98247498087585, 0.0 ], [ 3411114.955538521520793, 8391097.887373240664601, 0.0 ], [ 3411084.008720095269382, 8391098.55450726673007, 0.0 ], [ 3411005.862437597475946, 8391113.898606538772583, 0.0 ], [ 3410976.919370003510267, 8391125.684675510972738, 0.0 ], [ 3410962.78179468261078, 8391147.922592829912901, 0.0 ], [ 3410949.423455793876201, 8391169.271056605502963, 0.0 ], [ 3410931.167059316765517, 8391184.170541934669018, 0.0 ], [ 3410920.146429733373225, 8391199.292438443750143, 0.0 ], [ 3410913.021982328500599, 8391227.757269021123648, 0.0 ], [ 3410909.793717098422348, 8391253.108851343393326, 0.0 ], [ 3410909.014480665326118, 8391283.130574807524681, 0.0 ], [ 3410907.456007797271013, 8391302.03320418857038, 0.0 ], [ 3410900.331560391467065, 8391321.82542104460299, 0.0 ], [ 3410882.075163911562413, 8391336.947600102052093, 0.0 ], [ 3410860.033904746174812, 8391350.290725037455559, 0.0 ], [ 3410837.77000659937039, 8391369.415912920609117, 0.0 ], [ 3410825.970140582416207, 8391392.321726534515619, 0.0 ], [ 3410818.066456742584705, 8391409.000761840492487, 0.0 ], [ 3410811.832565260585397, 8391416.339549340307713, 0.0 ], [ 3410803.038325493223965, 8391435.020132316276431, 0.0 ], [ 3410803.817561932839453, 8391454.812706427648664, 0.0 ], [ 3410810.162772904615849, 8391473.715776292607188, 0.0 ], [ 3410812.500482212286443, 8391492.841284578666091, 0.0 ], [ 3410821.962638926692307, 8391508.630985794588923, 0.0 ], [ 3410834.653060872107744, 8391523.531157424673438, 0.0 ], [ 3410833.873824439477175, 8391544.213535148650408, 0.0 ], [ 3410812.500482221134007, 8391584.466501273214817, 0.0 ], [ 3410786.451721389312297, 8391612.265639405697584, 0.0 ], [ 3410753.946430095937103, 8391636.728967729955912, 0.0 ], [ 3410730.23537856945768, 8391656.52208373695612, 0.0 ], [ 3410710.420509216375649, 8391667.64183515124023, 0.0 ], [ 3410646.968399488832802, 8391606.928196758031845, 0.0 ], [ 3410631.606309759430587, 8391527.534193752333522, 0.0 ], [ 3410616.466859014704823, 8391466.154542539268732, 0.0 ], [ 3410588.19170836172998, 8391432.129086626693606, 0.0 ], [ 3410575.612605907022953, 8391420.34252743050456, 0.0 ], [ 3410549.118567108176649, 8391402.996304797008634, 0.0 ], [ 3410536.316825674381107, 8391402.551530396565795, 0.0 ], [ 3410511.826537712011486, 8391419.675364268943667, 0.0 ], [ 3410418.429484978318214, 8391416.339549353346229, 0.0 ], [ 3410353.752860858570784, 8391401.217207359150052, 0.0 ], [ 3410337.166256736498326, 8391389.430697610601783, 0.0 ], [ 3410319.021179744042456, 8391380.98000412248075, 0.0 ], [ 3410267.034977589268237, 8391624.052505664527416, 0.0 ], [ 3410265.921782683115453, 8391639.620093744248152, 0.0 ], [ 3410271.933035185094923, 8391660.080402385443449, 0.0 ], [ 3410299.540268893353641, 8391695.218891119584441, 0.0 ], [ 3410295.866725699044764, 8391710.786629574373364, 0.0 ], [ 3410286.515888479538262, 8391722.796050285920501, 0.0 ], [ 3410250.003095520660281, 8391769.721937425434589, 0.0 ], [ 3410147.03256658045575, 8391731.691930117085576, 0.0 ], [ 3410025.471682689618319, 8391726.576797906309366, 0.0 ], [ 3409938.531160420272499, 8391719.460098145529628, 0.0 ], [ 3409885.877041299361736, 8391706.561097335070372, 0.0 ], [ 3409823.204168005846441, 8391659.413217533379793, 0.0 ], [ 3409756.30115406634286, 8391611.598458908498287, 0.0 ], [ 3409716.782734852749854, 8391621.383779607713223, 0.0 ], [ 3409629.285615132190287, 8391624.71968736499548, 0.0 ], [ 3409574.182467214297503, 8391602.257937647402287, 0.0 ], [ 3409499.932366878725588, 8391498.401034723967314, 0.0 ], [ 3409464.866727290209383, 8391427.236550381407142, 0.0 ], [ 3409405.978716684505343, 8391412.781348492950201, 0.0 ], [ 3409373.362105893902481, 8391364.078646263107657, 0.0 ], [ 3409382.045026168227196, 8391323.382114592939615, 0.0 ], [ 3409400.190103155560791, 8391290.914004633203149, 0.0 ], [ 3409420.450250470079482, 8391273.568086717277765, 0.0 ], [ 3409447.278247734997422, 8391245.992608968168497, 0.0 ], [ 3409472.213813659269363, 8391231.315380647778511, 0.0 ], [ 3409497.594657547306269, 8391208.410067586228251, 0.0 ], [ 3409510.952996432315558, 8391183.503400219604373, 0.0 ], [ 3409515.739734535571188, 8391167.269635558128357, 0.0 ], [ 3409520.081194669008255, 8391133.467939004302025, 0.0 ], [ 3409523.309459899086505, 8391100.333531703799963, 0.0 ], [ 3409523.643418369814754, 8391080.097154904156923, 0.0 ], [ 3409522.418903965502977, 8391023.613496160134673, 0.0 ], [ 3409515.294456555973738, 8390995.81657899916172, 0.0 ], [ 3409499.932366831228137, 8390950.007488327100873, 0.0 ], [ 3409494.366392288357019, 8390899.751240769401193, 0.0 ], [ 3409483.67972117383033, 8390853.053264888003469, 0.0 ], [ 3409473.215689036529511, 8390784.785804199054837, 0.0 ], [ 3409472.102494125720114, 8390744.537206841632724, 0.0 ], [ 3409484.013679631054401, 8390684.720636842772365, 0.0 ], [ 3409542.567731748800725, 8390548.634190147742629, 0.0 ], [ 3409578.8578857248649, 8390483.037862813100219, 0.0 ], [ 3409606.799077895935625, 8390432.562442420050502, 0.0 ], [ 3409613.366927847266197, 8390415.663259997963905, 0.0 ], [ 3409611.36317701311782, 8390395.651120411232114, 0.0 ], [ 3409616.372554093599319, 8390356.5164267513901, 0.0 ], [ 3409633.738394644577056, 8390312.490144835785031, 0.0 ], [ 3409672.366257928311825, 8390256.901780817657709, 0.0 ] ] ] } },
{ "type": "Feature", "properties": { "fid": 2, "name": null, "cmt": null, "desc": null, "src": null, "link1_href": null, "link1_text": null, "link1_type": null, "link2_href": null, "link2_text": null, "link2_type": null, "number": null, "type": null, "id": null, "description": null, "timestamp": null, "begin": null, "end": null, "altitudeMode": null, "tessellate": null, "extrude": null, "visibility": null, "drawOrder": null, "icon": null, "gpxx_TrackExtension": null, "gpxtrkx_TrackStatsExtension": null, "layer": "Nov velomarshrut Koltushskie vysoty.gpx»_05-05-2025 — routes", "path": "C:/Users/blinc/OneDrive/Рабочий стол/МЛА+ проекты/НЕРАСКРЫТЫЙ ПЕТЕРБУРГ/QGIS/Data/Экомаршруты/Nov velomarshrut Koltushskie vysoty.gpx»_05-05-2025.gpx|layername=routes" }, "geometry": { "type": "MultiLineString", "coordinates": [ [ [ 3409897.1896196086891, 8390614.459152087569237, 0.0 ], [ 3409912.035306616220623, 8390645.500134019181132, 0.0 ], [ 3409928.230601530056447, 8390681.939547581598163, 0.0 ], [ 3409943.976027143653482, 8390714.330137429758906, 0.0 ], [ 3409961.520929968450218, 8390745.820988651365042, 0.0 ], [ 3409978.615963489282876, 8390770.56380033865571, 0.0 ], [ 3409995.261127708945423, 8390831.296156277880073, 0.0 ], [ 3410008.757206805981696, 8390863.236876817420125, 0.0 ], [ 3410038.448580813128501, 8390892.478381533175707, 0.0 ], [ 3410066.340477608609945, 8390910.923022968694568, 0.0 ], [ 3410089.7336813705042, 8390923.069494154304266, 0.0 ], [ 3410112.677015832159668, 8390949.611783046275377, 0.0 ], [ 3410119.425055381841958, 8390959.958777021616697, 0.0 ], [ 3410134.270742384716868, 8390965.357208661735058, 0.0 ], [ 3410151.365775901358575, 8390955.460083987563848, 0.0 ], [ 3410181.956888509448618, 8390911.372892269864678, 0.0 ], [ 3410182.406757807359099, 8390852.440013533458114, 0.0 ] ] ] } },
{ "type": "Feature", "properties": { "fid": 3, "name": null, "cmt": null, "desc": null, "src": null, "link1_href": null, "link1_text": null, "link1_type": null, "link2_href": null, "link2_text": null, "link2_type": null, "number": null, "type": null, "id": null, "description": null, "timestamp": null, "begin": null, "end": null, "altitudeMode": null, "tessellate": null, "extrude": null, "visibility": null, "drawOrder": null, "icon": null, "gpxx_TrackExtension": null, "gpxtrkx_TrackStatsExtension": null, "layer": "Nov velomarshrut Koltushskie vysoty.gpx»_05-05-2025 — routes", "path": "C:/Users/blinc/OneDrive/Рабочий стол/МЛА+ проекты/НЕРАСКРЫТЫЙ ПЕТЕРБУРГ/QGIS/Data/Экомаршруты/Nov velomarshrut Koltushskie vysoty.gpx»_05-05-2025.gpx|layername=routes" }, "geometry": { "type": "MultiLineString", "coordinates": [ [ [ 3409899.888835427816957, 8390615.808759994804859, 0.0 ], [ 3409915.63426104048267, 8390630.204577704891562, 0.0 ], [ 3409954.772890413645655, 8390674.741638734936714, 0.0 ], [ 3409980.865309998393059, 8390712.530660212039948, 0.0 ], [ 3409989.862696063704789, 8390746.270857958123088, 0.0 ], [ 3409992.112042584456503, 8390788.558572471141815, 0.0 ], [ 3409998.410212828312069, 8390805.653605991974473, 0.0 ], [ 3410042.947273839265108, 8390843.442627474665642, 0.0 ], [ 3410061.391915268264711, 8390854.239490747451782, 0.0 ], [ 3410079.386687395628542, 8390870.88465497083962, 0.0 ], [ 3410091.983027884736657, 8390890.678904319182038, 0.0 ], [ 3410100.980413950048387, 8390910.923022968694568, 0.0 ], [ 3410107.278584191109985, 8390910.923022968694568, 0.0 ], [ 3410120.324793982785195, 8390916.771323911845684, 0.0 ], [ 3410128.872310742735863, 8390926.218579271808267, 0.0 ], [ 3410143.268128444440663, 8390918.570801116526127, 0.0 ], [ 3410160.81303126225248, 8390914.072108088061213, 0.0 ], [ 3410170.260286625940353, 8390892.928250828757882, 0.0 ], [ 3410181.956888503860682, 8390852.889882834628224, 0.0 ] ] ] } },
{ "type": "Feature", "properties": { "fid": 4, "name": null, "cmt": null, "desc": null, "src": null, "link1_href": null, "link1_text": null, "link1_type": null, "link2_href": null, "link2_text": null, "link2_type": null, "number": null, "type": null, "id": null, "description": null, "timestamp": null, "begin": null, "end": null, "altitudeMode": null, "tessellate": null, "extrude": null, "visibility": null, "drawOrder": null, "icon": null, "gpxx_TrackExtension": null, "gpxtrkx_TrackStatsExtension": null, "layer": "Nov velomarshrut Koltushskie vysoty.gpx»_05-05-2025 — routes", "path": "C:/Users/blinc/OneDrive/Рабочий стол/МЛА+ проекты/НЕРАСКРЫТЫЙ ПЕТЕРБУРГ/QGIS/Data/Экомаршруты/Nov velomarshrut Koltushskie vysoty.gpx»_05-05-2025.gpx|layername=routes" }, "geometry": { "type": "MultiLineString", "coordinates": [ [ [ 3409910.685698703862727, 8390620.307453036308289, 0.0 ], [ 3409936.778118287678808, 8390641.001440983265638, 0.0 ], [ 3409974.56713975360617, 8390698.134842503815889, 0.0 ], [ 3409992.112042579334229, 8390730.075563037768006, 0.0 ], [ 3410006.957729585468769, 8390794.406873412430286, 0.0 ], [ 3410016.854854255914688, 8390804.30399808101356, 0.0 ], [ 3410028.551456138025969, 8390803.404259476810694, 0.0 ], [ 3410035.299495683982968, 8390798.455697137862444, 0.0 ], [ 3410055.543614320922643, 8390778.66144778765738, 0.0 ], [ 3410058.242830142844468, 8390799.355435745790601, 0.0 ], [ 3410064.990869691129774, 8390817.350207878276706, 0.0 ], [ 3410084.785119028761983, 8390833.545502800494432, 0.0 ], [ 3410099.630806032568216, 8390847.9413205049932, 0.0 ], [ 3410111.32740791561082, 8390854.689360046759248, 0.0 ], [ 3410136.520088891033083, 8390884.830603374168277, 0.0 ], [ 3410153.16525311069563, 8390905.974460626021028, 0.0 ], [ 3410162.612508472986519, 8390889.779165707528591, 0.0 ], [ 3410181.956888504326344, 8390851.990144219249487, 0.0 ] ] ] } },
{ "type": "Feature", "properties": { "fid": 5, "name": null, "cmt": null, "desc": null, "src": null, "link1_href": null, "link1_text": null, "link1_type": null, "link2_href": null, "link2_text": null, "link2_type": null, "number": null, "type": null, "id": null, "description": null, "timestamp": null, "begin": null, "end": null, "altitudeMode": null, "tessellate": null, "extrude": null, "visibility": null, "drawOrder": null, "icon": null, "gpxx_TrackExtension": null, "gpxtrkx_TrackStatsExtension": null, "layer": "Nov velomarshrut Koltushskie vysoty.gpx»_05-05-2025 — routes", "path": "C:/Users/blinc/OneDrive/Рабочий стол/МЛА+ проекты/НЕРАСКРЫТЫЙ ПЕТЕРБУРГ/QGIS/Data/Экомаршруты/Nov velomarshrut Koltushskie vysoty.gpx»_05-05-2025.gpx|layername=routes" }, "geometry": { "type": "MultiLineString", "coordinates": [ [ [ 3409277.988088808488101, 8390981.047198409214616, 0.0 ], [ 3409294.648911851923913, 8390964.386375360190868, 0.0 ], [ 3409336.300969466567039, 8390971.675485443323851, 0.0 ], [ 3409360.250902592670172, 8390960.221169590950012, 0.0 ], [ 3409412.31597460899502, 8390946.684250865131617, 0.0 ], [ 3409449.802826462313533, 8390937.312537888064981, 0.0 ], [ 3409463.339745183475316, 8390923.775619158521295, 0.0 ], [ 3409489.37228119187057, 8390906.073494665324688, 0.0 ], [ 3409532.065640242770314, 8390888.371370170265436, 0.0 ], [ 3409589.337219460401684, 8390857.132326940074563, 0.0 ], [ 3409645.567497236188501, 8390837.347599564120173, 0.0 ], [ 3409688.26085628895089, 8390812.356364982202649, 0.0 ], [ 3409731.995516779832542, 8390777.99341743439436, 0.0 ], [ 3409777.812780153937638, 8390757.167388619855046, 0.0 ], [ 3409790.308397435117513, 8390730.093551151454449, 0.0 ], [ 3409793.432301753200591, 8390698.854507934302092, 0.0 ], [ 3409798.638808952644467, 8390669.698067586869001, 0.0 ], [ 3409804.886617592535913, 8390657.202450297772884, 0.0 ], [ 3409825.712646399158984, 8390643.665531566366553, 0.0 ], [ 3409840.290866562630981, 8390622.839502757415175, 0.0 ], [ 3409869.447306890040636, 8390617.63299554027617, 0.0 ], [ 3409875.695115531329066, 8390595.765665287151933, 0.0 ] ] ] } },
{ "type": "Feature", "properties": { "fid": 6, "name": null, "cmt": null, "desc": null, "src": null, "link1_href": null, "link1_text": null, "link1_type": null, "link2_href": null, "link2_text": null, "link2_type": null, "number": null, "type": null, "id": null, "description": null, "timestamp": null, "begin": null, "end": null, "altitudeMode": null, "tessellate": null, "extrude": null, "visibility": null, "drawOrder": null, "icon": null, "gpxx_TrackExtension": null, "gpxtrkx_TrackStatsExtension": null, "layer": "Nov velomarshrut Koltushskie vysoty.gpx»_05-05-2025 — routes", "path": "C:/Users/blinc/OneDrive/Рабочий стол/МЛА+ проекты/НЕРАСКРЫТЫЙ ПЕТЕРБУРГ/QGIS/Data/Экомаршруты/Nov velomarshrut Koltushskie vysoty.gpx»_05-05-2025.gpx|layername=routes" }, "geometry": { "type": "MultiLineString", "coordinates": [ [ [ 3409206.138289421796799, 8390950.849456634372473, 0.0 ], [ 3409260.285964319948107, 8390949.808155188336968, 0.0 ], [ 3409269.657677281647921, 8390932.106030695140362, 0.0 ], [ 3409297.772816170472652, 8390937.312537897378206, 0.0 ], [ 3409329.011859382037073, 8390949.808155184611678, 0.0 ], [ 3409367.540012675803155, 8390956.055963825434446, 0.0 ], [ 3409417.52248180937022, 8390930.023427799344063, 0.0 ], [ 3409452.926730775274336, 8390891.495274495333433, 0.0 ], [ 3409478.959266781806946, 8390844.636709658429027, 0.0 ], [ 3409502.90919990465045, 8390782.158623201772571, 0.0 ], [ 3409544.561257512774318, 8390725.928345398977399, 0.0 ], [ 3409581.006807920057327, 8390670.739369042217731, 0.0 ], [ 3409641.402291455306113, 8390623.880804201588035, 0.0 ], [ 3409704.921679314691573, 8390594.72436385601759, 0.0 ], [ 3409741.367229724768549, 8390588.476555209606886, 0.0 ], [ 3409783.01928734080866, 8390593.683062406256795, 0.0 ], [ 3409818.423536311369389, 8390596.806966735050082, 0.0 ], [ 3409852.786483842413872, 8390597.848268168047071, 0.0 ], [ 3409872.57121121045202, 8390593.683062406256795, 0.0 ] ] ] } },
{ "type": "Feature", "properties": { "fid": 7, "name": null, "cmt": null, "desc": null, "src": null, "link1_href": null, "link1_text": null, "link1_type": null, "link2_href": null, "link2_text": null, "link2_type": null, "number": null, "type": null, "id": null, "description": null, "timestamp": null, "begin": null, "end": null, "altitudeMode": null, "tessellate": null, "extrude": null, "visibility": null, "drawOrder": null, "icon": null, "gpxx_TrackExtension": null, "gpxtrkx_TrackStatsExtension": null, "layer": "Nov velomarshrut Koltushskie vysoty.gpx»_05-05-2025 — routes", "path": "C:/Users/blinc/OneDrive/Рабочий стол/МЛА+ проекты/НЕРАСКРЫТЫЙ ПЕТЕРБУРГ/QGIS/Data/Экомаршруты/Nov velomarshrut Koltushskie vysoty.gpx»_05-05-2025.gpx|layername=routes" }, "geometry": { "type": "MultiLineString", "coordinates": [ [ [ 3409117.627666971180588, 8390705.102316610515118, 0.0 ], [ 3409130.123284256085753, 8390721.76313966140151, 0.0 ], [ 3409163.444930345751345, 8390714.474029576405883, 0.0 ], [ 3409181.147054833825678, 8390714.474029576405883, 0.0 ], [ 3409200.931782199535519, 8390725.928345415741205, 0.0 ], [ 3409204.055686521343887, 8390733.217455504462123, 0.0 ], [ 3409241.542538371868432, 8390701.97841227799654, 0.0 ], [ 3409282.153294538613409, 8390640.541627269238234, 0.0 ], [ 3409299.855419021099806, 8390587.435253793373704, 0.0 ], [ 3409296.731514691840857, 8390506.213741404935718, 0.0 ], [ 3409317.55754349892959, 8390502.048535645008087, 0.0 ], [ 3409350.879189589060843, 8390482.263808263465762, 0.0 ], [ 3409396.696452960837632, 8390462.479080889374018, 0.0 ], [ 3409441.472414894960821, 8390448.942162154242396, 0.0 ], [ 3409490.413582591339946, 8390448.942162156105042, 0.0 ], [ 3409546.643860371783376, 8390462.479080880060792, 0.0 ], [ 3409597.667630948126316, 8390481.222506819292903, 0.0 ], [ 3409609.121946793515235, 8390481.222506817430258, 0.0 ], [ 3409660.145717372652143, 8390523.915865886956453, 0.0 ], [ 3409698.673870668746531, 8390545.783196134492755, 0.0 ], [ 3409742.408531164284796, 8390557.237511983141303, 0.0 ], [ 3409775.730177255347371, 8390572.857033593580127, 0.0 ], [ 3409813.217029109131545, 8390572.857033593580127, 0.0 ], [ 3409829.877852153964341, 8390572.857033587992191, 0.0 ], [ 3409867.364704006351531, 8390592.641760967671871, 0.0 ] ] ] } },
{ "type": "Feature", "properties": { "fid": 8, "name": null, "cmt": null, "desc": null, "src": null, "link1_href": null, "link1_text": null, "link1_type": null, "link2_href": null, "link2_text": null, "link2_type": null, "number": null, "type": null, "id": null, "description": null, "timestamp": null, "begin": null, "end": null, "altitudeMode": null, "tessellate": null, "extrude": null, "visibility": null, "drawOrder": null, "icon": null, "gpxx_TrackExtension": null, "gpxtrkx_TrackStatsExtension": null, "layer": "Nov velomarshrut Koltushskie vysoty.gpx»_05-05-2025 — routes", "path": "C:/Users/blinc/OneDrive/Рабочий стол/МЛА+ проекты/НЕРАСКРЫТЫЙ ПЕТЕРБУРГ/QGIS/Data/Экомаршруты/Nov velomarshrut Koltushskie vysoty.gpx»_05-05-2025.gpx|layername=routes" }, "geometry": { "type": "MultiLineString", "coordinates": [ [ [ 3409240.501236898824573, 8390354.704381773248315, 0.0 ], [ 3409264.451170028187335, 8390355.745683213695884, 0.0 ], [ 3409274.864184430800378, 8390351.580477448180318, 0.0 ], [ 3409289.442404595203698, 8390342.208764486014843, 0.0 ], [ 3409319.640146364923567, 8390356.786984650418162, 0.0 ], [ 3409351.92049101786688, 8390365.117396181449294, 0.0 ], [ 3409372.746519824489951, 8390361.993491850793362, 0.0 ], [ 3409376.911725585348904, 8390357.828286090865731, 0.0 ], [ 3409393.5725486301817, 8390360.952190414071083, 0.0 ], [ 3409417.522481759078801, 8390363.034793293103576, 0.0 ], [ 3409439.389812004752457, 8390363.034793293103576, 0.0 ], [ 3409463.33974513458088, 8390365.117396172136068, 0.0 ], [ 3409478.959266740363091, 8390371.365204814821482, 0.0 ], [ 3409489.372281142044812, 8390370.323903370648623, 0.0 ], [ 3409507.074405627790838, 8390350.539176000282168, 0.0 ], [ 3409529.983037313912064, 8390339.08486015163362, 0.0 ], [ 3409546.643860360141844, 8390330.754448626190424, 0.0 ], [ 3409588.295917976181954, 8390375.530410569161177, 0.0 ], [ 3409616.411056870128959, 8390418.223769649863243, 0.0 ], [ 3409644.526195762678981, 8390468.206238800659776, 0.0 ], [ 3409657.021813050378114, 8390498.403980584815145, 0.0 ], [ 3409666.39352601673454, 8390528.601722367107868, 0.0 ] ] ] } },
{ "type": "Feature", "properties": { "fid": 9, "name": null, "cmt": null, "desc": null, "src": null, "link1_href": null, "link1_text": null, "link1_type": null, "link2_href": null, "link2_text": null, "link2_type": null, "number": null, "type": null, "id": null, "description": "Unknown Line Type", "timestamp": null, "begin": null, "end": null, "altitudeMode": null, "tessellate": -1, "extrude": 0, "visibility": -1, "drawOrder": null, "icon": null, "gpxx_TrackExtension": null, "gpxtrkx_TrackStatsExtension": null, "layer": "Trek_Les_Pesch_3 — Line Features", "path": "C:/Users/blinc/OneDrive/Рабочий стол/МЛА+ проекты/НЕРАСКРЫТЫЙ ПЕТЕРБУРГ/QGIS/Data/Экомаршруты/Trek_Les_Pesch_3.kmz|layername=Line Features|geometrytype=LineString25D|uniqueGeometryType=yes" }, "geometry": { "type": "MultiLineString", "coordinates": [ [ [ 3417839.646962698083371, 8392732.639500271528959, 0.0 ], [ 3417873.66627699509263, 8392750.04363775998354, 0.0 ], [ 3417890.673345964867622, 8392764.27905760332942, 0.0 ], [ 3417899.359939788002521, 8392781.301470769569278, 0.0 ], [ 3417902.937692560721189, 8392789.596290856599808, 0.0 ], [ 3417912.041166745591909, 8392814.52400303632021, 0.0 ], [ 3417920.7385028982535, 8392840.256709113717079, 0.0 ], [ 3417927.45507569424808, 8392857.650246206671, 0.0 ], [ 3417936.967827116139233, 8392865.552205005660653, 0.0 ], [ 3417942.880984879564494, 8392866.73669658228755, 0.0 ], [ 3417947.644835696555674, 8392865.963436115533113, 0.0 ], [ 3417957.52752404846251, 8392863.190673878416419, 0.0 ], [ 3417999.456488908734173, 8392846.969044761732221, 0.0 ], [ 3418014.881796969100833, 8392841.831918276846409, 0.0 ], [ 3418024.772366741672158, 8392837.880728103220463, 0.0 ], [ 3418049.699327669572085, 8392824.823467319831252, 0.0 ], [ 3418066.706340979319066, 8392820.080813601613045, 0.0 ], [ 3418114.19975530076772, 8392802.274091282859445, 0.0 ], [ 3418182.232951494399458, 8392769.838766327127814, 0.0 ], [ 3418211.896912977099419, 8392756.765833733603358, 0.0 ], [ 3418238.002157318405807, 8392747.664393903687596, 0.0 ], [ 3418245.520898361690342, 8392736.199384074658155, 0.0 ], [ 3418254.622123888228089, 8392722.731792129576206, 0.0 ], [ 3418276.915165476966649, 8392697.836442176252604, 0.0 ], [ 3418293.779823421500623, 8392693.867490651085973, 0.0 ], [ 3418314.758905403781682, 8392690.301043469458818, 0.0 ], [ 3418336.521242452785373, 8392688.339846346527338, 0.0 ], [ 3418363.305557954125106, 8392687.172198859974742, 0.0 ], [ 3418383.202280526980758, 8392686.36465915851295, 0.0 ], [ 3418397.838466981891543, 8392688.330949306488037, 0.0 ], [ 3418413.661497320514172, 8392693.075141914188862, 0.0 ], [ 3418431.989205068442971, 8392700.063685974106193, 0.0 ], [ 3418445.703398976475, 8392716.800310181453824, 0.0 ], [ 3418452.031500143930316, 8392746.884539818391204, 0.0 ], [ 3418463.887059306260198, 8392772.186543673276901, 0.0 ], [ 3418482.885277744848281, 8392791.184167627245188, 0.0 ], [ 3418505.035852652508765, 8392799.883397685363889, 0.0 ], [ 3418535.114679613616318, 8392815.709576288238168, 0.0 ], [ 3418559.622878884896636, 8392834.718456231057644, 0.0 ], [ 3418581.00105237448588, 8392850.542351903393865, 0.0 ], [ 3418602.342290058732033, 8392879.809245955199003, 0.0 ], [ 3418629.265042479615659, 8392907.491824029013515, 0.0 ], [ 3418660.123373043257743, 8392924.10384532250464, 0.0 ], [ 3418679.12915007583797, 8392930.056692061945796, 0.0 ], [ 3418695.370841884985566, 8392933.176853701472282, 0.0 ], [ 3418707.190077493898571, 8392932.427942724898458, 0.0 ], [ 3418719.068379225675017, 8392928.065269174054265, 0.0 ], [ 3418727.764001058414578, 8392924.89072478748858, 0.0 ], [ 3418736.467437517829239, 8392920.537820514291525, 0.0 ], [ 3418747.140895005315542, 8392913.436471814289689, 0.0 ], [ 3418757.437168661504984, 8392906.302054241299629, 0.0 ], [ 3418766.926119974814355, 8392894.445116601884365, 0.0 ], [ 3418775.625660251360387, 8392880.203573040664196, 0.0 ], [ 3418779.586574709974229, 8392870.292574662715197, 0.0 ], [ 3418781.561360212508589, 8392858.834469554945827, 0.0 ], [ 3418783.098326155450195, 8392849.099175821989775, 0.0 ], [ 3418780.380716822110116, 8392840.634796615689993, 0.0 ], [ 3418776.826730759814382, 8392828.765375109389424, 0.0 ], [ 3418775.623957056552172, 8392814.540329344570637, 0.0 ], [ 3418777.9971550158225, 8392805.83291881531477, 0.0 ], [ 3418783.54154470236972, 8392791.981598276644945, 0.0 ], [ 3418788.285669702105224, 8392781.298801587894559, 0.0 ], [ 3418792.640922324266285, 8392773.778776301071048, 0.0 ], [ 3418800.153685510158539, 8392763.891120366752148, 0.0 ], [ 3418807.6717141084373, 8392754.802706021815538, 0.0 ], [ 3418815.198080537375063, 8392742.1388222835958, 0.0 ], [ 3418821.909699611831456, 8392721.156541680917144, 0.0 ], [ 3418825.084431297611445, 8392700.191603358834982, 0.0 ], [ 3418827.047672966960818, 8392684.778072766959667, 0.0 ], [ 3418829.041661080904305, 8392666.568976361304522, 0.0 ], [ 3418833.782012348528951, 8392650.752348778769374, 0.0 ], [ 3418843.272700244095176, 8392632.163858337327838, 0.0 ], [ 3418848.420224814675748, 8392622.653823792934418, 0.0 ], [ 3418854.759847549255937, 8392614.343733213841915, 0.0 ], [ 3418860.671970041934401, 8392610.793094361200929, 0.0 ], [ 3418866.220022140536457, 8392606.830306384712458, 0.0 ], [ 3418874.130273833870888, 8392599.713245587423444, 0.0 ], [ 3418882.835402348544449, 8392588.62854241207242, 0.0 ], [ 3418891.143843857105821, 8392572.835770150646567, 0.0 ], [ 3418899.448656352702528, 8392560.958172358572483, 0.0 ], [ 3418905.776712989900261, 8392548.692467680200934, 0.0 ], [ 3418910.531624847557396, 8392537.211286056786776, 0.0 ], [ 3418912.498840624000877, 8392524.534898163750768, 0.0 ], [ 3418911.717823075596243, 8392511.903171906247735, 0.0 ], [ 3418908.153528829105198, 8392503.190135952085257, 0.0 ], [ 3418902.615172658581287, 8392494.488653915002942, 0.0 ], [ 3418892.326401932165027, 8392486.181932985782623, 0.0 ], [ 3418885.201342267915606, 8392481.041076755151153, 0.0 ], [ 3418875.310382874216884, 8392475.504739839583635, 0.0 ], [ 3418861.080234263557941, 8392467.980333641171455, 0.0 ], [ 3418851.18930826568976, 8392462.443984299898148, 0.0 ], [ 3418839.307911850977689, 8392456.918559895828366, 0.0 ], [ 3418831.00474688410759, 8392452.555834295228124, 0.0 ], [ 3418822.300664769951254, 8392447.42016164585948, 0.0 ], [ 3418812.807238412089646, 8392439.899987837299705, 0.0 ], [ 3418809.125513235107064, 8392436.496429385617375, 0.0 ], [ 3418829.621257112361491, 8392353.549643816426396, 0.0 ], [ 3418834.411190083716065, 8392341.530698614194989, 0.0 ], [ 3418896.746798701584339, 8392278.591262090951204, 0.0 ], [ 3418899.845755212940276, 8392267.432667054235935, 0.0 ], [ 3418902.212819465436041, 8392250.79557029902935, 0.0 ], [ 3418895.092034467961639, 8392211.238181035965681, 0.0 ], [ 3418880.465399216394871, 8392119.46671973541379, 0.0 ], [ 3418876.902808154467493, 8392075.938503419980407, 0.0 ], [ 3418875.328761683776975, 8392025.308605963364244, 0.0 ], [ 3418873.738629545085132, 8391979.432375147938728, 0.0 ], [ 3418870.571545504033566, 8391943.029478987678885, 0.0 ], [ 3418866.623288067989051, 8391926.394048880785704, 0.0 ], [ 3418852.369150104001164, 8391917.690846113488078, 0.0 ], [ 3418831.010379602666944, 8391916.13186975941062, 0.0 ], [ 3418801.347965461667627, 8391924.052434716373682, 0.0 ], [ 3418773.665502046700567, 8391935.11752288043499, 0.0 ], [ 3418691.767062529921532, 8391958.844364864751697, 0.0 ], [ 3418660.925619134213775, 8391969.939396427944303, 0.0 ], [ 3418636.765571573283523, 8391983.76277207955718, 0.0 ], [ 3418610.250682638492435, 8392006.712641632184386, 0.0 ], [ 3418599.977162684313953, 8392012.268753973767161, 0.0 ], [ 3418590.49076058762148, 8392015.035791523754597, 0.0 ], [ 3418565.962223248556256, 8392020.956366624683142, 0.0 ], [ 3418529.963058416731656, 8392042.318680772557855, 0.0 ], [ 3418505.028249464929104, 8392046.666973911225796, 0.0 ], [ 3418465.491217631381005, 8392041.919483348727226, 0.0 ], [ 3418447.290180332493037, 8392035.595157222822309, 0.0 ], [ 3418419.986392426304519, 8392025.699061954393983, 0.0 ], [ 3418349.966187846381217, 8392015.019200067967176, 0.0 ], [ 3418308.828704562969506, 8392016.607132326811552, 0.0 ], [ 3418285.157638996373862, 8392017.70276976749301, 0.0 ], [ 3418257.88463093014434, 8391999.797437282279134, 0.0 ], [ 3418237.310618310701102, 8391985.540297709405422, 0.0 ], [ 3418222.57260791445151, 8391969.927853662520647, 0.0 ], [ 3418195.677240087185055, 8391938.27327030710876, 0.0 ], [ 3418169.579576600342989, 8391914.935676980763674, 0.0 ], [ 3418105.089011871255934, 8391861.920922491699457, 0.0 ], [ 3418097.178314899560064, 8391845.307315092533827, 0.0 ], [ 3418095.198965297080576, 8391832.654935901984572, 0.0 ], [ 3418094.014492519665509, 8391825.543026465922594, 0.0 ], [ 3418095.99594605807215, 8391814.865923352539539, 0.0 ], [ 3418107.851482952944934, 8391800.197614151984453, 0.0 ], [ 3418147.410155289806426, 8391772.929632592946291, 0.0 ], [ 3418186.183913900982589, 8391753.12443901412189, 0.0 ], [ 3418202.00118901906535, 8391740.870732026174664, 0.0 ], [ 3418214.674623609520495, 8391713.967011025175452, 0.0 ], [ 3418217.823083895258605, 8391689.049494070932269, 0.0 ], [ 3418215.0726019134745, 8391653.061597935855389, 0.0 ], [ 3418203.97373698791489, 8391608.355161320418119, 0.0 ], [ 3418196.087741808965802, 8391576.30378207936883, 0.0 ], [ 3418187.771396612748504, 8391546.234873401001096, 0.0 ], [ 3418161.663447198458016, 8391466.714006500318646, 0.0 ], [ 3418151.367529761046171, 8391416.883531358093023, 0.0 ], [ 3418142.68414193764329, 8391390.777027055621147, 0.0 ], [ 3418131.606127154547721, 8391358.316003307700157, 0.0 ], [ 3418133.178448166232556, 8391333.804318863898516, 0.0 ], [ 3418139.509532694704831, 8391314.810674926266074, 0.0 ], [ 3418153.755733576137573, 8391298.988075932487845, 0.0 ], [ 3418177.281048531178385, 8391273.062208794057369, 0.0 ], [ 3418184.210553246084601, 8391265.753363342955709, 0.0 ], [ 3418194.097560792695731, 8391248.541067628189921, 0.0 ], [ 3418197.266325754579157, 8391234.910186566412449, 0.0 ], [ 3418202.012499032076448, 8391210.389305800199509, 0.0 ], [ 3418202.801397997885942, 8391186.649774400517344, 0.0 ], [ 3418203.601540232077241, 8391159.735134616494179, 0.0 ], [ 3418202.016628980636597, 8391135.214303899556398, 0.0 ], [ 3418205.968326182104647, 8391114.640572044998407, 0.0 ], [ 3418215.472973546013236, 8391100.391149463132024, 0.0 ], [ 3418236.043724501505494, 8391079.036614222452044, 0.0 ], [ 3418239.195802671834826, 8391063.508125865831971, 0.0 ], [ 3418224.168094434775412, 8391056.794946515932679, 0.0 ], [ 3418196.977607507724315, 8391056.090212369337678, 0.0 ], [ 3418159.282690609339625, 8391067.163336880505085, 0.0 ], [ 3418108.356105272658169, 8391083.288805477321148, 0.0 ], [ 3418081.760431780014187, 8391092.47044699639082, 0.0 ], [ 3418063.743650504387915, 8391104.167018944397569, 0.0 ], [ 3418039.811217906419188, 8391113.840520955622196, 0.0 ], [ 3418020.823541425634176, 8391112.26185629144311, 0.0 ], [ 3418000.06825614720583, 8391102.373272228986025, 0.0 ], [ 3417940.9106186022982, 8391056.098840596154332, 0.0 ], [ 3417916.376359438989311, 8391037.111338533461094, 0.0 ], [ 3417898.979093391913921, 8391032.352245548740029, 0.0 ], [ 3417882.376325679477304, 8391035.509585438296199, 0.0 ], [ 3417863.382370782550424, 8391042.657980335876346, 0.0 ], [ 3417845.984659456182271, 8391054.515296023339033, 0.0 ], [ 3417828.56440593348816, 8391067.969542779028416, 0.0 ], [ 3417806.425330332946032, 8391074.28943582996726, 0.0 ], [ 3417790.595253471285105, 8391075.076851608231664, 0.0 ], [ 3417773.186421328689903, 8391066.382548805326223, 0.0 ], [ 3417754.189071181230247, 8391048.965176226571202, 0.0 ] ] ] } },
{ "type": "Feature", "properties": { "fid": 10, "name": null, "cmt": null, "desc": null, "src": null, "link1_href": null, "link1_text": null, "link1_type": null, "link2_href": null, "link2_text": null, "link2_type": null, "number": null, "type": null, "id": null, "description": "Unknown Line Type", "timestamp": null, "begin": null, "end": null, "altitudeMode": null, "tessellate": -1, "extrude": 0, "visibility": -1, "drawOrder": null, "icon": null, "gpxx_TrackExtension": null, "gpxtrkx_TrackStatsExtension": null, "layer": "Trek_Les_Pesch_3 — Line Features", "path": "C:/Users/blinc/OneDrive/Рабочий стол/МЛА+ проекты/НЕРАСКРЫТЫЙ ПЕТЕРБУРГ/QGIS/Data/Экомаршруты/Trek_Les_Pesch_3.kmz|layername=Line Features|geometrytype=LineString25D|uniqueGeometryType=yes" }, "geometry": { "type": "MultiLineString", "coordinates": [ [ [ 3417839.646962698083371, 8392732.639500271528959, 0.0 ], [ 3417798.897828591521829, 8392724.330041877925396, 0.0 ], [ 3417765.673513570800424, 8392712.466746551916003, 0.0 ], [ 3417709.633612136822194, 8392687.404011243954301, 0.0 ] ] ] } },
{ "type": "Feature", "properties": { "fid": 11, "name": null, "cmt": null, "desc": null, "src": null, "link1_href": null, "link1_text": null, "link1_type": null, "link2_href": null, "link2_text": null, "link2_type": null, "number": null, "type": null, "id": null, "description": "Unknown Line Type", "timestamp": null, "begin": null, "end": null, "altitudeMode": null, "tessellate": -1, "extrude": 0, "visibility": -1, "drawOrder": null, "icon": null, "gpxx_TrackExtension": null, "gpxtrkx_TrackStatsExtension": null, "layer": "Trek_Les_Pesch_3 — Line Features", "path": "C:/Users/blinc/OneDrive/Рабочий стол/МЛА+ проекты/НЕРАСКРЫТЫЙ ПЕТЕРБУРГ/QGIS/Data/Экомаршруты/Trek_Les_Pesch_3.kmz|layername=Line Features|geometrytype=LineString25D|uniqueGeometryType=yes" }, "geometry": { "type": "MultiLineString", "coordinates": [ [ [ 3417839.646962698083371, 8392732.639500271528959, 0.0 ], [ 3417875.25153333414346, 8392717.597221232950687, 0.0 ], [ 3417927.461743718478829, 8392711.282591169700027, 0.0 ], [ 3417976.910796588286757, 8392716.298025859519839, 0.0 ], [ 3418008.955536890774965, 8392717.591860735788941, 0.0 ], [ 3417999.064243530854583, 8392613.331883074715734, 0.0 ], [ 3417999.864374629687518, 8392557.007488738745451, 0.0 ], [ 3417995.516947754193097, 8392432.787136355414987, 0.0 ], [ 3417990.753185994457453, 8392397.964009249582887, 0.0 ], [ 3417982.058655088301748, 8392360.767154630273581, 0.0 ], [ 3417971.768459470011294, 8392290.356130119413137, 0.0 ], [ 3417970.175655666273087, 8392276.517900237813592, 0.0 ], [ 3417957.537097469903529, 8392244.457898087799549, 0.0 ], [ 3417935.78649348532781, 8392164.960409615188837, 0.0 ], [ 3417940.507464033085853, 8392160.19077973999083, 0.0 ], [ 3417951.591790627688169, 8392155.462632415816188, 0.0 ], [ 3417961.095291399396956, 8392147.942956792190671, 0.0 ], [ 3417959.894710689783096, 8392124.211146583780646, 0.0 ], [ 3417947.247825796250254, 8392105.214931067079306, 0.0 ], [ 3417932.21062200749293, 8392094.92445719987154, 0.0 ], [ 3417898.188591513317078, 8392071.988991755992174, 0.0 ], [ 3417877.622337862383574, 8392056.572460709139705, 0.0 ], [ 3417827.784312420058995, 8391979.415450209751725, 0.0 ], [ 3417804.823275957256556, 8391938.688074855133891, 0.0 ], [ 3417792.164324030745775, 8391915.317275494337082, 0.0 ], [ 3417785.040410947054625, 8391810.105905402451754, 0.0 ], [ 3417762.891093943733722, 8391727.023326206952333, 0.0 ], [ 3417743.102495988830924, 8391690.641892969608307, 0.0 ], [ 3417661.629308050032705, 8391623.391928808763623, 0.0 ], [ 3417619.699307912029326, 8391581.04688061401248, 0.0 ], [ 3417575.382161485496908, 8391531.208671340718865, 0.0 ], [ 3417550.06432442413643, 8391491.659148503094912, 0.0 ], [ 3417529.488141069188714, 8391433.480360925197601, 0.0 ], [ 3417515.240359446033835, 8391408.557343326508999, 0.0 ], [ 3417501.000392453745008, 8391384.833029579371214, 0.0 ], [ 3417454.327480698935688, 8391348.434783563017845, 0.0 ], [ 3417437.721952262334526, 8391334.594453265890479, 0.0 ], [ 3417431.38665985642001, 8391314.820571064949036, 0.0 ], [ 3417432.166864769998938, 8391296.612814357504249, 0.0 ], [ 3417438.49386387038976, 8391276.840768683701754, 0.0 ], [ 3417452.742658495437354, 8391251.512788457795978, 0.0 ], [ 3417484.388941808603704, 8391223.834986438974738, 0.0 ], [ 3417508.119808204006404, 8391202.47231007181108, 0.0 ], [ 3417542.150577271357179, 8391181.887738374993205, 0.0 ], [ 3417564.307575311046094, 8391173.172494731843472, 0.0 ], [ 3417587.247282955795527, 8391161.328864596784115, 0.0 ], [ 3417599.904976970050484, 8391146.291149910539389, 0.0 ], [ 3417606.242417837493122, 8391128.097530459985137, 0.0 ], [ 3417615.736723619978875, 8391117.024025272578001, 0.0 ], [ 3417630.772702892776579, 8391108.320399792864919, 0.0 ], [ 3417645.792451783549041, 8391097.239519141614437, 0.0 ], [ 3417687.731902940198779, 8391079.026940835639834, 0.0 ], [ 3417720.170948007144034, 8391066.375254843384027, 0.0 ], [ 3417743.119227251037955, 8391055.689978748559952, 0.0 ], [ 3417754.189071181230247, 8391048.965176226571202, 0.0 ] ] ] } },
{ "type": "Feature", "properties": { "fid": 12, "name": null, "cmt": null, "desc": null, "src": null, "link1_href": null, "link1_text": null, "link1_type": null, "link2_href": null, "link2_text": null, "link2_type": null, "number": null, "type": null, "id": null, "description": "Unknown Line Type", "timestamp": null, "begin": null, "end": null, "altitudeMode": null, "tessellate": -1, "extrude": 0, "visibility": -1, "drawOrder": null, "icon": null, "gpxx_TrackExtension": null, "gpxtrkx_TrackStatsExtension": null, "layer": "Trek_Les_Pesch_3 — Line Features", "path": "C:/Users/blinc/OneDrive/Рабочий стол/МЛА+ проекты/НЕРАСКРЫТЫЙ ПЕТЕРБУРГ/QGIS/Data/Экомаршруты/Trek_Les_Pesch_3.kmz|layername=Line Features|geometrytype=LineString25D|uniqueGeometryType=yes" }, "geometry": { "type": "MultiLineString", "coordinates": [ [ [ 3417754.189071181230247, 8391048.965176226571202, 0.0 ], [ 3417741.533982039894909, 8391014.153392545878887, 0.0 ], [ 3417723.331397397443652, 8390985.679424822330475, 0.0 ], [ 3417703.549801439512521, 8390969.073619393631816, 0.0 ], [ 3417679.817209587898105, 8390951.651251066476107, 0.0 ], [ 3417654.516293092630804, 8390935.831878077238798, 0.0 ], [ 3417622.868473568931222, 8390917.634597709402442, 0.0 ], [ 3417602.869437247049063, 8390901.620232967659831, 0.0 ], [ 3417576.370177565608174, 8390857.319757200777531, 0.0 ], [ 3417558.776599592994899, 8390829.805832717567682, 0.0 ], [ 3417543.731781549751759, 8390815.561697460711002, 0.0 ], [ 3417508.110668836161494, 8390791.054731672629714, 0.0 ], [ 3417481.228035959880799, 8390769.667982378974557, 0.0 ], [ 3417455.32176407193765, 8390745.738946348428726, 0.0 ], [ 3417417.351387089584023, 8390704.613994956016541, 0.0 ], [ 3417400.326117382850498, 8390686.805891752243042, 0.0 ], [ 3417372.842949247453362, 8390653.375680226832628, 0.0 ], [ 3417334.869065701495856, 8390611.431857734918594, 0.0 ], [ 3417317.441275846213102, 8390585.341904804110527, 0.0 ], [ 3417308.751186591107398, 8390560.015901349484921, 0.0 ], [ 3417302.411741967312992, 8390539.444976359605789, 0.0 ], [ 3417304.79787524882704, 8390520.456337505951524, 0.0 ], [ 3417310.530617513693869, 8390489.382513849064708, 0.0 ], [ 3417311.922333783935755, 8390470.618986919522285, 0.0 ], [ 3417288.158049269579351, 8390407.323816465213895, 0.0 ], [ 3417260.495378455612808, 8390365.380927721038461, 0.0 ], [ 3417228.054396423045546, 8390314.744394896551967, 0.0 ], [ 3417205.092513935174793, 8390291.797215797007084, 0.0 ], [ 3417167.929114206694067, 8390276.762076182290912, 0.0 ], [ 3417127.56485610594973, 8390260.157334797084332, 0.0 ], [ 3417105.412522350437939, 8390254.611882403492928, 0.0 ], [ 3417085.633464478421956, 8390242.758855704218149, 0.0 ], [ 3417073.965467527043074, 8390230.290133645758033, 0.0 ], [ 3417062.097295866813511, 8390211.284347785636783, 0.0 ], [ 3417052.595665262080729, 8390194.677619392052293, 0.0 ], [ 3417042.915255553554744, 8390177.066216705366969, 0.0 ], [ 3417034.203937669750303, 8390153.338063523173332, 0.0 ], [ 3417027.088551667053252, 8390124.853014109656215, 0.0 ], [ 3417027.075427097268403, 8390098.752621665596962, 0.0 ], [ 3417032.629924594424665, 8390078.977119836956263, 0.0 ], [ 3417044.488255605567247, 8390055.228115143254399, 0.0 ], [ 3417063.477256785612553, 8390028.313183404505253, 0.0 ], [ 3417114.115947652142495, 8389955.535275371745229, 0.0 ], [ 3417136.271075523458421, 8389930.228645974770188, 0.0 ] ] ] } },
{ "type": "Feature", "properties": { "fid": 13, "name": null, "cmt": null, "desc": null, "src": null, "link1_href": null, "link1_text": null, "link1_type": null, "link2_href": null, "link2_text": null, "link2_type": null, "number": null, "type": null, "id": null, "description": "Unknown Line Type", "timestamp": null, "begin": null, "end": null, "altitudeMode": null, "tessellate": -1, "extrude": 0, "visibility": -1, "drawOrder": null, "icon": null, "gpxx_TrackExtension": null, "gpxtrkx_TrackStatsExtension": null, "layer": "Trek_Les_Pesch_3 — Line Features", "path": "C:/Users/blinc/OneDrive/Рабочий стол/МЛА+ проекты/НЕРАСКРЫТЫЙ ПЕТЕРБУРГ/QGIS/Data/Экомаршруты/Trek_Les_Pesch_3.kmz|layername=Line Features|geometrytype=LineString25D|uniqueGeometryType=yes" }, "geometry": { "type": "MultiLineString", "coordinates": [ [ [ 3418285.157638996373862, 8392017.70276976749301, 0.0 ], [ 3418251.559668976813555, 8392031.436961192637682, 0.0 ], [ 3418227.043799794279039, 8392044.10825271718204, 0.0 ], [ 3418190.643461784347892, 8392062.299085695296526, 0.0 ], [ 3418147.410645123571157, 8392083.068825324997306, 0.0 ], [ 3418133.976709170266986, 8392088.214941814541817, 0.0 ], [ 3418107.45780159952119, 8392096.501820046454668, 0.0 ], [ 3418092.036634624470025, 8392104.415217205882072, 0.0 ], [ 3418039.021461870055646, 8392136.469805903732777, 0.0 ], [ 3418026.354773241560906, 8392143.200471896678209, 0.0 ], [ 3418014.491866994649172, 8392147.142615539953113, 0.0 ], [ 3417996.688128960318863, 8392148.341426007449627, 0.0 ], [ 3417981.004448361229151, 8392148.635140268132091, 0.0 ] ] ] } },
{ "type": "Feature", "properties": { "fid": 14, "name": null, "cmt": null, "desc": null, "src": null, "link1_href": null, "link1_text": null, "link1_type": null, "link2_href": null, "link2_text": null, "link2_type": null, "number": null, "type": null, "id": null, "description": "Unknown Line Type", "timestamp": null, "begin": null, "end": null, "altitudeMode": null, "tessellate": -1, "extrude": 0, "visibility": -1, "drawOrder": null, "icon": null, "gpxx_TrackExtension": null, "gpxtrkx_TrackStatsExtension": null, "layer": "Trek_Les_Pesch_3 — Line Features", "path": "C:/Users/blinc/OneDrive/Рабочий стол/МЛА+ проекты/НЕРАСКРЫТЫЙ ПЕТЕРБУРГ/QGIS/Data/Экомаршруты/Trek_Les_Pesch_3.kmz|layername=Line Features|geometrytype=LineString25D|uniqueGeometryType=yes" }, "geometry": { "type": "MultiLineString", "coordinates": [ [ [ 3418834.411190083716065, 8392341.530698614194989, 0.0 ], [ 3418805.308167514856905, 8392344.157737987115979, 0.0 ], [ 3418741.209525322541595, 8392343.354439549148083, 0.0 ], [ 3418720.628521838691086, 8392347.33521268889308, 0.0 ], [ 3418697.697229947894812, 8392356.028536198660731, 0.0 ], [ 3418676.333917611744255, 8392367.892302934080362, 0.0 ], [ 3418624.913140527438372, 8392406.65934974513948, 0.0 ], [ 3418599.575488604139537, 8392426.435272928327322, 0.0 ], [ 3418581.385750233661383, 8392438.309072906151414, 0.0 ], [ 3418560.816368506290019, 8392446.225061401724815, 0.0 ], [ 3418534.709955308120698, 8392454.927709745243192, 0.0 ], [ 3418503.839212624356151, 8392462.046699170023203, 0.0 ], [ 3418481.701717756222934, 8392466.791880400851369, 0.0 ], [ 3418459.552968491334468, 8392467.581424554809928, 0.0 ], [ 3418438.192695176228881, 8392463.644069399684668, 0.0 ], [ 3418413.664413870312274, 8392455.721456348896027, 0.0 ], [ 3418378.844756964594126, 8392443.865888876840472, 0.0 ], [ 3418347.18935658223927, 8392430.40214535035193, 0.0 ], [ 3418268.866788532119244, 8392397.180099707096815, 0.0 ], [ 3418232.860977925825864, 8392380.169049879536033, 0.0 ], [ 3418210.317801438271999, 8392369.078738510608673, 0.0 ], [ 3418166.417557635810226, 8392352.072869133204222, 0.0 ], [ 3418108.255494828335941, 8392329.916946791112423, 0.0 ], [ 3418012.112078935373574, 8392295.114478884264827, 0.0 ], [ 3417970.175655666273087, 8392276.517900237813592, 0.0 ] ] ] } },
{ "type": "Feature", "properties": { "fid": 15, "name": "ВЕЛЬКОТА 2 11:26:40", "cmt": null, "desc": null, "src": null, "link1_href": null, "link1_text": null, "link1_type": null, "link2_href": null, "link2_text": null, "link2_type": null, "number": null, "type": null, "id": null, "description": null, "timestamp": null, "begin": null, "end": null, "altitudeMode": null, "tessellate": null, "extrude": null, "visibility": null, "drawOrder": null, "icon": null, "gpxx_TrackExtension": "        <gpxx:DisplayColor>Cyan</gpxx:DisplayColor>      ", "gpxtrkx_TrackStatsExtension": "        <gpxtrkx:Distance>420</gpxtrkx:Distance>      ", "layer": "ВЕЛЬКОТА 2 11_26_40 — tracks", "path": "C:/Users/blinc/OneDrive/Рабочий стол/МЛА+ проекты/НЕРАСКРЫТЫЙ ПЕТЕРБУРГ/QGIS/Data/Экомаршруты/ВЕЛЬКОТА 2 11_26_40.gpx|layername=tracks" }, "geometry": { "type": "MultiLineString", "coordinates": [ [ [ 3216085.138483660295606, 8311123.615352166816592, 95.79 ], [ 3216085.343758883420378, 8311124.150072820484638, 95.79 ], [ 3216087.088598270434886, 8311122.656542812474072, 95.79 ], [ 3216076.115704567637295, 8311127.893118489533663, 95.79 ], [ 3216075.555863053537905, 8311130.290143802762032, 95.79 ], [ 3216075.677162047475576, 8311125.680480428040028, 95.79 ], [ 3216074.324211718980223, 8311125.403900722973049, 95.79 ], [ 3216069.276307387277484, 8311132.097132633440197, 95.79 ], [ 3216046.50941909244284, 8311141.242715509608388, 95.79 ], [ 3216041.35887715080753, 8311141.722121378406882, 95.79 ], [ 3216009.494564225431532, 8311149.613883947953582, 95.79 ], [ 3215995.853092630859464, 8311147.345923285000026, 95.79 ], [ 3215985.645315665751696, 8311148.175664911046624, 95.79 ], [ 3215969.120660268701613, 8311155.311446742154658, 95.31 ], [ 3215946.671015496365726, 8311159.146701838821173, 94.83 ], [ 3215906.12915908312425, 8311173.473609860055149, 93.87 ], [ 3215880.62837805505842, 8311199.177295625209808, 92.9 ], [ 3215863.347936613950878, 8311225.26828754413873, 92.42 ], [ 3215859.988887520506978, 8311228.587289582937956, 92.42 ], [ 3215849.893078858964145, 8311243.780962371267378, 91.94 ], [ 3215836.932747777551413, 8311262.607146359048784, 91.46 ], [ 3215833.53637591842562, 8311281.230548879131675, 90.98 ], [ 3215832.295393893029541, 8311284.807722652330995, 90.98 ], [ 3215830.839805951341987, 8311293.197492674924433, 90.5 ], [ 3215834.040233282838017, 8311294.893886891193688, 90.5 ], [ 3215862.890732716303319, 8311304.574404817074537, 90.5 ], [ 3215906.371757087763399, 8311329.983519746921957, 90.5 ], [ 3215944.338342532049865, 8311344.034170872531831, 91.94 ], [ 3215962.55185316875577, 8311343.665387030690908, 92.9 ], [ 3215989.517552832141519, 8311351.354533796198666, 92.9 ], [ 3215999.604030803777277, 8311361.256396448239684, 93.39 ], [ 3216020.80336285661906, 8311359.338716239668429, 94.83 ], [ 3216050.428309717681259, 8311349.897836303338408, 95.79 ], [ 3216076.414286727551371, 8311336.050004939548671, 96.75 ], [ 3216087.452495273668319, 8311317.002364474348724, 97.23 ], [ 3216095.66350416559726, 8311288.47709340788424, 97.71 ], [ 3216089.859813784714788, 8311258.734959629364312, 97.71 ], [ 3216084.886554988101125, 8311242.582431208342314, 97.71 ], [ 3216081.396876206621528, 8311225.489554284140468, 97.71 ], [ 3216072.654017871245742, 8311190.363539642654359, 98.19 ], [ 3216065.236117786727846, 8311160.640239208936691, 98.19 ], [ 3216053.880665712989867, 8311138.495351724326611, 98.19 ], [ 3216056.064047621563077, 8311135.932375685311854, 98.19 ] ] ] } },
{ "type": "Feature", "properties": { "fid": 16, "name": "Путь без названия", "cmt": null, "desc": null, "src": null, "link1_href": null, "link1_text": null, "link1_type": null, "link2_href": null, "link2_text": null, "link2_type": null, "number": null, "type": null, "id": null, "description": null, "timestamp": null, "begin": null, "end": null, "altitudeMode": null, "tessellate": 1, "extrude": 0, "visibility": -1, "drawOrder": null, "icon": null, "gpxx_TrackExtension": null, "gpxtrkx_TrackStatsExtension": null, "layer": "Верста трек — Путь без названия.kmz", "path": "C:/Users/blinc/OneDrive/Рабочий стол/МЛА+ проекты/НЕРАСКРЫТЫЙ ПЕТЕРБУРГ/QGIS/Data/Экомаршруты/Верста трек.kmz|layername=Путь без названия.kmz|geometrytype=LineString25D|uniqueGeometryType=yes" }, "geometry": { "type": "MultiLineString", "coordinates": [ [ [ 3409329.44973667152226, 8390000.318412920460105, 0.0 ], [ 3409354.911012145224959, 8390032.433629428967834, 0.0 ], [ 3409381.805026738904417, 8390054.205904861912131, 0.0 ], [ 3409418.661603471729904, 8390078.201222114264965, 0.0 ], [ 3409440.811718722805381, 8390093.189073240384459, 0.0 ], [ 3409470.61117875110358, 8390105.552307289093733, 0.0 ], [ 3409498.18653269438073, 8390117.398181224241853, 0.0 ], [ 3409508.581565941683948, 8390120.929816227406263, 0.0 ], [ 3409519.456236598547548, 8390123.522477846592665, 0.0 ], [ 3409520.91139923222363, 8390123.444979079067707, 0.0 ], [ 3409530.303029621485621, 8390125.069031439721584, 0.0 ], [ 3409544.509204405825585, 8390125.379314785823226, 0.0 ], [ 3409555.90097347414121, 8390126.06978752836585, 0.0 ], [ 3409563.245841885916889, 8390129.415630916133523, 0.0 ], [ 3409565.300388093106449, 8390131.668583499267697, 0.0 ], [ 3409568.301738954614848, 8390137.271816739812493, 0.0 ], [ 3409567.443155293352902, 8390141.386541178449988, 0.0 ], [ 3409567.259168747346848, 8390142.761645136401057, 0.0 ], [ 3409564.795786601025611, 8390150.099579349160194, 0.0 ], [ 3409558.458833971526474, 8390160.863892704248428, 0.0 ], [ 3409556.326688691508025, 8390165.929532364010811, 0.0 ], [ 3409557.336795898620039, 8390170.57284296117723, 0.0 ], [ 3409559.991226543672383, 8390175.57176904566586, 0.0 ], [ 3409563.38411742541939, 8390181.341834673658013, 0.0 ], [ 3409569.630251036956906, 8390189.34890959225595, 0.0 ], [ 3409574.598923445679247, 8390196.779677778482437, 0.0 ], [ 3409577.504937758203596, 8390202.845843501389027, 0.0 ], [ 3409579.5242136917077, 8390209.801226761192083, 0.0 ], [ 3409577.318886426277459, 8390218.198911763727665, 0.0 ], [ 3409576.386137030087411, 8390219.030062537640333, 0.0 ], [ 3409566.722479487769306, 8390228.227343184873462, 0.0 ], [ 3409548.898002198897302, 8390245.187010539695621, 0.0 ], [ 3409530.950147841125727, 8390258.079495852813125, 0.0 ], [ 3409510.050820300821215, 8390271.598725354298949, 0.0 ], [ 3409493.893871478736401, 8390281.191481199115515, 0.0 ], [ 3409467.3029471966438, 8390293.862054077908397, 0.0 ], [ 3409419.168213428463787, 8390316.99376368522644, 0.0 ], [ 3409409.737663086969405, 8390318.373373061418533, 0.0 ], [ 3409397.921274799853563, 8390316.58095178194344, 0.0 ], [ 3409387.965417426545173, 8390316.553140008822083, 0.0 ], [ 3409377.603655976708978, 8390317.028319522738457, 0.0 ], [ 3409355.028539328370243, 8390325.242391606792808, 0.0 ], [ 3409336.91419938672334, 8390333.677372114732862, 0.0 ], [ 3409323.02007495937869, 8390342.963757898658514, 0.0 ], [ 3409302.24859968200326, 8390354.027225146070123, 0.0 ], [ 3409274.573987636715174, 8390369.192250246182084, 0.0 ], [ 3409268.559725938830525, 8390370.54287319816649, 0.0 ], [ 3409247.887191626708955, 8390361.914364859461784, 0.0 ], [ 3409222.750017604324967, 8390342.855805402621627, 0.0 ], [ 3409187.419141536112875, 8390315.763350933790207, 0.0 ], [ 3409170.690391475800425, 8390300.24622649140656, 0.0 ], [ 3409155.319645476061851, 8390282.090605966746807, 0.0 ], [ 3409091.95778360683471, 8390240.830883447080851, 0.0 ], [ 3409067.403368455823511, 8390229.835394423455, 0.0 ], [ 3409047.315127648878843, 8390210.158948494121432, 0.0 ], [ 3409029.736445662565529, 8390197.283012015745044, 0.0 ], [ 3409009.471663867589086, 8390165.28640672378242, 0.0 ], [ 3408992.843875031452626, 8390146.5224968213588, 0.0 ], [ 3408970.250229202676564, 8390112.253424119204283, 0.0 ], [ 3408955.069927231874317, 8390080.134280856698751, 0.0 ], [ 3408948.690633485559374, 8390067.018023109063506, 0.0 ], [ 3408957.097098898142576, 8390053.978430029004812, 0.0 ], [ 3408962.834979402832687, 8390047.922556445002556, 0.0 ], [ 3408979.119768619071692, 8390035.901629602536559, 0.0 ], [ 3409003.358004684560001, 8390015.6140331402421, 0.0 ], [ 3409006.154826993122697, 8390012.765468556433916, 0.0 ], [ 3409069.51154050976038, 8390026.034153521060944, 0.0 ], [ 3409122.723608483094722, 8390066.088789520785213, 0.0 ], [ 3409160.344222274143249, 8390095.87820540741086, 0.0 ], [ 3409203.180663730949163, 8390105.63333373144269, 0.0 ], [ 3409276.436638768296689, 8390070.041146708652377, 0.0 ], [ 3409302.596786590758711, 8390037.237738236784935, 0.0 ], [ 3409320.37063563009724, 8390019.23480567894876, 0.0 ], [ 3409329.293992631603032, 8390002.589381825178862, 0.0 ] ] ] } },
{ "type": "Feature", "properties": { "fid": 17, "name": null, "cmt": null, "desc": null, "src": null, "link1_href": null, "link1_text": null, "link1_type": null, "link2_href": null, "link2_text": null, "link2_type": null, "number": null, "type": null, "id": null, "description": "Unknown Line Type", "timestamp": null, "begin": null, "end": null, "altitudeMode": null, "tessellate": -1, "extrude": 0, "visibility": -1, "drawOrder": null, "icon": null, "gpxx_TrackExtension": null, "gpxtrkx_TrackStatsExtension": null, "layer": "Заячья тропа — Line Features", "path": "C:/Users/blinc/OneDrive/Рабочий стол/МЛА+ проекты/НЕРАСКРЫТЫЙ ПЕТЕРБУРГ/QGIS/Data/Экомаршруты/Заячья тропа.kmz|layername=Line Features|geometrytype=LineString25D|uniqueGeometryType=yes" }, "geometry": { "type": "MultiLineString", "coordinates": [ [ [ 3409653.683630260173231, 8390398.551120664924383, 0.0 ], [ 3409626.91469911346212, 8390410.491161787882447, 0.0 ], [ 3409616.597475128248334, 8390412.996550321578979, 0.0 ], [ 3409606.680021699517965, 8390411.681884970515966, 0.0 ], [ 3409502.705502272583544, 8390385.181635601446033, 0.0 ], [ 3409485.93447515135631, 8390382.861790722236037, 0.0 ], [ 3409461.006779513787478, 8390382.865014892071486, 0.0 ], [ 3409410.388148413505405, 8390381.685525365173817, 0.0 ], [ 3409370.666482073254883, 8390382.474957276135683, 0.0 ], [ 3409331.7373325843364, 8390383.632144585251808, 0.0 ], [ 3409296.66810851264745, 8390381.692663012072444, 0.0 ], [ 3409265.147549431305379, 8390376.62536290101707, 0.0 ], [ 3409246.833511719480157, 8390379.741397064179182, 0.0 ], [ 3409220.348834891803563, 8390393.367694290354848, 0.0 ], [ 3409194.649773108772933, 8390416.727929603308439, 0.0 ], [ 3409172.067657064180821, 8390428.816913202404976, 0.0 ], [ 3409153.364413018338382, 8390445.538795042783022, 0.0 ], [ 3409144.019598179496825, 8390460.360525591298938, 0.0 ], [ 3409142.469630121719092, 8390488.004307117313147, 0.0 ], [ 3409147.521175030618906, 8390519.56031378544867, 0.0 ], [ 3409154.5391008220613, 8390567.823049671947956, 0.0 ], [ 3409149.867689715698361, 8390590.801552148535848, 0.0 ], [ 3409137.39861544733867, 8390610.663770794868469, 0.0 ], [ 3409125.23349904967472, 8390633.512679737061262, 0.0 ], [ 3409115.209479472599924, 8390645.714046189561486, 0.0 ], [ 3409101.953354141674936, 8390665.967441638931632, 0.0 ], [ 3409093.786499893758446, 8390690.118628757074475, 0.0 ], [ 3409092.606068014167249, 8390706.073295444250107, 0.0 ], [ 3409095.350260442588478, 8390729.059344841167331, 0.0 ], [ 3409099.618962164968252, 8390751.261509159579873, 0.0 ], [ 3409105.271543268114328, 8390772.47498020157218, 0.0 ], [ 3409113.108513340353966, 8390791.01099213026464, 0.0 ], [ 3409130.789443718269467, 8390834.027015557512641, 0.0 ], [ 3409140.470988884568214, 8390851.111636189743876, 0.0 ], [ 3409162.713791992515326, 8390872.382810976356268, 0.0 ], [ 3409209.440860679373145, 8390904.700153946876526, 0.0 ], [ 3409240.993112421128899, 8390924.548408789560199, 0.0 ], [ 3409267.897931271232665, 8390939.635949481278658, 0.0 ], [ 3409291.985331735108048, 8390950.747547501698136, 0.0 ], [ 3409317.106111029163003, 8390959.18000209890306, 0.0 ], [ 3409331.319250022992492, 8390960.409862810745835, 0.0 ], [ 3409382.741073514800519, 8390947.538430914282799, 0.0 ], [ 3409394.51860884251073, 8390947.442365577444434, 0.0 ], [ 3409408.830966899171472, 8390951.41179957985878, 0.0 ], [ 3409427.352604333776981, 8390960.90495596267283, 0.0 ], [ 3409466.874608033336699, 8390958.430246591567993, 0.0 ], [ 3409497.623043993487954, 8390947.930986782535911, 0.0 ], [ 3409518.431840550154448, 8390939.011903522536159, 0.0 ], [ 3409538.516526082530618, 8390926.89121743477881, 0.0 ], [ 3409546.682289402000606, 8390915.600690001621842, 0.0 ], [ 3409553.698367280885577, 8390896.91922246851027, 0.0 ], [ 3409564.611618085298687, 8390875.48182101547718, 0.0 ], [ 3409573.946147000882775, 8390861.856677945703268, 0.0 ], [ 3409591.100859007332474, 8390852.107255902141333, 0.0 ], [ 3409620.307787190191448, 8390842.391113353893161, 0.0 ], [ 3409647.17207461129874, 8390841.617998609319329, 0.0 ], [ 3409658.835151241160929, 8390839.660028697922826, 0.0 ], [ 3409665.217854616697878, 8390835.455409595742822, 0.0 ], [ 3409671.694634092971683, 8390824.483744831755757, 0.0 ], [ 3409674.047015307471156, 8390809.289813866838813, 0.0 ], [ 3409675.978653371334076, 8390787.470193330198526, 0.0 ], [ 3409682.198752365540713, 8390765.285309070721269, 0.0 ], [ 3409693.501042526215315, 8390760.997655794024467, 0.0 ], [ 3409711.415977599099278, 8390757.107087016105652, 0.0 ], [ 3409734.787515813484788, 8390752.833114100620151, 0.0 ], [ 3409761.653517555445433, 8390749.703024169430137, 0.0 ], [ 3409797.48346563288942, 8390746.97433097101748, 0.0 ], [ 3409827.869000052567571, 8390746.586544452235103, 0.0 ], [ 3409844.325371501967311, 8390748.994294535368681, 0.0 ], [ 3409860.970919294748455, 8390764.510134406387806, 0.0 ], [ 3409868.355375636834651, 8390777.357097351923585, 0.0 ], [ 3409868.759064639452845, 8390796.424516500905156, 0.0 ], [ 3409866.813778806012124, 8390833.821656797081232, 0.0 ], [ 3409862.129287657793611, 8390854.464228762313724, 0.0 ], [ 3409845.792016938328743, 8390914.033564453944564, 0.0 ], [ 3409837.203306348994374, 8390941.306817563250661, 0.0 ], [ 3409807.623613732401282, 8391071.363307505846024, 0.0 ], [ 3409778.801338928751647, 8391186.649396741762757, 0.0 ], [ 3409769.836836000904441, 8391224.415803605690598, 0.0 ], [ 3409766.339967973064631, 8391243.104728545993567, 0.0 ], [ 3409765.947076963726431, 8391258.689458003267646, 0.0 ], [ 3409776.059395166113973, 8391284.018508110195398, 0.0 ], [ 3409784.629704646766186, 8391299.585377717390656, 0.0 ], [ 3409794.688823262229562, 8391313.068581698462367, 0.0 ], [ 3409813.026471836492419, 8391278.074685677886009, 0.0 ], [ 3409852.332382140681148, 8391233.387292012572289, 0.0 ], [ 3409875.7708456274122, 8391211.179405083879828, 0.0 ], [ 3409901.483410463202745, 8391174.572846027091146, 0.0 ], [ 3409920.546984569169581, 8391137.18869761750102, 0.0 ], [ 3409954.433071690611541, 8391067.881014822050929, 0.0 ], [ 3409973.511896568350494, 8391042.940576557070017, 0.0 ], [ 3410023.812421085778624, 8390993.774710522964597, 0.0 ], [ 3410044.384730521123856, 8391037.492402708157897, 0.0 ], [ 3410069.711038999725133, 8391121.225758826360106, 0.0 ], [ 3410084.496471502818167, 8391174.583186708390713, 0.0 ], [ 3410098.518452669028193, 8391206.502769812941551, 0.0 ], [ 3410119.550288961268961, 8391234.159825183451176, 0.0 ], [ 3410142.513807846233249, 8391252.858381766825914, 0.0 ], [ 3410162.791977787390351, 8391265.708486814051867, 0.0 ], [ 3410178.749370751902461, 8391271.533079613000154, 0.0 ], [ 3410207.166988084558398, 8391279.341937782242894, 0.0 ], [ 3410234.826786852441728, 8391291.797202005982399, 0.0 ], [ 3410260.138556999154389, 8391302.310828609392047, 0.0 ], [ 3410301.797093424014747, 8391317.883719015866518, 0.0 ], [ 3410325.8230009987019, 8391328.49089572019875, 0.0 ], [ 3410356.49935759184882, 8391339.8354283683002, 0.0 ], [ 3410366.053197036497295, 8391346.309223001822829, 0.0 ], [ 3410366.446544455364347, 8391320.997438188642263, 0.0 ], [ 3410361.780098195187747, 8391291.39017284847796, 0.0 ], [ 3410349.710627496242523, 8391254.028136964887381, 0.0 ], [ 3410346.200913194566965, 8391235.327753866091371, 0.0 ], [ 3410349.321833035908639, 8391176.899411451071501, 0.0 ], [ 3410338.412701051216573, 8391143.434175169095397, 0.0 ], [ 3410324.006522927433252, 8391113.039469599723816, 0.0 ], [ 3410313.494612281210721, 8391092.410983530804515, 0.0 ], [ 3410299.067951369099319, 8391075.497033894062042, 0.0 ], [ 3410264.470677408389747, 8391039.046790083870292, 0.0 ], [ 3410260.525926538277417, 8391029.318837467581034, 0.0 ], [ 3410258.963891442399472, 8391011.807154139503837, 0.0 ], [ 3410261.316840385086834, 8390999.328902676701546, 0.0 ], [ 3410315.052595330867916, 8390930.791749181225896, 0.0 ], [ 3410323.217902240809053, 8390919.480401702225208, 0.0 ], [ 3410327.902026035357267, 8390906.646377606317401, 0.0 ], [ 3410330.621360817458481, 8390889.887469474226236, 0.0 ], [ 3410330.244978479109704, 8390807.350642709061503, 0.0 ], [ 3410331.405306058935821, 8390788.65879818983376, 0.0 ], [ 3410338.790964648127556, 8390760.943064458668232, 0.0 ], [ 3410345.983817880041897, 8390733.56005153991282, 0.0 ], [ 3410357.495088118128479, 8390724.785321421921253, 0.0 ], [ 3410390.988707248587161, 8390706.871723411604762, 0.0 ], [ 3410440.832087149377912, 8390684.670204296708107, 0.0 ], [ 3410496.143424775917083, 8390653.916671356186271, 0.0 ], [ 3410529.233143396209925, 8390632.093819703906775, 0.0 ], [ 3410558.050408829934895, 8390608.340608349069953, 0.0 ], [ 3410574.806886491831392, 8390583.417001899331808, 0.0 ], [ 3410596.221272208727896, 8390566.668412767350674, 0.0 ], [ 3410627.771787361707538, 8390546.028514947742224, 0.0 ], [ 3410650.346099910326302, 8390533.175729233771563, 0.0 ], [ 3410668.251873389352113, 8390523.051753092557192, 0.0 ], [ 3410684.425426539033651, 8390513.085466582328081, 0.0 ], [ 3410683.447507075965405, 8390505.920908451080322, 0.0 ], [ 3410661.253228137735277, 8390496.57976533845067, 0.0 ], [ 3410619.982061276677996, 8390481.783310901373625, 0.0 ], [ 3410591.159819857683033, 8390477.097755037248135, 0.0 ], [ 3410563.514514888636768, 8390473.991952689364552, 0.0 ], [ 3410547.919778563082218, 8390477.867585081607103, 0.0 ], [ 3410530.017255610320717, 8390480.981594117358327, 0.0 ], [ 3410510.930181957315654, 8390484.113081930205226, 0.0 ], [ 3410495.734659589827061, 8390483.709165958687663, 0.0 ], [ 3410482.120397191494703, 8390481.384687216952443, 0.0 ], [ 3410469.260123967193067, 8390473.595219483599067, 0.0 ], [ 3410455.250031723175198, 8390463.467945348471403, 0.0 ], [ 3410442.781814613379538, 8390450.220506219193339, 0.0 ], [ 3410430.31908555328846, 8390440.508073350414634, 0.0 ], [ 3410398.007957711815834, 8390442.826446585357189, 0.0 ], [ 3410374.24013324547559, 8390441.656086377799511, 0.0 ], [ 3410348.52991724666208, 8390437.780006086453795, 0.0 ], [ 3410316.995988693088293, 8390430.759609078988433, 0.0 ], [ 3410302.978760871104896, 8390424.52612030133605, 0.0 ], [ 3410283.50114504666999, 8390420.633327731862664, 0.0 ], [ 3410265.980436814948916, 8390421.803217651322484, 0.0 ], [ 3410248.833595093339682, 8390427.240218598395586, 0.0 ], [ 3410231.712379120755941, 8390439.328307773917913, 0.0 ], [ 3410206.004756869282573, 8390468.543265651911497, 0.0 ], [ 3410189.262505838181823, 8390480.604984065517783, 0.0 ], [ 3410160.059451575856656, 8390485.669820791110396, 0.0 ], [ 3410144.871198368724436, 8390486.443698676303029, 0.0 ], [ 3410122.274800035171211, 8390483.317435320466757, 0.0 ], [ 3410099.571445932146162, 8390481.804879788309336, 0.0 ], [ 3410049.453351790085435, 8390491.911277312785387, 0.0 ], [ 3409987.138815945480019, 8390517.996140893548727, 0.0 ], [ 3409978.176739781163633, 8390520.31098074093461, 0.0 ], [ 3409968.06351989461109, 8390520.327835677191615, 0.0 ], [ 3409954.808329644147307, 8390514.859835701063275, 0.0 ], [ 3409910.823716801591218, 8390497.345839574933052, 0.0 ], [ 3409892.682736368384212, 8390493.320193046703935, 0.0 ], [ 3409883.020070989150554, 8390492.69402801245451, 0.0 ], [ 3409866.543350337538868, 8390500.530767435207963, 0.0 ], [ 3409853.971873270347714, 8390501.238161247223616, 0.0 ], [ 3409843.433023308869451, 8390498.902981463819742, 0.0 ], [ 3409834.104973186738789, 8390493.056407682597637, 0.0 ], [ 3409810.719063624739647, 8390474.762960953637958, 0.0 ], [ 3409802.163615295663476, 8390468.924122184514999, 0.0 ], [ 3409790.583672062028199, 8390463.056648226454854, 0.0 ], [ 3409739.858007270377129, 8390440.486927123740315, 0.0 ], [ 3409704.011795416008681, 8390422.564903650432825, 0.0 ], [ 3409673.259541193954647, 8390409.338973296806216, 0.0 ], [ 3409653.683630260173231, 8390398.551120664924383, 0.0 ] ] ] } },
{ "type": "Feature", "properties": { "fid": 18, "name": null, "cmt": null, "desc": null, "src": null, "link1_href": null, "link1_text": null, "link1_type": null, "link2_href": null, "link2_text": null, "link2_type": null, "number": null, "type": null, "id": null, "description": "Unknown Line Type", "timestamp": null, "begin": null, "end": null, "altitudeMode": null, "tessellate": -1, "extrude": 0, "visibility": -1, "drawOrder": null, "icon": null, "gpxx_TrackExtension": null, "gpxtrkx_TrackStatsExtension": null, "layer": "Заячья тропа — Line Features", "path": "C:/Users/blinc/OneDrive/Рабочий стол/МЛА+ проекты/НЕРАСКРЫТЫЙ ПЕТЕРБУРГ/QGIS/Data/Экомаршруты/Заячья тропа.kmz|layername=Line Features|geometrytype=LineString25D|uniqueGeometryType=yes" }, "geometry": { "type": "MultiLineString", "coordinates": [ [ [ 3409653.683630260173231, 8390398.551120664924383, 0.0 ], [ 3409608.363506339956075, 8390229.991804573684931, 0.0 ], [ 3409572.63058432424441, 8390138.18469475582242, 0.0 ] ] ] } },
{ "type": "Feature", "properties": { "fid": 19, "name": null, "cmt": null, "desc": null, "src": null, "link1_href": null, "link1_text": null, "link1_type": null, "link2_href": null, "link2_text": null, "link2_type": null, "number": null, "type": null, "id": null, "description": "Unknown Line Type", "timestamp": null, "begin": null, "end": null, "altitudeMode": null, "tessellate": -1, "extrude": 0, "visibility": -1, "drawOrder": null, "icon": null, "gpxx_TrackExtension": null, "gpxtrkx_TrackStatsExtension": null, "layer": "Заячья тропа — Line Features", "path": "C:/Users/blinc/OneDrive/Рабочий стол/МЛА+ проекты/НЕРАСКРЫТЫЙ ПЕТЕРБУРГ/QGIS/Data/Экомаршруты/Заячья тропа.kmz|layername=Line Features|geometrytype=LineString25D|uniqueGeometryType=yes" }, "geometry": { "type": "MultiLineString", "coordinates": [ [ [ 3409653.683630260173231, 8390398.551120664924383, 0.0 ], [ 3409625.831560473423451, 8390448.57632134668529, 0.0 ], [ 3409589.545480790082365, 8390514.175788449123502, 0.0 ], [ 3409530.987610412761569, 8390650.253015417605639, 0.0 ], [ 3409519.078684695065022, 8390710.078911807388067, 0.0 ], [ 3409520.187003813683987, 8390750.321361487731338, 0.0 ], [ 3409501.165987148880959, 8390775.002106005325913, 0.0 ], [ 3409466.437979587353766, 8390860.392054572701454, 0.0 ], [ 3409438.481492117978632, 8390907.739737492054701, 0.0 ], [ 3409422.206003711558878, 8390932.878942081704736, 0.0 ], [ 3409411.100314905401319, 8390942.685643181204796, 0.0 ], [ 3409394.51860884251073, 8390947.442365577444434, 0.0 ], [ 3409394.51860884251073, 8390947.442365577444434, 0.0 ] ] ] } },
{ "type": "Feature", "properties": { "fid": 20, "name": null, "cmt": null, "desc": null, "src": null, "link1_href": null, "link1_text": null, "link1_type": null, "link2_href": null, "link2_text": null, "link2_type": null, "number": null, "type": null, "id": null, "description": "Unknown Line Type", "timestamp": null, "begin": null, "end": null, "altitudeMode": null, "tessellate": -1, "extrude": 0, "visibility": -1, "drawOrder": null, "icon": null, "gpxx_TrackExtension": null, "gpxtrkx_TrackStatsExtension": null, "layer": "Заячья тропа — Line Features", "path": "C:/Users/blinc/OneDrive/Рабочий стол/МЛА+ проекты/НЕРАСКРЫТЫЙ ПЕТЕРБУРГ/QGIS/Data/Экомаршруты/Заячья тропа.kmz|layername=Line Features|geometrytype=LineString25D|uniqueGeometryType=yes" }, "geometry": { "type": "MultiLineString", "coordinates": [ [ [ 3409868.355375636834651, 8390777.357097351923585, 0.0 ], [ 3409882.384982188232243, 8390796.134347321465611, 0.0 ], [ 3409898.226113077253103, 8390813.918076245114207, 0.0 ], [ 3409940.313185014761984, 8390866.175655273720622, 0.0 ], [ 3409970.147665699478239, 8390916.19655935280025, 0.0 ], [ 3410023.917373103555292, 8390993.598723063245416, 0.0 ] ] ] } },
{ "type": "Feature", "properties": { "fid": 21, "name": null, "cmt": null, "desc": null, "src": null, "link1_href": null, "link1_text": null, "link1_type": null, "link2_href": null, "link2_text": null, "link2_type": null, "number": null, "type": null, "id": null, "description": "Unknown Line Type", "timestamp": null, "begin": null, "end": null, "altitudeMode": null, "tessellate": -1, "extrude": 0, "visibility": -1, "drawOrder": null, "icon": null, "gpxx_TrackExtension": null, "gpxtrkx_TrackStatsExtension": null, "layer": "Заячья тропа — Line Features", "path": "C:/Users/blinc/OneDrive/Рабочий стол/МЛА+ проекты/НЕРАСКРЫТЫЙ ПЕТЕРБУРГ/QGIS/Data/Экомаршруты/Заячья тропа.kmz|layername=Line Features|geometrytype=LineString25D|uniqueGeometryType=yes" }, "geometry": { "type": "MultiLineString", "coordinates": [ [ [ 3410264.470677408389747, 8391039.046790083870292, 0.0 ], [ 3410250.675732342991978, 8391024.711943496018648, 0.0 ], [ 3410202.029404311906546, 8390938.227682193741202, 0.0 ], [ 3410196.451295950450003, 8390916.218440791592002, 0.0 ], [ 3410199.134218122344464, 8390866.404786350205541, 0.0 ], [ 3410196.678354309406132, 8390848.601829113438725, 0.0 ], [ 3410186.89674405194819, 8390818.593372708186507, 0.0 ], [ 3410174.630527288187295, 8390805.671644041314721, 0.0 ], [ 3410144.579797366634011, 8390799.901633085682988, 0.0 ], [ 3410132.901703736744821, 8390791.234895164147019, 0.0 ], [ 3410121.766593188047409, 8390769.206657893955708, 0.0 ], [ 3410102.729568774346262, 8390740.983710961416364, 0.0 ], [ 3410080.133047986775637, 8390718.964207276701927, 0.0 ], [ 3410002.439557510428131, 8390655.366577658802271, 0.0 ], [ 3409926.949525033589453, 8390617.570444595068693, 0.0 ], [ 3409916.826809592545033, 8390616.009163904935122, 0.0 ], [ 3409878.538704523816705, 8390609.783012039959431, 0.0 ], [ 3409865.058971728663892, 8390599.553619535639882, 0.0 ], [ 3409850.698980058543384, 8390561.972218528389931, 0.0 ], [ 3409846.923434811178595, 8390520.856364535167813, 0.0 ], [ 3409841.501585617195815, 8390497.735302900895476, 0.0 ], [ 3409841.501585617195815, 8390497.735302900895476, 0.0 ] ] ] } },
{ "type": "Feature", "properties": { "fid": 22, "name": "09 августа 2019", "cmt": null, "desc": null, "src": null, "link1_href": null, "link1_text": null, "link1_type": null, "link2_href": null, "link2_text": null, "link2_type": null, "number": null, "type": null, "id": null, "description": "5.4 км,  00 час. 05 мин.", "timestamp": null, "begin": null, "end": null, "altitudeMode": null, "tessellate": 1, "extrude": 0, "visibility": -1, "drawOrder": null, "icon": null, "gpxx_TrackExtension": null, "gpxtrkx_TrackStatsExtension": null, "layer": "Маршрут Линдуловка", "path": "C:/Users/blinc/OneDrive/Рабочий стол/МЛА+ проекты/НЕРАСКРЫТЫЙ ПЕТЕРБУРГ/QGIS/Data/Экомаршруты/Маршрут Линдуловка.kmz|layername=Маршрут Линдуловка|geometrytype=LineString25D" }, "geometry": { "type": "MultiLineString", "coordinates": [ [ [ 3288470.265093063935637, 8453848.798721836879849, 0.0 ], [ 3288469.964530438184738, 8453848.574439054355025, 0.0 ], [ 3288468.027571297250688, 8453846.959603223949671, 0.0 ], [ 3288464.988549201749265, 8453844.784061068668962, 0.0 ], [ 3288465.344771570060402, 8453843.774789154529572, 0.0 ], [ 3288467.960779604502022, 8453840.769402500241995, 0.0 ], [ 3288467.070223677437752, 8453838.683575166389346, 0.0 ], [ 3288465.144396483898163, 8453796.496162384748459, 0.0 ], [ 3288536.856412388384342, 8453462.728478325530887, 0.0 ], [ 3288588.842614548746496, 8453297.016504902392626, 0.0 ], [ 3288522.217899328097701, 8453169.410291967913508, 0.0 ], [ 3288434.475876708514988, 8452982.086592031642795, 0.0 ], [ 3288441.544664366636425, 8452938.625843921676278, 0.0 ], [ 3288446.89913187129423, 8452935.374147105962038, 0.0 ], [ 3288442.335032749921083, 8452929.52109644934535, 0.0 ], [ 3288431.826472825370729, 8452931.38241090066731, 0.0 ], [ 3288414.160069644916803, 8452939.993799567222595, 0.0 ], [ 3288412.011603475082666, 8452933.198874864727259, 0.0 ], [ 3288410.586713990196586, 8452924.385665044188499, 0.0 ], [ 3288411.711040848400444, 8452922.838308684527874, 0.0 ], [ 3288413.0246108379215, 8452923.623199554160237, 0.0 ], [ 3288406.657135968096554, 8452923.690475916489959, 0.0 ], [ 3288404.786968521773815, 8452921.313378099352121, 0.0 ], [ 3288409.97445679269731, 8452928.960459657013416, 0.0 ], [ 3288396.215367735829204, 8452911.961972463876009, 0.0 ], [ 3288380.207624966744334, 8452904.02337846159935, 0.0 ], [ 3288364.578368466813117, 8452888.931103345006704, 0.0 ], [ 3288365.992125995457172, 8452864.554789839312434, 0.0 ], [ 3288357.498448848724365, 8452837.846336796879768, 0.0 ], [ 3288347.401771038305014, 8452825.557341482490301, 0.0 ], [ 3288326.095220508053899, 8452793.040938414633274, 0.0 ], [ 3288327.520109986886382, 8452775.526990599930286, 0.0 ], [ 3288335.078703407198191, 8452772.746290817856789, 0.0 ], [ 3288335.078703407198191, 8452772.746290817856789, 0.0 ], [ 3288335.913599587511271, 8452770.100142003968358, 0.0 ], [ 3288343.427665213588625, 8452767.835218774154782, 0.0 ], [ 3288341.145615653600544, 8452769.360117508098483, 0.0 ], [ 3288325.071081188507378, 8452758.17005917802453, 0.0 ], [ 3288318.647946571931243, 8452745.253299616277218, 0.0 ], [ 3288311.523499163333327, 8452723.456319345161319, 0.0 ], [ 3288296.907250026240945, 8452703.027315266430378, 0.0 ], [ 3288276.491255424916744, 8452690.55914749391377, 0.0 ], [ 3288269.389071909245104, 8452642.503080071881413, 0.0 ], [ 3288268.554175726138055, 8452600.501930909231305, 0.0 ], [ 3288256.631858265027404, 8452585.522401357069612, 0.0 ], [ 3288262.431603733915836, 8452583.302383862435818, 0.0 ], [ 3288274.075622462667525, 8452566.282271973788738, 0.0 ], [ 3288271.760177055373788, 8452551.975541768595576, 0.0 ], [ 3288260.038234677165747, 8452533.565197955816984, 0.0 ], [ 3288254.461128188762814, 8452517.621563548222184, 0.0 ], [ 3288245.867263504303992, 8452509.077942473813891, 0.0 ], [ 3288250.108536098152399, 8452479.836857853457332, 0.0 ], [ 3288249.106660680379719, 8452459.834587858989835, 0.0 ], [ 3288240.134309723041952, 8452423.08167988806963, 0.0 ], [ 3288233.132313752546906, 8452392.203997561708093, 0.0 ], [ 3288225.71843566885218, 8452382.629027290269732, 0.0 ], [ 3288215.577230059541762, 8452349.710957711562514, 0.0 ], [ 3288214.308187863789499, 8452330.449022177606821, 0.0 ], [ 3288216.356466493569314, 8452327.668490834534168, 0.0 ], [ 3288216.40099428826943, 8452327.623643562197685, 0.0 ], [ 3288226.642387435305864, 8452315.223383603617549, 0.0 ], [ 3288226.508804046548903, 8452313.63130834326148, 0.0 ], [ 3288224.916935330722481, 8452314.304016157984734, 0.0 ], [ 3288223.024503986816853, 8452313.40707241371274, 0.0 ], [ 3288222.846392802428454, 8452311.792573973536491, 0.0 ], [ 3288222.289795345626771, 8452307.307857902720571, 0.0 ], [ 3288221.82225348521024, 8452304.908535929396749, 0.0 ], [ 3288206.237524780910462, 8452305.155195167288184, 0.0 ], [ 3288189.261302443686873, 8452294.907632231712341, 0.0 ], [ 3288179.042173190508038, 8452275.331911701709032, 0.0 ], [ 3288159.872956882230937, 8452241.494964493438601, 0.0 ], [ 3288140.748268371913582, 8452229.050003224983811, 0.0 ], [ 3288108.977685713674873, 8452223.802944794297218, 0.0 ], [ 3288092.869755404535681, 8452221.762423079460859, 0.0 ], [ 3288063.058395780157298, 8452189.181422390043736, 0.0 ], [ 3288045.770478867925704, 8452175.00996545702219, 0.0 ], [ 3288034.248911573085934, 8452153.752831304445863, 0.0 ], [ 3288028.749728730879724, 8452152.183214131742716, 0.0 ], [ 3288001.732488328125328, 8452136.374945590272546, 0.0 ], [ 3287977.041825278196484, 8452106.081465033814311, 0.0 ], [ 3287957.149032279383391, 8452081.102330753579736, 0.0 ], [ 3287932.603084569331259, 8452064.868181293830276, 0.0 ], [ 3287911.118422855623066, 8452042.804146159440279, 0.0 ], [ 3287892.28316501993686, 8452028.296630708500743, 0.0 ], [ 3287868.560981542803347, 8452022.377034485340118, 0.0 ], [ 3287837.758878454100341, 8452013.385535717010498, 0.0 ], [ 3287824.356011768803, 8452006.143014779314399, 0.0 ], [ 3287814.047826925758272, 8451996.972154857590795, 0.0 ], [ 3287805.220191308297217, 8451989.57269187271595, 0.0 ], [ 3287795.468603919725865, 8451997.241226382553577, 0.0 ], [ 3287787.19756575813517, 8451985.671159844845533, 0.0 ], [ 3287789.780177941545844, 8451976.365790093317628, 0.0 ], [ 3287787.108510164078325, 8451976.186409581452608, 0.0 ], [ 3287771.824344085529447, 8451976.455480352044106, 0.0 ], [ 3287765.211966336704791, 8451976.702128555625677, 0.0 ], [ 3287735.400606715586036, 8451978.36139851808548, 0.0 ], [ 3287676.456936366390437, 8451963.472827387973666, 0.0 ], [ 3287656.842442095745355, 8451953.875993309542537, 0.0 ], [ 3287626.084866803605109, 8451927.574453888460994, 0.0 ], [ 3287580.532931189518422, 8451892.595570342615247, 0.0 ], [ 3287571.838878961279988, 8451881.653492245823145, 0.0 ], [ 3287563.779347831383348, 8451871.339253216981888, 0.0 ], [ 3287560.974096664227545, 8451868.446784442290664, 0.0 ], [ 3287560.962964713107795, 8451868.446784436702728, 0.0 ], [ 3287559.816373960580677, 8451878.491952219977975, 0.0 ], [ 3287561.753333098255098, 8451884.680499922484159, 0.0 ], [ 3287560.974096663296223, 8451871.496208922937512, 0.0 ], [ 3287562.977847495116293, 8451850.822929510846734, 0.0 ], [ 3287560.807117421645671, 8451819.252567322924733, 0.0 ], [ 3287571.482656582258642, 8451788.444688403978944, 0.0 ], [ 3287574.92242884542793, 8451783.108256708830595, 0.0 ], [ 3287577.093158916570246, 8451798.915765220299363, 0.0 ], [ 3287581.746313631068915, 8451816.943093029782176, 0.0 ], [ 3287581.779709478840232, 8451817.07762548699975, 0.0 ], [ 3287597.37557013053447, 8451796.135435020551085, 0.0 ], [ 3287599.991578160319477, 8451791.718299683183432, 0.0 ], [ 3287599.635355791077018, 8451785.843738025054336, 0.0 ], [ 3287599.12328613223508, 8451785.462564330548048, 0.0 ], [ 3287598.499896983616054, 8451776.336823757737875, 0.0 ], [ 3287597.932167578488588, 8451759.408268664032221, 0.0 ], [ 3287599.869126716628671, 8451741.717409720644355, 0.0 ], [ 3287603.59832965536043, 8451725.214948523789644, 0.0 ], [ 3287603.609461604617536, 8451725.1925267316401, 0.0 ], [ 3287610.756172908935696, 8451716.582561710849404, 0.0 ], [ 3287614.051229833159596, 8451713.645310329273343, 0.0 ], [ 3287615.231216436717659, 8451712.838126953691244, 0.0 ], [ 3287615.59857075382024, 8451712.815705187618732, 0.0 ], [ 3287611.69125663023442, 8451714.071323812007904, 0.0 ], [ 3287615.208952537737787, 8451707.524171911180019, 0.0 ], [ 3287611.268242565914989, 8451707.770811090245843, 0.0 ], [ 3287609.253359783440828, 8451702.344751071184874, 0.0 ], [ 3287608.251484365202487, 8451699.49719225987792, 0.0 ], [ 3287608.485255294945091, 8451698.914227597415447, 0.0 ], [ 3287609.019588851369917, 8451697.86040698364377, 0.0 ], [ 3287609.175436137244105, 8451697.568924710154533, 0.0 ], [ 3287609.3758112215437, 8451697.322285871952772, 0.0 ], [ 3287609.709769695065916, 8451696.694477964192629, 0.0 ], [ 3287610.455610279459506, 8451693.465752424672246, 0.0 ], [ 3287611.668992729857564, 8451670.685340320691466, 0.0 ], [ 3287610.878624341916293, 8451644.788402497768402, 0.0 ], [ 3287612.314645770471543, 8451623.375851849094033, 0.0 ], [ 3287618.058731490280479, 8451582.187696890905499, 0.0 ], [ 3287612.392569408752024, 8451565.438959574326873, 0.0 ], [ 3287612.058610936626792, 8451561.2461758852005, 0.0 ], [ 3287606.548296139575541, 8451522.502277251332998, 0.0 ], [ 3287607.928657824639231, 8451504.20661835372448, 0.0 ], [ 3287609.79882526723668, 8451480.216056235134602, 0.0 ], [ 3287613.238597527612001, 8451459.073036985471845, 0.0 ], [ 3287626.830707345623523, 8451428.961715864017606, 0.0 ], [ 3287638.830948444083333, 8451409.231356432661414, 0.0 ], [ 3287645.91086805658415, 8451392.393330229446292, 0.0 ], [ 3287651.354391150176525, 8451367.528725603595376, 0.0 ], [ 3287660.938999299425632, 8451333.830482305958867, 0.0 ], [ 3287667.71835628291592, 8451318.65174987539649, 0.0 ], [ 3287671.403031426481903, 8451311.320231566205621, 0.0 ], [ 3287675.466192838270217, 8451299.504619577899575, 0.0 ], [ 3287678.560874680057168, 8451287.397560596466064, 0.0 ], [ 3287678.772381711751223, 8451281.074993269518018, 0.0 ], [ 3287677.525603414978832, 8451277.196257865056396, 0.0 ], [ 3287677.414283922873437, 8451274.999056050553918, 0.0 ], [ 3287679.228791621513665, 8451266.72592450492084, 0.0 ], [ 3287680.2306670374237, 8451257.511146685108542, 0.0 ], [ 3287680.2306670374237, 8451257.488726314157248, 0.0 ], [ 3287680.497833813074976, 8451240.314743066206574, 0.0 ], [ 3287681.343861941248178, 8451228.050839649513364, 0.0 ], [ 3287682.70195972872898, 8451224.71021867915988, 0.0 ], [ 3287685.796641570981592, 8451201.639797220006585, 0.0 ], [ 3287681.510841174516827, 8451179.981916464865208, 0.0 ], [ 3287678.293707890436053, 8451166.260807644575834, 0.0 ], [ 3287673.017164026387036, 8451136.105846444144845, 0.0 ], [ 3287670.256440655793995, 8451123.102258238941431, 0.0 ], [ 3287661.829555205535144, 8451111.690507557243109, 0.0 ], [ 3287651.198543837759644, 8451093.732169570401311, 0.0 ], [ 3287652.300606795586646, 8451084.0243721883744, 0.0 ], [ 3287653.224558567162603, 8451081.64786946401, 0.0 ], [ 3287693.355234977789223, 8451061.940862389281392, 0.0 ], [ 3287712.346340097486973, 8451054.093945959582925, 0.0 ], [ 3287716.787987777497619, 8451052.748761121183634, 0.0 ], [ 3287713.225764074362814, 8451034.319753715768456, 0.0 ], [ 3287714.194243642501533, 8451036.113329054787755, 0.0 ], [ 3287715.363098293542862, 8451036.494463862851262, 0.0 ], [ 3287718.212877258658409, 8451036.853179002180696, 0.0 ], [ 3287718.23514115717262, 8451036.853179002180696, 0.0 ], [ 3287719.749086230061948, 8451037.525769928470254, 0.0 ], [ 3287718.969849795568734, 8451039.252086935564876, 0.0 ], [ 3287714.272167287301272, 8451043.825707966461778, 0.0 ], [ 3287704.976989809423685, 8451037.727547220885754, 0.0 ], [ 3287712.836145853623748, 8451026.49528644233942, 0.0 ], [ 3287714.839896688703448, 8451027.279974764212966, 0.0 ], [ 3287719.827009871136397, 8451028.669994274154305, 0.0 ], [ 3287727.37447134591639, 8451030.194532109424472, 0.0 ], [ 3287731.292917416896671, 8451025.620919559150934, 0.0 ], [ 3287732.517431817948818, 8451008.671674340963364, 0.0 ], [ 3287735.623245606664568, 8450997.82059078104794, 0.0 ], [ 3287738.395100925117731, 8450981.29738069884479, 0.0 ], [ 3287727.964464641176164, 8450961.613062225282192, 0.0 ], [ 3287704.097565822768956, 8450937.063786774873734, 0.0 ], [ 3287696.906326720491052, 8450930.494907803833485, 0.0 ], [ 3287679.061812352389097, 8450903.367517588660121, 0.0 ], [ 3287658.835060881916434, 8450873.14637766033411, 0.0 ], [ 3287634.54514799779281, 8450831.312274826690555, 0.0 ], [ 3287630.192555908579379, 8450811.762872198596597, 0.0 ], [ 3287629.179548542946577, 8450805.978769926354289, 0.0 ], [ 3287613.160673822276294, 8450774.816436801105738, 0.0 ], [ 3287597.086139356251806, 8450749.146844390779734, 0.0 ], [ 3287592.566568032372743, 8450744.214705904945731, 0.0 ], [ 3287580.800097858533263, 8450729.642497884109616, 0.0 ], [ 3287557.768095224630088, 8450722.715104520320892, 0.0 ], [ 3287522.234913779888302, 8450712.761191502213478, 0.0 ], [ 3287500.616668677888811, 8450701.058635339140892, 0.0 ], [ 3287489.651698837522417, 8450693.413872124627233, 0.0 ], [ 3287486.02268343931064, 8450690.992658449336886, 0.0 ], [ 3287441.962429000996053, 8450648.1059225872159, 0.0 ], [ 3287426.867506057489663, 8450640.371540514752269, 0.0 ], [ 3287396.499548980500549, 8450628.781191892921925, 0.0 ], [ 3287378.098437159787863, 8450620.553624765947461, 0.0 ], [ 3287351.904960989486426, 8450604.50204891525209, 0.0 ], [ 3287324.498102364595979, 8450585.782727528363466, 0.0 ], [ 3287312.252958382945508, 8450577.734554903581738, 0.0 ], [ 3287287.918517706915736, 8450566.502997256815434, 0.0 ], [ 3287275.239227710757405, 8450560.450069116428494, 0.0 ], [ 3287260.890145352575928, 8450551.863887013867497, 0.0 ], [ 3287254.188712011557072, 8450548.299391383305192, 0.0 ], [ 3287199.085564090870321, 8450527.764343330636621, 0.0 ], [ 3287162.105229265987873, 8450505.525578716769814, 0.0 ], [ 3287149.091980798635632, 8450504.382256958633661, 0.0 ], [ 3287145.451833450701088, 8450504.651273829862475, 0.0 ], [ 3287116.775932635180652, 8450487.053107677027583, 0.0 ], [ 3287103.70702442061156, 8450478.265249403193593, 0.0 ], [ 3287074.619241487700492, 8450462.684761203825474, 0.0 ], [ 3287070.979094141628593, 8450460.824072018265724, 0.0 ], [ 3287001.62705140793696, 8450444.100308418273926, 0.0 ], [ 3286983.860460685100406, 8450429.864963233470917, 0.0 ], [ 3286979.674847833346575, 8450432.017076635733247, 0.0 ], [ 3286981.400299939326942, 8450429.102756539359689, 0.0 ], [ 3286983.559898059349507, 8450427.690432606264949, 0.0 ], [ 3286984.461585933342576, 8450426.838554810732603, 0.0 ], [ 3286986.955142526421696, 8450425.403813479468226, 0.0 ], [ 3286990.283595299813896, 8450425.112381679937243, 0.0 ], [ 3286993.623180021997541, 8450426.345362445339561, 0.0 ], [ 3286996.51748678041622, 8450419.17165907099843, 0.0 ], [ 3286997.341251011472195, 8450410.877073269337416, 0.0 ], [ 3286994.959013910964131, 8450422.467078186571598, 0.0 ], [ 3286982.569154592230916, 8450423.027523767203093, 0.0 ], [ 3286981.756522308569402, 8450419.463090630248189, 0.0 ], [ 3286988.17965692281723, 8450422.153228683397174, 0.0 ], [ 3287002.150253013242036, 8450431.658391023054719, 0.0 ], [ 3287020.44004534278065, 8450438.047481110319495, 0.0 ], [ 3287050.462911995593458, 8450449.413349835202098, 0.0 ], [ 3287077.958826210349798, 8450460.868907898664474, 0.0 ], [ 3287107.402831513434649, 8450476.314884323626757, 0.0 ], [ 3287134.531391406897455, 8450479.655165057629347, 0.0 ], [ 3287164.164639840833843, 8450463.334881631657481, 0.0 ], [ 3287187.040795184671879, 8450439.235628288239241, 0.0 ], [ 3287208.792623676359653, 8450429.282099269330502, 0.0 ], [ 3287248.834244493860751, 8450432.846537163481116, 0.0 ], [ 3287259.465255860239267, 8450431.210034016519785, 0.0 ], [ 3287278.667868014425039, 8450431.097944770008326, 0.0 ], [ 3287303.436454703100026, 8450439.414971264079213, 0.0 ], [ 3287335.051190074067563, 8450444.414158839732409, 0.0 ], [ 3287386.491926747374237, 8450457.01302332803607, 0.0 ], [ 3287404.481156452093273, 8450473.176366873085499, 0.0 ], [ 3287414.555570364464074, 8450479.094715153798461, 0.0 ], [ 3287426.355436383746564, 8450480.350122971460223, 0.0 ], [ 3287444.723152355756611, 8450503.328607626259327, 0.0 ], [ 3287467.966662026010454, 8450524.715476447716355, 0.0 ], [ 3287482.393668028060347, 8450539.668387105688453, 0.0 ], [ 3287510.412783849053085, 8450571.255670240148902, 0.0 ], [ 3287536.494940530043095, 8450574.057955285534263, 0.0 ], [ 3287546.814257323276252, 8450572.8249497320503, 0.0 ], [ 3287550.387612974271178, 8450573.161223948001862, 0.0 ], [ 3287554.038892271928489, 8450574.97710501216352, 0.0 ], [ 3287556.977726825978607, 8450576.591221887618303, 0.0 ], [ 3287561.263527221512049, 8450579.102071061730385, 0.0 ], [ 3287563.456521187443286, 8450580.805862061679363, 0.0 ], [ 3287565.360084481537342, 8450582.980437990278006, 0.0 ], [ 3287567.764585480093956, 8450585.17743287794292, 0.0 ], [ 3287574.911296786274761, 8450581.792267564684153, 0.0 ], [ 3287596.574069682043046, 8450572.668021757155657, 0.0 ], [ 3287602.685509726870805, 8450570.06750169955194, 0.0 ], [ 3287644.474846547469497, 8450554.486818842589855, 0.0 ], [ 3287664.968764792662114, 8450545.385025151073933, 0.0 ], [ 3287700.858168605715036, 8450530.342430245131254, 0.0 ], [ 3287706.346219500061125, 8450528.078197315335274, 0.0 ], [ 3287757.764692272059619, 8450531.485756043344736, 0.0 ], [ 3287794.71163124917075, 8450535.991806535050273, 0.0 ], [ 3287827.005415513645858, 8450548.882264733314514, 0.0 ], [ 3287841.1652547349222, 8450545.183261370286345, 0.0 ], [ 3287852.686822026502341, 8450541.887787213549018, 0.0 ], [ 3287855.069059129338712, 8450540.116750698536634, 0.0 ], [ 3287898.11630619969219, 8450545.272934157401323, 0.0 ], [ 3287911.441249241121113, 8450547.6716816034168, 0.0 ], [ 3287916.99609182914719, 8450550.877485496923327, 0.0 ], [ 3287917.84211996011436, 8450551.460359081625938, 0.0 ], [ 3287917.85325190750882, 8450551.482777297496796, 0.0 ], [ 3287919.489648423157632, 8450552.491597080603242, 0.0 ], [ 3287921.760566032491624, 8450555.002438014373183, 0.0 ], [ 3287920.213225113693625, 8450567.17554510012269, 0.0 ], [ 3287928.862749545369297, 8450580.626515597105026, 0.0 ], [ 3287940.061490315478295, 8450599.52517075650394, 0.0 ], [ 3287953.542280643712729, 8450616.069940792396665, 0.0 ], [ 3287967.034202924463898, 8450633.870182137936354, 0.0 ], [ 3287992.61542190099135, 8450663.664385361596942, 0.0 ], [ 3288014.011028023436666, 8450688.549026912078261, 0.0 ], [ 3288027.035408441442996, 8450714.016639221459627, 0.0 ], [ 3288034.282307288609445, 8450723.006548093631864, 0.0 ], [ 3288048.76497303834185, 8450750.24536656960845, 0.0 ], [ 3288052.850398350507021, 8450775.668354915454984, 0.0 ], [ 3288052.783606655430049, 8450780.286649715155363, 0.0 ], [ 3288063.626125055830926, 8450811.20239695161581, 0.0 ], [ 3288081.581958916503936, 8450857.968596817925572, 0.0 ], [ 3288087.415100234095007, 8450873.437827195972204, 0.0 ], [ 3288088.494899293407798, 8450875.814262570813298, 0.0 ], [ 3288115.901757916901261, 8450899.735593577846885, 0.0 ], [ 3288123.259976256173104, 8450916.415555559098721, 0.0 ], [ 3288124.050344639923424, 8450920.518293941393495, 0.0 ], [ 3288114.966674199793488, 8450949.372043373063207, 0.0 ], [ 3288107.185441798064858, 8450969.527138354256749, 0.0 ], [ 3288094.272380875423551, 8450998.739793503656983, 0.0 ], [ 3288088.138676936272532, 8451010.375564930960536, 0.0 ], [ 3288084.643244928214699, 8451053.040217792615294, 0.0 ], [ 3288089.652622016146779, 8451076.760347397997975, 0.0 ], [ 3288087.637739235069603, 8451096.960631562396884, 0.0 ], [ 3288076.995595922227949, 8451116.017554325982928, 0.0 ], [ 3288059.863526299130172, 8451134.783066568896174, 0.0 ], [ 3288041.718449309933931, 8451153.18990589864552, 0.0 ], [ 3288015.057431281544268, 8451188.658513179048896, 0.0 ], [ 3288010.114845893811435, 8451195.877808196470141, 0.0 ], [ 3287991.569018738809973, 8451230.718853438273072, 0.0 ], [ 3287986.559641657397151, 8451242.354992218315601, 0.0 ], [ 3287986.53737775888294, 8451242.444673517718911, 0.0 ], [ 3287978.989916286896914, 8451254.641339873895049, 0.0 ], [ 3287966.076855362392962, 8451266.838026482611895, 0.0 ], [ 3287963.828201647847891, 8451264.371783075854182, 0.0 ], [ 3287964.663097829557955, 8451259.618661742657423, 0.0 ], [ 3287967.39042535237968, 8451259.842865509912372, 0.0 ], [ 3287963.928389188833535, 8451255.919300572946668, 0.0 ], [ 3287960.989554634317756, 8451253.206436900421977, 0.0 ], [ 3287959.520137357059866, 8451252.623507648706436, 0.0 ], [ 3287959.275234477594495, 8451252.556246584281325, 0.0 ], [ 3287959.330894221551716, 8451252.39930410310626, 0.0 ], [ 3287950.213827931322157, 8451251.39038822799921, 0.0 ], [ 3287952.017203679308295, 8451253.63242369890213, 0.0 ], [ 3287961.969166154973209, 8451255.807198747992516, 0.0 ], [ 3287967.824571365024894, 8451251.300706818699837, 0.0 ], [ 3287968.826446782797575, 8451245.605939876288176, 0.0 ], [ 3287970.830197615548968, 8451244.484923280775547, 0.0 ], [ 3287972.076975911855698, 8451246.771797316148877, 0.0 ], [ 3287973.991671152878553, 8451248.386061770841479, 0.0 ], [ 3287976.362776304595172, 8451248.61026519164443, 0.0 ], [ 3287975.628067667130381, 8451249.282875509932637, 0.0 ], [ 3287974.325629625003785, 8451251.031662613153458, 0.0 ], [ 3287973.012059633154422, 8451249.125933092087507, 0.0 ], [ 3287974.158650389872491, 8451246.883899005129933, 0.0 ], [ 3287974.058462846558541, 8451247.040841370820999, 0.0 ], [ 3287974.047330896835774, 8451247.197783732786775, 0.0 ], [ 3287972.789420653134584, 8451246.951160009950399, 0.0 ], [ 3287970.273600161075592, 8451246.525173608213663, 0.0 ], [ 3287970.384919652249664, 8451242.937920661643147, 0.0 ], [ 3287971.642829897347838, 8451243.632950782775879, 0.0 ], [ 3287971.308871425688267, 8451245.247214548289776, 0.0 ], [ 3287971.832073033321649, 8451246.43549226783216, 0.0 ], [ 3287972.054712013341486, 8451246.659695634618402, 0.0 ], [ 3287969.127009407617152, 8451248.318800741806626, 0.0 ], [ 3287968.069474245421588, 8451255.381211834028363, 0.0 ], [ 3287968.459092464763671, 8451256.681593030691147, 0.0 ], [ 3287968.804182884749025, 8451257.668089259415865, 0.0 ], [ 3287968.726259241811931, 8451257.780191114172339, 0.0 ], [ 3287970.084357027895749, 8451255.179428560659289, 0.0 ], [ 3287971.331135324202478, 8451252.287202330306172, 0.0 ], [ 3287971.976788370870054, 8451244.776387579739094, 0.0 ], [ 3287971.798677184619009, 8451238.543538182973862, 0.0 ], [ 3287972.399802433792502, 8451239.373089777305722, 0.0 ], [ 3287971.35339921945706, 8451238.835002239793539, 0.0 ], [ 3287952.918891552370042, 8451225.024102441966534, 0.0 ], [ 3287938.269246571697295, 8451215.338551841676235, 0.0 ], [ 3287930.476882217917591, 8451207.625992894172668, 0.0 ], [ 3287907.856761697214097, 8451180.385478856042027, 0.0 ], [ 3287881.707813320215791, 8451162.897794678807259, 0.0 ], [ 3287834.786647971719503, 8451157.180676186457276, 0.0 ], [ 3287803.16078065475449, 8451170.632726781070232, 0.0 ], [ 3287774.907893906813115, 8451190.810848856344819, 0.0 ], [ 3287749.816480696201324, 8451204.823466226458549, 0.0 ], [ 3287736.046259690076113, 8451212.401500834152102, 0.0 ], [ 3287716.164598645176739, 8451220.629730693995953, 0.0 ], [ 3287693.678061517421156, 8451224.934421379119158, 0.0 ], [ 3287693.678061517421156, 8451224.934421379119158, 0.0 ], [ 3287687.811524353921413, 8451224.441175445914268, 0.0 ], [ 3287686.186259789392352, 8451221.190237157046795, 0.0 ], [ 3287683.514592009596527, 8451219.015472339466214, 0.0 ], [ 3287682.301209561992437, 8451218.634328059852123, 0.0 ], [ 3287681.566500923130661, 8451218.903371080756187, 0.0 ], [ 3287681.566500923130661, 8451218.903371080756187, 0.0 ], [ 3287688.568496890831739, 8451216.280202051624656, 0.0 ], [ 3287706.891685066744685, 8451213.387991128489375, 0.0 ], [ 3287750.451001794543117, 8451225.629449801519513, 0.0 ], [ 3287778.080499396659434, 8451235.449535781517625, 0.0 ], [ 3287801.312877114862204, 8451231.907128818333149, 0.0 ], [ 3287810.786165774334222, 8451223.858248462900519, 0.0 ], [ 3287818.611925974022597, 8451215.226450644433498, 0.0 ], [ 3287837.836802022531629, 8451201.93125981092453, 0.0 ], [ 3287863.740847517736256, 8451195.093101883307099, 0.0 ], [ 3287885.548335754312575, 8451204.352641839534044, 0.0 ], [ 3287888.231135481502861, 8451206.16867889277637, 0.0 ], [ 3287893.251644515432417, 8451213.903656544163823, 0.0 ], [ 3287905.786219173576683, 8451227.288550151512027, 0.0 ], [ 3287910.929179646074772, 8451232.759099945425987, 0.0 ], [ 3287923.296775069087744, 8451245.426577214151621, 0.0 ], [ 3287935.274752272758633, 8451246.39065159112215, 0.0 ], [ 3287950.013452847022563, 8451244.215879324823618, 0.0 ], [ 3287953.631336295045912, 8451248.273960059508681, 0.0 ], [ 3287954.77792705129832, 8451249.013831378892064, 0.0 ], [ 3287959.386553968768567, 8451248.924150006845593, 0.0 ], [ 3287960.121262605767697, 8451250.471153885126114, 0.0 ], [ 3287960.132394557353109, 8451250.493574228137732, 0.0 ], [ 3287954.700003405101597, 8451230.382549125701189, 0.0 ], [ 3287957.572046267334372, 8451228.768288623541594, 0.0 ], [ 3287961.73539522010833, 8451241.592701254412532, 0.0 ], [ 3287952.941155455540866, 8451264.192419951781631, 0.0 ], [ 3287963.305000046268106, 8451302.284761846065521, 0.0 ], [ 3287968.826446789782494, 8451331.162431038916111, 0.0 ], [ 3287965.742896900046617, 8451368.492815988138318, 0.0 ], [ 3287965.275355039630085, 8451388.357590643689036, 0.0 ], [ 3287965.587049614172429, 8451395.621923454105854, 0.0 ], [ 3287965.676105212885886, 8451444.364885546267033, 0.0 ], [ 3287969.138141377829015, 8451476.26995256729424, 0.0 ], [ 3287978.24407572671771, 8451541.156721444800496, 0.0 ], [ 3287981.004799099173397, 8451566.694552989676595, 0.0 ], [ 3287985.758141354192048, 8451583.174236802384257, 0.0 ], [ 3287999.91798057872802, 8451608.196521250531077, 0.0 ], [ 3288029.796131896786392, 8451633.958800993859768, 0.0 ], [ 3288032.96873738290742, 8451663.353470711037517, 0.0 ], [ 3288038.13396175717935, 8451699.586879109963775, 0.0 ], [ 3288046.082173399627209, 8451725.192526701837778, 0.0 ], [ 3288067.867397739551961, 8451761.986787753179669, 0.0 ], [ 3288088.383579888846725, 8451801.830628635361791, 0.0 ], [ 3288094.828978402540088, 8451822.660724857822061, 0.0 ], [ 3288094.138797562103719, 8451828.266250610351562, 0.0 ], [ 3288094.138797562103719, 8451828.266250610351562, 0.0 ], [ 3288091.979199442546815, 8451834.970465030521154, 0.0 ], [ 3288091.26675470219925, 8451838.535584889352322, 0.0 ], [ 3288090.420726573094726, 8451838.827072754502296, 0.0 ], [ 3288090.420726573094726, 8451838.827072754502296, 0.0 ], [ 3288087.326044730376452, 8451833.983891289681196, 0.0 ], [ 3288088.884517599828541, 8451832.930051304399967, 0.0 ], [ 3288092.034859188366681, 8451831.94347782805562, 0.0 ], [ 3288089.006969039794058, 8451833.311227452009916, 0.0 ], [ 3288052.494176075328141, 8451835.531018353998661, 0.0 ], [ 3287965.353278725408018, 8451832.504030931740999, 0.0 ], [ 3287959.097123344894499, 8451828.423205401748419, 0.0 ], [ 3287961.857846716884524, 8451826.831235624849796, 0.0 ], [ 3287932.558556751348078, 8451835.844928240403533, 0.0 ], [ 3287930.098396007437259, 8451837.705965656787157, 0.0 ], [ 3287890.49092120397836, 8451846.966315470635891, 0.0 ], [ 3287866.201008323580027, 8451843.939323330298066, 0.0 ], [ 3287840.174511389341205, 8451836.966035066172481, 0.0 ], [ 3287820.20379474805668, 8451826.629436664283276, 0.0 ], [ 3287781.431216120254248, 8451814.409398751333356, 0.0 ], [ 3287738.751323370728642, 8451802.301491318270564, 0.0 ], [ 3287718.29080097284168, 8451799.969600323587656, 0.0 ], [ 3287707.893560534808785, 8451788.556798348203301, 0.0 ], [ 3287702.071551168803126, 8451762.009209685027599, 0.0 ], [ 3287702.182870657648891, 8451762.7042889110744, 0.0 ], [ 3287702.472301334142685, 8451760.888114303350449, 0.0 ], [ 3287702.661544467322528, 8451760.753582863137126, 0.0 ], [ 3287703.440780904144049, 8451760.439676202833652, 0.0 ], [ 3287704.264545135665685, 8451757.592094868421555, 0.0 ], [ 3287700.546474142931402, 8451762.390382152050734, 0.0 ], [ 3287698.832153986673802, 8451765.507028384134173, 0.0 ], [ 3287698.687438649125397, 8451765.70882566832006, 0.0 ], [ 3287668.675703945104033, 8451765.776091432198882, 0.0 ], [ 3287644.129756236448884, 8451769.296333856880665, 0.0 ], [ 3287617.635717442724854, 8451776.987060422077775, 0.0 ], [ 3287595.215972007252276, 8451780.888481644913554, 0.0 ], [ 3287589.215851456392556, 8451780.036446951329708, 0.0 ], [ 3287588.136052395682782, 8451779.879493203014135, 0.0 ], [ 3287587.523795197717845, 8451781.628406599164009, 0.0 ], [ 3287637.650961877312511, 8451791.8976756837219, 0.0 ], [ 3287731.827251047827303, 8451806.42714642547071, 0.0 ], [ 3287741.456386994104832, 8451796.000902930274606, 0.0 ], [ 3287743.359950286336243, 8451793.848389992490411, 0.0 ], [ 3287780.574056040495634, 8451783.780915943905711, 0.0 ], [ 3287799.932515479624271, 8451791.628611667081714, 0.0 ], [ 3287826.838436393998563, 8451803.153528586030006, 0.0 ], [ 3287851.462307747453451, 8451814.454242883250117, 0.0 ], [ 3287868.015516018960625, 8451817.772709906101227, 0.0 ], [ 3287879.670666700229049, 8451817.010359238833189, 0.0 ], [ 3287919.478516589384526, 8451810.55280383862555, 0.0 ], [ 3287935.107773086521775, 8451809.229902561753988, 0.0 ], [ 3287958.262227163650095, 8451813.288295360282063, 0.0 ], [ 3288004.537739463150501, 8451810.28373914770782, 0.0 ], [ 3288037.933586686849594, 8451813.624626355245709, 0.0 ], [ 3288071.26264221360907, 8451822.571036484092474, 0.0 ], [ 3288104.959052063524723, 8451828.580160181969404, 0.0 ], [ 3288125.497498103883117, 8451829.925487054511905, 0.0 ], [ 3288138.132260301616043, 8451827.459054643288255, 0.0 ], [ 3288157.145629321224988, 8451827.234833551570773, 0.0 ], [ 3288216.13382746418938, 8451822.862523701041937, 0.0 ], [ 3288252.078891022130847, 8451809.185058433562517, 0.0 ], [ 3288288.936774405185133, 8451797.21169170551002, 0.0 ], [ 3288317.523619630374014, 8451820.059762347489595, 0.0 ], [ 3288334.900592137593776, 8451833.580292966216803, 0.0 ], [ 3288355.439038178883493, 8451833.625137221068144, 0.0 ], [ 3288379.339332838077098, 8451830.665416924282908, 0.0 ], [ 3288403.384342840407044, 8451843.961745455861092, 0.0 ], [ 3288448.379681001883, 8451896.497052893042564, 0.0 ], [ 3288487.742252930533141, 8451919.883569644764066, 0.0 ], [ 3288519.334724404849112, 8451934.794474894180894, 0.0 ], [ 3288529.16423543728888, 8451944.368861576542258, 0.0 ], [ 3288533.227396850474179, 8451948.315216632559896, 0.0 ], [ 3288542.144088059663773, 8451963.40555976331234, 0.0 ], [ 3288569.495286939200014, 8451987.711615942418575, 0.0 ], [ 3288604.661114067304879, 8452030.314675925299525, 0.0 ], [ 3288618.197564138565212, 8452031.749730665236712, 0.0 ], [ 3288621.782051742076874, 8452030.651016853749752, 0.0 ], [ 3288634.761904364451766, 8452038.297171479091048, 0.0 ], [ 3288621.125266748014838, 8452048.185611994937062, 0.0 ], [ 3288620.936023613903672, 8452047.782001918181777, 0.0 ], [ 3288621.058475053403527, 8452047.826847476884723, 0.0 ], [ 3288621.192058442160487, 8452047.849270261824131, 0.0 ], [ 3288621.492621068842709, 8452047.737156346440315, 0.0 ], [ 3288621.793183693196625, 8452047.19900961779058, 0.0 ], [ 3288622.216197758447379, 8452046.05544794537127, 0.0 ], [ 3288623.062225887086242, 8452041.727853413671255, 0.0 ], [ 3288623.874858169350773, 8452040.898211227729917, 0.0 ], [ 3288626.680109336040914, 8452042.714455051347613, 0.0 ], [ 3288626.346150864381343, 8452042.265999745577574, 0.0 ], [ 3288625.032580873463303, 8452040.78609743155539, 0.0 ], [ 3288623.885990118142217, 8452040.33764224126935, 0.0 ], [ 3288623.885990117676556, 8452044.082243900746107, 0.0 ], [ 3288625.322011549025774, 8452047.400814639404416, 0.0 ], [ 3288626.268227220512927, 8452048.477108169347048, 0.0 ], [ 3288626.947276113554835, 8452048.364994253963232, 0.0 ], [ 3288627.192178993020207, 8452048.230457555502653, 0.0 ], [ 3288628.405561442952603, 8452048.544376518577337, 0.0 ], [ 3288628.628200424835086, 8452048.611644875258207, 0.0 ], [ 3288625.433331038802862, 8452044.306471606716514, 0.0 ], [ 3288629.062346436548978, 8452045.988179618492723, 0.0 ], [ 3288631.611562776379287, 8452048.83587271720171, 0.0 ], [ 3288631.789673961699009, 8452049.508556289598346, 0.0 ], [ 3288631.233076505828649, 8452048.364994252100587, 0.0 ], [ 3288630.531763716600835, 8452047.445660198107362, 0.0 ], [ 3288628.973290846683085, 8452047.737156346440315, 0.0 ], [ 3288628.906499151606113, 8452048.163189209997654, 0.0 ], [ 3288629.719131433870643, 8452050.248508293181658, 0.0 ], [ 3288630.631951258517802, 8452048.297725901007652, 0.0 ], [ 3288632.223819974344224, 8452037.983252951875329, 0.0 ], [ 3288630.787798542995006, 8452026.076781520619988, 0.0 ], [ 3288630.787798542995006, 8452026.054358804598451, 0.0 ], [ 3288625.867477051448077, 8452024.596882466226816, 0.0 ], [ 3288625.867477051448077, 8452024.596882466226816, 0.0 ], [ 3288632.624570141080767, 8452040.629138112068176, 0.0 ], [ 3288626.401810612063855, 8452071.639880118891597, 0.0 ], [ 3288638.858461627736688, 8452081.102330712601542, 0.0 ], [ 3288643.667463626246899, 8452079.084271507337689, 0.0 ], [ 3288647.084971991833299, 8452074.689388932660222, 0.0 ], [ 3288647.084971991833299, 8452074.689388932660222, 0.0 ], [ 3288642.520872873719782, 8452109.332794824615121, 0.0 ], [ 3288634.706244627479464, 8452144.088479433208704, 0.0 ], [ 3288631.756278123706579, 8452159.40345586836338, 0.0 ], [ 3288627.97141544194892, 8452175.07723493129015, 0.0 ], [ 3288621.960162943229079, 8452204.765571905300021, 0.0 ], [ 3288621.993558791466057, 8452216.941412458196282, 0.0 ], [ 3288623.462976072449237, 8452244.028806010261178, 0.0 ], [ 3288618.598314329516143, 8452278.516045939177275, 0.0 ], [ 3288612.364422851242125, 8452298.764481348916888, 0.0 ], [ 3288608.156546100508422, 8452311.321678631007671, 0.0 ], [ 3288610.549915153067559, 8452323.004376078024507, 0.0 ], [ 3288611.796693450771272, 8452329.126027267426252, 0.0 ], [ 3288617.329272142611444, 8452355.899902291595936, 0.0 ], [ 3288619.15491179516539, 8452404.088638411834836, 0.0 ], [ 3288622.806191094219685, 8452433.396693447604775, 0.0 ], [ 3288626.31275505758822, 8452487.079845709726214, 0.0 ], [ 3288625.088240661192685, 8452497.081010982394218, 0.0 ], [ 3288621.859975428786129, 8452499.03191252425313, 0.0 ], [ 3288615.670611743815243, 8452508.96582149900496, 0.0 ], [ 3288582.519667407032102, 8452572.157457634806633, 0.0 ], [ 3288570.486030461732298, 8452593.572773454710841, 0.0 ], [ 3288563.817992965690792, 8452608.978384798392653, 0.0 ], [ 3288542.600498033687472, 8452648.98379129730165, 0.0 ], [ 3288512.488575795199722, 8452692.330702399834991, 0.0 ], [ 3288499.842681647278368, 8452711.145090535283089, 0.0 ], [ 3288482.744007870554924, 8452732.246863266453147, 0.0 ], [ 3288447.444597360212356, 8452772.163240989670157, 0.0 ], [ 3288430.011965113226324, 8452791.919685700908303, 0.0 ], [ 3288407.981837898027152, 8452815.12965171597898, 0.0 ], [ 3288388.589982613455504, 8452848.094657003879547, 0.0 ], [ 3288390.949955820571631, 8452867.94100702740252, 0.0 ], [ 3288392.241261915769428, 8452900.031659292057157, 0.0 ], [ 3288403.417738788295537, 8452928.354971976950765, 0.0 ], [ 3288425.625977192539722, 8452952.395114008337259, 0.0 ] ] ] } },
{ "type": "Feature", "properties": { "fid": 23, "name": "Line 1", "cmt": null, "desc": null, "src": null, "link1_href": null, "link1_text": null, "link1_type": null, "link2_href": null, "link2_text": null, "link2_type": null, "number": null, "type": null, "id": null, "description": null, "timestamp": null, "begin": null, "end": null, "altitudeMode": null, "tessellate": 1, "extrude": 0, "visibility": -1, "drawOrder": null, "icon": null, "gpxx_TrackExtension": null, "gpxtrkx_TrackStatsExtension": null, "layer": "трек маршрута Долина реки Охта природного парка Токсовский", "path": "C:/Users/blinc/OneDrive/Рабочий стол/МЛА+ проекты/НЕРАСКРЫТЫЙ ПЕТЕРБУРГ/QGIS/Data/Экомаршруты/трек маршрута Долина реки Охта природного парка Токсовский.kml|layername=трек маршрута Долина реки Охта природного парка Токсовский|geometrytype=LineString|uniqueGeometryType=yes" }, "geometry": { "type": "MultiLineString", "coordinates": [ [ [ 3389652.001129747368395, 8431602.496745111420751, 0.0 ], [ 3389530.774204337969422, 8431677.181204611435533, 0.0 ], [ 3389478.231404708232731, 8431677.852026550099254, 0.0 ], [ 3389417.33964327396825, 8431696.411457689478993, 0.0 ], [ 3389361.791217397898436, 8431745.381747821345925, 0.0 ], [ 3389299.007024622522295, 8431775.7926857303828, 0.0 ], [ 3389248.245336846914142, 8431788.985705260187387, 0.0 ], [ 3389206.500527826603502, 8431879.772210236638784, 0.0 ], [ 3389084.049088022205979, 8432007.456605173647404, 0.0 ], [ 3388984.974741266574711, 8432058.217917440459132, 0.0 ], [ 3388906.717139275744557, 8432064.255629876628518, 0.0 ], [ 3388804.637166265398264, 8432039.2103365752846, 0.0 ], [ 3388733.504011680372059, 8432046.813363032415509, 0.0 ], [ 3388689.310173857025802, 8432063.58477270975709, 0.0 ], [ 3388618.288338771555573, 8432117.924402767792344, 0.0 ], [ 3388598.584788913838565, 8432159.741593109443784, 0.0 ], [ 3388602.147012618370354, 8432193.732211787253618, 0.0 ], [ 3388624.856188734527677, 8432222.356012528762221, 0.0 ], [ 3388657.695438503287733, 8432221.237893220037222, 0.0 ], [ 3388688.753576420713216, 8432215.870922910049558, 0.0 ], [ 3388699.5515670129098, 8432146.100665312260389, 0.0 ], [ 3388724.487132937181741, 8432121.05509327352047, 0.0 ], [ 3388785.490213862154633, 8432107.190616846084595, 0.0 ], [ 3388903.711513030808419, 8432120.384230902418494, 0.0 ], [ 3388993.880300531629473, 8432107.861478004604578, 0.0 ], [ 3389076.256723675876856, 8432078.567264338955283, 0.0 ], [ 3389093.065966780297458, 8432093.997026452794671, 0.0 ], [ 3389084.049088033847511, 8432131.565278276801109, 0.0 ], [ 3389092.95464730123058, 8432235.773457458242774, 0.0 ], [ 3389100.747011656407267, 8432256.570545515045524, 0.0 ], [ 3389134.254178372677416, 8432301.295665284618735, 0.0 ], [ 3389162.306690040975809, 8432310.240721879526973, 0.0 ], [ 3389238.115263227839023, 8432234.431711856275797, 0.0 ], [ 3389300.788136513438076, 8432220.119774052873254, 0.0 ], [ 3389438.15638809511438, 8432282.063830431550741, 0.0 ], [ 3389537.342054357752204, 8432390.746720850467682, 0.0 ], [ 3389504.502804588992149, 8432412.886025076732039, 0.0 ], [ 3389428.805550892371684, 8432489.144138706848025, 0.0 ], [ 3389373.591083488892764, 8432532.976139608770609, 0.0 ], [ 3389223.977687936276197, 8432583.741079419851303, 0.0 ], [ 3389171.880166272167116, 8432613.037305468693376, 0.0 ], [ 3389061.339911967050284, 8432633.388187685981393, 0.0 ], [ 3388961.597648263908923, 8432641.662738321349025, 0.0 ], [ 3388794.395773169118911, 8432617.733657920733094, 0.0 ], [ 3388746.083114184904844, 8432602.750067781656981, 0.0 ], [ 3388703.113790757954121, 8432583.741079442203045, 0.0 ], [ 3388623.631674364209175, 8432532.976139649748802, 0.0 ], [ 3388716.249490647111088, 8432382.472452582791448, 0.0 ], [ 3388725.377688884269446, 8432349.151844698935747, 0.0 ], [ 3388709.013723741285503, 8432327.683613559231162, 0.0 ], [ 3388704.894902582280338, 8432276.696815766394138, 0.0 ], [ 3388688.196978965308517, 8432216.989041404798627, 0.0 ], [ 3388607.490348178427666, 8432224.145003778859973, 0.0 ], [ 3388612.27708628308028, 8432257.017795383930206, 0.0 ], [ 3388596.803677073214203, 8432298.164898071438074, 0.0 ], [ 3388546.598586745094508, 8432243.823936207219958, 0.0 ], [ 3388505.41037516342476, 8432176.960505314171314, 0.0 ], [ 3388482.70119904819876, 8432118.595264915376902, 0.0 ], [ 3388472.57112538581714, 8432062.913915598765016, 0.0 ], [ 3388480.920087186153978, 8432014.612363688647747, 0.0 ], [ 3388436.726249349303544, 8431879.772210277616978, 0.0 ], [ 3388420.584923182148486, 8431776.46351670473814, 0.0 ], [ 3388482.144601552281529, 8431662.870351290330291, 0.0 ], [ 3388470.23341603577137, 8431572.757336208596826, 0.0 ], [ 3388351.900797373149544, 8431532.06149778328836, 0.0 ], [ 3388335.87079070834443, 8431552.409388851374388, 0.0 ], [ 3388307.150362094864249, 8431517.080119468271732, 0.0 ], [ 3388272.530000471044332, 8431488.011860530823469, 0.0 ], [ 3388222.992827085312456, 8431427.639689860865474, 0.0 ], [ 3388109.446946508716792, 8431211.421944502741098, 0.0 ], [ 3388085.067978030070662, 8431147.474584294483066, 0.0 ], [ 3388074.82658487604931, 8431089.117513544857502, 0.0 ], [ 3388079.056725515983999, 8430983.807649610564113, 0.0 ], [ 3388136.386263248044997, 8430991.633171496912837, 0.0 ], [ 3388170.450027415994555, 8430987.608616337180138, 0.0 ], [ 3388308.374876437243074, 8430927.240553300827742, 0.0 ], [ 3388449.861949175596237, 8430973.746276542544365, 0.0 ], [ 3388474.352237140759826, 8431007.731414120644331, 0.0 ], [ 3388494.723703949712217, 8431047.753586713224649, 0.0 ], [ 3388513.202739419415593, 8431120.643689638003707, 0.0 ], [ 3388550.160810349974781, 8431168.939370458945632, 0.0 ], [ 3388732.390816699247807, 8431223.943171007558703, 0.0 ], [ 3388815.323837300762534, 8431212.539910258725286, 0.0 ], [ 3388815.991754246875644, 8431225.061138698831201, 0.0 ], [ 3388815.323837300762534, 8431213.210689811035991, 0.0 ], [ 3388871.428860632702708, 8431206.726490011438727, 0.0 ], [ 3388938.999791513197124, 8431208.962420325726271, 0.0 ], [ 3388998.667038552928716, 8431237.805982379242778, 0.0 ], [ 3389125.237299537286162, 8431354.746544178575277, 0.0 ], [ 3389282.977017924655229, 8431426.968890696763992, 0.0 ], [ 3389374.259000338148326, 8431500.980761811137199, 0.0 ], [ 3389481.793628398794681, 8431534.521129917353392, 0.0 ], [ 3389652.557727200910449, 8431601.378720046952367, 0.0 ] ] ] } },
{ "type": "Feature", "properties": { "fid": 24, "name": "Участок 1 Межозерный сам", "cmt": null, "desc": null, "src": null, "link1_href": null, "link1_text": null, "link1_type": null, "link2_href": null, "link2_text": null, "link2_type": null, "number": null, "type": null, "id": null, "description": "Статистика получена на основе импортированных данных<br><br>четверг, 1 января 1970 г., 03:00 MSK<br>Расстояние: 4,3 км<br>Продолжительность: 0 мин. 0 сек.", "timestamp": null, "begin": null, "end": null, "altitudeMode": null, "tessellate": 1, "extrude": 0, "visibility": -1, "drawOrder": null, "icon": null, "gpxx_TrackExtension": null, "gpxtrkx_TrackStatsExtension": null, "layer": "Трек Тропа Озерная 06.03.2025 — Ленинградская область", "path": "C:/Users/blinc/OneDrive/Рабочий стол/МЛА+ проекты/НЕРАСКРЫТЫЙ ПЕТЕРБУРГ/QGIS/Data/Экомаршруты/Трек Тропа Озерная 06.03.2025.kml|layername=Ленинградская область|geometrytype=LineString25D|uniqueGeometryType=yes" }, "geometry": { "type": "MultiLineString", "coordinates": [ [ [ 3313437.668393184896559, 8452189.31596015766263, 0.0 ], [ 3313487.873483505565673, 8452153.438906323164701, 0.0 ], [ 3313903.429142464883626, 8452405.478916903957725, 0.0 ], [ 3314036.010655945632607, 8452502.126445546746254, 0.0 ], [ 3314120.836107891518623, 8452510.423392405733466, 0.0 ], [ 3314261.766583174932748, 8452557.065862664952874, 0.0 ], [ 3314370.414406140800565, 8452603.708629015833139, 0.0 ], [ 3314335.794044529087842, 8452682.418968681246042, 0.0 ], [ 3314203.212531069759279, 8452829.302341807633638, 0.0 ], [ 3314155.456469560973346, 8453037.186577253043652, 0.0 ], [ 3314077.86678452976048, 8453200.896749325096607, 0.0 ], [ 3313853.335371734108776, 8453506.573588225990534, 0.0 ], [ 3314126.847360502928495, 8453731.073629293590784, 0.0 ], [ 3314173.378907636739314, 8453777.723849307745695, 0.0 ], [ 3314285.700273793656379, 8453779.966655807569623, 0.0 ], [ 3314403.921572960913181, 8453781.312340026721358, 0.0 ], [ 3314498.209181623533368, 8453818.318752935156226, 0.0 ], [ 3314567.561224359553307, 8453875.510848611593246, 0.0 ], [ 3314583.034633580129594, 8453944.814808234572411, 0.0 ], [ 3314594.945819096174091, 8454035.651085080578923, 0.0 ], [ 3314586.596857302356511, 8454157.440744519233704, 0.0 ], [ 3314543.627533887978643, 8454292.465894477441907, 0.0 ], [ 3314439.766449035145342, 8454378.371891181915998, 0.0 ], [ 3314350.154258999507874, 8454495.456877557560802, 0.0 ], [ 3314335.794044699985534, 8454543.233471259474754, 0.0 ], [ 3314270.115545167587698, 8454606.487467667087913, 0.0 ], [ 3314274.90228327549994, 8454666.15308397449553, 0.0 ], [ 3314310.747159298509359, 8454721.108685588464141, 0.0 ], [ 3314320.320635506417602, 8454761.708802247419953, 0.0 ], [ 3314296.386945002246648, 8454825.188992317765951, 0.0 ], [ 3314296.386945002712309, 8454835.956004759296775, 0.0 ], [ 3314326.220568527467549, 8454878.799898080527782, 0.0 ], [ 3314335.794044740032405, 8454992.303776111453772, 0.0 ], [ 3314339.356268451083452, 8455085.396210303530097, 0.0 ], [ 3314446.890896518249065, 8455207.203273184597492, 0.0 ], [ 3314507.782657948788255, 8455158.300747456029058, 0.0 ], [ 3314569.898933776654303, 8455081.807082530111074, 0.0 ], [ 3314968.867988583631814, 8454999.481945890933275, 0.0 ], [ 3315118.147425653412938, 8454837.077569413930178, 0.0 ], [ 3315211.210519925225526, 8454984.00402594730258, 0.0 ], [ 3315536.096453650388867, 8454966.058652333915234, 0.0 ], [ 3315561.232394664548337, 8455025.704757099971175, 0.0 ], [ 3315583.941570781171322, 8455076.400962095707655, 0.0 ], [ 3315591.032622343860567, 8455119.493011403828859, 0.0 ], [ 3315622.7364133130759, 8455179.27495594881475, 0.0 ], [ 3315524.129608422517776, 8455281.230651587247849, 0.0 ] ] ] } },
{ "type": "Feature", "properties": { "fid": 25, "name": "Участок 2 Черноводный-трек", "cmt": null, "desc": null, "src": null, "link1_href": null, "link1_text": null, "link1_type": null, "link2_href": null, "link2_text": null, "link2_type": null, "number": null, "type": null, "id": null, "description": "Статистика получена на основе импортированных данных<br><br>четверг, 1 января 1970 г., 03:00 MSK<br>Расстояние: 11,7 км<br>Продолжительность: 0 мин. 0 сек.", "timestamp": null, "begin": null, "end": null, "altitudeMode": null, "tessellate": 1, "extrude": 0, "visibility": -1, "drawOrder": null, "icon": null, "gpxx_TrackExtension": null, "gpxtrkx_TrackStatsExtension": null, "layer": "Трек Тропа Озерная 06.03.2025 — Ленинградская область", "path": "C:/Users/blinc/OneDrive/Рабочий стол/МЛА+ проекты/НЕРАСКРЫТЫЙ ПЕТЕРБУРГ/QGIS/Data/Экомаршруты/Трек Тропа Озерная 06.03.2025.kml|layername=Ленинградская область|geometrytype=LineString25D|uniqueGeometryType=yes" }, "geometry": { "type": "MultiLineString", "coordinates": [ [ [ 3315524.129608422517776, 8455281.230651587247849, 0.0 ], [ 3315447.764437791891396, 8455466.526693489402533, 0.0 ], [ 3315423.830747310537845, 8455750.761061023920774, 0.0 ], [ 3315475.260352042503655, 8455839.151890553534031, 0.0 ], [ 3315520.567384794354439, 8456070.678089264780283, 0.0 ], [ 3315558.861289607360959, 8456076.73555869050324, 0.0 ], [ 3315552.850037163123488, 8456658.500249600037932, 0.0 ], [ 3315589.919427589979023, 8456767.095444902777672, 0.0 ], [ 3315708.140726773068309, 8456955.794633546844125, 0.0 ], [ 3315760.683526415843517, 8457096.705155650153756, 0.0 ], [ 3315859.757873189169914, 8457238.740312196314335, 0.0 ], [ 3316072.378100512549281, 8457329.61732697673142, 0.0 ], [ 3316299.247222644276917, 8457359.461135061457753, 0.0 ], [ 3316415.130812504794449, 8457341.509957756847143, 0.0 ], [ 3316483.258340829517692, 8457265.217943619936705, 0.0 ], [ 3316597.316291038878262, 8457218.523134091868997, 0.0 ], [ 3316639.105627867393196, 8457264.163324262946844, 0.0 ], [ 3316753.419612920843065, 8457398.639731848612428, 0.0 ], [ 3316784.232847956009209, 8457375.841622600331903, 0.0 ], [ 3316823.562024039682001, 8457426.329656532034278, 0.0 ], [ 3316886.902814268134534, 8457396.485576756298542, 0.0 ], [ 3316987.201675427146256, 8457414.43688840046525, 0.0 ], [ 3317066.015874871984124, 8457411.96858043782413, 0.0 ], [ 3317303.682987596374005, 8457345.100189656019211, 0.0 ], [ 3317375.372739634942263, 8457355.870896033942699, 0.0 ], [ 3317443.500267968978733, 8457343.978241976350546, 0.0 ], [ 3317472.109377080574632, 8457262.749685753136873, 0.0 ], [ 3317592.779705034103245, 8457138.440319467335939, 0.0 ], [ 3317644.09799026325345, 8457114.655734619125724, 0.0 ], [ 3317708.551975393202156, 8457029.83963449113071, 0.0 ], [ 3317751.632618309464306, 8457025.127657638862729, 0.0 ], [ 3317831.671332144644111, 8456945.024513630196452, 0.0 ], [ 3318530.312456030398607, 8456916.304271329194307, 0.0 ], [ 3318681.929602427408099, 8456991.69514674320817, 0.0 ], [ 3318609.126655470114201, 8456849.440392322838306, 0.0 ], [ 3318434.800332921091467, 8456328.685840964317322, 0.0 ], [ 3318296.207566906698048, 8455882.00163465552032, 0.0 ], [ 3318238.878029154613614, 8455650.481382085010409, 0.0 ], [ 3318111.094385721255094, 8455505.941962679848075, 0.0 ], [ 3317735.480160034727305, 8455188.831139147281647, 0.0 ], [ 3317390.957468116190284, 8454921.868356624618173, 0.0 ], [ 3317324.05445416783914, 8454790.420622229576111, 0.0 ], [ 3317801.726388752926141, 8452791.179657259956002, 0.0 ], [ 3317756.419356017839164, 8452745.881195379421115, 0.0 ], [ 3317813.748893745709211, 8452695.649564202874899, 0.0 ], [ 3317818.535631838254631, 8452604.829852804541588, 0.0 ], [ 3317866.291693356819451, 8452499.659787261858582, 0.0 ], [ 3317911.598726078402251, 8452389.782222278416157, 0.0 ], [ 3317916.385464171413332, 8452303.899473756551743, 0.0 ], [ 3317897.349831252824515, 8452287.081820696592331, 0.0 ], [ 3317875.865169537719339, 8452256.137439636513591, 0.0 ], [ 3317827.99778851820156, 8452232.144422292709351, 0.0 ], [ 3317830.446817309129983, 8452174.96511734649539, 0.0 ], [ 3317808.962155593559146, 8452153.438906075432897, 0.0 ], [ 3317849.482450212817639, 8452041.10001434199512, 0.0 ], [ 3317842.358002798631787, 8451969.571754699572921, 0.0 ], [ 3317880.540588118135929, 8451916.87896809913218, 0.0 ], [ 3317897.349831212311983, 8451845.351917717605829, 0.0 ], [ 3317954.679368934128433, 8451733.017736252397299, 0.0 ], [ 3318028.706830274313688, 8451701.851471284404397, 0.0 ], [ 3318090.823106098920107, 8451611.268257388845086, 0.0 ], [ 3318143.365905710496008, 8451396.249703848734498, 0.0 ], [ 3318243.664766847155988, 8451190.653905879706144, 0.0 ], [ 3318606.78894557710737, 8450450.377317909151316, 0.0 ], [ 3318702.301068612840027, 8450228.219214743003249, 0.0 ], [ 3318764.417344440240413, 8450151.776859559118748, 0.0 ], [ 3318788.23971545137465, 8450082.508667301386595, 0.0 ], [ 3318726.123439602553844, 8449924.696195242926478, 0.0 ], [ 3318499.254317445214838, 8449633.290026353672147, 0.0 ], [ 3318339.176889737602323, 8449377.758741855621338, 0.0 ], [ 3318291.420828199014068, 8449243.944587882608175, 0.0 ], [ 3318271.16068087797612, 8449199.788693215698004, 0.0 ], [ 3318287.858604487031698, 8449168.857310818508267, 0.0 ], [ 3318157.726119806058705, 8449117.305296154692769, 0.0 ], [ 3317699.089817956089973, 8449120.891511585563421, 0.0 ], [ 3317540.236904670950025, 8449166.3917714972049, 0.0 ], [ 3317533.00113778328523, 8449272.634854590520263, 0.0 ], [ 3317580.868518807925284, 8449350.412937793880701, 0.0 ], [ 3317534.225652203895152, 8449524.576069347560406, 0.0 ], [ 3317478.120628875214607, 8449583.303821671754122, 0.0 ], [ 3317478.120628882199526, 8449652.567308334633708, 0.0 ], [ 3317541.350099631119519, 8449734.832556523382664, 0.0 ], [ 3317541.350099635310471, 8449776.750080777332187, 0.0 ], [ 3317571.295042649377137, 8449828.082561848685145, 0.0 ], [ 3317596.341928065288812, 8449831.669124150648713, 0.0 ], [ 3317610.702142374124378, 8449861.482491005212069, 0.0 ], [ 3317574.857266359962523, 8449903.176575349643826, 0.0 ], [ 3317585.54393747728318, 8449980.961332799866796, 0.0 ], [ 3317533.001137858722359, 8450095.510414203628898, 0.0 ], [ 3317458.973676522262394, 8450169.710478600114584, 0.0 ], [ 3317352.663562868256122, 8450208.940422691404819, 0.0 ], [ 3317257.151439808309078, 8450178.004792183637619, 0.0 ], [ 3317150.84132614871487, 8450128.911558944731951, 0.0 ], [ 3317107.87200271897018, 8450091.923723146319389, 0.0 ], [ 3317044.531212490983307, 8450138.550843713805079, 0.0 ], [ 3316951.356798741500825, 8450145.724273135885596, 0.0 ], [ 3316911.949699019081891, 8450133.843284465372562, 0.0 ], [ 3316908.387475308496505, 8450068.161938987672329, 0.0 ], [ 3316889.351842392235994, 8450065.696097863838077, 0.0 ], [ 3316897.7008041953668, 8450047.762732742354274, 0.0 ], [ 3316885.678299193270504, 8450031.174408979713917, 0.0 ], [ 3316834.360013962723315, 8450034.761070406064391, 0.0 ], [ 3316778.254990629851818, 8450040.589398959651589, 0.0 ], [ 3316761.557067021261901, 8450058.522746572270989, 0.0 ], [ 3316785.379438045434654, 8450107.615509554743767, 0.0 ], [ 3316757.883523834403604, 8450149.310990488156676, 0.0 ], [ 3316716.138714803848416, 8450110.97803957387805, 0.0 ], [ 3316675.507100679446012, 8450075.335299715399742, 0.0 ], [ 3316696.991762384772301, 8449988.134608432650566, 0.0 ], [ 3316601.479639322962612, 8449921.109587660059333, 0.0 ], [ 3316601.47963931504637, 8449841.083858568221331, 0.0 ], [ 3316559.623510794714093, 8449815.977927073836327, 0.0 ], [ 3316368.599264678545296, 8449761.059000985696912, 0.0 ], [ 3316301.696250741370022, 8449731.246041564270854, 0.0 ], [ 3316259.840122217778116, 8449691.794491715729237, 0.0 ], [ 3316252.71567480545491, 8449636.876493709161878, 0.0 ], [ 3316253.940189196262509, 8449552.146673314273357, 0.0 ] ] ] } },
{ "type": "Feature", "properties": { "fid": 26, "name": "Участок 3 ильичевский основной", "cmt": null, "desc": null, "src": null, "link1_href": null, "link1_text": null, "link1_type": null, "link2_href": null, "link2_text": null, "link2_type": null, "number": null, "type": null, "id": null, "description": "Статистика получена на основе импортированных данных<br><br>четверг, 1 января 1970 г., 03:00 MSK<br>Расстояние: 10,1 км<br>Продолжительность: 0 мин. 0 сек.", "timestamp": null, "begin": null, "end": null, "altitudeMode": null, "tessellate": 1, "extrude": 0, "visibility": -1, "drawOrder": null, "icon": null, "gpxx_TrackExtension": null, "gpxtrkx_TrackStatsExtension": null, "layer": "Трек Тропа Озерная 06.03.2025 — Ленинградская область", "path": "C:/Users/blinc/OneDrive/Рабочий стол/МЛА+ проекты/НЕРАСКРЫТЫЙ ПЕТЕРБУРГ/QGIS/Data/Экомаршруты/Трек Тропа Озерная 06.03.2025.kml|layername=Ленинградская область|geometrytype=LineString25D|uniqueGeometryType=yes" }, "geometry": { "type": "MultiLineString", "coordinates": [ [ [ 3314646.932021869346499, 8460520.225311616435647, 0.0 ], [ 3314596.83825103752315, 8460544.245413729920983, 0.0 ], [ 3314578.247896087355912, 8460566.918666301295161, 0.0 ], [ 3314531.048432014416903, 8460589.591988865286112, 0.0 ], [ 3314460.026596928946674, 8460664.122611651197076, 0.0 ], [ 3314450.453120727557689, 8460702.959651565179229, 0.0 ], [ 3314437.317420822102576, 8460723.837451532483101, 0.0 ], [ 3314430.192973418161273, 8460743.592843782156706, 0.0 ], [ 3314392.56698555406183, 8460817.002551032230258, 0.0 ], [ 3314410.489423566032201, 8460856.513889856636524, 0.0 ], [ 3314394.90469486406073, 8460873.126675335690379, 0.0 ], [ 3314367.520100133959204, 8460779.960863927379251, 0.0 ], [ 3314348.929745180066675, 8460793.206051800400019, 0.0 ], [ 3314314.30938356090337, 8460797.920446468517184, 0.0 ], [ 3314288.037983746733516, 8460805.777777640148997, 0.0 ], [ 3314260.542069538030773, 8460850.452477494254708, 0.0 ], [ 3314220.578372368589044, 8460915.556797986850142, 0.0 ], [ 3314197.312598804477602, 8460922.740758366882801, 0.0 ], [ 3314130.966182336676866, 8461081.014168096706271, 0.0 ], [ 3314095.121306327171624, 8461177.102384254336357, 0.0 ], [ 3313958.420971704181284, 8461235.698852749541402, 0.0 ], [ 3313922.019498235080391, 8461269.150686148554087, 0.0 ], [ 3313842.537381847854704, 8461300.806588266044855, 0.0 ], [ 3313776.302284855861217, 8461287.56048496812582, 0.0 ], [ 3313751.811996892094612, 8461286.437934944406152, 0.0 ], [ 3313722.534970827400684, 8461270.946762064471841, 0.0 ], [ 3313656.299873838666826, 8461295.867360530421138, 0.0 ], [ 3313641.939659535419196, 8461317.420378737151623, 0.0 ], [ 3313618.005969026591629, 8461328.870445385575294, 0.0 ], [ 3313524.831555285956711, 8461436.412138614803553, 0.0 ], [ 3313503.346893574111164, 8461450.107540348544717, 0.0 ], [ 3313497.446960566565394, 8461466.27263754978776, 0.0 ], [ 3313481.862231861799955, 8461450.556570343673229, 0.0 ], [ 3313473.513270055409521, 8461453.026235822588205, 0.0 ], [ 3313431.100544090382755, 8461521.054620446637273, 0.0 ], [ 3313420.970470438245684, 8461583.246137259528041, 0.0 ], [ 3313400.042406181339175, 8461604.126439698040485, 0.0 ], [ 3313400.710323130246252, 8461641.621325334534049, 0.0 ], [ 3313360.63530646963045, 8461708.528842311352491, 0.0 ], [ 3313358.854194620158523, 8461737.267828686162829, 0.0 ], [ 3313333.139392259996384, 8461759.944764498621225, 0.0 ], [ 3313295.513404388912022, 8461746.248784990981221, 0.0 ], [ 3313175.510993375442922, 8461812.03462478145957, 0.0 ], [ 3313152.245219813659787, 8461831.568417632952332, 0.0 ], [ 3313080.555467785801739, 8461943.832602245733142, 0.0 ], [ 3313019.66370635246858, 8461963.59127633459866, 0.0 ], [ 3312994.616820936091244, 8461957.079889237880707, 0.0 ], [ 3312982.037718479055911, 8461929.4626908544451, 0.0 ], [ 3312948.641871257219464, 8461930.809868860989809, 0.0 ], [ 3312909.234771538060158, 8461954.160993443801999, 0.0 ], [ 3312871.608783665578812, 8461951.691159453243017, 0.0 ], [ 3312773.091034370008856, 8462056.098502960056067, 0.0 ], [ 3312719.880317799281329, 8462069.79506029933691, 0.0 ], [ 3312692.384403589181602, 8462110.435815207660198, 0.0 ], [ 3312588.523318725638092, 8462081.919902879744768, 0.0 ], [ 3312534.756004699505866, 8462092.697557514533401, 0.0 ], [ 3312449.373955297283828, 8462065.079849170520902, 0.0 ], [ 3312173.524257255718112, 8462207.884729314595461, 0.0 ], [ 3312149.033969291951507, 8462210.130111237987876, 0.0 ], [ 3312047.510593748651445, 8462341.03706407174468, 0.0 ], [ 3311990.181056019850075, 8462365.512207819148898, 0.0 ], [ 3311942.98159195156768, 8462433.549045095220208, 0.0 ], [ 3311916.153594683390111, 8462436.019041139632463, 0.0 ], [ 3311800.826602288056165, 8462572.768300291150808, 0.0 ], [ 3311795.483266732655466, 8462583.546675272285938, 0.0 ], [ 3311762.644016964826733, 8462583.995774578303099, 0.0 ], [ 3311733.923588357400149, 8462628.232190314680338, 0.0 ], [ 3311734.591505307238549, 8462665.956856880337, 0.0 ], [ 3311671.250715084373951, 8462769.251578472554684, 0.0 ], [ 3311637.186950921081007, 8462805.629630697891116, 0.0 ], [ 3311524.976904255803674, 8462832.576452234759927, 0.0 ], [ 3311422.896931265480816, 8463030.189497968181968, 0.0 ], [ 3311423.453528720885515, 8463055.789758844301105, 0.0 ], [ 3311403.193381411489099, 8463097.109666418284178, 0.0 ], [ 3311380.484205299522728, 8463098.232493236660957, 0.0 ], [ 3311381.040802760049701, 8463168.746361432597041, 0.0 ], [ 3311334.50925562903285, 8463171.665740003809333, 0.0 ], [ 3311202.484339620452374, 8463270.700731100514531, 0.0 ], [ 3311172.094118656590581, 8463364.571864819154143, 0.0 ], [ 3311105.19110472779721, 8463431.495080357417464, 0.0 ], [ 3311092.055404825136065, 8463479.778987074270844, 0.0 ], [ 3311072.351854968350381, 8463525.14369099214673, 0.0 ], [ 3311071.683938025031239, 8463534.126833925023675, 0.0 ], [ 3311102.185478491242975, 8463586.004699297249317, 0.0 ], [ 3311142.149175670463592, 8463610.034830387681723, 0.0 ], [ 3311157.733904378954321, 8463651.133274221792817, 0.0 ], [ 3311195.3598922486417, 8463657.870745968073606, 0.0 ], [ 3311224.636918312869966, 8463637.433767380192876, 0.0 ], [ 3311316.586817667353898, 8463666.629468481987715, 0.0 ], [ 3311341.633703081402928, 8463658.993658520281315, 0.0 ], [ 3311372.691841001156718, 8463677.409448992460966, 0.0 ], [ 3311443.713676092214882, 8463670.222793556749821, 0.0 ], [ 3311480.226469053886831, 8463643.94664447940886, 0.0 ], [ 3311567.389630302321166, 8463633.840458324179053, 0.0 ], [ 3311566.721713356208056, 8463611.831478834152222, 0.0 ], [ 3311658.78293219441548, 8463572.979053590446711, 0.0 ], [ 3311711.88232927955687, 8463574.101953165605664, 0.0 ], [ 3311741.159355341456831, 8463557.483056921511889, 0.0 ], [ 3311776.336314416956156, 8463563.322124287486076, 0.0 ], [ 3311803.832228632178158, 8463581.288514526560903, 0.0 ], [ 3311845.688357150182128, 8463581.288514526560903, 0.0 ], [ 3311899.344351684208959, 8463560.402590012177825, 0.0 ], [ 3311927.508182838559151, 8463528.736946800723672, 0.0 ], [ 3311937.638256495352834, 8463501.338415330275893, 0.0 ], [ 3311944.762703898362815, 8463471.469640929251909, 0.0 ], [ 3311958.566320749465376, 8463448.113691443577409, 0.0 ], [ 3311978.269870603922755, 8463390.173291312530637, 0.0 ], [ 3311994.967794212512672, 8463360.304969031363726, 0.0 ], [ 3312017.676970319356769, 8463310.898988308385015, 0.0 ], [ 3312053.41052684513852, 8463283.276698494330049, 0.0 ], [ 3312070.776367397513241, 8463251.612250180914998, 0.0 ], [ 3312077.344217347446829, 8463207.596648113802075, 0.0 ], [ 3312068.438658082392067, 8463150.107279447838664, 0.0 ], [ 3312096.491169740911573, 8463064.77232763171196, 0.0 ], [ 3312123.319167006760836, 8463033.108821416273713, 0.0 ], [ 3312123.875764460302889, 8463023.003475829958916, 0.0 ], [ 3312163.394183668773621, 8462989.543653013184667, 0.0 ], [ 3312193.227807186543941, 8462974.498010564595461, 0.0 ], [ 3312239.202756862621754, 8462966.862920209765434, 0.0 ], [ 3312338.27710361359641, 8462885.123038548976183, 0.0 ], [ 3312357.424056019168347, 8462873.670545373111963, 0.0 ], [ 3312449.373955370858312, 8462874.344220943748951, 0.0 ], [ 3312533.531490375287831, 8462919.031505394726992, 0.0 ], [ 3312601.659018715377897, 8462978.764682125300169, 0.0 ], [ 3312644.628342141862959, 8462993.810333313420415, 0.0 ], [ 3312697.17114177159965, 8462979.887490851804614, 0.0 ], [ 3312751.495053248014301, 8462943.059454154223204, 0.0 ], [ 3312833.31487893499434, 8462849.867381377145648, 0.0 ], [ 3312919.921442720107734, 8462738.712118132039905, 0.0 ], [ 3313176.73550784913823, 8462636.091479787603021, 0.0 ], [ 3313254.325192887336016, 8462549.415208667516708, 0.0 ], [ 3313354.067456576041877, 8462372.697586527094245, 0.0 ], [ 3313407.8347705937922, 8462275.246485579758883, 0.0 ], [ 3313419.745956097729504, 8462208.333805572241545, 0.0 ], [ 3313416.740329840686172, 8462137.380086036399007, 0.0 ], [ 3313432.881655996199697, 8462094.493834773078561, 0.0 ], [ 3313485.424455623142421, 8462083.042574442923069, 0.0 ], [ 3313498.003558077849448, 8462089.105004154145718, 0.0 ], [ 3313631.141669002827257, 8462081.246299918740988, 0.0 ], [ 3313696.26357108540833, 8462066.427051974460483, 0.0 ], [ 3313761.385473168455064, 8462071.591331947594881, 0.0 ], [ 3313817.49049650458619, 8462084.838849373161793, 0.0 ], [ 3313882.612398588098586, 8462087.308728141710162, 0.0 ], [ 3314033.00503057660535, 8462064.630781505256891, 0.0 ], [ 3314102.357073304243386, 8462029.379062902182341, 0.0 ], [ 3314160.799805937334895, 8461982.676409659907222, 0.0 ], [ 3314243.287548570428044, 8461898.028607621788979, 0.0 ], [ 3314280.91353643592447, 8461847.06077297590673, 0.0 ], [ 3314380.655800135806203, 8461798.787599354982376, 0.0 ], [ 3314480.286744344048202, 8461739.737590512260795, 0.0 ], [ 3314569.342336929403245, 8461678.218314401805401, 0.0 ], [ 3314612.311660349369049, 8461619.618315272033215, 0.0 ], [ 3314620.104024696163833, 8461554.058717152103782, 0.0 ], [ 3314671.422309917397797, 8461444.045638002455235, 0.0 ], [ 3314739.549838233739138, 8461269.599705034866929, 0.0 ], [ 3314750.236509337555617, 8461192.144344937056303, 0.0 ], [ 3314750.236509331967682, 8461125.241531971842051, 0.0 ], [ 3314772.945685440208763, 8461074.952570406720042, 0.0 ], [ 3314901.297058252152056, 8460953.272668305784464, 0.0 ], [ 3315010.056200697552413, 8460864.82027786411345, 0.0 ], [ 3315092.432623841334134, 8460814.757594937458634, 0.0 ], [ 3315183.825925730168819, 8460710.143403956666589, 0.0 ], [ 3315259.077901459764689, 8460582.408354295417666, 0.0 ], [ 3315287.130413117818534, 8460494.63388735242188, 0.0 ], [ 3315279.338048758916557, 8460419.431533919647336, 0.0 ], [ 3315241.155463428702205, 8460355.454018510878086, 0.0 ], [ 3315236.368725323583931, 8460317.7412178684026, 0.0 ], [ 3315260.859013282228261, 8460278.457256438210607, 0.0 ], [ 3315395.77823604689911, 8460130.302492331713438, 0.0 ], [ 3315444.758811969775707, 8460103.365583561360836, 0.0 ], [ 3315514.667452154215425, 8460090.795059945434332, 0.0 ], [ 3315583.908175396267325, 8460097.529266344383359, 0.0 ], [ 3315656.154524884652346, 8460065.205131907016039, 0.0 ], [ 3315706.916212658863515, 8460041.860012175515294, 0.0 ], [ 3315757.121302978601307, 8459988.211412433534861, 0.0 ], [ 3315770.813600339461118, 8459985.742239451035857, 0.0 ], [ 3315879.461423305328935, 8460007.291413456201553, 0.0 ], [ 3315895.046152009628713, 8460007.964826162904501, 0.0 ], [ 3315910.519561225548387, 8460062.73593302257359, 0.0 ], [ 3315958.275622759014368, 8460113.017964484170079, 0.0 ], [ 3316032.41440359596163, 8460142.199658457189798, 0.0 ], [ 3316093.862762482836843, 8460131.424865635111928, 0.0 ], [ 3316122.583191094920039, 8460136.363310376182199, 0.0 ], [ 3316269.413599377498031, 8460095.733477326110005, 0.0 ], [ 3316335.760015860199928, 8460099.774003140628338, 0.0 ], [ 3316382.291562990285456, 8460117.731922555714846, 0.0 ], [ 3316421.698662715032697, 8460139.954908626154065, 0.0 ], [ 3316462.886874297168106, 8460223.460063349455595, 0.0 ], [ 3316485.050584907177836, 8460255.672655005007982, 0.0 ], [ 3316521.418662534561008, 8460276.32470447383821, 0.0 ], [ 3316596.637242431286722, 8460312.241450536996126, 0.0 ], [ 3316839.146752977278084, 8459963.070780804380774, 0.0 ], [ 3316851.725855429191142, 8459942.195143204182386, 0.0 ], [ 3316868.423779041972011, 8459960.826085744425654, 0.0 ], [ 3316936.439987894613296, 8460066.327495224773884, 0.0 ], [ 3316970.503752060700208, 8460072.388260520994663, 0.0 ], [ 3317019.484327984508127, 8460035.350328473374248, 0.0 ], [ 3317087.500536816660315, 8459937.481297748163342, 0.0 ], [ 3317168.763765054289252, 8459888.996205942705274, 0.0 ], [ 3317217.187743517104536, 8459791.802518183365464, 0.0 ], [ 3317241.678031476680189, 8459746.236405309289694, 0.0 ], [ 3317266.056999947875738, 8459730.748480571433902, 0.0 ], [ 3317364.686068738810718, 8459663.410057043656707, 0.0 ], [ 3317467.322639194782823, 8459609.539762709289789, 0.0 ], [ 3317595.117414560168982, 8459545.120387779548764, 0.0 ], [ 3317707.438780713826418, 8459497.311251785606146, 0.0 ], [ 3317753.970327841583639, 8459489.006410112604499, 0.0 ], [ 3317832.784527282696217, 8459455.562683310359716, 0.0 ], [ 3317869.8539176909253, 8459364.659363148733974, 0.0 ], [ 3317902.136570003349334, 8459332.562904022634029, 0.0 ], [ 3317982.063964356202632, 8459336.154109261929989, 0.0 ], [ 3318076.462892490439117, 8459199.913990633562207, 0.0 ], [ 3318103.958806702401489, 8459193.853945210576057, 0.0 ], [ 3318232.866776957176626, 8458921.605951219797134, 0.0 ], [ 3318349.974881206639111, 8458810.510122260078788, 0.0 ], [ 3318403.74219523370266, 8458803.328227501362562, 0.0 ], [ 3318502.816541993990541, 8458825.996106712147593, 0.0 ], [ 3318569.719555929768831, 8458828.464889852330089, 0.0 ], [ 3318660.444940886925906, 8458867.965533083304763, 0.0 ], [ 3318708.312321905046701, 8458865.496736655011773, 0.0 ], [ 3318730.910178525839001, 8458846.419701345264912, 0.0 ], [ 3318782.339783248025924, 8458852.479460131376982, 0.0 ], [ 3318846.793768386356533, 8458846.419701339676976, 0.0 ], [ 3318864.716206390410662, 8458793.902001263573766, 0.0 ], [ 3318997.297719849739224, 8458652.958918675780296, 0.0 ], [ 3319091.585328494664282, 8458518.078023362904787, 0.0 ], [ 3319144.239447614643723, 8458505.959062518551946, 0.0 ], [ 3319172.84855673275888, 8458481.047928024083376, 0.0 ], [ 3319117.968047792557627, 8458457.034572036936879, 0.0 ], [ 3319059.413995664101094, 8458439.080712320283055, 0.0 ], [ 3318996.073205430526286, 8458423.595543555915356, 0.0 ], [ 3318967.464096306357533, 8458379.384444260969758, 0.0 ], [ 3318924.383453377056867, 8458256.402684405446053, 0.0 ], [ 3318925.607967771589756, 8458207.479856058955193, 0.0 ], [ 3318942.30589137878269, 8458177.632602460682392, 0.0 ], [ 3318925.607967764604837, 8458132.300915447995067, 0.0 ], [ 3318901.785596744157374, 8458110.757241474464536, 0.0 ], [ 3318864.716206326615065, 8458098.863365203142166, 0.0 ], [ 3318825.309106602799147, 8458093.926290143281221, 0.0 ], [ 3318766.755054473411292, 8458089.213630681857467, 0.0 ], [ 3318703.52558373240754, 8458085.623035036027431, 0.0 ], [ 3318648.533755305223167, 8458073.729199465364218, 0.0 ], [ 3318603.115403081756085, 8458054.654220355674624, 0.0 ], [ 3318566.15733215212822, 8458017.626461142674088, 0.0 ], [ 3318561.370594044215977, 8457968.480814453214407, 0.0 ], [ 3318557.808370338287205, 8457929.209415312856436, 0.0 ], [ 3318549.459408524446189, 8457847.974387444555759, 0.0 ], [ 3318550.5726034254767, 8457769.208685101941228, 0.0 ], [ 3318561.370594022795558, 8457720.064700398594141, 0.0 ], [ 3318570.944070218130946, 8457631.875634418800473, 0.0 ], [ 3318622.2623554430902, 8457566.127223256975412, 0.0 ], [ 3318684.378631271421909, 8457507.560021512210369, 0.0 ], [ 3318747.719421500805765, 8457478.837579820305109, 0.0 ], [ 3318830.095844647381455, 8457455.05189280025661, 0.0 ], [ 3318918.48352029453963, 8457440.690760569646955, 0.0 ], [ 3318959.115134412888438, 8457420.271074015647173, 0.0 ], [ 3318986.499729132279754, 8457398.953879388049245, 0.0 ], [ 3318920.821229591034353, 8457360.583084957674146, 0.0 ], [ 3318851.580506346188486, 8457321.314935591071844, 0.0 ], [ 3318793.026454211212695, 8457251.979115828871727, 0.0 ], [ 3318758.406092584133148, 8457179.053797952830791, 0.0 ], [ 3318754.843868873082101, 8457093.115044927224517, 0.0 ], [ 3318729.79698345111683, 8457044.199963476508856, 0.0 ], [ 3318681.929602427408099, 8456991.69514674320817, 0.0 ] ] ] } },
{ "type": "Feature", "properties": { "fid": 27, "name": "Участок 4 на музей", "cmt": null, "desc": null, "src": null, "link1_href": null, "link1_text": null, "link1_type": null, "link2_href": null, "link2_text": null, "link2_type": null, "number": null, "type": null, "id": null, "description": "Статистика получена на основе импортированных данных<br><br>четверг, 1 января 1970 г., 03:00 MSK<br>Расстояние: 2,1 км<br>Продолжительность: 0 мин. 0 сек.", "timestamp": null, "begin": null, "end": null, "altitudeMode": null, "tessellate": 1, "extrude": 0, "visibility": -1, "drawOrder": null, "icon": null, "gpxx_TrackExtension": null, "gpxtrkx_TrackStatsExtension": null, "layer": "Трек Тропа Озерная 06.03.2025 — Ленинградская область", "path": "C:/Users/blinc/OneDrive/Рабочий стол/МЛА+ проекты/НЕРАСКРЫТЫЙ ПЕТЕРБУРГ/QGIS/Data/Экомаршруты/Трек Тропа Озерная 06.03.2025.kml|layername=Ленинградская область|geometrytype=LineString25D|uniqueGeometryType=yes" }, "geometry": { "type": "MultiLineString", "coordinates": [ [ [ 3312948.641871257219464, 8461930.809868860989809, 0.0 ], [ 3312900.217892782296985, 8461903.866355825215578, 0.0 ], [ 3312869.159754866268486, 8461900.273894891142845, 0.0 ], [ 3312841.663840654771775, 8461913.521103300154209, 0.0 ], [ 3312792.79458421934396, 8461931.258928254246712, 0.0 ], [ 3312744.927203203551471, 8461942.036361804232001, 0.0 ], [ 3312723.44254149030894, 8461950.568507917225361, 0.0 ], [ 3312718.65580338658765, 8461913.521103309467435, 0.0 ], [ 3312691.271208662539721, 8461899.151251219213009, 0.0 ], [ 3312692.384403567295521, 8461875.126717546954751, 0.0 ], [ 3312666.113003747072071, 8461820.342093588784337, 0.0 ], [ 3312643.403827635571361, 8461815.402516424655914, 0.0 ], [ 3312625.592709109652787, 8461753.433557981625199, 0.0 ], [ 3312562.25191887235269, 8461679.340924434363842, 0.0 ], [ 3312603.996727891266346, 8461565.958189895376563, 0.0 ], [ 3312614.79471848346293, 8461470.313917461782694, 0.0 ], [ 3312602.883532969746739, 8461408.347870640456676, 0.0 ], [ 3312599.32130926148966, 8461369.956125658005476, 0.0 ], [ 3312577.725328048691154, 8461274.538915248587728, 0.0 ], [ 3312538.318228321149945, 8461209.880427880212665, 0.0 ], [ 3312541.991771503351629, 8461074.952570537105203, 0.0 ], [ 3312649.415080053731799, 8460942.496685707941651, 0.0 ], [ 3312715.093579574953765, 8460768.062664777040482, 0.0 ], [ 3312723.442541377153248, 8460726.306872757151723, 0.0 ], [ 3312750.938455585390329, 8460663.000157004222274, 0.0 ], [ 3312753.387484380044043, 8460636.734764875844121, 0.0 ], [ 3312795.132293408270925, 8460658.285848930478096, 0.0 ], [ 3312848.89960743393749, 8460637.857215607538819, 0.0 ], [ 3312877.508716555777937, 8460641.449059100821614, 0.0 ], [ 3312933.725059376098216, 8460603.28581172786653, 0.0 ], [ 3312983.818830208387226, 8460592.510342484340072, 0.0 ], [ 3313047.159620438702404, 8460578.143074749037623, 0.0 ], [ 3313078.217758353799582, 8460565.122762635350227, 0.0 ], [ 3313088.904429463669658, 8460544.694388438016176, 0.0 ], [ 3313103.264643768779933, 8460532.796570304781199, 0.0 ], [ 3313211.912466726731509, 8460501.817436153069139, 0.0 ], [ 3313257.330818947404623, 8460479.144384544342756, 0.0 ], [ 3313286.051247556228191, 8460451.532742952927947, 0.0 ], [ 3313355.291970789898187, 8460372.739116966724396, 0.0 ], [ 3313389.912332406733185, 8460336.822075048461556, 0.0 ], [ 3313400.710323006846011, 8460306.966167638078332, 0.0 ], [ 3313401.823517910204828, 8460284.29371752589941, 0.0 ], [ 3313422.194984718691558, 8460298.660410463809967, 0.0 ], [ 3313435.330684632528573, 8460391.82011691480875, 0.0 ], [ 3313425.757208436727524, 8460457.593826113268733, 0.0 ], [ 3313446.017355754971504, 8460502.939866254106164, 0.0 ], [ 3313435.330684651620686, 8460579.490004880353808, 0.0 ], [ 3313412.621508547104895, 8460642.571510529145598, 0.0 ], [ 3313409.059284845832735, 8460672.428782172501087, 0.0 ], [ 3313405.38574165198952, 8460702.286175191402435, 0.0 ], [ 3313376.776632534805685, 8460722.714987725019455, 0.0 ], [ 3313378.001146938186139, 8460764.470759315416217, 0.0 ], [ 3313412.62150855967775, 8460781.307831151410937, 0.0 ], [ 3313423.308179669082165, 8460778.838391529396176, 0.0 ], [ 3313436.4438795754686, 8460774.124009110033512, 0.0 ], [ 3313465.164308183826506, 8460737.082538247108459, 0.0 ], [ 3313478.300008090212941, 8460705.878050196915865, 0.0 ], [ 3313515.369398505892605, 8460698.918793965131044, 0.0 ], [ 3313536.854060220532119, 8460718.000641316175461, 0.0 ], [ 3313546.316216939594597, 8460781.307831140235066, 0.0 ], [ 3313520.04481713520363, 8460906.576857447624207, 0.0 ], [ 3313527.280584034975618, 8460930.598223110660911, 0.0 ], [ 3313549.989760148338974, 8460949.680672388523817, 0.0 ], [ 3313690.920235423371196, 8460925.659244304522872, 0.0 ], [ 3313718.304830154869705, 8460998.621768930926919, 0.0 ], [ 3313701.606906546279788, 8461032.072522545233369, 0.0 ], [ 3313748.249773174524307, 8461126.364057417958975, 0.0 ], [ 3313715.96712086442858, 8461181.368011796846986, 0.0 ], [ 3313630.028474017977715, 8461236.147869657725096, 0.0 ], [ 3313589.39685990428552, 8461298.336973991245031, 0.0 ], [ 3313621.568192729726434, 8461321.01255458779633, 0.0 ], [ 3313641.939659535419196, 8461317.420378737151623, 0.0 ] ] ] } },
{ "type": "Feature", "properties": { "fid": 28, "name": "Участок 6 ильичевский доп", "cmt": null, "desc": null, "src": null, "link1_href": null, "link1_text": null, "link1_type": null, "link2_href": null, "link2_text": null, "link2_type": null, "number": null, "type": null, "id": null, "description": "Статистика получена на основе импортированных данных<br><br>четверг, 1 января 1970 г., 03:00 MSK<br>Расстояние: 1,2 км<br>Продолжительность: 0 мин. 0 сек.", "timestamp": null, "begin": null, "end": null, "altitudeMode": null, "tessellate": 1, "extrude": 0, "visibility": -1, "drawOrder": null, "icon": null, "gpxx_TrackExtension": null, "gpxtrkx_TrackStatsExtension": null, "layer": "Трек Тропа Озерная 06.03.2025 — Ленинградская область", "path": "C:/Users/blinc/OneDrive/Рабочий стол/МЛА+ проекты/НЕРАСКРЫТЫЙ ПЕТЕРБУРГ/QGIS/Data/Экомаршруты/Трек Тропа Озерная 06.03.2025.kml|layername=Ленинградская область|geometrytype=LineString25D|uniqueGeometryType=yes" }, "geometry": { "type": "MultiLineString", "coordinates": [ [ [ 3315895.046152009628713, 8460007.964826162904501, 0.0 ], [ 3315863.988014082890004, 8459917.054669203236699, 0.0 ], [ 3315859.757873434107751, 8459906.280206663534045, 0.0 ], [ 3315903.951711256522685, 8459890.343009801581502, 0.0 ], [ 3315918.300793612375855, 8459879.546139745041728, 0.0 ], [ 3315815.552903649397194, 8459772.633291503414512, 0.0 ], [ 3315782.769313622731715, 8459743.385726938024163, 0.0 ], [ 3315614.966313267126679, 8459596.970084318891168, 0.0 ], [ 3315597.600472714751959, 8459636.474860593676567, 0.0 ], [ 3315589.919427860528231, 8459714.587202722206712, 0.0 ], [ 3315644.243339342530817, 8459720.647677782922983, 0.0 ], [ 3315728.400874343700707, 8459733.217567928135395, 0.0 ], [ 3315755.228871612809598, 8459752.296906566247344, 0.0 ], [ 3315766.583459671121091, 8459773.172004459425807, 0.0 ], [ 3315736.749836156144738, 8459801.230025194585323, 0.0 ], [ 3315709.921838889829814, 8459825.247776078060269, 0.0 ], [ 3315702.129474541172385, 8459864.529313618317246, 0.0 ], [ 3315682.425924679264426, 8459862.73358160443604, 0.0 ], [ 3315678.195784034207463, 8459883.608993362635374, 0.0 ], [ 3315697.342736444901675, 8459921.992969825863838, 0.0 ], [ 3315699.791765241883695, 8459943.990894708782434, 0.0 ], [ 3315669.846822235733271, 8459979.232605569064617, 0.0 ], [ 3315653.148898625746369, 8459981.028366066515446, 0.0 ], [ 3315619.085134457331151, 8459956.56116708740592, 0.0 ], [ 3315543.276561261620373, 8459933.889798577874899, 0.0 ], [ 3315523.573011401109397, 8459945.113239593803883, 0.0 ], [ 3315474.592435474041849, 8459933.889798587188125, 0.0 ], [ 3315437.63436454674229, 8459920.646160250529647, 0.0 ], [ 3315371.28794806683436, 8459937.93023538030684, 0.0 ], [ 3315307.390560380648822, 8459946.460053680464625, 0.0 ], [ 3315261.415610706433654, 8459951.1739048846066, 0.0 ], [ 3315235.700808345340192, 8459951.1739048846066, 0.0 ], [ 3315092.432623766828328, 8460019.861794207245111, 0.0 ], [ 3315065.604626501444727, 8460058.022010274231434, 0.0 ], [ 3315046.457674097735435, 8460080.693761937320232, 0.0 ], [ 3315041.670935998670757, 8460116.609551386907697, 0.0 ], [ 3315013.061826881486923, 8460146.464685032144189, 0.0 ], [ 3315005.269462532363832, 8460183.952129961922765, 0.0 ], [ 3314996.92050073063001, 8460211.562765652313828, 0.0 ], [ 3314974.211324622388929, 8460245.009934894740582, 0.0 ], [ 3314934.804224903229624, 8460280.702048592269421, 0.0 ], [ 3314888.161358285229653, 8460305.843767389655113, 0.0 ], [ 3314787.862497133668512, 8460371.616706661880016, 0.0 ], [ 3314729.308445009868592, 8460434.920910950750113, 0.0 ], [ 3314692.906971539836377, 8460460.512127123773098, 0.0 ], [ 3314686.339121587574482, 8460479.593355102464557, 0.0 ], [ 3314651.718759969808161, 8460503.613324332982302, 0.0 ], [ 3314646.932021869346499, 8460520.225311616435647, 0.0 ] ] ] } },
{ "type": "Feature", "properties": { "fid": 29, "name": "Трек 1", "cmt": null, "desc": null, "src": null, "link1_href": null, "link1_text": null, "link1_type": null, "link2_href": null, "link2_text": null, "link2_type": null, "number": null, "type": null, "id": null, "description": "Статистика получена на основе импортированных данных<br><br>Расстояние: 5,8 км", "timestamp": null, "begin": null, "end": null, "altitudeMode": null, "tessellate": 1, "extrude": 0, "visibility": -1, "drawOrder": null, "icon": null, "gpxx_TrackExtension": null, "gpxtrkx_TrackStatsExtension": null, "layer": "Трек Тропа Озерная 06.03.2025 — Санкт-Петербург", "path": "C:/Users/blinc/OneDrive/Рабочий стол/МЛА+ проекты/НЕРАСКРЫТЫЙ ПЕТЕРБУРГ/QGIS/Data/Экомаршруты/Трек Тропа Озерная 06.03.2025.kml|layername=Санкт-Петербург|geometrytype=LineString25D|uniqueGeometryType=yes" }, "geometry": { "type": "MultiLineString", "coordinates": [ [ [ 3313859.376679573208094, 8443454.075834771618247, 0.0 ], [ 3313501.934247574303299, 8443327.556425405666232, 0.0 ], [ 3313279.739430872257799, 8443451.919044844806194, 0.0 ], [ 3313037.758687877096236, 8443500.539918534457684, 0.0 ], [ 3312845.439796101301908, 8443616.636461341753602, 0.0 ], [ 3312698.711801735684276, 8443526.155089236795902, 0.0 ], [ 3312197.342173764016479, 8443376.160799100995064, 0.0 ], [ 3312150.408763263840228, 8443279.066593071445823, 0.0 ], [ 3312134.289701001252979, 8443242.193840533494949, 0.0 ], [ 3312074.287382299546152, 8443266.775655012577772, 0.0 ], [ 3312043.25150827690959, 8443213.726428350433707, 0.0 ], [ 3311792.198226773180068, 8443104.654999073594809, 0.0 ], [ 3311690.354251063428819, 8442880.559968946501613, 0.0 ], [ 3311765.032931417226791, 8442765.113293958827853, 0.0 ], [ 3311642.823054864536971, 8442405.231661185622215, 0.0 ], [ 3312919.412710751406848, 8442086.063497023656964, 0.0 ], [ 3313197.820530708879232, 8442126.817793132737279, 0.0 ], [ 3313503.40589111763984, 8441984.21233332529664, 0.0 ], [ 3313924.402846744284034, 8441800.877077443525195, 0.0 ], [ 3314267.32699073664844, 8441641.287589581683278, 0.0 ], [ 3314613.639700030907989, 8441529.259285319596529, 0.0 ], [ 3314834.316118882037699, 8441437.578846625983715, 0.0 ], [ 3315720.459340164903551, 8441091.260742949321866, 0.0 ], [ 3315666.158805761020631, 8440928.310415595769882, 0.0 ], [ 3315649.166998691856861, 8440897.749655328691006, 0.0 ], [ 3315515.052615823224187, 8440799.284421538934112, 0.0 ], [ 3315514.460396131966263, 8440796.192571869120002, 0.0 ], [ 3315504.875787975266576, 8440748.361979814246297, 0.0 ], [ 3315491.003153034951538, 8440702.20185799151659, 0.0 ], [ 3315508.529293655883521, 8440682.533856505528092, 0.0 ], [ 3315526.801274864003062, 8440678.685337388888001, 0.0 ], [ 3315523.054260801523924, 8440626.445079930126667, 0.0 ], [ 3315548.998381305020303, 8440531.072978070005774, 0.0 ], [ 3315623.461101855617017, 8440504.975715011358261, 0.0 ], [ 3315699.330900761764497, 8440439.355735095217824, 0.0 ], [ 3315773.288230823818594, 8440411.77004144154489, 0.0 ], [ 3315841.102951384615153, 8440369.961861148476601, 0.0 ], [ 3315931.994202377274632, 8440350.167141929268837, 0.0 ], [ 3315850.563994887750596, 8440199.543656190857291, 0.0 ], [ 3316183.124294292647392, 8440064.951795905828476, 0.0 ], [ 3316266.932286112569273, 8440293.648833002895117, 0.0 ], [ 3316375.594580605160445, 8440234.455739237368107, 0.0 ], [ 3316476.336493328679353, 8440160.837218571454287, 0.0 ], [ 3316556.798221230506897, 8440096.303809579461813, 0.0 ], [ 3316703.499498905614018, 8440068.782084699720144, 0.0 ], [ 3316756.764762027189136, 8440040.174733184278011, 0.0 ], [ 3316838.8205850366503, 8439988.704614728689194, 0.0 ], [ 3316920.604788491502404, 8439944.143137423321605, 0.0 ], [ 3317013.297188848257065, 8439959.054390395060182, 0.0 ], [ 3317161.330960824619979, 8439903.812838014215231, 0.0 ], [ 3317172.12672504177317, 8439966.728291258215904, 0.0 ], [ 3317196.848557555582374, 8440071.631856672465801, 0.0 ], [ 3317274.737692028749734, 8440017.618455605581403, 0.0 ], [ 3317307.796241198200732, 8440082.766797287389636, 0.0 ], [ 3317340.103383800014853, 8440067.091921899467707, 0.0 ], [ 3317351.608253163285553, 8440012.581582909449935, 0.0 ], [ 3317338.248801075387746, 8439961.237018894404173, 0.0 ], [ 3317291.465671892743558, 8439930.926522908732295, 0.0 ], [ 3317251.291580871213228, 8439831.930269170552492, 0.0 ], [ 3317218.1150330347009, 8439729.823800561949611, 0.0 ], [ 3317182.031933303456753, 8439689.946856116876006, 0.0 ], [ 3317128.832348667550832, 8439572.985582832247019, 0.0 ], [ 3317070.612255000509322, 8439473.051763532683253, 0.0 ], [ 3317036.793393707834184, 8439402.167266380041838, 0.0 ], [ 3316979.559590735472739, 8439368.176884857937694, 0.0 ], [ 3316857.327450312208384, 8439320.695819476619363, 0.0 ], [ 3316736.784026567824185, 8439306.925203915685415, 0.0 ] ] ] } },
{ "type": "Feature", "properties": { "fid": 30, "name": "Трек 2", "cmt": null, "desc": null, "src": null, "link1_href": null, "link1_text": null, "link1_type": null, "link2_href": null, "link2_text": null, "link2_type": null, "number": null, "type": null, "id": null, "description": "Статистика получена на основе импортированных данных<br><br>Расстояние: 3,1 км", "timestamp": null, "begin": null, "end": null, "altitudeMode": null, "tessellate": 1, "extrude": 0, "visibility": -1, "drawOrder": null, "icon": null, "gpxx_TrackExtension": null, "gpxtrkx_TrackStatsExtension": null, "layer": "Трек Тропа Озерная 06.03.2025 — Санкт-Петербург", "path": "C:/Users/blinc/OneDrive/Рабочий стол/МЛА+ проекты/НЕРАСКРЫТЫЙ ПЕТЕРБУРГ/QGIS/Data/Экомаршруты/Трек Тропа Озерная 06.03.2025.kml|layername=Санкт-Петербург|geometrytype=LineString25D|uniqueGeometryType=yes" }, "geometry": { "type": "MultiLineString", "coordinates": [ [ [ 3315014.654807720333338, 8448458.769092341884971, 0.0 ], [ 3314930.587441499810666, 8448371.282784497365355, 0.0 ], [ 3314899.621698746923357, 8448224.315930990502238, 0.0 ], [ 3314739.74798571318388, 8448040.464147787541151, 0.0 ], [ 3314597.904690613038838, 8448062.209143068641424, 0.0 ], [ 3314415.915134380571544, 8448185.851831054314971, 0.0 ], [ 3314169.152106051333249, 8448076.139599522575736, 0.0 ], [ 3314127.724557566456497, 8448013.372075848281384, 0.0 ], [ 3314190.189263389911503, 8447829.65778829716146, 0.0 ], [ 3314121.643173760268837, 8447727.948857406154275, 0.0 ], [ 3314017.668543008621782, 8447617.282104061916471, 0.0 ], [ 3313778.08562182681635, 8447459.549454007297754, 0.0 ], [ 3313759.506398815196007, 8447380.68663933314383, 0.0 ], [ 3313852.258911689277738, 8447295.67359397560358, 0.0 ], [ 3313920.245064251124859, 8447116.156288640573621, 0.0 ], [ 3313984.031132428441197, 8446933.336067609488964, 0.0 ], [ 3313956.4895772151649, 8446841.590438654646277, 0.0 ], [ 3313931.817838473711163, 8446743.946293970569968, 0.0 ], [ 3313942.614715877454728, 8446681.268569719046354, 0.0 ], [ 3314134.803363841027021, 8446471.861224234104156, 0.0 ], [ 3314227.4345384654589, 8446357.025808814913034, 0.0 ], [ 3314184.476346983574331, 8446306.436776680871844, 0.0 ], [ 3314156.933678581845015, 8446276.93805804848671, 0.0 ], [ 3314162.022092499304563, 8446224.32864416949451, 0.0 ], [ 3314151.831906311679631, 8446183.571786757558584, 0.0 ], [ 3314131.462665889877826, 8446100.389604009687901, 0.0 ], [ 3314092.41067533288151, 8445986.65556257031858, 0.0 ], [ 3313783.89538590144366, 8445852.027148589491844, 0.0 ], [ 3313797.977301477920264, 8445828.426934789866209, 0.0 ], [ 3313881.905518325977027, 8445804.248780293390155, 0.0 ], [ 3313989.321034524124116, 8445795.363462917506695, 0.0 ], [ 3314050.945278204977512, 8445774.131496153771877, 0.0 ], [ 3314153.01300606271252, 8445667.930016072466969, 0.0 ], [ 3314215.144866626244038, 8445677.030251545831561, 0.0 ], [ 3314316.132795430254191, 8445675.919045422226191, 0.0 ], [ 3314439.512639803346246, 8445712.286489296704531, 0.0 ], [ 3314639.288824274204671, 8445703.125720890238881, 0.0 ], [ 3314779.367705429904163, 8445490.347740273922682, 0.0 ], [ 3314812.344991345889866, 8445269.551479762420058, 0.0 ], [ 3314665.800674113444984, 8444860.063539417460561, 0.0 ], [ 3314504.592240361496806, 8444439.237336870282888, 0.0 ] ] ] } },
{ "type": "Feature", "properties": { "fid": 31, "name": "Трек 3", "cmt": null, "desc": null, "src": null, "link1_href": null, "link1_text": null, "link1_type": null, "link2_href": null, "link2_text": null, "link2_type": null, "number": null, "type": null, "id": null, "description": "Статистика получена на основе импортированных данных<br><br>Расстояние: 3,1 км", "timestamp": null, "begin": null, "end": null, "altitudeMode": null, "tessellate": 1, "extrude": 0, "visibility": -1, "drawOrder": null, "icon": null, "gpxx_TrackExtension": null, "gpxtrkx_TrackStatsExtension": null, "layer": "Трек Тропа Озерная 06.03.2025 — Санкт-Петербург", "path": "C:/Users/blinc/OneDrive/Рабочий стол/МЛА+ проекты/НЕРАСКРЫТЫЙ ПЕТЕРБУРГ/QGIS/Data/Экомаршруты/Трек Тропа Озерная 06.03.2025.kml|layername=Санкт-Петербург|geometrytype=LineString25D|uniqueGeometryType=yes" }, "geometry": { "type": "MultiLineString", "coordinates": [ [ [ 3313437.668393184896559, 8452189.31596015766263, 0.0 ], [ 3313346.152639818843454, 8451881.384423414245248, 0.0 ], [ 3313241.278547568246722, 8451627.142660986632109, 0.0 ], [ 3313066.351099780760705, 8451224.127290166914463, 0.0 ], [ 3313016.34638454252854, 8451234.19399743154645, 0.0 ], [ 3312900.640905868262053, 8451246.480331452563405, 0.0 ], [ 3312744.281549180857837, 8451325.579703604802489, 0.0 ], [ 3312660.424576798919588, 8451269.393950868397951, 0.0 ], [ 3312596.115306995809078, 8451238.431435152888298, 0.0 ], [ 3312533.130739130079746, 8451179.802553910762072, 0.0 ], [ 3312525.505354011431336, 8451152.53972296975553, 0.0 ], [ 3312489.705005779396743, 8451051.358735570684075, 0.0 ], [ 3312460.928917414974421, 8450959.797084139660001, 0.0 ], [ 3312434.624121746513993, 8450891.328367566689849, 0.0 ], [ 3312499.656968225724995, 8450770.736197162419558, 0.0 ], [ 3312550.930725655052811, 8450698.345975013449788, 0.0 ], [ 3312575.254034379031509, 8450668.977584064006805, 0.0 ], [ 3312655.526519141159952, 8450555.338709942996502, 0.0 ], [ 3312824.264603191055357, 8450379.828502591699362, 0.0 ], [ 3313024.394783650524914, 8450447.395737167447805, 0.0 ], [ 3313115.821481396444142, 8450457.909738944843411, 0.0 ], [ 3313245.486424214672297, 8450490.976260524243116, 0.0 ], [ 3313371.967629594728351, 8450505.43590484932065, 0.0 ], [ 3313502.200301811564714, 8450485.102738689631224, 0.0 ], [ 3313573.890053846407682, 8450445.490216029807925, 0.0 ], [ 3313639.323650498408824, 8450407.604075530543923, 0.0 ], [ 3313699.425043546129018, 8450353.016991723328829, 0.0 ], [ 3313787.244989780243486, 8450242.745594132691622, 0.0 ], [ 3313880.998264875262976, 8450165.361572187393904, 0.0 ], [ 3313937.236871590372175, 8450093.380816368386149, 0.0 ], [ 3313995.423569400794804, 8450088.247366791591048, 0.0 ], [ 3314088.531191453337669, 8450066.099599245935678, 0.0 ], [ 3314124.342671621125191, 8450001.382770335301757, 0.0 ], [ 3314230.975611795205623, 8449939.244390951469541, 0.0 ], [ 3314440.979831060394645, 8449776.8173285163939, 0.0 ], [ 3314476.613200045656413, 8449746.354248099029064, 0.0 ], [ 3314542.33622734900564, 8449411.313527632504702, 0.0 ], [ 3314562.017513310071081, 8449408.287538681179285, 0.0 ], [ 3314687.541371055413038, 8449255.622409675270319, 0.0 ], [ 3314700.832918241154402, 8449134.519146248698235, 0.0 ], [ 3314632.415959218051285, 8448984.235528349876404, 0.0 ], [ 3314605.48777440097183, 8448926.924598718062043, 0.0 ], [ 3314584.693293525371701, 8448856.121451063081622, 0.0 ], [ 3314589.524559418670833, 8448818.960717763751745, 0.0 ], [ 3314592.441130069550127, 8448742.42095754109323, 0.0 ], [ 3314597.038625033106655, 8448700.554158056154847, 0.0 ], [ 3314601.714043640997261, 8448657.656624831259251, 0.0 ], [ 3314717.219147231895477, 8448644.141936607658863, 0.0 ], [ 3314817.028202629648149, 8448638.000942204147577, 0.0 ], [ 3314838.646447728853673, 8448626.167215652763844, 0.0 ], [ 3314955.108898940961808, 8448587.34914037771523, 0.0 ], [ 3315003.710988593287766, 8448532.641104118898511, 0.0 ], [ 3315022.434926931746304, 8448502.160768989473581, 0.0 ], [ 3315014.653694525826722, 8448458.771333526819944, 0.0 ] ] ] } },
{ "type": "Feature", "properties": { "fid": 32, "name": "Трек 4", "cmt": null, "desc": null, "src": null, "link1_href": null, "link1_text": null, "link1_type": null, "link2_href": null, "link2_text": null, "link2_type": null, "number": null, "type": null, "id": null, "description": "Статистика получена на основе импортированных данных<br><br>Расстояние: 1,0 км", "timestamp": null, "begin": null, "end": null, "altitudeMode": null, "tessellate": 1, "extrude": 0, "visibility": -1, "drawOrder": null, "icon": null, "gpxx_TrackExtension": null, "gpxtrkx_TrackStatsExtension": null, "layer": "Трек Тропа Озерная 06.03.2025 — Санкт-Петербург", "path": "C:/Users/blinc/OneDrive/Рабочий стол/МЛА+ проекты/НЕРАСКРЫТЫЙ ПЕТЕРБУРГ/QGIS/Data/Экомаршруты/Трек Тропа Озерная 06.03.2025.kml|layername=Санкт-Петербург|geometrytype=LineString25D|uniqueGeometryType=yes" }, "geometry": { "type": "MultiLineString", "coordinates": [ [ [ 3316253.940189196262509, 8449552.146673314273357, 0.0 ], [ 3316311.002560125663877, 8449294.981960274279118, 0.0 ], [ 3316334.780403337441385, 8449162.581394160166383, 0.0 ], [ 3316287.258112725801766, 8449036.996943486854434, 0.0 ], [ 3316148.064221488777548, 8448863.85395528562367, 0.0 ], [ 3315937.581328380852938, 8448700.890346527099609, 0.0 ], [ 3315822.165280368179083, 8448551.534492924809456, 0.0 ], [ 3315602.38720978749916, 8448442.814126204699278, 0.0 ], [ 3315520.033050545491278, 8448524.37105948664248, 0.0 ], [ 3315424.988469358999282, 8448616.03684363886714, 0.0 ], [ 3315367.269313409458846, 8448609.223503971472383, 0.0 ], [ 3315194.134109456092119, 8448558.325367009267211, 0.0 ], [ 3315169.432314459700137, 8448537.952763682231307, 0.0 ], [ 3315142.782428374048322, 8448521.74885218963027, 0.0 ], [ 3315117.601959566120058, 8448507.158638801425695, 0.0 ], [ 3315091.976212796755135, 8448486.696529649198055, 0.0 ], [ 3315075.200365540571511, 8448476.476702384650707, 0.0 ], [ 3315058.769608707167208, 8448468.206720985472202, 0.0 ], [ 3315048.851042080670595, 8448462.626169692724943, 0.0 ], [ 3315028.602026714943349, 8448459.667806873098016, 0.0 ], [ 3315014.653694525826722, 8448458.771333526819944, 0.0 ] ] ] } },
{ "type": "Feature", "properties": { "fid": 33, "name": "Трек 5", "cmt": null, "desc": null, "src": null, "link1_href": null, "link1_text": null, "link1_type": null, "link2_href": null, "link2_text": null, "link2_type": null, "number": null, "type": null, "id": null, "description": "Статистика получена на основе импортированных данных<br><br>Расстояние: 0,8 км", "timestamp": null, "begin": null, "end": null, "altitudeMode": null, "tessellate": 1, "extrude": 0, "visibility": -1, "drawOrder": null, "icon": null, "gpxx_TrackExtension": null, "gpxtrkx_TrackStatsExtension": null, "layer": "Трек Тропа Озерная 06.03.2025 — Санкт-Петербург", "path": "C:/Users/blinc/OneDrive/Рабочий стол/МЛА+ проекты/НЕРАСКРЫТЫЙ ПЕТЕРБУРГ/QGIS/Data/Экомаршруты/Трек Тропа Озерная 06.03.2025.kml|layername=Санкт-Петербург|geometrytype=LineString25D|uniqueGeometryType=yes" }, "geometry": { "type": "MultiLineString", "coordinates": [ [ [ 3313859.378905962686986, 8443452.68724718503654, 0.0 ], [ 3313956.018695461098105, 8443454.478973150253296, 0.0 ], [ 3314025.893939798232168, 8443463.795955237001181, 0.0 ], [ 3314125.156416497658938, 8443471.592217829078436, 0.0 ], [ 3314261.435963456984609, 8443501.753820670768619, 0.0 ], [ 3314355.573290801607072, 8443494.631666701287031, 0.0 ], [ 3314439.648449378088117, 8443513.427001127973199, 0.0 ], [ 3314497.276323347818106, 8443533.857351234182715, 0.0 ], [ 3314444.829258485231549, 8443587.076865769922733, 0.0 ], [ 3314416.637597459834069, 8443644.343930592760444, 0.0 ], [ 3314380.595685949549079, 8443717.497885202988982, 0.0 ], [ 3314441.358316792640835, 8443883.428499234840274, 0.0 ], [ 3314463.101239736191928, 8444038.607160164043307, 0.0 ], [ 3314420.926737495232373, 8444256.734559467062354, 0.0 ], [ 3314511.43059667898342, 8444444.664756670594215, 0.0 ] ] ] } },
{ "type": "Feature", "properties": { "fid": 34, "name": "ТОКСОВО-22 12:07:19", "cmt": null, "desc": null, "src": null, "link1_href": null, "link1_text": null, "link1_type": null, "link2_href": null, "link2_text": null, "link2_type": null, "number": null, "type": null, "id": null, "description": null, "timestamp": null, "begin": null, "end": null, "altitudeMode": null, "tessellate": null, "extrude": null, "visibility": null, "drawOrder": null, "icon": null, "gpxx_TrackExtension": "<gpxx:DisplayColor>Black</gpxx:DisplayColor>", "gpxtrkx_TrackStatsExtension": "<gpxtrkx:Distance>3868</gpxtrkx:Distance><gpxtrkx:TotalElapsedTime>6003</gpxtrkx:TotalElapsedTime><gpxtrkx:MovingTime>3804</gpxtrkx:MovingTime><gpxtrkx:StoppedTime>2197</gpxtrkx:StoppedTime><gpxtrkx:MovingSpeed>1</gpxtrkx:MovingSpeed><gpxtrkx:MaxSpeed>39</gpxtrkx:MaxSpeed><gpxtrkx:MaxElevation>496</gpxtrkx:MaxElevation><gpxtrkx:MinElevation>-310</gpxtrkx:MinElevation><gpxtrkx:Ascent>68403</gpxtrkx:Ascent><gpxtrkx:Descent>79677</gpxtrkx:Descent><gpxtrkx:AvgAscentRate>0</gpxtrkx:AvgAscentRate><gpxtrkx:MaxAscentRate>5</gpxtrkx:MaxAscentRate><gpxtrkx:AvgDescentRate>0</gpxtrkx:AvgDescentRate><gpxtrkx:MaxDescentRate>-5</gpxtrkx:MaxDescentRate>", "layer": "Трек_ТОКСОВО-22 120719 — tracks", "path": "C:/Users/blinc/OneDrive/Рабочий стол/МЛА+ проекты/НЕРАСКРЫТЫЙ ПЕТЕРБУРГ/QGIS/Data/Экомаршруты/Трек_ТОКСОВО-22 120719.gpx|layername=tracks" }, "geometry": { "type": "MultiLineString", "coordinates": [ [ [ 3398873.439953109249473, 8437218.574152510613203, 110.21 ], [ 3398859.985100222751498, 8437227.952493436634541, 108.77 ], [ 3398831.843733339104801, 8437236.936955045908689, 108.29 ], [ 3398806.772168393712491, 8437253.086515067145228, 104.44 ], [ 3398787.494949915912002, 8437255.281050926074386, 104.44 ], [ 3398761.994170407764614, 8437245.996459959074855, 106.36 ], [ 3398746.691836988087744, 8437237.931059535592794, 110.21 ], [ 3398736.045519192237407, 8437233.879610182717443, 111.17 ], [ 3398724.28884513489902, 8437226.789573591202497, 107.81 ], [ 3398724.260859415866435, 8437219.005547653883696, 106.84 ], [ 3398707.493606023024768, 8437206.851237585768104, 107.32 ], [ 3398693.926776858512312, 8437199.930020771920681, 105.88 ], [ 3398678.139246305450797, 8437184.849706511944532, 103.96 ], [ 3398680.164003126323223, 8437180.366893505677581, 102.52 ], [ 3398671.262529292609543, 8437180.685750098899007, 103.48 ], [ 3398668.342017925344408, 8437179.203981189057231, 103.48 ], [ 3398663.639348302036524, 8437175.959092484787107, 105.4 ], [ 3398659.692471229936928, 8437169.206742508336902, 108.77 ], [ 3398645.789735502097756, 8437168.43771954625845, 112.13 ], [ 3398638.670419923961163, 8437170.913581717759371, 113.09 ], [ 3398621.473951972555369, 8437168.606534916907549, 116.46 ], [ 3398609.446693631354719, 8437162.64194386638701, 114.53 ], [ 3398617.536403473932296, 8437161.216457787901163, 116.94 ], [ 3398599.910720962099731, 8437155.083057668060064, 114.05 ], [ 3398593.715145648922771, 8437150.000056745484471, 113.57 ], [ 3398580.736150189768523, 8437143.060141218826175, 112.13 ], [ 3398563.446385370567441, 8437140.753103159368038, 109.25 ], [ 3398533.1309599657543, 8437136.082750212401152, 108.77 ], [ 3398511.343798669055104, 8437124.228656809777021, 109.25 ], [ 3398497.441062941215932, 8437127.623584929853678, 102.52 ], [ 3398490.443041077349335, 8437116.332204123958945, 102.04 ], [ 3398481.737511811777949, 8437114.062678759917617, 102.52 ], [ 3398458.429447971284389, 8437106.428833970800042, 106.84 ], [ 3398434.626847294159234, 8437111.455548336729407, 101.08 ], [ 3398407.745127241127193, 8437130.362031195312738, 100.11 ], [ 3398392.452122397720814, 8437153.788861209526658, 104.44 ], [ 3398376.048761290498078, 8437164.53634911775589, 110.21 ], [ 3398370.142438544426113, 8437175.02127568423748, 112.13 ], [ 3398355.735848540440202, 8437189.576369864866138, 113.57 ], [ 3398340.162919706199318, 8437220.993751935660839, 109.73 ], [ 3398335.292302366346121, 8437226.058071883395314, 113.09 ], [ 3398330.449670748785138, 8437220.449819765985012, 116.46 ], [ 3398333.771399825345725, 8437226.451962588354945, 115.98 ], [ 3398331.280103020835668, 8437246.27781443670392, 115.01 ], [ 3398329.134041350800544, 8437255.07472856529057, 115.5 ], [ 3398320.727093221154064, 8437246.840501017868519, 109.25 ], [ 3398291.522024073638022, 8437239.244023308157921, 106.36 ], [ 3398253.676736806053668, 8437238.531272808089852, 107.81 ], [ 3398232.831972923595458, 8437239.131486114114523, 103.0 ], [ 3398206.155526008456945, 8437238.718842260539532, 103.48 ], [ 3398192.010191716719419, 8437243.651862287893891, 107.81 ], [ 3398190.246690608095378, 8437240.594514625146985, 109.73 ], [ 3398185.105488983448595, 8437240.932126311585307, 114.05 ], [ 3398175.784118031151593, 8437238.812626985833049, 112.61 ], [ 3398156.441599543206394, 8437252.430020766332746, 111.65 ], [ 3398139.991584439296275, 8437280.696521788835526, 105.88 ], [ 3398128.197596092242748, 8437289.39969172142446, 104.44 ], [ 3398113.436442377511412, 8437303.542387226596475, 104.92 ], [ 3398107.670070493593812, 8437305.680657835677266, 104.44 ], [ 3398100.046900637913495, 8437323.387199636548758, 100.11 ], [ 3398095.754777298308909, 8437334.097430042922497, 102.04 ], [ 3398081.833384425379336, 8437357.131011497229338, 105.88 ], [ 3398072.306751465424895, 8437382.71565468236804, 106.36 ], [ 3398060.326135992538184, 8437404.136281559243798, 108.29 ], [ 3398053.906630391255021, 8437403.761156603693962, 108.77 ], [ 3398037.596577284391969, 8437414.90291072614491, 109.73 ], [ 3398045.816909418441355, 8437426.28851480782032, 109.25 ], [ 3398031.233043126296252, 8437446.377514651045203, 109.73 ], [ 3398029.030998882837594, 8437453.205153623595834, 111.65 ], [ 3398025.130775812547654, 8437458.36342104524374, 112.61 ], [ 3398022.667464726604521, 8437471.737364493310452, 111.65 ], [ 3398023.591204992029816, 8437481.34113253839314, 112.13 ], [ 3398026.418408362194896, 8437480.121890980750322, 114.05 ], [ 3398024.673564400523901, 8437480.740899467840791, 114.53 ], [ 3398018.571297087240964, 8437486.930808180943131, 114.53 ], [ 3398010.332296676002443, 8437501.899200826883316, 114.53 ], [ 3398003.045022249687463, 8437518.124377960339189, 114.53 ], [ 3397995.347201541531831, 8437525.195942295715213, 115.5 ], [ 3397994.078226139768958, 8437527.859501430764794, 115.5 ], [ 3397997.315975791309029, 8437534.668462842702866, 115.5 ], [ 3398002.830420536920428, 8437554.551428038626909, 116.46 ], [ 3398002.447859979700297, 8437584.132115943357348, 115.98 ], [ 3398002.737112544942647, 8437592.723102457821369, 115.5 ], [ 3398007.626398164778948, 8437621.065925560891628, 115.98 ], [ 3398009.380559572018683, 8437652.710238540545106, 115.98 ], [ 3398002.671790272928774, 8437656.536831513047218, 115.98 ], [ 3398002.027973999269307, 8437652.84155797958374, 116.94 ], [ 3397997.707864938303828, 8437651.622287981212139, 116.94 ], [ 3397998.762238625902683, 8437648.077067406848073, 116.94 ], [ 3397985.036790319252759, 8437643.912848642095923, 117.42 ], [ 3397981.108570394106209, 8437642.712355997413397, 117.42 ], [ 3397962.111275911331177, 8437644.982044566422701, 117.9 ], [ 3397953.555037213489413, 8437639.073349891230464, 117.9 ], [ 3397934.445777584332973, 8437629.450622342526913, 116.94 ], [ 3397910.036686055362225, 8437619.340228402987123, 117.42 ], [ 3397891.944474690593779, 8437606.228608915582299, 117.9 ], [ 3397886.308736227452755, 8437594.617618519812822, 115.5 ], [ 3397891.01140584750101, 8437583.644416956230998, 113.57 ], [ 3397894.920968627091497, 8437577.379368722438812, 113.57 ], [ 3397901.22850908478722, 8437580.21177157945931, 115.5 ], [ 3397892.364360673818737, 8437576.441500706598163, 117.42 ], [ 3397876.408871275372803, 8437576.366465009748936, 121.26 ], [ 3397854.92961968947202, 8437581.693621315062046, 124.15 ], [ 3397850.712147197686136, 8437562.560893535614014, 125.59 ], [ 3397837.350591172464192, 8437540.652108954265714, 126.55 ], [ 3397826.862903650850058, 8437520.60035789757967, 127.03 ], [ 3397821.180511189159006, 8437511.840632405132055, 127.51 ], [ 3397814.163821050431579, 8437501.130165454000235, 128.95 ], [ 3397815.806028439197689, 8437500.492402117699385, 129.43 ], [ 3397800.70896815834567, 8437476.370424522086978, 130.4 ], [ 3397796.547478238120675, 8437457.463051900267601, 131.36 ], [ 3397793.459019153378904, 8437442.776111707091331, 131.36 ], [ 3397792.012767461128533, 8437428.576889520511031, 131.36 ], [ 3397791.714186323340982, 8437426.663663301616907, 131.84 ], [ 3397783.176593637093902, 8437400.910068858414888, 132.8 ], [ 3397780.004166260827333, 8437391.531507305800915, 133.28 ], [ 3397778.473935145884752, 8437376.375766390934587, 133.76 ], [ 3397774.778974077664316, 8437360.300969062373042, 133.76 ], [ 3397769.805720169562846, 8437355.555420823395252, 133.76 ], [ 3397760.764273205306381, 8437323.162122678011656, 133.28 ], [ 3397758.496917816344649, 8437319.2419174592942, 132.8 ], [ 3397753.057123922742903, 8437307.612627623602748, 132.32 ], [ 3397750.603152539115399, 8437304.255144041031599, 131.84 ], [ 3397751.368273662868887, 8437289.774833239614964, 132.32 ], [ 3397740.84324958268553, 8437283.43502507545054, 132.32 ], [ 3397756.360184714663774, 8437253.499159775674343, 133.28 ], [ 3397762.266518592834473, 8437239.244023330509663, 134.24 ], [ 3397766.269389368593693, 8437237.987339364364743, 135.2 ], [ 3397776.523818027693778, 8437223.244557909667492, 137.13 ], [ 3397786.554305268451571, 8437209.008254900574684, 139.05 ], [ 3397788.663041512016207, 8437199.967547934502363, 140.49 ], [ 3397788.205841231625527, 8437203.324983889237046, 140.49 ], [ 3397797.788456764537841, 8437185.374906139448285, 140.97 ], [ 3397799.439992728177458, 8437182.167519358918071, 140.97 ], [ 3397803.713447790127248, 8437175.752772362902761, 141.45 ], [ 3397823.961049396079034, 8437157.821514192968607, 141.93 ], [ 3397825.659239357803017, 8437156.077151127159595, 142.41 ], [ 3397833.907568344380707, 8437142.703781846910715, 142.89 ], [ 3397846.037474387791008, 8437125.897981243208051, 143.85 ], [ 3397854.938948220573366, 8437123.834771614521742, 143.85 ], [ 3397862.179568646941334, 8437118.151588819921017, 142.89 ], [ 3397875.251872105523944, 8437103.727900905534625, 144.34 ], [ 3397876.595487225800753, 8437094.255935547873378, 143.85 ], [ 3397874.608044697437435, 8437088.685310509055853, 143.85 ], [ 3397872.788561016321182, 8437077.112641511484981, 143.85 ], [ 3397886.000826469156891, 8437066.646628975868225, 142.89 ], [ 3397903.579843847081065, 8437055.242807421833277, 141.93 ], [ 3397906.640317209530622, 8437052.579419499263167, 142.41 ], [ 3397917.93045128043741, 8437046.502410700544715, 141.93 ], [ 3397922.903705188073218, 8437047.421459130942822, 140.97 ], [ 3397929.127277354244143, 8437043.201302267611027, 141.45 ], [ 3397950.345273226033896, 8437025.720525454729795, 141.45 ], [ 3397955.001288847066462, 8437024.38882552459836, 141.45 ], [ 3397959.116124767810106, 8437019.887358449399471, 141.93 ], [ 3397960.637027309276164, 8437009.327623195946217, 144.34 ], [ 3397968.381502015981823, 8437014.429301140829921, 145.78 ], [ 3397974.269167618826032, 8437016.229886310175061, 145.78 ], [ 3397969.491858277004212, 8437013.641542475670576, 146.26 ], [ 3397967.299142609350383, 8437017.655366661027074, 146.74 ], [ 3397968.820045149885118, 8437008.614894978702068, 146.74 ], [ 3397966.347416621632874, 8437010.903139691799879, 147.22 ], [ 3397967.205834611319005, 8437012.516182692721486, 146.74 ], [ 3397974.940980743616819, 8437016.605013865977526, 146.26 ], [ 3397967.737685743253678, 8437017.617862848564982, 140.97 ], [ 3397962.232580699026585, 8436998.599136389791965, 126.55 ], [ 3397935.248212943319231, 8436988.226994771510363, 117.42 ], [ 3397939.857574568130076, 8436985.376068130135536, 113.09 ], [ 3397945.577292453031987, 8436974.347498036921024, 109.25 ], [ 3397935.565462357364595, 8436957.842199802398682, 103.48 ], [ 3397922.297214331105351, 8436940.305348429828882, 98.67 ], [ 3397900.864616740494967, 8436915.810086200013757, 97.71 ], [ 3397881.335482256021351, 8436903.600022481754422, 92.42 ], [ 3397872.07010500645265, 8436900.205197798088193, 89.54 ], [ 3397848.603410892188549, 8436896.660339528694749, 83.77 ], [ 3397827.600027864798903, 8436892.7966388463974, 80.41 ], [ 3397822.057597399223596, 8436884.544065445661545, 81.37 ], [ 3397807.109827688895166, 8436870.364672819152474, 80.41 ], [ 3397805.710218863561749, 8436870.721041405573487, 80.89 ], [ 3397806.727267126087099, 8436864.756692005321383, 81.37 ], [ 3397804.805146873928607, 8436853.709551349282265, 80.89 ], [ 3397794.532049936708063, 8436858.004627829417586, 80.41 ], [ 3397782.486123315058649, 8436857.573253871873021, 80.41 ], [ 3397770.496190395671874, 8436852.828030100092292, 79.45 ], [ 3397760.773612866643816, 8436847.313842389732599, 80.41 ], [ 3397746.395008581224829, 8436843.168828597292304, 78.0 ], [ 3397740.600650977343321, 8436840.993167193606496, 77.04 ], [ 3397720.502339937258512, 8436837.692173406481743, 77.04 ], [ 3397716.004943456035107, 8436835.122643861919641, 78.0 ], [ 3397713.606954646296799, 8436831.784127468243241, 78.97 ], [ 3397711.544872398488224, 8436822.312512436881661, 82.81 ], [ 3397705.731857647653669, 8436816.779596226289868, 85.69 ], [ 3397705.48925907863304, 8436812.91591514274478, 85.21 ], [ 3397709.268188434187323, 8436789.246336869895458, 83.77 ], [ 3397718.141676547471434, 8436773.829274673014879, 83.29 ], [ 3397726.968510661274195, 8436764.639070324599743, 82.81 ], [ 3397728.545395776163787, 8436764.901632726192474, 83.29 ], [ 3397727.93890492618084, 8436759.856404034420848, 84.73 ], [ 3397733.070777975488454, 8436751.922840213403106, 84.73 ], [ 3397738.98644042853266, 8436748.265501372516155, 86.18 ], [ 3397751.881456464994699, 8436739.956836586818099, 88.1 ], [ 3397755.483109533786774, 8436733.148611100390553, 94.83 ], [ 3397744.230289754457772, 8436736.093218253925443, 103.96 ], [ 3397727.108472653664649, 8436723.677123136818409, 103.96 ], [ 3397732.893501681275666, 8436707.17236521653831, 98.19 ], [ 3397727.873582645319402, 8436709.62932095490396, 95.79 ], [ 3397718.468254528474063, 8436701.470753379166126, 95.31 ], [ 3397698.155330642592162, 8436681.083704831078649, 97.71 ], [ 3397685.176346314139664, 8436671.349702481180429, 101.56 ], [ 3397683.338194354437292, 8436672.58753857947886, 101.08 ], [ 3397685.390948028303683, 8436670.561980571597815, 101.08 ], [ 3397689.45912994723767, 8436649.18099270015955, 102.52 ], [ 3397681.957253806293011, 8436644.923562489449978, 102.52 ], [ 3397682.731703503988683, 8436651.544151814654469, 103.96 ], [ 3397683.384848350659013, 8436657.452052924782038, 104.92 ], [ 3397682.526430362835526, 8436645.073592510074377, 107.32 ], [ 3397682.274492089170963, 8436638.528035145252943, 107.81 ], [ 3397673.820889961905777, 8436621.5170822981745, 107.32 ], [ 3397679.279341000597924, 8436604.056058872491121, 105.4 ], [ 3397684.560515750199556, 8436575.717133557423949, 106.84 ], [ 3397694.917580978479236, 8436545.727897480130196, 104.92 ], [ 3397697.222261788789183, 8436538.61977375857532, 103.96 ], [ 3397712.795190626289696, 8436521.740351287648082, 99.15 ], [ 3397695.178847819566727, 8436516.357688650488853, 96.27 ], [ 3397701.010530848521739, 8436499.196991404518485, 95.31 ], [ 3397715.538414570968598, 8436492.80159081146121, 92.9 ], [ 3397733.462667085696012, 8436480.948556859046221, 92.42 ], [ 3397732.828190516214818, 8436479.223104901611805, 92.42 ], [ 3397757.489209179300815, 8436446.233518784865737, 92.42 ], [ 3397758.804827449377626, 8436445.839669873937964, 92.9 ], [ 3397766.381354440003633, 8436437.606348538771272, 92.9 ], [ 3397771.168003484141082, 8436418.007726376876235, 93.87 ], [ 3397775.973309675697237, 8436398.390406124293804, 92.42 ], [ 3397779.192391048185527, 8436390.776054654270411, 92.9 ], [ 3397783.45651753526181, 8436385.487261729314923, 92.42 ], [ 3397792.749891637358814, 8436384.24947396107018, 95.31 ], [ 3397807.744315345771611, 8436381.061186915263534, 94.83 ], [ 3397818.801179423928261, 8436388.22543159686029, 99.15 ], [ 3397818.241342573892325, 8436390.307185122743249, 97.71 ], [ 3397820.275427967775613, 8436377.985447645187378, 93.87 ], [ 3397815.162212062627077, 8436384.043153647333384, 90.5 ], [ 3397816.832405172754079, 8436372.977984961122274, 88.1 ], [ 3397836.389536507893354, 8436372.771687330678105, 92.9 ], [ 3397832.116081447806209, 8436383.274235175922513, 103.96 ], [ 3397839.300708170514554, 8436374.759662779048085, 103.96 ], [ 3397825.006094442680478, 8436368.064299309626222, 103.96 ], [ 3397835.76437738025561, 8436372.584139978513122, 101.56 ], [ 3397840.998898134101182, 8436375.284804506227374, 104.92 ], [ 3397833.077136006671935, 8436373.053008381277323, 101.56 ], [ 3397831.808160601649433, 8436367.089062666520476, 96.75 ], [ 3397836.482844504993409, 8436358.349483944475651, 95.79 ], [ 3397817.634840589016676, 8436356.699084019288421, 94.83 ], [ 3397819.70626253914088, 8436340.964086195454001, 91.94 ], [ 3397814.816976922564209, 8436354.673590652644634, 89.06 ], [ 3397822.486800778657198, 8436342.970825592055917, 87.14 ], [ 3397808.080210774205625, 8436360.862573811784387, 91.46 ], [ 3397829.951362625230104, 8436340.063876233994961, 92.42 ], [ 3397839.132760449312627, 8436318.421302927657962, 90.5 ], [ 3397820.555351951159537, 8436312.007287099957466, 89.54 ], [ 3397806.801906797103584, 8436331.193033795803785, 91.94 ], [ 3397825.164713579230011, 8436330.105278763920069, 92.9 ], [ 3397825.369986720848829, 8436333.931183446198702, 92.9 ], [ 3397836.268231655005366, 8436325.622986860573292, 95.31 ], [ 3397848.957974548451602, 8436310.694488912820816, 98.67 ], [ 3397836.65079221688211, 8436327.911019023507833, 87.14 ], [ 3397843.536848933901638, 8436322.547248400747776, 87.14 ], [ 3397842.025274964049459, 8436318.871395384892821, 87.14 ], [ 3397822.832035915460438, 8436332.862178165465593, 87.14 ], [ 3397824.362278162501752, 8436330.986737348139286, 89.06 ], [ 3397833.487693415954709, 8436340.307695670053363, 90.02 ], [ 3397839.263382740784436, 8436320.015421513468027, 90.98 ], [ 3397857.756822943687439, 8436287.964230876415968, 91.94 ], [ 3397875.914345450233668, 8436258.838868400081992, 96.27 ], [ 3397885.730230975430459, 8436249.217947084456682, 101.08 ], [ 3397912.733255879022181, 8436243.197852021083236, 102.04 ], [ 3397948.189882909413427, 8436235.677433194592595, 95.79 ], [ 3397990.709842947777361, 8436235.808704949915409, 91.46 ], [ 3397990.168663243297487, 8436236.652652397751808, 87.62 ], [ 3397990.607206378132105, 8436246.404829224571586, 86.18 ], [ 3398003.352931847330183, 8436255.088025001809001, 83.29 ], [ 3398016.630508446134627, 8436274.779985340312123, 80.89 ], [ 3398032.016821291763335, 8436297.360157310962677, 81.85 ], [ 3398037.969798039644957, 8436307.337460525333881, 85.21 ], [ 3398044.874511906411499, 8436328.004792125895619, 84.73 ], [ 3398043.820149350911379, 8436342.501959100365639, 83.29 ], [ 3398047.636404134798795, 8436357.618046227842569, 83.29 ], [ 3398050.267651804722846, 8436362.044106928631663, 79.93 ], [ 3398057.480275380425155, 8436377.929174434393644, 78.97 ], [ 3398061.081928452011198, 8436404.691950500011444, 76.08 ], [ 3398067.688061181455851, 8436439.200492952018976, 74.16 ], [ 3398075.096629328560084, 8436463.619143057614565, 74.16 ], [ 3398086.368106252048165, 8436474.496898187324405, 75.12 ], [ 3398090.874831306282431, 8436482.673986826092005, 76.56 ], [ 3398104.003106208518147, 8436502.53535676933825, 78.48 ], [ 3398108.929717251565307, 8436512.587963249534369, 78.97 ], [ 3398107.632744997739792, 8436527.104244826361537, 82.81 ], [ 3398088.187589936424047, 8436528.548381015658379, 85.69 ], [ 3398095.157614948228002, 8436530.442622881382704, 83.29 ], [ 3398092.330411578528583, 8436542.745865158736706, 83.29 ], [ 3398083.242321752011776, 8436562.682400353252888, 83.77 ], [ 3398079.444724118337035, 8436567.821269921958447, 84.25 ], [ 3398076.701500172261149, 8436573.691602209582925, 85.21 ], [ 3398077.821185008157045, 8436578.436623455956578, 82.81 ], [ 3398070.72986628068611, 8436591.340106466785073, 80.41 ], [ 3398049.801122974138707, 8436600.004958767443895, 80.41 ], [ 3398046.246123906224966, 8436603.906029669567943, 78.97 ], [ 3398044.538605367299169, 8436611.220520814880729, 74.16 ], [ 3398041.571451133582741, 8436612.28956657089293, 73.68 ], [ 3398031.736897330731153, 8436626.59974024258554, 73.2 ], [ 3398026.353086007758975, 8436635.433414844796062, 74.16 ], [ 3398014.493786512408406, 8436631.701152635738254, 74.16 ], [ 3398016.107997052837163, 8436631.476074455305934, 76.56 ], [ 3398003.483565304428339, 8436636.127355955541134, 79.93 ], [ 3398020.558728403877467, 8436633.689198093488812, 78.48 ], [ 3398043.017702828161418, 8436633.126536061987281, 81.37 ], [ 3398028.825725669972599, 8436636.427460389211774, 83.77 ], [ 3398013.719336817506701, 8436647.080414900556207, 84.25 ], [ 3398003.632855874486268, 8436659.496380673721433, 84.25 ], [ 3397998.071768263354897, 8436667.823705542832613, 83.77 ], [ 3397996.429560874588788, 8436682.602875446900725, 84.73 ], [ 3397996.793464289512485, 8436690.648915652185678, 87.62 ], [ 3397982.508168003056198, 8436711.692414339631796, 90.98 ], [ 3397971.16205136384815, 8436740.913371475413442, 90.5 ], [ 3397970.275636522565037, 8436745.152106055989861, 91.46 ], [ 3397974.362475590314716, 8436755.054989609867334, 90.5 ], [ 3397976.219284697435796, 8436758.862364171072841, 88.58 ], [ 3397975.136925289407372, 8436762.782270615920424, 86.66 ], [ 3397981.295175176113844, 8436765.051687557250261, 86.66 ], [ 3397989.35689930152148, 8436773.004016824066639, 87.62 ], [ 3397997.838498280383646, 8436781.050155956298113, 86.66 ], [ 3397997.661210859660059, 8436780.956377070397139, 86.66 ], [ 3398008.690089217852801, 8436786.789354519918561, 86.18 ], [ 3398020.661364988423884, 8436791.609540985897183, 86.66 ], [ 3398026.558370298240334, 8436808.939727837219834, 85.21 ], [ 3398034.909335853531957, 8436816.742071049287915, 83.29 ], [ 3398051.639263820834458, 8436825.763555385172367, 81.37 ], [ 3398064.375660716556013, 8436838.161071453243494, 80.41 ], [ 3398064.198373296763748, 8436839.417687091976404, 80.41 ], [ 3398076.328279341571033, 8436842.512393228709698, 80.41 ], [ 3398088.896717387251556, 8436851.927757453173399, 79.93 ], [ 3398090.678886774927378, 8436851.946508938446641, 79.93 ], [ 3398098.395364628639072, 8436853.878359481692314, 81.37 ], [ 3398114.892022602260113, 8436860.555413840338588, 83.77 ], [ 3398116.506233141757548, 8436862.130898464471102, 83.77 ], [ 3398127.451143206562847, 8436869.201831888407469, 85.69 ], [ 3398135.494199052918702, 8436868.789186423644423, 85.21 ], [ 3398134.374514220748097, 8436870.570984391495585, 84.73 ], [ 3398130.866169148590416, 8436875.316219612956047, 83.77 ], [ 3398143.154694337863475, 8436881.786959171295166, 84.73 ], [ 3398160.883002287242562, 8436888.595322292298079, 85.69 ], [ 3398175.588173430878669, 8436894.540939435362816, 85.21 ], [ 3398180.971984754316509, 8436896.00389938056469, 85.69 ], [ 3398186.980955205392092, 8436900.749128643423319, 85.69 ], [ 3398209.346621632575989, 8436912.640342649072409, 85.69 ], [ 3398210.195711047854275, 8436912.452781515195966, 85.69 ], [ 3398214.095945254899561, 8436913.034216558560729, 85.21 ], [ 3398221.691129392012954, 8436909.301791051402688, 83.77 ], [ 3398241.612153009977192, 8436912.790400501340628, 81.37 ], [ 3398260.049599510617554, 8436909.901999853551388, 82.81 ], [ 3398280.549128257203847, 8436907.557509319856763, 86.18 ], [ 3398287.659115264192224, 8436909.001697853207588, 86.66 ], [ 3398298.473391907289624, 8436910.070786906406283, 85.21 ], [ 3398308.559872853569686, 8436909.526877729222178, 87.62 ], [ 3398316.295007853768766, 8436910.145815806463361, 88.58 ], [ 3398334.312579503282905, 8436923.368726393207908, 90.02 ], [ 3398350.296054622624069, 8436931.827656682580709, 90.98 ], [ 3398350.734597756527364, 8436933.403156571090221, 90.98 ], [ 3398357.695294192060828, 8436930.83359358087182, 90.98 ], [ 3398360.727770704776049, 8436929.48315916210413, 90.98 ], [ 3398373.80006302986294, 8436935.4475610665977, 93.39 ], [ 3398392.106887239962816, 8436934.209658334031701, 96.75 ], [ 3398405.291155840270221, 8436930.214653760194778, 98.67 ], [ 3398410.385714598465711, 8436928.939248552545905, 102.52 ], [ 3398414.295266245957464, 8436929.145561780780554, 103.0 ], [ 3398424.353750339243561, 8436936.966784251853824, 99.15 ], [ 3398440.458530308213085, 8436941.486974656581879, 99.15 ], [ 3398446.224902192596346, 8436944.094044804573059, 98.19 ], [ 3398452.25252979202196, 8436956.791855525225401, 95.79 ], [ 3398452.821695215534419, 8436953.715875409543514, 94.35 ], [ 3398461.219314771704376, 8436956.679322648793459, 90.98 ], [ 3398446.588794477283955, 8436957.523352846503258, 90.5 ], [ 3398439.898693459574133, 8436963.11263027228415, 90.02 ], [ 3398438.060541501734406, 8436958.967551194131374, 91.94 ], [ 3398439.572115470189601, 8436964.388041414320469, 92.42 ], [ 3398447.596514167729765, 8436964.931977022439241, 95.79 ], [ 3398460.12762679066509, 8436972.115542430430651, 97.23 ], [ 3398465.940652673132718, 8436974.516308929771185, 96.75 ], [ 3398469.374346893746406, 8436974.478805337101221, 96.75 ], [ 3398478.023893587291241, 8436975.941781189292669, 96.27 ], [ 3398497.972914057783782, 8436978.530111752450466, 97.71 ], [ 3398502.526293112430722, 8436978.361300742253661, 98.19 ], [ 3398516.531665409915149, 8436985.094746006652713, 101.56 ], [ 3398530.621005997993052, 8436984.11942751891911, 101.56 ], [ 3398534.605208494700491, 8436988.05820588953793, 100.11 ], [ 3398549.711597348563373, 8437003.100590413436294, 97.71 ], [ 3398553.695810977369547, 8436995.466860830783844, 96.75 ], [ 3398564.174169926438481, 8437001.4312938824296, 95.79 ], [ 3398577.51706880191341, 8437010.002847673371434, 94.83 ], [ 3398593.649834492243826, 8437013.003843769431114, 92.42 ], [ 3398609.157441051676869, 8437018.274313809350133, 89.54 ], [ 3398608.541610497049987, 8437017.317742828279734, 90.5 ], [ 3398630.84196577873081, 8437017.561584724113345, 85.69 ], [ 3398649.969882555771619, 8437032.285179434344172, 82.81 ], [ 3398665.094939688686281, 8437048.321755666285753, 84.73 ], [ 3398663.443403725046664, 8437073.774015197530389, 92.9 ], [ 3398669.172450182959437, 8437070.622955599799752, 94.35 ], [ 3398680.593217676505446, 8437066.927976530045271, 98.67 ], [ 3398694.160046839155257, 8437066.496590312570333, 105.88 ], [ 3398689.130799226928502, 8437077.637833354994655, 105.88 ], [ 3398699.982390163000673, 8437059.462971169501543, 103.96 ], [ 3398720.257988626137376, 8437087.634947532787919, 97.23 ], [ 3398706.95242630969733, 8437107.723022095859051, 98.19 ], [ 3398701.260705274529755, 8437109.748700542375445, 97.71 ], [ 3398704.405146929901093, 8437109.129745667800307, 100.11 ], [ 3398711.04859394999221, 8437104.778266102075577, 103.96 ], [ 3398711.692410224583, 8437098.607408842071891, 104.92 ], [ 3398717.300162964966148, 8437086.134445294737816, 103.48 ], [ 3398730.792341279331595, 8437096.244106031954288, 100.11 ], [ 3398718.951687799300998, 8437103.821683870628476, 96.75 ], [ 3398718.914373504463583, 8437092.042695609852672, 92.9 ], [ 3398710.582065096590668, 8437092.286517614498734, 94.83 ], [ 3398704.619748645462096, 8437106.466338220983744, 94.83 ], [ 3398714.70622958894819, 8437096.919338524341583, 94.83 ], [ 3398723.896955987904221, 8437096.956865118816495, 93.39 ], [ 3398731.12824784219265, 8437100.708138007670641, 90.98 ], [ 3398734.617924633435905, 8437100.107936004176736, 90.5 ], [ 3398744.984318440314382, 8437103.877962626516819, 92.9 ], [ 3398750.470766332466155, 8437104.046776510775089, 94.35 ], [ 3398757.776697905734181, 8437106.485090350732207, 94.83 ], [ 3398764.16822891915217, 8437112.655954224988818, 92.42 ], [ 3398776.736666965298355, 8437114.137709729373455, 91.94 ], [ 3398758.000639325473458, 8437114.381532458588481, 91.94 ], [ 3398770.699710793793201, 8437110.724035687744617, 96.27 ], [ 3398787.420310187153518, 8437120.777473732829094, 96.75 ], [ 3398813.051723117474467, 8437120.946288008242846, 96.27 ], [ 3398831.265228200238198, 8437127.698616037145257, 98.67 ], [ 3398844.458825374953449, 8437141.390812907367945, 100.11 ], [ 3398878.07731158239767, 8437162.510655554011464, 97.71 ], [ 3398883.47978005092591, 8437160.241115927696228, 95.79 ], [ 3398882.966597198974341, 8437170.763518577441573, 95.31 ], [ 3398884.42217746283859, 8437175.583956781774759, 96.27 ], [ 3398885.243281160481274, 8437177.384603790938854, 98.67 ], [ 3398876.976295028347522, 8437178.097348364070058, 100.11 ], [ 3398877.218893592245877, 8437170.876077113673091, 103.96 ], [ 3398880.596594109199941, 8437169.788197841495275, 109.73 ], [ 3398870.874016581103206, 8437178.359947910532355, 112.13 ], [ 3398869.418425183743238, 8437187.907030975446105, 114.05 ], [ 3398886.484270844608545, 8437197.754253789782524, 113.09 ], [ 3398898.884750044438988, 8437200.549005657434464, 112.13 ], [ 3398909.353791549801826, 8437204.037730924785137, 110.21 ], [ 3398937.70976015040651, 8437205.688321063295007, 103.48 ], [ 3398952.806820429861546, 8437209.308360282331705, 99.15 ], [ 3398964.619477058760822, 8437209.32711267657578, 96.27 ], [ 3398981.349405022338033, 8437216.979816716164351, 92.42 ], [ 3398986.304012914188206, 8437201.61813709884882, 89.54 ], [ 3398988.68333344720304, 8437203.550057142972946, 88.58 ], [ 3398991.949079952202737, 8437207.488953063264489, 92.42 ], [ 3398992.770172514487058, 8437201.224247729405761, 96.75 ], [ 3399005.487912261858582, 8437212.403199732303619, 92.9 ], [ 3399015.667690074071288, 8437215.235461987555027, 92.42 ], [ 3399023.990669908933342, 8437206.569884620606899, 94.83 ], [ 3399030.970034622587264, 8437206.007178749889135, 93.87 ], [ 3399035.756672538816929, 8437202.743525834754109, 95.79 ], [ 3399049.258190555498004, 8437195.015804801136255, 101.56 ], [ 3399022.441781646106392, 8437209.027007237076759, 92.9 ], [ 3399025.035715024918318, 8437208.107916219159961, 94.35 ], [ 3399033.433334577828646, 8437202.743525831028819, 94.35 ], [ 3399036.62443023128435, 8437205.55703198350966, 92.9 ], [ 3399034.487697136588395, 8437214.522691441699862, 90.98 ], [ 3399028.674682383891195, 8437211.07146599330008, 87.62 ], [ 3399027.359052984043956, 8437210.339965825900435, 86.66 ], [ 3399025.558226449880749, 8437214.785292282700539, 86.66 ] ] ] } },
{ "type": "Feature", "properties": { "fid": 35, "name": null, "cmt": null, "desc": "Колтушский веломаршрут 2", "src": null, "link1_href": null, "link1_text": null, "link1_type": null, "link2_href": null, "link2_text": null, "link2_type": null, "number": null, "type": null, "id": null, "description": null, "timestamp": null, "begin": null, "end": null, "altitudeMode": null, "tessellate": null, "extrude": null, "visibility": null, "drawOrder": null, "icon": null, "gpxx_TrackExtension": null, "gpxtrkx_TrackStatsExtension": null, "layer": "Экомаршрут _Колтушский веломаршрут №2_. Дирекция ООПТ ЛО_15-11-2021_15-45-19 — routes", "path": "C:/Users/blinc/OneDrive/Рабочий стол/МЛА+ проекты/НЕРАСКРЫТЫЙ ПЕТЕРБУРГ/QGIS/Data/Экомаршруты/Экомаршрут _Колтушский веломаршрут №2_. Дирекция ООПТ ЛО_15-11-2021_15-45-19.gpx|layername=routes" }, "geometry": { "type": "MultiLineString", "coordinates": [ [ [ 3417143.216402822639793, 8389917.232138769701123, 0.0 ], [ 3417104.99788870383054, 8389971.067714584991336, 0.0 ], [ 3417044.08713182574138, 8390061.391851076856256, 0.0 ], [ 3417024.977874768897891, 8390126.592713488265872, 0.0 ], [ 3417027.963696188759059, 8390174.446557691320777, 0.0 ], [ 3417057.821910351514816, 8390224.094919940456748, 0.0 ], [ 3417105.595053007826209, 8390276.135969139635563, 0.0 ], [ 3417189.19805265776813, 8390286.30491042509675, 0.0 ], [ 3417271.009559467434883, 8390392.181531572714448, 0.0 ], [ 3417308.03374503320083, 8390472.336710277944803, 0.0 ], [ 3417304.450759340077639, 8390541.724773043766618, 0.0 ], [ 3417323.560016397852451, 8390602.738406609743834, 0.0 ], [ 3417448.964515882078558, 8390728.354718035086989, 0.0 ], [ 3417550.482444036286324, 8390826.455070497468114, 0.0 ], [ 3417612.587529493030161, 8390916.180998772382736, 0.0 ], [ 3417691.413214882835746, 8390966.427516991272569, 0.0 ], [ 3417740.380686109885573, 8391020.263070952147245, 0.0 ], [ 3417757.101286043878645, 8391057.349785132333636, 0.0 ], [ 3417636.47410084027797, 8391102.810917787253857, 0.0 ], [ 3417600.64424384990707, 8391129.130520466715097, 0.0 ], [ 3417592.283943889662623, 8391163.824541702866554, 0.0 ], [ 3417500.320644277147949, 8391202.107598980888724, 0.0 ], [ 3417441.798544531688094, 8391278.673711508512497, 0.0 ], [ 3417429.855258874129504, 8391330.116566861048341, 0.0 ], [ 3417463.296458732802421, 8391349.258094124495983, 0.0 ], [ 3417509.875272816512734, 8391394.71921669319272, 0.0 ], [ 3417558.842744050081819, 8391508.372028997167945, 0.0 ], [ 3417642.445743708871305, 8391613.65041827224195, 0.0 ], [ 3417749.935314693953842, 8391703.376314217224717, 0.0 ], [ 3417783.376514555420727, 8391751.230123898014426, 0.0 ], [ 3417786.959500261116773, 8391819.42180085927248, 0.0 ], [ 3417792.931143100373447, 8391913.933068929240108, 0.0 ], [ 3417868.173842788208276, 8392046.727371383458376, 0.0 ], [ 3417948.791021024808288, 8392107.142794415354729, 0.0 ], [ 3417960.734306691680104, 8392126.284314874559641, 0.0 ], [ 3417961.331470976117998, 8392151.407560218125582, 0.0 ], [ 3417932.070421099197119, 8392163.969182785600424, 0.0 ], [ 3417913.558328323066235, 8392187.896082704886794, 0.0 ], [ 3417807.263085908256471, 8392247.713325360789895, 0.0 ], [ 3417761.878600391559303, 8392297.959812976419926, 0.0 ], [ 3417730.826057670637965, 8392372.133197341114283, 0.0 ], [ 3417717.688443449791521, 8392477.411545010283589, 0.0 ], [ 3417721.27142916014418, 8392603.027748677879572, 0.0 ], [ 3417690.218886442482471, 8392687.968225145712495, 0.0 ], [ 3417697.384857843630016, 8392727.447600420564413, 0.0 ], [ 3417667.526643689721823, 8392833.92227160744369, 0.0 ], [ 3417647.223058071453124, 8392940.396941615268588, 0.0 ], [ 3417546.899458511732519, 8393143.775510368868709, 0.0 ], [ 3417560.037072748411447, 8393222.734243724495173, 0.0 ], [ 3417610.198872536886483, 8393225.126932570710778, 0.0 ], [ 3418038.962827872019261, 8393204.789077270776033, 0.0 ], [ 3418374.569155028555542, 8393183.254877369850874, 0.0 ], [ 3418520.277240129653364, 8393171.291432881727815, 0.0 ], [ 3418544.163811461534351, 8393207.181766122579575, 0.0 ], [ 3418528.637540102936327, 8393252.642854053527117, 0.0 ], [ 3418509.528283044695854, 8393355.528466619551182, 0.0 ], [ 3418451.006183300167322, 8393465.592144096270204, 0.0 ], [ 3418406.816026355605572, 8393586.422914074733853, 0.0 ], [ 3418331.573326678480953, 8393666.577975627034903, 0.0 ], [ 3418239.610027072485536, 8393728.787872126325965, 0.0 ], [ 3418157.201355998869985, 8393848.422283476218581, 0.0 ], [ 3418121.371499017812312, 8393972.842064339667559, 0.0 ], [ 3418135.703441814985126, 8394074.531297041103244, 0.0 ], [ 3418044.934470775071532, 8394136.741181921213865, 0.0 ], [ 3417880.11712862085551, 8394252.786539388820529, 0.0 ], [ 3417753.518300589639693, 8394328.156201245263219, 0.0 ], [ 3417671.109629509504884, 8394335.334264148026705, 0.0 ], [ 3417581.534987026825547, 8394305.425668586045504, 0.0 ], [ 3417505.097958777099848, 8394301.836637096479535, 0.0 ], [ 3417444.187201890163124, 8394317.389106871560216, 0.0 ], [ 3417294.896131076849997, 8394167.846123738214374, 0.0 ], [ 3417264.440752630587667, 8394128.964942444115877, 0.0 ], [ 3417224.430745652411133, 8394107.430751642212272, 0.0 ], [ 3417180.837752981111407, 8394122.385050831362605, 0.0 ], [ 3417143.813567425124347, 8394139.133865805342793, 0.0 ], [ 3417068.570867739617825, 8394117.001503143459558, 0.0 ], [ 3416995.716825184412301, 8394072.73677715100348, 0.0 ], [ 3416926.445768328383565, 8394012.321402421221137, 0.0 ], [ 3416858.369040035642684, 8393936.95172968506813, 0.0 ], [ 3416770.585890397895128, 8393816.120979081839323, 0.0 ], [ 3416783.126340332441032, 8393697.682906122878194, 0.0 ], [ 3416772.974547514226288, 8393654.016343731433153, 0.0 ], [ 3416763.419918978121132, 8393607.957088029012084, 0.0 ], [ 3416796.861118827480823, 8393489.519007794559002, 0.0 ], [ 3416810.595897334627807, 8393412.95297272130847, 0.0 ], [ 3416800.444104507565498, 8393328.012520406395197, 0.0 ], [ 3416836.273961490485817, 8393213.163458297029138, 0.0 ], [ 3416868.520832773298025, 8393123.43762431666255, 0.0 ], [ 3416864.340682781301439, 8393018.159303748980165, 0.0 ], [ 3416870.909489881247282, 8392878.785158956423402, 0.0 ], [ 3416873.298147006891668, 8392800.42458550632, 0.0 ], [ 3416909.725168278906494, 8392758.552522204816341, 0.0 ], [ 3416973.621746577322483, 8392702.922494003549218, 0.0 ], [ 3416993.328167917672545, 8392669.424841931089759, 0.0 ], [ 3417047.670117676258087, 8392619.178356848657131, 0.0 ], [ 3417094.846096049062908, 8392612.598460698500276, 0.0 ], [ 3417158.742674349341542, 8392591.66242734156549, 0.0 ], [ 3417207.710145564284176, 8392554.575737200677395, 0.0 ], [ 3417262.052095329854637, 8392485.18773834221065, 0.0 ], [ 3417289.521652350202203, 8392411.612530253827572, 0.0 ], [ 3417308.630909405183047, 8392343.420871762558818, 0.0 ], [ 3417259.066273896489292, 8392285.398143129423261, 0.0 ], [ 3417206.515816966071725, 8392235.450737468898296, 0.0 ], [ 3417140.230581524316221, 8392176.530747223645449, 0.0 ], [ 3417112.761024496518075, 8392166.959987236186862, 0.0 ], [ 3417050.954521179199219, 8392170.848106494173408, 0.0 ], [ 3416997.033370818477124, 8392105.493326896801591, 0.0 ], [ 3416942.691421040799469, 8392034.908968707546592, 0.0 ], [ 3416851.922449992503971, 8391998.420439666137099, 0.0 ], [ 3416829.230207225307822, 8391945.78125492669642, 0.0 ], [ 3416788.623035965953022, 8391917.667144376784563, 0.0 ], [ 3416739.655564727727324, 8391754.964197618886828, 0.0 ], [ 3416694.271079197525978, 8391650.882160430774093, 0.0 ], [ 3416645.303607967682183, 8391573.119715623557568, 0.0 ], [ 3416559.311951177660376, 8391469.037669774144888, 0.0 ], [ 3416607.085093805100769, 8391185.503791570663452, 0.0 ], [ 3416572.449565352872014, 8390986.312244366854429, 0.0 ], [ 3416587.975836702156812, 8390867.87402206286788, 0.0 ], [ 3416599.919122360646725, 8390786.522512104362249, 0.0 ], [ 3416566.477922494988889, 8390719.527148704975843, 0.0 ], [ 3416484.069251399487257, 8390586.732761597260833, 0.0 ], [ 3416417.186851677019149, 8390516.148354345932603, 0.0 ], [ 3416448.239394398406148, 8390465.901825765147805, 0.0 ], [ 3416616.63972226344049, 8390464.705479826778173, 0.0 ], [ 3416701.437050472944975, 8390416.851641980931163, 0.0 ], [ 3416737.032780979759991, 8390319.836075268685818, 0.0 ], [ 3416732.255466698668897, 8390149.954934915527701, 0.0 ], [ 3416732.255466694012284, 8390078.174167413264513, 0.0 ], [ 3416854.076980458572507, 8389994.429935669526458, 0.0 ], [ 3417040.3922368157655, 8389958.539549650624394, 0.0 ] ] ] } },
{ "type": "Feature", "properties": { "fid": 36, "name": null, "cmt": null, "desc": "Малиновая гора", "src": null, "link1_href": null, "link1_text": null, "link1_type": null, "link2_href": null, "link2_text": null, "link2_type": null, "number": null, "type": null, "id": null, "description": null, "timestamp": null, "begin": null, "end": null, "altitudeMode": null, "tessellate": null, "extrude": null, "visibility": null, "drawOrder": null, "icon": null, "gpxx_TrackExtension": null, "gpxtrkx_TrackStatsExtension": null, "layer": "Экомаршрут _Малиновая Гора_. Дирекция ООПТ ЛО._15-11-2021_15-57-02 — routes", "path": "C:/Users/blinc/OneDrive/Рабочий стол/МЛА+ проекты/НЕРАСКРЫТЫЙ ПЕТЕРБУРГ/QGIS/Data/Экомаршруты/Экомаршрут _Малиновая Гора_. Дирекция ООПТ ЛО._15-11-2021_15-57-02.gpx|layername=routes" }, "geometry": { "type": "MultiLineString", "coordinates": [ [ [ 3394405.605574637651443, 8435801.789024963974953, 0.0 ], [ 3394426.135882616043091, 8435876.979921896010637, 0.0 ], [ 3394432.7224235185422, 8435908.676092864945531, 0.0 ], [ 3394438.816743010189384, 8435937.377181427553296, 0.0 ], [ 3394439.021142291370779, 8435938.962227253243327, 0.0 ], [ 3394438.057640636339784, 8435959.765131298452616, 0.0 ], [ 3394421.613739867694676, 8435981.362877836450934, 0.0 ], [ 3394421.106849630828947, 8435983.918656157329679, 0.0 ], [ 3394412.73160242009908, 8435989.19686103053391, 0.0 ], [ 3394388.072278440464288, 8436002.536357175558805, 0.0 ], [ 3394384.302126244176179, 8436005.558634893968701, 0.0 ], [ 3394383.582951598335057, 8436006.494681121781468, 0.0 ], [ 3394362.58828525710851, 8436017.737419681623578, 0.0 ], [ 3394360.322001767344773, 8436019.731602450832725, 0.0 ], [ 3394336.907060767058283, 8436021.447566298767924, 0.0 ], [ 3394321.388247449882329, 8436024.968713583424687, 0.0 ], [ 3394306.04439682001248, 8436027.878007050603628, 0.0 ], [ 3394303.677500526886433, 8436029.042237341403961, 0.0 ], [ 3394290.007111553102732, 8436032.57416433468461, 0.0 ], [ 3394264.472145691979676, 8436042.800251461565495, 0.0 ], [ 3394262.198216846678406, 8436045.660695839673281, 0.0 ], [ 3394259.160412859171629, 8436049.482056524604559, 0.0 ], [ 3394239.20521171297878, 8436102.519128408282995, 0.0 ], [ 3394111.49863161938265, 8436586.696289367973804, 0.0 ], [ 3394084.748642789199948, 8436694.331365307793021, 0.0 ], [ 3394111.092997579835355, 8436697.295568799600005, 0.0 ], [ 3394137.507300049066544, 8436689.06571133993566, 0.0 ], [ 3394150.044519962277263, 8436677.611352682113647, 0.0 ], [ 3394164.062722043599933, 8436654.129453873261809, 0.0 ], [ 3394169.639825619291514, 8436617.268309529870749, 0.0 ], [ 3394162.055790996644646, 8436614.695061203092337, 0.0 ], [ 3394161.36660886136815, 8436614.344944756478071, 0.0 ], [ 3394169.169836037792265, 8436617.331505412235856, 0.0 ], [ 3394164.229429034516215, 8436653.701055938377976, 0.0 ], [ 3394148.360502647701651, 8436678.360728602856398, 0.0 ], [ 3394136.556994914077222, 8436689.462103214114904, 0.0 ], [ 3394110.968730219174176, 8436697.297866538167, 0.0 ], [ 3394082.455308064818382, 8436693.501108342781663, 0.0 ], [ 3394019.079778481740505, 8436933.362205360084772, 0.0 ], [ 3393983.241601689253002, 8437064.032115081325173, 0.0 ], [ 3393961.050381783861667, 8437137.212521780282259, 0.0 ], [ 3393947.197823088616133, 8437139.857389453798532, 0.0 ], [ 3393935.9380998974666, 8437148.691611098125577, 0.0 ], [ 3393933.522863864898682, 8437152.060882044956088, 0.0 ], [ 3393932.797652798704803, 8437155.220444452017546, 0.0 ], [ 3393915.493124594446272, 8437175.029145000502467, 0.0 ], [ 3393899.574373294599354, 8437185.484521793201566, 0.0 ], [ 3393825.978939962573349, 8437205.140354657545686, 0.0 ], [ 3393788.975684052798897, 8437214.731204332783818, 0.0 ], [ 3393747.458580187521875, 8437226.304693499580026, 0.0 ], [ 3393717.219541054219007, 8437230.373226160183549, 0.0 ], [ 3393690.065943637862802, 8437240.590190809220076, 0.0 ], [ 3393669.83235280495137, 8437246.463482251390815, 0.0 ], [ 3393637.840650615282357, 8437260.91434002481401, 0.0 ], [ 3393602.034371252637357, 8437264.652056040242314, 0.0 ], [ 3393585.501965120900422, 8437258.866017999127507, 0.0 ], [ 3393577.375065330881625, 8437110.265524487942457, 0.0 ], [ 3393524.443618027959019, 8437104.802777405828238, 0.0 ], [ 3393499.625163815915585, 8437093.108507273718715, 0.0 ], [ 3393470.80199700826779, 8437092.930500412359834, 0.0 ], [ 3393448.89258118905127, 8437087.885480254888535, 0.0 ], [ 3393442.478946954011917, 8437084.319937460124493, 0.0 ], [ 3393386.092070548795164, 8437110.756352307274938, 0.0 ], [ 3393348.84572158800438, 8437128.24208995513618, 0.0 ], [ 3393356.008037264924496, 8437132.758098294958472, 0.0 ], [ 3393358.328492552507669, 8437136.143771916627884, 0.0 ], [ 3393355.373569606803358, 8437142.156483935192227, 0.0 ], [ 3393341.98589215381071, 8437145.847108723595738, 0.0 ], [ 3393333.913753021042794, 8437152.660860206931829, 0.0 ], [ 3393325.36312409536913, 8437151.891646552830935, 0.0 ], [ 3393324.906533539295197, 8437152.431894112378359, 0.0 ], [ 3393260.397243019193411, 8437185.839231833815575, 0.0 ], [ 3393238.877559843473136, 8437190.604739245027304, 0.0 ], [ 3393212.473759402055293, 8437199.570576058700681, 0.0 ], [ 3393194.034474897198379, 8437203.143572943285108, 0.0 ], [ 3393121.257221836131066, 8437234.086926326155663, 0.0 ], [ 3393130.145048943348229, 8437261.435446100309491, 0.0 ], [ 3393147.420271534472704, 8437288.882130350917578, 0.0 ], [ 3393170.113834105432034, 8437338.122507624328136, 0.0 ], [ 3393233.097581052221358, 8437382.857743861153722, 0.0 ], [ 3393243.78854265389964, 8437387.644612682983279, 0.0 ], [ 3393243.821634091436863, 8437388.007115757092834, 0.0 ], [ 3393243.65920546092093, 8437390.239909833297133, 0.0 ], [ 3393239.828067658469081, 8437414.13218217343092, 0.0 ], [ 3393236.457016619853675, 8437433.55697282217443, 0.0 ], [ 3393227.514086708892137, 8437467.156262826174498, 0.0 ], [ 3393214.592791810631752, 8437515.465426275506616, 0.0 ], [ 3393209.851754985749722, 8437519.644362142309546, 0.0 ], [ 3393206.610093840863556, 8437526.622604304924607, 0.0 ], [ 3393200.151825913693756, 8437530.9163483902812, 0.0 ], [ 3393187.325296934694052, 8437552.392620677128434, 0.0 ], [ 3393179.722313979174942, 8437577.225232243537903, 0.0 ], [ 3393159.426580540370196, 8437619.428082903847098, 0.0 ], [ 3393123.260640233755112, 8437661.34196431003511, 0.0 ], [ 3393116.476242446340621, 8437681.747958304360509, 0.0 ], [ 3393234.691525669768453, 8437848.741718532517552, 0.0 ], [ 3393250.99702010024339, 8437844.912889691069722, 0.0 ], [ 3393263.11001572618261, 8437841.546087872236967, 0.0 ], [ 3393277.674675052519888, 8437840.628593381494284, 0.0 ], [ 3393287.072416068986058, 8437832.498804077506065, 0.0 ], [ 3393324.465607432182878, 8437854.171430390328169, 0.0 ], [ 3393407.208074693568051, 8437824.951038964092731, 0.0 ], [ 3393409.461527143605053, 8437800.261805195361376, 0.0 ], [ 3393449.761250767856836, 8437766.148494470864534, 0.0 ], [ 3393472.424007594119757, 8437752.866045113652945, 0.0 ], [ 3393500.658278437331319, 8437724.263539727777243, 0.0 ], [ 3393527.605827367398888, 8437702.922494830563664, 0.0 ], [ 3393586.723603166639805, 8437655.597353270277381, 0.0 ], [ 3393619.195738179609179, 8437632.966734832152724, 0.0 ], [ 3393639.492773132864386, 8437613.857914181426167, 0.0 ], [ 3393653.576635955832899, 8437608.878887690603733, 0.0 ], [ 3393858.354479205794632, 8437433.68754568323493, 0.0 ], [ 3393927.068067055661231, 8437283.402756804600358, 0.0 ], [ 3393959.78412506589666, 8437136.603690313175321, 0.0 ] ] ] } },
{ "type": "Feature", "properties": { "fid": 37, "name": "Line 1", "cmt": null, "desc": null, "src": null, "link1_href": null, "link1_text": null, "link1_type": null, "link2_href": null, "link2_text": null, "link2_type": null, "number": null, "type": null, "id": null, "description": null, "timestamp": null, "begin": null, "end": null, "altitudeMode": null, "tessellate": 1, "extrude": 0, "visibility": -1, "drawOrder": null, "icon": null, "gpxx_TrackExtension": null, "gpxtrkx_TrackStatsExtension": null, "layer": "Юкковские камы — юкки переделанный", "path": "C:/Users/blinc/OneDrive/Рабочий стол/МЛА+ проекты/НЕРАСКРЫТЫЙ ПЕТЕРБУРГ/QGIS/Data/Экомаршруты/Юкковские камы.kml|layername=юкки переделанный|geometrytype=LineString25D" }, "geometry": { "type": "MultiLineString", "coordinates": [ [ [ 3373534.163384281098843, 8425856.303872782737017, 0.0 ], [ 3373534.163384289015085, 8425923.556733584031463, 0.0 ], [ 3373526.927617396228015, 8425985.894651994109154, 0.0 ], [ 3373538.838802909944206, 8426052.925261188298464, 0.0 ], [ 3373644.035721664782614, 8426081.748610932379961, 0.0 ], [ 3373682.218306988477707, 8426081.748610932379961, 0.0 ], [ 3373770.605982643086463, 8426134.479992693290114, 0.0 ], [ 3373842.295734689105302, 8426235.028166504576802, 0.0 ], [ 3373882.816029330249876, 8426359.709810787811875, 0.0 ], [ 3373880.478320038411766, 8426527.519446033984423, 0.0 ], [ 3373870.904843843076378, 8426632.988978838548064, 0.0 ] ] ] } },
{ "type": "Feature", "properties": { "fid": 38, "name": "Line 2", "cmt": null, "desc": null, "src": null, "link1_href": null, "link1_text": null, "link1_type": null, "link2_href": null, "link2_text": null, "link2_type": null, "number": null, "type": null, "id": null, "description": null, "timestamp": null, "begin": null, "end": null, "altitudeMode": null, "tessellate": 1, "extrude": 0, "visibility": -1, "drawOrder": null, "icon": null, "gpxx_TrackExtension": null, "gpxtrkx_TrackStatsExtension": null, "layer": "Юкковские камы — юкки переделанный", "path": "C:/Users/blinc/OneDrive/Рабочий стол/МЛА+ проекты/НЕРАСКРЫТЫЙ ПЕТЕРБУРГ/QGIS/Data/Экомаршруты/Юкковские камы.kml|layername=юкки переделанный|geometrytype=LineString25D" }, "geometry": { "type": "MultiLineString", "coordinates": [ [ [ 3373536.501093586906791, 8425846.69637143611908, 0.0 ], [ 3373572.345969560090452, 8425357.847516363486648, 0.0 ], [ 3373634.462245389353484, 8425300.206602308899164, 0.0 ], [ 3373639.248983487952501, 8425257.087919257581234, 0.0 ], [ 3373591.492921956814826, 8425237.874494221061468, 0.0 ], [ 3373531.714355419389904, 8425122.818405944854021, 0.0 ], [ 3373495.8694793949835, 8425065.402739809826016, 0.0 ], [ 3373458.68876948626712, 8425049.317497357726097, 0.0 ], [ 3373395.347979250364006, 8425017.147117974236608, 0.0 ], [ 3373306.960303599014878, 8424965.764164913445711, 0.0 ], [ 3373267.553203873801976, 8424950.125946093350649, 0.0 ], [ 3373182.727751926518977, 8424907.232716526836157, 0.0 ], [ 3373127.847242986783385, 8424865.45673856139183, 0.0 ], [ 3373019.199420015327632, 8424769.842024087905884, 0.0 ], [ 3372935.598482459783554, 8424682.717548616230488, 0.0 ], [ 3372893.742353938054293, 8424670.654241034761071, 0.0 ], [ 3372855.559768615290523, 8424662.388652816414833, 0.0 ], [ 3372798.230230888817459, 8424713.769486928358674, 0.0 ], [ 3372740.900693161413074, 8424751.970252707600594, 0.0 ], [ 3372739.676178765948862, 8424783.022483330219984, 0.0 ], [ 3372739.67617876874283, 8424811.617459097877145, 0.0 ], [ 3372714.629293355625123, 8424867.690742092207074, 0.0 ], [ 3372719.41603146167472, 8424919.073010139167309, 0.0 ], [ 3372721.753740770276636, 8424963.306728353723884, 0.0 ], [ 3372683.571155449841172, 8424996.817298017442226, 0.0 ], [ 3372634.590579526033252, 8425022.955648323521018, 0.0 ], [ 3372621.454879619181156, 8425038.59402197226882, 0.0 ], [ 3372588.059032398741692, 8425042.168512048199773, 0.0 ], [ 3372564.125341893173754, 8425094.669035086408257, 0.0 ], [ 3372553.327351296786219, 8425153.201974840834737, 0.0 ], [ 3372567.687565605621785, 8425180.681340023875237, 0.0 ], [ 3372602.30792722851038, 8425218.884530471637845, 0.0 ], [ 3372617.892655933275819, 8425242.789551712572575, 0.0 ], [ 3372672.773164872080088, 8425271.386314684525132, 0.0 ], [ 3372716.967002699617296, 8425292.833959877490997, 0.0 ], [ 3372740.90069321077317, 8425307.355838473886251, 0.0 ], [ 3372823.277116360142827, 8425323.888473613187671, 0.0 ], [ 3372863.908730481285602, 8425325.228959169238806, 0.0 ], [ 3372892.517839601729065, 8425320.313846645876765, 0.0 ], [ 3372998.82795325666666, 8425298.866121336817741, 0.0 ], [ 3373071.74221969069913, 8425283.450607392936945, 0.0 ], [ 3373125.95481168339029, 8425292.387133274227381, 0.0 ], [ 3373169.592052054591477, 8425300.206602327525616, 0.0 ], [ 3373210.22366617526859, 8425297.749054010957479, 0.0 ], [ 3373234.157356684561819, 8425312.047528434544802, 0.0 ], [ 3373263.99098020978272, 8425373.039770483970642, 0.0 ], [ 3373314.19607053976506, 8425430.681255232542753, 0.0 ], [ 3373373.863317580427974, 8425472.460443165153265, 0.0 ], [ 3373409.708193601109087, 8425501.281518597155809, 0.0 ], [ 3373487.297878651414067, 8425538.145849423483014, 0.0 ], [ 3373549.414154488127679, 8425571.659037766978145, 0.0 ] ] ] } },
{ "type": "Feature", "properties": { "fid": 39, "name": "Line 3", "cmt": null, "desc": null, "src": null, "link1_href": null, "link1_text": null, "link1_type": null, "link2_href": null, "link2_text": null, "link2_type": null, "number": null, "type": null, "id": null, "description": null, "timestamp": null, "begin": null, "end": null, "altitudeMode": null, "tessellate": 1, "extrude": 0, "visibility": -1, "drawOrder": null, "icon": null, "gpxx_TrackExtension": null, "gpxtrkx_TrackStatsExtension": null, "layer": "Юкковские камы — юкки переделанный", "path": "C:/Users/blinc/OneDrive/Рабочий стол/МЛА+ проекты/НЕРАСКРЫТЫЙ ПЕТЕРБУРГ/QGIS/Data/Экомаршруты/Юкковские камы.kml|layername=юкки переделанный|geometrytype=LineString25D" }, "geometry": { "type": "MultiLineString", "coordinates": [ [ [ 3373641.586692792363465, 8425247.481200460344553, 0.0 ], [ 3373644.035721591673791, 8425276.301394481211901, 0.0 ], [ 3373632.013216595165431, 8425309.813389947637916, 0.0 ], [ 3373579.470416970085353, 8425357.847516363486648, 0.0 ], [ 3373567.559231468476355, 8425439.171124469488859, 0.0 ], [ 3373565.110202675219625, 8425491.897900236770511, 0.0 ], [ 3373569.896940779406577, 8425525.634298246353865, 0.0 ], [ 3373538.838802876882255, 8425678.902266463264823, 0.0 ], [ 3373534.163384272716939, 8425746.153505407273769, 0.0 ], [ 3373541.287831687368453, 8425827.704835910350084, 0.0 ], [ 3373562.772493402007967, 8425832.396857777610421, 0.0 ], [ 3373679.769278164952993, 8425784.359632609412074, 0.0 ], [ 3373691.791783161461353, 8425746.153505401685834, 0.0 ], [ 3373682.218306954484433, 8425707.724150715395808, 0.0 ], [ 3373684.556016257032752, 8425683.817618571221828, 0.0 ], [ 3373710.827416065614671, 8425602.267883175984025, 0.0 ], [ 3373744.33458277117461, 8425520.719051819294691, 0.0 ], [ 3373799.21509171044454, 8425554.232160756364465, 0.0 ], [ 3373940.145566991064698, 8425597.576008085161448, 0.0 ], [ 3374007.048580932430923, 8425645.388589520007372, 0.0 ], [ 3374085.862780380994081, 8425683.817618552595377, 0.0 ], [ 3374119.369947095867246, 8425717.331470545381308, 0.0 ], [ 3374128.943423302844167, 8425746.153505371883512, 0.0 ], [ 3374226.793255672324449, 8425818.097371883690357, 0.0 ], [ 3374279.336055303458124, 8425846.696371398866177, 0.0 ], [ 3374427.502297477331012, 8425813.181930024176836, 0.0 ], [ 3374463.347173497080803, 8425837.088882582262158, 0.0 ], [ 3374439.413482995238155, 8425913.949144354090095, 0.0 ] ] ] } },
{ "type": "Feature", "properties": { "fid": 40, "name": "Line 4", "cmt": null, "desc": null, "src": null, "link1_href": null, "link1_text": null, "link1_type": null, "link2_href": null, "link2_text": null, "link2_type": null, "number": null, "type": null, "id": null, "description": null, "timestamp": null, "begin": null, "end": null, "altitudeMode": null, "tessellate": 1, "extrude": 0, "visibility": -1, "drawOrder": null, "icon": null, "gpxx_TrackExtension": null, "gpxtrkx_TrackStatsExtension": null, "layer": "Юкковские камы — юкки переделанный", "path": "C:/Users/blinc/OneDrive/Рабочий стол/МЛА+ проекты/НЕРАСКРЫТЫЙ ПЕТЕРБУРГ/QGIS/Data/Экомаршруты/Юкковские камы.kml|layername=юкки переделанный|geometrytype=LineString25D" }, "geometry": { "type": "MultiLineString", "coordinates": [ [ [ 3374367.72373094689101, 8425798.882481517270207, 0.0 ], [ 3374346.239069224800915, 8425703.032208343967795, 0.0 ], [ 3374358.150254731997848, 8425669.29499676078558, 0.0 ], [ 3374358.150254723615944, 8425587.968844614923, 0.0 ], [ 3374315.180931293871254, 8425539.933215573430061, 0.0 ], [ 3374284.12279336899519, 8425463.300280001014471, 0.0 ], [ 3374322.416698180604726, 8425410.573709202930331, 0.0 ], [ 3374319.967669379897416, 8425372.146107563748956, 0.0 ], [ 3374312.843221969436854, 8425343.325538055971265, 0.0 ], [ 3374276.998345948755741, 8425319.42019010707736, 0.0 ], [ 3374274.549317150842398, 8425280.993064619600773, 0.0 ], [ 3374265.087160432711244, 8425242.789551628753543, 0.0 ], [ 3374248.277917329221964, 8425223.576163940131664, 0.0 ], [ 3374241.153469911776483, 8425113.211862459778786, 0.0 ], [ 3374253.064655418507755, 8425065.402739774435759, 0.0 ], [ 3374286.571822133846581, 8425103.605331553146243, 0.0 ], [ 3374348.688097968697548, 8425098.913774510845542, 0.0 ], [ 3374420.266530513297766, 8425079.700762577354908, 0.0 ], [ 3374508.65420616324991, 8425103.605331538245082, 0.0 ], [ 3374654.371419542003423, 8425079.700762569904327, 0.0 ], [ 3374742.759095198009163, 8425175.542914230376482, 0.0 ], [ 3374874.116094276309013, 8425213.969488877803087, 0.0 ], [ 3374991.224198534153402, 8425190.064561281353235, 0.0 ], [ 3375019.833307658787817, 8425228.267800452187657, 0.0 ], [ 3374888.476308591663837, 8425319.420190075412393, 0.0 ], [ 3374800.088632946833968, 8425357.847516303882003, 0.0 ], [ 3374749.994862121064216, 8425448.778093533590436, 0.0 ], [ 3374749.994862123392522, 8425477.599076177924871, 0.0 ], [ 3374699.789771806448698, 8425544.848474822938442, 0.0 ], [ 3374673.518371996469796, 8425616.56694944947958, 0.0 ], [ 3374673.518372002057731, 8425659.687739629298449, 0.0 ], [ 3374683.091848209034652, 8425678.902266405522823, 0.0 ], [ 3374678.305110106710345, 8425698.116843365132809, 0.0 ], [ 3374663.94489580206573, 8425736.546147856861353, 0.0 ], [ 3374640.011205297429115, 8425774.752225171774626, 0.0 ], [ 3374578.006248962134123, 8425832.396857725456357, 0.0 ], [ 3374475.258359009865671, 8425865.911386638879776, 0.0 ], [ 3374422.715559385251254, 8425933.164335276931524, 0.0 ], [ 3374420.266530597582459, 8426019.409880191087723, 0.0 ], [ 3374441.751192314084619, 8426057.617426661774516, 0.0 ], [ 3374441.751192318275571, 8426124.872127993032336, 0.0 ], [ 3374429.840006815269589, 8426182.29606394097209, 0.0 ], [ 3374434.626744924113154, 8426249.551905184984207, 0.0 ], [ 3374420.266530627384782, 8426335.801159651950002, 0.0 ], [ 3374427.502297526225448, 8426355.017452552914619, 0.0 ], [ 3374427.502297531347722, 8426402.834957396611571, 0.0 ], [ 3374422.715559431351721, 8426426.967274127528071, 0.0 ], [ 3374425.053268739022315, 8426470.09281505830586, 0.0 ], [ 3374417.92882133461535, 8426489.309458775445819, 0.0 ], [ 3374417.928821342997253, 8426575.561524473130703, 0.0 ], [ 3374410.804373942315578, 8426657.122050607576966, 0.0 ], [ 3374391.65742154372856, 8426762.593441687524319, 0.0 ], [ 3374341.452331222593784, 8426800.804848516359925, 0.0 ], [ 3374236.366731964051723, 8426810.413596084341407, 0.0 ], [ 3374193.397408536635339, 8426786.503480030223727, 0.0 ], [ 3374176.699484922457486, 8426762.593441700562835, 0.0 ], [ 3374155.214823205024004, 8426709.857557127252221, 0.0 ], [ 3374109.796470975503325, 8426647.513503281399608, 0.0 ], [ 3374073.951594952959567, 8426580.254023402929306, 0.0 ], [ 3374073.951594936661422, 8426407.750793291255832, 0.0 ], [ 3374066.827147505246103, 8426163.303661987185478, 0.0 ], [ 3374021.408795275725424, 8426076.832992892712355, 0.0 ], [ 3373990.350657358765602, 8426052.925261167809367, 0.0 ], [ 3373940.145567030645907, 8426029.01760714314878, 0.0 ], [ 3373906.749719802290201, 8425976.286981362849474, 0.0 ], [ 3373870.904843783006072, 8425952.156143091619015, 0.0 ], [ 3373698.916230587754399, 8425947.464044854044914, 0.0 ], [ 3373663.071354567073286, 8425928.248816583305597, 0.0 ], [ 3373651.160169049631804, 8425837.088882625102997, 0.0 ], [ 3373655.946907148230821, 8425808.48992045596242, 0.0 ] ] ] } },
{ "type": "Feature", "properties": { "fid": 41, "name": "Line 5", "cmt": null, "desc": null, "src": null, "link1_href": null, "link1_text": null, "link1_type": null, "link2_href": null, "link2_text": null, "link2_type": null, "number": null, "type": null, "id": null, "description": null, "timestamp": null, "begin": null, "end": null, "altitudeMode": null, "tessellate": 1, "extrude": 0, "visibility": -1, "drawOrder": null, "icon": null, "gpxx_TrackExtension": null, "gpxtrkx_TrackStatsExtension": null, "layer": "Юкковские камы — юкки переделанный", "path": "C:/Users/blinc/OneDrive/Рабочий стол/МЛА+ проекты/НЕРАСКРЫТЫЙ ПЕТЕРБУРГ/QGIS/Data/Экомаршруты/Юкковские камы.kml|layername=юкки переделанный|geometrytype=LineString25D" }, "geometry": { "type": "MultiLineString", "coordinates": [ [ [ 3374193.397408536635339, 8426786.503480030223727, 0.0 ], [ 3374165.456216359511018, 8426793.207243055105209, 0.0 ], [ 3374113.915292148478329, 8426807.95554319396615, 0.0 ], [ 3374084.304307611193508, 8426809.296299217268825, 0.0 ], [ 3374051.242418858688325, 8426782.257766623049974, 0.0 ], [ 3374030.759632561821491, 8426781.58739104308188, 0.0 ], [ 3373993.133644692134112, 8426791.196113511919975, 0.0 ], [ 3373970.981066036969423, 8426801.698684986680746, 0.0 ], [ 3373907.751595294103026, 8426793.65416081994772, 0.0 ], [ 3373858.771019366104156, 8426769.744099240750074, 0.0 ], [ 3373855.431434653699398, 8426901.138668635860085, 0.0 ], [ 3373792.090644482523203, 8427548.983963310718536, 0.0 ], [ 3373775.392720892559737, 8427779.17384984716773, 0.0 ], [ 3373780.179458995815367, 8427803.087192861363292, 0.0 ], [ 3373844.633444141596556, 8427860.747722841799259, 0.0 ], [ 3373832.722258632071316, 8427865.441041681915522, 0.0 ], [ 3373763.370215894188732, 8427803.087192865088582, 0.0 ], [ 3373761.03250658325851, 8427745.650602689012885, 0.0 ], [ 3373768.156953984871507, 8427668.77119947783649, 0.0 ], [ 3373783.741682674735785, 8427527.529738930985332, 0.0 ], [ 3373807.11877570906654, 8427279.24634050577879, 0.0 ], [ 3373823.148782358039171, 8427074.323871936649084, 0.0 ], [ 3373845.412680488079786, 8426894.434807261452079, 0.0 ], [ 3373873.353872642386705, 8426632.988978832960129, 0.0 ], [ 3373734.761106662452221, 8426585.16997785679996, 0.0 ], [ 3373706.151997542008758, 8426580.254023417830467, 0.0 ], [ 3373694.129492544103414, 8426594.77844375744462, 0.0 ], [ 3373636.799954812508076, 8426580.254023417830467, 0.0 ], [ 3373591.492922083474696, 8426623.380463041365147, 0.0 ], [ 3373515.016431946773082, 8426661.814601583406329, 0.0 ], [ 3373390.7838802812621, 8426676.33918297290802, 0.0 ], [ 3373323.880866346415132, 8426671.423167603090405, 0.0 ], [ 3373264.213619305286556, 8426637.904968550428748, 0.0 ], [ 3373144.767805736511946, 8426589.862482922151685, 0.0 ], [ 3373106.585220406297594, 8426542.043762287124991, 0.0 ], [ 3373099.349453506525606, 8426517.911068031564355, 0.0 ], [ 3373073.078053687699139, 8426465.176937593147159, 0.0 ], [ 3373070.740344380028546, 8426450.876221625134349, 0.0 ], [ 3373073.078053672797978, 8426297.368724532425404, 0.0 ], [ 3373070.740344359073788, 8426225.420170549303293, 0.0 ], [ 3373082.65152986580506, 8426172.688136883080006, 0.0 ], [ 3373061.166868144646287, 8426110.572073645889759, 0.0 ], [ 3373080.313820548821241, 8426067.225203558802605, 0.0 ], [ 3373116.047377075534314, 8426052.925261212512851, 0.0 ], [ 3373163.914758089464158, 8426019.409880258142948, 0.0 ], [ 3373190.186157902237028, 8425971.371433854103088, 0.0 ], [ 3373233.155481328256428, 8425976.286981401965022, 0.0 ], [ 3373304.845233364962041, 8425952.156143123283982, 0.0 ], [ 3373383.659432801418006, 8425865.91138669103384, 0.0 ], [ 3373405.144094512332231, 8425870.826863771304488, 0.0 ], [ 3373440.988970529288054, 8425846.696371437981725, 0.0 ], [ 3373433.753203641157597, 8425937.856424450874329, 0.0 ], [ 3373440.988970542792231, 8425976.286981388926506, 0.0 ], [ 3373472.047108459752053, 8425980.979098023846745, 0.0 ], [ 3373505.44295567786321, 8425937.856424449011683, 0.0 ], [ 3373531.714355487376451, 8425870.826863767579198, 0.0 ] ] ] } },
{ "type": "Feature", "properties": { "fid": 42, "name": "Line 6", "cmt": null, "desc": null, "src": null, "link1_href": null, "link1_text": null, "link1_type": null, "link2_href": null, "link2_text": null, "link2_type": null, "number": null, "type": null, "id": null, "description": null, "timestamp": null, "begin": null, "end": null, "altitudeMode": null, "tessellate": 1, "extrude": 0, "visibility": -1, "drawOrder": null, "icon": null, "gpxx_TrackExtension": null, "gpxtrkx_TrackStatsExtension": null, "layer": "Юкковские камы — юкки переделанный", "path": "C:/Users/blinc/OneDrive/Рабочий стол/МЛА+ проекты/НЕРАСКРЫТЫЙ ПЕТЕРБУРГ/QGIS/Data/Экомаршруты/Юкковские камы.kml|layername=юкки переделанный|geometrytype=LineString25D" }, "geometry": { "type": "MultiLineString", "coordinates": [ [ [ 3373636.132037866860628, 8426574.220811093226075, 0.0 ], [ 3373527.706853879615664, 8426510.09030444920063, 0.0 ], [ 3373457.909533178433776, 8426435.45829333178699, 0.0 ], [ 3373489.190310073550791, 8426433.447261594235897, 0.0 ], [ 3373516.018307341728359, 8426417.359027469530702, 0.0 ], [ 3373667.858092711307108, 8426402.834957435727119, 0.0 ], [ 3373506.667470118962228, 8426420.263844918459654, 0.0 ], [ 3373457.018977252300829, 8426438.363117933273315, 0.0 ], [ 3373525.257825083564967, 8426514.335860788822174, 0.0 ], [ 3373638.024469209369272, 8426578.019499761983752, 0.0 ], [ 3373679.435319762676954, 8426564.612372046336532, 0.0 ], [ 3373735.874301568139344, 8426561.930949436500669, 0.0 ], [ 3373760.80986749753356, 8426575.114620001986623, 0.0 ], [ 3373873.353872639592737, 8426623.380463026463985, 0.0 ] ] ] } }
]
}
