{
"type": "FeatureCollection",
"name": "estate",
"crs": { "type": "name", "properties": { "name": "urn:ogc:def:crs:EPSG::3857" } },
"features": [
{ "type": "Feature", "properties": { "name": "Бронная дача Екатерины II", "Расположение": "Ломоносов", "type": "Нет", "тип": null, "Статус владельца": "Романовы", "Типология владения": "Дача", "Класс роскошности": "3", "description": "Бронная дача - личная резиденция великой княгини Екатерины Алексеевны, затем Екатерины II. место, где она проводила время в кругу ближайших друзей. Была построена по проекту архитектора А.Ф. Кокоринова. Достоверных изображений Броницкого дворца не сохранилось. Дача обсажена елями, которые напоминают о её существовании, само место превратили в карьер, который после строительства КАД засыпали/", "id": 0, "type_gis": 3 }, "geometry": { "type": "Point", "coordinates": [ 3302018.748125765006989, 8380393.426816034130752 ] } },
{ "type": "Feature", "properties": { "name": "Усадьба адмирала С.К. Грейга «Санс-Эннуи»", "Расположение": "Ломоносов", "type": "Руина", "тип": 1, "Статус владельца": "Военные", "Типология владения": "Усадьба", "Класс роскошности": "2", "description": "Одной из самых интересных усадеб южного побережья Финского залива была дача Санс-Эннуи в Ораниенбауме (ныне Ломоносов). Ее история начинается еще в петровское время: здесь жила сестра Петра I Мария Алексеевна, а в 1722 году по проекту архитектора Доменико Трезини был построен каменный усадебный дом. Позднее владельцами имения были Пётр III, адмирал Самуил Грейг и его потомки. Расположенная на краю Балтийского глинта с видом на залив и окруженная пейзажным парком с прудами, усадьба была ярким примером того, как природный рельеф становился частью дворянской резиденции. Сегодня этот памятник находится в аварийном состоянии и остается одним из самых тревожных примеров утраты исторического наследия региона.", "id": 1, "type_gis": 2 }, "geometry": { "type": "Point", "coordinates": [ 3303542.167397934943438, 8383212.215670916251838 ] } },
{ "type": "Feature", "properties": { "name": "Мыза Нагорное (Трофимовича)", "Расположение": "Ломоносов", "type": "Нет", "тип": null, "Статус владельца": "Нет данных", "Типология владения": "Мыза", "Класс роскошности": "2", "description": "Усадьба Мыза в Тосненском районе возникла в конце XVIII века как владение генерала Фридриха Буксгевдена. В середине XIX века ее владельцем стал Евгений Вонлярлярский, при котором были построены каменный усадебный дом и церковь Смоленской иконы Божией Матери. Храм, возведенный по проекту архитектора Бориса Гейденрейха, сохранился и действует до сих пор, тогда как исторический усадебный дом не пережил XX век: обветшавшее здание было снесено и заменено современной копией. Сегодня усадьба интересна прежде всего как пример дворянского имения, тесно связанного с благотворительной деятельностью своих владельцев и историей Смоленского храма.", "id": 2, "type_gis": 2 }, "geometry": { "type": "Point", "coordinates": [ 3303833.76498186821118, 8380365.471349244937301 ] } },
{ "type": "Feature", "properties": { "name": "Усадьба купца К.Ф. Винберга", "Расположение": "Ломоносов", "type": "Нет", "тип": null, "Статус владельца": "Купечество", "Типология владения": "Усадьба", "Класс роскошности": "2", "description": "Усадьба купца 1-й гильдии Карла Фёдоровича Винберга была одной из многочисленных загородных резиденций Петергофской дороги. До наших дней от нее сохранилось немногое: на территории промышленного предприятия, занявшего место усадьбы, стоит одноэтажное каменное здание, предположительно бывшая оранжерея, а также отдельные деревья старого усадебного парка. Эти немногие остатки напоминают о некогда существовавшем поместье, которое было частью исторического ландшафта южного побережья Финского залива.", "id": 3, "type_gis": 2 }, "geometry": { "type": "Point", "coordinates": [ 3305049.75597511511296, 8382996.645004702731967 ] } },
{ "type": "Feature", "properties": { "name": "Усадьба Ратьковых-Рожновых \"Дубки\"", "Расположение": "Ломоносов", "type": "Нет", "тип": null, "Статус владельца": "Дворяне", "Типология владения": "Усадьба", "Класс роскошности": "2", "description": "Усадьба Дубки — одна из старейших усадеб Петергофской дороги, история которой восходит к петровскому времени. Ее первым владельцем был воспитатель Петра I Никита Зотов, а последними — Ратьковы-Рожновы. До начала XXI века здесь сохранялись деревянный усадебный дом с галереей-верандой, фонтан, домик садовника и старинная дубовая роща. Однако главный дом был утрачен после расселения и пожара, от усадебного ансамбля сохранились лишь остатки фонтана, элементы гидросистемы и домик садовника. Особую ценность представляет исторический ландшафт нижней террасы с вековыми дубами, который сегодня находится под угрозой из-за развития портовой инфраструктуры.", "id": 4, "type_gis": 2 }, "geometry": { "type": "Point", "coordinates": [ 3306055.813842674717307, 8382816.70582340657711 ] } },
{ "type": "Feature", "properties": { "name": "Меншиковский дворец", "Расположение": null, "type": "Да", "тип": null, "Статус владельца": "Дворянство", "Типология владения": "Дворец", "Класс роскошности": "1", "id": 5, "type_gis": 1 }, "geometry": { "type": "Point", "coordinates": [ 3312203.59168076235801, 8380820.937445303425193 ] } },
{ "type": "Feature", "properties": { "name": "Усадьба Белая (Ново-Елизаветино)", "Расположение": "Оржицы", "type": "Нет", "тип": null, "Типология владения": "Усадьба", "Класс роскошности": "2", "id": 6, "type_gis": 2 }, "geometry": { "type": "Point", "coordinates": [ 3312338.260146319400519, 8343201.534025272354484 ] } },
{ "type": "Feature", "properties": { "name": "Дворец Лейхтенбергских", "Расположение": "Петергоф", "type": "Да", "тип": null, "Статус владельца": "Романовы", "Типология владения": "Дворец", "Класс роскошности": "1", "id": 7, "type_gis": 1 }, "geometry": { "type": "Point", "coordinates": [ 3322102.580525125842541, 8376282.634924134239554 ] } },
{ "type": "Feature", "properties": { "name": "Собственная дача", "Расположение": "Петергоф", "type": "Да", "тип": null, "Статус владельца": "Романовы", "Типология владения": "Дача", "Класс роскошности": "3", "id": 8, "type_gis": 3 }, "geometry": { "type": "Point", "coordinates": [ 3322887.791560888290405, 8376088.114421136677265 ] } },
{ "type": "Feature", "properties": { "name": "Ропшинский дворец", "Расположение": "Ропша", "type": "Руина", "тип": 1, "Типология владения": "Дворец", "Класс роскошности": "1", "id": 9, "type_gis": 1 }, "geometry": { "type": "Point", "coordinates": [ 3324057.290920028463006, 8338475.767445363104343 ] } },
{ "type": "Feature", "properties": { "name": "Дворец \"Бельведер\"", "Расположение": "дер. Низино", "type": "Да", "тип": 1, "Статус владельца": "Романовы", "Типология владения": "Дворец", "Класс роскошности": "1", "id": 10, "type_gis": 1 }, "geometry": { "type": "Point", "coordinates": [ 3326201.590030979830772, 8366110.314988422207534 ] } },
{ "type": "Feature", "properties": { "name": "Большой дворец", "Расположение": "Петергоф", "type": "Да", "тип": 1, "Типология владения": "Дворец", "Класс роскошности": "1", "id": 11, "type_gis": 1 }, "geometry": { "type": "Point", "coordinates": [ 3329432.914245413150638, 8374085.877201574854553 ] } },
{ "type": "Feature", "properties": { "name": "Фермерский дворец", "Расположение": "Петергоф", "type": "Да", "тип": 1, "Типология владения": "Дворец", "Класс роскошности": "1", "id": 12, "type_gis": 1 }, "geometry": { "type": "Point", "coordinates": [ 3332190.82797409966588, 8372878.695859967730939 ] } },
{ "type": "Feature", "properties": { "name": "Знаменский дворец", "Расположение": "Петергоф", "type": "Да", "тип": 1, "Типология владения": "Дворец", "Класс роскошности": "1", "id": 13, "type_gis": 1 }, "geometry": { "type": "Point", "coordinates": [ 3335650.101841076277196, 8372374.911520556546748 ] } },
{ "type": "Feature", "properties": { "name": "Михайловская дача", "Расположение": "Петергоф", "type": "Да", "тип": 1, "Типология владения": "Дача", "Класс роскошности": "3", "id": 14, "type_gis": 3 }, "geometry": { "type": "Point", "coordinates": [ 3339412.868430044036359, 8369149.198048134334385 ] } },
{ "type": "Feature", "properties": { "name": "Усадьба князя А.Д. Львова", "Расположение": "Стрельна", "type": "Да", "тип": 1, "Статус владельца": "Дворянство", "Типология владения": "Усадьба", "Класс роскошности": "2", "id": 15, "type_gis": 2 }, "geometry": { "type": "Point", "coordinates": [ 3343261.183303060941398, 8367313.983668853528798 ] } },
{ "type": "Feature", "properties": { "name": "Орловский дворец", "Расположение": "Стрельна", "type": "Нет", "тип": null, "Типология владения": "Дворец", "Класс роскошности": "1", "id": 16, "type_gis": 1 }, "geometry": { "type": "Point", "coordinates": [ 3344019.1512840539217, 8366766.746232797391713 ] } },
{ "type": "Feature", "properties": { "name": "Усадьба Шунгурово", "Расположение": null, "type": "Нет", "тип": null, "Типология владения": "Усадьба", "Класс роскошности": "2", "id": 17, "type_gis": 2 }, "geometry": { "type": "Point", "coordinates": [ 3345341.330554900225252, 8346007.020636629313231 ] } },
{ "type": "Feature", "properties": { "name": "Большой Стрельнинский дворец (Константиновский)", "Расположение": "Стрельна", "type": "Да", "тип": 1, "Типология владения": "Дворец", "Класс роскошности": "1", "id": 18, "type_gis": 1 }, "geometry": { "type": "Point", "coordinates": [ 3346085.210239309351891, 8367287.504438085481524 ] } },
{ "type": "Feature", "properties": { "name": "Усадьба художника И. Е. Репина", "Расположение": "Репино", "type": "Да", "тип": 1, "Статус владельца": "Интеллигенция", "Типология владения": "Усадьба", "Класс роскошности": "2", "id": 19, "type_gis": 2 }, "geometry": { "type": "Point", "coordinates": [ 3328077.527906866278499, 8434518.780034020543098 ] } },
{ "type": "Feature", "properties": { "name": "Дворец Меншикова \"Фаворит\"", "Расположение": "Стрельна", "type": "Нет", "тип": null, "Статус владельца": "Дворянство", "Типология владения": "Дворец", "Класс роскошности": "1", "id": 20, "type_gis": 1 }, "geometry": { "type": "Point", "coordinates": [ 3340481.25759438611567, 8368578.295334693044424 ] } },
{ "type": "Feature", "properties": { "name": "Усадьба Беззаботное ", "Расположение": "Горбунки", "type": "Нет", "тип": null, "Типология владения": "Усадьба", "Класс роскошности": "2", "id": 21, "type_gis": 2 }, "geometry": { "type": "Point", "coordinates": [ 3337128.965091913938522, 8357781.779693465679884 ] } },
{ "type": "Feature", "properties": { "name": "Вилла \"Аванс\" писателя Леонида Андреева", "Расположение": "Ушково", "type": "Нет", "тип": null, "Статус владельца": "Интеллигенция", "Типология владения": "Вилла", "Класс роскошности": "3", "id": 22, "type_gis": 3 }, "geometry": { "type": "Point", "coordinates": [ 3289305.678703536745161, 8445872.286892166361213 ] } },
{ "type": "Feature", "properties": { "name": "Усадьба графа М.П. Толстого \"Марьино\"", "Расположение": "Нижняя дорога", "type": "Нет", "тип": null, "Статус владельца": "Дворянство", "Типология владения": "Усадьба", "Класс роскошности": "2", "id": 23, "type_gis": 2 }, "geometry": { "type": "Point", "coordinates": [ 3350666.050926589407027, 8367027.378097769804299 ] } },
{ "type": "Feature", "properties": { "name": "Дача адмирала фон Моллер", "Расположение": "Нижняя дорога", "type": "Нет", "тип": null, "Статус владельца": "Военные", "Типология владения": "Дача", "Класс роскошности": "3", "id": 24, "type_gis": 3 }, "geometry": { "type": "Point", "coordinates": [ 3351742.567672728095204, 8366425.436170907691121 ] } },
{ "type": "Feature", "properties": { "name": "Дача графов Виелегорских Матвея и Михаила \"Павлино\"", "Расположение": "Нижняя дорога", "type": "Нет", "тип": null, "Статус владельца": "Дворянство", "Типология владения": "Дача", "Класс роскошности": "3", "id": 25, "type_gis": 3 }, "geometry": { "type": "Point", "coordinates": [ 3352328.787017597816885, 8366095.453996378928423 ] } },
{ "type": "Feature", "properties": { "name": "Дача тайного кабинет-секретаря А. В. Макарова \"Елизино\"", "Расположение": "Нижняя дорога", "type": "Нет", "тип": null, "Статус владельца": "Чиновники", "Типология владения": "Дача", "Класс роскошности": "3", "id": 26, "type_gis": 3 }, "geometry": { "type": "Point", "coordinates": [ 3352915.245752840768546, 8365934.727494769729674 ] } },
{ "type": "Feature", "properties": { "name": "Усадьба графа Бурхарда Христофора фон Миниха", "Расположение": "Нижняя дорога", "type": "Да", "тип": 1, "Статус владельца": "Дворянство", "Типология владения": "Усадьба", "Класс роскошности": "2", "id": 27, "type_gis": 2 }, "geometry": { "type": "Point", "coordinates": [ 3353426.964160302653909, 8365620.350172275677323 ] } },
{ "type": "Feature", "properties": { "name": "Дача князя Н. Ю. Трубецкого", "Расположение": "Нижняя дорога", "type": "Нет", "тип": null, "Статус владельца": "Дворянство", "Типология владения": "Дача", "Класс роскошности": "3", "id": 28, "type_gis": 3 }, "geometry": { "type": "Point", "coordinates": [ 3353900.611015337985009, 8365586.45315226726234 ] } },
{ "type": "Feature", "properties": { "name": "Усадьба графа М. И. Воронцова \"Новознаменка\"", "Расположение": "Нижняя дорога", "type": "Да", "тип": 1, "Статус владельца": "Дворянство", "Типология владения": "Усадьба", "Класс роскошности": "2", "id": 29, "type_gis": 2 }, "geometry": { "type": "Point", "coordinates": [ 3354233.623341983184218, 8365430.678016502410173 ] } },
{ "type": "Feature", "properties": { "name": "\"Швейцарский домик\"", "Расположение": "Дудергоф", "type": "Нет", "тип": null, "Типология владения": "Дом", "id": 30, "type_gis": null }, "geometry": { "type": "Point", "coordinates": [ 3354452.779988300986588, 8332785.616016478277743 ] } },
{ "type": "Feature", "properties": { "name": "Усадьба коллежского советника П. Г. Демидова\n\n", "Расположение": "Нижняя Дорога", "type": "Да", "тип": 1, "Статус владельца": "Чиновники", "Типология владения": "Усадьба", "Класс роскошности": "2", "id": 31, "type_gis": 2 }, "geometry": { "type": "Point", "coordinates": [ 3355598.604045900516212, 8365414.734845657832921 ] } },
{ "type": "Feature", "properties": { "name": "Усадьба Демидова-Эбсворта \"Литания\"", "Расположение": "Нижняя дорога", "type": "Нет", "тип": null, "Типология владения": "Усадьба", "Класс роскошности": "2", "id": 32, "type_gis": 2 }, "geometry": { "type": "Point", "coordinates": [ 3356947.669086851645261, 8365150.395736213773489 ] } },
{ "type": "Feature", "properties": { "name": "Мыза Койрово графа Орлова", "Расположение": null, "type": "Нет", "тип": null, "Статус владельца": "Дворянство", "Типология владения": "Мыза", "Класс роскошности": "2", "id": 33, "type_gis": 2 }, "geometry": { "type": "Point", "coordinates": [ 3365309.079750283621252, 8351714.056391508318484 ] } },
{ "type": "Feature", "properties": { "name": "Мыза \"Парголово\" большой дворец графов Воронцовых-Дашковых", "Расположение": "Парголово", "type": "Да", "тип": 1, "Статус владельца": "Дворянство", "Типология владения": "Мыза", "Класс роскошности": "2", "id": 34, "type_gis": 2 }, "geometry": { "type": "Point", "coordinates": [ 3372867.763999804388732, 8416986.135049602016807 ] } },
{ "type": "Feature", "properties": { "name": "Мыза \"Бугры\" купца Генриха Загамеля", "Расположение": "Бугры", "type": "Нет", "тип": null, "Статус владельца": "Купечество", "Типология владения": "Мыза", "Класс роскошности": "2", "id": 35, "type_gis": 2 }, "geometry": { "type": "Point", "coordinates": [ 3382942.783062441740185, 8414722.268495757132769 ] } },
{ "type": "Feature", "properties": { "name": "Усадьба графини Ю. Самойловой \"Графская Славянка\"", "Расположение": "Динамо", "type": "Да", "тип": 1, "Типология владения": "Усадьба", "Класс роскошности": "2", "id": 36, "type_gis": 2 }, "geometry": { "type": "Point", "coordinates": [ 3384961.176660899072886, 8322956.519433685578406 ] } },
{ "type": "Feature", "properties": { "name": "Дача Ростовцевой", "Расположение": "Пушкин", "type": "Да", "тип": 1, "Типология владения": "Дача", "Класс роскошности": "3", "id": 37, "type_gis": 3 }, "geometry": { "type": "Point", "coordinates": [ 3385687.445946412626654, 8335537.039611055515707 ] } },
{ "type": "Feature", "properties": { "name": "Дача Юсуповой", "Расположение": "Пушкин", "type": "Да", "тип": 1, "Типология владения": "Дача", "Класс роскошности": "3", "id": 38, "type_gis": 3 }, "geometry": { "type": "Point", "coordinates": [ 3385755.341409944463521, 8335316.379354579374194 ] } },
{ "type": "Feature", "properties": { "name": "Дача князя Бориса Романова", "Расположение": "Пушкин", "type": "Да", "тип": 1, "Статус владельца": "Романовы", "Типология владения": "Дача", "Класс роскошности": "3", "id": 39, "type_gis": 3 }, "geometry": { "type": "Point", "coordinates": [ 3386754.083678485359997, 8335959.349394211545587 ] } },
{ "type": "Feature", "properties": { "name": "Дача архитектора А. Брюллова", "Расположение": "Павловск", "type": "Да", "тип": 1, "Статус владельца": "Инженеры", "Типология владения": "Дача", "Класс роскошности": "3", "id": 40, "type_gis": 3 }, "geometry": { "type": "Point", "coordinates": [ 3388441.285947237163782, 8328391.551290391013026 ] } },
{ "type": "Feature", "properties": { "name": "Мариенталь (крепость Бип)", "Расположение": "Павловск", "type": "Да", "тип": 1, "Статус владельца": "Романовы", "Типология владения": "Дворец", "Класс роскошности": "1", "id": 41, "type_gis": 1 }, "geometry": { "type": "Point", "coordinates": [ 3388950.841401037294418, 8328992.426142638549209 ] } },
{ "type": "Feature", "properties": { "name": "Дача адмирала Панфилова", "Расположение": "Павловск", "type": "Руина", "тип": 1, "Типология владения": "Дача", "Класс роскошности": "3", "id": 42, "type_gis": 3 }, "geometry": { "type": "Point", "coordinates": [ 3389952.129749462939799, 8329459.716670392081141 ] } },
{ "type": "Feature", "properties": { "name": "Павловский дворец", "Расположение": "Павловск", "type": "Да", "тип": 1, "Типология владения": "Дворец", "Класс роскошности": "1", "id": 43, "type_gis": 1 }, "geometry": { "type": "Point", "coordinates": [ 3389973.347081816289574, 8330089.447094635106623 ] } },
{ "type": "Feature", "properties": { "name": "Мыза \"Рябово\" камергера Всеволода Всеволожского", "Расположение": "Румболово", "type": "Нет", "тип": 1, "Статус владельца": "Чиновники", "Типология владения": "Мыза", "Класс роскошности": "2", "id": 44, "type_gis": 2 }, "geometry": { "type": "Point", "coordinates": [ 3410863.550100224558264, 8408231.906551253050566 ] } },
{ "type": "Feature", "properties": { "name": "Мыза Зеленая графа Ягужинского (усадьба Чоглоковых)", "Расположение": "Колтуши", "type": "Нет", "тип": null, "Статус владельца": "Дворянство", "Типология владения": "Мыза", "Класс роскошности": "2", "id": 45, "type_gis": 2 }, "geometry": { "type": "Point", "coordinates": [ 3413039.829299843404442, 8384852.602687918581069 ] } },
{ "type": "Feature", "properties": { "name": "Усадьба Козловка", "Расположение": "Саблино", "type": "Нет", "тип": null, "Типология владения": "Усадьба", "Класс роскошности": "2", "id": 46, "type_gis": 2 }, "geometry": { "type": "Point", "coordinates": [ 3426683.779928654897958, 8324636.578315949998796 ] } },
{ "type": "Feature", "properties": { "name": "Усадьба Костино", "Расположение": "Саблино", "type": "Нет", "тип": null, "Типология владения": "Усадьба", "Класс роскошности": "2", "id": 47, "type_gis": 2 }, "geometry": { "type": "Point", "coordinates": [ 3429910.662231227848679, 8323815.518558958545327 ] } },
{ "type": "Feature", "properties": { "name": "Мыза президента Академии художеств А. Н. Оленина \"Приютино\"", "Расположение": null, "type": "Да", "тип": 1, "Типология владения": "Мыза", "Класс роскошности": "2", "id": 48, "type_gis": 2 }, "geometry": { "type": "Point", "coordinates": [ 3404152.627912771888077, 8402512.105724273249507 ] } },
{ "type": "Feature", "properties": { "name": "Усадьба купца Иогана Бернгарда (мыза Христиановка)", "Расположение": null, "type": "Нет", "тип": null, "Статус владельца": "Купечество", "Типология владения": "Усадьба", "Класс роскошности": "2", "id": 49, "type_gis": 2 }, "geometry": { "type": "Point", "coordinates": [ 3408484.739331135526299, 8401407.821743598207831 ] } },
{ "type": "Feature", "properties": { "name": "Екатерининский дворец", "Расположение": "Пушкин", "type": "Да", "тип": 1, "Типология владения": "Дворец", "Класс роскошности": "1", "id": 50, "type_gis": 1 }, "geometry": { "type": "Point", "coordinates": [ 3383607.943652820307761, 8336785.74725604057312 ] } },
{ "type": "Feature", "properties": { "name": "Дворец Палей", "Расположение": "Пушкин", "type": "Руина", "тип": 1, "Типология владения": "Дворец", "Класс роскошности": "1", "id": 51, "type_gis": 1 }, "geometry": { "type": "Point", "coordinates": [ 3385731.535352444276214, 8336350.21865978743881 ] } },
{ "type": "Feature", "properties": { "name": "Баболовский дворец", "Расположение": "Пушкин", "type": "Руина", "тип": 1, "Типология владения": "Дворец", "Класс роскошности": "1", "id": 52, "type_gis": 1 }, "geometry": { "type": "Point", "coordinates": [ 3377939.315491341520101, 8335167.327150152996182 ] } },
{ "type": "Feature", "properties": { "name": "Дом Е.М. Безруковой (дача музыкального критика В.В. Стасова)", "Расположение": null, "type": "Нет", "тип": null, "Типология владения": "Дом", "Класс роскошности": "3", "id": 53, "type_gis": 3 }, "geometry": { "type": "Point", "coordinates": [ 3372296.11527512781322, 8418513.222617216408253 ] } },
{ "type": "Feature", "properties": { "name": "Усадьба «Мариоки» банкира Евгения Картавцева и писательницы Марии Крестовской", "Расположение": "Молодежное", "type": "Нет", "тип": null, "Статус владельца": "Купечество", "Типология владения": "Усадьба", "Класс роскошности": "2", "id": 54, "type_gis": 2 }, "geometry": { "type": "Point", "coordinates": [ 3288668.442682780791074, 8444240.228933023288846 ] } },
{ "type": "Feature", "properties": { "name": "Дача юриста Б.Б. фон Дорна", "Расположение": null, "type": "Руина", "тип": null, "Статус владельца": "Чиновники", "Типология владения": "Дача", "Класс роскошности": "3", "id": 55, "type_gis": 3 }, "geometry": { "type": "Point", "coordinates": [ 3298089.013781952206045, 8443105.92531805858016 ] } },
{ "type": "Feature", "properties": { "name": "Дача Заеца-Окессона (ru)", "Расположение": null, "type": "Руина", "тип": null, "Типология владения": "Дача", "Класс роскошности": "3", "id": 56, "type_gis": 3 }, "geometry": { "type": "Point", "coordinates": [ 3300347.396042412612587, 8442635.846155636012554 ] } },
{ "type": "Feature", "properties": { "name": "Дача присяжного поверенного при банке С.А. Косякова", "Расположение": null, "type": "Руина", "тип": null, "Статус владельца": "Чиновники", "Типология владения": "Дача", "Класс роскошности": "3", "id": 57, "type_gis": 3 }, "geometry": { "type": "Point", "coordinates": [ 3298132.122859114315361, 8445315.608687493950129 ] } },
{ "type": "Feature", "properties": { "name": "Дача Е.А. Степановой бывшая вилла \"Холмик\"", "Расположение": null, "type": "Да", "тип": null, "Типология владения": "Дача", "Класс роскошности": "3", "id": 58, "type_gis": 3 }, "geometry": { "type": "Point", "coordinates": [ 3300708.593902638647705, 8443134.763647867366672 ] } },
{ "type": "Feature", "properties": { "name": "Вилла Грёнстедт-Хейккиля (Шведская дача)", "Расположение": null, "type": "Нет", "тип": null, "Типология владения": "Вилла", "Класс роскошности": "3", "id": 59, "type_gis": 3 }, "geometry": { "type": "Point", "coordinates": [ 3301625.19551682472229, 8442632.96403555944562 ] } },
{ "type": "Feature", "properties": { "name": "Дача Е.И. Лумберг", "Расположение": null, "type": "Да", "тип": null, "Типология владения": "Дача", "Класс роскошности": "3", "id": 60, "type_gis": 3 }, "geometry": { "type": "Point", "coordinates": [ 3301990.361963599920273, 8442332.878689285367727 ] } },
{ "type": "Feature", "properties": { "name": "\"Желтая дача\" адвоката Георга Месмахера", "Расположение": null, "type": "Да", "тип": null, "Статус владельца": "Чиновники", "Типология владения": "Дача", "Класс роскошности": "3", "id": 61, "type_gis": 3 }, "geometry": { "type": "Point", "coordinates": [ 3373212.450390548910946, 8417326.322158077731729 ] } },
{ "type": "Feature", "properties": { "name": "Троице-Сергиева Приморская пустынь", "Расположение": null, "type": "Да", "тип": null, "Типология владения": "", "id": 62, "type_gis": null }, "geometry": { "type": "Point", "coordinates": [ 3349538.433701963163912, 8367395.167946658097208 ] } },
{ "type": "Feature", "properties": { "name": "Дача купца Ричарда Чидсона ", "Расположение": null, "type": "Нет", "тип": null, "Статус владельца": "Купечество", "Типология владения": "Дача", "Класс роскошности": "3", "id": 63, "type_gis": 3 }, "geometry": { "type": "Point", "coordinates": [ 3356172.277774720452726, 8365403.159409981220961 ] } },
{ "type": "Feature", "properties": { "name": "Усадьба вдовы обер-офицера М.М. Бежануцо (Полторка)", "Расположение": null, "type": "Нет", "тип": null, "Статус владельца": "Военные", "Типология владения": "Усадьба", "Класс роскошности": "2", "id": 64, "type_gis": 2 }, "geometry": { "type": "Point", "coordinates": [ 3355645.347185976337641, 8400464.503001969307661 ] } },
{ "type": "Feature", "properties": { "name": "Дача композитора А.Г. Рубинштейна", "Расположение": "Петергоф", "type": "Нет", "тип": null, "Статус владельца": "Интеллигенция", "Типология владения": "Дача", "Класс роскошности": "3", "id": 65, "type_gis": 3 }, "geometry": { "type": "Point", "coordinates": [ 3326084.997082305140793, 8375348.064822347834706 ] } },
{ "type": "Feature", "properties": { "name": "Английский дворец", "Расположение": null, "type": "Нет", "тип": null, "Типология владения": "Дворец", "Класс роскошности": "1", "id": 66, "type_gis": 1 }, "geometry": { "type": "Point", "coordinates": [ 3326374.13422404229641, 8373281.473308694548905 ] } },
{ "type": "Feature", "properties": { "name": "\"Зеленая дача\"", "Расположение": null, "type": "Да", "тип": null, "Типология владения": "Дача", "Класс роскошности": "3", "id": 67, "type_gis": 3 }, "geometry": { "type": "Point", "coordinates": [ 3373149.393068125005811, 8417641.608770176768303 ] } },
{ "type": "Feature", "properties": { "name": "Дача Захаровых (Эйлера) «Kukkamäki» (Цветочный холм)", "Расположение": null, "type": "Да", "тип": null, "Типология владения": "Дача", "Класс роскошности": "3", "id": 68, "type_gis": 3 }, "geometry": { "type": "Point", "coordinates": [ 3308248.69454427389428, 8442954.454418050125241 ] } },
{ "type": "Feature", "properties": { "name": "Дача пивоваренного магната Л.И.Крона", "Расположение": "Петергоф", "type": "Нет", "тип": null, "Статус владельца": "Купечество", "Типология владения": "Дача", "Класс роскошности": "3", "id": 69, "type_gis": 3 }, "geometry": { "type": "Point", "coordinates": [ 3324028.04852311545983, 8375974.929420491680503 ] } },
{ "type": "Feature", "properties": { "name": "\"Красная дача\"", "Расположение": null, "type": "Да", "тип": null, "Типология владения": "Дача", "Класс роскошности": "3", "id": 70, "type_gis": 3 }, "geometry": { "type": "Point", "coordinates": [ 3372248.421495246700943, 8416824.702494192868471 ] } },
{ "type": "Feature", "properties": { "name": "Дача владелицы кондитерской фабрики Е. Н. Шапошниковой", "Расположение": null, "type": "Да", "тип": null, "Статус владельца": "Купечество", "Типология владения": "Дача", "Класс роскошности": "3", "id": 71, "type_gis": 3 }, "geometry": { "type": "Point", "coordinates": [ 3371145.653131015598774, 8417332.801565151661634 ] } },
{ "type": "Feature", "properties": { "name": "Благотворительный комплекс им. Дрожжиных", "Расположение": null, "type": "Да", "тип": null, "Типология владения": "", "id": 72, "type_gis": null }, "geometry": { "type": "Point", "coordinates": [ 3386089.266066517215222, 8335045.57937275711447 ] } },
{ "type": "Feature", "properties": { "name": "Офицерское собрание лейб-гвардии 1-го Стрелкового полка", "Расположение": null, "type": "Да", "тип": null, "Типология владения": "", "id": 73, "type_gis": null }, "geometry": { "type": "Point", "coordinates": [ 3386357.877829723525792, 8334184.13244049064815 ] } },
{ "type": "Feature", "properties": { "name": "Усадьба купца Роберта Кенша", "Расположение": null, "type": "Нет", "тип": null, "Статус владельца": "Купечество", "Типология владения": "Усадьба", "Класс роскошности": "2", "id": 74, "type_gis": 2 }, "geometry": { "type": "Point", "coordinates": [ 3410864.886060444172472, 8402285.28041659668088 ] } },
{ "type": "Feature", "properties": { "name": "Усадьба графини Е.И.Лопухиной (Левашовых, Вяземских) \"Осиновая роща\"", "Расположение": null, "type": "Руина", "тип": null, "Статус владельца": "Дворянство", "Типология владения": "Усадьба", "Класс роскошности": "2", "id": 75, "type_gis": 2 }, "geometry": { "type": "Point", "coordinates": [ 3368064.401280324440449, 8424678.809869127348065 ] } },
{ "type": "Feature", "properties": { "name": "Мыза Михайловка", "Расположение": null, "type": "Нет", "тип": null, "Типология владения": "Мыза", "Класс роскошности": "2", "id": 76, "type_gis": 2 }, "geometry": { "type": "Point", "coordinates": [ 3420493.709338369779289, 8376610.889359075576067 ] } },
{ "type": "Feature", "properties": { "name": "Нижняя дача", "Расположение": null, "type": "Нет", "тип": null, "Типология владения": "Дача", "Класс роскошности": "3", "id": 77, "type_gis": 3 }, "geometry": { "type": "Point", "coordinates": [ 3334125.47924357932061, 8373999.585173740051687 ] } },
{ "type": "Feature", "properties": { "name": "Дача ювелира Карла Фаберже", "Расположение": null, "type": "Руина", "тип": null, "Статус владельца": "Инженеры", "Типология владения": "Дача", "Класс роскошности": "3", "id": 78, "type_gis": 3 }, "geometry": { "type": "Point", "coordinates": [ 3365413.129128366708755, 8425421.699390314519405 ] } },
{ "type": "Feature", "properties": { "name": "\"Теремок Светлана\" дача Фокина владельца кондитерской фабрики", "Расположение": null, "type": "Нет", "тип": null, "Статус владельца": "Купечество", "Типология владения": "Дача", "Класс роскошности": "3", "id": 79, "type_gis": 3 }, "geometry": { "type": "Point", "coordinates": [ 3371262.814748724922538, 8417295.519966280087829 ] } },
{ "type": "Feature", "properties": { "name": "Дача XIX века", "Расположение": "", "type": "Нет", "тип": null, "Типология владения": "Дача", "Класс роскошности": "3", "id": 80, "type_gis": 3 }, "geometry": { "type": "Point", "coordinates": [ 3313730.424703761003911, 8380709.34751015715301 ] } },
{ "type": "Feature", "properties": { "name": "Дача балерины М.Ф. Кшесинской ", "Расположение": null, "type": "Нет", "тип": null, "Статус владельца": "Интеллигенция", "Типология владения": "Дача", "Класс роскошности": "3", "id": 81, "type_gis": 3 }, "geometry": { "type": "Point", "coordinates": [ 3346772.996044281404465, 8368100.554943401366472 ] } },
{ "type": "Feature", "properties": { "name": "Усадьба Михайловская дача Вел. Кн. Александра и Константина Павловичей", "Расположение": null, "type": "Нет", "тип": null, "Статус владельца": "Романовы", "Типология владения": "Усадьба", "Класс роскошности": "2", "id": 82, "type_gis": 2 }, "geometry": { "type": "Point", "coordinates": [ 3386928.107726228889078, 8328497.348631941713393 ] } },
{ "type": "Feature", "properties": { "name": "Дача Кочубей М. В. (Запасный дворец, Владимирский дворец)", "Расположение": null, "type": "Да", "тип": null, "Типология владения": "Дача", "Класс роскошности": "3", "id": 83, "type_gis": 3 }, "geometry": { "type": "Point", "coordinates": [ 3385318.260758491232991, 8336153.009501134976745 ] } },
{ "type": "Feature", "properties": { "name": "Усадьба графа А. В. Стенбок-Фермора . Охотничий замок", "Расположение": null, "type": "Да", "тип": null, "Статус владельца": "Дворянство", "Типология владения": "Усадьба", "Класс роскошности": "2", "id": 84, "type_gis": 2 }, "geometry": { "type": "Point", "coordinates": [ 3354180.544708271510899, 8397518.971013700589538 ] } },
{ "type": "Feature", "properties": { "name": "Вилла «Анино» руководителя \"БраНобель\" К. С. Богданова", "Расположение": null, "type": "Да", "тип": null, "Статус владельца": "Купечество", "Типология владения": "Вилла", "Класс роскошности": "3", "id": 85, "type_gis": 3 }, "geometry": { "type": "Point", "coordinates": [ 3310359.9851562413387, 8442820.681618820875883 ] } },
{ "type": "Feature", "properties": { "name": "Дача принца П. Г. Ольденбургского", "Расположение": "Петергоф", "type": "Нет", "тип": null, "Статус владельца": "Романовы", "Типология владения": "Дача", "Класс роскошности": "3", "id": 86, "type_gis": 3 }, "geometry": { "type": "Point", "coordinates": [ 3326260.804994016885757, 8375289.80983164254576 ] } },
{ "type": "Feature", "properties": { "name": "Вилла Вел.кн. К.К. Романова", "Расположение": null, "type": "Да", "тип": null, "Статус владельца": "Романовы", "Типология владения": "Вилла", "Класс роскошности": "3", "id": 87, "type_gis": 3 }, "geometry": { "type": "Point", "coordinates": [ 3319219.038312603719532, 8378904.602908269502223 ] } },
{ "type": "Feature", "properties": { "name": "Усадьба канцлера Головкина «Рощинское» - Усадьба Зубовых «Отрада»", "Расположение": null, "type": "Руина", "тип": null, "Статус владельца": "Дворянство", "Типология владения": "Усадьба", "Класс роскошности": "2", "id": 88, "type_gis": 2 }, "geometry": { "type": "Point", "coordinates": [ 3308245.915815179236233, 8382867.554325915873051 ] } },
{ "type": "Feature", "properties": { "name": "Путевой дворец Петра 1", "Расположение": null, "type": "Да", "тип": null, "Статус владельца": "Романовы", "Типология владения": "Дворец", "Класс роскошности": "1", "id": 89, "type_gis": 1 }, "geometry": { "type": "Point", "coordinates": [ 3344585.9307, 8367241.823168054223061 ] } },
{ "type": "Feature", "properties": { "name": "Ферма \"Крейт\" генерал-адъютанта И.И. Шувалова", "Расположение": null, "type": "Нет", "тип": null, "Статус владельца": "Военные", "Типология владения": "", "id": 90, "type_gis": null }, "geometry": { "type": "Point", "coordinates": [ 3337319.607923756353557, 8370752.970366372726858 ] } },
{ "type": "Feature", "properties": { "name": "Дворец Потёмкина (Миниха)", "Расположение": null, "type": "Руина", "тип": null, "Статус владельца": "Дворянство", "Типология владения": "Дворец", "Класс роскошности": "1", "id": 91, "type_gis": 1 }, "geometry": { "type": "Point", "coordinates": [ 3296783.67636178759858, 8343519.673848383128643 ] } },
{ "type": "Feature", "properties": { "name": "Дача крестьянки М.А. Кралиной", "Расположение": null, "type": "Нет", "тип": null, "Статус владельца": "Крестьянство", "Типология владения": "Дача", "Класс роскошности": "3", "id": 92, "type_gis": 3 }, "geometry": { "type": "Point", "coordinates": [ 3336582.955361679662019, 8413946.154244985431433 ] } },
{ "type": "Feature", "properties": { "name": "Дворец \"Коттедж\"", "Расположение": null, "type": "Да", "тип": null, "Статус владельца": "Романовы", "Типология владения": "Дворец", "Класс роскошности": "1", "id": 93, "type_gis": 1 }, "geometry": { "type": "Point", "coordinates": [ 3333507.205282338429242, 8372724.249334123916924 ] } },
{ "type": "Feature", "properties": { "name": "Дача купца Максимова (Андреевское)", "Расположение": null, "type": "Руина", "тип": null, "Статус владельца": "Купечество", "Типология владения": "Дача", "Класс роскошности": "3", "id": 94, "type_gis": 3 }, "geometry": { "type": "Point", "coordinates": [ 3309859.918751871213317, 8381525.216959078796208 ] } },
{ "type": "Feature", "properties": { "name": "Усадьба адмирала Н.С. Мордвинова", "Расположение": null, "type": "Нет", "тип": null, "Статус владельца": "Военные", "Типология владения": "Усадьба", "Класс роскошности": "2", "id": 95, "type_gis": 2 }, "geometry": { "type": "Point", "coordinates": [ 3320331.991666921414435, 8377206.111170805059373 ] } },
{ "type": "Feature", "properties": { "name": "Дача статского советника И.К. Русвурма", "Расположение": null, "type": "Да", "тип": null, "Статус владельца": "Чиновники", "Типология владения": "Дача", "Класс роскошности": "3", "id": 96, "type_gis": 3 }, "geometry": { "type": "Point", "coordinates": [ 3356335.410545269493014, 8399926.465314242988825 ] } },
{ "type": "Feature", "properties": { "name": "Усадьба инженера, советника П.А. Авенариуса", "Расположение": null, "type": "Да", "тип": null, "Статус владельца": "Инженеры", "Типология владения": "Усадьба", "Класс роскошности": "2", "id": 97, "type_gis": 2 }, "geometry": { "type": "Point", "coordinates": [ 3336992.352773564867675, 8413053.939236681908369 ] } },
{ "type": "Feature", "properties": { "name": "Дача С. В. Линдес", "Расположение": null, "type": "Нет", "тип": null, "Типология владения": "Дача", "Класс роскошности": "3", "id": 98, "type_gis": 3 }, "geometry": { "type": "Point", "coordinates": [ 3325810.333872148301452, 8375460.146869485266507 ] } },
{ "type": "Feature", "properties": { "name": "Дом Дж. Кваренги", "Расположение": null, "type": "Нет", "тип": null, "Типология владения": "Дом", "Класс роскошности": "3", "id": 99, "type_gis": 3 }, "geometry": { "type": "Point", "coordinates": [ 3326689.024776443373412, 8373644.619353061541915 ] } },
{ "type": "Feature", "properties": { "name": "Дача торговцев Штейдингов (Дом Константинова)", "Расположение": null, "type": "Да", "тип": null, "Статус владельца": "Купечество", "Типология владения": "Дача", "Класс роскошности": "3", "id": 100, "type_gis": 3 }, "geometry": { "type": "Point", "coordinates": [ 3355995.753554208669811, 8399519.548221748322248 ] } },
{ "type": "Feature", "properties": { "name": "Усадьба князя В.М. Дондукова-Корсакова", "Расположение": null, "type": "Нет", "тип": null, "Статус владельца": "Дворянство", "Типология владения": "Усадьба", "Класс роскошности": "2", "id": 101, "type_gis": 2 }, "geometry": { "type": "Point", "coordinates": [ 3319193.145216831471771, 8377775.951657119207084 ] } },
{ "type": "Feature", "properties": { "name": "Усадьба графа И. А. Мусина-Пушкина", "Расположение": null, "type": "Нет", "тип": null, "Статус владельца": "Дворянство", "Типология владения": "Усадьба", "Класс роскошности": "2", "id": 102, "type_gis": 2 }, "geometry": { "type": "Point", "coordinates": [ 3338108.632916262838989, 8370205.926688812673092 ] } },
{ "type": "Feature", "properties": { "name": "Дача Георгия Силяновского (ru)", "Расположение": null, "type": "Да", "тип": null, "Типология владения": "Дача", "Класс роскошности": "3", "id": 103, "type_gis": 3 }, "geometry": { "type": "Point", "coordinates": [ 3305401.443707614671439, 8442786.961608063429594 ] } },
{ "type": "Feature", "properties": { "name": "Дача начала XX века", "Расположение": null, "type": "Да", "тип": null, "Статус владельца": "Нет данных", "Типология владения": "Дача", "Класс роскошности": "3", "id": 104, "type_gis": 3 }, "geometry": { "type": "Point", "coordinates": [ 3354659.809741112403572, 8399289.756745878607035 ] } },
{ "type": "Feature", "properties": { "name": "Дача военного топографа А. Х. Гербиха ", "Расположение": null, "type": "Да", "тип": null, "Статус владельца": "Военные", "Типология владения": "Дача", "Класс роскошности": "3", "id": 105, "type_gis": 3 }, "geometry": { "type": "Point", "coordinates": [ 3337544.204039273783565, 8411210.997203823179007 ] } },
{ "type": "Feature", "properties": { "name": "Дача начала XX века", "Расположение": null, "type": "Да", "тип": null, "Статус владельца": "Нет данных", "Типология владения": "Дача", "Класс роскошности": "3", "id": 106, "type_gis": 3 }, "geometry": { "type": "Point", "coordinates": [ 3336761.579921883996576, 8414167.982881646603346 ] } },
{ "type": "Feature", "properties": { "name": "Дача банкира А.А. Шварца", "Расположение": null, "type": "Да", "тип": null, "Статус владельца": "Купечество", "Типология владения": "Дача", "Класс роскошности": "3", "id": 107, "type_gis": 3 }, "geometry": { "type": "Point", "coordinates": [ 3372344.19052998861298, 8415456.548957401886582 ] } },
{ "type": "Feature", "properties": { "name": "Дача начала XX века", "Расположение": null, "type": "Руина", "тип": null, "Статус владельца": "Нет данных", "Типология владения": "Дача", "Класс роскошности": "3", "id": 108, "type_gis": 3 }, "geometry": { "type": "Point", "coordinates": [ 3354205.106705494225025, 8399430.55276956781745 ] } },
{ "type": "Feature", "properties": { "name": "Дом почетного гражданина А. Ф Соболевского (ru)", "Расположение": null, "type": "Руина", "тип": null, "Статус владельца": "Чиновники", "Типология владения": "Дом", "Класс роскошности": "3", "id": 109, "type_gis": 3 }, "geometry": { "type": "Point", "coordinates": [ 3336314.767994532361627, 8415964.419515300542116 ] } },
{ "type": "Feature", "properties": { "name": "Дача инженера В.А. Косякова", "Расположение": null, "type": "Да", "тип": null, "Статус владельца": "Инженеры", "Типология владения": "Дача", "Класс роскошности": "3", "id": 110, "type_gis": 3 }, "geometry": { "type": "Point", "coordinates": [ 3334343.47627825057134, 8422560.377023948356509 ] } },
{ "type": "Feature", "properties": { "name": "Усадьба А.П. Кожевникова (М.Б. Юнкер)", "Расположение": null, "type": "Да", "тип": null, "Типология владения": "Усадьба", "Класс роскошности": "2", "id": 111, "type_gis": 2 }, "geometry": { "type": "Point", "coordinates": [ 3325557.374151036608964, 8375536.849399856291711 ] } },
{ "type": "Feature", "properties": { "name": "Усадьба купца Н. Н. Беллей", "Расположение": null, "type": "Да", "тип": null, "Статус владельца": "Купечество", "Типология владения": "Усадьба", "Класс роскошности": "2", "id": 112, "type_gis": 2 }, "geometry": { "type": "Point", "coordinates": [ 3326205.441587840206921, 8370148.094351202249527 ] } },
{ "type": "Feature", "properties": { "name": "Дача И. Ф. Бека", "Расположение": null, "type": "Нет", "тип": null, "Типология владения": "Дача", "Класс роскошности": "3", "id": 113, "type_gis": 3 }, "geometry": { "type": "Point", "coordinates": [ 3320617.709025913383812, 8377152.316505958326161 ] } },
{ "type": "Feature", "properties": { "name": "Дача начала XX века", "Расположение": null, "type": "Нет", "тип": null, "Статус владельца": "Нет данных", "Типология владения": "Дача", "Класс роскошности": "3", "id": 114, "type_gis": 3 }, "geometry": { "type": "Point", "coordinates": [ 3354097.863544363062829, 8399844.719264078885317 ] } },
{ "type": "Feature", "properties": { "name": "Усадьба Белозёрова (главное здание) (ru)", "Расположение": null, "type": "Да", "тип": null, "Типология владения": "Усадьба", "Класс роскошности": "2", "id": 115, "type_gis": 2 }, "geometry": { "type": "Point", "coordinates": [ 3387509.57730109943077, 8328792.989491635002196 ] } },
{ "type": "Feature", "properties": { "name": "Дом на участке инженера промышленника Роберта Эргардта", "Расположение": null, "type": "Да", "тип": null, "Статус владельца": "Купечество", "Типология владения": "Дом", "Класс роскошности": "3", "id": 116, "type_gis": 3 }, "geometry": { "type": "Point", "coordinates": [ 3317410.687942278105766, 8440587.508454764261842 ] } },
{ "type": "Feature", "properties": { "name": "Дом ювелира А. А. Хольминга", "Расположение": null, "type": "Нет", "тип": null, "Статус владельца": "Инженеры", "Типология владения": "Дом", "Класс роскошности": "3", "id": 117, "type_gis": 3 }, "geometry": { "type": "Point", "coordinates": [ 3336545.595886330120265, 8414171.200608404353261 ] } },
{ "type": "Feature", "properties": { "name": "Дом статского советника МПС В.И. Вендровского", "Расположение": null, "type": "Нет", "тип": null, "Статус владельца": "Чиновники", "Типология владения": "Дом", "Класс роскошности": "3", "id": 118, "type_gis": 3 }, "geometry": { "type": "Point", "coordinates": [ 3336650.558221836574376, 8414538.568782679736614 ] } },
{ "type": "Feature", "properties": { "name": "Дача торговца Генриха Мюзера Мюзера ", "Расположение": null, "type": "Руина", "тип": null, "Типология владения": "Дача", "Класс роскошности": "3", "id": 119, "type_gis": 3 }, "geometry": { "type": "Point", "coordinates": [ 3305603.58299471763894, 8442256.898211034014821 ] } },
{ "type": "Feature", "properties": { "name": "Дача Н. Е. Сверчкова (С. М. Дейчмана)", "Расположение": null, "type": "Да", "тип": null, "Типология владения": "Дача", "Класс роскошности": "3", "id": 120, "type_gis": 3 }, "geometry": { "type": "Point", "coordinates": [ 3386261.947154163382947, 8334284.603055477142334 ] } },
{ "type": "Feature", "properties": { "name": "Дом купца Волкова", "Расположение": null, "type": "Да", "тип": null, "Статус владельца": "Купечество", "Типология владения": "Дом", "Класс роскошности": "3", "id": 121, "type_gis": 3 }, "geometry": { "type": "Point", "coordinates": [ 3314300.932851008605212, 8380654.669817979447544 ] } },
{ "type": "Feature", "properties": { "name": "Дача Йогана-Адама Гинцеля (ru)", "Расположение": null, "type": "Руина", "тип": null, "Типология владения": "Дача", "Класс роскошности": "3", "id": 122, "type_gis": 3 }, "geometry": { "type": "Point", "coordinates": [ 3303591.764448016881943, 8442867.613230431452394 ] } },
{ "type": "Feature", "properties": { "name": "Дача В.А. Данини", "Расположение": null, "type": "Да", "тип": null, "Типология владения": "Дача", "Класс роскошности": "3", "id": 123, "type_gis": 3 }, "geometry": { "type": "Point", "coordinates": [ 3386221.371255472768098, 8334548.240318120457232 ] } },
{ "type": "Feature", "properties": { "name": "Особняк Забелина (ru)", "Расположение": null, "type": null, "тип": null, "Типология владения": "Особняк", "Класс роскошности": "3", "id": 124, "type_gis": 3 }, "geometry": { "type": "Point", "coordinates": [ 3318111.956562696956098, 8440641.861530225723982 ] } },
{ "type": "Feature", "properties": { "name": "Вилла \"Айнола\" статского советника Н. М. Салько", "Расположение": null, "type": "Да", "тип": null, "Статус владельца": "Чиновники", "Типология владения": "Вилла", "Класс роскошности": "3", "id": 125, "type_gis": 3 }, "geometry": { "type": "Point", "coordinates": [ 3308933.374979461077601, 8442238.743334544822574 ] } },
{ "type": "Feature", "properties": { "name": "Дача купца И. С. Крючкова» (дача Ридингера)", "Расположение": null, "type": "Руина", "тип": null, "Статус владельца": "Купечество", "Типология владения": "Дача", "Класс роскошности": "3", "id": 126, "type_gis": 3 }, "geometry": { "type": "Point", "coordinates": [ 3326031.710804189089686, 8435545.707811430096626 ] } },
{ "type": "Feature", "properties": { "name": "Особняк Н.Я.Андреева (ru)", "Расположение": null, "type": null, "тип": null, "Типология владения": "Особняк", "Класс роскошности": "3", "id": 127, "type_gis": 3 }, "geometry": { "type": "Point", "coordinates": [ 3318394.978676698636264, 8440250.104490654543042 ] } },
{ "type": "Feature", "properties": { "name": "Дача торгового представителя Александра Бательта", "Расположение": null, "type": "Нет", "тип": null, "Статус владельца": "Купечество", "Типология владения": "Дача", "Класс роскошности": "3", "id": 128, "type_gis": 3 }, "geometry": { "type": "Point", "coordinates": [ 3317058.121563256252557, 8439384.3670744728297 ] } },
{ "type": "Feature", "properties": { "name": "Дача И. И. Новикова", "Расположение": null, "type": "Да", "тип": null, "Типология владения": "Дача", "Класс роскошности": "3", "id": 129, "type_gis": 3 }, "geometry": { "type": "Point", "coordinates": [ 3306213.768228600732982, 8443445.049823418259621 ] } },
{ "type": "Feature", "properties": { "name": "Дом купца А. К. Чубанова (ru)", "Расположение": null, "type": "Да", "тип": null, "Статус владельца": "Купечество", "Типология владения": "Дом", "Класс роскошности": "3", "id": 130, "type_gis": 3 }, "geometry": { "type": "Point", "coordinates": [ 3336905.922181298024952, 8412475.784401517361403 ] } },
{ "type": "Feature", "properties": { "name": "Дача Н. Е. Сверчкова (С. А. Тами)", "Расположение": null, "type": "Да", "тип": null, "Типология владения": "Дача", "Класс роскошности": "3", "id": 131, "type_gis": 3 }, "geometry": { "type": "Point", "coordinates": [ 3386292.6622489313595, 8334392.124213213101029 ] } },
{ "type": "Feature", "properties": { "name": "Дача XIX века", "Расположение": null, "type": "Нет", "тип": null, "Типология владения": "Дача", "Класс роскошности": "3", "id": 132, "type_gis": 3 }, "geometry": { "type": "Point", "coordinates": [ 3313770.645707793999463, 8380763.506043879315257 ] } },
{ "type": "Feature", "properties": { "name": "Усадьба врача Петра 1 Р.К. Арескина", "Расположение": null, "type": "Нет", "тип": null, "Статус владельца": "Интеллигенция", "Типология владения": "Усадьба", "Класс роскошности": "2", "id": 133, "type_gis": 2 }, "geometry": { "type": "Point", "coordinates": [ 3340055.989296506159008, 8368849.548631496727467 ] } },
{ "type": "Feature", "properties": { "name": "Дача Владимирова", "Расположение": null, "type": "Нет", "тип": null, "Статус владельца": null, "Типология владения": null, "Класс роскошности": null, "id": 134, "type_gis": null }, "geometry": { "type": "Point", "coordinates": [ 3317474.446536847390234, 8440464.158852536231279 ] } },
{ "type": "Feature", "properties": { "name": "Дача Томановской, Стенбоков, Лундберга (ru)", "Расположение": null, "type": "Руина", "тип": null, "Типология владения": "Дача", "Класс роскошности": "3", "id": 135, "type_gis": 3 }, "geometry": { "type": "Point", "coordinates": [ 3302877.740209109149873, 8443106.13168029114604 ] } },
{ "type": "Feature", "properties": { "name": "Дом художника И. Е. Никифорова", "Расположение": null, "type": "Да", "тип": null, "Типология владения": "Дом", "Класс роскошности": "3", "id": 136, "type_gis": 3 }, "geometry": { "type": "Point", "coordinates": [ 3355013.172883661463857, 8398862.517140792682767 ] } },
{ "type": "Feature", "properties": { "name": "Дача начала XX века", "Расположение": null, "type": "Нет", "тип": null, "Статус владельца": "Нет данных", "Типология владения": "Дача", "Класс роскошности": "3", "id": 137, "type_gis": 3 }, "geometry": { "type": "Point", "coordinates": [ 3354157.647218675352633, 8400522.397282978519797 ] } },
{ "type": "Feature", "properties": { "name": "Дом на участке торговца Каролькевича (Дом хирурга Фёдора Углова)", "Расположение": null, "type": "Да", "тип": null, "Статус владельца": "Интеллигенция", "Типология владения": "Дом", "Класс роскошности": "3", "id": 138, "type_gis": 3 }, "geometry": { "type": "Point", "coordinates": [ 3319405.101255812682211, 8439598.930380927398801 ] } },
{ "type": "Feature", "properties": { "name": "Усадьба В.А. Шаховской «Монкальм»", "Расположение": null, "type": "Нет", "тип": null, "Типология владения": "Усадьба", "Класс роскошности": "2", "id": 139, "type_gis": 2 }, "geometry": { "type": "Point", "coordinates": [ 3339767.852233079727739, 8369072.589289247058332 ] } },
{ "type": "Feature", "properties": { "name": "Дом вдовы коллежского асессора В. В. Карнеевой", "Расположение": null, "type": "Нет", "тип": null, "Статус владельца": "Чиновники", "Типология владения": "Дом", "Класс роскошности": "3", "id": 140, "type_gis": 3 }, "geometry": { "type": "Point", "coordinates": [ 3336394.602643108926713, 8415069.697933044284582 ] } },
{ "type": "Feature", "properties": { "name": "Дворец Вел. кн. Владимира Александровича", "Расположение": null, "type": "Да", "тип": null, "Статус владельца": "Романовы", "Типология владения": "Дворец", "Класс роскошности": "1", "id": 141, "type_gis": 1 }, "geometry": { "type": "Point", "coordinates": [ 3349151.993944816756994, 8339924.725281331688166 ] } },
{ "type": "Feature", "properties": { "name": "Дача А. Н. Еракова", "Расположение": null, "type": "Нет", "тип": null, "Типология владения": "Дача", "Класс роскошности": "3", "id": 142, "type_gis": 3 }, "geometry": { "type": "Point", "coordinates": [ 3316170.208390448242426, 8379915.438496397808194 ] } },
{ "type": "Feature", "properties": { "name": "Дом Михайлова (дача художника Лансере)", "Расположение": null, "type": "Да", "тип": null, "Статус владельца": "Интеллигенция", "Типология владения": "Дом", "Класс роскошности": "3", "id": 143, "type_gis": 3 }, "geometry": { "type": "Point", "coordinates": [ 3388362.703163686674088, 8328676.258432305417955 ] } },
{ "type": "Feature", "properties": { "name": "Дом географа П. В. Виттенбурга", "Расположение": null, "type": "Нет", "тип": null, "Статус владельца": "Интеллигенция", "Типология владения": "Дом", "Класс роскошности": "3", "id": 144, "type_gis": 3 }, "geometry": { "type": "Point", "coordinates": [ 3356181.530357735231519, 8400226.153289835900068 ] } },
{ "type": "Feature", "properties": { "name": "Дача начала XX века", "Расположение": null, "type": "Нет", "тип": null, "Статус владельца": "Нет данных", "Типология владения": "Дача", "Класс роскошности": "3", "id": 145, "type_gis": 3 }, "geometry": { "type": "Point", "coordinates": [ 3355845.35316804703325, 8400431.609691737219691 ] } },
{ "type": "Feature", "properties": { "name": "Вилла \"Крестин\" купца В. Н.  Крестин", "Расположение": null, "type": "Да", "тип": null, "Статус владельца": "Купечество", "Типология владения": "Вилла", "Класс роскошности": "3", "id": 146, "type_gis": 3 }, "geometry": { "type": "Point", "coordinates": [ 3321628.830435714684427, 8436597.105744974687696 ] } },
{ "type": "Feature", "properties": { "name": "Особняк Сандина (ru)", "Расположение": null, "type": null, "тип": null, "Типология владения": "Особняк", "Класс роскошности": "3", "id": 147, "type_gis": 3 }, "geometry": { "type": "Point", "coordinates": [ 3318464.174928485881537, 8440496.990427227690816 ] } },
{ "type": "Feature", "properties": { "name": "Дача начала XX века", "Расположение": null, "type": "Да", "тип": null, "Статус владельца": "Нет данных", "Типология владения": "Дача", "Класс роскошности": "3", "id": 148, "type_gis": 3 }, "geometry": { "type": "Point", "coordinates": [ 3354400.286997004877776, 8400504.038328660652041 ] } },
{ "type": "Feature", "properties": { "name": "Дача Войтинского (ru)", "Расположение": null, "type": "Да", "тип": null, "Типология владения": "Дача", "Класс роскошности": "3", "id": 149, "type_gis": 3 }, "geometry": { "type": "Point", "coordinates": [ 3307851.768921364098787, 8443005.025916261598468 ] } },
{ "type": "Feature", "properties": { "name": "Дом контр-адмирала П.Ф. Анжу", "Расположение": null, "type": "Да", "тип": null, "Статус владельца": "Военные", "Типология владения": "Дом", "Класс роскошности": "3", "id": 150, "type_gis": 3 }, "geometry": { "type": "Point", "coordinates": [ 3314057.609962990041822, 8380667.49503608699888 ] } },
{ "type": "Feature", "properties": { "name": "Дача В.Ф.Блюма", "Расположение": null, "type": "Да", "тип": null, "Типология владения": "Дача", "Класс роскошности": "3", "id": 151, "type_gis": 3 }, "geometry": { "type": "Point", "coordinates": [ 3354849.755219428800046, 8398874.543548982590437 ] } },
{ "type": "Feature", "properties": { "name": "Дача статского советника МПС Николая Слободзинского", "Расположение": null, "type": "Да", "тип": null, "Статус владельца": "Чиновники", "Типология владения": "Дача", "Класс роскошности": "3", "id": 152, "type_gis": 3 }, "geometry": { "type": "Point", "coordinates": [ 3311922.751208540052176, 8442299.291004978120327 ] } },
{ "type": "Feature", "properties": { "name": "Дворец Александра I ", "Расположение": null, "type": "Нет", "тип": null, "Статус владельца": "Романовы", "Типология владения": "Дворец", "Класс роскошности": "1", "id": 153, "type_gis": 1 }, "geometry": { "type": "Point", "coordinates": [ 3351400.027179231867194, 8337611.897973941639066 ] } },
{ "type": "Feature", "properties": { "name": "Вилла \"Бьянка\" - дача Мари Прокопэ", "Расположение": null, "type": "Да", "тип": null, "Типология владения": "Вилла", "Класс роскошности": "3", "id": 154, "type_gis": 3 }, "geometry": { "type": "Point", "coordinates": [ 3307691.546224524267018, 8441638.19309844635427 ] } },
{ "type": "Feature", "properties": { "name": "Дача начала XX века", "Расположение": null, "type": "Да", "тип": null, "Статус владельца": "Нет данных", "Типология владения": "Дача", "Класс роскошности": "3", "id": 155, "type_gis": 3 }, "geometry": { "type": "Point", "coordinates": [ 3355628.170384840108454, 8399237.929725870490074 ] } },
{ "type": "Feature", "properties": { "name": "Дача начала XX века", "Расположение": null, "type": "Нет", "тип": null, "Статус владельца": "Нет данных", "Типология владения": "Дача", "Класс роскошности": "3", "id": 156, "type_gis": 3 }, "geometry": { "type": "Point", "coordinates": [ 3355188.87082221545279, 8399762.111300257965922 ] } },
{ "type": "Feature", "properties": { "name": "Дача начала XX века", "Расположение": null, "type": "Да", "тип": null, "Статус владельца": "Нет данных", "Типология владения": "Дача", "Класс роскошности": "3", "id": 157, "type_gis": 3 }, "geometry": { "type": "Point", "coordinates": [ 3355063.673832285683602, 8399771.109188474714756 ] } },
{ "type": "Feature", "properties": { "name": "Дача Байковой", "Расположение": null, "type": "Да", "тип": null, "Статус владельца": null, "Типология владения": null, "Класс роскошности": null, "id": 158, "type_gis": null }, "geometry": { "type": "Point", "coordinates": [ 3317552.950175910256803, 8440590.366498868912458 ] } },
{ "type": "Feature", "properties": { "name": "Дача военного врача А.П. Куренкова", "Расположение": null, "type": "Да", "тип": null, "Статус владельца": "Военные", "Типология владения": "Дача", "Класс роскошности": "3", "id": 159, "type_gis": 3 }, "geometry": { "type": "Point", "coordinates": [ 3320112.792266650125384, 8439366.901006873697042 ] } },
{ "type": "Feature", "properties": { "name": "Дача фабриканта Ф. Ю. Кана", "Расположение": null, "type": "Да", "тип": null, "Статус владельца": "Купечество", "Типология владения": "Дача", "Класс роскошности": "3", "id": 160, "type_gis": 3 }, "geometry": { "type": "Point", "coordinates": [ 3337888.30171019770205, 8407482.088030990213156 ] } },
{ "type": "Feature", "properties": { "name": "Дача начала XX века", "Расположение": null, "type": "Да", "тип": null, "Статус владельца": "Нет данных", "Типология владения": "Дача", "Класс роскошности": "3", "id": 161, "type_gis": 3 }, "geometry": { "type": "Point", "coordinates": [ 3354805.186765539459884, 8399167.657772125676274 ] } },
{ "type": "Feature", "properties": { "name": "Дача Попова", "Расположение": null, "type": "Нет", "тип": null, "Статус владельца": null, "Типология владения": null, "Класс роскошности": null, "id": 162, "type_gis": null }, "geometry": { "type": "Point", "coordinates": [ 3317756.649191626347601, 8440562.357747064903378 ] } },
{ "type": "Feature", "properties": { "name": "Дача начала XX века", "Расположение": null, "type": "Да", "тип": null, "Статус владельца": "Нет данных", "Типология владения": "Дача", "Класс роскошности": "3", "id": 163, "type_gis": 3 }, "geometry": { "type": "Point", "coordinates": [ 3354015.31721975421533, 8400540.848846461623907 ] } },
{ "type": "Feature", "properties": { "name": "Дача начала XX века", "Расположение": null, "type": "Нет", "тип": null, "Статус владельца": "Нет данных", "Типология владения": "Дача", "Класс роскошности": "3", "id": 164, "type_gis": 3 }, "geometry": { "type": "Point", "coordinates": [ 3355609.782865974586457, 8400156.570367494598031 ] } },
{ "type": "Feature", "properties": { "name": "Особняк Байковой (ru)", "Расположение": null, "type": null, "тип": null, "Типология владения": "Особняк", "Класс роскошности": "3", "id": 165, "type_gis": 3 }, "geometry": { "type": "Point", "coordinates": [ 3317648.516824600752443, 8440779.784156648442149 ] } },
{ "type": "Feature", "properties": { "name": "Дача семьи Подпоручика А.Я. Козинцева \"Родной уголок\"", "Расположение": null, "type": "Да", "тип": null, "Статус владельца": "Военные", "Типология владения": "Дача", "Класс роскошности": "3", "id": 166, "type_gis": 3 }, "geometry": { "type": "Point", "coordinates": [ 3354777.424265043344349, 8399066.634977396577597 ] } },
{ "type": "Feature", "properties": { "name": "Дача начала XX века", "Расположение": null, "type": "Да", "тип": null, "Статус владельца": "Нет данных", "Типология владения": "Дача", "Класс роскошности": "3", "id": 167, "type_gis": 3 }, "geometry": { "type": "Point", "coordinates": [ 3354023.706045104190707, 8400189.902468303218484 ] } },
{ "type": "Feature", "properties": { "name": "Дача Кузнецовой/Циммермана (ru)", "Расположение": null, "type": "Да", "тип": null, "Типология владения": "Дача", "Класс роскошности": "3", "id": 168, "type_gis": 3 }, "geometry": { "type": "Point", "coordinates": [ 3305720.058081221301109, 8442312.703869536519051 ] } },
{ "type": "Feature", "properties": { "name": "Дача Квашниной", "Расположение": null, "type": "Нет", "тип": null, "Статус владельца": null, "Типология владения": null, "Класс роскошности": null, "id": 169, "type_gis": null }, "geometry": { "type": "Point", "coordinates": [ 3317689.766791876405478, 8440411.872347630560398 ] } },
{ "type": "Feature", "properties": { "name": "Дача Устинова (ru)", "Расположение": null, "type": "Да", "тип": null, "Типология владения": "Дача", "Класс роскошности": "3", "id": 170, "type_gis": 3 }, "geometry": { "type": "Point", "coordinates": [ 3305406.557384411338717, 8442498.175660509616137 ] } },
{ "type": "Feature", "properties": { "name": "Дача начала XX века", "Расположение": null, "type": "Да", "тип": null, "Статус владельца": "Нет данных", "Типология владения": "Дача", "Класс роскошности": "3", "id": 171, "type_gis": 3 }, "geometry": { "type": "Point", "coordinates": [ 3355215.263703643344343, 8398858.979961913079023 ] } },
{ "type": "Feature", "properties": { "name": "Дача Поммер", "Расположение": null, "type": "Нет", "тип": null, "Статус владельца": null, "Типология владения": null, "Класс роскошности": null, "id": 172, "type_gis": null }, "geometry": { "type": "Point", "coordinates": [ 3317247.865222102962434, 8439186.491237932816148 ] } },
{ "type": "Feature", "properties": { "name": "Дача архитектора А. П. Вайтенса", "Расположение": null, "type": "Да", "тип": null, "Типология владения": "Дача", "Класс роскошности": "3", "id": 173, "type_gis": 3 }, "geometry": { "type": "Point", "coordinates": [ 3355906.839518583379686, 8400054.296089233830571 ] } },
{ "type": "Feature", "properties": { "name": "Дача начала XX века", "Расположение": null, "type": "Да", "тип": null, "Статус владельца": "Нет данных", "Типология владения": "Дача", "Класс роскошности": "3", "id": 174, "type_gis": 3 }, "geometry": { "type": "Point", "coordinates": [ 3354330.838525947649032, 8399368.54421303793788 ] } },
{ "type": "Feature", "properties": { "name": "Усадьба Лапино (Вильповицы) Иоганна-Бурхарда Фельтена", "Расположение": null, "type": "Руина", "тип": null, "Типология владения": "Усадьба", "Класс роскошности": "2", "id": 175, "type_gis": 2 }, "geometry": { "type": "Point", "coordinates": [ 3305015.557636333629489, 8344986.857082617469132 ] } },
{ "type": "Feature", "properties": { "name": "Дача писателя Я.М.Гольденова", "Расположение": null, "type": "Да", "тип": null, "Статус владельца": "Интеллигенция", "Типология владения": "Дача", "Класс роскошности": "3", "id": 176, "type_gis": 3 }, "geometry": { "type": "Point", "coordinates": [ 3334836.168867751490325, 8423395.940513668581843 ] } },
{ "type": "Feature", "properties": { "name": "Дача Г. Ф. Вольдта", "Расположение": null, "type": "Да", "тип": null, "Типология владения": "Дача", "Класс роскошности": "3", "id": 177, "type_gis": 3 }, "geometry": null },
{ "type": "Feature", "properties": { "name": "Особняк инженера Б. К. Правдзика", "Расположение": null, "type": "Да", "тип": null, "Статус владельца": "Инженеры", "Типология владения": "Особняк", "Класс роскошности": "3", "id": 178, "type_gis": 3 }, "geometry": { "type": "Point", "coordinates": [ 3334409.084419016726315, 8422551.86058259755373 ] } },
{ "type": "Feature", "properties": { "name": "Участок Фоллендорфа", "Расположение": null, "type": "Да", "тип": null, "Статус владельца": null, "Типология владения": null, "Класс роскошности": null, "id": 179, "type_gis": null }, "geometry": { "type": "Point", "coordinates": [ 3318014.026997805107385, 8440644.766418172046542 ] } },
{ "type": "Feature", "properties": { "name": "Дом генерала Павлова", "Расположение": null, "type": "Да", "тип": null, "Типология владения": "Дом", "Класс роскошности": "3", "id": 180, "type_gis": 3 }, "geometry": { "type": "Point", "coordinates": [ 3354609.083663576748222, 8399156.270290568470955 ] } },
{ "type": "Feature", "properties": { "name": "Дача начала XX века ", "Расположение": null, "type": "Нет", "тип": null, "Статус владельца": "Нет данных", "Типология владения": "Дача", "Класс роскошности": "3", "id": 181, "type_gis": 3 }, "geometry": { "type": "Point", "coordinates": [ 3354425.499328709673136, 8399478.398999381810427 ] } },
{ "type": "Feature", "properties": { "name": "Дача Мастера Фортепианной фабрики В.Г. Шалька", "Расположение": null, "type": "Да", "тип": null, "Типология владения": "Дача", "Класс роскошности": "3", "id": 182, "type_gis": 3 }, "geometry": { "type": "Point", "coordinates": [ 3354250.085493392311037, 8399666.871617987751961 ] } },
{ "type": "Feature", "properties": { "name": "Дача начала XX века", "Расположение": null, "type": "Да", "тип": null, "Статус владельца": "Нет данных", "Типология владения": "Дача", "Класс роскошности": "3", "id": 183, "type_gis": 3 }, "geometry": { "type": "Point", "coordinates": [ 3334688.83019085181877, 8421950.994360577315092 ] } },
{ "type": "Feature", "properties": { "name": "Дача Шамониной", "Расположение": null, "type": "Да", "тип": null, "Статус владельца": null, "Типология владения": null, "Класс роскошности": null, "id": 184, "type_gis": null }, "geometry": { "type": "Point", "coordinates": [ 3317787.489521944429725, 8440097.678450083360076 ] } },
{ "type": "Feature", "properties": { "name": "Дача начала XX века", "Расположение": null, "type": "Да", "тип": null, "Статус владельца": "Нет данных", "Типология владения": "Дача", "Класс роскошности": "3", "id": 185, "type_gis": 3 }, "geometry": { "type": "Point", "coordinates": [ 3355648.214398492593318, 8398906.613970823585987 ] } },
{ "type": "Feature", "properties": { "name": "Дача Штутмана", "Расположение": null, "type": "Нет", "тип": null, "Статус владельца": null, "Типология владения": null, "Класс роскошности": null, "id": 186, "type_gis": null }, "geometry": { "type": "Point", "coordinates": [ 3317665.880220537539572, 8439993.857349190860987 ] } },
{ "type": "Feature", "properties": { "name": "Дачный участок оружейника Чижова и вилла Рено", "Расположение": null, "type": "Да", "тип": null, "Статус владельца": "Инженеры", "Типология владения": "Вилла", "Класс роскошности": "3", "id": 187, "type_gis": 3 }, "geometry": { "type": "Point", "coordinates": [ 3317430.680089425295591, 8440182.125708311796188 ] } },
{ "type": "Feature", "properties": { "name": "Дом заведующего конюшней Стенбок-Фреморов М.И. Гололобова", "Расположение": null, "type": "Да", "тип": null, "Статус владельца": "Чиновники", "Типология владения": "Дом", "Класс роскошности": "3", "id": 188, "type_gis": 3 }, "geometry": { "type": "Point", "coordinates": [ 3356022.212112016510218, 8399638.338375026360154 ] } },
{ "type": "Feature", "properties": { "name": "Дача начала XX века", "Расположение": null, "type": "Да", "тип": null, "Статус владельца": "Нет данных", "Типология владения": "Дача", "Класс роскошности": "3", "id": 189, "type_gis": 3 }, "geometry": { "type": "Point", "coordinates": [ 3355614.692622497212142, 8400081.973244378343225 ] } },
{ "type": "Feature", "properties": { "name": "Дача Забелина", "Расположение": null, "type": "Нет", "тип": null, "Статус владельца": null, "Типология владения": null, "Класс роскошности": null, "id": 190, "type_gis": null }, "geometry": { "type": "Point", "coordinates": [ 3318104.198804610408843, 8440637.600446784868836 ] } },
{ "type": "Feature", "properties": { "name": "Дача инженера Г. Ф. Вольдта", "Расположение": null, "type": "Да", "тип": null, "Статус владельца": "Инженеры", "Типология владения": "Дача", "Класс роскошности": "3", "id": 191, "type_gis": 3 }, "geometry": { "type": "Point", "coordinates": [ 3355744.065464280545712, 8399762.188784152269363 ] } },
{ "type": "Feature", "properties": { "name": "Дача начала XX века", "Расположение": null, "type": "Да", "тип": null, "Статус владельца": "Нет данных", "Типология владения": "Дача", "Класс роскошности": "3", "id": 192, "type_gis": 3 }, "geometry": { "type": "Point", "coordinates": [ 3354714.569075554143637, 8398874.761149102821946 ] } },
{ "type": "Feature", "properties": { "name": "Дача начала XX века", "Расположение": null, "type": "Да", "тип": null, "Статус владельца": "Нет данных", "Типология владения": "Дача", "Класс роскошности": "3", "id": 193, "type_gis": 3 }, "geometry": { "type": "Point", "coordinates": [ 3355628.203161800745875, 8399059.607618138194084 ] } },
{ "type": "Feature", "properties": { "name": "Дача начала XX века", "Расположение": null, "type": "Да", "тип": null, "Статус владельца": "Нет данных", "Типология владения": "Дача", "Класс роскошности": "3", "id": 194, "type_gis": 3 }, "geometry": { "type": "Point", "coordinates": [ 3354778.536576941609383, 8399291.852474000304937 ] } },
{ "type": "Feature", "properties": { "name": "Дача нотариуса И. Т. Дрожжина", "Расположение": null, "type": "Да", "тип": null, "Статус владельца": "Чиновники", "Типология владения": "Дача", "Класс роскошности": "3", "id": 195, "type_gis": 3 }, "geometry": { "type": "Point", "coordinates": [ 3356203.770386121701449, 8399923.424136228859425 ] } },
{ "type": "Feature", "properties": { "name": "Жилой дом начала XX века", "Расположение": null, "type": "Да", "тип": null, "Типология владения": "Дом", "Класс роскошности": "3", "id": 196, "type_gis": 3 }, "geometry": { "type": "Point", "coordinates": [ 3355861.36150222690776, 8400323.346658209338784 ] } },
{ "type": "Feature", "properties": { "name": "Дача начала XX века", "Расположение": null, "type": "Да", "тип": null, "Статус владельца": "Нет данных", "Типология владения": "Дача", "Класс роскошности": "3", "id": 197, "type_gis": 3 }, "geometry": { "type": "Point", "coordinates": [ 3355147.905113011132926, 8399256.849334819242358 ] } },
{ "type": "Feature", "properties": { "name": "Дача владельца мастерской М.Д. Шихина ", "Расположение": null, "type": "Да", "тип": null, "Статус владельца": "Инженеры", "Типология владения": "Дача", "Класс роскошности": "3", "id": 198, "type_gis": 3 }, "geometry": { "type": "Point", "coordinates": [ 3320692.6223537735641, 8439889.259897191077471 ] } },
{ "type": "Feature", "properties": { "name": "Дача начала XX века", "Расположение": null, "type": "Нет", "тип": null, "Статус владельца": "Нет данных", "Типология владения": "Дача", "Класс роскошности": "3", "id": 199, "type_gis": 3 }, "geometry": { "type": "Point", "coordinates": [ 3355723.202590751927346, 8399112.949405455961823 ] } },
{ "type": "Feature", "properties": { "name": "Дача начала XX века", "Расположение": null, "type": "Да", "тип": null, "Статус владельца": "Нет данных", "Типология владения": "Дача", "Класс роскошности": "3", "id": 200, "type_gis": 3 }, "geometry": { "type": "Point", "coordinates": [ 3355266.670703363139182, 8399066.022832317277789 ] } },
{ "type": "Feature", "properties": { "name": "Дача начала XX века", "Расположение": null, "type": "Да", "тип": null, "Статус владельца": "Нет данных", "Типология владения": "Дача", "Класс роскошности": "3", "id": 201, "type_gis": 3 }, "geometry": { "type": "Point", "coordinates": [ 3355396.337628291919827, 8399770.201831622049212 ] } },
{ "type": "Feature", "properties": { "name": "Дача архитектора А. П. Вайтенса", "Расположение": null, "type": "Да", "тип": null, "Статус владельца": "Инженеры", "Типология владения": "Дача", "Класс роскошности": "3", "id": 202, "type_gis": 3 }, "geometry": { "type": "Point", "coordinates": [ 3355848.3889503297396, 8400047.3270941413939 ] } },
{ "type": "Feature", "properties": { "name": "Дача архитектора Г. Е. Гинца", "Расположение": null, "type": "Да", "тип": null, "Статус владельца": "Инженеры", "Типология владения": "Дача", "Класс роскошности": "3", "id": 203, "type_gis": 3 }, "geometry": { "type": "Point", "coordinates": [ 3355852.656941944267601, 8400243.048620847985148 ] } },
{ "type": "Feature", "properties": { "name": "Дача XIX века", "Расположение": null, "type": "Да", "тип": null, "Типология владения": "Дача", "Класс роскошности": "3", "id": 204, "type_gis": 3 }, "geometry": { "type": "Point", "coordinates": [ 3317253.553993802983314, 8379563.573275863192976 ] } },
{ "type": "Feature", "properties": { "name": "Дом Артура Хейна (ru)", "Расположение": null, "type": "Да", "тип": null, "Типология владения": "Дом", "Класс роскошности": "3", "id": 205, "type_gis": 3 }, "geometry": { "type": "Point", "coordinates": [ 3303201.747826266568154, 8443019.905640924349427 ] } },
{ "type": "Feature", "properties": { "name": "Дача ювелира Генрика Вигстрёма", "Расположение": null, "type": "Нет", "тип": null, "Статус владельца": "Инженеры", "Типология владения": "Дача", "Класс роскошности": "3", "id": 206, "type_gis": 3 }, "geometry": { "type": "Point", "coordinates": [ 3329888.449862038716674, 8434416.914119068533182 ] } },
{ "type": "Feature", "properties": { "name": "Дача судьи В.И. Маркевича", "Расположение": null, "type": "Да", "тип": null, "Статус владельца": "Чиновники", "Типология владения": "Дача", "Класс роскошности": "3", "id": 207, "type_gis": 3 }, "geometry": { "type": "Point", "coordinates": [ 3337399.359793359413743, 8410890.697446061298251 ] } },
{ "type": "Feature", "properties": { "name": "Дача жены коммерсанта Е. Ф. Гош", "Расположение": null, "type": "Нет", "тип": null, "Статус владельца": "Купечество", "Типология владения": "Дача", "Класс роскошности": "3", "id": 208, "type_gis": 3 }, "geometry": { "type": "Point", "coordinates": [ 3356038.306861441582441, 8399744.396858494728804 ] } },
{ "type": "Feature", "properties": { "name": "Дача коллежского асессора М И. Сорокина", "Расположение": null, "type": "Нет", "тип": null, "Статус владельца": "Чиновники", "Типология владения": "Дача", "Класс роскошности": "3", "id": 209, "type_gis": 3 }, "geometry": { "type": "Point", "coordinates": [ 3336272.927683286834508, 8416586.624103371053934 ] } },
{ "type": "Feature", "properties": { "name": "Дача владельца типографии Г. К. Скачкова", "Расположение": null, "type": "Да", "тип": null, "Статус владельца": "Купечество", "Типология владения": "Дача", "Класс роскошности": "3", "id": 210, "type_gis": 3 }, "geometry": { "type": "Point", "coordinates": [ 3355510.264422201085836, 8399039.140272833406925 ] } },
{ "type": "Feature", "properties": { "name": "Дача начала XX века", "Расположение": null, "type": "Нет", "тип": null, "Статус владельца": "Нет данных", "Типология владения": "Дача", "Класс роскошности": "3", "id": 211, "type_gis": 3 }, "geometry": { "type": "Point", "coordinates": [ 3355516.744509075302631, 8399129.966458640992641 ] } },
{ "type": "Feature", "properties": { "name": "Дача начала XX века", "Расположение": null, "type": "Да", "тип": null, "Статус владельца": "Нет данных", "Типология владения": "Дача", "Класс роскошности": "3", "id": 212, "type_gis": 3 }, "geometry": { "type": "Point", "coordinates": [ 3355598.17978435382247, 8399435.714901298284531 ] } },
{ "type": "Feature", "properties": { "name": "Дача начала XX века", "Расположение": null, "type": "Да", "тип": null, "Статус владельца": "Нет данных", "Типология владения": "Дача", "Класс роскошности": "3", "id": 213, "type_gis": 3 }, "geometry": { "type": "Point", "coordinates": [ 3354324.826890313532203, 8399151.751896707341075 ] } },
{ "type": "Feature", "properties": { "name": "Дача начала XX века", "Расположение": null, "type": "Да", "тип": null, "Статус владельца": "Нет данных", "Типология владения": "Дача", "Класс роскошности": "3", "id": 214, "type_gis": 3 }, "geometry": { "type": "Point", "coordinates": [ 3355829.789580971933901, 8399638.102563099935651 ] } },
{ "type": "Feature", "properties": { "name": "Дача начала XX века", "Расположение": null, "type": "Да", "тип": null, "Статус владельца": "Нет данных", "Типология владения": "Дача", "Класс роскошности": "3", "id": 215, "type_gis": 3 }, "geometry": { "type": "Point", "coordinates": [ 3355161.995583145413548, 8399454.494468612596393 ] } },
{ "type": "Feature", "properties": { "name": "Дом управляющего Лахтинским имением Г. Ф. Корженевского ", "Расположение": null, "type": "Да", "тип": null, "Типология владения": "Дом", "Класс роскошности": "3", "id": 216, "type_gis": 3 }, "geometry": { "type": "Point", "coordinates": [ 3355641.763844830449671, 8398858.985999036580324 ] } },
{ "type": "Feature", "properties": { "name": "Дача начала XX века", "Расположение": null, "type": "Да", "тип": null, "Статус владельца": "Нет данных", "Типология владения": "Дача", "Класс роскошности": "3", "id": 217, "type_gis": 3 }, "geometry": { "type": "Point", "coordinates": [ 3354950.847894530277699, 8399372.411635803058743 ] } },
{ "type": "Feature", "properties": { "name": "Дача архитектора А. П. Вайтенса", "Расположение": null, "type": "Да", "тип": null, "Статус владельца": "Инженеры", "Типология владения": "Дача", "Класс роскошности": "3", "id": 218, "type_gis": 3 }, "geometry": { "type": "Point", "coordinates": [ 3355984.591809929348528, 8400062.406804740428925 ] } },
{ "type": "Feature", "properties": { "name": "Дача начала XX века", "Расположение": null, "type": "Нет", "тип": null, "Статус владельца": "Нет данных", "Типология владения": "Дача", "Класс роскошности": "3", "id": 219, "type_gis": 3 }, "geometry": { "type": "Point", "coordinates": [ 3354830.856032192707062, 8400563.280208095908165 ] } },
{ "type": "Feature", "properties": { "name": "Дача начала XX века", "Расположение": null, "type": "Да", "тип": null, "Статус владельца": "Нет данных", "Типология владения": "Дача", "Класс роскошности": "3", "id": 220, "type_gis": 3 }, "geometry": { "type": "Point", "coordinates": [ 3353997.274829644244164, 8400603.694717552512884 ] } },
{ "type": "Feature", "properties": { "name": "Дача механика Ф.И. Тржециака (Фогелей)", "Расположение": null, "type": "Да", "тип": null, "Статус владельца": "Инженеры", "Типология владения": "Дача", "Класс роскошности": "3", "id": 221, "type_gis": 3 }, "geometry": { "type": "Point", "coordinates": [ 3354352.47489746240899, 8399266.873412126675248 ] } },
{ "type": "Feature", "properties": { "name": "Дача Артура Гинцеля (ru)", "Расположение": null, "type": "Да", "тип": null, "Типология владения": "Дача", "Класс роскошности": "3", "id": 222, "type_gis": 3 }, "geometry": { "type": "Point", "coordinates": [ 3303709.061701639089733, 8442669.435744935646653 ] } },
{ "type": "Feature", "properties": { "name": "Особняк Лоховой (ru)", "Расположение": null, "type": null, "тип": null, "Типология владения": "Особняк", "Класс роскошности": "3", "id": 223, "type_gis": 3 }, "geometry": { "type": "Point", "coordinates": [ 3318528.591360990423709, 8440352.531504146754742 ] } },
{ "type": "Feature", "properties": { "name": "Дача А.А.Сериковой", "Расположение": null, "type": "Нет", "тип": null, "Статус владельца": null, "Типология владения": null, "Класс роскошности": null, "id": 224, "type_gis": null }, "geometry": { "type": "Point", "coordinates": [ 3317264.585822040215135, 8440548.025804260745645 ] } },
{ "type": "Feature", "properties": { "name": "Дача начала XX века", "Расположение": null, "type": "Да", "тип": null, "Статус владельца": "Нет данных", "Типология владения": "Дача", "Класс роскошности": "3", "id": 225, "type_gis": 3 }, "geometry": { "type": "Point", "coordinates": [ 3355662.834737873170525, 8399052.109928723424673 ] } },
{ "type": "Feature", "properties": { "name": "Особняк Духновского (ru)", "Расположение": null, "type": null, "тип": null, "Типология владения": "Особняк", "Класс роскошности": "3", "id": 226, "type_gis": 3 }, "geometry": { "type": "Point", "coordinates": [ 3318477.919388679787517, 8440235.933349274098873 ] } },
{ "type": "Feature", "properties": { "name": "Дача начала XX века ", "Расположение": null, "type": "Да", "тип": null, "Статус владельца": "Нет данных", "Типология владения": "Дача", "Класс роскошности": "3", "id": 227, "type_gis": 3 }, "geometry": { "type": "Point", "coordinates": [ 3354614.317311140242964, 8399573.6958172544837 ] } },
{ "type": "Feature", "properties": { "name": "Дача начала XX века", "Расположение": null, "type": "Да", "тип": null, "Статус владельца": "Нет данных", "Типология владения": "Дача", "Класс роскошности": "3", "id": 228, "type_gis": 3 }, "geometry": { "type": "Point", "coordinates": [ 3355753.792465446982533, 8400111.812131781131029 ] } },
{ "type": "Feature", "properties": { "name": "Дача А. Н. Францена", "Расположение": null, "type": "Да", "тип": null, "Типология владения": "Дача", "Класс роскошности": "3", "id": 229, "type_gis": 3 }, "geometry": { "type": "Point", "coordinates": [ 3305169.895642001181841, 8441765.327080393210053 ] } },
{ "type": "Feature", "properties": { "name": "Дом генерал-полковника К. Д. Жукова", "Расположение": null, "type": "Нет", "тип": null, "Статус владельца": "Военные", "Типология владения": "Дом", "Класс роскошности": "3", "id": 230, "type_gis": 3 }, "geometry": { "type": "Point", "coordinates": [ 3336416.616745240055025, 8414893.483798500150442 ] } },
{ "type": "Feature", "properties": { "name": "Дача генерала В.Д. Тырсина", "Расположение": null, "type": "Да", "тип": null, "Статус владельца": "Военные", "Типология владения": "Дача", "Класс роскошности": "3", "id": 231, "type_gis": 3 }, "geometry": { "type": "Point", "coordinates": [ 3356016.259610807523131, 8399114.098748560994864 ] } },
{ "type": "Feature", "properties": { "name": "Дача начала XX века", "Расположение": null, "type": "Да", "тип": null, "Статус владельца": "Нет данных", "Типология владения": "Дача", "Класс роскошности": "3", "id": 232, "type_gis": 3 }, "geometry": { "type": "Point", "coordinates": [ 3354803.766957685351372, 8399371.746935768052936 ] } },
{ "type": "Feature", "properties": { "name": "Дача начала XX века", "Расположение": null, "type": "Да", "тип": null, "Статус владельца": "Нет данных", "Типология владения": "Дача", "Класс роскошности": "3", "id": 233, "type_gis": 3 }, "geometry": { "type": "Point", "coordinates": [ 3354532.309837735258043, 8399344.441587775945663 ] } },
{ "type": "Feature", "properties": { "name": "Дача начала XX века", "Расположение": null, "type": "Нет", "тип": null, "Статус владельца": "Нет данных", "Типология владения": "Дача", "Класс роскошности": "3", "id": 234, "type_gis": 3 }, "geometry": { "type": "Point", "coordinates": [ 3355008.483386009931564, 8399057.203377703204751 ] } },
{ "type": "Feature", "properties": { "name": "Дача начала XX века", "Расположение": null, "type": "Да", "тип": null, "Статус владельца": "Нет данных", "Типология владения": "Дача", "Класс роскошности": "3", "id": 235, "type_gis": 3 }, "geometry": { "type": "Point", "coordinates": [ 3354894.20797826629132, 8399787.330226236954331 ] } },
{ "type": "Feature", "properties": { "name": "Дом инженера Г.О. Гиргенсона", "Расположение": null, "type": "Да", "тип": null, "Статус владельца": "Инженеры", "Типология владения": "Дом", "Класс роскошности": "3", "id": 236, "type_gis": 3 }, "geometry": { "type": "Point", "coordinates": [ 3354969.783489402849227, 8399252.550065230578184 ] } },
{ "type": "Feature", "properties": { "name": "Дача коммерсантов Лобановых", "Расположение": null, "type": "Да", "тип": null, "Статус владельца": "Купечество", "Типология владения": "Дача", "Класс роскошности": "3", "id": 237, "type_gis": 3 }, "geometry": { "type": "Point", "coordinates": [ 3355949.531207642517984, 8400342.988592442125082 ] } },
{ "type": "Feature", "properties": { "name": "Дача начала XX века", "Расположение": null, "type": "Да", "тип": null, "Статус владельца": "Нет данных", "Типология владения": "Дача", "Класс роскошности": "3", "id": 238, "type_gis": 3 }, "geometry": { "type": "Point", "coordinates": [ 3354152.795926662627608, 8399960.024008192121983 ] } },
{ "type": "Feature", "properties": { "name": "Дача начала XX века", "Расположение": null, "type": "Да", "тип": null, "Статус владельца": "Нет данных", "Типология владения": "Дача", "Класс роскошности": "3", "id": 239, "type_gis": 3 }, "geometry": { "type": "Point", "coordinates": [ 3355606.57641120813787, 8399959.122923975810409 ] } },
{ "type": "Feature", "properties": { "name": "Дача начала XX века ", "Расположение": null, "type": "Да", "тип": null, "Статус владельца": "Нет данных", "Типология владения": "Дача", "Класс роскошности": "3", "id": 240, "type_gis": 3 }, "geometry": { "type": "Point", "coordinates": [ 3355263.133524479344487, 8400553.996080970391631 ] } },
{ "type": "Feature", "properties": { "name": "Дача титулярного советника МПС Н.А. Демидовцева (М.А. Гек)", "Расположение": null, "type": "Да", "тип": null, "Статус владельца": "Чиновники", "Типология владения": "Дача", "Класс роскошности": "3", "id": 241, "type_gis": 3 }, "geometry": { "type": "Point", "coordinates": [ 3311580.863715033978224, 8442355.744675347581506 ] } },
{ "type": "Feature", "properties": { "name": "Дача начала XX века", "Расположение": null, "type": "Да", "тип": null, "Статус владельца": "Нет данных", "Типология владения": "Дача", "Класс роскошности": "3", "id": 242, "type_gis": 3 }, "geometry": { "type": "Point", "coordinates": [ 3354850.13938093977049, 8399064.697723262012005 ] } },
{ "type": "Feature", "properties": { "name": "Дача начала XX века", "Расположение": null, "type": "Нет", "тип": null, "Статус владельца": "Нет данных", "Типология владения": "Дача", "Класс роскошности": "3", "id": 243, "type_gis": 3 }, "geometry": { "type": "Point", "coordinates": [ 3355110.978302612900734, 8399649.413364645093679 ] } },
{ "type": "Feature", "properties": { "name": "Дача начала XX века", "Расположение": null, "type": "Да", "тип": null, "Статус владельца": "Нет данных", "Типология владения": "Дача", "Класс роскошности": "3", "id": 244, "type_gis": 3 }, "geometry": { "type": "Point", "coordinates": [ 3354646.485339809209108, 8400188.723408678546548 ] } },
{ "type": "Feature", "properties": { "name": "Дача дачного арендодателя Архарова", "Расположение": null, "type": "Да", "тип": null, "Типология владения": "Дача", "Класс роскошности": "3", "id": 245, "type_gis": 3 }, "geometry": { "type": "Point", "coordinates": [ 3313023.178344946354628, 8440691.317444819957018 ] } },
{ "type": "Feature", "properties": { "name": "Дача начала XX века", "Расположение": null, "type": "Нет", "тип": null, "Статус владельца": "Нет данных", "Типология владения": "Дача", "Класс роскошности": "3", "id": 246, "type_gis": 3 }, "geometry": { "type": "Point", "coordinates": [ 3355450.306771223433316, 8399149.565240126103163 ] } },
{ "type": "Feature", "properties": { "name": "Дача начала XX века", "Расположение": null, "type": "Да", "тип": null, "Статус владельца": "Нет данных", "Типология владения": "Дача", "Класс роскошности": "3", "id": 247, "type_gis": 3 }, "geometry": { "type": "Point", "coordinates": [ 3355084.998401419259608, 8399464.565991204231977 ] } },
{ "type": "Feature", "properties": { "name": "Дача начала XX века", "Расположение": null, "type": "Да", "тип": null, "Статус владельца": "Нет данных", "Типология владения": "Дача", "Класс роскошности": "3", "id": 248, "type_gis": 3 }, "geometry": { "type": "Point", "coordinates": [ 3354303.850612360518426, 8399039.140272842720151 ] } },
{ "type": "Feature", "properties": { "name": "Дача начала XX века", "Расположение": null, "type": "Да", "тип": null, "Статус владельца": "Нет данных", "Типология владения": "Дача", "Класс роскошности": "3", "id": 249, "type_gis": 3 }, "geometry": { "type": "Point", "coordinates": [ 3355810.784138102084398, 8399269.030334329232574 ] } },
{ "type": "Feature", "properties": { "name": "Дача начала XX века", "Расположение": null, "type": "Да", "тип": null, "Статус владельца": "Нет данных", "Типология владения": "Дача", "Класс роскошности": "3", "id": 250, "type_gis": 3 }, "geometry": { "type": "Point", "coordinates": [ 3355389.528716437052935, 8399359.137055471539497 ] } },
{ "type": "Feature", "properties": { "name": "Дом присяжного поверенного Ю. М. Герценфельда", "Расположение": null, "type": "Руина", "тип": null, "Статус владельца": "Чиновники", "Типология владения": "Дом", "Класс роскошности": "3", "id": 251, "type_gis": 3 }, "geometry": { "type": "Point", "coordinates": [ 3336335.671215313952416, 8415742.522351389750838 ] } },
{ "type": "Feature", "properties": { "name": "Дача начала XX века ", "Расположение": null, "type": "Да", "тип": null, "Статус владельца": "Нет данных", "Типология владения": "Дача", "Класс роскошности": "3", "id": 252, "type_gis": 3 }, "geometry": { "type": "Point", "coordinates": [ 3354543.793019771575928, 8399470.811668083071709 ] } },
{ "type": "Feature", "properties": { "name": "Дом Мельникова", "Расположение": null, "type": "Да", "тип": null, "Типология владения": "Дом", "Класс роскошности": "3", "id": 253, "type_gis": 3 }, "geometry": { "type": "Point", "coordinates": [ 3313923.479556929320097, 8380679.073357990011573 ] } },
{ "type": "Feature", "properties": { "name": "Дом А.Г. Липпа", "Расположение": null, "type": "Да", "тип": null, "Типология владения": "Дом", "Класс роскошности": "3", "id": 254, "type_gis": 3 }, "geometry": { "type": "Point", "coordinates": [ 3355451.543851126916707, 8399446.522782530635595 ] } },
{ "type": "Feature", "properties": { "name": "Особняк Макаровой (ru)", "Расположение": null, "type": null, "тип": null, "Типология владения": "Особняк", "Класс роскошности": "3", "id": 255, "type_gis": 3 }, "geometry": { "type": "Point", "coordinates": [ 3318986.236250381916761, 8440433.741252340376377 ] } },
{ "type": "Feature", "properties": { "name": "Дача начала XX века", "Расположение": null, "type": "Да", "тип": null, "Статус владельца": "Нет данных", "Типология владения": "Дача", "Класс роскошности": "3", "id": 256, "type_gis": 3 }, "geometry": { "type": "Point", "coordinates": [ 3355102.781415273435414, 8399251.842629458755255 ] } },
{ "type": "Feature", "properties": { "name": "Дача начала XX века", "Расположение": null, "type": "Нет", "тип": null, "Статус владельца": "Нет данных", "Типология владения": "Дача", "Класс роскошности": "3", "id": 257, "type_gis": 3 }, "geometry": { "type": "Point", "coordinates": [ 3355234.618939174804837, 8399682.152360232546926 ] } },
{ "type": "Feature", "properties": { "name": "Дача начала XX века", "Расположение": null, "type": "Да", "тип": null, "Статус владельца": "Нет данных", "Типология владения": "Дача", "Класс роскошности": "3", "id": 258, "type_gis": 3 }, "geometry": { "type": "Point", "coordinates": [ 3354388.084708789363503, 8399090.145968906581402 ] } },
{ "type": "Feature", "properties": { "name": "Дача Б.Л. Нильсена", "Расположение": null, "type": "Да", "тип": null, "Типология владения": "Дача", "Класс роскошности": "3", "id": 259, "type_gis": 3 }, "geometry": { "type": "Point", "coordinates": [ 3355467.92156689427793, 8400056.968758514150977 ] } },
{ "type": "Feature", "properties": { "name": "Дача начала XX века", "Расположение": null, "type": "Да", "тип": null, "Статус владельца": "Нет данных", "Типология владения": "Дача", "Класс роскошности": "3", "id": 260, "type_gis": 3 }, "geometry": { "type": "Point", "coordinates": [ 3356066.531648781150579, 8399451.298624290153384 ] } },
{ "type": "Feature", "properties": { "name": "Особняк Рогалева (ru)", "Расположение": null, "type": null, "тип": null, "Типология владения": "Особняк", "Класс роскошности": "3", "id": 261, "type_gis": 3 }, "geometry": { "type": "Point", "coordinates": [ 3317398.912434668745846, 8441062.492660447955132 ] } },
{ "type": "Feature", "properties": { "name": "Дача начала XX века ", "Расположение": null, "type": "Да", "тип": null, "Статус владельца": "Нет данных", "Типология владения": "Дача", "Класс роскошности": "3", "id": 262, "type_gis": 3 }, "geometry": { "type": "Point", "coordinates": [ 3354314.608325245790184, 8399798.976673463359475 ] } },
{ "type": "Feature", "properties": { "name": "Дача начала XX века ", "Расположение": null, "type": "Да", "тип": null, "Статус владельца": "Нет данных", "Типология владения": "Дача", "Класс роскошности": "3", "id": 263, "type_gis": 3 }, "geometry": { "type": "Point", "coordinates": [ 3354863.493446961976588, 8399521.626225179061294 ] } },
{ "type": "Feature", "properties": { "name": "Дача Канарейкина", "Расположение": null, "type": "Нет", "тип": null, "Статус владельца": null, "Типология владения": null, "Класс роскошности": null, "id": 264, "type_gis": null }, "geometry": { "type": "Point", "coordinates": [ 3318114.912073817104101, 8440144.749142441898584 ] } },
{ "type": "Feature", "properties": { "name": "Дача начала XX века", "Расположение": null, "type": "Да", "тип": null, "Статус владельца": "Нет данных", "Типология владения": "Дача", "Класс роскошности": "3", "id": 265, "type_gis": 3 }, "geometry": { "type": "Point", "coordinates": [ 3355222.695817979983985, 8399441.456262189894915 ] } },
{ "type": "Feature", "properties": { "name": "Дача начала XX века", "Расположение": null, "type": "Да", "тип": null, "Статус владельца": "Нет данных", "Типология владения": "Дача", "Класс роскошности": "3", "id": 266, "type_gis": 3 }, "geometry": { "type": "Point", "coordinates": [ 3355648.415750352200121, 8399664.040838418528438 ] } },
{ "type": "Feature", "properties": { "name": "Жилой дом начала XX века", "Расположение": null, "type": "Нет", "тип": null, "Типология владения": "Дом", "Класс роскошности": "3", "id": 267, "type_gis": 3 }, "geometry": { "type": "Point", "coordinates": [ 3355707.00783068081364, 8399708.98064742051065 ] } },
{ "type": "Feature", "properties": { "name": "«Полицейский» дом (ru)", "Расположение": null, "type": null, "тип": null, "Типология владения": "Дом", "id": 268, "type_gis": null }, "geometry": { "type": "Point", "coordinates": [ 3318637.054681365843862, 8440556.845499431714416 ] } },
{ "type": "Feature", "properties": { "name": "Дача дачного арендодателя Микко Неванперя", "Расположение": null, "type": "Да", "тип": null, "Типология владения": "Дача", "Класс роскошности": "3", "id": 269, "type_gis": 3 }, "geometry": { "type": "Point", "coordinates": [ 3308474.277710753958672, 8442658.765825793147087 ] } },
{ "type": "Feature", "properties": { "name": "Дача начала XX века", "Расположение": null, "type": "Да", "тип": null, "Статус владельца": "Нет данных", "Типология владения": "Дача", "Класс роскошности": "3", "id": 270, "type_gis": 3 }, "geometry": { "type": "Point", "coordinates": [ 3354422.988920322153717, 8398984.991026611998677 ] } },
{ "type": "Feature", "properties": { "name": "Дача начала XX века ", "Расположение": null, "type": "Да", "тип": null, "Статус владельца": "Нет данных", "Типология владения": "Дача", "Класс роскошности": "3", "id": 271, "type_gis": 3 }, "geometry": { "type": "Point", "coordinates": [ 3354611.051769771613181, 8399462.361653374508023 ] } },
{ "type": "Feature", "properties": { "name": "Дача С. И. Шалыгина", "Расположение": null, "type": "Нет", "тип": null, "Типология владения": "Дача", "Класс роскошности": "3", "id": 272, "type_gis": 3 }, "geometry": { "type": "Point", "coordinates": [ 3354976.386223310604692, 8399164.120593246072531 ] } },
{ "type": "Feature", "properties": { "name": "Дача начала XX века", "Расположение": null, "type": "Да", "тип": null, "Статус владельца": "Нет данных", "Типология владения": "Дача", "Класс роскошности": "3", "id": 273, "type_gis": 3 }, "geometry": { "type": "Point", "coordinates": [ 3355296.102975917980075, 8399461.363764630630612 ] } },
{ "type": "Feature", "properties": { "name": "Дача начала XX века ", "Расположение": null, "type": "Да", "тип": null, "Статус владельца": "Нет данных", "Типология владения": "Дача", "Класс роскошности": "3", "id": 274, "type_gis": 3 }, "geometry": { "type": "Point", "coordinates": [ 3355241.438827351666987, 8400661.054695060476661 ] } },
{ "type": "Feature", "properties": { "name": "Дом купца Полисадова", "Расположение": null, "type": "Да", "тип": null, "Статус владельца": "Купечество", "Типология владения": "Дом", "Класс роскошности": "3", "id": 275, "type_gis": 3 }, "geometry": { "type": "Point", "coordinates": [ 3313992.23697623796761, 8380708.998866912908852 ] } },
{ "type": "Feature", "properties": { "name": "Дача начала XX века", "Расположение": null, "type": "Да", "тип": null, "Статус владельца": "Нет данных", "Типология владения": "Дача", "Класс роскошности": "3", "id": 276, "type_gis": 3 }, "geometry": { "type": "Point", "coordinates": [ 3354550.662315792404115, 8399793.356340358033776 ] } },
{ "type": "Feature", "properties": { "name": "Дача В. А. Лучинского (ru)", "Расположение": null, "type": "Да", "тип": null, "Типология владения": "Дача", "Класс роскошности": "3", "id": 277, "type_gis": 3 }, "geometry": { "type": "Point", "coordinates": [ 3307076.472056911326945, 8442995.123788250610232 ] } },
{ "type": "Feature", "properties": { "name": "Дача начала XX века", "Расположение": null, "type": "Да", "тип": null, "Статус владельца": "Нет данных", "Типология владения": "Дача", "Класс роскошности": "3", "id": 278, "type_gis": 3 }, "geometry": { "type": "Point", "coordinates": [ 3354666.592624580487609, 8399068.850707028061152 ] } },
{ "type": "Feature", "properties": { "name": "Дача Н.Я.Андреева \"Аннала\"", "Расположение": null, "type": "Нет", "тип": null, "Статус владельца": null, "Типология владения": null, "Класс роскошности": null, "id": 279, "type_gis": null }, "geometry": { "type": "Point", "coordinates": [ 3318390.837660679593682, 8440272.135905310511589 ] } },
{ "type": "Feature", "properties": { "name": "Дача начала XX века", "Расположение": null, "type": "Да", "тип": null, "Статус владельца": "Нет данных", "Типология владения": "Дача", "Класс роскошности": "3", "id": 280, "type_gis": 3 }, "geometry": { "type": "Point", "coordinates": [ 3354370.974602904636413, 8399147.33527004532516 ] } },
{ "type": "Feature", "properties": { "name": "Дача начала XX века ", "Расположение": null, "type": "Да", "тип": null, "Статус владельца": "Нет данных", "Типология владения": "Дача", "Класс роскошности": "3", "id": 281, "type_gis": 3 }, "geometry": { "type": "Point", "coordinates": [ 3354863.181206233333796, 8399550.352372175082564 ] } },
{ "type": "Feature", "properties": { "name": "Дом рабочего Сестрорецкого Оружейного завода Н.Ю. Олинейчака", "Расположение": null, "type": "Да", "тип": null, "Статус владельца": "Инженеры", "Типология владения": "Дом", "Класс роскошности": "3", "id": 282, "type_gis": 3 }, "geometry": { "type": "Point", "coordinates": [ 3336901.632943208795041, 8417516.149471942335367 ] } },
{ "type": "Feature", "properties": { "name": "Дача начала XX века", "Расположение": null, "type": "Да", "тип": null, "Статус владельца": "Нет данных", "Типология владения": "Дача", "Класс роскошности": "3", "id": 283, "type_gis": 3 }, "geometry": { "type": "Point", "coordinates": [ 3355594.876408126670867, 8399759.844385487958789 ] } },
{ "type": "Feature", "properties": { "name": "Дача начала XX века", "Расположение": null, "type": "Да", "тип": null, "Статус владельца": "Нет данных", "Типология владения": "Дача", "Класс роскошности": "3", "id": 284, "type_gis": 3 }, "geometry": { "type": "Point", "coordinates": [ 3354561.307714271359146, 8400071.803139870986342 ] } },
{ "type": "Feature", "properties": { "name": "Дача начала XX века ", "Расположение": null, "type": "Нет", "тип": null, "Статус владельца": "Нет данных", "Типология владения": "Дача", "Класс роскошности": "3", "id": 285, "type_gis": 3 }, "geometry": { "type": "Point", "coordinates": [ 3336394.395126188639551, 8415908.131788989529014 ] } },
{ "type": "Feature", "properties": { "name": "Дача начала XX века", "Расположение": null, "type": "Да", "тип": null, "Статус владельца": "Нет данных", "Типология владения": "Дача", "Класс роскошности": "3", "id": 286, "type_gis": 3 }, "geometry": { "type": "Point", "coordinates": [ 3355023.658370719756931, 8399460.035159191116691 ] } },
{ "type": "Feature", "properties": { "name": "Дача Карлоф (Дача М. Ф. Кшесинской)", "Расположение": null, "type": "Да", "тип": null, "Статус владельца": "Интеллигенция", "Типология владения": "Дача", "Класс роскошности": "3", "id": 287, "type_gis": 3 }, "geometry": { "type": "Point", "coordinates": [ 3312045.24162979517132, 8441527.079258335754275 ] } },
{ "type": "Feature", "properties": { "name": "Дача начала XX века", "Расположение": null, "type": "Да", "тип": null, "Статус владельца": "Нет данных", "Типология владения": "Дача", "Класс роскошности": "3", "id": 288, "type_gis": 3 }, "geometry": { "type": "Point", "coordinates": [ 3354598.615518984850496, 8398983.252846546471119 ] } },
{ "type": "Feature", "properties": { "name": "Дача начала XX века", "Расположение": null, "type": "Да", "тип": null, "Статус владельца": "Нет данных", "Типология владения": "Дача", "Класс роскошности": "3", "id": 289, "type_gis": 3 }, "geometry": { "type": "Point", "coordinates": [ 3355021.987579811364412, 8399662.582567855715752 ] } },
{ "type": "Feature", "properties": { "name": "Дача купца Ф. В.Кондратьева", "Расположение": null, "type": "Да", "тип": null, "Статус владельца": "Купечество", "Типология владения": "Дача", "Класс роскошности": "3", "id": 290, "type_gis": 3 }, "geometry": { "type": "Point", "coordinates": [ 3305393.581716225948185, 8442426.77029512822628 ] } },
{ "type": "Feature", "properties": { "name": "Дача начала XX века", "Расположение": null, "type": "Нет", "тип": null, "Статус владельца": "Нет данных", "Типология владения": "Дача", "Класс роскошности": "3", "id": 291, "type_gis": 3 }, "geometry": { "type": "Point", "coordinates": [ 3354560.178175148554146, 8400187.308537125587463 ] } },
{ "type": "Feature", "properties": { "name": "Дача Порвали (ru)", "Расположение": null, "type": "Да", "тип": null, "Типология владения": "Дача", "Класс роскошности": "3", "id": 292, "type_gis": 3 }, "geometry": { "type": "Point", "coordinates": [ 3305613.689549527596682, 8442059.414181675761938 ] } },
{ "type": "Feature", "properties": { "name": "Дача начала XX века", "Расположение": null, "type": "Да", "тип": null, "Статус владельца": "Нет данных", "Типология владения": "Дача", "Класс роскошности": "3", "id": 293, "type_gis": 3 }, "geometry": { "type": "Point", "coordinates": [ 3356088.284084538463503, 8399501.127857306972146 ] } },
{ "type": "Feature", "properties": { "name": "Дача заведывающего театреами А. М. Юхневича", "Расположение": null, "type": "Да", "тип": null, "Типология владения": "Дача", "Класс роскошности": "3", "id": 294, "type_gis": 3 }, "geometry": { "type": "Point", "coordinates": [ 3317485.442019979003817, 8440094.820616625249386 ] } },
{ "type": "Feature", "properties": { "name": "Дача начала XX века", "Расположение": null, "type": "Да", "тип": null, "Статус владельца": "Нет данных", "Типология владения": "Дача", "Класс роскошности": "3", "id": 295, "type_gis": 3 }, "geometry": { "type": "Point", "coordinates": [ 3354171.454354701098055, 8399647.753468453884125 ] } },
{ "type": "Feature", "properties": { "name": "Дача начала XX века", "Расположение": null, "type": "Да", "тип": null, "Статус владельца": "Нет данных", "Типология владения": "Дача", "Класс роскошности": "3", "id": 296, "type_gis": 3 }, "geometry": { "type": "Point", "coordinates": [ 3355400.354985388927162, 8399734.727529976516962 ] } },
{ "type": "Feature", "properties": { "name": "Дача начала XX века", "Расположение": null, "type": "Да", "тип": null, "Статус владельца": "Нет данных", "Типология владения": "Дача", "Класс роскошности": "3", "id": 297, "type_gis": 3 }, "geometry": { "type": "Point", "coordinates": [ 3355692.156809935346246, 8399757.139353627339005 ] } },
{ "type": "Feature", "properties": { "name": "Дача коллежского секретаря В. К. Ефремова", "Расположение": null, "type": "Руина", "тип": null, "Статус владельца": "Чиновники", "Типология владения": "Дача", "Класс роскошности": "3", "id": 298, "type_gis": 3 }, "geometry": { "type": "Point", "coordinates": [ 3336638.09783735871315, 8414325.741781925782561 ] } },
{ "type": "Feature", "properties": { "name": "Дача начала XX века", "Расположение": null, "type": "Да", "тип": null, "Статус владельца": "Нет данных", "Типология владения": "Дача", "Класс роскошности": "3", "id": 299, "type_gis": 3 }, "geometry": { "type": "Point", "coordinates": [ 3355068.824498030357063, 8399250.191945981234312 ] } },
{ "type": "Feature", "properties": { "name": "Дача начала XX века", "Расположение": null, "type": "Нет", "тип": null, "Статус владельца": "Нет данных", "Типология владения": "Дача", "Класс роскошности": "3", "id": 300, "type_gis": 3 }, "geometry": { "type": "Point", "coordinates": [ 3354736.757789821829647, 8399684.384326200932264 ] } },
{ "type": "Feature", "properties": { "name": "Дача начала XX века", "Расположение": null, "type": "Да", "тип": null, "Статус владельца": "Нет данных", "Типология владения": "Дача", "Класс роскошности": "3", "id": 301, "type_gis": 3 }, "geometry": { "type": "Point", "coordinates": [ 3355610.407347430940717, 8400315.813138896599412 ] } },
{ "type": "Feature", "properties": { "name": "Дача начала XX века", "Расположение": null, "type": "Да", "тип": null, "Статус владельца": "Нет данных", "Типология владения": "Дача", "Класс роскошности": "3", "id": 302, "type_gis": 3 }, "geometry": { "type": "Point", "coordinates": [ 3354355.729235927108675, 8399112.241969684138894 ] } },
{ "type": "Feature", "properties": { "name": "Дача инженера Н.И. Данилевского", "Расположение": null, "type": "Да", "тип": null, "Статус владельца": "Инженеры", "Типология владения": "Дача", "Класс роскошности": "3", "id": 303, "type_gis": 3 }, "geometry": { "type": "Point", "coordinates": [ 3296916.04036077298224, 8443834.630157561972737 ] } },
{ "type": "Feature", "properties": { "name": "Вилла \"Надежда\" В. Михайлова", "Расположение": null, "type": "Да", "тип": null, "Статус владельца": "Нет данных", "Типология владения": "Вилла", "Класс роскошности": "3", "id": 304, "type_gis": 3 }, "geometry": { "type": "Point", "coordinates": [ 3298471.226320450659841, 8444930.934459451586008 ] } },
{ "type": "Feature", "properties": { "name": "Дача художника-архитектора Ф. А. Корзухина (Чёрная дача) \"Каунис и Тойвола\"", "Расположение": null, "type": "Да", "тип": null, "Статус владельца": "Интеллигенция", "Типология владения": "Дача", "Класс роскошности": "3", "id": 305, "type_gis": 3 }, "geometry": { "type": "Point", "coordinates": [ 3294407.852732957806438, 8444708.541301069781184 ] } },
{ "type": "Feature", "properties": { "name": "Дача протоиерея, настоятеля церкви В.К. Роггенхагена (участок \"Каунис и Тойвола\")", "Расположение": null, "type": "Да", "тип": null, "Статус владельца": "Интеллигенция", "Типология владения": "Дача", "Класс роскошности": "3", "id": 306, "type_gis": 3 }, "geometry": { "type": "Point", "coordinates": [ 3295200.324128320906311, 8444517.471122741699219 ] } },
{ "type": "Feature", "properties": { "name": "Дача семьи военных Шванк (участок \"Каунис и Тойвола\")", "Расположение": null, "type": "Да", "тип": null, "Статус владельца": "Военные", "Типология владения": "Дача", "Класс роскошности": "3", "id": 307, "type_gis": 3 }, "geometry": { "type": "Point", "coordinates": [ 3295560.538398941978812, 8444665.472203494980931 ] } },
{ "type": "Feature", "properties": { "name": "Дача Полякова участок (\"Каунис и Тойвола\")", "Расположение": null, "type": "Да", "тип": null, "Статус владельца": "Нет данных", "Типология владения": "Дача", "Класс роскошности": "3", "id": 308, "type_gis": 3 }, "geometry": { "type": "Point", "coordinates": [ 3295611.82977878022939, 8444852.23547207005322 ] } },
{ "type": "Feature", "properties": { "name": "Дача баптистского проповедника Г.К. Морица (участок \"Каунис и Тойвола\")", "Расположение": null, "type": "Да", "тип": null, "Статус владельца": "Интеллигенция", "Типология владения": "Дача", "Класс роскошности": "3", "id": 309, "type_gis": 3 }, "geometry": { "type": "Point", "coordinates": [ 3295651.375041097868234, 8444589.709745494648814 ] } },
{ "type": "Feature", "properties": { "name": "Дача доктора Вейккола (участок \"Каунис и Тойвола\")", "Расположение": null, "type": "Да", "тип": null, "Статус владельца": "Интеллигенция", "Типология владения": "Дача", "Класс роскошности": "3", "id": 310, "type_gis": 3 }, "geometry": { "type": "Point", "coordinates": [ 3295826.000654898118228, 8444622.20733730494976 ] } },
{ "type": "Feature", "properties": { "name": "Дача графа А. Д. Шереметева", "Расположение": null, "type": "Нет", "тип": null, "Статус владельца": "Дворянство", "Типология владения": "Дача", "Класс роскошности": "3", "id": 311, "type_gis": 3 }, "geometry": { "type": "Point", "coordinates": [ 3293284.140823528170586, 8444919.775647824630141 ] } },
{ "type": "Feature", "properties": { "name": "Дача врача С. А. Лазова", "Расположение": null, "type": "Да", "тип": null, "Статус владельца": "Интеллигенция", "Типология владения": "Дача", "Класс роскошности": "3", "id": 312, "type_gis": 3 }, "geometry": { "type": "Point", "coordinates": [ 3293346.786783636081964, 8444185.64330280944705 ] } },
{ "type": "Feature", "properties": { "name": "Дача профессора ботаники Э. Э. Керна", "Расположение": null, "type": "Да", "тип": null, "Статус владельца": "Интеллигенция", "Типология владения": "Дача", "Класс роскошности": "3", "id": 313, "type_gis": 3 }, "geometry": { "type": "Point", "coordinates": [ 3294244.190162179525942, 8443942.107132891193032 ] } },
{ "type": "Feature", "properties": { "name": "Дача горного советника Лавониуса (купца Йёргенса)", "Расположение": null, "type": "Руина", "тип": null, "Статус владельца": "Купечество", "Типология владения": "Дача", "Класс роскошности": "3", "id": 314, "type_gis": 3 }, "geometry": { "type": "Point", "coordinates": [ 3295975.567884658463299, 8444075.229798121377826 ] } },
{ "type": "Feature", "properties": { "name": "Дача А. А. Ржешотарского", "Расположение": null, "type": "Да", "тип": null, "Типология владения": "Дача", "Класс роскошности": "3", "id": 315, "type_gis": 3 }, "geometry": { "type": "Point", "coordinates": [ 3299441.455627624411136, 8442828.966729225590825 ] } },
{ "type": "Feature", "properties": { "name": "Дача Зуккау", "Расположение": null, "type": "Да", "тип": null, "Типология владения": "Дача", "Класс роскошности": "3", "id": 316, "type_gis": 3 }, "geometry": { "type": "Point", "coordinates": [ 3299609.816645415499806, 8442720.119373543187976 ] } },
{ "type": "Feature", "properties": { "name": "Дача Зуккау", "Расположение": null, "type": "Да", "тип": null, "Типология владения": "Дача", "Класс роскошности": "3", "id": 317, "type_gis": 3 }, "geometry": { "type": "Point", "coordinates": [ 3299609.229339540936053, 8442554.890653755515814 ] } },
{ "type": "Feature", "properties": { "name": " Дача Ротгана", "Расположение": null, "type": "Руина", "тип": null, "Типология владения": "Дача", "Класс роскошности": "3", "id": 318, "type_gis": 3 }, "geometry": { "type": "Point", "coordinates": [ 3300027.391123261768371, 8442750.659279096871614 ] } },
{ "type": "Feature", "properties": { "name": "Усадьба Оржицких (Красная)", "Расположение": null, "type": "Нет", "тип": null, "Статус владельца": "Дворянство", "Типология владения": "Усадьба", "Класс роскошности": "2", "id": 319, "type_gis": 2 }, "geometry": { "type": "Point", "coordinates": [ 3307791.574804127682, 8345683.093315553851426 ] } },
{ "type": "Feature", "properties": { "name": "Швейцарская дача усадьбы Отрадное", "Расположение": null, "type": "Нет", "тип": null, "Типология владения": "Дача", "Класс роскошности": "3", "id": 321, "type_gis": 3 }, "geometry": { "type": "Point", "coordinates": [ 3307662.092591455206275, 8382809.076189656741917 ] } },
{ "type": "Feature", "properties": { "name": "Усадьба Софиевка купца Г. Ф. Эбергардта", "Расположение": null, "type": "Нет", "тип": null, "Статус владельца": "Купечество", "Типология владения": "Усадьба", "Класс роскошности": "2", "id": 322, "type_gis": 2 }, "geometry": { "type": "Point", "coordinates": [ 3409269.215172766707838, 8401345.833189353346825 ] } },
{ "type": "Feature", "properties": { "name": "Дача купца Иглова", "Расположение": null, "type": "Нет", "тип": null, "Статус владельца": "Купечество", "Типология владения": "Дача", "Класс роскошности": "3", "id": 323, "type_gis": 3 }, "geometry": { "type": "Point", "coordinates": [ 3311439.434776615351439, 8441866.808752160519361 ] } },
{ "type": "Feature", "properties": { "name": "Дача купца Михаила Ванифатьева", "Расположение": null, "type": "Нет", "тип": null, "Статус владельца": "Купечество", "Типология владения": "Дача", "Класс роскошности": "3", "id": 324, "type_gis": 3 }, "geometry": { "type": "Point", "coordinates": [ 3309170.273815906606615, 8441929.538730766624212 ] } },
{ "type": "Feature", "properties": { "name": "Дача Н. П. Нечаева вилла \"Мумсик\"", "Расположение": null, "type": "Нет", "тип": null, "Типология владения": "Дача", "Класс роскошности": "3", "id": 325, "type_gis": 3 }, "geometry": { "type": "Point", "coordinates": [ 3306875.08204775582999, 8443218.277066700160503 ] } },
{ "type": "Feature", "properties": { "name": "Дача акционера страхового общества Э. Г. Вегнера (участок \"Каунис и Тойвола\")", "Расположение": null, "type": "Нет", "тип": null, "Статус владельца": "Купечество", "Типология владения": "Дача", "Класс роскошности": "3", "id": 326, "type_gis": 3 }, "geometry": { "type": "Point", "coordinates": [ 3294843.728192344773561, 8445145.837021462619305 ] } },
{ "type": "Feature", "properties": { "name": "Дача юриста и художника В. Ф. Леви     ", "Расположение": null, "type": "Нет", "тип": null, "Статус владельца": "Чиновники", "Типология владения": "Дача", "Класс роскошности": "3", "id": 327, "type_gis": 3 }, "geometry": { "type": "Point", "coordinates": [ 3305176.67854543030262, 8442448.021206963807344 ] } },
{ "type": "Feature", "properties": { "name": "Дача Альмы Францен семьи домовладельцев", "Расположение": null, "type": "Нет", "тип": null, "Типология владения": "Дача", "Класс роскошности": "3", "id": 328, "type_gis": 3 }, "geometry": { "type": "Point", "coordinates": [ 3304596.319559710100293, 8442171.070485098287463 ] } },
{ "type": "Feature", "properties": { "name": "Вилла \"Лепони\"", "Расположение": null, "type": "Нет", "тип": null, "Типология владения": "Вилла", "Класс роскошности": "3", "id": 329, "type_gis": 3 }, "geometry": { "type": "Point", "coordinates": [ 3305886.338099288754165, 8442497.095680017024279 ] } },
{ "type": "Feature", "properties": { "name": "Дача \"Оннела\" художника В.Е. Савинского", "Расположение": null, "type": "Нет", "тип": null, "Статус владельца": "Интеллигенция", "Типология владения": "Дача", "Класс роскошности": "3", "id": 330, "type_gis": 3 }, "geometry": { "type": "Point", "coordinates": [ 3318602.174170209094882, 8437949.812333082780242 ] } },
{ "type": "Feature", "properties": { "name": "Дом доктора медицины М. Д. Ильина", "Расположение": null, "type": "Нет", "тип": null, "Статус владельца": "Интеллигенция", "Типология владения": "Дом", "Класс роскошности": "3", "id": 331, "type_gis": 3 }, "geometry": { "type": "Point", "coordinates": [ 3336326.108968647196889, 8416115.672349227592349 ] } },
{ "type": "Feature", "properties": { "name": "Деревянный жилой дом начала XX века", "Расположение": null, "type": "Нет", "тип": null, "Типология владения": "Дом", "Класс роскошности": "3", "id": 332, "type_gis": 3 }, "geometry": { "type": "Point", "coordinates": [ 3336901.178035639226437, 8417322.961585378274322 ] } },
{ "type": "Feature", "properties": { "name": "Дом начальника Стрелковой школы Л. В. Гапонова  ", "Расположение": null, "type": "Да", "тип": null, "Типология владения": "Дом", "Класс роскошности": "3", "id": 333, "type_gis": 3 }, "geometry": { "type": "Point", "coordinates": [ 3315150.013374924659729, 8379943.583419166505337 ] } },
{ "type": "Feature", "properties": { "name": "Дача архитектора Л. П. Шишко", "Расположение": null, "type": "Нет", "тип": null, "Статус владельца": "Инженеры", "Типология владения": "Дача", "Класс роскошности": "3", "id": 334, "type_gis": 3 }, "geometry": { "type": "Point", "coordinates": [ 3355380.581084122415632, 8398949.549370085820556 ] } },
{ "type": "Feature", "properties": { "name": "Дача начала XX века", "Расположение": null, "type": "Да", "тип": null, "Статус владельца": "Нет данных", "Типология владения": "Дача", "Класс роскошности": "3", "id": 335, "type_gis": 3 }, "geometry": { "type": "Point", "coordinates": [ 3354565.130225592292845, 8400754.907841324806213 ] } },
{ "type": "Feature", "properties": { "name": "Дача начала XX века", "Расположение": null, "type": "Нет", "тип": null, "Статус владельца": "Нет данных", "Типология владения": "Дача", "Класс роскошности": "3", "id": 336, "type_gis": 3 }, "geometry": { "type": "Point", "coordinates": [ 3354566.545097143854946, 8400839.800134433433414 ] } },
{ "type": "Feature", "properties": { "name": "Дача начала XX века", "Расположение": null, "type": "Да", "тип": null, "Статус владельца": "Нет данных", "Типология владения": "Дача", "Класс роскошности": "3", "id": 337, "type_gis": 3 }, "geometry": { "type": "Point", "coordinates": [ 3354766.985233649145812, 8398878.552351713180542 ] } },
{ "type": "Feature", "properties": { "name": "Дача начала XX века", "Расположение": null, "type": "Да", "тип": null, "Статус владельца": "Нет данных", "Типология владения": "Дача", "Класс роскошности": "3", "id": 338, "type_gis": 3 }, "geometry": { "type": "Point", "coordinates": [ 3355958.778704110532999, 8399674.653411522507668 ] } },
{ "type": "Feature", "properties": { "name": "Дача начала XX века", "Расположение": null, "type": "Да", "тип": null, "Статус владельца": "Нет данных", "Типология владения": "Дача", "Класс роскошности": "3", "id": 339, "type_gis": 3 }, "geometry": { "type": "Point", "coordinates": [ 3354843.544118878431618, 8399666.430484330281615 ] } },
{ "type": "Feature", "properties": { "name": "Дача врача И. И. Хрущова", "Расположение": null, "type": "Да", "тип": null, "Статус владельца": "Интеллигенция", "Типология владения": "Дача", "Класс роскошности": "3", "id": 340, "type_gis": 3 }, "geometry": { "type": "Point", "coordinates": [ 3334126.621963711455464, 8423440.67143576592207 ] } },
{ "type": "Feature", "properties": { "name": "Дача коллежского советника Н. И. Небеснюка", "Расположение": null, "type": "Да", "тип": null, "Статус владельца": "Чиновники", "Типология владения": "Дача", "Класс роскошности": "3", "id": 341, "type_gis": 3 }, "geometry": { "type": "Point", "coordinates": [ 3334178.641695824917406, 8423241.262462666258216 ] } },
{ "type": "Feature", "properties": { "name": "Дача присяжного поверенного Б.Н. Кана", "Расположение": null, "type": "Да", "тип": null, "Статус владельца": "Чиновники", "Типология владения": "Дача", "Класс роскошности": "3", "id": 342, "type_gis": 3 }, "geometry": { "type": "Point", "coordinates": [ 3334003.508597710169852, 8423102.543177030980587 ] } },
{ "type": "Feature", "properties": { "name": "Дача почетного гражданина Ф.Р. Витцеля", "Расположение": null, "type": "Да", "тип": null, "Типология владения": "Дача", "Класс роскошности": "3", "id": 343, "type_gis": 3 }, "geometry": { "type": "Point", "coordinates": [ 3333843.981419231276959, 8423094.451218703761697 ] } },
{ "type": "Feature", "properties": { "name": "Дача начала XX века", "Расположение": null, "type": "Да", "тип": null, "Статус владельца": "Нет данных", "Типология владения": "Дача", "Класс роскошности": "3", "id": 344, "type_gis": 3 }, "geometry": { "type": "Point", "coordinates": [ 3334000.907611106522381, 8423022.346090026199818 ] } },
{ "type": "Feature", "properties": { "name": "Дача почетного гражданина купца В.Г. Лихачева", "Расположение": null, "type": "Да", "тип": null, "Статус владельца": "Купечество", "Типология владения": "Дача", "Класс роскошности": "3", "id": 345, "type_gis": 3 }, "geometry": { "type": "Point", "coordinates": [ 3333982.411706355400383, 8422927.554578173905611 ] } },
{ "type": "Feature", "properties": { "name": "Дача вдовы коллежского советника О.В. Кондратьевой", "Расположение": null, "type": "Да", "тип": null, "Статус владельца": "Чиновники", "Типология владения": "Дача", "Класс роскошности": "3", "id": 346, "type_gis": 3 }, "geometry": { "type": "Point", "coordinates": [ 3333988.191676589660347, 8422814.845158593729138 ] } },
{ "type": "Feature", "properties": { "name": "Дача присяжного поверенного Ф.В. Шаповаленко", "Расположение": null, "type": "Да", "тип": null, "Статус владельца": "Чиновники", "Типология владения": "Дача", "Класс роскошности": "3", "id": 347, "type_gis": 3 }, "geometry": { "type": "Point", "coordinates": [ 3333811.987253293395042, 8422933.523324556648731 ] } },
{ "type": "Feature", "properties": { "name": "Дом вдовы коллежского советника О. В. Кондратьевой", "Расположение": null, "type": "Да", "тип": null, "Статус владельца": "Чиновники", "Типология владения": "Дом", "Класс роскошности": "3", "id": 348, "type_gis": 3 }, "geometry": { "type": "Point", "coordinates": [ 3333962.128960046451539, 8422664.151438910514116 ] } },
{ "type": "Feature", "properties": { "name": "Дом надворного советника П. А. Александрова", "Расположение": null, "type": "Да", "тип": null, "Статус владельца": "Чиновники", "Типология владения": "Дом", "Класс роскошности": "3", "id": 349, "type_gis": 3 }, "geometry": { "type": "Point", "coordinates": [ 3333801.893693174701184, 8422585.295500488951802 ] } },
{ "type": "Feature", "properties": { "name": "Дача начала XX века", "Расположение": null, "type": "Да", "тип": null, "Статус владельца": "Нет данных", "Типология владения": "Дача", "Класс роскошности": "3", "id": 350, "type_gis": 3 }, "geometry": { "type": "Point", "coordinates": [ 3334499.29561257082969, 8422538.297361191362143 ] } },
{ "type": "Feature", "properties": { "name": "Дача начальника службы пути Приморской ж/д С.И. Евланова", "Расположение": null, "type": "Да", "тип": null, "Статус владельца": "Инженеры", "Типология владения": "Дача", "Класс роскошности": "3", "id": 351, "type_gis": 33 }, "geometry": { "type": "Point", "coordinates": [ 3334547.555446883663535, 8422492.560916906222701 ] } },
{ "type": "Feature", "properties": { "name": "Дача домашней учительницы Н. В. Кохно", "Расположение": null, "type": "Нет", "тип": null, "Статус владельца": "Интеллигенция", "Типология владения": "Дача", "Класс роскошности": "3", "id": 352, "type_gis": 3 }, "geometry": { "type": "Point", "coordinates": [ 3333945.726924852468073, 8422390.363620711490512 ] } },
{ "type": "Feature", "properties": { "name": "Дача начала XX века", "Расположение": null, "type": "Да", "тип": null, "Статус владельца": "Нет данных", "Типология владения": "Дача", "Класс роскошности": "3", "id": 353, "type_gis": 3 }, "geometry": { "type": "Point", "coordinates": [ 3333827.758440972305834, 8422279.334459410980344 ] } },
{ "type": "Feature", "properties": { "name": "Дача на участке присяжного поверенного С. Н. Маньковского", "Расположение": null, "type": "Нет", "тип": null, "Статус владельца": "Чиновники", "Типология владения": "Дача", "Класс роскошности": "3", "id": 354, "type_gis": 3 }, "geometry": { "type": "Point", "coordinates": [ 3334494.630009581334889, 8422377.48858785815537 ] } },
{ "type": "Feature", "properties": { "name": "Вилла \"Мери\" купца А. Ф. Лобека", "Расположение": null, "type": "Да", "тип": null, "Статус владельца": "Купечество", "Типология владения": "Вилла", "Класс роскошности": "3", "id": 355, "type_gis": 3 }, "geometry": { "type": "Point", "coordinates": [ 3293421.4492381894961, 8443832.101398088037968 ] } },
{ "type": "Feature", "properties": { "name": "Дача начала XX века (Дом отдыха «Мериля»)", "Расположение": null, "type": "Нет", "тип": null, "Статус владельца": "Нет данных", "Типология владения": "Дача", "Класс роскошности": "3", "id": 356, "type_gis": 3 }, "geometry": { "type": "Point", "coordinates": [ 3288293.408150106202811, 8443555.598085751757026 ] } },
{ "type": "Feature", "properties": { "name": "Дача купца М. С. Воронина", "Расположение": null, "type": "Нет", "тип": null, "Статус владельца": "Купечество", "Типология владения": "Дача", "Класс роскошности": "3", "id": 357, "type_gis": 3 }, "geometry": { "type": "Point", "coordinates": [ 3288032.299026465974748, 8443222.550734173506498 ] } },
{ "type": "Feature", "properties": { "name": "Дача Габерцетель", "Расположение": null, "type": "Да", "тип": null, "Статус владельца": null, "Типология владения": null, "Класс роскошности": null, "id": 358, "type_gis": null }, "geometry": { "type": "Point", "coordinates": [ 3317835.474877045024186, 8438971.512095876038074 ] } },
{ "type": "Feature", "properties": { "name": "Дача Лоховой", "Расположение": null, "type": "Нет", "тип": null, "Статус владельца": null, "Типология владения": null, "Класс роскошности": null, "id": 359, "type_gis": null }, "geometry": { "type": "Point", "coordinates": [ 3318530.57410301361233, 8440361.710547812283039 ] } },
{ "type": "Feature", "properties": { "name": "Дача Духновского", "Расположение": null, "type": "Нет", "тип": null, "Статус владельца": null, "Типология владения": null, "Класс роскошности": null, "id": 360, "type_gis": null }, "geometry": { "type": "Point", "coordinates": [ 3318479.217974634375423, 8440241.680526830255985 ] } },
{ "type": "Feature", "properties": { "name": "Дача Фр. Энгестрёма", "Расположение": null, "type": "Да", "тип": null, "Статус владельца": null, "Типология владения": null, "Класс роскошности": null, "id": 361, "type_gis": null }, "geometry": { "type": "Point", "coordinates": [ 3317398.052039397880435, 8441097.416945055127144 ] } },
{ "type": "Feature", "properties": { "name": "Дача Сандина", "Расположение": null, "type": "Да", "тип": null, "Статус владельца": null, "Типология владения": null, "Класс роскошности": null, "id": 362, "type_gis": null }, "geometry": { "type": "Point", "coordinates": [ 3318455.331403295509517, 8440518.167590081691742 ] } },
{ "type": "Feature", "properties": { "name": "Полицейский дом", "Расположение": null, "type": "Да", "тип": null, "Статус владельца": null, "Типология владения": null, "Класс роскошности": null, "id": 363, "type_gis": null }, "geometry": { "type": "Point", "coordinates": [ 3318655.381438260432333, 8440559.371925642713904 ] } },
{ "type": "Feature", "properties": { "name": "Дача Макаровой", "Расположение": null, "type": "Да", "тип": null, "Статус владельца": null, "Типология владения": null, "Класс роскошности": null, "id": 364, "type_gis": null }, "geometry": { "type": "Point", "coordinates": [ 3318991.584929858334363, 8440444.119218941777945 ] } },
{ "type": "Feature", "properties": { "name": "Участок Соколова", "Расположение": null, "type": "Да", "тип": null, "Статус владельца": null, "Типология владения": null, "Класс роскошности": null, "id": 365, "type_gis": null }, "geometry": { "type": "Point", "coordinates": [ 3319352.272157079074532, 8440390.374433418735862 ] } },
{ "type": "Feature", "properties": { "name": "Дачи Гречишкина/Горшкова", "Расположение": null, "type": "Да", "тип": null, "Статус владельца": null, "Типология владения": null, "Класс роскошности": null, "id": 366, "type_gis": null }, "geometry": { "type": "Point", "coordinates": [ 3318724.832790312822908, 8440270.493020309135318 ] } },
{ "type": "Feature", "properties": { "name": "Дача Сидорова", "Расположение": null, "type": "Да", "тип": null, "Статус владельца": null, "Типология владения": null, "Класс роскошности": null, "id": 367, "type_gis": null }, "geometry": { "type": "Point", "coordinates": [ 3319590.755904408171773, 8440242.072979640215635 ] } },
{ "type": "Feature", "properties": { "name": "Участок Дюпена", "Расположение": null, "type": "Да", "тип": null, "Статус владельца": null, "Типология владения": null, "Класс роскошности": null, "id": 368, "type_gis": null }, "geometry": { "type": "Point", "coordinates": [ 3319788.202084018383175, 8440216.002462645992637 ] } },
{ "type": "Feature", "properties": { "name": "Дача Томарса", "Расположение": null, "type": "Да", "тип": null, "Статус владельца": null, "Типология владения": null, "Класс роскошности": null, "id": 369, "type_gis": null }, "geometry": { "type": "Point", "coordinates": [ 3318274.626781535334885, 8440149.929879022762179 ] } },
{ "type": "Feature", "properties": { "name": "Дача Барановского", "Расположение": null, "type": "Нет", "тип": null, "Статус владельца": null, "Типология владения": null, "Класс роскошности": null, "id": 370, "type_gis": null }, "geometry": { "type": "Point", "coordinates": [ 3318513.853503075893968, 8439798.584628500044346 ] } },
{ "type": "Feature", "properties": { "name": "Дача Прохорова", "Расположение": null, "type": "Нет", "тип": null, "Статус владельца": null, "Типология владения": null, "Класс роскошности": null, "id": 371, "type_gis": null }, "geometry": { "type": "Point", "coordinates": [ 3318733.609959396068007, 8439963.99913501739502 ] } },
{ "type": "Feature", "properties": { "name": "Участок Вальтер-Кюне", "Расположение": null, "type": "Да", "тип": null, "Статус владельца": null, "Типология владения": null, "Класс роскошности": null, "id": 372, "type_gis": null }, "geometry": { "type": "Point", "coordinates": [ 3318898.427301635965705, 8439624.80982200242579 ] } },
{ "type": "Feature", "properties": { "name": "Дача Гернанд", "Расположение": null, "type": "Да", "тип": null, "Статус владельца": null, "Типология владения": null, "Класс роскошности": null, "id": 373, "type_gis": null }, "geometry": { "type": "Point", "coordinates": [ 3318801.686687712557614, 8439482.68472252227366 ] } },
{ "type": "Feature", "properties": { "name": "Дача Каннегиссера", "Расположение": null, "type": "Да", "тип": null, "Статус владельца": null, "Типология владения": null, "Класс роскошности": null, "id": 374, "type_gis": null }, "geometry": { "type": "Point", "coordinates": [ 3319011.291351213585585, 8439455.812329782173038 ] } },
{ "type": "Feature", "properties": { "name": "Дача Гесли", "Расположение": null, "type": "Нет", "тип": null, "Статус владельца": null, "Типология владения": null, "Класс роскошности": null, "id": 375, "type_gis": null }, "geometry": { "type": "Point", "coordinates": [ 3318444.582446192391217, 8439993.857349196448922 ] } },
{ "type": "Feature", "properties": { "name": "Дача Холщевниковой", "Расположение": null, "type": "Нет", "тип": null, "Статус владельца": null, "Типология владения": null, "Класс роскошности": null, "id": 376, "type_gis": null }, "geometry": { "type": "Point", "coordinates": [ 3317192.926108023151755, 8440834.664660323411226 ] } },
{ "type": "Feature", "properties": { "name": "Дача Никонова", "Расположение": null, "type": "Нет", "тип": null, "Статус владельца": null, "Типология владения": null, "Класс роскошности": null, "id": 377, "type_gis": null }, "geometry": { "type": "Point", "coordinates": [ 3318203.328075667377561, 8439921.003306612372398 ] } },
{ "type": "Feature", "properties": { "name": "Дача Фаберже", "Расположение": null, "type": "Нет", "тип": null, "Статус владельца": null, "Типология владения": null, "Класс роскошности": null, "id": 378, "type_gis": null }, "geometry": { "type": "Point", "coordinates": [ 3317742.317248822655529, 8438656.20935419946909 ] } },
{ "type": "Feature", "properties": { "name": "Дача Степанова", "Расположение": null, "type": "Нет", "тип": null, "Статус владельца": null, "Типология владения": null, "Класс роскошности": null, "id": 379, "type_gis": null }, "geometry": { "type": "Point", "coordinates": [ 3317184.565808054525405, 8440647.155075315386057 ] } },
{ "type": "Feature", "properties": { "name": "Дача Грушецкого", "Расположение": null, "type": "Нет", "тип": null, "Статус владельца": null, "Типология владения": null, "Класс роскошности": null, "id": 380, "type_gis": null }, "geometry": { "type": "Point", "coordinates": [ 3319302.707521550823003, 8439476.115915423259139 ] } },
{ "type": "Feature", "properties": { "name": "Дача Шапиро/Кивекяса", "Расположение": null, "type": "Нет", "тип": null, "Статус владельца": null, "Типология владения": null, "Класс роскошности": null, "id": 381, "type_gis": null }, "geometry": { "type": "Point", "coordinates": [ 3319926.744197784923017, 8439834.489131214097142 ] } },
{ "type": "Feature", "properties": { "name": "Участок Устинова", "Расположение": null, "type": "Нет", "тип": null, "Статус владельца": null, "Типология владения": null, "Класс роскошности": null, "id": 382, "type_gis": null }, "geometry": { "type": "Point", "coordinates": [ 3318403.97527491627261, 8439850.015402415767312 ] } },
{ "type": "Feature", "properties": { "name": "Дача Поликарпова", "Расположение": null, "type": "Да", "тип": null, "Статус владельца": null, "Типология владения": null, "Класс роскошности": null, "id": 383, "type_gis": null }, "geometry": { "type": "Point", "coordinates": [ 3317818.869983516633511, 8439957.354499280452728 ] } },
{ "type": "Feature", "properties": { "name": "Дача Нидермейера", "Расположение": null, "type": "Нет", "тип": null, "Статус владельца": null, "Типология владения": null, "Класс роскошности": null, "id": 384, "type_gis": null }, "geometry": { "type": "Point", "coordinates": [ 3318613.244927662424743, 8439931.356414325535297 ] } },
{ "type": "Feature", "properties": { "name": "Дача Шмидта", "Расположение": null, "type": "Нет", "тип": null, "Статус владельца": null, "Типология владения": null, "Класс роскошности": null, "id": 385, "type_gis": null }, "geometry": { "type": "Point", "coordinates": [ 3317481.125706294551492, 8439127.748471390455961 ] } },
{ "type": "Feature", "properties": { "name": "Дача Дитвальда", "Расположение": null, "type": "Нет", "тип": null, "Статус владельца": null, "Типология владения": null, "Класс роскошности": null, "id": 386, "type_gis": null }, "geometry": { "type": "Point", "coordinates": [ 3318490.793487790040672, 8438039.995753576979041 ] } },
{ "type": "Feature", "properties": { "name": "Дача неизв.влад.", "Расположение": null, "type": "Да", "тип": null, "Статус владельца": null, "Типология владения": null, "Класс роскошности": null, "id": 387, "type_gis": null }, "geometry": { "type": "Point", "coordinates": [ 3318468.469017532188445, 8442021.827255889773369 ] } },
{ "type": "Feature", "properties": { "name": "Дача Чириковых", "Расположение": null, "type": "Да", "тип": null, "Статус владельца": null, "Типология владения": null, "Класс роскошности": null, "id": 388, "type_gis": null }, "geometry": { "type": "Point", "coordinates": [ 3318675.393761236220598, 8442658.516541620716453 ] } },
{ "type": "Feature", "properties": { "name": "Дача Пиотровского", "Расположение": null, "type": "Нет", "тип": null, "Статус владельца": null, "Типология владения": null, "Класс роскошности": null, "id": 389, "type_gis": null }, "geometry": { "type": "Point", "coordinates": [ 3318788.549073475878686, 8443025.361834255978465 ] } },
{ "type": "Feature", "properties": { "name": "Участок Серина", "Расположение": null, "type": "Да", "тип": null, "Статус владельца": null, "Типология владения": null, "Класс роскошности": null, "id": 390, "type_gis": null }, "geometry": { "type": "Point", "coordinates": [ 3318601.935234889388084, 8441361.662140501663089 ] } },
{ "type": "Feature", "properties": { "name": "Участок Никитина", "Расположение": null, "type": "Да", "тип": null, "Статус владельца": null, "Типология владения": null, "Класс роскошности": null, "id": 391, "type_gis": null }, "geometry": { "type": "Point", "coordinates": [ 3318718.382270167581737, 8441632.774725208058953 ] } },
{ "type": "Feature", "properties": { "name": "Участок Коппери", "Расположение": null, "type": "Да", "тип": null, "Статус владельца": null, "Типология владения": null, "Класс роскошности": null, "id": 392, "type_gis": null }, "geometry": { "type": "Point", "coordinates": [ 3318484.15057090902701, 8441019.923571869730949 ] } },
{ "type": "Feature", "properties": { "name": "Дача Хиетанен", "Расположение": null, "type": "Да", "тип": null, "Статус владельца": null, "Типология владения": null, "Класс роскошности": null, "id": 393, "type_gis": null }, "geometry": { "type": "Point", "coordinates": [ 3318555.057838636450469, 8441266.414437284693122 ] } },
{ "type": "Feature", "properties": { "name": "Участок Ошарина", "Расположение": null, "type": "Да", "тип": null, "Статус владельца": null, "Типология владения": null, "Класс роскошности": null, "id": 394, "type_gis": null }, "geometry": { "type": "Point", "coordinates": [ 3319182.677500571589917, 8442872.1891955640167 ] } },
{ "type": "Feature", "properties": { "name": "Участок Бургвиц", "Расположение": null, "type": "Да", "тип": null, "Статус владельца": null, "Типология владения": null, "Класс роскошности": null, "id": 395, "type_gis": null }, "geometry": { "type": "Point", "coordinates": [ 3318955.157908566761762, 8442312.049097640439868 ] } },
{ "type": "Feature", "properties": { "name": "Участок Коробкова", "Расположение": null, "type": "Да", "тип": null, "Статус владельца": null, "Типология владения": null, "Класс роскошности": null, "id": 396, "type_gis": null }, "geometry": { "type": "Point", "coordinates": [ 3319056.675836757291108, 8442584.356010923162103 ] } },
{ "type": "Feature", "properties": { "name": "Участок Тайвонена", "Расположение": null, "type": "Да", "тип": null, "Статус владельца": null, "Типология владения": null, "Класс роскошности": null, "id": 397, "type_gis": null }, "geometry": { "type": "Point", "coordinates": [ 3318821.990273350849748, 8442206.351019483059645 ] } },
{ "type": "Feature", "properties": { "name": "Участок Макеева", "Расположение": null, "type": "Да", "тип": null, "Статус владельца": null, "Типология владения": null, "Класс роскошности": null, "id": 398, "type_gis": null }, "geometry": { "type": "Point", "coordinates": [ 3318864.986101760994643, 8442355.044926067814231 ] } },
{ "type": "Feature", "properties": { "name": "Дача Виитинга", "Расположение": null, "type": "Нет", "тип": null, "Статус владельца": null, "Типология владения": null, "Класс роскошности": null, "id": 399, "type_gis": null }, "geometry": { "type": "Point", "coordinates": [ 3317907.134591062553227, 8442031.680466555058956 ] } },
{ "type": "Feature", "properties": { "name": "Дача Микульского", "Расположение": null, "type": "Нет", "тип": null, "Статус владельца": null, "Типология владения": null, "Класс роскошности": null, "id": 400, "type_gis": null }, "geometry": { "type": "Point", "coordinates": [ 3317928.632505267858505, 8442109.610405553132296 ] } },
{ "type": "Feature", "properties": { "name": "Дача Чечулина", "Расположение": null, "type": "Нет", "тип": null, "Статус владельца": null, "Типология владения": null, "Класс роскошности": null, "id": 401, "type_gis": null }, "geometry": { "type": "Point", "coordinates": [ 3318015.221326371654868, 8442497.170025527477264 ] } },
{ "type": "Feature", "properties": { "name": "Дача Рагозина", "Расположение": null, "type": "Нет", "тип": null, "Статус владельца": null, "Типология владения": null, "Класс роскошности": null, "id": 402, "type_gis": null }, "geometry": { "type": "Point", "coordinates": [ 3317073.696369991172105, 8441585.856589633971453 ] } },
{ "type": "Feature", "properties": { "name": "Дача Герасимовой", "Расположение": null, "type": "Нет", "тип": null, "Статус владельца": null, "Типология владения": null, "Класс роскошности": null, "id": 403, "type_gis": null }, "geometry": { "type": "Point", "coordinates": [ 3317130.469310296233743, 8441735.877047566697001 ] } },
{ "type": "Feature", "properties": { "name": "Дача Дагаева", "Расположение": null, "type": "Нет", "тип": null, "Статус владельца": null, "Типология владения": null, "Класс роскошности": null, "id": 404, "type_gis": null }, "geometry": { "type": "Point", "coordinates": [ 3317166.65087955025956, 8441532.749707724899054 ] } },
{ "type": "Feature", "properties": { "name": "Дача Кауше", "Расположение": null, "type": "Нет", "тип": null, "Статус владельца": null, "Типология владения": null, "Класс роскошности": null, "id": 405, "type_gis": null }, "geometry": { "type": "Point", "coordinates": [ 3317307.581650450825691, 8441474.227607926353812 ] } },
{ "type": "Feature", "properties": { "name": "Дача Галкина", "Расположение": null, "type": "Нет", "тип": null, "Статус владельца": null, "Типология владения": null, "Класс роскошности": null, "id": 406, "type_gis": null }, "geometry": { "type": "Point", "coordinates": [ 3317573.52088365284726, 8441339.560984654352069 ] } },
{ "type": "Feature", "properties": { "name": "Дача Григорьева", "Расположение": null, "type": "Нет", "тип": null, "Статус владельца": null, "Типология владения": null, "Класс роскошности": null, "id": 407, "type_gis": null }, "geometry": { "type": "Point", "coordinates": [ 3317655.897306840401143, 8441299.258853117004037 ] } },
{ "type": "Feature", "properties": { "name": "Дача Торкеля/Зевальда", "Расположение": null, "type": "Да", "тип": null, "Статус владельца": null, "Типология владения": null, "Класс роскошности": null, "id": 408, "type_gis": null }, "geometry": { "type": "Point", "coordinates": [ 3317772.782772173173726, 8441247.762006584554911 ] } },
{ "type": "Feature", "properties": { "name": "Дача Штробиндера", "Расположение": null, "type": "Да", "тип": null, "Статус владельца": null, "Типология владения": null, "Класс роскошности": null, "id": 409, "type_gis": null }, "geometry": { "type": "Point", "coordinates": [ 3321067.635882479604334, 8440094.273966040462255 ] } },
{ "type": "Feature", "properties": { "name": "Участок Хирви", "Расположение": null, "type": "Да", "тип": null, "Статус владельца": null, "Типология владения": null, "Класс роскошности": null, "id": 410, "type_gis": null }, "geometry": { "type": "Point", "coordinates": [ 3318954.560744282789528, 8442789.78052444010973 ] } },
{ "type": "Feature", "properties": { "name": "Дача Кузьмичева", "Расположение": null, "type": "Да", "тип": null, "Статус владельца": null, "Типология владения": null, "Класс роскошности": null, "id": 411, "type_gis": null }, "geometry": { "type": "Point", "coordinates": [ 3320527.940169306937605, 8440598.484889769926667 ] } },
{ "type": "Feature", "properties": { "name": "Дача Алениуса", "Расположение": null, "type": "Нет", "тип": null, "Статус владельца": null, "Типология владения": null, "Класс роскошности": null, "id": 412, "type_gis": null }, "geometry": { "type": "Point", "coordinates": [ 3318647.319720433559269, 8441239.542044533416629 ] } },
{ "type": "Feature", "properties": { "name": "Русская школа", "Расположение": null, "type": "Нет", "тип": null, "Статус владельца": null, "Типология владения": null, "Класс роскошности": null, "id": 413, "type_gis": null }, "geometry": { "type": "Point", "coordinates": [ 3318754.62068096967414, 8441187.309647057205439 ] } },
{ "type": "Feature", "properties": { "name": "Контора Рена", "Расположение": null, "type": "Нет", "тип": null, "Статус владельца": null, "Типология владения": null, "Класс роскошности": null, "id": 414, "type_gis": null }, "geometry": { "type": "Point", "coordinates": [ 3318687.828986494336277, 8441041.778227891772985 ] } },
{ "type": "Feature", "properties": { "name": "Участок Трейден", "Расположение": null, "type": "Да", "тип": null, "Статус владельца": null, "Типология владения": null, "Класс роскошности": null, "id": 415, "type_gis": null }, "geometry": { "type": "Point", "coordinates": [ 3318512.062010226305574, 8442635.114975024014711 ] } },
{ "type": "Feature", "properties": { "name": "Участок Пиллей", "Расположение": null, "type": "Да", "тип": null, "Статус владельца": null, "Типология владения": null, "Класс роскошности": null, "id": 416, "type_gis": null }, "geometry": { "type": "Point", "coordinates": [ 3318238.560768393334001, 8442453.57703285291791 ] } },
{ "type": "Feature", "properties": { "name": "Дача Белокопытова", "Расположение": null, "type": "Да", "тип": null, "Статус владельца": null, "Типология владения": null, "Класс роскошности": null, "id": 417, "type_gis": null }, "geometry": { "type": "Point", "coordinates": [ 3318366.055342915002257, 8442442.529493613168597 ] } },
{ "type": "Feature", "properties": { "name": "Дача Тарасова", "Расположение": null, "type": "Да", "тип": null, "Статус владельца": null, "Типология владения": null, "Класс роскошности": null, "id": 418, "type_gis": null }, "geometry": { "type": "Point", "coordinates": [ 3317983.87020148942247, 8441384.055801127105951 ] } },
{ "type": "Feature", "properties": { "name": "Дом Перонен", "Расположение": null, "type": "Да", "тип": null, "Статус владельца": null, "Типология владения": null, "Класс роскошности": null, "id": 419, "type_gis": null }, "geometry": { "type": "Point", "coordinates": [ 3318117.037836704868823, 8441728.321010552346706 ] } },
{ "type": "Feature", "properties": { "name": "Участок Лаврентьева", "Расположение": null, "type": "Да", "тип": null, "Статус владельца": null, "Типология владения": null, "Класс роскошности": null, "id": 420, "type_gis": null }, "geometry": { "type": "Point", "coordinates": [ 3318310.817646693438292, 8442282.788047760725021 ] } },
{ "type": "Feature", "properties": { "name": "Участок Визе", "Расположение": null, "type": "Да", "тип": null, "Статус владельца": null, "Типология владения": null, "Класс роскошности": null, "id": 421, "type_gis": null }, "geometry": { "type": "Point", "coordinates": [ 3317787.701734366826713, 8441877.313499288633466 ] } },
{ "type": "Feature", "properties": { "name": "Дача Шляпужникова", "Расположение": null, "type": "Да", "тип": null, "Статус владельца": null, "Типология владения": null, "Класс роскошности": null, "id": 422, "type_gis": null }, "geometry": { "type": "Point", "coordinates": [ 3317712.960925711318851, 8441881.702096704393625 ] } },
{ "type": "Feature", "properties": { "name": "Дача Шляпужникова-2", "Расположение": null, "type": "Нет", "тип": null, "Статус владельца": null, "Типология владения": null, "Класс роскошности": null, "id": 423, "type_gis": null }, "geometry": { "type": "Point", "coordinates": [ 3317619.898570709861815, 8441862.384392194449902 ] } },
{ "type": "Feature", "properties": { "name": "Участок Рена (амбулатория)", "Расположение": null, "type": "Нет", "тип": null, "Статус владельца": null, "Типология владения": null, "Класс роскошности": null, "id": 424, "type_gis": null }, "geometry": { "type": "Point", "coordinates": [ 3318605.219638448674232, 8441822.971549492329359 ] } },
{ "type": "Feature", "properties": { "name": "Павильон", "Расположение": null, "type": "Да", "тип": null, "Статус владельца": null, "Типология владения": null, "Класс роскошности": null, "id": 425, "type_gis": null }, "geometry": { "type": "Point", "coordinates": [ 3317595.414835087023675, 8441515.43194349296391 ] } },
{ "type": "Feature", "properties": { "name": "Дача Стенберга", "Расположение": null, "type": "Да", "тип": null, "Статус владельца": null, "Типология владения": null, "Класс роскошности": null, "id": 426, "type_gis": null }, "geometry": { "type": "Point", "coordinates": [ 3317650.353949167300016, 8441585.300164656713605 ] } },
{ "type": "Feature", "properties": { "name": "Дача Коха", "Расположение": null, "type": "Да", "тип": null, "Статус владельца": null, "Типология владения": null, "Класс роскошности": null, "id": 427, "type_gis": null }, "geometry": { "type": "Point", "coordinates": [ 3317647.368127749301493, 8441638.746368035674095 ] } },
{ "type": "Feature", "properties": { "name": "Дача Николаи", "Расположение": null, "type": "Да", "тип": null, "Статус владельца": null, "Типология владения": null, "Класс роскошности": null, "id": 428, "type_gis": null }, "geometry": { "type": "Point", "coordinates": [ 3317731.269709578249604, 8441656.959878675639629 ] } },
{ "type": "Feature", "properties": { "name": "Дача Федотова", "Расположение": null, "type": "Нет", "тип": null, "Статус владельца": null, "Типология владения": null, "Класс роскошности": null, "id": 429, "type_gis": null }, "geometry": { "type": "Point", "coordinates": [ 3317781.132927249185741, 8442028.396063003689051 ] } },
{ "type": "Feature", "properties": { "name": "Дача и школа А. Штавемана", "Расположение": null, "type": "Нет", "тип": null, "Статус владельца": null, "Типология владения": null, "Класс роскошности": null, "id": 430, "type_gis": null }, "geometry": { "type": "Point", "coordinates": [ 3317809.796812855638564, 8442111.999062694609165 ] } },
{ "type": "Feature", "properties": { "name": "Дача Савельева", "Расположение": null, "type": "Да", "тип": null, "Статус владельца": null, "Типология владения": null, "Класс роскошности": null, "id": 431, "type_gis": null }, "geometry": { "type": "Point", "coordinates": [ 3317515.394821101333946, 8441689.80391426756978 ] } },
{ "type": "Feature", "properties": { "name": "Дача Ксантопула", "Расположение": null, "type": "Да", "тип": null, "Статус владельца": null, "Типология владения": null, "Класс роскошности": null, "id": 432, "type_gis": null }, "geometry": { "type": "Point", "coordinates": [ 3319789.992231172509491, 8441195.47653141617775 ] } },
{ "type": "Feature", "properties": { "name": "Участок Гернера", "Расположение": null, "type": "Нет", "тип": null, "Статус владельца": null, "Типология владения": null, "Класс роскошности": null, "id": 433, "type_gis": null }, "geometry": { "type": "Point", "coordinates": [ 3319630.705073513090611, 8441142.530441988259554 ] } },
{ "type": "Feature", "properties": { "name": "Участок Каукуранта", "Расположение": null, "type": "Да", "тип": null, "Статус владельца": null, "Типология владения": null, "Класс роскошности": null, "id": 434, "type_gis": null }, "geometry": { "type": "Point", "coordinates": [ 3318829.156244752462953, 8442550.317646775394678 ] } },
{ "type": "Feature", "properties": { "name": "Дача Флинты", "Расположение": null, "type": "Да", "тип": null, "Статус владельца": null, "Типология владения": null, "Класс роскошности": null, "id": 435, "type_gis": null }, "geometry": { "type": "Point", "coordinates": [ 3318777.202952089719474, 8442592.417728770524263 ] } },
{ "type": "Feature", "properties": { "name": "Дача Хельминен", "Расположение": null, "type": "Нет", "тип": null, "Статус владельца": null, "Типология владения": null, "Класс роскошности": null, "id": 436, "type_gis": null }, "geometry": { "type": "Point", "coordinates": [ 3317858.498780083842576, 8441194.026551339775324 ] } },
{ "type": "Feature", "properties": { "name": "Дом Уперова", "Расположение": null, "type": "Нет", "тип": null, "Статус владельца": null, "Типология владения": null, "Класс роскошности": null, "id": 437, "type_gis": null }, "geometry": { "type": "Point", "coordinates": [ 3317908.592550940345973, 8441176.114820215851068 ] } },
{ "type": "Feature", "properties": { "name": "Лесная биржа Галкина", "Расположение": null, "type": "Нет", "тип": null, "Статус владельца": null, "Типология владения": null, "Класс роскошности": null, "id": 438, "type_gis": null }, "geometry": { "type": "Point", "coordinates": [ 3318053.30788897164166, 8441140.291488893330097 ] } },
{ "type": "Feature", "properties": { "name": "Дом Генрихсона", "Расположение": null, "type": "Нет", "тип": null, "Статус владельца": null, "Типология владения": null, "Класс роскошности": null, "id": 439, "type_gis": null }, "geometry": { "type": "Point", "coordinates": [ 3318155.721820502076298, 8441091.034693367779255 ] } },
{ "type": "Feature", "properties": { "name": "Дача Гаардера", "Расположение": null, "type": "Нет", "тип": null, "Статус владельца": null, "Типология владения": null, "Класс роскошности": null, "id": 440, "type_gis": null }, "geometry": { "type": "Point", "coordinates": [ 3318332.31556089874357, 8441022.174245346337557 ] } },
{ "type": "Feature", "properties": { "name": "Дача Крапкат", "Расположение": null, "type": "Нет", "тип": null, "Статус владельца": null, "Типология владения": null, "Класс роскошности": null, "id": 441, "type_gis": null }, "geometry": { "type": "Point", "coordinates": [ 3318137.042840201407671, 8441309.410265699028969 ] } },
{ "type": "Feature", "properties": { "name": "Дача Ниселовского", "Расположение": null, "type": "Нет", "тип": null, "Статус владельца": null, "Типология владения": null, "Класс роскошности": null, "id": 442, "type_gis": null }, "geometry": { "type": "Point", "coordinates": [ 3319081.159572380129248, 8440742.701360700652003 ] } },
{ "type": "Feature", "properties": { "name": "Дача Симеона", "Расположение": null, "type": "Нет", "тип": null, "Статус владельца": null, "Типология владения": null, "Класс роскошности": null, "id": 443, "type_gis": null }, "geometry": { "type": "Point", "coordinates": [ 3319670.780090198386461, 8440551.470497544854879 ] } },
{ "type": "Feature", "properties": { "name": "Дача Голова", "Расположение": null, "type": "Нет", "тип": null, "Статус владельца": null, "Типология владения": null, "Класс роскошности": null, "id": 444, "type_gis": null }, "geometry": { "type": "Point", "coordinates": [ 3319792.118335162755102, 8440508.933925565332174 ] } },
{ "type": "Feature", "properties": { "name": "Дача Чистосердова", "Расположение": null, "type": "Нет", "тип": null, "Статус владельца": null, "Типология владения": null, "Класс роскошности": null, "id": 445, "type_gis": null }, "geometry": { "type": "Point", "coordinates": [ 3319923.475334299262613, 8440623.111596170812845 ] } },
{ "type": "Feature", "properties": { "name": "Дача Феде", "Расположение": null, "type": "Нет", "тип": null, "Статус владельца": null, "Типология владения": null, "Класс роскошности": null, "id": 446, "type_gis": null }, "geometry": { "type": "Point", "coordinates": [ 3319935.720478286035359, 8440426.100254882127047 ] } },
{ "type": "Feature", "properties": { "name": "Дача Гоби", "Расположение": null, "type": "Нет", "тип": null, "Статус владельца": null, "Типология владения": null, "Класс роскошности": null, "id": 447, "type_gis": null }, "geometry": { "type": "Point", "coordinates": [ 3320060.398307974915951, 8440383.564408311620355 ] } },
{ "type": "Feature", "properties": { "name": "Дача Ларсона/Кианто", "Расположение": null, "type": "Нет", "тип": null, "Статус владельца": null, "Типология владения": null, "Класс роскошности": null, "id": 448, "type_gis": null }, "geometry": { "type": "Point", "coordinates": [ 3320492.317932252306491, 8440260.43571351096034 ] } },
{ "type": "Feature", "properties": { "name": "Дача Россихина", "Расположение": null, "type": "Нет", "тип": null, "Статус владельца": null, "Типология владения": null, "Класс роскошности": null, "id": 449, "type_gis": null }, "geometry": { "type": "Point", "coordinates": [ 3320848.540302791167051, 8440130.593142120167613 ] } },
{ "type": "Feature", "properties": { "name": "Дача Вебс", "Расположение": null, "type": "Нет", "тип": null, "Статус владельца": null, "Типология владения": null, "Класс роскошности": null, "id": 450, "type_gis": null }, "geometry": { "type": "Point", "coordinates": [ 3321225.913376580458134, 8440238.048899659886956 ] } },
{ "type": "Feature", "properties": { "name": "Дача Марковой", "Расположение": null, "type": "Да", "тип": null, "Статус владельца": null, "Типология владения": null, "Класс роскошности": null, "id": 451, "type_gis": null }, "geometry": { "type": "Point", "coordinates": [ 3320955.435930255800486, 8440047.203273683786392 ] } },
{ "type": "Feature", "properties": { "name": "Дача Гайдаенко", "Расположение": null, "type": "Да", "тип": null, "Статус владельца": null, "Типология владения": null, "Класс роскошности": null, "id": 452, "type_gis": null }, "geometry": { "type": "Point", "coordinates": [ 3319233.294491381384432, 8440860.427722226828337 ] } },
{ "type": "Feature", "properties": { "name": "Дача Е. В. Макаровой", "Расположение": null, "type": "Да", "тип": null, "Статус владельца": null, "Типология владения": null, "Класс роскошности": null, "id": 453, "type_gis": null }, "geometry": { "type": "Point", "coordinates": [ 3319311.884255356620997, 8440982.622268496081233 ] } },
{ "type": "Feature", "properties": { "name": "Дача Рейхе", "Расположение": null, "type": "Нет", "тип": null, "Статус владельца": null, "Типология владения": null, "Класс роскошности": null, "id": 454, "type_gis": null }, "geometry": { "type": "Point", "coordinates": [ 3321499.674920465797186, 8439793.210149949416518 ] } },
{ "type": "Feature", "properties": { "name": "Дача Моталева", "Расположение": null, "type": "Нет", "тип": null, "Статус владельца": null, "Типология владения": null, "Класс роскошности": null, "id": 455, "type_gis": null }, "geometry": { "type": "Point", "coordinates": [ 3322006.263007041532546, 8439705.262848027050495 ] } },
{ "type": "Feature", "properties": { "name": "Дача Щепанского", "Расположение": null, "type": "Нет", "тип": null, "Статус владельца": null, "Типология владения": null, "Класс роскошности": null, "id": 456, "type_gis": null }, "geometry": { "type": "Point", "coordinates": [ 3322531.691003585699946, 8439685.116233980283141 ] } },
{ "type": "Feature", "properties": { "name": "Дача Неволайнена", "Расположение": null, "type": "Да", "тип": null, "Статус владельца": null, "Типология владения": null, "Класс роскошности": null, "id": 457, "type_gis": null }, "geometry": { "type": "Point", "coordinates": [ 3317797.853527186438441, 8441305.230115715414286 ] } },
{ "type": "Feature", "properties": { "name": "Магазин Чердакова", "Расположение": null, "type": "Нет", "тип": null, "Статус владельца": null, "Типология владения": null, "Класс роскошности": null, "id": 458, "type_gis": null }, "geometry": { "type": "Point", "coordinates": [ 3317923.855191000271589, 8441266.45176031626761 ] } },
{ "type": "Feature", "properties": { "name": "Дача фон-Рейнеке", "Расположение": null, "type": "Нет", "тип": null, "Статус владельца": null, "Типология владения": null, "Класс роскошности": null, "id": 459, "type_gis": null }, "geometry": { "type": "Point", "coordinates": [ 3317756.084848553873599, 8440724.305837554857135 ] } },
{ "type": "Feature", "properties": { "name": "Дача Ф.К. Мэтцигера", "Расположение": null, "type": "Нет", "тип": null, "Статус владельца": null, "Типология владения": null, "Класс роскошности": null, "id": 460, "type_gis": null }, "geometry": { "type": "Point", "coordinates": [ 3319831.080156940966845, 8439597.814877757802606 ] } },
{ "type": "Feature", "properties": { "name": "Дача М.М. Григорьева/кн. Крузенштерн", "Расположение": null, "type": "Нет", "тип": null, "Статус владельца": null, "Типология владения": null, "Класс роскошности": null, "id": 461, "type_gis": null }, "geometry": { "type": "Point", "coordinates": [ 3319504.914048916660249, 8439425.453705579042435 ] } },
{ "type": "Feature", "properties": { "name": "Усадьба барона К.Г. Подменера", "Расположение": null, "type": "Да", "тип": null, "Статус владельца": "Дворянство", "Типология владения": "Усадьба", "Класс роскошности": "2", "id": 462, "type_gis": 2 }, "geometry": { "type": "Point", "coordinates": [ 3291046.37755881389603, 8443449.985070008784533 ] } },
{ "type": "Feature", "properties": { "name": "Дача купца Ф. А. Любищева", "Расположение": null, "type": "Да", "тип": null, "Статус владельца": "Купечество", "Типология владения": "Дача", "Класс роскошности": "3", "id": 463, "type_gis": 3 }, "geometry": { "type": "Point", "coordinates": [ 3334329.898628567811102, 8424285.310091895982623 ] } },
{ "type": "Feature", "properties": { "name": "Дача губернского секретаря Л.А. Змигродского", "Расположение": null, "type": "Руина", "тип": null, "Статус владельца": "Чиновники", "Типология владения": "Дача", "Класс роскошности": "3", "id": 464, "type_gis": 3 }, "geometry": { "type": "Point", "coordinates": [ 3334203.129828760866076, 8424263.304941739886999 ] } },
{ "type": "Feature", "properties": { "name": "Дача коллежского секретаря Н. М. Кочкина", "Расположение": null, "type": "Руина", "тип": null, "Статус владельца": "Чиновники", "Типология владения": "Дача", "Класс роскошности": "3", "id": 465, "type_gis": 3 }, "geometry": { "type": "Point", "coordinates": [ 3334338.509339499287307, 8424387.203504573553801 ] } },
{ "type": "Feature", "properties": { "name": "Дача начала XX века", "Расположение": null, "type": "Руина", "тип": null, "Статус владельца": "Нет данных", "Типология владения": "Дача", "Класс роскошности": "3", "id": 466, "type_gis": 3 }, "geometry": { "type": "Point", "coordinates": [ 3334277.277617327403277, 8424375.244183836504817 ] } },
{ "type": "Feature", "properties": { "name": "Дом начала XX века", "Расположение": null, "type": "Да", "тип": null, "Статус владельца": "Нет данных", "Типология владения": "Дом", "Класс роскошности": "3", "id": 467, "type_gis": 3 }, "geometry": { "type": "Point", "coordinates": [ 3335131.173117927275598, 8424138.928006077185273 ] } },
{ "type": "Feature", "properties": { "name": "Дача штабс-капитана Г. Г. Бескараваева", "Расположение": null, "type": "Да", "тип": null, "Статус владельца": "Военные", "Типология владения": "Дача", "Класс роскошности": "3", "id": 468, "type_gis": 3 }, "geometry": { "type": "Point", "coordinates": [ 3335142.899641203228384, 8423788.506331965327263 ] } },
{ "type": "Feature", "properties": { "name": "Дача штабс-капитана Г. Г. Бескараваева", "Расположение": null, "type": "Да", "тип": null, "Статус владельца": "Военные", "Типология владения": "Дача", "Класс роскошности": "3", "id": 469, "type_gis": 3 }, "geometry": { "type": "Point", "coordinates": [ 3335147.192618072032928, 8423902.765562493354082 ] } },
{ "type": "Feature", "properties": { "name": "Дача художницы Л. Ф. Фертиг (О.О.Грузенберга)", "Расположение": null, "type": "Руина", "тип": null, "Статус владельца": "Интеллигенция", "Типология владения": "Дача", "Класс роскошности": "3", "id": 470, "type_gis": 3 }, "geometry": { "type": "Point", "coordinates": [ 3334987.692015921697021, 8423852.240527028217912 ] } },
{ "type": "Feature", "properties": { "name": "Дача купца В.П. Олофа", "Расположение": null, "type": "Руина", "тип": null, "Статус владельца": "Купечество", "Типология владения": "Дача", "Класс роскошности": "3", "id": 471, "type_gis": 3 }, "geometry": { "type": "Point", "coordinates": [ 3335031.282242598477751, 8423943.053499266505241 ] } },
{ "type": "Feature", "properties": { "name": "Дача доктора Л.М. Клячко", "Расположение": null, "type": "Да", "тип": null, "Статус владельца": "Интеллигенция", "Типология владения": "Дача", "Класс роскошности": "3", "id": 472, "type_gis": 3 }, "geometry": { "type": "Point", "coordinates": [ 3334919.334615002851933, 8423901.774875523522496 ] } },
{ "type": "Feature", "properties": { "name": "Дача начала XX века", "Расположение": null, "type": "Да", "тип": null, "Статус владельца": "Нет данных", "Типология владения": "Дача", "Класс роскошности": "3", "id": 473, "type_gis": 3 }, "geometry": { "type": "Point", "coordinates": [ 3334630.714477779809386, 8424181.809059008955956 ] } },
{ "type": "Feature", "properties": { "name": "Дача жены инженера-гидротехника Е.Ф. Важеевской", "Расположение": null, "type": "Руина", "тип": null, "Статус владельца": "Инженеры", "Типология владения": "Дача", "Класс роскошности": "3", "id": 474, "type_gis": 3 }, "geometry": { "type": "Point", "coordinates": [ 3334148.580152442213148, 8423945.36510219797492 ] } },
{ "type": "Feature", "properties": { "name": "Дача заведующей 1-м общежитием для интеллигентных женщин Русского женского взаимно-благотворительного общества М. А. Закржевской", "Расположение": null, "type": "Нет", "тип": null, "Статус владельца": "Интеллигенция", "Типология владения": "Дача", "Класс роскошности": "3", "id": 475, "type_gis": 3 }, "geometry": { "type": "Point", "coordinates": [ 3334001.298022920731455, 8424041.791967263445258 ] } },
{ "type": "Feature", "properties": { "name": "Дача присяжного поверенного И.М. Герцмана", "Расположение": null, "type": "Да", "тип": null, "Статус владельца": "Чиновники", "Типология владения": "Дача", "Класс роскошности": "3", "id": 476, "type_gis": 3 }, "geometry": { "type": "Point", "coordinates": [ 3334774.694317401386797, 8423985.653038967400789 ] } },
{ "type": "Feature", "properties": { "name": "Дача коллежского советника А.Н. Соловьева", "Расположение": null, "type": "Нет", "тип": null, "Статус владельца": "Чиновники", "Типология владения": "Дача", "Класс роскошности": "3", "id": 477, "type_gis": 3 }, "geometry": { "type": "Point", "coordinates": [ 3334954.338887938763946, 8423681.181910226121545 ] } },
{ "type": "Feature", "properties": { "name": "Дача присяжного поверенного Э. П. Дубровича", "Расположение": null, "type": "Да", "тип": null, "Статус владельца": "Чиновники", "Типология владения": "Дача", "Класс роскошности": "3", "id": 478, "type_gis": 3 }, "geometry": { "type": "Point", "coordinates": [ 3334896.548814696725458, 8423600.275807688012719 ] } },
{ "type": "Feature", "properties": { "name": "Дача Е. К. Кречевой (супруга врача)", "Расположение": null, "type": "Нет", "тип": null, "Статус владельца": "Интеллигенция", "Типология владения": "Дача", "Класс роскошности": "3", "id": 479, "type_gis": 3 }, "geometry": { "type": "Point", "coordinates": [ 3334615.193715253844857, 8423236.033231768757105 ] } },
{ "type": "Feature", "properties": { "name": "Дача врача И. Ф. Кречева", "Расположение": null, "type": "Руина", "тип": null, "Статус владельца": null, "Типология владения": "Дача", "Класс роскошности": "3", "id": 480, "type_gis": 3 }, "geometry": { "type": "Point", "coordinates": [ 3334539.901505543384701, 8423264.763153895735741 ] } },
{ "type": "Feature", "properties": { "name": "Дача учительницы В.Е. Кривдиной", "Расположение": null, "type": "Руина", "тип": null, "Статус владельца": "Интеллигенция", "Типология владения": "Дача", "Класс роскошности": "3", "id": 481, "type_gis": 3 }, "geometry": { "type": "Point", "coordinates": [ 3334542.543337463866919, 8423143.899343572556973 ] } },
{ "type": "Feature", "properties": { "name": "Дача начала XX века", "Расположение": null, "type": "Да", "тип": null, "Статус владельца": "Нет данных ", "Типология владения": "Дача", "Класс роскошности": "3", "id": 482, "type_gis": 3 }, "geometry": { "type": "Point", "coordinates": [ 3334714.922870222013444, 8423135.313389832153916 ] } },
{ "type": "Feature", "properties": { "name": "Дача врача бальнеолога Д. М. Цвета", "Расположение": null, "type": "Нет", "тип": null, "Статус владельца": "Интеллигенция", "Типология владения": "Дача", "Класс роскошности": "3", "id": 483, "type_gis": 3 }, "geometry": { "type": "Point", "coordinates": [ 3335436.142984290607274, 8423703.96771053597331 ] } },
{ "type": "Feature", "properties": { "name": "Дача начала XX века", "Расположение": null, "type": "Да", "тип": null, "Статус владельца": "Нет данных", "Типология владения": "Дача", "Класс роскошности": "3", "id": 484, "type_gis": 3 }, "geometry": { "type": "Point", "coordinates": [ 3335423.264053682330996, 8423631.64756173081696 ] } },
{ "type": "Feature", "properties": { "name": "Дача начала XX века", "Расположение": null, "type": "Руина", "тип": null, "Статус владельца": "Нет данных", "Типология владения": "Дача", "Класс роскошности": "3", "id": 485, "type_gis": 3 }, "geometry": { "type": "Point", "coordinates": [ 3335441.756877120118588, 8423495.923446862027049 ] } },
{ "type": "Feature", "properties": { "name": "Дача начала XX века", "Расположение": null, "type": "Нет", "тип": null, "Статус владельца": "Нет данных", "Типология владения": "Дача", "Класс роскошности": "3", "id": 486, "type_gis": 3 }, "geometry": { "type": "Point", "coordinates": [ 3335440.10573217086494, 8423437.472915638238192 ] } },
{ "type": "Feature", "properties": { "name": "Дача начала XX века", "Расположение": null, "type": "Да", "тип": null, "Статус владельца": "Нет данных", "Типология владения": "Дача", "Класс роскошности": "3", "id": 487, "type_gis": 3 }, "geometry": { "type": "Point", "coordinates": [ 3335556.662895440123975, 8422985.57113778963685 ] } },
{ "type": "Feature", "properties": { "name": "Дача на участке жены коллежского секретаря Е. А. Забек", "Расположение": null, "type": "Руина", "тип": null, "Статус владельца": "Чиновники", "Типология владения": "Дача", "Класс роскошности": "3", "id": 488, "type_gis": 3 }, "geometry": { "type": "Point", "coordinates": [ 3335350.283446901943535, 8422907.12515776604414 ] } },
{ "type": "Feature", "properties": { "name": "Дача на участке ремесленника В. М. Уханова", "Расположение": null, "type": "Да", "тип": null, "Статус владельца": "Инженеры", "Типология владения": "Дача", "Класс роскошности": "3", "id": 489, "type_gis": 3 }, "geometry": { "type": "Point", "coordinates": [ 3335341.037035182584077, 8422726.820129249244928 ] } }
]
}
