{
"type": "FeatureCollection",
"name": "mask_balcon",
"crs": { "type": "name", "properties": { "name": "urn:ogc:def:crs:EPSG::3857" } },
"features": [
{ "type": "Feature", "properties": { "fid": 1, "MINX": 3219775.8385000001, "MINY": 8284725.0911999997, "MAXX": 3555295.8385000001, "MAXY": 8491320.0911999997, "CNTX": 3387535.8385000001, "CNTY": 8388022.5911999997, "AREA": 69316754400.0, "PERIM": 1084230.0, "HEIGHT": 206595.0, "WIDTH": 335520.0 }, "geometry": { "type": "MultiPolygon", "coordinates": [ [ [ [ 3219775.8385, 8491320.091199999675155 ], [ 3555295.8385, 8491320.091199999675155 ], [ 3555295.8385, 8284725.091199999675155 ], [ 3219775.8385, 8284725.091199999675155 ], [ 3219775.8385, 8491320.091199999675155 ] ], [ [ 3285607.401876172516495, 8442264.144155846908689 ], [ 3285833.39534260192886, 8440398.410738412290812 ], [ 3285833.395223934203386, 8440398.407152079045773 ], [ 3285833.3957654600963, 8440398.407247424125671 ], [ 3285833.395786859560758, 8440398.407070755958557 ], [ 3285833.395872170105577, 8440398.407266212627292 ], [ 3286044.212638426106423, 8440435.52525495365262 ], [ 3286186.055933532770723, 8440478.240502256900072 ], [ 3286280.765993534121662, 8440525.523159360513091 ], [ 3286443.39263763371855, 8440545.828790681436658 ], [ 3286763.625979303847998, 8440614.984692549332976 ], [ 3286819.285724676214159, 8440653.380088755860925 ], [ 3286856.933976452797651, 8440726.477417757734656 ], [ 3286873.208323535975069, 8440826.083574762567878 ], [ 3286914.642000474967062, 8440969.326963383704424 ], [ 3286926.542054047808051, 8441105.430995782837272 ], [ 3286968.364786738995463, 8441337.389060499146581 ], [ 3287120.215141656808555, 8441752.939269673079252 ], [ 3287149.381410682108253, 8441861.22476514056325 ], [ 3287132.8053760654293, 8441924.817616198211908 ], [ 3287166.156695507001132, 8442058.498577060177922 ], [ 3287518.78400878701359, 8442216.343684662133455 ], [ 3287636.54889804078266, 8442199.078852131962776 ], [ 3287686.609273026231676, 8442201.430091528221965 ], [ 3287771.980190479196608, 8442245.655925100669265 ], [ 3287810.207303603645414, 8442289.680487496778369 ], [ 3287807.156587393023074, 8442360.666812442243099 ], [ 3287817.765897038858384, 8442434.27369530312717 ], [ 3287930.765749969985336, 8442538.336964294314384 ], [ 3288047.996867813635617, 8442712.876123938709497 ], [ 3288188.092446916736662, 8442779.745861206203699 ], [ 3288248.828361062332988, 8442749.961207842454314 ], [ 3288242.627865424845368, 8442704.321499478071928 ], [ 3288230.148950507864356, 8442663.474424734711647 ], [ 3288227.788977299816906, 8442611.968020284548402 ], [ 3288233.288160138297826, 8442576.294448219239712 ], [ 3288231.384596842806786, 8442530.857361994683743 ], [ 3288215.020631700754166, 8442477.090132880955935 ], [ 3288200.883056374266744, 8442454.65178039483726 ], [ 3288177.784262041561306, 8442439.737703764811158 ], [ 3288172.93073224555701, 8442422.920215222984552 ], [ 3288188.114710780791938, 8442409.125872502103448 ], [ 3288196.051790469326079, 8442395.667455945163965 ], [ 3288184.663806564640254, 8442371.527462685480714 ], [ 3288188.938475008122623, 8442349.649262698367238 ], [ 3288215.710250553674996, 8442347.365237034857273 ], [ 3288240.579586762934923, 8442358.718518862500787 ], [ 3288270.212835199199617, 8442390.494593566283584 ], [ 3288286.086432632990181, 8442425.092460224404931 ], [ 3288288.847156004048884, 8442469.14049088768661 ], [ 3288269.266619544941932, 8442566.396350309252739 ], [ 3288264.022909557446837, 8442632.525832155719399 ], [ 3288286.431523054372519, 8442729.895906746387482 ], [ 3288296.472541124094278, 8442803.730514504015446 ], [ 3288305.97922563739121, 8442907.194269966334105 ], [ 3288336.147369618527591, 8442963.204071391373873 ], [ 3288361.105199447833002, 8443025.753797426819801 ], [ 3288381.799492784310132, 8443089.737365420907736 ], [ 3288384.212734480388463, 8443126.212304832413793 ], [ 3288384.213027742691338, 8443126.212310537695885 ], [ 3288386.474911401048303, 8443160.395400365814567 ], [ 3288394.267275760415941, 8443233.293704541400075 ], [ 3288465.367034499067813, 8443280.078895697370172 ], [ 3288487.259998956229538, 8443353.003330344334245 ], [ 3288626.112855709623545, 8443557.019589168950915 ], [ 3288777.14578761626035, 8443653.24218288436532 ], [ 3288872.838782941456884, 8443669.775527626276016 ], [ 3288893.465505335014313, 8443673.339306887239218 ], [ 3288984.816068988293409, 8443606.957897299900651 ], [ 3289069.467591307125986, 8443511.344307342544198 ], [ 3289133.412985864561051, 8443472.368066851049662 ], [ 3289222.327534487005323, 8443505.254269765689969 ], [ 3289352.654338632244617, 8443571.635679353028536 ], [ 3289467.147045078221709, 8443767.734889330342412 ], [ 3289612.698943165596575, 8443939.473948998376727 ], [ 3289616.96196946920827, 8444039.959569016471505 ], [ 3289619.397984500043094, 8444142.272200308740139 ], [ 3289532.310447150375694, 8444235.449775235727429 ], [ 3289404.419658035971224, 8444343.852444104850292 ], [ 3289381.886519001796842, 8444387.091710900887847 ], [ 3289397.720616701524705, 8444430.330977696925402 ], [ 3289415.990729432087392, 8444476.006259523332119 ], [ 3289386.149545305408537, 8444535.688627775758505 ], [ 3289212.583474364131689, 8444676.977499559521675 ], [ 3289142.823233022354543, 8444737.436375388875604 ], [ 3289057.287516153417528, 8444811.56733001023531 ], [ 3288892.856501577422023, 8444850.543570501729846 ], [ 3288840.482178416103125, 8444887.08379596285522 ], [ 3288803.941952954512089, 8444973.562329554930329 ], [ 3288744.868588458746672, 8445056.386840598657727 ], [ 3288719.290430635679513, 8445092.927066059783101 ], [ 3288717.46341936243698, 8445163.571501951664686 ], [ 3288813.686013077385724, 8445328.611520286649466 ], [ 3288825.257084473501891, 8445366.97875702008605 ], [ 3288852.662253569811583, 8445385.248869750648737 ], [ 3289087.737704037688673, 8445403.518982481211424 ], [ 3289110.270843071863055, 8445421.789095211774111 ], [ 3289126.10494077205658, 8445456.502309400588274 ], [ 3289102.962797979824245, 8445490.606519831344485 ], [ 3289043.889433484058827, 8445540.544827962294221 ], [ 3288980.553042684216052, 8445554.55191438831389 ], [ 3288956.801896133925766, 8445583.784094756469131 ], [ 3288938.531783402897418, 8445597.791181184351444 ], [ 3288959.84691492235288, 8445684.269714776426554 ], [ 3288973.244997591245919, 8445723.24595526792109 ], [ 3289014.04824935644865, 8445759.177176970988512 ], [ 3289021.356294448953122, 8445784.755334794521332 ], [ 3289027.446332025807351, 8445856.008774444460869 ], [ 3288950.711858556605875, 8445937.615277973935008 ], [ 3288888.593475272413343, 8446053.93499569222331 ], [ 3288801.505937922745943, 8446143.45854807458818 ], [ 3288776.536783857736737, 8446154.420615714043379 ], [ 3288648.645994742866606, 8446125.188435344025493 ], [ 3288579.828570124227554, 8446143.45854807458818 ], [ 3288500.658081624656916, 8446234.809111727401614 ], [ 3288520.755205628462136, 8446353.564844477921724 ], [ 3288477.515938832424581, 8446483.891648622229695 ], [ 3288390.428401482757181, 8446556.972099546343088 ], [ 3288308.212894194759429, 8446630.052550468593836 ], [ 3288302.1228566179052, 8446717.140087818726897 ], [ 3288366.068251175340265, 8446817.625707836821675 ], [ 3288340.490093352273107, 8447006.416872721165419 ], [ 3288291.769792737439275, 8447073.407286062836647 ], [ 3288211.990300480276346, 8447155.622793352231383 ], [ 3288143.172875861637294, 8447157.449804624542594 ], [ 3288070.701428696513176, 8447109.338507767766714 ], [ 3288031.725188204552978, 8447006.416872717440128 ], [ 3288022.590131839271635, 8446883.398113664239645 ], [ 3287981.177876316010952, 8446821.279730379581451 ], [ 3287912.969455454964191, 8446792.04755001142621 ], [ 3287780.206636278890073, 8446780.476478615775704 ], [ 3287700.427144021727145, 8446762.206365883350372 ], [ 3287604.204550306778401, 8446735.410200545564294 ], [ 3287545.131185811012983, 8446773.777437280863523 ], [ 3287533.560114414896816, 8446821.888734137639403 ], [ 3287525.034061807207763, 8446901.668226394802332 ], [ 3287474.486749919131398, 8446952.215538283810019 ], [ 3287422.1124267578125, 8447113.601534070447087 ], [ 3287431.247483122628182, 8447183.027962448075414 ], [ 3287456.825640945695341, 8447235.402285609394312 ], [ 3287481.794795011170208, 8447257.935424644500017 ], [ 3287486.057821314781904, 8447306.046721501275897 ], [ 3287444.645565791986883, 8447324.316834233701229 ], [ 3287380.700171234551817, 8447333.451890598982573 ], [ 3287347.204964561853558, 8447393.134258851408958 ], [ 3287353.295002138707787, 8447474.740762382745743 ], [ 3287332.588874377310276, 8447518.589032934978604 ], [ 3287303.356694008223712, 8447550.257228335365653 ], [ 3287266.816468546632677, 8447603.240555254742503 ], [ 3287273.515509881544858, 8447657.441889688372612 ], [ 3287289.958611339330673, 8447767.67156982794404 ], [ 3287275.951524912379682, 8447809.083825351670384 ], [ 3287236.975284420419484, 8447838.316005719825625 ], [ 3287173.029889862984419, 8447808.474821593612432 ], [ 3287068.281243540346622, 8447726.868318062275648 ], [ 3286976.930679887067527, 8447683.020047510042787 ], [ 3286906.286243995185941, 8447602.631551494821906 ], [ 3286853.302917076274753, 8447589.842472583055496 ], [ 3286801.537597672548145, 8447628.209709318354726 ], [ 3286787.530511245597154, 8447699.463148966431618 ], [ 3286803.973612703382969, 8447760.972528493031859 ], [ 3286858.783950895536691, 8447845.015047054737806 ], [ 3286849.648894529789686, 8447904.697415307164192 ], [ 3286831.378781799226999, 8447932.711588161066175 ], [ 3286813.108669068664312, 8447964.379783561453223 ], [ 3286771.696413545869291, 8447974.123843684792519 ], [ 3286694.961940077133477, 8447996.047978961840272 ], [ 3286635.279571823310107, 8448032.588204422965646 ], [ 3286580.469233631622046, 8448083.74452006816864 ], [ 3286530.530925500672311, 8448175.095083720982075 ], [ 3286484.246639916673303, 8448248.175534645095468 ], [ 3286442.834384393878281, 8448265.227639859542251 ], [ 3286416.03821905516088, 8448251.829557189717889 ], [ 3286402.640136386267841, 8448187.275158874690533 ], [ 3286392.896076263394207, 8448082.526512552052736 ], [ 3286338.085738071240485, 8448010.664069145917892 ], [ 3286265.005287148524076, 8448047.204294607043266 ], [ 3286247.95318193314597, 8448092.270572675392032 ], [ 3286279.621377333067358, 8448160.478993536904454 ], [ 3286246.735174417961389, 8448248.175534645095468 ], [ 3286183.398783618118614, 8448260.355609798803926 ], [ 3286068.906077172607183, 8448273.753692466765642 ], [ 3285929.444216662086546, 8448485.077996386215091 ], [ 3285861.844799558166414, 8448541.106342097744346 ], [ 3285748.570100628305227, 8448623.118848131969571 ], [ 3285658.843546995427459, 8448696.199299054220319 ], [ 3285596.31916120601818, 8448716.093421805649996 ], [ 3285522.020702768117189, 8448735.987544557079673 ], [ 3285491.570514883380383, 8448775.369787555187941 ], [ 3285500.908572501502931, 8448889.456491494551301 ], [ 3285516.336667696014047, 8448948.732857244089246 ], [ 3285577.237043464556336, 8449008.415225496515632 ], [ 3285619.461303997784853, 8449108.291841758415103 ], [ 3285613.777268926147372, 8449228.874585781246424 ], [ 3285633.26538917189464, 8449250.392718551680446 ], [ 3285674.677644695155323, 8449273.128858840093017 ], [ 3285714.059887692332268, 8449259.324773665517569 ], [ 3285741.262055535800755, 8449221.160538183525205 ], [ 3285732.330000422894955, 8449082.713683934882283 ], [ 3285740.044048020150512, 8449027.903345743194222 ], [ 3285764.404198327567428, 8449011.257243033498526 ], [ 3285796.072393727488816, 8449032.775375803932548 ], [ 3285785.516328594181687, 8449088.803721511736512 ], [ 3285785.516328594181687, 8449136.306014612317085 ], [ 3285797.696403747890145, 8449155.794134857133031 ], [ 3285818.808534015435725, 8449159.042154897004366 ], [ 3285902.85105257621035, 8449175.688257608562708 ], [ 3285942.233295573387295, 8449218.318520646542311 ], [ 3285990.953596188686788, 8449245.520688489079475 ], [ 3286033.583859227132052, 8449204.514435471966863 ], [ 3286081.898157336749136, 8449193.552367832511663 ], [ 3286111.1303377058357, 8449219.942530667409301 ], [ 3286112.348345221485943, 8449264.196803724393249 ], [ 3286112.75434772670269, 8449343.36729222536087 ], [ 3286129.400450436864048, 8449377.877505160868168 ], [ 3286187.05280616460368, 8449448.115938547998667 ], [ 3286209.788946451619267, 8449504.550286760553718 ], [ 3286190.300826205406338, 8449562.202642487362027 ], [ 3286149.294573187828064, 8449601.990887990221381 ], [ 3286149.294573187828064, 8449644.621151028200984 ], [ 3286165.534673392772675, 8449711.611564373597503 ], [ 3286159.444635815918446, 8449755.865837432444096 ], [ 3286130.61845795204863, 8449782.662002772092819 ], [ 3286105.040300129447132, 8449802.962128028273582 ], [ 3286106.258307644631714, 8449819.202228233218193 ], [ 3286142.798533105757087, 8449839.502353489398956 ], [ 3286164.316665877588093, 8449860.614483755081892 ], [ 3286178.12075105169788, 8449886.598644083365798 ], [ 3286188.676816185005009, 8449920.296852009370923 ], [ 3286209.788946451619267, 8449945.875009832903743 ], [ 3286263.381277128588408, 8449967.393142603337765 ], [ 3286293.831465012859553, 8449982.415235294029117 ], [ 3286328.747680453583598, 8450014.08343069255352 ], [ 3286372.595951006747782, 8450114.772051963955164 ], [ 3286396.956101314630359, 8450157.402315001934767 ], [ 3286445.676401929464191, 8450181.356462804600596 ], [ 3286545.959020695649087, 8450164.7103600949049 ], [ 3286590.21329375449568, 8450161.868342557922006 ], [ 3286627.971526731271297, 8450187.852502886205912 ], [ 3286687.653894984629005, 8450275.955046499148011 ], [ 3286777.380448617506772, 8450342.945459842681885 ], [ 3286903.647227711509913, 8450399.379808055236936 ], [ 3286952.367528326809406, 8450434.296023497357965 ], [ 3287103.400460233911872, 8450515.496524522081017 ], [ 3287330.355860599316657, 8450614.155133267864585 ], [ 3287526.455070575233549, 8450771.27810275182128 ], [ 3287634.85773944389075, 8450844.358553674072027 ], [ 3287684.796047574374825, 8450921.905032154172659 ], [ 3287700.22414276888594, 8450950.731210017576814 ], [ 3287710.780207902193069, 8450982.805407922714949 ], [ 3287672.615972420666367, 8451017.315620858222246 ], [ 3287631.609719402622432, 8451057.509868865832686 ], [ 3287346.595960804261267, 8451210.978815803304315 ], [ 3287275.139519901946187, 8451231.278941061347723 ], [ 3287254.02738963579759, 8451255.639091368764639 ], [ 3287243.471324502490461, 8451290.555306809023023 ], [ 3287252.809382120147347, 8451346.989655021578074 ], [ 3287305.589707786682993, 8451435.092198634520173 ], [ 3287399.782288976479322, 8451565.82500528357923 ], [ 3287424.142439283896238, 8451613.327298384159803 ], [ 3287451.750609632581472, 8451649.867523845285177 ], [ 3287477.32876745518297, 8451658.7995789591223 ], [ 3287517.117012957576662, 8451654.333551401272416 ], [ 3287545.94319082191214, 8451658.7995789591223 ], [ 3287563.807301047258079, 8451689.249766843393445 ], [ 3287562.589293532073498, 8451733.504039902240038 ], [ 3287542.695170780643821, 8451797.246433205902576 ], [ 3287522.801048029679805, 8451917.829177228733897 ], [ 3287507.778955339919776, 8452019.735806016251445 ], [ 3287483.41880503250286, 8452106.214339606463909 ], [ 3287486.26082256808877, 8452117.176407247781754 ], [ 3287498.846900227013975, 8452178.076783018186688 ], [ 3287536.605133203789592, 8452249.533223919570446 ], [ 3287538.229143224190921, 8452345.349815128371119 ], [ 3287522.801048029214144, 8452424.926306132227182 ], [ 3287498.440897721797228, 8452471.616594221442938 ], [ 3287498.440897721797228, 8452514.246857259422541 ], [ 3287506.154945319052786, 8452537.389000052586198 ], [ 3287493.974870165344328, 8452575.553235532715917 ], [ 3287507.778955339454114, 8452601.537395860999823 ], [ 3287496.816887701395899, 8452642.137646373361349 ], [ 3287524.425058049615473, 8452730.646192491054535 ], [ 3287563.807301046792418, 8452818.748736103996634 ], [ 3287628.361699362285435, 8452909.287294747307897 ], [ 3287655.563867205753922, 8453000.637858400121331 ], [ 3287687.23206260567531, 8453044.486128954216838 ], [ 3287707.126185357104987, 8453094.83043958991766 ], [ 3287705.502175336237997, 8453137.460702627897263 ], [ 3287684.390045069623739, 8453192.271040819585323 ], [ 3287705.502175336237997, 8453257.637444145977497 ], [ 3287702.254155295435339, 8453341.679962705820799 ], [ 3287679.518015008419752, 8453451.300639091059566 ], [ 3287642.977789546828717, 8453507.328984797000885 ], [ 3287629.579706877935678, 8453549.959247838705778 ], [ 3287602.377539034467191, 8453588.123483320698142 ], [ 3287575.987376200966537, 8453597.461540937423706 ], [ 3287542.695170780643821, 8453625.881716296076775 ], [ 3287490.72685012454167, 8453619.791678719222546 ], [ 3287448.096587086562067, 8453627.911728821694851 ], [ 3287408.714344089385122, 8453650.647869110107422 ], [ 3287385.572201297152787, 8453703.834197280928493 ], [ 3287383.136186266317964, 8453745.246452804654837 ], [ 3287393.692251399625093, 8453761.892555514350533 ], [ 3287411.96236413018778, 8453765.952580565586686 ], [ 3287430.232476860750467, 8453755.396515432745218 ], [ 3287439.164531973656267, 8453734.284385165199637 ], [ 3287456.216637189034373, 8453702.210187260061502 ], [ 3287469.614719857927412, 8453688.812104592099786 ], [ 3287501.688917763065547, 8453693.278132148087025 ], [ 3287518.335020473226905, 8453700.992179745808244 ], [ 3287524.425058050081134, 8453748.088470339775085 ], [ 3287498.440897722262889, 8453792.342743398621678 ], [ 3287455.810634683817625, 8453819.544911241158843 ], [ 3287426.984456819947809, 8453845.123069064691663 ], [ 3287413.586374151520431, 8453886.535324584692717 ], [ 3287424.14243928482756, 8453939.721652757376432 ], [ 3287482.20079751778394, 8453985.599935837090015 ], [ 3287588.573453860823065, 8454017.674133740365505 ], [ 3287681.142025029752403, 8454068.830449387431145 ], [ 3287713.622225439641625, 8454090.754584664478898 ], [ 3287734.734355706255883, 8454123.640787579119205 ], [ 3287754.628478457219899, 8454139.068882774561644 ], [ 3287767.214556116145104, 8454171.54908318631351 ], [ 3287896.729355251416564, 8454492.697064740583301 ], [ 3287938.953615784645081, 8454569.025535704568028 ], [ 3288015.688089252915233, 8454657.534081818535924 ], [ 3288033.95820198347792, 8454684.736249662935734 ], [ 3288064.408389868214726, 8454713.562427526339889 ], [ 3288090.392550196032971, 8454725.742502680048347 ], [ 3288133.022813234478235, 8454737.922577833756804 ], [ 3288180.119103828910738, 8454750.102652987465262 ], [ 3288208.945281692780554, 8454757.816700585186481 ], [ 3288222.749366867356002, 8454767.154758203774691 ], [ 3288241.019479597918689, 8454785.424870934337378 ], [ 3288259.289592328481376, 8454794.356926046311855 ], [ 3288274.311685018241405, 8454809.785021241754293 ], [ 3288297.45382781047374, 8454834.145171549171209 ], [ 3288307.603890438564122, 8454859.723329372704029 ], [ 3288301.513852861709893, 8454902.353592410683632 ], [ 3288292.581797748804092, 8454943.765847932547331 ], [ 3288269.845657461788505, 8454978.276060868054628 ], [ 3288265.379629905335605, 8455045.266474215313792 ], [ 3288258.883589823264629, 8455097.234794870018959 ], [ 3288253.199554751627147, 8455144.737087970599532 ], [ 3288248.733527195174247, 8455184.525333473458886 ], [ 3288245.485507153905928, 8455210.509493801742792 ], [ 3288245.485507153905928, 8455237.711661644279957 ], [ 3288239.395469577051699, 8455277.499907147139311 ], [ 3288236.959454546216875, 8455340.836297946050763 ], [ 3288253.605557256378233, 8455528.409455314278603 ], [ 3288279.995720089878887, 8455604.737926280125976 ], [ 3288325.468000663910061, 8455691.216459872201085 ], [ 3288362.008226125501096, 8455744.808790547773242 ], [ 3288410.728526740800589, 8455772.010958392173052 ], [ 3288447.268752201925963, 8455804.085156295448542 ], [ 3288464.320857417304069, 8455845.0914093144238 ], [ 3288480.560957622714341, 8456139.03722302429378 ], [ 3288475.688927561044693, 8456160.555355796590447 ], [ 3288399.766459102742374, 8456254.747936986386776 ], [ 3288378.654328836128116, 8456317.272322775796056 ], [ 3288385.962373928166926, 8456357.872573288157582 ], [ 3288418.0365718328394, 8456434.607046756893396 ], [ 3288410.322524235583842, 8456465.057234641164541 ], [ 3288398.142449081875384, 8456487.793374927714467 ], [ 3288358.760206084232777, 8456496.72543004155159 ], [ 3288336.02406579721719, 8456486.169364908710122 ], [ 3288311.663915489800274, 8456477.237309794872999 ], [ 3288288.927775202784687, 8456497.131432546302676 ], [ 3288305.573877912946045, 8456562.497835870832205 ], [ 3288313.287925510201603, 8456657.09641956537962 ], [ 3288343.332110889721662, 8456810.565366500988603 ], [ 3288329.528025715611875, 8456833.301506787538528 ], [ 3288302.325857872143388, 8456841.015554385259748 ], [ 3288276.747700049076229, 8456810.159363996237516 ], [ 3288245.891509659588337, 8456750.882998248562217 ], [ 3288223.15536937257275, 8456739.108925599604845 ], [ 3288191.081171467434615, 8456743.168950650840998 ], [ 3288173.217061242088675, 8456846.69958945736289 ], [ 3288073.746447486337274, 8457039.1447768881917 ], [ 3288044.920269622001797, 8457063.098924688994884 ], [ 3288018.936109294183552, 8457063.098924688994884 ], [ 3288002.290006584022194, 8457049.294839516282082 ], [ 3287994.575958986766636, 8457024.934689207002521 ], [ 3288031.11618444789201, 8456959.568285882472992 ], [ 3288025.026146871037781, 8456935.208135575056076 ], [ 3287917.435483012814075, 8456906.381957711651921 ], [ 3287830.144944410771132, 8456892.983875041827559 ], [ 3287806.190796608105302, 8456917.344025349244475 ], [ 3287807.814806628506631, 8456942.922183172777295 ], [ 3287911.345445435959846, 8457034.27274682559073 ], [ 3287933.675583217758685, 8457063.504927195608616 ], [ 3287932.457575702108443, 8457093.549112575128675 ], [ 3287909.315432910341769, 8457110.601217793300748 ], [ 3287848.41505714179948, 8457126.029312988743186 ], [ 3287796.446736485231668, 8457156.073498368263245 ], [ 3287763.154531064908952, 8457186.117683745920658 ], [ 3287757.47049599327147, 8457232.401969330385327 ], [ 3287818.370871762279421, 8457320.910515448078513 ], [ 3287842.731022069696337, 8457387.494926288723946 ], [ 3288016.50009426381439, 8457621.352369241416454 ], [ 3288027.868164407555014, 8457679.816729977726936 ], [ 3288018.936109294649214, 8457756.145200941711664 ], [ 3288016.50009426381439, 8457798.369461474940181 ], [ 3288056.288339766208082, 8457844.65374705940485 ], [ 3288480.154955117963254, 8458102.059335308149457 ], [ 3288531.31127076363191, 8458139.411565778777003 ], [ 3288571.099516266025603, 8458233.604146968573332 ], [ 3288582.467586409766227, 8458306.68459789082408 ], [ 3288567.851496225222945, 8458413.057254234328866 ], [ 3288569.475506245158613, 8458507.249835424125195 ], [ 3288536.183300824835896, 8458577.082266306504607 ], [ 3288545.115355937276036, 8458745.167303428053856 ], [ 3288557.295431091450155, 8458845.043919689953327 ], [ 3288507.763125466182828, 8458970.092691266909242 ], [ 3288505.327110435348004, 8459046.42116223089397 ], [ 3288529.68726074276492, 8459152.793818572536111 ], [ 3288572.723526286426932, 8459246.986399762332439 ], [ 3288614.947786819189787, 8459307.886775530874729 ], [ 3288632.811897045001388, 8459359.043091177940369 ], [ 3288694.524277823977172, 8459450.799657335504889 ], [ 3288709.952373018953949, 8459594.524544149637222 ], [ 3288683.156207680702209, 8459664.356975032016635 ], [ 3288670.164127516560256, 8459698.461185462772846 ], [ 3288666.916107475757599, 8459752.865521149709821 ], [ 3288685.592222711537033, 8459792.65376665070653 ], [ 3288728.628488254733384, 8459807.269856836646795 ], [ 3288882.909440202638507, 8459828.381987102329731 ], [ 3288962.485931207425892, 8459896.590407963842154 ], [ 3289038.002397160977125, 8459978.602913998067379 ], [ 3289072.106607591733336, 8460014.33113444969058 ], [ 3289129.758963319472969, 8460002.963064305484295 ], [ 3289163.051168739795685, 8460020.827174531295896 ], [ 3289198.779389190953225, 8460033.007249685004354 ], [ 3289257.243749929126352, 8460039.503289768472314 ], [ 3289315.708110667299479, 8460045.187324838712811 ], [ 3289336.820240933913738, 8460041.939304798841476 ], [ 3289370.112446354236454, 8460005.399079337716103 ], [ 3289394.47259666165337, 8459981.038929030299187 ], [ 3289396.908611692488194, 8459925.822588331997395 ], [ 3289403.40465177455917, 8459852.742137409746647 ], [ 3289430.20081711281091, 8459807.269856836646795 ], [ 3289464.30502754310146, 8459737.437425954267383 ], [ 3289473.23708265600726, 8459673.289030143991113 ], [ 3289433.448837153613567, 8459560.420333718881011 ], [ 3289434.260842164047062, 8459506.015998031944036 ], [ 3289458.620992471463978, 8459479.219832694157958 ], [ 3289509.777308117598295, 8459497.083942919969559 ], [ 3289625.894024583511055, 8459576.660433923825622 ], [ 3289701.410490537062287, 8459676.537050185725093 ], [ 3289738.762721008621156, 8459695.213165421038866 ], [ 3289807.783146880101413, 8459722.821335770189762 ], [ 3289859.751467536203563, 8459755.301536180078983 ], [ 3289972.620163961313665, 8459795.90178669244051 ], [ 3290173.185401493217796, 8459944.498703569173813 ], [ 3290285.242092908360064, 8459949.370733629912138 ], [ 3290389.178734220564365, 8459928.258603362366557 ], [ 3290470.37923524575308, 8459812.14188689738512 ], [ 3290556.451766332611442, 8459690.341135358437896 ], [ 3290599.488031875807792, 8459675.725045174360275 ], [ 3290681.500537911430001, 8459709.017250593751669 ], [ 3290778.129134131595492, 8459779.661686485633254 ], [ 3290802.489284439012408, 8459916.078528208658099 ], [ 3290748.084948752075434, 8459979.414919007569551 ], [ 3290718.040763373021036, 8460098.779655516147614 ], [ 3290726.972818485461175, 8460153.995996212586761 ], [ 3290751.332968793343753, 8460193.784241715446115 ], [ 3290803.301289449445903, 8460196.220256745815277 ], [ 3290919.41800591442734, 8460218.956397032365203 ], [ 3291247.468030056450516, 8460358.621258797124028 ], [ 3291344.908631286583841, 8460365.117298878729343 ], [ 3291413.117052147630602, 8460382.981409104540944 ], [ 3291466.709382824599743, 8460400.8455193284899 ], [ 3291515.429683439433575, 8460430.077699698507786 ], [ 3291564.149984054733068, 8460394.349479246884584 ], [ 3291582.014094280079007, 8460345.629178632050753 ], [ 3291827.23960737651214, 8460327.765068406239152 ], [ 3291849.975747663527727, 8460296.908878017216921 ], [ 3291845.915722613222897, 8460276.608752757310867 ], [ 3291781.767326802946627, 8460266.864692633971572 ], [ 3291757.407176495529711, 8460242.504542326554656 ], [ 3291758.219181505963206, 8460175.920131485909224 ], [ 3291801.255447049159557, 8460142.627926064655185 ], [ 3291895.448028238490224, 8460160.492036290466785 ], [ 3291968.528479161206633, 8460166.988076372072101 ], [ 3291998.57266454026103, 8460166.176071362569928 ], [ 3292013.188754724804312, 8460120.703790787607431 ], [ 3291964.46845410997048, 8460032.195244671776891 ], [ 3291983.956574355717748, 8459938.002663481980562 ], [ 3292251.106222729198635, 8459664.356975026428699 ], [ 3292503.639780917670578, 8459613.200659381225705 ], [ 3292595.396347076166421, 8459631.064769607037306 ], [ 3292655.484717834740877, 8459676.537050180137157 ], [ 3292670.912813029251993, 8459737.437425950542092 ], [ 3292686.34090822422877, 8459749.61750110425055 ], [ 3292729.37717376742512, 8459734.189405908808112 ], [ 3292774.849454341456294, 8459621.32070948369801 ], [ 3292860.109980417881161, 8459560.420333715155721 ], [ 3292917.762336145620793, 8459549.05226357281208 ], [ 3293006.270882263313979, 8459544.992238521575928 ], [ 3293054.991182878147811, 8459575.848428910598159 ], [ 3293054.991182878147811, 8459624.568729525431991 ], [ 3293088.283388298470527, 8459636.748804679140449 ], [ 3293119.139578688424081, 8459600.208579218015075 ], [ 3293180.03995445696637, 8459579.096448952332139 ], [ 3293227.948250061832368, 8459612.388654371723533 ], [ 3293310.772761107888073, 8459609.140634331852198 ], [ 3293408.213362338021398, 8459536.872188419103622 ], [ 3293521.082058763131499, 8459524.692113265395164 ], [ 3293546.25421408098191, 8459465.821750020608306 ], [ 3293571.426369398832321, 8459426.033504517748952 ], [ 3293620.146670013666153, 8459435.777564641088247 ], [ 3293681.047045782674104, 8459451.20565983466804 ], [ 3293729.767346397973597, 8459443.897614743560553 ], [ 3293768.743586889933795, 8459398.425334168598056 ], [ 3293811.779852433130145, 8459246.580397251993418 ], [ 3293875.11624323297292, 8459151.575811052694917 ], [ 3293868.620203150901943, 8459130.463680785149336 ], [ 3293854.004112966358662, 8459106.10353047773242 ], [ 3293695.663135967217386, 8459140.207740908488631 ], [ 3293631.514740157406777, 8459149.139796022325754 ], [ 3293592.538499664980918, 8459124.779645714908838 ], [ 3293613.650629931595176, 8459081.743380170315504 ], [ 3293695.663135967217386, 8459039.519119637086987 ], [ 3293774.427621961571276, 8459020.843004401773214 ], [ 3293793.103737197350711, 8458975.370723828673363 ], [ 3293786.607697115279734, 8458929.898443253710866 ], [ 3293722.459301305469126, 8458850.321952249854803 ], [ 3293720.023286274634302, 8458762.62541114166379 ], [ 3293741.947421551682055, 8458743.949295906350017 ], [ 3293766.307571859098971, 8458750.445335987955332 ], [ 3293802.847797320690006, 8458759.37739109992981 ], [ 3293836.140002741012722, 8458740.701275864616036 ], [ 3293838.576017771381885, 8458683.048920137807727 ], [ 3293832.891982699744403, 8458606.720449173822999 ], [ 3293857.252133007161319, 8458546.632078414782882 ], [ 3293912.468473704531789, 8458546.632078414782882 ], [ 3293945.760679124854505, 8458564.496188640594482 ], [ 3293969.308824422303587, 8458549.068093445152044 ], [ 3293978.240879534743726, 8458472.739622481167316 ], [ 3294006.661054893862456, 8458411.839246712625027 ], [ 3294063.501405611168593, 8458372.86300622113049 ], [ 3294115.469726267736405, 8458393.163131477311254 ], [ 3294208.038297436665744, 8458388.291101416572928 ], [ 3294243.766517887823284, 8458394.787141498178244 ], [ 3294305.478898666799068, 8458404.531201621517539 ], [ 3294372.063309507444501, 8458393.163131477311254 ], [ 3294396.423459814861417, 8458355.810901006683707 ], [ 3294402.919499896932393, 8458337.946790780872107 ], [ 3294402.919499896932393, 8458289.226490166038275 ], [ 3294407.791529958602041, 8458234.010149469599128 ], [ 3294432.151680266018957, 8458125.201478095725179 ], [ 3294445.14376043016091, 8458107.337367869913578 ], [ 3294536.088321578223258, 8458052.121027171611786 ], [ 3294597.800702357664704, 8458021.264836782589555 ], [ 3294640.024962890893221, 8458016.39280672185123 ], [ 3294724.473483956884593, 8458040.752957029268146 ], [ 3294761.825714428443462, 8458065.113107336685061 ], [ 3294821.914085187017918, 8458094.345287704840302 ], [ 3294865.762355740647763, 8458087.849247623234987 ], [ 3294901.490576191805303, 8458069.985137397423387 ], [ 3294943.71483672503382, 8458027.76087686419487 ], [ 3294981.067067196592689, 8457990.408646393567324 ], [ 3295029.78736781142652, 8457985.536616330966353 ], [ 3295109.363858816213906, 8457979.040576249361038 ], [ 3295158.084159431513399, 8457961.176466023549438 ], [ 3295200.308419964741915, 8457941.688345778733492 ], [ 3295236.036640415433794, 8457930.320275634527206 ], [ 3295223.044560251757503, 8457888.09601510129869 ], [ 3295198.684409943874925, 8457870.231904875487089 ], [ 3295156.46014941111207, 8457883.223985040560365 ], [ 3295114.235888877883554, 8457907.584135347977281 ], [ 3295070.387618324253708, 8457917.328195471316576 ], [ 3295028.163357791025192, 8457912.456165408715606 ], [ 3295005.427217504009604, 8457899.464085245504975 ], [ 3295005.427217504009604, 8457850.743784630671144 ], [ 3295016.795287647750229, 8457819.887594239786267 ], [ 3295036.283407893497497, 8457777.663333706557751 ], [ 3295078.507668426726013, 8457735.439073173329234 ], [ 3295138.596039185300469, 8457693.214812640100718 ], [ 3295200.308419964741915, 8457655.862582169473171 ], [ 3295309.117091338150203, 8457613.638321636244655 ], [ 3295426.045812814496458, 8457534.061830632388592 ], [ 3295523.486414045095444, 8457491.837570099160075 ], [ 3295632.295085418503731, 8457473.973459873348475 ], [ 3295792.858310200273991, 8457343.465260308235884 ], [ 3295338.255569314118475, 8457387.816747225821018 ], [ 3294983.443673987872899, 8457249.218350613489747 ], [ 3294728.422624222934246, 8456927.670070473104715 ], [ 3294584.280291746836156, 8456351.100740568712354 ], [ 3294551.016676560044289, 8455519.510360898450017 ], [ 3294534.384868966415524, 8454937.397095128893852 ], [ 3294534.384868966415524, 8454604.760943261906505 ], [ 3294611.999971068929881, 8454249.94904793612659 ], [ 3294767.230175273958594, 8453872.961409151554108 ], [ 3295011.163353310432285, 8453313.02388684079051 ], [ 3295343.799505178816617, 8452570.136481001973152 ], [ 3295676.435657046735287, 8451988.023215234279633 ], [ 3296009.071808914653957, 8451566.684089533984661 ], [ 3296463.674549801275134, 8451250.679745258763433 ], [ 3297040.243879705667496, 8451040.010182408615947 ], [ 3297644.532888933084905, 8450812.708811964839697 ], [ 3298276.541577482130378, 8450568.775633927434683 ], [ 3298880.830586709082127, 8450385.825750401243567 ], [ 3299457.399916613474488, 8450263.859161384403706 ], [ 3299956.354144415818155, 8450136.348636500537395 ], [ 3300377.693270115647465, 8450003.294175755232573 ], [ 3300837.839946866501123, 8449920.135137787088752 ], [ 3301336.794174668379128, 8449886.871522599831223 ], [ 3301813.57265901286155, 8449864.695779141038656 ], [ 3302268.175399899482727, 8449853.60790741443634 ], [ 3302683.970589734613895, 8449953.39875297434628 ], [ 3303060.958228518255055, 8450164.068315822631121 ], [ 3303454.577674895059317, 8450352.562135213986039 ], [ 3303864.828928865958005, 8450518.880211150273681 ], [ 3304197.465080733876675, 8450602.039249116554856 ], [ 3304452.486130499280989, 8450602.039249116554856 ], [ 3304724.138987858314067, 8450724.005838135257363 ], [ 3305012.423652810975909, 8450967.939016170799732 ], [ 3305178.741728744935244, 8451278.399424580857158 ], [ 3305223.093215660657734, 8451655.38706336542964 ], [ 3305406.043099188245833, 8451976.935343503952026 ], [ 3305727.591379326768219, 8452243.044264998286963 ], [ 3306099.035082246176898, 8452376.098725745454431 ], [ 3306520.374207946006209, 8452376.098725745454431 ], [ 3307041.504179205745459, 8452353.922982288524508 ], [ 3307662.424996026325971, 8452309.571495370939374 ], [ 3308183.554967286065221, 8452198.692778082564473 ], [ 3308604.894092985894531, 8452021.286830419674516 ], [ 3309020.689282821025699, 8451954.759600045159459 ], [ 3309430.940536791458726, 8451999.111086962744594 ], [ 3309885.543277678079903, 8452104.445868387818336 ], [ 3310384.497505479957908, 8452270.763944320380688 ], [ 3310822.468438772950321, 8452337.291174693033099 ], [ 3311199.456077556591481, 8452304.027559507638216 ], [ 3311471.108934915624559, 8452204.236713945865631 ], [ 3311637.427010849583894, 8452037.91863801330328 ], [ 3311825.920830241404474, 8451810.61726756952703 ], [ 3312036.59039309155196, 8451522.332602616399527 ], [ 3312103.117623465135694, 8451150.888899696990848 ], [ 3312025.502521362155676, 8450696.286158811300993 ], [ 3311859.184445428196341, 8450280.490968976169825 ], [ 3311604.163395663257688, 8449903.503330191597342 ], [ 3311493.284678373951465, 8449504.339947950094938 ], [ 3311526.548293560277671, 8449083.000822251662612 ], [ 3311648.514882578514516, 8448833.52370835095644 ], [ 3311859.184445428662002, 8448755.908606246113777 ], [ 3312047.678264820482582, 8448717.101055195555091 ], [ 3312213.996340753976256, 8448717.101055195555091 ], [ 3312358.138673230074346, 8448633.94201722741127 ], [ 3312480.105262248776853, 8448467.623941294848919 ], [ 3312441.297711197286844, 8448279.130121903494 ], [ 3312241.716020076535642, 8448068.460559053346515 ], [ 3311958.975290988571942, 8447818.983445152640343 ], [ 3311593.075523933395743, 8447530.698780201375484 ], [ 3311365.774153490550816, 8447325.573153216391802 ], [ 3311277.071179659105837, 8447203.606564197689295 ], [ 3311171.736398234032094, 8446893.146155787631869 ], [ 3311049.76980921626091, 8446394.19192798435688 ], [ 3311127.384911318775266, 8446078.187583710998297 ], [ 3311404.581704542040825, 8445945.133122961968184 ], [ 3311692.866369494237006, 8445817.622598079964519 ], [ 3311992.23890617582947, 8445695.656009061262012 ], [ 3312202.908469025511295, 8445468.354638617485762 ], [ 3312324.875058043282479, 8445135.718486750498414 ], [ 3312469.017390519380569, 8444908.417116306722164 ], [ 3312635.335466453805566, 8444786.450527288019657 ], [ 3313089.938207339961082, 8444803.082334881648421 ], [ 3313832.825613179244101, 8444958.312539087608457 ], [ 3314353.955584438983351, 8445141.262422615662217 ], [ 3314653.328121120110154, 8445351.931985463947058 ], [ 3314902.805235021281987, 8445623.584842823445797 ], [ 3315102.38692614203319, 8445956.220994690433145 ], [ 3315202.177771702408791, 8446394.19192798435688 ], [ 3315202.177771702408791, 8446937.497642703354359 ], [ 3315202.177771702408791, 8447225.782307654619217 ], [ 3315202.177771702408791, 8447259.045922841876745 ], [ 3315496.006372519303113, 8447441.995806369930506 ], [ 3316083.663574153091758, 8447774.631958236917853 ], [ 3316399.667918427847326, 8447963.125777628272772 ], [ 3316444.019405343569815, 8448007.477264545857906 ], [ 3316505.002699852921069, 8448218.146827394142747 ], [ 3316582.617801955435425, 8448595.134466178715229 ], [ 3316604.79354541329667, 8448988.75391255505383 ], [ 3316571.529930226504803, 8449399.005166526883841 ], [ 3316549.354186768643558, 8449814.800356362015009 ], [ 3316538.266315039712936, 8450236.139482060447335 ], [ 3316599.249609548598528, 8450485.616595961153507 ], [ 3316732.304070295765996, 8450563.231698064133525 ], [ 3316981.781184196937829, 8450602.039249114692211 ], [ 3317347.680951251648366, 8450602.039249114692211 ], [ 3317680.317103120032698, 8450585.407441521063447 ], [ 3317979.68963980069384, 8450552.143826335668564 ], [ 3318251.342497159726918, 8450596.495313251391053 ], [ 3318495.27567519666627, 8450718.461902268230915 ], [ 3318722.577045639976859, 8450901.411785796284676 ], [ 3318933.246608489193022, 8451145.34496383368969 ], [ 3319099.564684423152357, 8451350.470590818673372 ], [ 3319221.531273441389203, 8451516.788666753098369 ], [ 3319326.866054866462946, 8451766.265780653804541 ], [ 3319415.569028698373586, 8452098.901932520791888 ], [ 3319293.60243968013674, 8452398.274469202384353 ], [ 3318960.966287811752409, 8452664.383390696719289 ], [ 3318694.857366317417473, 8452980.387734971940517 ], [ 3318495.27567519666627, 8453346.287502026185393 ], [ 3318313.153532112948596, 8453663.697080016136169 ], [ 3318148.490937065798789, 8453932.616468943655491 ], [ 3318102.061292057391256, 8454079.236400550231338 ], [ 3318218.925872252322733, 8454118.819564810022712 ], [ 3318366.764161971397698, 8454187.810766676440835 ], [ 3318514.602451690007001, 8454272.817783266305923 ], [ 3318662.440741409547627, 8454373.840614574030042 ], [ 3318810.279031128622591, 8454490.879260601475835 ], [ 3318958.117320847231895, 8454623.933721348643303 ], [ 3319114.579510800074786, 8454715.100666673853993 ], [ 3319279.665600986219943, 8454764.380096580833197 ], [ 3319453.375591406133026, 8454771.772011067718267 ], [ 3319635.709482059348375, 8454737.276410132646561 ], [ 3319874.367281311191618, 8454694.463356291875243 ], [ 3320169.348989161197096, 8454643.33284953981638 ], [ 3320520.654605609830469, 8454583.884889882057905 ], [ 3320928.284130657091737, 8454516.11947731487453 ], [ 3321273.614232199266553, 8454450.958162348717451 ], [ 3321556.644910236820579, 8454388.400944981724024 ], [ 3321777.376164769753814, 8454328.447825213894248 ], [ 3321935.807995797600597, 8454271.098803047090769 ], [ 3322126.250064394902438, 8454221.174086928367615 ], [ 3322348.702370561193675, 8454178.673676855862141 ], [ 3322603.164914296474308, 8454143.597572831436992 ], [ 3322889.637695601209998, 8454115.945774856954813 ], [ 3323136.523911018390208, 8454073.03118291683495 ], [ 3323343.823560548946261, 8454014.853797012940049 ], [ 3323511.536644192412496, 8453941.413617145270109 ], [ 3323639.66316194832325, 8453852.71064331382513 ], [ 3323755.057927701622248, 8453782.059182982891798 ], [ 3323857.720941451843828, 8453729.459236150607467 ], [ 3323947.652203198522329, 8453694.910802818834782 ], [ 3324024.851712942589074, 8453678.413882985711098 ], [ 3324092.932222626172006, 8453645.003951894119382 ], [ 3324151.893732250202447, 8453594.681009542196989 ], [ 3324201.736241813749075, 8453527.445055931806564 ], [ 3324242.459751317277551, 8453443.296091061085463 ], [ 3324280.315445397980511, 8453342.037733783945441 ], [ 3324315.303324054926634, 8453223.66998409666121 ], [ 3324347.42338728858158, 8453088.192842004820704 ], [ 3324376.675635098945349, 8452935.606307504698634 ], [ 3324395.366437166463584, 8452790.213511435315013 ], [ 3324403.495793491136283, 8452652.014453796669841 ], [ 3324401.063704072963446, 8452521.009134588763118 ], [ 3324388.070168911945075, 8452397.197553811594844 ], [ 3324370.680788295343518, 8452282.253091290593147 ], [ 3324348.895562224090099, 8452176.175747023895383 ], [ 3324322.714490696787834, 8452078.965521015226841 ], [ 3324292.137573714833707, 8451990.622413262724876 ], [ 3324277.568703046068549, 8451898.830372978001833 ], [ 3324279.0078786900267, 8451803.589400161057711 ], [ 3324296.455100647173822, 8451704.8994948156178 ], [ 3324329.910368918441236, 8451602.76065693795681 ], [ 3324358.312364628538489, 8451504.183910492807627 ], [ 3324381.661087779328227, 8451409.16925548389554 ], [ 3324399.956538368482143, 8451317.71669190749526 ], [ 3324413.198716396465898, 8451229.826219763606787 ], [ 3324413.931485703215003, 8451133.850109223276377 ], [ 3324402.154846287332475, 8451029.78836028650403 ], [ 3324377.868798148818314, 8450917.640972949564457 ], [ 3324341.073341288603842, 8450797.407947212457657 ], [ 3324314.543622941244394, 8450674.177467007189989 ], [ 3324298.279643107205629, 8450547.949532333761454 ], [ 3324292.28140178648755, 8450418.72414318844676 ], [ 3324296.548898978624493, 8450286.501299571245909 ], [ 3324301.98331072088331, 8450162.628272701054811 ], [ 3324308.584637014195323, 8450047.105062581598759 ], [ 3324316.352877857163548, 8449939.93166920542717 ], [ 3324325.288033249787986, 8449841.10809257812798 ], [ 3324331.378585717640817, 8449755.365416292101145 ], [ 3324334.624535259325057, 8449682.703640347346663 ], [ 3324335.025881875772029, 8449623.122764745727181 ], [ 3324332.582625566981733, 8449576.622789485380054 ], [ 3324332.947248364333063, 8449518.610081458464265 ], [ 3324336.119750268291682, 8449449.08464066311717 ], [ 3324342.100131278857589, 8449368.046467101201415 ], [ 3324350.888391395565122, 8449275.495560772716999 ], [ 3324377.807351319584996, 8449164.81085847876966 ], [ 3324422.857011050917208, 8449035.992360221222043 ], [ 3324486.037370589096099, 8448889.040066 ], [ 3324567.348429935052991, 8448723.95397581346333 ], [ 3324672.067218486219645, 8448597.059443805366755 ], [ 3324800.193736242130399, 8448508.356469973921776 ], [ 3324951.727983204182237, 8448457.845054319128394 ], [ 3325126.669959371909499, 8448445.5251968447119 ], [ 3325320.09172175405547, 8448450.453139834105968 ], [ 3325531.993270351085812, 8448472.628883292898536 ], [ 3325762.374605163000524, 8448512.052427217364311 ], [ 3326011.235726190265268, 8448568.72377160936594 ], [ 3326267.48876170348376, 8448583.507600581273437 ], [ 3326531.13371170219034, 8448556.403914133086801 ], [ 3326802.170576186850667, 8448487.412712264806032 ], [ 3327080.599355157464743, 8448376.533994972705841 ], [ 3327399.683663801290095, 8448282.287085277959704 ], [ 3327759.423502117395401, 8448204.671983174979687 ], [ 3328159.818870106246322, 8448143.688688665628433 ], [ 3328600.86976776830852, 8448099.337201751768589 ], [ 3328963.689570453483611, 8448054.369721964001656 ], [ 3329248.278278162702918, 8448008.786249298602343 ], [ 3329454.635890895500779, 8447962.586783763021231 ], [ 3329582.762408651877195, 8447915.771325351670384 ], [ 3329729.394375339150429, 8447865.741324132308364 ], [ 3329894.53179095685482, 8447812.496780104935169 ], [ 3330078.17465550545603, 8447756.037693267688155 ], [ 3330280.322968984488398, 8447696.364063622429967 ], [ 3330449.757334793452173, 8447640.739441689103842 ], [ 3330586.477752932347357, 8447589.163827463984489 ], [ 3330690.484223400242627, 8447541.637220952659845 ], [ 3330761.776746198534966, 8447498.159622151404619 ], [ 3330831.585321463644505, 8447465.5514230504632 ], [ 3330899.909949195571244, 8447443.812623649835587 ], [ 3330966.750629394780844, 8447432.943223951384425 ], [ 3331032.107362061273307, 8447432.943223951384425 ], [ 3331089.86390522820875, 8447436.398222772404552 ], [ 3331140.020258895587176, 8447443.308220414444804 ], [ 3331182.576423063408583, 8447453.673216877505183 ], [ 3331217.532397731672972, 8447467.493212161585689 ], [ 3331251.228561541996896, 8447483.547571629285812 ], [ 3331283.664914494846016, 8447501.8362952824682 ], [ 3331314.84145658928901, 8447522.35938311740756 ], [ 3331344.758187826257199, 8447545.11683513969183 ], [ 3331387.235544110648334, 8447552.057047512382269 ], [ 3331442.273525441996753, 8447543.180020239204168 ], [ 3331509.872131820302457, 8447518.485753320157528 ], [ 3331590.031363246031106, 8447477.974246751517057 ], [ 3331665.199642105493695, 8447426.095289444550872 ], [ 3331735.376968397758901, 8447362.848881393671036 ], [ 3331800.563342123758048, 8447288.235022602602839 ], [ 3331860.758763283025473, 8447202.253713069483638 ], [ 3331910.379246401134878, 8447120.780859835445881 ], [ 3331949.424791479017586, 8447043.816462904214859 ], [ 3331977.895398515742272, 8446971.360522273927927 ], [ 3331995.791067511308938, 8446903.413037944585085 ], [ 3332045.520113868173212, 8446835.12394317984581 ], [ 3332127.08253758540377, 8446766.493237979710102 ], [ 3332240.478338663000613, 8446697.520922340452671 ], [ 3332385.707517101895064, 8446628.206996267661452 ], [ 3332556.231199385598302, 8446522.669128507375717 ], [ 3332752.049385514110327, 8446380.907319061458111 ], [ 3332973.162075488362461, 8446202.921567928045988 ], [ 3333219.569269307889044, 8445988.711875107139349 ], [ 3333445.64618721883744, 8445804.646876286715269 ], [ 3333651.392829221207649, 8445650.726571463048458 ], [ 3333836.809195315465331, 8445526.950960641726851 ], [ 3334001.895285502076149, 8445433.320043819025159 ], [ 3334169.445347183384001, 8445347.081041483208537 ], [ 3334339.459380359854549, 8445268.233953632414341 ], [ 3334511.937385031953454, 8445196.778780268505216 ], [ 3334686.879361199680716, 8445132.715521393343806 ], [ 3334869.213251853361726, 8445063.724319525063038 ], [ 3335058.939056992065161, 8444989.80517466366291 ], [ 3335256.056776617653668, 8444910.958086812868714 ], [ 3335460.566410728730261, 8444827.183055972680449 ], [ 3335645.980265751015395, 8444764.351782841607928 ], [ 3335812.29834168497473, 8444722.464267419651151 ], [ 3335959.520638530608267, 8444701.520509710535407 ], [ 3336087.647156286984682, 8444701.520509710535407 ], [ 3336235.910516863688827, 8444692.009434912353754 ], [ 3336404.3107202607207, 8444672.987285319715738 ], [ 3336592.847766477614641, 8444644.45406092889607 ], [ 3336801.52165551437065, 8444606.409761741757393 ], [ 3336978.063932723365724, 8444569.675057545304298 ], [ 3337122.474598103668541, 8444534.249948341399431 ], [ 3337234.753651656210423, 8444500.134434128180146 ], [ 3337314.901093380525708, 8444467.328514909371734 ], [ 3337413.833698136731982, 8444423.572144534438848 ], [ 3337531.55146592669189, 8444368.865323003381491 ], [ 3337668.054396747611463, 8444303.208050321787596 ], [ 3337823.342490600422025, 8444226.600326484069228 ], [ 3337994.290121298283339, 8444133.869374040514231 ], [ 3338180.897288840264082, 8444025.015192989259958 ], [ 3338383.163993226364255, 8443900.037783330306411 ], [ 3338601.09023445751518, 8443758.937145065516233 ], [ 3338781.53673064801842, 8443639.707252006977797 ], [ 3338924.503481796942651, 8443542.3481041546911 ], [ 3339029.990487907081842, 8443466.859701510518789 ], [ 3339097.997748976573348, 8443413.242044072598219 ], [ 3339162.323076433967799, 8443371.058064516633749 ], [ 3339222.966470279730856, 8443340.307762838900089 ], [ 3339279.927930513396859, 8443320.99113904684782 ], [ 3339333.207457134965807, 8443313.108193133026361 ], [ 3339411.997492640279233, 8443296.263968527317047 ], [ 3339516.298037030734122, 8443270.458465222269297 ], [ 3339646.109090303536505, 8443235.691683223471045 ], [ 3339801.430652460083365, 8443191.963622527197003 ], [ 3339953.96511413436383, 8443141.051577813923359 ], [ 3340103.712475324980915, 8443082.955549081787467 ], [ 3340250.672736033331603, 8443017.675536332651973 ], [ 3340394.845896258484572, 8442945.211539564654231 ], [ 3340534.916801023297012, 8442866.224579086527228 ], [ 3340670.885450328700244, 8442780.71465490013361 ], [ 3340802.751844173297286, 8442688.68176700361073 ], [ 3340930.515982558485121, 8442590.125915398821235 ], [ 3341035.867883034981787, 8442506.695610705763102 ], [ 3341118.807545601390302, 8442438.390852922573686 ], [ 3341179.334970260038972, 8442385.211642052978277 ], [ 3341217.450157009996474, 8442347.157978095114231 ], [ 3341339.243331389501691, 8442277.949686713516712 ], [ 3341544.714493398088962, 8442177.586767910048366 ], [ 3341833.863643036689609, 8442046.069221680983901 ], [ 3342206.690780304837972, 8441883.397048028185964 ], [ 3342566.894028231501579, 8441725.349110577255487 ], [ 3342914.473386816680431, 8441571.925409326329827 ], [ 3343249.428856060374528, 8441423.125944277271628 ], [ 3343571.760435962118208, 8441278.950715428218246 ], [ 3343851.755251961294562, 8441143.841276746243238 ], [ 3344089.413304058369249, 8441017.797628235071898 ], [ 3344284.734592251945287, 8440900.819769889116287 ], [ 3344437.719116542488337, 8440792.907701713964343 ], [ 3344585.105132073629647, 8440681.789999764412642 ], [ 3344726.892638844903558, 8440567.466664038598537 ], [ 3344863.08163685631007, 8440449.937694542109966 ], [ 3344993.672126108314842, 8440329.203091273084283 ], [ 3345110.094779262319207, 8440208.468488004058599 ], [ 3345212.349596317857504, 8440087.733884733170271 ], [ 3345300.436577275395393, 8439966.999281462281942 ], [ 3345374.355722134932876, 8439846.264678191393614 ], [ 3345459.978731597308069, 8439721.218124803155661 ], [ 3345557.305605662055314, 8439591.859621297568083 ], [ 3345666.336344329640269, 8439458.189167678356171 ], [ 3345787.070947600528598, 8439320.206763939931989 ], [ 3345893.637714772950858, 8439189.000281814485788 ], [ 3345986.036645847372711, 8439064.569721300154924 ], [ 3346064.267740823328495, 8438946.915082398802042 ], [ 3346128.330999701283872, 8438836.036365110427141 ], [ 3346210.167232989799231, 8438742.702766863629222 ], [ 3346309.776440688408911, 8438666.914287660270929 ], [ 3346427.158622796181589, 8438608.670927496626973 ], [ 3346562.31377931451425, 8438567.972686378285289 ], [ 3346670.408287090715021, 8438529.38689262419939 ], [ 3346751.442146125249565, 8438492.913546236231923 ], [ 3346805.415356418117881, 8438458.552647214382887 ], [ 3346832.327917969319969, 8438426.304195560514927 ], [ 3346865.184688965789974, 8438395.530813889577985 ], [ 3346903.985669407062232, 8438366.232502207159996 ], [ 3346948.730859294068068, 8438338.40926050953567 ], [ 3346999.420258625876158, 8438312.061088798567653 ], [ 3347049.118304227478802, 8438294.011095568537712 ], [ 3347097.824996099341661, 8438284.259280817583203 ], [ 3347145.540334240533412, 8438282.805644549429417 ], [ 3347192.264318651985377, 8438289.650186762213707 ], [ 3347303.499399614520371, 8438300.648373521864414 ], [ 3347479.245577127672732, 8438315.800204832106829 ], [ 3347719.50285119144246, 8438335.105680687353015 ], [ 3348024.271221807226539, 8438358.564801091328263 ], [ 3348313.214801403693855, 8438381.087084386497736 ], [ 3348586.333589980844408, 8438402.672530569136143 ], [ 3348843.627587540540844, 8438423.321139642968774 ], [ 3349085.09679408185184, 8438443.032911606132984 ], [ 3349306.854228659998626, 8438471.368583802133799 ], [ 3349508.899891276378185, 8438508.328156230971217 ], [ 3349691.233781929593533, 8438553.911628894507885 ], [ 3349853.855900620110333, 8438608.119001790881157 ], [ 3350017.710005058906972, 8438657.398431695997715 ], [ 3350182.796095245052129, 8438701.74991861358285 ], [ 3350349.114171179011464, 8438741.173462538048625 ], [ 3350516.664232860319316, 8438775.669063473120332 ], [ 3350684.21429454209283, 8438816.324593145400286 ], [ 3350851.764356223866343, 8438863.140051558613777 ], [ 3351019.314417905174196, 8438916.115438707172871 ], [ 3351186.864479586947709, 8438975.250754594802856 ], [ 3351334.740603688172996, 8439026.252547055482864 ], [ 3351462.942790208384395, 8439069.120816085487604 ], [ 3351571.471039148047566, 8439103.855561690405011 ], [ 3351660.325350508093834, 8439130.456783866509795 ], [ 3351768.679672194644809, 8439141.752915740013123 ], [ 3351896.534004207700491, 8439137.743957312777638 ], [ 3352043.888346547726542, 8439118.429908582940698 ], [ 3352210.742699214722961, 8439083.810769548639655 ], [ 3352377.893227669410408, 8439050.767681673169136 ], [ 3352545.339931912720203, 8439019.30064495652914 ], [ 3352713.08281194511801, 8438989.409659396857023 ], [ 3352881.121867765672505, 8438961.094724994152784 ], [ 3353062.875199603848159, 8438928.706072892993689 ], [ 3353258.342807459644973, 8438892.243703093379736 ], [ 3353467.524691333062947, 8438851.707615595310926 ], [ 3353690.42085122410208, 8438807.09781039878726 ], [ 3353913.297287574969232, 8438762.156217083334923 ], [ 3354136.154000385664403, 8438716.882835648953915 ], [ 3354358.990989655721933, 8438671.277666095644236 ], [ 3354581.808255385607481, 8438625.340708423405886 ], [ 3354808.745724210515618, 8438554.580695558339357 ], [ 3355039.803396129980683, 8438458.997627500444651 ], [ 3355274.981271144002676, 8438338.591504253447056 ], [ 3355514.279349253047258, 8438193.362325813621283 ], [ 3355739.343367827124894, 8438056.37275180965662 ], [ 3355950.173326866701245, 8437927.622782239690423 ], [ 3356146.769226370379329, 8437807.112417103722692 ], [ 3356329.131066339090466, 8437694.84165639989078 ], [ 3356539.821591175161302, 8437563.823127463459969 ], [ 3356778.840800878591835, 8437414.056830290704966 ], [ 3357046.188695449382067, 8437245.542764881625772 ], [ 3357341.865274886600673, 8437058.280931238085032 ], [ 3357605.510224885307252, 8436909.210655771195889 ], [ 3357837.123545445501804, 8436798.331938482820988 ], [ 3358036.705236566253006, 8436725.644779371097684 ], [ 3358204.255298247560859, 8436691.149178436025977 ], [ 3358371.805359928868711, 8436650.493648763746023 ], [ 3358539.355421611107886, 8436603.678190352395177 ], [ 3358706.905483292415738, 8436550.702803203836083 ], [ 3358874.45554497372359, 8436491.567487316206098 ], [ 3359069.109293104149401, 8436433.664157174527645 ], [ 3359290.866727682761848, 8436376.992812782526016 ], [ 3359539.727848709560931, 8436321.553454138338566 ], [ 3359815.692656184546649, 8436267.346081241965294 ], [ 3360051.001933987252414, 8436194.65892213024199 ], [ 3360245.655682116746902, 8436103.491976803168654 ], [ 3360399.653900573961437, 8435993.845245260745287 ], [ 3360512.99658935982734, 8435865.718727502971888 ], [ 3360606.62750618159771, 8435722.808380775153637 ], [ 3360680.546651041135192, 8435565.114205077290535 ], [ 3360734.754023937508464, 8435392.636200405657291 ], [ 3360769.249624871648848, 8435205.374366760253906 ], [ 3360804.977211553603411, 8435009.488632882013917 ], [ 3360841.936783984303474, 8434804.978998770937324 ], [ 3360880.128342161420733, 8434591.845464427024126 ], [ 3360919.55188608635217, 8434370.088029846549034 ], [ 3360989.775073703378439, 8434176.666267465800047 ], [ 3361090.797905010636896, 8434011.580177277326584 ], [ 3361222.620380010455847, 8433874.829759288579226 ], [ 3361385.242498701438308, 8433766.415013495832682 ], [ 3361544.168660148978233, 8433693.727854384109378 ], [ 3361699.398864354006946, 8433656.768281955271959 ], [ 3361850.933111316058785, 8433655.536296207457781 ], [ 3361998.771401034668088, 8433690.031897140666842 ], [ 3362146.609690753743052, 8433734.383384056389332 ], [ 3362294.447980472818017, 8433788.590756952762604 ], [ 3362442.286270191892982, 8433852.654015831649303 ], [ 3362590.124559910967946, 8433926.573160691186786 ], [ 3362737.962849630042911, 8433985.708476576954126 ], [ 3362885.801139349117875, 8434030.059963494539261 ], [ 3363033.63942906819284, 8434059.627621438354254 ], [ 3363181.477718786802143, 8434074.411450408399105 ], [ 3363357.651680701877922, 8434063.323578679934144 ], [ 3363562.161314813420177, 8434026.364006251096725 ], [ 3363795.006621120497584, 8433963.532733120024204 ], [ 3364056.187599624507129, 8433874.829759290441871 ], [ 3364293.96084892237559, 8433767.64699924364686 ], [ 3364508.326369014568627, 8433641.984452981501818 ], [ 3364699.284159902017564, 8433497.842120505869389 ], [ 3364866.834221583325416, 8433335.220001816749573 ], [ 3364977.712938873097301, 8433125.782424714416265 ], [ 3365031.920311769936234, 8432869.529389200732112 ], [ 3365029.456340274307877, 8432566.460895277559757 ], [ 3364970.321024387143552, 8432216.576942941173911 ], [ 3364902.56180826574564, 8431925.828306492418051 ], [ 3364826.178691910579801, 8431694.214985933154821 ], [ 3364741.171675322577357, 8431521.736981261521578 ], [ 3364647.540758500806987, 8431408.39429247751832 ], [ 3364540.357998454477638, 8431286.427703458815813 ], [ 3364419.623395183123648, 8431155.837214209139347 ], [ 3364285.336948688607663, 8431016.622824722900987 ], [ 3364137.49865896999836, 8430868.784535003826022 ], [ 3363999.5162552325055, 8430712.322345051914454 ], [ 3363871.389737476129085, 8430547.23625486344099 ], [ 3363753.119105700869113, 8430373.526264443993568 ], [ 3363644.704359906725585, 8430191.192373793572187 ], [ 3363563.393300561234355, 8430022.410326363518834 ], [ 3363509.185927664395422, 8429867.180122159421444 ], [ 3363482.082241215743124, 8429725.501761179417372 ], [ 3363482.082241215743124, 8429597.375243421643972 ], [ 3363499.330041683278978, 8429477.872625898569822 ], [ 3363533.825642617419362, 8429366.993908610194921 ], [ 3363585.5690440190956, 8429264.73909155279398 ], [ 3363654.560245888307691, 8429171.108174731954932 ], [ 3363930.257682291325182, 8428477.908105192705989 ], [ 3363923.174175121355802, 8427783.724402543157339 ], [ 3363583.165830967016518, 8427202.876814613118768 ], [ 3363070.044147726148367, 8426340.234968651086092 ], [ 3362987.9074397534132, 8426075.810931991785765 ], [ 3363076.695068320259452, 8425853.468698749318719 ], [ 3363657.56368267070502, 8425334.232023442164063 ], [ 3364523.381944694556296, 8424758.780031627044082 ], [ 3366667.238863141741604, 8424033.325296334922314 ], [ 3373754.516636637039483, 8423168.703608624637127 ], [ 3373780.110548525582999, 8423177.700976775959134 ], [ 3374758.590685047209263, 8423197.47930858656764 ], [ 3374941.71876689279452, 8423023.869337651878595 ], [ 3375978.880040574353188, 8422897.339496500790119 ], [ 3376273.772643588483334, 8422998.43526472337544 ], [ 3377593.457065087277442, 8422700.367068370804191 ], [ 3378345.552056288346648, 8422515.41412384621799 ], [ 3379180.448237525299191, 8422057.729629134759307 ], [ 3380046.266499549150467, 8422010.561832740902901 ], [ 3380881.162680786568671, 8422048.700682001188397 ], [ 3381870.22326058940962, 8422384.835758896544576 ], [ 3383107.552497419063002, 8422307.044951347634196 ], [ 3383911.526597869582474, 8421909.490274397656322 ], [ 3384591.812375173904002, 8421958.850451743230224 ], [ 3385303.020233265124261, 8422028.75583429262042 ], [ 3386601.747626300435513, 8421837.294847331941128 ], [ 3387467.565888324286789, 8422026.397026376798749 ], [ 3388704.449119786731899, 8421931.862220561131835 ], [ 3389291.968654731754214, 8421048.834337441250682 ], [ 3390003.176512822508812, 8421029.042602259665728 ], [ 3390659.522596267517656, 8421512.829300373792648 ], [ 3392105.878006308805197, 8422380.663649858906865 ], [ 3394270.423661368433386, 8423219.983451250940561 ], [ 3400207.463172388263047, 8424031.541754042729735 ], [ 3401660.800969356670976, 8422980.425981586799026 ], [ 3402389.02979829069227, 8420265.467875113710761 ], [ 3402509.206539807841182, 8420106.314893105998635 ], [ 3402632.631301366258413, 8420034.858452202752233 ], [ 3402752.808042883872986, 8419801.001009250059724 ], [ 3402950.937265384942293, 8419671.080207608640194 ], [ 3403012.649646163918078, 8419547.655446050688624 ], [ 3403207.530848624650389, 8419157.893041130155325 ], [ 3403327.707590141799301, 8418976.003918834030628 ], [ 3403473.868491987232119, 8418768.130636209622025 ], [ 3403646.013554160483181, 8418634.961814528331161 ], [ 3403876.622977072373033, 8418514.785073010250926 ], [ 3404120.224480147939175, 8418355.632091000676155 ], [ 3404230.657161542214453, 8418235.455349484458566 ], [ 3404386.562123510520905, 8418297.167730262503028 ], [ 3404458.018564412370324, 8418368.624171165749431 ], [ 3404412.54628383833915, 8418576.497453790158033 ], [ 3404412.54628383833915, 8418748.642515962943435 ], [ 3404509.986885068938136, 8418794.114796537905931 ], [ 3404620.419566463213414, 8418709.666275471448898 ], [ 3404630.163626586087048, 8418514.785073010250926 ], [ 3404691.876007365062833, 8418391.360311452299356 ], [ 3404886.757209825795144, 8418280.927630057558417 ], [ 3404993.941871178802103, 8418112.030587924644351 ], [ 3404993.941871178802103, 8418001.597906531766057 ], [ 3404984.197811055928469, 8417832.700864398851991 ], [ 3404997.189891220070422, 8417686.53996255248785 ], [ 3405094.630492450203747, 8417550.12312083132565 ], [ 3405081.638412286061794, 8417403.96221898496151 ], [ 3405130.358712901361287, 8417199.336956402286887 ], [ 3405166.086933352518827, 8417111.640415294095874 ], [ 3405276.519614746794105, 8417062.920114679262042 ], [ 3405360.968135812785476, 8416978.471593612805009 ], [ 3405360.968135812785476, 8416894.023072548210621 ], [ 3405273.271594705525786, 8416783.590391153469682 ], [ 3405263.527534582652152, 8416712.133950250223279 ], [ 3405325.239915361627936, 8416552.980968240648508 ], [ 3405458.408737042918801, 8416393.827986232936382 ], [ 3405503.881017616949975, 8416247.667084388434887 ], [ 3405637.04983929824084, 8415955.345280697569251 ], [ 3405676.026079790201038, 8415809.184378851205111 ], [ 3405711.754300241358578, 8415689.007637334987521 ], [ 3405724.746380405500531, 8415445.406134258955717 ], [ 3405734.490440528374165, 8415201.804631182923913 ], [ 3405734.490440528374165, 8415068.635809501633048 ], [ 3405773.466681020334363, 8414883.498667163774371 ], [ 3405818.938961594365537, 8414737.337765319272876 ], [ 3405895.483121449127793, 8414672.012596553191543 ], [ 3405942.00847104145214, 8414633.79443883895874 ], [ 3405984.029730321839452, 8414600.908235926181078 ], [ 3406045.234607969410717, 8414584.465134467929602 ], [ 3406125.623103984631598, 8414584.465134467929602 ], [ 3406207.511266297660768, 8414601.014866888523102 ], [ 3406332.593009213916957, 8414650.664064148440957 ], [ 3406287.100386737845838, 8414366.305485811084509 ], [ 3406229.494396871887147, 8413828.649580400437117 ], [ 3406220.745562552474439, 8413485.074301771819592 ], [ 3406260.853883779607713, 8413335.579649925231934 ], [ 3406313.723943578545004, 8413220.724002776667476 ], [ 3406379.355741949751973, 8413140.507360324263573 ], [ 3406454.10306787211448, 8413011.066869091242552 ], [ 3406537.965921346098185, 8412832.402529083192348 ], [ 3406579.897348083090037, 8412708.431354381144047 ], [ 3406579.897348083090037, 8412639.153344988822937 ], [ 3406572.479736298322678, 8412575.518221501260996 ], [ 3406557.644512729719281, 8412517.525983912870288 ], [ 3406588.78439634013921, 8412447.401870030909777 ], [ 3406665.899387129582465, 8412365.145879857242107 ], [ 3406819.473451459314674, 8412187.632117234170437 ], [ 3407049.506589328870177, 8411914.860582165420055 ], [ 3407197.833967845421284, 8411738.878946635872126 ], [ 3407264.455587009899318, 8411659.687210649251938 ], [ 3407358.731463185977191, 8411615.691801765933633 ], [ 3407480.661596373189241, 8411606.892719989642501 ], [ 3407569.909425820223987, 8411623.862377701327205 ], [ 3407626.474951525684446, 8411666.600774900987744 ], [ 3407690.582547325175256, 8411730.079864859580994 ], [ 3407762.232213219627738, 8411814.299647577106953 ], [ 3407849.59452514257282, 8411901.033453658223152 ], [ 3407952.669483094476163, 8411990.281283106654882 ], [ 3408029.975701558869332, 8412027.363127734512091 ], [ 3408081.513180535752326, 8412012.278987547382712 ], [ 3408168.875492458697408, 8411929.316216513514519 ], [ 3408292.062637328635901, 8411778.474814631044865 ], [ 3408395.766101122368127, 8411651.516634713858366 ], [ 3408479.985883839428425, 8411548.441676761955023 ], [ 3408600.030499503947794, 8411430.911084461957216 ], [ 3408755.899948114529252, 8411298.924857813864946 ], [ 3408925.59652523137629, 8411173.852195421233773 ], [ 3409109.120230854488909, 8411055.693097282201052 ], [ 3409246.13450422976166, 8410958.903197741135955 ], [ 3409336.639345359057188, 8410883.482496799901128 ], [ 3409400.118435317650437, 8410791.720643987879157 ], [ 3409436.571774105541408, 8410683.617639306932688 ], [ 3409438.45729162869975, 8410589.341763131320477 ], [ 3409405.774987888056785, 8410508.893015459179878 ], [ 3409334.125321994069964, 8410304.628617078065872 ], [ 3409223.508293947670609, 8409976.548567986115813 ], [ 3409215.966223853640258, 8409634.012884546071291 ], [ 3409311.499111711978912, 8409277.02156675979495 ], [ 3409500.050864064134657, 8408917.516225608065724 ], [ 3409781.621480909641832, 8408555.496861092746258 ], [ 3409987.166105451993644, 8408197.644430970773101 ], [ 3410116.68473768979311, 8407843.958935242146254 ], [ 3410243.657086818944663, 8407614.353235332295299 ], [ 3410368.083152839913964, 8407508.827331239357591 ], [ 3410490.458667689934373, 8407408.663635924458504 ], [ 3410610.783631369937211, 8407313.862149389460683 ], [ 3410747.516544642858207, 8407177.129236117005348 ], [ 3410900.657407508697361, 8406998.464896105229855 ], [ 3410989.989577513653785, 8406847.147138750180602 ], [ 3411015.51305465772748, 8406723.175964049994946 ], [ 3411075.67553649796173, 8406571.858206693083048 ], [ 3411170.477023033890873, 8406393.193866685032845 ], [ 3411259.809193038847297, 8406243.699214838445187 ], [ 3411343.672046513296664, 8406123.374251157045364 ], [ 3411433.004216518253088, 8405986.64133788459003 ], [ 3411527.805703054182231, 8405833.500475021079183 ], [ 3411622.607189590111375, 8405716.821722362190485 ], [ 3411717.408676126040518, 8405636.605079907923937 ], [ 3411826.79500674456358, 8405541.803593371063471 ], [ 3411950.766181444749236, 8405432.417262751609087 ], [ 3412067.444934104569256, 8405302.976771520450711 ], [ 3412176.831264723092318, 8405153.482119675725698 ], [ 3412266.163434728048742, 8405029.510944973677397 ], [ 3412335.44144411990419, 8404931.063247418031096 ], [ 3412437.535352696664631, 8404849.023499455302954 ], [ 3412608.831352045293897, 8404482.229072919115424 ], [ 3413372.980522466823459, 8403836.947551229968667 ], [ 3413661.659097959753126, 8403548.268975736573339 ], [ 3413780.526746691670269, 8403191.66602954082191 ], [ 3413729.583468663971871, 8402104.876098273321986 ], [ 3412778.64227880584076, 8397299.226870955899358 ], [ 3412422.039332609158009, 8395753.94743743725121 ], [ 3412422.039332609158009, 8395108.665915748104453 ], [ 3412288.599820856936276, 8393806.161099433898926 ], [ 3412137.938347169663757, 8393699.517900258302689 ], [ 3412083.245181860402226, 8393644.824734948575497 ], [ 3412015.790277979336679, 8393548.200142901390791 ], [ 3411935.573635525535792, 8393409.644124116748571 ], [ 3411840.772148989606649, 8393252.8570502307266 ], [ 3411731.385818371549249, 8393077.838921243324876 ], [ 3411629.291909794323146, 8392962.983274094760418 ], [ 3411534.490423258394003, 8392908.290108785033226 ], [ 3411465.212413867004216, 8392880.94352613016963 ], [ 3411421.457881619222462, 8392880.94352613016963 ], [ 3411317.54086753167212, 8392853.596943475306034 ], [ 3411153.461371604353189, 8392798.903778165578842 ], [ 3411031.31330241356045, 8392722.333346733823419 ], [ 3410951.096659960225224, 8392623.885649178177118 ], [ 3410849.002751382999122, 8392534.553479172289371 ], [ 3410725.031576682347804, 8392454.336836718022823 ], [ 3410622.937668105587363, 8392406.93609344959259 ], [ 3410542.721025651320815, 8392392.351249368861318 ], [ 3410420.572956460993737, 8392350.419822631403804 ], [ 3410256.493460533209145, 8392281.141813239082694 ], [ 3410050.482537868898362, 8392179.047904662787914 ], [ 3409802.540188467130065, 8392044.138096898794174 ], [ 3409638.460692539811134, 8391914.697605667635798 ], [ 3409558.244050086475909, 8391790.726430967450142 ], [ 3409483.496724163647741, 8391701.394260961562395 ], [ 3409414.218714771792293, 8391646.701095653697848 ], [ 3409250.139218844473362, 8391539.137870546430349 ], [ 3408991.258236381225288, 8391378.704585637897253 ], [ 3408847.232901067472994, 8391216.448195219039917 ], [ 3408818.063212902285159, 8391052.368699293583632 ], [ 3408790.716630247887224, 8390908.343363977968693 ], [ 3408765.193153102882206, 8390784.372189277783036 ], [ 3408730.554148407187313, 8390660.40101457759738 ], [ 3408686.799616160336882, 8390536.429839875549078 ], [ 3408644.868189423345029, 8390439.805247828364372 ], [ 3408604.759868196211755, 8390370.527238436043262 ], [ 3408550.066702887415886, 8390288.48749047331512 ], [ 3408480.788693496026099, 8390193.686003938317299 ], [ 3408413.33378961449489, 8390074.272593013942242 ], [ 3408347.701991243287921, 8389930.247257700189948 ], [ 3408283.893298382870853, 8389830.888007389381528 ], [ 3408221.907711031846702, 8389776.194842081516981 ], [ 3408147.160385109484196, 8389735.174968099221587 ], [ 3408059.651320614852011, 8389707.828385444357991 ], [ 3407961.203623058274388, 8389670.454722482711077 ], [ 3407851.817292440216988, 8389623.053979214280844 ], [ 3407766.131333455443382, 8389558.333733597770333 ], [ 3407704.145746105350554, 8389476.293985635042191 ], [ 3407669.506741409189999, 8389404.281317979097366 ], [ 3407662.21431936789304, 8389342.295730628073215 ], [ 3407688.649349267594516, 8389256.609771642833948 ], [ 3407748.811831107363105, 8389147.223441023379564 ], [ 3407806.239654682576656, 8389024.163819078356028 ], [ 3407860.932819991372526, 8388887.430905807763338 ], [ 3407865.490583767183125, 8388770.752153147011995 ], [ 3407819.912946010008454, 8388674.127561101689935 ], [ 3407766.131333455443382, 8388592.087813137099147 ], [ 3407704.145746105350554, 8388524.632909256033599 ], [ 3407665.860530389007181, 8388449.885583333671093 ], [ 3407651.275686305947602, 8388367.845835368148983 ], [ 3407638.513947733677924, 8388132.665224538184702 ], [ 3407627.575314671732485, 8387744.343750841915607 ], [ 3407614.813576099462807, 8387528.305747870355844 ], [ 3407600.228732016868889, 8387484.551215623505414 ], [ 3407578.351465893443674, 8387375.164885004982352 ], [ 3407549.181777727790177, 8387200.146756015717983 ], [ 3407561.943516300059855, 8387008.720677433535457 ], [ 3407616.636681609787047, 8386800.886649258434772 ], [ 3407664.037424877751619, 8386629.514731289818883 ], [ 3407704.14574610395357, 8386494.604923526756465 ], [ 3407711.438168145250529, 8386365.16443229559809 ], [ 3407685.914691001176834, 8386241.193257594481111 ], [ 3407660.391213856637478, 8386117.222082893364131 ], [ 3407634.867736712563783, 8385993.250908193178475 ], [ 3407607.521154058165848, 8385863.810416961088777 ], [ 3407578.351465892978013, 8385728.900609198026359 ], [ 3407576.528360382653773, 8385552.05937469843775 ], [ 3407602.051837527193129, 8385333.28671346232295 ], [ 3407716.907484676223248, 8385045.236042833887041 ], [ 3407921.095301830675453, 8384687.907362813130021 ], [ 3408112.52138041285798, 8384394.387375653721392 ], [ 3408291.185720422770828, 8384164.676081355661154 ], [ 3408427.918633695691824, 8383973.250002773478627 ], [ 3408522.720120231620967, 8383820.109139907173812 ], [ 3408666.745455545838922, 8383656.029643979854882 ], [ 3408859.994639638345689, 8383481.011514990590513 ], [ 3409011.312396993860602, 8383338.809285187162459 ], [ 3409120.698727611918002, 8383229.422954568639398 ], [ 3409215.500214147847146, 8383132.798362522386014 ], [ 3409295.716856601648033, 8383048.935509048402309 ], [ 3409397.810765178874135, 8382924.96433434728533 ], [ 3409521.781939879525453, 8382760.8848384199664 ], [ 3409618.406531925778836, 8382589.51292045135051 ], [ 3409687.684541317634284, 8382410.848580441437662 ], [ 3409777.016711322590709, 8382246.769084514118731 ], [ 3409886.403041940648109, 8382097.274432668462396 ], [ 3409981.204528476577252, 8381955.072202865034342 ], [ 3410061.421170930378139, 8381820.162395102903247 ], [ 3410128.876074811443686, 8381676.137059788219631 ], [ 3410183.569240120705217, 8381522.996196921914816 ], [ 3410230.969983388669789, 8381391.7326001804322 ], [ 3410271.078304615803063, 8381282.346269560977817 ], [ 3410325.771469924598932, 8381145.613356288522482 ], [ 3410395.049479315988719, 8380981.533860361203551 ], [ 3410491.674071362242103, 8380804.692625861614943 ], [ 3410615.645246063359082, 8380615.089652789756656 ], [ 3410725.031576681416482, 8380438.248418290168047 ], [ 3410819.833063217345625, 8380274.168922362849116 ], [ 3410929.219393835868686, 8380035.342100512236357 ], [ 3411053.190568536520004, 8379721.767952740192413 ], [ 3411149.815160582773387, 8379468.356286806985736 ], [ 3411219.093169974628836, 8379275.10710271447897 ], [ 3411295.663601407315582, 8379171.190088626928627 ], [ 3411379.526454881299287, 8379156.60524454433471 ], [ 3411474.327941417228431, 8379149.312822503037751 ], [ 3411580.068061015103012, 8379149.312822503037751 ], [ 3411673.046442040707916, 8379149.312822503037751 ], [ 3411753.263084494043142, 8379149.312822503037751 ], [ 3411828.010410416405648, 8379101.91207923553884 ], [ 3411897.288419808261096, 8379007.110592698678374 ], [ 3411946.512268586549908, 8378905.016684121452272 ], [ 3411975.681956751272082, 8378795.630353503860533 ], [ 3411990.266800833866, 8378666.189862271770835 ], [ 3411990.266800833866, 8378516.695210427045822 ], [ 3411970.212640220299363, 8378387.254719195887446 ], [ 3411930.10431899363175, 8378277.868388576433063 ], [ 3411889.995997766964138, 8378168.482057957910001 ], [ 3411849.887676539830863, 8378059.095727340318263 ], [ 3411828.010410416405648, 8377915.070392025634646 ], [ 3411824.36419939622283, 8377736.406052015721798 ], [ 3411842.595254499465227, 8377557.741712005808949 ], [ 3411882.703575725667179, 8377379.077371995896101 ], [ 3411944.689163075760007, 8377092.849806877784431 ], [ 3412028.552016550675035, 8376699.059016651473939 ], [ 3412083.245181859470904, 8376432.885612146928906 ], [ 3412108.76865900401026, 8376294.329593363218009 ], [ 3412143.407663699705154, 8376143.011836008168757 ], [ 3412187.162195946555585, 8375978.932340080849826 ], [ 3412236.386044724844396, 8375787.5062614986673 ], [ 3412291.079210034571588, 8375568.733600261621177 ], [ 3412323.895109219942242, 8375384.59994372073561 ], [ 3412334.83374228188768, 8375235.105291875079274 ], [ 3412307.487159627489746, 8375003.570892065763474 ], [ 3412241.855361256282777, 8374689.99674429371953 ], [ 3412209.039462070912123, 8374443.877500401809812 ], [ 3412209.039462070912123, 8374265.213160393759608 ], [ 3412261.909521869849414, 8374081.079503852874041 ], [ 3412367.649641467723995, 8373891.476530779153109 ], [ 3412447.866283921059221, 8373741.981878934428096 ], [ 3412502.559449230320752, 8373632.595548316836357 ], [ 3412551.783298008609563, 8373503.155057084746659 ], [ 3412595.537830255459994, 8373353.660405239090323 ], [ 3412664.815839647315443, 8373127.595321960747242 ], [ 3412759.617326183244586, 8372824.95980725158006 ], [ 3412874.472973332740366, 8372598.894723973236978 ], [ 3413009.382781095337123, 8372449.400072127580643 ], [ 3413118.769111713394523, 8372332.721319468691945 ], [ 3413202.63196518830955, 8372248.858465993776917 ], [ 3413264.617552538402379, 8372166.818718030117452 ], [ 3413304.72587376460433, 8372086.602075577713549 ], [ 3413326.603139888495207, 8371957.161584345623851 ], [ 3413330.249350909143686, 8371778.49724433477968 ], [ 3413344.834194991737604, 8371627.179486979730427 ], [ 3413370.357672135811299, 8371503.208312278613448 ], [ 3413430.520153976045549, 8371359.182976964861155 ], [ 3413525.321640511974692, 8371195.103481037542224 ], [ 3413585.484122351743281, 8371045.608829191885889 ], [ 3413611.007599496748298, 8370910.699021428823471 ], [ 3413638.354182151146233, 8370761.204369584098458 ], [ 3413667.523870316334069, 8370597.124873656779528 ], [ 3413694.870452970732003, 8370480.44612099789083 ], [ 3413720.393930114805698, 8370411.16811160556972 ], [ 3413733.155668687075377, 8370314.543519559316337 ], [ 3413733.155668687075377, 8370190.572344858199358 ], [ 3413744.094301749020815, 8369993.676949745975435 ], [ 3413765.971567871980369, 8369723.8573342198506 ], [ 3413776.910200933925807, 8369521.492622576653957 ], [ 3413776.910200933925807, 8369386.58281481359154 ], [ 3413818.84162767091766, 8369237.088162967935205 ], [ 3413902.704481145367026, 8369073.008667040616274 ], [ 3413944.635907882358879, 8368896.167432541027665 ], [ 3413944.635907882358879, 8368706.564459469169378 ], [ 3413962.866962985135615, 8368495.084220273420215 ], [ 3413999.329073191620409, 8368261.726714954711497 ], [ 3414052.199132990092039, 8368103.116535558365285 ], [ 3414121.477142381481826, 8368019.25368208438158 ], [ 3414210.809312386438251, 8367971.852938815951347 ], [ 3414320.195643005892634, 8367960.914305754005909 ], [ 3414491.739803463220596, 8367801.138832551427186 ], [ 3414681.585976813919842, 8367540.923274494707584 ], [ 3414946.915549877099693, 8367127.009140517562628 ], [ 3415373.565503362566233, 8366452.010706645436585 ], [ 3415961.535837270319462, 8365515.927972878329456 ], [ 3416332.997239558491856, 8364935.386867016553879 ], [ 3416487.949710227549076, 8364710.387389060109854 ], [ 3416868.962977146264166, 8364239.162067299708724 ], [ 3417476.037040314637125, 8363521.71090173535049 ], [ 3418258.228621704969555, 8362595.180032598786056 ], [ 3419215.537721316330135, 8361459.569459890015423 ], [ 3419734.257036654744297, 8360849.84210099093616 ], [ 3419814.386567720212042, 8360765.997955904342234 ], [ 3419876.739017390180379, 8360709.217427269555628 ], [ 3419921.314385664649308, 8360679.500515084713697 ], [ 3419977.829584727063775, 8360653.498216925188899 ], [ 3420046.284614577889442, 8360631.210532788187265 ], [ 3420650.705382015556097, 8360569.919401410967112 ], [ 3421791.091887041460723, 8360469.624822793528438 ], [ 3422214.068975270260125, 8360438.615631169639528 ], [ 3422211.019437718205154, 8360415.961923640221357 ], [ 3422217.51547780027613, 8360403.511180149391294 ], [ 3422227.259537923615426, 8360393.225783352740109 ], [ 3422243.499638128560036, 8360379.151029841974378 ], [ 3422253.785034925211221, 8360359.121572921983898 ], [ 3422363.676379645708948, 8360076.543829354457557 ], [ 3422375.585786462761462, 8360052.183679047040641 ], [ 3422421.599403710570186, 8359840.250371371395886 ], [ 3422422.41140872053802, 8359822.927597819827497 ], [ 3422420.246062026359141, 8359811.830196012742817 ], [ 3422393.179228351451457, 8359707.081549690105021 ], [ 3422384.788509912323207, 8359685.969419423490763 ], [ 3422370.713756401091814, 8359672.97733925934881 ], [ 3422223.740849545691162, 8359589.611491540446877 ], [ 3422129.006931683048606, 8359545.763220986351371 ], [ 3422123.05222827475518, 8359540.62052258849144 ], [ 3422114.932178172282875, 8359527.628442424349487 ], [ 3422110.872153121046722, 8359517.343045627698302 ], [ 3422104.917449712287635, 8359484.862845217809081 ], [ 3422086.512002813164145, 8359458.608016553334892 ], [ 3422052.949129056185484, 8359433.165192898362875 ], [ 3421999.08613004302606, 8359396.624967437237501 ], [ 3421985.823381542228162, 8359381.467540578916669 ], [ 3421980.13934647012502, 8359367.392787068150938 ], [ 3421979.056673123501241, 8359341.679295076988637 ], [ 3421985.011376531794667, 8359318.4018181161955 ], [ 3422012.348878543823957, 8359282.944266001693904 ], [ 3422070.271902608219534, 8359263.726814092136919 ], [ 3422081.639972751960158, 8359257.50144234765321 ], [ 3422086.512002813164145, 8359250.734733928926289 ], [ 3422096.526731273159385, 8359199.849086618982255 ], [ 3422092.737374558579177, 8359192.541041526943445 ], [ 3422068.106555914506316, 8359154.91814271826297 ], [ 3422067.294550904072821, 8359149.775444320403039 ], [ 3422086.782671150285751, 8359058.560214835219085 ], [ 3422157.427107042167336, 8358976.547708800062537 ], [ 3422209.395427698269486, 8358885.061810977756977 ], [ 3422213.455452749505639, 8358775.982471268624067 ], [ 3422189.095302442088723, 8358689.909940182231367 ], [ 3422197.215352544561028, 8358572.981218705885112 ], [ 3422314.279408188536763, 8358384.325387990102172 ], [ 3422357.315673732198775, 8358258.46461140178144 ], [ 3422358.939683752600104, 8358251.29190047737211 ], [ 3422342.56424937909469, 8358168.061386927030981 ], [ 3422341.075573526788503, 8358163.05402269680053 ], [ 3422326.324149174150079, 8358144.242573292925954 ], [ 3422321.722787449136376, 8358126.513797235675156 ], [ 3422320.77544827060774, 8358121.371098836883903 ], [ 3422324.970807490404695, 8358088.349561753682792 ], [ 3422334.072030314709991, 8358058.406877002678812 ], [ 3422333.801361978054047, 8358052.316839425824583 ], [ 3422316.580089051742107, 8357991.619464907795191 ], [ 3422316.78309030411765, 8357983.770083142444491 ], [ 3422341.616910201031715, 8357918.065344396978617 ], [ 3422356.740503516979516, 8357800.426118535920978 ], [ 3422356.199166843667626, 8357798.125437673181295 ], [ 3422332.854022798594087, 8357722.744305888190866 ], [ 3422330.147339431103319, 8357703.526853978633881 ], [ 3422335.899041587952524, 8357668.915140417404473 ], [ 3422334.342698651365936, 8357661.810096577741206 ], [ 3422328.793997748289257, 8357656.261395674198866 ], [ 3422281.291704648640007, 8357639.750627132132649 ], [ 3422269.855967420618981, 8357620.465508138760924 ], [ 3422269.652966168243438, 8357577.632243848405778 ], [ 3422281.833041321951896, 8357555.031437729485333 ], [ 3422297.058135264087468, 8357546.911387627013028 ], [ 3422309.170543333515525, 8357545.625713027082384 ], [ 3422321.891955161001533, 8357552.730756866745651 ], [ 3422334.54569990420714, 8357551.986418941058218 ], [ 3422345.237099205609411, 8357544.137037175707519 ], [ 3422346.725775057915598, 8357527.084931960329413 ], [ 3422343.680756269488484, 8357515.649194732308388 ], [ 3422346.455106721259654, 8357505.296130851842463 ], [ 3422349.567792593501508, 8357499.409094527363777 ], [ 3422354.10148723423481, 8357497.446749085560441 ], [ 3422361.206531073898077, 8357497.717417422682047 ], [ 3422364.522218198981136, 8357500.694769126363099 ], [ 3422386.040350970812142, 8357512.874844281002879 ], [ 3422414.054523824714124, 8357510.100493829697371 ], [ 3422439.091344974003732, 8357513.95751762855798 ], [ 3422454.113437663763762, 8357526.340594034641981 ], [ 3422461.962819429580122, 8357528.844276149757206 ], [ 3422470.827207458205521, 8357528.370606560260057 ], [ 3422485.104962221812457, 8357513.348513870500028 ], [ 3422490.653663124889135, 8357498.664756601676345 ], [ 3422487.337975999806076, 8357484.92833851184696 ], [ 3422486.052301400341094, 8357467.740899127908051 ], [ 3422489.164987273048609, 8357453.73381270095706 ], [ 3422487.811645589303225, 8357438.373384591192007 ], [ 3422475.902238772250712, 8357421.591947712935507 ], [ 3422446.940726739820093, 8357395.269451963715255 ], [ 3422419.467890559695661, 8357366.172605762258172 ], [ 3422410.806503783911467, 8357351.150513072498143 ], [ 3422411.347840457223356, 8357340.188445433974266 ], [ 3422418.452884296886623, 8357330.309051142074168 ], [ 3422476.375908361747861, 8357300.941536604426801 ], [ 3422492.683675650972873, 8357285.445774325169623 ], [ 3422497.758706965018064, 8357278.814400075003505 ], [ 3422499.247382817324251, 8357269.408675372600555 ], [ 3422503.036739531438798, 8357262.032963195815682 ], [ 3422507.841102508828044, 8357258.108272311277688 ], [ 3422520.291845999192446, 8357259.664615248329937 ], [ 3422527.667558175977319, 8357258.852610237896442 ], [ 3422531.186246553435922, 8357256.348928122781217 ], [ 3422533.419260331895202, 8357251.476898061111569 ], [ 3422531.659916142933071, 8357238.552484981715679 ], [ 3422528.344229017850012, 8357231.988777815364301 ], [ 3422522.254191440995783, 8357226.91374650131911 ], [ 3422463.925164870917797, 8357216.493015536107123 ], [ 3422456.346451442223042, 8357209.590972949750721 ], [ 3422454.857775590382516, 8357197.004895291291177 ], [ 3422460.947813167236745, 8357179.817455907352269 ], [ 3422477.187913372181356, 8357160.464669830165803 ], [ 3422504.119412878993899, 8357139.623207899741828 ], [ 3422555.275728524662554, 8357125.413120220415294 ], [ 3422577.199863801710308, 8357123.924444368109107 ], [ 3422591.003948975820094, 8357117.293070117942989 ], [ 3422602.642687456216663, 8357108.767017509788275 ], [ 3422622.942812712397426, 8357083.324193855747581 ], [ 3422629.574186963029206, 8357068.031432828865945 ], [ 3422638.506242075935006, 8357050.843993444927037 ], [ 3422651.227653902955353, 8357034.603893239982426 ], [ 3422668.144424949772656, 8357024.859833117574453 ], [ 3422720.383413942996413, 8357020.935142233967781 ], [ 3422730.398142402525991, 8357028.513855663128197 ], [ 3422738.653526673559099, 8357051.926666792482138 ], [ 3422749.209591806866229, 8357064.512744450941682 ], [ 3422770.051053736358881, 8357076.69281960465014 ], [ 3422806.591279197484255, 8357090.361570610664785 ], [ 3422835.011454556602985, 8357088.872894758358598 ], [ 3422882.649081824347377, 8357075.204143752343953 ], [ 3422920.27198063256219, 8357070.061445356346667 ], [ 3422996.329783259890974, 8357077.098822111263871 ], [ 3423000.795810815878212, 8357078.181495458818972 ], [ 3423004.043830857146531, 8357083.730196361429989 ], [ 3423035.441357919946313, 8357143.683232951909304 ], [ 3423048.027435578871518, 8357151.26194638106972 ], [ 3423064.402869952376932, 8357152.209285559132695 ], [ 3423095.935731184203178, 8357125.954456893727183 ], [ 3423139.987002990208566, 8357046.107297552749515 ], [ 3423156.768439868465066, 8356952.320718868635595 ], [ 3423145.129701388534158, 8356916.186495914123952 ], [ 3423145.535703893750906, 8356904.547757433727384 ], [ 3423151.084404796827585, 8356893.991692299954593 ], [ 3423177.60990179842338, 8356878.157594600692391 ], [ 3423185.188615227583796, 8356865.030180267989635 ], [ 3423185.053281059022993, 8356846.624733368866146 ], [ 3423192.225991982966661, 8356823.347256408073008 ], [ 3423208.060089683160186, 8356805.48314618319273 ], [ 3423303.335344219580293, 8356791.00239016674459 ], [ 3423427.70744495652616, 8356696.539140640757978 ], [ 3423518.516671936027706, 8356686.795080517418683 ], [ 3423604.56664732657373, 8356702.711882431060076 ], [ 3423631.513183963019401, 8356695.253466039896011 ], [ 3423663.031008064746857, 8356681.780197721906006 ], [ 3423680.353781616780907, 8356664.698018247261643 ], [ 3423705.375565635971725, 8356578.084150486625731 ], [ 3423706.337941944599152, 8356544.641573768109083 ], [ 3423717.886457645799965, 8356508.552462201565504 ], [ 3423716.20229910640046, 8356497.72572873160243 ], [ 3423708.022100484464318, 8356488.82374787889421 ], [ 3423676.504276382736862, 8356483.290084104984999 ], [ 3423667.361701452638954, 8356480.643549256958067 ], [ 3423664.955760681536049, 8356472.463350635021925 ], [ 3423667.60229552956298, 8356460.674240856431425 ], [ 3423677.466652691364288, 8356449.847507386468351 ], [ 3423687.571603930089623, 8356441.907902841456234 ], [ 3423710.909229409415275, 8356442.629685073159635 ], [ 3423719.089428031351417, 8356438.298991684801877 ], [ 3423726.307250344660133, 8356419.292059593833983 ], [ 3423727.029032575897872, 8356405.818791274912655 ], [ 3423730.878537809941918, 8356396.676216345280409 ], [ 3423760.47160929441452, 8356384.165324334986508 ], [ 3423766.967649376485497, 8356386.090076952241361 ], [ 3423773.223095381632447, 8356395.713840036652982 ], [ 3423793.914186012931168, 8356409.427702431567013 ], [ 3423810.274583256803453, 8356400.285127501934767 ], [ 3423817.492405570112169, 8356388.736611800268292 ], [ 3423814.60527664469555, 8356381.278195410035551 ], [ 3423786.696363699622452, 8356356.256411390379071 ], [ 3423783.087452542968094, 8356347.113836459815502 ], [ 3423785.974581468384713, 8356332.678191833198071 ], [ 3423798.72606755560264, 8356328.347498445771635 ], [ 3423813.883494413457811, 8356329.069280676543713 ], [ 3423873.550825537182391, 8356312.949477510526776 ], [ 3423880.768647850491107, 8356308.378190045244992 ], [ 3423883.174588621594012, 8356296.589080266654491 ], [ 3423885.099341238383204, 8356252.560364155098796 ], [ 3423896.888451016973704, 8356197.464320496656001 ], [ 3423907.715184486936778, 8356171.239566091448069 ], [ 3423926.481522501446307, 8356158.72867408208549 ], [ 3423945.488454593345523, 8356159.450456312857568 ], [ 3423968.344891919288784, 8356164.743526008911431 ], [ 3423975.5627142325975, 8356159.450456312857568 ], [ 3423979.893407620489597, 8356149.586099151521921 ], [ 3423972.675585307180882, 8356133.225701907649636 ], [ 3423970.991426767315716, 8356110.609858659096062 ], [ 3423976.284496463835239, 8356100.745501497760415 ], [ 3423989.035982550587505, 8356092.565302875824273 ], [ 3424006.118162025697529, 8356089.918768027797341 ], [ 3424014.298360647633672, 8356084.625698330812156 ], [ 3424020.313212575390935, 8356076.445499708876014 ], [ 3424027.771628965623677, 8356058.400943925604224 ], [ 3424031.380540122278035, 8356053.82965646032244 ], [ 3424037.635986127424985, 8356052.867280152626336 ], [ 3424083.830048932693899, 8356070.911835935898125 ], [ 3424101.634010639041662, 8356055.754409077577293 ], [ 3424139.647874822374433, 8356039.394011833705008 ], [ 3424149.512231984175742, 8356027.845496132969856 ], [ 3424157.692430606111884, 8356008.83856404107064 ], [ 3424159.857777299825102, 8355969.862323548644781 ], [ 3424160.579559531528503, 8355959.035590078681707 ], [ 3424151.436984600964934, 8355946.524698069319129 ], [ 3424150.715202369727194, 8355933.773211982101202 ], [ 3424154.324113526381552, 8355924.149448897689581 ], [ 3424157.93302468303591, 8355924.871231129392982 ], [ 3424161.541935839690268, 8355915.728656198829412 ], [ 3424159.617183222901076, 8355905.864299037493765 ], [ 3424153.361737217754126, 8355901.293011572211981 ], [ 3424147.106291213072836, 8355869.775187470018864 ], [ 3424089.123118628747761, 8355710.261314345523715 ], [ 3424087.438960089348257, 8355689.329629637300968 ], [ 3424089.363712706137449, 8355679.465272475033998 ], [ 3424092.01024755416438, 8355668.638539005070925 ], [ 3424138.926092591136694, 8355620.038535429164767 ], [ 3424144.219162287656218, 8355601.031603337265551 ], [ 3424147.828073444310576, 8355586.595958710648119 ], [ 3424156.008272065781057, 8355580.340512705035508 ], [ 3424173.090451540891081, 8355579.378136397339404 ], [ 3424184.638967242091894, 8355572.160314084030688 ], [ 3424216.397385420743376, 8355500.944467258639634 ], [ 3424275.10234023630619, 8355403.50386602897197 ], [ 3424306.379570260643959, 8355315.205839728936553 ], [ 3424329.957789817359298, 8355273.583064388483763 ], [ 3424358.829079071059823, 8355252.891973757185042 ], [ 3424392.271655789576471, 8355243.749398826621473 ], [ 3424418.496410194784403, 8355223.058308195322752 ], [ 3424435.578589669428766, 8355205.013752412050962 ], [ 3424451.698392836842686, 8355167.962264536879957 ], [ 3424458.194432918448001, 8355135.482064126990736 ], [ 3424486.103345863521099, 8355050.792948983609676 ], [ 3424484.900375477969646, 8354985.832548162899911 ], [ 3424500.298396413214505, 8354955.277100370265543 ], [ 3424526.282556741032749, 8354934.5860097380355 ], [ 3424709.37464942317456, 8354892.96323439758271 ], [ 3424738.245938676409423, 8354874.91867861431092 ], [ 3424748.350889915134758, 8354855.911746522411704 ], [ 3424744.7419787584804, 8354828.002833577804267 ], [ 3424715.148907273076475, 8354736.095896121114492 ], [ 3424708.893461267929524, 8354700.96916086319834 ], [ 3424732.231086747720838, 8354655.015692134387791 ], [ 3424783.958813326898962, 8354597.994895859621465 ], [ 3424814.273667043074965, 8354577.544399304315448 ], [ 3424821.010301202069968, 8354564.552319141104817 ], [ 3424818.123172277119011, 8354551.079050823114812 ], [ 3424814.514261120464653, 8354536.643406196497381 ], [ 3424791.898417871911079, 8354511.381028098985553 ], [ 3424782.996437018737197, 8354499.591918321326375 ], [ 3424782.03406071010977, 8354486.118650002405047 ], [ 3424788.530100792180747, 8354469.036470527760684 ], [ 3424827.025153129827231, 8354426.451318878680468 ], [ 3424836.88951029162854, 8354406.000822324305773 ], [ 3424842.423174065072089, 8354377.85131530277431 ], [ 3424842.663768141530454, 8354353.551313514821231 ], [ 3424831.83703467156738, 8354304.710715861059725 ], [ 3424808.258815114852041, 8354253.464177436195314 ], [ 3424800.078616492915899, 8354243.359226197004318 ], [ 3424789.251883022952825, 8354240.712691348977387 ], [ 3424778.425149552989751, 8354249.61467220261693 ], [ 3424769.282574622891843, 8354258.757247132249177 ], [ 3424755.809306304436177, 8354264.050316829234362 ], [ 3424744.020196525845677, 8354259.479029363952577 ], [ 3424736.802374212536961, 8354248.652295893989503 ], [ 3424732.471680824644864, 8354228.923581570386887 ], [ 3424731.749898593872786, 8354180.323577994480729 ], [ 3424742.817226141225547, 8354093.709710233844817 ], [ 3424772.410297625698149, 8354013.351288478821516 ], [ 3424822.213271588087082, 8353967.397819750010967 ], [ 3424856.137036460451782, 8353960.179997436702251 ], [ 3424904.977634114213288, 8353956.571086280047894 ], [ 3424950.209320611320436, 8353969.081978290341794 ], [ 3424976.434075016528368, 8353971.728513138368726 ], [ 3424991.832095951307565, 8353966.435443441383541 ], [ 3424996.884571570903063, 8353960.179997436702251 ], [ 3424997.125165647827089, 8353947.428511349484324 ], [ 3424981.727144712582231, 8353884.392863146960735 ], [ 3424952.134073227643967, 8353850.228504196740687 ], [ 3424943.232092374935746, 8353831.943354336544871 ], [ 3424943.232092374935746, 8353809.327511087991297 ], [ 3424948.525162070989609, 8353752.547308889217675 ], [ 3424941.307339757680893, 8353717.420573631301522 ], [ 3424924.22516028303653, 8353699.135423770174384 ], [ 3424904.255851882509887, 8353692.158195534721017 ], [ 3424871.775651472620666, 8353669.301758209243417 ], [ 3424864.55782915931195, 8353652.219578733667731 ], [ 3424861.911294310819358, 8353627.919576945714653 ], [ 3424871.053869241382927, 8353607.95026854518801 ], [ 3424891.023177641443908, 8353590.146306838840246 ], [ 3424950.449914688244462, 8353572.823533287271857 ], [ 3425080.130122251342982, 8353597.845317306928337 ], [ 3425191.284585876855999, 8353593.514623918570578 ], [ 3425252.636075540445745, 8353585.575019374489784 ], [ 3425290.649939724244177, 8353559.109670892357826 ], [ 3425345.505389305297285, 8353495.111646380275488 ], [ 3425373.414302249904722, 8353447.233425035141408 ], [ 3425428.510345908347517, 8353390.453222836367786 ], [ 3425453.772724005393684, 8353375.295795978978276 ], [ 3425460.028170010074973, 8353355.326487578451633 ], [ 3425453.532129928003997, 8353331.748268021270633 ], [ 3425411.428166433703154, 8353304.079949153587222 ], [ 3425374.376678558532149, 8353269.674996126443148 ], [ 3425339.009349223226309, 8353216.263111007399857 ], [ 3425334.919249912723899, 8353159.723502887412906 ], [ 3425361.144004317931831, 8353081.289833748713136 ], [ 3425361.144004317931831, 8353022.344284856691957 ], [ 3425370.767767402343452, 8352997.081906760111451 ], [ 3425391.458858034107834, 8352971.819528663530946 ], [ 3425415.037077590823174, 8352950.406655800528824 ], [ 3425426.104405138175935, 8352944.872992026619613 ], [ 3425431.397474834695458, 8352933.083882248029113 ], [ 3425433.32222745148465, 8352918.888831698335707 ], [ 3425423.217276212293655, 8352897.95714699011296 ], [ 3425373.654896327294409, 8352884.243284594267607 ], [ 3425352.963805695995688, 8352861.868035423569381 ], [ 3425345.745983382686973, 8352832.034369861707091 ], [ 3425348.392518230713904, 8352796.907634602859616 ], [ 3425377.384104522876441, 8352674.685843428596854 ], [ 3425359.700439854990691, 8352622.837819810956717 ], [ 3425339.129646262153983, 8352591.680886825546622 ], [ 3425290.289048608392477, 8352570.027419884689152 ], [ 3425268.274690553080291, 8352547.411576637066901 ], [ 3425240.365777608007193, 8352536.344249089248478 ], [ 3425223.283598132897168, 8352489.428404052741826 ], [ 3425206.923200889490545, 8352468.977907498367131 ], [ 3425181.901416869834065, 8352460.557114801369607 ], [ 3425153.270721693523228, 8352459.835332569666207 ], [ 3425127.767749519553035, 8352460.557114801369607 ], [ 3425085.423191947862506, 8352475.233353504911065 ], [ 3425067.378636164590716, 8352471.624442348256707 ], [ 3425050.055862612556666, 8352460.557114801369607 ], [ 3425040.191505451221019, 8352431.685825548134744 ], [ 3425046.687545533291996, 8352380.439287123270333 ], [ 3425060.160813851282001, 8352366.003642496652901 ], [ 3425077.483587403316051, 8352353.252156409434974 ], [ 3425085.423191947862506, 8352341.703640708699822 ], [ 3425090.956855721771717, 8352325.343243464827538 ], [ 3425085.423191947862506, 8352308.261063990183175 ], [ 3425070.987547321245074, 8352289.975914129056036 ], [ 3425048.612298150081187, 8352271.209576115012169 ], [ 3424981.727144713047892, 8352242.097692783921957 ], [ 3424869.850898855831474, 8352241.375910552218556 ], [ 3424835.445945829153061, 8352227.902642234228551 ], [ 3424816.679607814177871, 8352212.504621298983693 ], [ 3424770.004356855060905, 8352079.937284810468554 ], [ 3424765.192475312855095, 8352030.37490492593497 ], [ 3424722.607323663774878, 8351979.128366501070559 ], [ 3424667.751874082256109, 8351958.91846402361989 ], [ 3424629.256821744609624, 8351947.369948321953416 ], [ 3424432.330569630954415, 8351839.824395856820047 ], [ 3424356.904326456133276, 8351806.26152210123837 ], [ 3424350.648880451451987, 8351798.562511634081602 ], [ 3424346.077592986170202, 8351730.474387811496854 ], [ 3424339.220661788713187, 8351715.557555030100048 ], [ 3424328.033037202898413, 8351702.084286712110043 ], [ 3424314.439471845980734, 8351692.099632511846721 ], [ 3424308.665213995147496, 8351679.588740502484143 ], [ 3424298.800856834277511, 8351665.995175145566463 ], [ 3424292.184519713744521, 8351541.968928394839168 ], [ 3424280.395409935154021, 8351497.218430052511394 ], [ 3424260.546398573555052, 8351461.730803677812219 ], [ 3424249.719665103591979, 8351447.295159051194787 ], [ 3424236.968179016374052, 8351439.114960429258645 ], [ 3424219.645405464340001, 8351435.506049272604287 ], [ 3424197.270156293176115, 8351435.506049272604287 ], [ 3424171.285995964892209, 8351419.626840183511376 ], [ 3424153.000846104696393, 8351399.416937706060708 ], [ 3424116.911734537687153, 8351378.725847074761987 ], [ 3424090.686980132479221, 8351377.041688534431159 ], [ 3424086.115692667663097, 8351372.470401069149375 ], [ 3424078.176088123116642, 8351366.936737296171486 ], [ 3424043.771135095972568, 8351358.99713275115937 ], [ 3424025.726579312700778, 8351348.170399281196296 ], [ 3424020.433509616181254, 8351338.306042119860649 ], [ 3424018.508756999392062, 8351320.983268567360938 ], [ 3424026.688955620862544, 8351299.32980162743479 ], [ 3424041.124600247014314, 8351272.142670912668109 ], [ 3424043.771135095506907, 8351260.594155211001635 ], [ 3424039.199847630225122, 8351252.413956589065492 ], [ 3424031.260243085678667, 8351246.158510584384203 ], [ 3423961.728554800152779, 8351229.07633110973984 ], [ 3423938.150335243437439, 8351223.542667335830629 ], [ 3423927.323601773474365, 8351211.753557557240129 ], [ 3423922.992908385582268, 8351195.633754391223192 ], [ 3423923.955284693744034, 8351172.055534834042192 ], [ 3423929.970136621501297, 8351133.319888419471681 ], [ 3423927.323601773474365, 8351126.102066106162965 ], [ 3423914.090927532408386, 8351115.515926713123918 ], [ 3423898.452312519773841, 8351115.515926713123918 ], [ 3423863.325577261857688, 8351127.064442413859069 ], [ 3423847.92755632661283, 8351133.319888419471681 ], [ 3423839.025575473438948, 8351131.395135802216828 ], [ 3423832.770129468757659, 8351119.846620100550354 ], [ 3423838.303793242201209, 8351057.532754128798842 ], [ 3423843.356268861331046, 8351045.743644350208342 ], [ 3423841.67211032146588, 8351033.954534571617842 ], [ 3423829.883000543341041, 8351025.293147795833647 ], [ 3423795.718641593586653, 8351025.29314779676497 ], [ 3423730.75824077334255, 8351016.631761020049453 ], [ 3423663.873087336309254, 8350991.128788846544921 ], [ 3423625.859223152976483, 8350976.69314421992749 ], [ 3423604.686944366898388, 8350944.453537886962295 ], [ 3423601.318627287633717, 8350924.243635409511626 ], [ 3423606.130508829839528, 8350890.079276459291577 ], [ 3423600.837439133320004, 8350828.968380873091519 ], [ 3423586.401794506702572, 8350783.736694376915693 ], [ 3423566.673080183565617, 8350749.572335426695645 ], [ 3423530.583968616556376, 8350740.429760496132076 ], [ 3423497.863174129743129, 8350740.429760496132076 ], [ 3423429.534456229768693, 8350773.150554983876646 ], [ 3423393.445344663225114, 8350789.510952226817608 ], [ 3423331.853260922711343, 8350782.293129913508892 ], [ 3423299.613654589746147, 8350764.007980053313076 ], [ 3423267.781772313639522, 8350688.453434990718961 ], [ 3423247.164145779330283, 8350534.481230489909649 ], [ 3423224.067114376462996, 8350447.867362730205059 ], [ 3423176.910675262566656, 8350384.350526372902095 ], [ 3423086.447302268818021, 8350346.817850342951715 ], [ 3423043.140368388965726, 8350321.314878169447184 ], [ 3423023.41165406582877, 8350283.301013985648751 ], [ 3423025.817594836931676, 8350236.625763026066124 ], [ 3423052.764131473377347, 8350137.501003256067634 ], [ 3423037.847298692446202, 8350090.344564142636955 ], [ 3422993.635896814055741, 8350051.075222292914987 ], [ 3422947.014305792283267, 8349915.800819312222302 ], [ 3422853.771123748272657, 8349645.25201334990561 ], [ 3423036.43944749655202, 8349091.592028835788369 ], [ 3423495.019277036190033, 8348254.820865771733224 ], [ 3423789.610516550950706, 8347598.827481381595135 ], [ 3423920.213166040834039, 8347123.611875666305423 ], [ 3423985.514490785542876, 8346886.004072808660567 ], [ 3423914.572115686256438, 8346483.358160083182156 ], [ 3423791.387948205228895, 8346152.30070997774601 ], [ 3423829.883000543341041, 8345905.932375015690923 ], [ 3424097.423614291939884, 8345384.324415838345885 ], [ 3424147.467182330787182, 8345182.22539106477052 ], [ 3424045.455293635837734, 8345030.169934330508113 ], [ 3423793.312700822949409, 8344906.985766849480569 ], [ 3423546.944365860428661, 8344958.954087505117059 ], [ 3423258.231473326683044, 8344885.813488063402474 ], [ 3423008.013633131049573, 8344627.896637399680912 ], [ 3422948.346302007324994, 8344323.785723931156099 ], [ 3423086.928490423597395, 8343971.555995039641857 ], [ 3423596.987933899275959, 8343378.732189036905766 ], [ 3423827.958247926086187, 8343011.104439210146666 ], [ 3423995.411725596059114, 8342424.054891058243811 ], [ 3424145.542429713532329, 8342148.815266842953861 ], [ 3424255.253328876104206, 8341917.844952816143632 ], [ 3424268.726597194559872, 8341738.842959444969893 ], [ 3424226.382039622869343, 8341500.173634950071573 ], [ 3424103.197872141841799, 8341109.448853720910847 ], [ 3423931.894889238290489, 8340809.18744548689574 ], [ 3423851.055279328953475, 8340418.462664257735014 ], [ 3423895.324589517433196, 8340156.696308360435069 ], [ 3424068.552325037773699, 8339948.823025736026466 ], [ 3424380.362248974386603, 8339796.767569001764059 ], [ 3424595.934542066417634, 8339637.013101799413562 ], [ 3424717.193956931121647, 8339369.472488051280379 ], [ 3424709.494946463499218, 8339123.104153089225292 ], [ 3424732.591977865900844, 8338828.6170027051121 ], [ 3425050.176159653346986, 8338337.805085397325456 ], [ 3425512.116787707433105, 8337479.365418263711035 ], [ 3425762.334627903066576, 8336655.571298233233392 ], [ 3425921.518870033323765, 8336072.535037900321186 ], [ 3425882.16036011185497, 8336074.873167202807963 ], [ 3425680.114697495475411, 8336074.873167202807963 ], [ 3425524.88449329091236, 8336060.089338230900466 ], [ 3425416.469747497234493, 8336030.521680287085474 ], [ 3425271.095429273787886, 8335941.818706456571817 ], [ 3425088.761538620106876, 8335793.980416737496853 ], [ 3424869.468075536657125, 8335587.006811130791903 ], [ 3424613.215040023904294, 8335320.897889636456966 ], [ 3424384.065690959338099, 8335094.212512066587806 ], [ 3424182.02002834295854, 8334906.950678422115743 ], [ 3424007.078052175696939, 8334759.112388703972101 ], [ 3423859.239762457087636, 8334650.697642910294235 ], [ 3423664.586014327127486, 8334532.427011135034263 ], [ 3423423.116807785816491, 8334404.300493378192186 ], [ 3423134.83214283362031, 8334266.318089640699327 ], [ 3422799.732019471470267, 8334118.479799921624362 ], [ 3422501.591468538157642, 8333990.353282165713608 ], [ 3422240.410490034148097, 8333881.938536371104419 ], [ 3422016.189083960372955, 8333793.235562539659441 ], [ 3421828.927250316366553, 8333724.244360671378672 ], [ 3421528.802878102753311, 8333593.800748257897794 ], [ 3421115.81596731999889, 8333401.904725300148129 ], [ 3420589.96651796810329, 8333148.556291798129678 ], [ 3419951.254530046600848, 8332833.755447751842439 ], [ 3419269.419680358842015, 8332417.025239370763302 ], [ 3419181.839531023055315, 8332354.367401382885873 ], [ 3418993.186548164580017, 8332361.55418168194592 ], [ 3418250.949539168272167, 8332141.202569636516273 ], [ 3417540.156717211008072, 8332262.721416599117219 ], [ 3417096.276815239805728, 8332262.721416600048542 ], [ 3416629.03481316473335, 8332215.997216392308474 ], [ 3416138.430710986256599, 8332122.548815977759659 ], [ 3415566.059258444234729, 8332034.940940588712692 ], [ 3414911.920455538667738, 8331953.17359022423625 ], [ 3414240.260077555663884, 8331649.46628887578845 ], [ 3413551.078124495223165, 8331123.819036541506648 ], [ 3412809.331446200609207, 8330901.879085555672646 ], [ 3412015.020042673218995, 8330983.646435919217765 ], [ 3411197.346539041958749, 8330983.646435919217765 ], [ 3410356.310935306362808, 8330901.879085555672646 ], [ 3409433.507981208153069, 8330814.271210166625679 ], [ 3408428.937676746863872, 8330720.822809752076864 ], [ 3407774.798873841762543, 8330434.637083481065929 ], [ 3407471.091572492849082, 8329955.714031353592873 ], [ 3406992.168520365841687, 8329459.269404148682952 ], [ 3406338.029717461206019, 8328945.303201866336167 ], [ 3405724.774589737411588, 8328618.23380041308701 ], [ 3405158.243662219494581, 8328326.207549112848938 ], [ 3404714.363760248292238, 8327894.00869719311595 ], [ 3404054.193508681375533, 8327496.517097881995142 ], [ 3403359.361954230349511, 8327181.464644028805196 ], [ 3402705.223151325248182, 8326702.54159190133214 ], [ 3402074.446448525879532, 8326392.993765531107783 ], [ 3401770.73914717650041, 8326054.24331402592361 ], [ 3401385.26449546450749, 8325902.38966335169971 ], [ 3400918.022493389900774, 8325937.432813508436084 ], [ 3400748.647267637774348, 8326112.648564286530018 ], [ 3400877.138818207662553, 8326428.036915686912835 ], [ 3401069.876144063659012, 8326714.22264195792377 ], [ 3401326.859245205298066, 8326971.205743099562824 ], [ 3401344.380820283200592, 8327204.826744137331843 ], [ 3401122.440869297366589, 8327415.085645070299506 ], [ 3400859.617243130225688, 8327479.331420355476439 ], [ 3400555.909941781312227, 8327397.564069992862642 ], [ 3400269.724215510301292, 8327380.042494914494455 ], [ 3400001.060064317192882, 8327426.766695122234523 ], [ 3399563.020687371492386, 8327531.896145589649677 ], [ 3398955.606084673665464, 8327695.430846314877272 ], [ 3398517.566707728430629, 8327759.676621600985527 ], [ 3398248.90255653578788, 8327724.633471446111798 ], [ 3397875.108954875729978, 8327707.111896367743611 ], [ 3397396.185902748256922, 8327707.111896367743611 ], [ 3396917.262850621249527, 8327572.779820771887898 ], [ 3396438.339798494242132, 8327304.115669576451182 ], [ 3396064.546196834184229, 8327105.537818694487214 ], [ 3395795.88204564107582, 8326977.046268125995994 ], [ 3395597.304194759111851, 8326895.278917762450874 ], [ 3395468.812644189223647, 8326860.235767606645823 ], [ 3395316.958993514534086, 8326842.714192528277636 ], [ 3395141.743242735974491, 8326842.714192528277636 ], [ 3394919.803291750140488, 8326947.843642994761467 ], [ 3394651.139140557032079, 8327158.102543928660452 ], [ 3394394.156039415858686, 8327239.869894292205572 ], [ 3394148.853988326154649, 8327193.145694084465504 ], [ 3394026.202962781768292, 8327105.537818694487214 ], [ 3394026.202962781768292, 8327007.390953107737005 ], [ 3393943.103845462668687, 8327129.802698066458106 ], [ 3393887.704433916602284, 8327145.979284312576056 ], [ 3393829.302325980272144, 8327152.67541778087616 ], [ 3393767.897521654609591, 8327149.891098467633128 ], [ 3393703.49002093821764, 8327137.626326374709606 ], [ 3393636.079823832493275, 8327115.881101502105594 ], [ 3393575.193194188177586, 8327111.532056528143585 ], [ 3393520.830132005736232, 8327124.579191450960934 ], [ 3393472.990637285634875, 8327155.02250627335161 ], [ 3393015.047489256132394, 8327111.636601462028921 ], [ 3392556.512921259272844, 8327008.979608626104891 ], [ 3392337.511336544528604, 8326940.541613401845098 ], [ 3391988.477560904808342, 8326810.509422477334738 ], [ 3391509.411594341043383, 8326618.883035851642489 ], [ 3391102.205522761680186, 8326437.522348509170115 ], [ 3390766.859346167184412, 8326266.42736045178026 ], [ 3390373.340873632114381, 8326026.89437717013061 ], [ 3389921.650105157401413, 8325718.923398664221168 ], [ 3389552.084930950775743, 8325469.124716099351645 ], [ 3389264.64535101223737, 8325277.498329471796751 ], [ 3388929.299174417741597, 8325000.324448817409575 ], [ 3388546.0464011663571, 8324637.603074133396149 ], [ 3388162.793627915438265, 8324422.023389180190861 ], [ 3387779.540854664053768, 8324353.58539395686239 ], [ 3387422.887729438953102, 8324318.210340983234346 ], [ 3387092.834252240601927, 8324315.898230260238051 ], [ 3386829.347970630042255, 8324398.023824527859688 ], [ 3386632.428884608205408, 8324564.5871237879619 ], [ 3386650.313933477271348, 8325472.546615860424936 ], [ 3386683.757381026633084, 8326707.154569834470749 ], [ 3386472.375145897269249, 8326858.416019130498171 ], [ 3386212.310764048248529, 8327173.230797160416842 ], [ 3386020.684377422556281, 8327580.436868739314377 ], [ 3385897.495986020658165, 8328080.034233869984746 ], [ 3385791.417093424126506, 8328617.272496373392642 ], [ 3385702.447699633892626, 8329192.151656250469387 ], [ 3385825.636091036256403, 8329695.170921143144369 ], [ 3386160.982267630286515, 8330126.330291049554944 ], [ 3386427.890449001919478, 8330714.897049970924854 ], [ 3386626.36063515022397, 8331460.871197909116745 ], [ 3386749.549026552122086, 8332155.516849426552653 ], [ 3386797.455623208545148, 8332798.83400452695787 ], [ 3386711.908129178918898, 8333445.5730593893677 ], [ 3386492.906544463708997, 8334095.734014010056853 ], [ 3386314.967756883241236, 8334694.56647221557796 ], [ 3386178.091766436584294, 8335242.070434004068375 ], [ 3386116.497570735402405, 8335769.042997224256396 ], [ 3386130.185169780626893, 8336275.484161877073348 ], [ 3386212.310764048248529, 8336692.95593274012208 ], [ 3386362.87435354012996, 8337021.458309812471271 ], [ 3386554.500740165822208, 8337377.335884973406792 ], [ 3386787.189923925325274, 8337760.588658225722611 ], [ 3386924.065914371982217, 8338143.841431476175785 ], [ 3386965.128711506258696, 8338527.094204727560282 ], [ 3386917.222114849835634, 8338862.440381322987378 ], [ 3386780.346124402713031, 8339149.87996126152575 ], [ 3386520.281742553692311, 8339437.3195411991328 ], [ 3386137.028969302773476, 8339724.759121137671173 ], [ 3385774.307594618760049, 8340060.105297732166946 ], [ 3385432.117618501652032, 8340443.358070983551443 ], [ 3385069.396243817638606, 8340874.517440891824663 ], [ 3384686.143470565788448, 8341353.583407455123961 ], [ 3384350.797293971292675, 8341955.837765421718359 ], [ 3384063.357714032754302, 8342681.280514789745212 ], [ 3383851.199928839690983, 8343304.066271322779357 ], [ 3383714.323938393034041, 8343824.195035020820796 ], [ 3383550.072749856859446, 8344371.698996808379889 ], [ 3383358.446363231167197, 8344946.578156685456634 ], [ 3383050.475384726189077, 8345398.268925160169601 ], [ 3382626.159814340993762, 8345726.771302232518792 ], [ 3382273.70413894020021, 8345932.085287902504206 ], [ 3381993.10835852380842, 8346014.210882170125842 ], [ 3381613.277485033497214, 8346198.993469272740185 ], [ 3381134.211518469732255, 8346486.43304921220988 ], [ 3380511.425761936232448, 8346965.499015776440501 ], [ 3379744.920215433929116, 8347636.191368965432048 ], [ 3379098.181160572450608, 8348139.21063385810703 ], [ 3378571.208597351796925, 8348474.556810452602804 ], [ 3378092.142630788031965, 8348734.621192301623523 ], [ 3377660.983260880224407, 8348919.403779405169189 ], [ 3377185.339194077532738, 8349155.514862925745547 ], [ 3376665.210430379491299, 8349442.954442865215242 ], [ 3376165.613065248355269, 8349730.394022803753614 ], [ 3375686.54709868459031, 8350017.833602741360664 ], [ 3375097.980339762754738, 8350199.194290083833039 ], [ 3374399.912788483779877, 8350274.476084829308093 ], [ 3373872.940225263126194, 8350455.836772170849144 ], [ 3373517.062650102190673, 8350743.27635211031884 ], [ 3372788.198000972159207, 8351064.934929659590125 ], [ 3371686.34627787489444, 8351420.812504821456969 ], [ 3370824.027538059744984, 8351670.611187387257814 ], [ 3370201.241781526245177, 8351814.330977356061339 ], [ 3369458.689533352386206, 8351930.675569235347211 ], [ 3368596.370793536771089, 8352019.644963026978076 ], [ 3367819.599547751247883, 8352040.176361594349146 ], [ 3367128.375795994419605, 8351992.269764937460423 ], [ 3366519.277638505678624, 8351958.050767325796187 ], [ 3365992.305075285956264, 8351937.519368758425117 ], [ 3365441.37921373732388, 8351889.612772102467716 ], [ 3364866.500053859781474, 8351814.330977356061339 ], [ 3364387.434087296016514, 8351704.83018499892205 ], [ 3364004.181314044632018, 8351561.110395029187202 ], [ 3363679.100836733356118, 8351369.484008403494954 ], [ 3363412.192655362188816, 8351129.951025121845305 ], [ 3363135.018774707335979, 8350832.245745899155736 ], [ 3362847.579194769263268, 8350476.368170737288892 ], [ 3362608.046211487147957, 8350178.662891515530646 ], [ 3362416.419824861455709, 8349939.129908233880997 ], [ 3362190.574440624099225, 8349733.815922563895583 ], [ 3361930.510058775078505, 8349562.720934505574405 ], [ 3361632.804779552854598, 8349429.266843819990754 ], [ 3361297.458602958824486, 8349333.453650506213307 ], [ 3360924.471528991125524, 8349189.733860537409782 ], [ 3360513.843557650223374, 8348998.107473911717534 ], [ 3360188.763080338947475, 8348868.075282987207174 ], [ 3359949.230097057297826, 8348799.637287763878703 ], [ 3359685.743815447203815, 8348827.012485853396356 ], [ 3359398.30423550773412, 8348950.200877255760133 ], [ 3359196.412149598821998, 8349056.279769851826131 ], [ 3359080.067557719536126, 8349145.249163642525673 ], [ 3358902.128770138137043, 8349179.468161254189909 ], [ 3358662.595786856487393, 8349158.936762686818838 ], [ 3358385.421906201634556, 8349090.498767463490367 ], [ 3358070.607128173112869, 8348974.154175584204495 ], [ 3357817.386545846704394, 8348950.200877255760133 ], [ 3357625.760159221477807, 8349018.638872479088604 ], [ 3357447.821371640544385, 8349196.577660059556365 ], [ 3357283.570183104369789, 8349484.017239998094738 ], [ 3357139.850393135100603, 8349795.410118265077472 ], [ 3357016.662001732736826, 8350130.756294859573245 ], [ 3356920.848808419890702, 8350407.930175513960421 ], [ 3356852.410813196562231, 8350626.931760229170322 ], [ 3356746.331920600496233, 8350733.010652826167643 ], [ 3356602.612130630761385, 8350726.166853303089738 ], [ 3356421.251443288754672, 8350640.619359273463488 ], [ 3356202.249858574010432, 8350476.368170738220215 ], [ 3355986.670173619873822, 8350274.476084829308093 ], [ 3355774.512388427741826, 8350034.943101546727121 ], [ 3355524.71370586194098, 8349795.410118265077472 ], [ 3355237.274125923402607, 8349555.877134983427823 ], [ 3355021.694440969731659, 8349449.798242386430502 ], [ 3354877.974651000462472, 8349477.173440476879478 ], [ 3354768.473858643323183, 8349596.939932118169963 ], [ 3354693.192063897382468, 8349809.097717309370637 ], [ 3354583.691271539777517, 8350058.896399875171483 ], [ 3354439.971481570973992, 8350346.335979813709855 ], [ 3354231.235596139449626, 8350589.290862856432796 ], [ 3353957.48361524567008, 8350787.761049005202949 ], [ 3353615.293639128562063, 8350934.902738736011088 ], [ 3353204.665667787194252, 8351030.715932049788535 ], [ 3352821.412894535809755, 8351116.263426079414785 ], [ 3352465.535319374408573, 8351191.545220823958516 ], [ 3352181.517639196943492, 8351263.405115808360279 ], [ 3351969.359854004345834, 8351331.843111032620072 ], [ 3351753.780169050209224, 8351366.062108644284308 ], [ 3351534.778584335464984, 8351366.062108644284308 ], [ 3351223.385706068947911, 8351280.51461461558938 ], [ 3350819.601534251123667, 8351109.41962655633688 ], [ 3350473.989658372476697, 8350965.699836587533355 ], [ 3350186.550078433938324, 8350849.35524470731616 ], [ 3349851.203901839442551, 8350647.463158797472715 ], [ 3349467.951128587592393, 8350360.023578859865665 ], [ 3349060.745057008229196, 8350082.849698204547167 ], [ 3348629.585687100887299, 8349815.941516833379865 ], [ 3348269.242167582735419, 8349648.074311701580882 ], [ 3347979.714498452842236, 8349579.248082809150219 ], [ 3347832.023428800981492, 8349476.373613603413105 ], [ 3347834.950663888361305, 8349544.834968362934887 ], [ 3347440.715224637184292, 8349711.289931602776051 ], [ 3347177.891598470043391, 8349829.560563378036022 ], [ 3347046.479785386938602, 8349899.646863688714802 ], [ 3346897.546397225465626, 8349982.874345308169723 ], [ 3346731.091433985624462, 8350079.243008236400783 ], [ 3346599.679620902054012, 8350127.427339700981975 ], [ 3346503.310957974754274, 8350127.427339700981975 ], [ 3346288.671663271263242, 8350210.654821320436895 ], [ 3345955.761736792512238, 8350377.109784560278058 ], [ 3345530.863541155587882, 8350639.933410726487637 ], [ 3345013.977076360024512, 8350999.125699822790921 ], [ 3344505.851399103179574, 8351292.612082376144826 ], [ 3344006.48650938551873, 8351520.392558386549354 ], [ 3343415.133350509218872, 8351717.510278012603521 ], [ 3342731.79192247428, 8351883.965241252444685 ], [ 3342127.297582289669663, 8351919.008391408249736 ], [ 3341601.650329955387861, 8351822.639728479087353 ], [ 3340861.363782917615026, 8351840.161303556524217 ], [ 3339906.437941176816821, 8351971.573116641491652 ], [ 3339131.108243983238935, 8352006.61626679636538 ], [ 3338535.374691337347031, 8351945.290754023939371 ], [ 3337926.499957383144647, 8351879.584847481921315 ], [ 3337304.484042121097445, 8351809.498547170311213 ], [ 3336730.652458322700113, 8351774.455397015437484 ], [ 3336205.00520598795265, 8351774.455397015437484 ], [ 3335714.401103809010237, 8351870.824059942737222 ], [ 3335258.840151785872877, 8352063.561385799199343 ], [ 3334667.486992909573019, 8352273.820286734029651 ], [ 3333940.341627180110663, 8352501.6007627453655 ], [ 3333313.945318148471415, 8352764.424388913437724 ], [ 3332788.298065813723952, 8353062.291165234521031 ], [ 3332328.356720020994544, 8353390.820697943679988 ], [ 3331934.121280770283192, 8353750.012987039983273 ], [ 3331605.591748061124235, 8354047.879763361997902 ], [ 3331342.768121893983334, 8354284.421026912517846 ], [ 3330966.054257720708847, 8354599.809378313831985 ], [ 3330475.450155542232096, 8354994.044817564077675 ], [ 3329866.575421588029712, 8355401.421438124030828 ], [ 3329139.430055858567357, 8355821.939239990897477 ], [ 3328513.033746826462448, 8356084.762866158038378 ], [ 3327987.386494491714984, 8356189.892316624522209 ], [ 3327527.445148698985577, 8356242.457041858695447 ], [ 3327133.209709448739886, 8356242.457041858695447 ], [ 3326774.017420353367925, 8356408.912005097605288 ], [ 3326449.868281413801014, 8356741.821931576356292 ], [ 3326187.044655246660113, 8357070.351464284583926 ], [ 3325985.546541851945221, 8357394.500603225082159 ], [ 3325854.134728768374771, 8357687.986985778436065 ], [ 3325792.809215995948762, 8357950.810611944645643 ], [ 3325775.287640918046236, 8358231.155813190154731 ], [ 3325801.570003534667194, 8358529.022589513100684 ], [ 3325897.938666462898254, 8358892.595272378064692 ], [ 3326064.393629701808095, 8359321.873861784115434 ], [ 3326178.28386770747602, 8359667.924969570711255 ], [ 3326239.609380479902029, 8359930.748595738783479 ], [ 3326275.533493148162961, 8360273.726755631156266 ], [ 3326286.056205712258816, 8360696.859449247829616 ], [ 3326337.959597961045802, 8361350.822370953857899 ], [ 3326187.932517537847161, 8361769.881904596462846 ], [ 3326210.093134602997452, 8362070.888796233572066 ], [ 3326354.432422349229455, 8362393.529557079076767 ], [ 3326456.318978405557573, 8362703.434498416259885 ], [ 3326515.752802771516144, 8363000.603620247915387 ], [ 3326532.733895447570831, 8363340.225473769009113 ], [ 3326507.262256433721632, 8363722.300058979541063 ], [ 3326474.361389373894781, 8364066.167185669764876 ], [ 3326434.031294268090278, 8364371.826853839680552 ], [ 3326390.517244285903871, 8364613.80742447450757 ], [ 3326343.819239426404238, 8364792.108897572383285 ], [ 3326328.960783334914595, 8365006.495192606933415 ], [ 3326345.941876010969281, 8365256.966309579089284 ], [ 3326369.290878440719098, 8365471.352604613639414 ], [ 3326399.007790623698384, 8365649.654077712446451 ], [ 3326428.724702806677669, 8365821.587641057558358 ], [ 3326458.441614990122616, 8365987.153294648975134 ], [ 3326452.073705236427486, 8366203.66222626902163 ], [ 3326409.620973546523601, 8366471.114435916766524 ], [ 3326335.328693089075387, 8366723.708189472556114 ], [ 3326229.196863862685859, 8366961.443486937321723 ], [ 3326163.395129743032157, 8367224.650423416867852 ], [ 3326137.923490729182959, 8367513.328998909331858 ], [ 3326082.734939532354474, 8367793.517028065398335 ], [ 3325997.829476151615381, 8368065.214510882273316 ], [ 3325878.961827419232577, 8368396.345818065106869 ], [ 3325726.131993335206062, 8368786.910949613898993 ], [ 3325547.830520236864686, 8369084.080071445554495 ], [ 3325344.057408123742789, 8369287.853183558210731 ], [ 3325171.662594268098474, 8369417.429410504177213 ], [ 3324960.137820868752897, 8369500.498423174023628 ], [ 3324650.950520730577409, 8369588.178403811529279 ], [ 3324254.083239955361933, 8369717.391006855294108 ], [ 3323769.535978543572128, 8369888.136232303455472 ], [ 3323492.651829165406525, 8370024.270939081907272 ], [ 3323423.430791820865124, 8370125.795127186924219 ], [ 3323319.599235803820193, 8370271.159305609762669 ], [ 3323181.157161115668714, 8370460.363474352285266 ], [ 3322703.53200343856588, 8370640.338171447627246 ], [ 3321886.723762772977352, 8370811.083396897651255 ], [ 3321314.496520725544542, 8370887.226537976413965 ], [ 3320986.850277295336127, 8370868.767594684846699 ], [ 3320719.195599563419819, 8370808.776028986088932 ], [ 3320511.532487529795617, 8370707.251840881071985 ], [ 3320287.717800116166472, 8370534.199247520416975 ], [ 3320047.751537321135402, 8370289.618248902261257 ], [ 3319849.317896933760494, 8370107.336183895356953 ], [ 3319692.416878953576088, 8369987.353052497841418 ], [ 3319466.294823627918959, 8369911.209911419078708 ], [ 3319170.95173095818609, 8369878.906760659068823 ], [ 3318884.838109934702516, 8369828.144666606560349 ], [ 3318607.953960556536913, 8369758.923629261553288 ], [ 3318321.840339533053339, 8369689.702591916546226 ], [ 3318026.497246862389147, 8369620.481554572470486 ], [ 3317774.994144510943443, 8369648.169969510287046 ], [ 3317567.331032477319241, 8369772.767836729995906 ], [ 3317334.286873417906463, 8369927.36148679908365 ], [ 3317075.861667331773788, 8370111.9509197184816 ], [ 3316817.436461245641112, 8370197.323532443493605 ], [ 3316559.011255159974098, 8370183.479324973188341 ], [ 3316268.620041204616427, 8370170.037580011412501 ], [ 3315946.2628193795681, 8370156.998297557234764 ], [ 3315634.768151329364628, 8370200.838287875056267 ], [ 3315334.136037053540349, 8370301.557550966739655 ], [ 3315019.996858200524002, 8370393.449804918840528 ], [ 3314692.350614769849926, 8370476.515049733221531 ], [ 3314415.466465392149985, 8370492.666625113226473 ], [ 3314189.344410066492856, 8370441.904531059786677 ], [ 3314023.213920440059155, 8370372.683493715710938 ], [ 3313917.074996511917561, 8370285.00351307913661 ], [ 3313787.862393468618393, 8370146.561438390985131 ], [ 3313635.576111311092973, 8369957.357269649393857 ], [ 3313455.601414215285331, 8369818.915194960311055 ], [ 3313247.938302181661129, 8369731.235214322805405 ], [ 3312987.205728184431791, 8369662.014176978729665 ], [ 3312673.403692222665995, 8369611.252082926221192 ], [ 3312396.519542844966054, 8369604.329979191534221 ], [ 3312156.553280049934983, 8369641.247865775600076 ], [ 3311750.456527628935874, 8369675.858384448103607 ], [ 3311178.229285581968725, 8369708.161535208113492 ], [ 3310702.911495815962553, 8369786.612044198438525 ], [ 3310324.503158332780004, 8369911.209911419078708 ], [ 3310026.649901763070375, 8369997.241611148230731 ], [ 3309809.351726106368005, 8370044.707143386825919 ], [ 3309545.928725090809166, 8369980.832034117542207 ], [ 3309236.380898715928197, 8369805.616283339448273 ], [ 3308950.195172444917262, 8369697.566570359282196 ], [ 3308687.371546277776361, 8369656.682895177975297 ], [ 3308480.03290785709396, 8369645.00184512604028 ], [ 3308328.179257182404399, 8369662.523420203477144 ], [ 3308120.840618761721998, 8369627.480270048603415 ], [ 3307858.016992594581097, 8369539.872394659556448 ], [ 3307551.389428732916713, 8369516.510294555686414 ], [ 3307200.957927176263183, 8369557.393969736993313 ], [ 3306906.011413366533816, 8369557.393969736993313 ], [ 3306666.549887303262949, 8369516.510294555686414 ], [ 3306447.53019883017987, 8369443.503731731325388 ], [ 3306248.952347948215902, 8369338.374281264841557 ], [ 3305962.766621677204967, 8369230.324568284675479 ], [ 3305588.973020017147064, 8369119.354592790827155 ], [ 3305282.34545615548268, 8369136.876167869195342 ], [ 3305042.883930091746151, 8369282.889293517917395 ], [ 3304847.226341722998768, 8369510.669769529253244 ], [ 3304695.372691048774868, 8369820.217595904134214 ], [ 3304563.960877965204418, 8370205.692247616127133 ], [ 3304452.990902472287416, 8370667.093724665232003 ], [ 3304342.020926979370415, 8371029.206276273354888 ], [ 3304231.050951486453414, 8371292.029902441427112 ], [ 3304134.682288558222353, 8371680.424816666170955 ], [ 3304052.914938195142895, 8372194.391018947586417 ], [ 3304019.679858705494553, 8372642.960964798927307 ], [ 3304034.977050089277327, 8373026.134654221124947 ], [ 3304011.614949985872954, 8373397.007993368431926 ], [ 3303949.59355839388445, 8373755.580982239916921 ], [ 3304080.341083317995071, 8374147.423927826806903 ], [ 3304403.857524757739156, 8374572.536830129101872 ], [ 3304655.564677025657147, 8374891.90692288801074 ], [ 3304835.462540122214705, 8375105.534206105396152 ], [ 3305056.258708601351827, 8375331.017131901346147 ], [ 3305317.953182463068515, 8375568.355700273066759 ], [ 3305548.089344834908843, 8375850.559685185551643 ], [ 3305746.667195716872811, 8376177.629086637869477 ], [ 3305910.201896443031728, 8376452.133762856945395 ], [ 3306038.693447014316916, 8376674.073713842779398 ], [ 3306213.909197792410851, 8376849.289464620873332 ], [ 3306435.849148778244853, 8376977.78101519215852 ], [ 3306623.914752269629389, 8377153.744365781545639 ], [ 3306778.106008267495781, 8377377.179516388103366 ], [ 3306965.002809097524732, 8377683.807080250233412 ], [ 3307184.605154759716243, 8378073.627057366073132 ], [ 3307294.406327590811998, 8378411.629909059032798 ], [ 3307294.406327590811998, 8378697.815635330975056 ], [ 3307198.325282, 8378997.149807661771774 ], [ 3307006.163190817926079, 8379309.632426054216921 ], [ 3306810.505602449178696, 8379552.014214631170034 ], [ 3306611.352516892831773, 8379724.295173391699791 ], [ 3306292.756285642273724, 8379941.847465856000781 ], [ 3305854.716908697038889, 8380204.67109202221036 ], [ 3305404.996481699869037, 8380432.451568034477532 ], [ 3304943.595004650764167, 8380625.18889389000833 ], [ 3304450.07063995860517, 8380788.723594616167247 ], [ 3303924.423387624323368, 8380923.055670213885605 ], [ 3303442.580072984099388, 8381034.025645706802607 ], [ 3303004.540696038864553, 8381121.633521094918251 ], [ 3302598.624206736218184, 8381264.72638423088938 ], [ 3302224.830605076160282, 8381463.304235112853348 ], [ 3301798.392438866198063, 8381565.936811850406229 ], [ 3301319.309708106331527, 8381572.624114445410669 ], [ 3300888.017736847512424, 8381587.58870604634285 ], [ 3300504.516525089740753, 8381610.830586653202772 ], [ 3300154.164862849749625, 8381683.413760693743825 ], [ 3299836.962750127539039, 8381805.338228166103363 ], [ 3299371.734129904769361, 8382009.393325037322938 ], [ 3298758.479002180974931, 8382295.579051309265196 ], [ 3297996.290486295707524, 8382517.519002295099199 ], [ 3297085.168582248035818, 8382675.213177996687591 ], [ 3296384.30557913472876, 8382911.754441548138857 ], [ 3295893.701476956252009, 8383227.142792948521674 ], [ 3295375.007581805810332, 8383584.588292077183723 ], [ 3294828.223893684800714, 8383984.090938932262361 ], [ 3294445.699986825231463, 8384170.184446383267641 ], [ 3294227.435861226171255, 8384142.868814427405596 ], [ 3293934.296777770854533, 8384030.725366389378905 ], [ 3293566.282736458815634, 8383833.754102267324924 ], [ 3293271.305740309879184, 8383647.660594816319644 ], [ 3293049.365789324045181, 8383472.44484403822571 ], [ 3292743.925816596020013, 8383337.300749556161463 ], [ 3292385.38911809027195, 8383337.300749556161463 ], [ 3291866.129071978852153, 8383374.390752850100398 ], [ 3291532.319042336195707, 8383460.934093868359923 ], [ 3291217.423844679724425, 8383429.266587532125413 ], [ 3291996.948654522188008, 8385410.5588125474751 ], [ 3292057.037025280296803, 8385589.199914802797139 ], [ 3292167.46970667457208, 8385766.217007037252188 ], [ 3292180.217546050436795, 8385783.214126205071807 ], [ 3292248.497615586034954, 8385881.209131341427565 ], [ 3292372.094969258178025, 8386039.050690482370555 ], [ 3292220.273639557883143, 8386138.792654962278903 ], [ 3292238.78607086930424, 8386160.615514858625829 ], [ 3292251.687999847345054, 8386172.304771886207163 ], [ 3292253.903257715515792, 8386192.527674791403115 ], [ 3292235.168187427334487, 8386233.618117682635784 ], [ 3292218.948937632609159, 8386291.465138135477901 ], [ 3292207.060016021132469, 8386319.244314342737198 ], [ 3292205.067397141363472, 8386346.334667830727994 ], [ 3292214.985963768325746, 8386370.780519373714924 ], [ 3292233.498395080212504, 8386382.025638318620622 ], [ 3292225.561315392144024, 8386411.116351714357734 ], [ 3292196.484664412681013, 8386426.317350773140788 ], [ 3292155.496827924624085, 8386453.40809787530452 ], [ 3292099.981797901447862, 8386571.061767813749611 ], [ 3292086.100257409736514, 8386614.021160032600164 ], [ 3292075.524905798491091, 8386692.673277722671628 ], [ 3292075.524905799888074, 8386724.409944954328239 ], [ 3292055.698904502671212, 8386762.74748784955591 ], [ 3292045.780337880365551, 8386807.019263787195086 ], [ 3292020.009875778574497, 8386848.002008298411965 ], [ 3292016.703686906490475, 8386883.028656053356826 ], [ 3292047.105039834044874, 8386962.350404614582658 ], [ 3292053.717417587991804, 8386988.776360270567238 ], [ 3292049.743311769794673, 8387018.536233713850379 ], [ 3292033.880284341517836, 8387037.02786610275507 ], [ 3292015.378984981682152, 8387052.23015633225441 ], [ 3292002.154229483101517, 8387061.498234621249139 ], [ 3291996.866553678177297, 8387124.95265688188374 ], [ 3291999.515957558061928, 8387145.422658873721957 ], [ 3291997.534470625221729, 8387161.291950358077884 ], [ 3291980.346741256769747, 8387179.139387637376785 ], [ 3291921.525522351730615, 8387213.50082696788013 ], [ 3291897.06863023666665, 8387219.457418775185943 ], [ 3291835.598007449880242, 8387202.943446616642177 ], [ 3291796.458074504043907, 8387183.717940174974501 ], [ 3291780.739762408658862, 8387171.871497021056712 ], [ 3291764.798811332788318, 8387150.556837689131498 ], [ 3291741.210211243946105, 8387148.778766705654562 ], [ 3291718.523299034219235, 8387160.113976587541401 ], [ 3291704.485911251511425, 8387183.717940179631114 ], [ 3291708.070398855954409, 8387202.521151714026928 ], [ 3291722.107786641456187, 8387229.992596676573157 ], [ 3291720.59384156903252, 8387249.195997660979629 ], [ 3291712.846005016006529, 8387278.667981226928532 ], [ 3291711.053761215880513, 8387295.070991469547153 ], [ 3291721.206098773516715, 8387304.939486764371395 ], [ 3291745.696386735886335, 8387310.896152477711439 ], [ 3291758.832086645998061, 8387327.321460880339146 ], [ 3291768.973292253445834, 8387346.925192167051136 ], [ 3291778.068094651214778, 8387384.065737650729716 ], [ 3291790.647197104990482, 8387398.446358186192811 ], [ 3291808.024169609881938, 8387405.381072408519685 ], [ 3291823.419655182398856, 8387403.514033319428563 ], [ 3291839.52758548874408, 8387397.757332448847592 ], [ 3291860.444517799653113, 8387399.513236870989203 ], [ 3291888.029487610328943, 8387447.989700113423169 ], [ 3291921.759293307550251, 8387480.507561400532722 ], [ 3291949.277471419423819, 8387488.331429137848318 ], [ 3291973.211161929182708, 8387502.890068777836859 ], [ 3291989.341356140095741, 8387519.604756168089807 ], [ 3292032.299547622911632, 8387593.798866107128561 ], [ 3292039.702293763868511, 8387668.127087788656354 ], [ 3292048.685776669532061, 8387704.60242535546422 ], [ 3292062.968067333102226, 8387732.097969780676067 ], [ 3292088.304383430164307, 8387752.036193499341607 ], [ 3292141.748870932962745, 8387749.01322633959353 ], [ 3292191.274912361986935, 8387747.79070320725441 ], [ 3292233.754430033266544, 8387779.154042544774711 ], [ 3292277.64770523365587, 8387805.071686620824039 ], [ 3292306.724356215912849, 8387806.116396312601864 ], [ 3292337.927209469489753, 8387800.848393625579774 ], [ 3292349.560096249915659, 8387779.68750941939652 ], [ 3292373.883404974360019, 8387759.060151364654303 ], [ 3292407.190196601673961, 8387742.144871735014021 ], [ 3292445.26146243698895, 8387733.164896753616631 ], [ 3292481.75199150107801, 8387734.209596248343587 ], [ 3292516.650651848874986, 8387745.323429852724075 ], [ 3292537.80135509185493, 8387768.573623970150948 ], [ 3292549.434241876937449, 8387795.024698838591576 ], [ 3292567.935541245155036, 8387871.688896755687892 ], [ 3292584.856103838887066, 8387900.252015837468207 ], [ 3292613.376157370395958, 8387926.570193991065025 ], [ 3292656.668307320214808, 8387929.571005743928254 ], [ 3292697.277657539583743, 8387913.433321347460151 ], [ 3292726.242989029735327, 8387892.538851357996464 ], [ 3292740.447356044314802, 8387859.574611190706491 ], [ 3292766.985922635067254, 8387846.304490055888891 ], [ 3292809.24280132073909, 8387846.860189784318209 ], [ 3292835.625520629808307, 8387864.842655848711729 ], [ 3292889.537549995351583, 8387879.824373074807227 ], [ 3292967.839679779950529, 8387866.398619115352631 ], [ 3293016.464033335447311, 8387861.48622187692672 ], [ 3293073.21470971731469, 8387870.866458354517817 ], [ 3293107.111494647338986, 8387872.266826434060931 ], [ 3293122.440188521519303, 8387870.533037417568266 ], [ 3293176.897683391347528, 8387861.041661192663014 ], [ 3293251.604193624574691, 8387830.989421801641583 ], [ 3293384.259214538615197, 8387793.793517638929188 ], [ 3293328.504871204029769, 8388394.158274851739407 ], [ 3293258.490106277633458, 8388472.894499928690493 ], [ 3292870.90031907800585, 8388643.799441063776612 ], [ 3292547.560088620986789, 8388687.967123115435243 ], [ 3292224.290219254791737, 8388720.563888043165207 ], [ 3291958.40655738580972, 8388799.748659886419773 ], [ 3291912.018216186668724, 8388837.799991384148598 ], [ 3291685.810289736837149, 8389023.353356180712581 ], [ 3291651.046222388278693, 8389046.242569860070944 ], [ 3291616.282155040185899, 8389069.131783537566662 ], [ 3291471.642697193194181, 8389131.755745332688093 ], [ 3291345.589721801690757, 8389219.060546251013875 ], [ 3291303.47999154869467, 8389262.12753489986062 ], [ 3291300.415740677155554, 8389289.558374974876642 ], [ 3291291.440400827210397, 8389338.622453885152936 ], [ 3291307.248976348899305, 8389347.395089954137802 ], [ 3291315.893337755464017, 8389348.896653980016708 ], [ 3291334.681076062377542, 8389343.240781378000975 ], [ 3291353.771072587464005, 8389291.353404134511948 ], [ 3291377.055460143368691, 8389259.720802176743746 ], [ 3291407.560480715241283, 8389226.690806986764073 ], [ 3291432.305568215902895, 8389192.178337525576353 ], [ 3291445.427444425877184, 8389170.592736825346947 ], [ 3291464.252328242640942, 8389159.157853914424777 ], [ 3291468.550855217501521, 8389163.520284494385123 ], [ 3291469.880040637683123, 8389180.866191171109676 ], [ 3291465.879616445861757, 8389199.490349443629384 ], [ 3291462.442490647081286, 8389215.49204621091485 ], [ 3291456.439097479917109, 8389232.094181979075074 ], [ 3291446.285170370247215, 8389260.174447877332568 ], [ 3291427.111016120761633, 8389325.064455078914762 ], [ 3291410.840016426984221, 8389387.084387974813581 ], [ 3291399.037276946939528, 8389427.46180547401309 ], [ 3291381.512309402227402, 8389460.577785197645426 ], [ 3291333.69822957040742, 8389493.495133837684989 ], [ 3291261.401846477761865, 8389520.472087994217873 ], [ 3291012.844393035396934, 8389591.07617087289691 ], [ 3290949.123807065188885, 8389629.665923302993178 ], [ 3290945.686534019187093, 8389713.445360725745559 ], [ 3290917.985933730844408, 8389758.053242541849613 ], [ 3290877.246237945277244, 8389811.244259921833873 ], [ 3290829.43719103327021, 8389842.715043731033802 ], [ 3290778.781167450826615, 8389868.387134805321693 ], [ 3290699.228747658897191, 8389901.091416034847498 ], [ 3290641.129710962064564, 8389961.391312677413225 ], [ 3290577.346389366779476, 8390008.648961452767253 ], [ 3290372.087510218378156, 8390072.299944004043937 ], [ 3290291.156240036711097, 8390094.876854276284575 ], [ 3290221.754416304640472, 8390118.975324891507626 ], [ 3290207.713634316809475, 8390089.64563393779099 ], [ 3289857.644445224665105, 8389666.848900400102139 ], [ 3289532.610509287100285, 8389373.609722686931491 ], [ 3289520.031406833324581, 8389359.229102151468396 ], [ 3289255.030388289596885, 8388971.082037774845958 ], [ 3289249.114990999456495, 8388974.903736744076014 ], [ 3289225.838085481896996, 8388938.874697053804994 ], [ 3289230.836585558950901, 8388935.645368294790387 ], [ 3289208.070076424628496, 8388902.299256136640906 ], [ 3289073.677870885469019, 8388724.843145731836557 ], [ 3288767.313921436667442, 8387873.340613443404436 ], [ 3288763.492264300119132, 8387783.620541048236191 ], [ 3288614.22047329461202, 8387728.591914629563689 ], [ 3288549.799883997999132, 8387694.640398353338242 ], [ 3288529.743383079767227, 8387678.32485378999263 ], [ 3288018.878971540834755, 8387501.495308268815279 ], [ 3287992.76341901300475, 8387484.941942892037332 ], [ 3287805.699513231869787, 8387305.137269580736756 ], [ 3287173.640817082021385, 8386716.958114138804376 ], [ 3287051.239296888932586, 8386457.708191826939583 ], [ 3286825.847121241502464, 8386180.947510159574449 ], [ 3286805.442258589435369, 8386147.620221618562937 ], [ 3286720.761252015829086, 8385904.401121759787202 ], [ 3286594.148108850233257, 8385726.455207044258714 ], [ 3286539.391872431151569, 8385561.05682222917676 ], [ 3286458.392832270357758, 8385496.908559148199856 ], [ 3286294.372974859550595, 8385272.552392385900021 ], [ 3286248.588226206135005, 8385235.688764957711101 ], [ 3286190.134361611213535, 8385175.556221261620522 ], [ 3286177.610073883086443, 8385160.592331038787961 ], [ 3285788.193301188293844, 8384872.526304101571441 ], [ 3285248.220338411163539, 8384124.229136311449111 ], [ 3285113.511496326420456, 8383712.581171786412597 ], [ 3285107.382060613948852, 8383702.65512687060982 ], [ 3285093.438747491221875, 8383651.242167808115482 ], [ 3284961.223989250138402, 8383247.215711430646479 ], [ 3284952.875027441419661, 8383196.08233573846519 ], [ 3284948.849619687534869, 8383171.391253312118351 ], [ 3284947.375174829736352, 8383112.664254820905626 ], [ 3284881.730914570856839, 8382870.615206959657371 ], [ 3284872.825355303939432, 8382797.160826173610985 ], [ 3284878.523106246720999, 8382646.492632169276476 ], [ 3284811.086964832618833, 8382390.132921942509711 ], [ 3284814.483398984186351, 8382320.594103721901774 ], [ 3284693.882201534695923, 8381869.727642180398107 ], [ 3284735.717990042176098, 8381381.087399384006858 ], [ 3284736.739281302317977, 8381342.766115970909595 ], [ 3284484.865620993543416, 8381038.874618518166244 ], [ 3284320.714895527344197, 8380821.437102859839797 ], [ 3284175.142397466581315, 8380609.214107612147927 ], [ 3283761.13573931157589, 8379724.560293219983578 ], [ 3283653.254259102512151, 8378753.800039323978126 ], [ 3283670.787078864406794, 8378422.301252554170787 ], [ 3283864.384461848530918, 8377509.492806049063802 ], [ 3283972.840886288322508, 8377320.638680035248399 ], [ 3283899.002394649200141, 8377030.717768349684775 ], [ 3283895.125431601889431, 8377009.097287552431226 ], [ 3283645.2857456644997, 8376141.282339581288397 ], [ 3283653.018345869611949, 8376049.437033898197114 ], [ 3283642.520887974184006, 8376007.286916233599186 ], [ 3283593.497751406393945, 8375860.314122701063752 ], [ 3283557.018354277126491, 8375709.669468964450061 ], [ 3283487.673080216627568, 8375302.486127601005137 ], [ 3283477.231311975978315, 8375198.197184867225587 ], [ 3283538.420707155484706, 8374227.835819579660892 ], [ 3283906.730284221470356, 8373328.006181944161654 ], [ 3284543.473405899479985, 8372593.224909509532154 ], [ 3284618.914624767843634, 8372530.452552789822221 ], [ 3284852.810979860369116, 8372381.040510512888432 ], [ 3284853.061386028304696, 8372379.844035276211798 ], [ 3284928.28864071238786, 8372013.092790040187538 ], [ 3284995.71402732282877, 8371746.91570645570755 ], [ 3285001.536848282907158, 8371727.675249855034053 ], [ 3285005.495561043266207, 8371656.428466283716261 ], [ 3285018.778855658136308, 8371495.599528222344816 ], [ 3285055.983280348125845, 8371156.58353678137064 ], [ 3285080.728973433375359, 8370822.528131785802543 ], [ 3285212.512228571344167, 8370230.216773644089699 ], [ 3285117.148291856981814, 8367296.37330883461982 ], [ 3285116.675296720582992, 8367280.533440638333559 ], [ 3285028.978755613323301, 8364058.497559957206249 ], [ 3285062.753071458544582, 8363520.703009172342718 ], [ 3285104.977331991773099, 8363246.245315707288682 ], [ 3285129.021639472339302, 8363110.72215424105525 ], [ 3285184.237980168778449, 8362836.264460776001215 ], [ 3285412.580976331606507, 8362146.901822225190699 ], [ 3286551.005050953477621, 8359736.209891421720386 ], [ 3287760.225732033606619, 8355819.319491892121732 ], [ 3287977.358662261161953, 8355090.209968286566436 ], [ 3287631.952037767972797, 8348969.846972878091037 ], [ 3287699.125710165128112, 8348147.767481775023043 ], [ 3287987.636984019074589, 8347375.05263345502317 ], [ 3288475.676747431978583, 8346710.113402183167636 ], [ 3289126.35315327020362, 8346203.2137998547405 ], [ 3289349.48519179597497, 8346074.293066484853625 ], [ 3289381.299137881956995, 8346058.067355461418629 ], [ 3289754.587750166188926, 8345350.697057317011058 ], [ 3290418.643239085562527, 8344701.16742975730449 ], [ 3291249.557752290740609, 8344285.909075011499226 ], [ 3292167.668890685774386, 8344144.734123276546597 ], [ 3292276.675481351092458, 8344162.136871228925884 ], [ 3292339.285452232230455, 8344158.737765523605049 ], [ 3292578.943741884548217, 8344156.175858796574175 ], [ 3292676.770573973190039, 8344156.725262735038996 ], [ 3293025.8377830744721, 8344164.378558192402124 ], [ 3293223.820529364049435, 8344175.273547671735287 ], [ 3293569.227761786896735, 8344205.757701933383942 ], [ 3293742.91522511234507, 8344136.701240611262619 ], [ 3294587.612513008993119, 8343936.052104509435594 ], [ 3294638.481887489091605, 8343931.563630290329456 ], [ 3294804.457257828209549, 8343844.385783367790282 ], [ 3295086.48094468889758, 8343714.408102127723396 ], [ 3295407.783267837483436, 8343586.045361849479377 ], [ 3296639.491594420280308, 8343374.298096482641995 ], [ 3296950.217139833141118, 8343386.604058677330613 ], [ 3297007.30552462534979, 8343401.513950811699033 ], [ 3297734.520723063498735, 8342899.717056073248386 ], [ 3298617.191763845272362, 8342631.266951092518866 ], [ 3299539.698280402459204, 8342643.730979668907821 ], [ 3300164.556287871208042, 8342852.374494068324566 ], [ 3300183.78725076559931, 8342851.412945923395455 ], [ 3300333.60010160272941, 8342847.669962557032704 ], [ 3300610.484250980895013, 8342847.669962557032704 ], [ 3300908.995408053509891, 8342862.558391927741468 ], [ 3301093.58484097244218, 8342881.017335220240057 ], [ 3301770.312989423051476, 8343029.069107932038605 ], [ 3301967.208384536206722, 8343096.751900001429021 ], [ 3302455.433152004610747, 8343314.981251505203545 ], [ 3302578.756941071245819, 8343383.897486571222544 ], [ 3302625.344235773198307, 8343373.824557987041771 ], [ 3302800.033629841636866, 8343341.436342453584075 ], [ 3303018.464458795264363, 8343307.594946418888867 ], [ 3303084.106430881656706, 8343299.622771873138845 ], [ 3303164.323350863065571, 8343269.976223765872419 ], [ 3303431.97802859544754, 8343177.681507306173444 ], [ 3303435.671413120813668, 8343176.479809878394008 ], [ 3303667.590108377858996, 8342912.95699845906347 ], [ 3304292.012615051586181, 8342488.698829202912748 ], [ 3304467.372576324269176, 8342399.480603292584419 ], [ 3305248.126065619289875, 8342129.840100188739598 ], [ 3306072.819899383932352, 8342083.341793651692569 ], [ 3306290.537174155004323, 8342101.18716942332685 ], [ 3306938.821099887602031, 8342227.262591995298862 ], [ 3307115.362529343459755, 8342282.332638111896813 ], [ 3307284.142242298927158, 8342363.944983795285225 ], [ 3307576.112199109978974, 8342217.368520345538855 ], [ 3307629.287422262132168, 8342198.872790552675724 ], [ 3307745.384374490473419, 8342143.231854923069477 ], [ 3308136.520644439850003, 8341931.80684413947165 ], [ 3308314.949770003091544, 8341842.888348256237805 ], [ 3308785.652823945973068, 8341627.534009851515293 ], [ 3308968.741977248806506, 8341550.98560933675617 ], [ 3309326.400455206632614, 8341415.165934162214398 ], [ 3309437.801166176330298, 8341360.741159337572753 ], [ 3309494.680764442775398, 8341323.550652778707445 ], [ 3309611.771580376662314, 8341231.9647670481354 ], [ 3309721.546252966392785, 8341131.151292220689356 ], [ 3309970.187180443666875, 8340855.315263301134109 ], [ 3310364.921193379443139, 8340370.641855011694133 ], [ 3310366.622196547687054, 8340368.343691156245768 ], [ 3310459.205952225252986, 8340006.425373506732285 ], [ 3310481.804452452342957, 8339923.098590992391109 ], [ 3310607.94056494673714, 8339483.160442536696792 ], [ 3310645.700284002814442, 8339361.303676941432059 ], [ 3310762.606924851424992, 8339010.583754396997392 ], [ 3310878.59717834321782, 8338715.573216152377427 ], [ 3311004.733290837612003, 8338438.689066774211824 ], [ 3311238.642048479989171, 8338018.282314401119947 ], [ 3311374.007632620166987, 8337815.233938190154731 ], [ 3311828.805217538494617, 8337280.95405197981745 ], [ 3312001.088688262738287, 8337120.976543450728059 ], [ 3312578.97791336895898, 8336700.526571919210255 ], [ 3312788.179270676802844, 8336583.619931071065366 ], [ 3313550.128127220552415, 8336285.623951196670532 ], [ 3313793.170880563091487, 8336227.170630772598088 ], [ 3314494.686097010970116, 8336143.997057060711086 ], [ 3314771.57024638960138, 8336143.997057060711086 ], [ 3315868.527363662142307, 8336351.742576740682125 ], [ 3316040.810834385920316, 8336419.425368811003864 ], [ 3316968.358881599735469, 8336997.774060944095254 ], [ 3317627.135290113277733, 8337870.039062631316483 ], [ 3317694.818082179874182, 8338005.40464676450938 ], [ 3317774.806836444884539, 8338165.382155293598771 ], [ 3317867.101552912034094, 8338349.971588229760528 ], [ 3318063.936402638442814, 8339158.279487072490156 ], [ 3318534.856898005586118, 8339204.909805464558303 ], [ 3318811.741047383286059, 8339260.286635340191424 ], [ 3319153.738057643175125, 8339368.159152039326727 ], [ 3319263.424830346833915, 8339368.159152039326727 ], [ 3319532.216908498201519, 8339361.023079168982804 ], [ 3319826.627851478755474, 8339345.527766379527748 ], [ 3320125.756222390104085, 8339326.31768751423806 ], [ 3320364.753137079067528, 8339307.933309460990131 ], [ 3320458.605734826996922, 8339296.782505768351257 ], [ 3320466.388408660888672, 8339291.998660383746028 ], [ 3320685.617412733845413, 8339142.801143723540008 ], [ 3320714.136810386553407, 8339117.206812497228384 ], [ 3320788.787651677615941, 8339024.307987779378891 ], [ 3320832.186796439345926, 8338725.336101642809808 ], [ 3320864.828600021079183, 8338541.090534055605531 ], [ 3321000.194184161256999, 8337895.027518841437995 ], [ 3321064.801308902446181, 8337642.071500215679407 ], [ 3321224.778817432001233, 8337112.915125846862793 ], [ 3321260.506454745773226, 8337002.496125557459891 ], [ 3321411.254491629078984, 8336565.634467650204897 ], [ 3321472.101681079249829, 8336404.465409828349948 ], [ 3321576.390826068818569, 8336150.544013333506882 ], [ 3321629.979205464478582, 8335991.189095658250153 ], [ 3321677.265606728382409, 8335811.500770852901042 ], [ 3321710.329857032746077, 8335653.694121673703194 ], [ 3321740.035775318741798, 8335449.996396283619106 ], [ 3321946.697841120883822, 8334711.719105331227183 ], [ 3322333.733585933223367, 8334049.929183971136808 ], [ 3323062.970697904005647, 8333105.096950687468052 ], [ 3323917.621386499144137, 8332351.805934677831829 ], [ 3324769.606655172072351, 8332048.665793770924211 ], [ 3324991.504883936606348, 8331971.477933804504573 ], [ 3326211.522305764723569, 8331787.909477273933589 ], [ 3327081.924944596830755, 8331784.635288459248841 ], [ 3327916.632660555187613, 8332031.362876940518618 ], [ 3328645.380548857152462, 8332507.322948053479195 ], [ 3328856.968996264506131, 8332694.458683958277106 ], [ 3329326.643211874645203, 8332583.510245470330119 ], [ 3329449.241722891107202, 8332569.086891233921051 ], [ 3330122.344215127639472, 8332293.828263487666845 ], [ 3331096.943129675928503, 8332234.050801159814 ], [ 3331336.909392470028251, 8332258.662725549191236 ], [ 3332198.004277247935534, 8332479.370417336001992 ], [ 3332956.6211096518673, 8332942.724264194257557 ], [ 3333546.153644869104028, 8333608.041989589110017 ], [ 3333706.131153399124742, 8333854.161233480088413 ], [ 3333834.834882099181414, 8334071.7056869789958 ], [ 3333994.812390628270805, 8334370.125270198099315 ], [ 3334080.234957909211516, 8334542.530328721739352 ], [ 3334240.212466438766569, 8334893.250251267105341 ], [ 3334409.806015335489064, 8335366.576038014143705 ], [ 3334523.636165635660291, 8335794.208224275149405 ], [ 3334597.951539238914847, 8336167.031797531992197 ], [ 3334665.634331308305264, 8336671.57624750956893 ], [ 3334686.863216320984066, 8336890.439451992511749 ], [ 3334720.704612356610596, 8337453.437222395092249 ], [ 3334726.109659965150058, 8337633.440197678282857 ], [ 3334726.109659965150058, 8338159.61177025269717 ], [ 3334745.513252883218229, 8338464.777367969974875 ], [ 3334793.223496085032821, 8338777.062596198171377 ], [ 3334813.519965087994933, 8338939.477312005124986 ], [ 3334847.361361123155802, 8339287.120744002051651 ], [ 3334861.475244105327874, 8339577.782224420458078 ], [ 3334861.475244105327874, 8339830.054449409246445 ], [ 3334859.915587124414742, 8339926.778331440873444 ], [ 3334850.686115478631109, 8340212.891952464357018 ], [ 3334847.836615069303662, 8340276.259345958940685 ], [ 3334896.604226036462933, 8340280.712407264858484 ], [ 3335524.208297959994525, 8340348.395199335180223 ], [ 3335808.005190538708121, 8340392.833054075948894 ], [ 3336315.626131064724177, 8340497.433732730336487 ], [ 3336738.984842158854008, 8340617.629412957467139 ], [ 3337038.572866169735789, 8340727.002818548120558 ], [ 3337311.38059922773391, 8340807.692429733462632 ], [ 3337670.303462185896933, 8340894.015649939887226 ], [ 3337925.699831491801888, 8340945.893037455156446 ], [ 3338021.400048039387912, 8340959.564496961422265 ], [ 3338156.511571208015084, 8340967.934237334877253 ], [ 3338336.699284194037318, 8340967.934237334877253 ], [ 3338471.122066262178123, 8340957.093690394423902 ], [ 3338681.970419941470027, 8340921.952298114076257 ], [ 3338971.130329842213541, 8340867.111625546589494 ], [ 3339280.987253174185753, 8340800.713713404722512 ], [ 3340351.508428622968495, 8340766.8504219930619 ], [ 3340640.698540195357054, 8340809.921289674006402 ], [ 3341883.332293667364866, 8341297.548350845463574 ], [ 3342103.77048615179956, 8341369.931040914729238 ], [ 3342167.594865673687309, 8341391.685911521315575 ], [ 3342524.467769316397607, 8341517.822024015709758 ], [ 3342609.315620872657746, 8341549.258647969923913 ], [ 3342910.811694639734924, 8341666.165288819000125 ], [ 3342928.752249135635793, 8341673.188182412646711 ], [ 3343310.237077167723328, 8341823.936219295486808 ], [ 3343321.88498826045543, 8341828.567179895937443 ], [ 3343761.815096386708319, 8342004.539223146624863 ], [ 3344203.098837030585855, 8342173.182690909132361 ], [ 3344687.484601395204663, 8342350.396994944661856 ], [ 3344925.396403596736491, 8342449.21613131929189 ], [ 3345294.575269434135407, 8342621.499602043069899 ], [ 3345719.970620216801763, 8342864.127238279208541 ], [ 3345804.006829408463091, 8342921.625697200186551 ], [ 3345823.96861401386559, 8342931.997997044585645 ], [ 3346119.285121548455209, 8342941.524335997179151 ], [ 3346132.435118878725916, 8342941.977399083785713 ], [ 3346720.04481366975233, 8342963.512832923792303 ], [ 3346732.518042847048491, 8342963.995953554287553 ], [ 3347265.125303958076984, 8342985.735025436617434 ], [ 3347112.943816978018731, 8342458.952955120243132 ], [ 3346966.988982332870364, 8341957.233211025595665 ], [ 3346832.566462385933846, 8341498.974620297551155 ], [ 3346747.839031561277807, 8341121.519333233125508 ], [ 3346667.850277296733111, 8340613.898392707109451 ], [ 3346634.243233673274517, 8340280.134816785342991 ], [ 3346609.631309283431619, 8339726.366518029943109 ], [ 3346606.730595145374537, 8339611.797858116216958 ], [ 3346603.654104596935213, 8339116.482879784889519 ], [ 3346606.270697582513094, 8338971.202140780165792 ], [ 3346624.729640874546021, 8338534.340482871979475 ], [ 3346676.597520113456994, 8338091.532893070019782 ], [ 3346765.815746024250984, 8337630.059310773387551 ], [ 3346861.636951368302107, 8337261.659422485157847 ], [ 3347021.614459897391498, 8336775.573915801011026 ], [ 3347151.750530892051756, 8336446.812334284186363 ], [ 3347360.95188819989562, 8335997.644714182242751 ], [ 3347538.591007912531495, 8335670.855762575753033 ], [ 3347795.290902357548475, 8335261.358311912976205 ], [ 3348000.020498676225543, 8334933.188811930827796 ], [ 3348076.872841976583004, 8334809.042718906886876 ], [ 3348127.536026433575898, 8334704.848622570745647 ], [ 3348215.465232571586967, 8334486.653925859369338 ], [ 3348227.127667, 8334450.637584241107106 ], [ 3348234.552814369555563, 8334410.329641378484666 ], [ 3348313.278098240494728, 8334085.648425981402397 ], [ 3348393.266852505505085, 8333821.07023879699409 ], [ 3348475.481295185629278, 8333585.093389608897269 ], [ 3348569.600264623295516, 8333347.319151028990746 ], [ 3348614.88223204575479, 8333217.51084441691637 ], [ 3348645.47165411291644, 8333111.838295459747314 ], [ 3348732.135735445655882, 8332767.730913695879281 ], [ 3348854.310082242824137, 8332252.473885897547007 ], [ 3348932.029722100123763, 8331850.160456047393382 ], [ 3348988.853716838173568, 8331442.060857481323183 ], [ 3349218.753352533094585, 8330637.375549167394638 ], [ 3349378.730861062183976, 8330277.426154975779355 ], [ 3349849.187462629750371, 8329629.477560703642666 ], [ 3350080.871511447709054, 8329295.550663270056248 ], [ 3350333.14373643649742, 8329061.73738157376647 ], [ 3351385.894790747668594, 8328428.879312197677791 ], [ 3351525.077952485065907, 8328380.413746949285269 ], [ 3352159.858642318286002, 8328050.088368512690067 ], [ 3352578.116064278874546, 8327871.309815546497703 ], [ 3353105.526434584055096, 8327691.807423107326031 ], [ 3353647.853188539389521, 8327561.97693177498877 ], [ 3354021.457919135224074, 8327508.604827404953539 ], [ 3354504.769070696551353, 8327395.953355988487601 ], [ 3355295.960880608763546, 8327169.898553155362606 ], [ 3355356.64436646644026, 8327153.246784288436174 ], [ 3356039.313368820119649, 8326973.597046826966107 ], [ 3356145.678239741828293, 8326947.671902333386242 ], [ 3356648.697504634503275, 8326834.749210215173662 ], [ 3357345.024867774918675, 8326762.15424532815814 ], [ 3358130.350862963590771, 8326772.419944611378014 ], [ 3359299.540723961777985, 8327026.300572006031871 ], [ 3359803.042063773609698, 8327247.881948991678655 ], [ 3360462.877288770861924, 8327646.472384077496827 ], [ 3360688.999344096053392, 8327826.447081172838807 ], [ 3361435.43091959413141, 8328702.833601378835738 ], [ 3361542.600333231966943, 8329026.913192126899958 ], [ 3361599.971064685378224, 8329095.125506730750203 ], [ 3361750.965618875809014, 8329295.652091631665826 ], [ 3362207.486641672439873, 8330307.308654451742768 ], [ 3362285.782240524888039, 8330305.788351560942829 ], [ 3362459.109321247320622, 8330300.010782203637064 ], [ 3362424.170922051649541, 8329988.741407552734017 ], [ 3362433.319109700620174, 8329246.134678113274276 ], [ 3362624.60882657719776, 8328528.52985081449151 ], [ 3362673.233435158617795, 8328408.398464907892048 ], [ 3362631.726638504303992, 8328126.152247657999396 ], [ 3362448.139843390788883, 8327365.57838218845427 ], [ 3362365.827650963328779, 8326754.63535088300705 ], [ 3362345.296252395957708, 8326092.49774709623307 ], [ 3362563.014630872756243, 8324873.940905893221498 ], [ 3362676.963661805260926, 8324592.419770647771657 ], [ 3362762.736164144705981, 8324290.832585002295673 ], [ 3362866.074062849394977, 8323796.286926915869117 ], [ 3362921.813593626488, 8323415.946599260903895 ], [ 3362921.894837665837258, 8323414.619613285176456 ], [ 3362910.967578212730587, 8323357.251501157879829 ], [ 3362707.901954665780067, 8322778.138426597230136 ], [ 3362578.104714603163302, 8322268.845319913700223 ], [ 3362454.916323200799525, 8321514.31642257515341 ], [ 3362418.466278074774891, 8320902.467210691422224 ], [ 3362446.512063378468156, 8320248.065553606487811 ], [ 3362446.512063378468156, 8319844.449158996343613 ], [ 3362423.338866035919636, 8319520.024396201595664 ], [ 3362415.714965527877212, 8319306.283246237784624 ], [ 3362415.714965527877212, 8318823.795379912480712 ], [ 3362420.695140501018614, 8318651.005774621851742 ], [ 3362451.492238351609558, 8318117.189411879517138 ], [ 3362665.671623709611595, 8317164.400743969716132 ], [ 3362840.188511529471725, 8316733.241374062374234 ], [ 3363334.530752071645111, 8315973.862683010287583 ], [ 3363361.998705361038446, 8315906.664297284558415 ], [ 3363564.929046957287937, 8315054.356862581335008 ], [ 3363709.313395589124411, 8314606.969028737396002 ], [ 3363996.752975527662784, 8313908.90147745795548 ], [ 3364649.466927395667881, 8312929.830549658276141 ], [ 3364967.703605184797198, 8312611.593871870078146 ], [ 3365782.91982688382268, 8312032.15653972979635 ], [ 3366409.127483177930117, 8311729.318410865962505 ], [ 3366832.974058522377163, 8311562.739060402847826 ], [ 3367717.704715637024492, 8311290.514242828823626 ], [ 3368207.696939094457775, 8311121.04324825014919 ], [ 3368272.493207915686071, 8311055.136995376087725 ], [ 3368521.436415540985763, 8310828.008398728445172 ], [ 3368623.234609926119447, 8310743.724275562912226 ], [ 3368680.820519460830837, 8310507.210718544200063 ], [ 3368690.187136414926499, 8310469.789091390557587 ], [ 3368782.578429966699332, 8310110.489616469480097 ], [ 3368959.379725753329694, 8309610.889394477009773 ], [ 3369095.400241259485483, 8309313.184115255251527 ], [ 3369436.591660893522203, 8308743.341959242708981 ], [ 3369616.24139835499227, 8308507.230875720269978 ], [ 3369745.997396607417613, 8308348.282549551688135 ], [ 3369943.612107815220952, 8308122.437165315262973 ], [ 3370080.021848369389772, 8307976.630645368248224 ], [ 3370295.601533323060721, 8307761.050960414111614 ], [ 3370837.858033025637269, 8307331.575863914564252 ], [ 3370999.542796741239727, 8307231.48529589921236 ], [ 3371964.365651317406446, 8306845.835945554077625 ], [ 3373002.870709364768118, 8306812.432254980318248 ], [ 3373110.660551841370761, 8306827.830803907476366 ], [ 3373179.593444985803217, 8306838.497513386420906 ], [ 3373395.173129939474165, 8306874.427460878156126 ], [ 3373417.979238477069885, 8306878.318919852375984 ], [ 3373741.3487659082748, 8306934.780265912413597 ], [ 3374112.39687966927886, 8307024.212906359694898 ], [ 3374435.766407100018114, 8307124.303474373184144 ], [ 3374767.130621051881462, 8307248.726500587537885 ], [ 3375090.500148482155055, 8307392.44629055634141 ], [ 3375201.551525725517422, 8307446.30062940903008 ], [ 3375749.212218710687011, 8307491.801739925518632 ], [ 3376031.051407338585705, 8307419.44908488355577 ], [ 3376817.522867769002914, 8307490.535172500647604 ], [ 3377069.104598015546799, 8307504.637116278521717 ], [ 3377096.712768364232033, 8307510.321151350624859 ], [ 3377665.45218868739903, 8307744.183215885423124 ], [ 3377679.138019599020481, 8307710.088689754717052 ], [ 3377794.442731054965407, 8307756.372975339181721 ], [ 3378044.965079746209085, 8307900.23652439378202 ], [ 3378128.773520634509623, 8307934.698026992380619 ], [ 3378198.605951515957713, 8307980.170307566411793 ], [ 3378194.674539472907782, 8307986.207833204418421 ], [ 3378518.20218652067706, 8308171.994992571882904 ], [ 3378712.390804254915565, 8308372.091658188030124 ], [ 3379048.987252805382013, 8308689.033129381015897 ], [ 3379892.748931196983904, 8309157.617649370804429 ], [ 3379956.897327006794512, 8309210.397975036874413 ], [ 3380354.778769687749445, 8309735.122115976177156 ], [ 3380740.564220695290715, 8309726.296780720353127 ], [ 3381075.445309815462679, 8309725.489416899159551 ], [ 3381132.55220856750384, 8309736.336788795888424 ], [ 3381357.716637703124434, 8309804.076471207663417 ], [ 3381901.337962484918535, 8309887.542086845263839 ], [ 3382586.859523870050907, 8310178.351269067265093 ], [ 3382649.788431989960372, 8310214.854445472359657 ], [ 3382853.408557110000402, 8310344.179523933678865 ], [ 3382902.71195956133306, 8310378.350532910786569 ], [ 3382954.652209050953388, 8310416.817130000330508 ], [ 3383279.264908978249878, 8310558.624352399259806 ], [ 3383378.837166565936059, 8310653.608277906663716 ], [ 3383394.466669094283134, 8310657.655235306359828 ], [ 3383443.948182732332498, 8310678.978080589324236 ], [ 3384177.505848691333085, 8311129.595050339587033 ], [ 3384447.600000470411032, 8311430.20861803367734 ], [ 3384577.270275055896491, 8311513.925791931338608 ], [ 3384621.35279339319095, 8311550.544175109826028 ], [ 3385078.735310336109251, 8312047.3605627855286 ], [ 3385262.45656049484387, 8312181.237423100508749 ], [ 3385339.200217418372631, 8312260.420894561335444 ], [ 3385770.526200205087662, 8312837.920639946125448 ], [ 3385775.244316191412508, 8312843.344163633882999 ], [ 3385872.680878130253404, 8312940.778105047531426 ], [ 3385960.271593954414129, 8313078.655127458274364 ], [ 3386234.331888478714973, 8313237.314606734551489 ], [ 3386797.068574976641685, 8313808.508103804662824 ], [ 3386826.412392737343907, 8313847.600644305348396 ], [ 3386874.865906310267746, 8313932.544606601819396 ], [ 3386990.258902432862669, 8314049.62708823569119 ], [ 3387008.481903069652617, 8314074.346788931638002 ], [ 3387234.191804736386985, 8314478.48660177923739 ], [ 3387561.898669046349823, 8314635.966374424286187 ], [ 3387716.800716118421406, 8314692.303960837423801 ], [ 3387738.213519006036222, 8314680.385335551574826 ], [ 3387775.349701118189842, 8314665.193614987656474 ], [ 3388911.225568520370871, 8314441.843757488764822 ], [ 3388936.472829018719494, 8314441.843757488764822 ], [ 3389353.362085967790335, 8314494.066128633916378 ], [ 3389735.260525370016694, 8314462.703591782599688 ], [ 3389752.247879656031728, 8314463.165949271060526 ], [ 3390689.121563587803394, 8314640.236000311560929 ], [ 3390705.652507963124663, 8314646.202616188675165 ], [ 3391181.148379588499665, 8314866.486616113223135 ], [ 3391202.73322884272784, 8314878.882220963947475 ], [ 3391675.391902623698115, 8315272.528038065880537 ], [ 3391794.114028987009078, 8315329.873610384762287 ], [ 3391822.122012859210372, 8315348.699100537225604 ], [ 3392597.184636427089572, 8316105.223367117345333 ], [ 3392620.595125332009047, 8316138.29469514451921 ], [ 3392667.318859821651131, 8316240.58904742822051 ], [ 3392905.73826260631904, 8316486.579789218492806 ], [ 3393135.146530429832637, 8316461.538502161391079 ], [ 3393185.574259734712541, 8316464.335419394075871 ], [ 3393476.950318831019104, 8316494.823168711736798 ], [ 3393552.591912789735943, 8316506.495354405604303 ], [ 3394060.848778206389397, 8316631.106370299123228 ], [ 3394152.820941460784525, 8316662.379109616391361 ], [ 3394761.720892006997019, 8316949.165871251374483 ], [ 3394823.826035894453526, 8316987.464145609177649 ], [ 3395325.726690132636577, 8317375.828732220456004 ], [ 3395383.156415410805494, 8317430.909002016298473 ], [ 3395411.538853251840919, 8317466.424464665353298 ], [ 3395688.693688815459609, 8317231.689023450016975 ], [ 3395694.131537820678204, 8317220.224089671857655 ], [ 3395690.126921745482832, 8317216.068504255264997 ], [ 3395701.133201360236853, 8317205.462074629031122 ], [ 3395821.646897136233747, 8316951.37603067047894 ], [ 3395875.837225222960114, 8316871.265851514413953 ], [ 3396360.198166908230633, 8316316.548160375095904 ], [ 3396500.734393939841539, 8316218.96949197165668 ], [ 3396526.111389292404056, 8316194.255639326758683 ], [ 3396529.610818570479751, 8316197.848968209698796 ], [ 3397018.862203736323863, 8315786.772697558626533 ], [ 3397103.39822500012815, 8315731.305772728286684 ], [ 3397116.77843750314787, 8315722.528497573919594 ], [ 3397724.71999666467309, 8315416.111063059419394 ], [ 3397794.851275830063969, 8315390.260433544404805 ], [ 3398955.102767972741276, 8315207.632810531184077 ], [ 3399028.807402790989727, 8315210.649446610361338 ], [ 3399074.979267837945372, 8315212.895647704601288 ], [ 3399316.754069782327861, 8315226.525573574006557 ], [ 3399614.786254765000194, 8315258.323130313307047 ], [ 3399661.905238516628742, 8315265.746669978834689 ], [ 3399845.982846693601459, 8315270.587823238223791 ], [ 3400016.900886857416481, 8315275.078860522247851 ], [ 3400606.796695340424776, 8315349.519014989957213 ], [ 3400696.453413183335215, 8315370.019144243560731 ], [ 3400959.425958251114935, 8315442.878976824693382 ], [ 3401039.89881811151281, 8315469.170310657471418 ], [ 3401515.513364252634346, 8315707.154232271946967 ], [ 3401525.007203860674053, 8315688.339462585747242 ], [ 3401778.54847598541528, 8315816.275132899172604 ], [ 3402480.546505690552294, 8316307.554186773486435 ], [ 3402627.486404165159911, 8316445.518967765383422 ], [ 3402838.638630761299282, 8316595.949766304343939 ], [ 3402934.655641170218587, 8316673.684110810980201 ], [ 3403053.837506021838635, 8316764.945853481069207 ], [ 3403116.248707956168801, 8316814.060334868729115 ], [ 3403161.566872638650239, 8316850.705104103311896 ], [ 3403192.568298258818686, 8316882.57861465960741 ], [ 3403571.814674504101276, 8316553.362235804088414 ], [ 3404661.230693879537284, 8316181.658306236378849 ], [ 3405120.013304435182363, 8316118.985705605708063 ], [ 3406111.002113569993526, 8316148.958110854960978 ], [ 3407038.105145804118365, 8316500.294320958666503 ], [ 3407800.066560232080519, 8317134.622286469675601 ], [ 3407868.898224190808833, 8317214.61359871737659 ], [ 3408162.301667700055987, 8317240.661464530043304 ], [ 3408851.294468743726611, 8317478.264718692749739 ], [ 3409414.196546392515302, 8317752.858141713775694 ], [ 3411052.096292268484831, 8318059.242816150188446 ], [ 3413452.43710176134482, 8318004.684223321266472 ], [ 3413655.958583987783641, 8318006.964426641352475 ], [ 3415097.815308434888721, 8318072.082760253921151 ], [ 3416885.719190291594714, 8318011.413759468123317 ], [ 3417547.822228921111673, 8317913.112922253087163 ], [ 3418642.523233492393047, 8317952.767922042869031 ], [ 3419650.011396238580346, 8318382.78002692386508 ], [ 3419667.742713431362063, 8318394.575433555059135 ], [ 3419947.155346889980137, 8318381.945271759293973 ], [ 3420507.970596649684012, 8318459.968362739309669 ], [ 3420988.385697037447244, 8318516.897971169091761 ], [ 3421125.763694029301405, 8318484.120649544522166 ], [ 3422029.824536410626024, 8318409.419525982812047 ], [ 3423469.324256631545722, 8318509.381931932643056 ], [ 3423672.02465381519869, 8318530.396123193204403 ], [ 3426314.239597420673817, 8318895.396862935274839 ], [ 3426869.750950128305703, 8319026.969482499174774 ], [ 3427322.738755296450108, 8319181.044132850132883 ], [ 3429248.049924155697227, 8319444.584634265862405 ], [ 3429725.888366050086915, 8319511.81547464709729 ], [ 3430269.948887648526579, 8319639.230411754921079 ], [ 3430990.646724646911025, 8319880.714050305075943 ], [ 3431026.221773587167263, 8319887.309585662558675 ], [ 3431764.541655550245196, 8320126.272804226726294 ], [ 3432714.543957634363323, 8320836.068694176152349 ], [ 3432796.163408254738897, 8320927.24197446834296 ], [ 3433064.214245942421257, 8321274.809141080826521 ], [ 3433101.523628083523363, 8321331.295257953926921 ], [ 3433244.408229683991522, 8321543.944472041912377 ], [ 3433653.137584805488586, 8322444.541613089852035 ], [ 3433665.727819212712348, 8322491.783030259422958 ], [ 3433764.928371982648969, 8323155.353166813030839 ], [ 3433766.76514358446002, 8323205.878020375967026 ], [ 3433665.23530441429466, 8324096.114756396971643 ], [ 3433305.329006035812199, 8324916.661653770133853 ], [ 3432749.322656068019569, 8325559.442821991629899 ], [ 3432671.278831548523158, 8325706.816444485448301 ], [ 3432569.180912486743182, 8325802.73537639901042 ], [ 3432291.841808095574379, 8326172.890781207941473 ], [ 3432244.030086824670434, 8326222.341454386711121 ], [ 3431806.047652863897383, 8326545.679520728997886 ], [ 3431572.6854382683523, 8327209.659500318579376 ], [ 3431545.055940668098629, 8327258.129243683069944 ], [ 3431319.855404308997095, 8327597.389329337514937 ], [ 3431260.744754735380411, 8327674.513964747078717 ], [ 3430959.273487865924835, 8327940.573421991430223 ], [ 3430656.801780539099127, 8328349.974282898940146 ], [ 3430550.561428245622665, 8328461.835794581100345 ], [ 3430524.479087891988456, 8328605.153406841680408 ], [ 3430176.209288340527564, 8329262.834329371340573 ], [ 3430155.709155371412635, 8329408.855384328402579 ], [ 3429979.488175314385444, 8329848.990170499309897 ], [ 3429988.367687076795846, 8329852.587598407641053 ], [ 3429890.697581101208925, 8330093.666190395131707 ], [ 3429741.575356587767601, 8330525.155715075321496 ], [ 3429695.035477967467159, 8330593.626283078454435 ], [ 3429631.105947755277157, 8330735.093234494328499 ], [ 3429567.773004665970802, 8330944.456968975253403 ], [ 3429545.72061355272308, 8330986.975474837236106 ], [ 3429529.640916577074677, 8331016.465862285345793 ], [ 3429536.317913342267275, 8331075.050393292680383 ], [ 3429483.975585747510195, 8332066.458528998307884 ], [ 3429474.825123611837626, 8332107.575931350700557 ], [ 3429442.50544921355322, 8332238.792236316017807 ], [ 3429432.063680988736451, 8332277.417214906774461 ], [ 3429330.939682381693274, 8332513.073582215234637 ], [ 3429458.783617263194174, 8332848.797209605574608 ], [ 3429516.252245162148029, 8333399.107087591663003 ], [ 3429606.436950727365911, 8333970.605938402935863 ], [ 3429609.030694867949933, 8334034.246369851753116 ], [ 3429575.356709093786776, 8334493.917834357358515 ], [ 3429586.920655933674425, 8334494.984742418862879 ], [ 3429575.20984551962465, 8334621.915256804786623 ], [ 3429519.378474667668343, 8334983.809932175092399 ], [ 3429500.153598625678569, 8335072.212409922853112 ], [ 3428942.86912673804909, 8336268.603632684797049 ], [ 3428905.084989820607007, 8336317.519588931463659 ], [ 3428815.590529974084347, 8336862.692760843783617 ], [ 3428656.406287843827158, 8337445.729021176695824 ], [ 3428632.843167501501739, 8337527.454733155667782 ], [ 3428382.625327305868268, 8338351.248853186145425 ], [ 3428153.910388675518334, 8338900.958387395367026 ], [ 3427691.969760621432215, 8339759.398054528981447 ], [ 3427581.966026625130326, 8339945.43876173440367 ], [ 3427449.638212560676038, 8340607.918445643037558 ], [ 3427328.378797695972025, 8340875.45905939117074 ], [ 3427199.491875099018216, 8341084.543807891197503 ], [ 3427222.596395334228873, 8341214.769285581074655 ], [ 3427260.264444080647081, 8341964.012474805116653 ], [ 3427246.791175762191415, 8342143.014468176290393 ], [ 3426965.085841939784586, 8343205.015396519564092 ], [ 3426855.374942777212709, 8343435.985710546374321 ], [ 3426789.635973611846566, 8343564.955121650360525 ], [ 3426743.516919183079153, 8343726.636864187195897 ], [ 3427001.678848226554692, 8344258.387869493104517 ], [ 3427145.614264452364296, 8345076.802082605659962 ], [ 3427059.518768524285406, 8345903.304831450805068 ], [ 3427009.475200485438108, 8346105.403856224380434 ], [ 3426931.074213963933289, 8346314.752833420410752 ], [ 3426940.006692554336041, 8346365.45068487804383 ], [ 3426878.257691189646721, 8347681.011479387059808 ], [ 3426812.956366444937885, 8347918.619282244704664 ], [ 3426682.35371695458889, 8348393.834887962788343 ], [ 3426526.319969857111573, 8348827.819494449533522 ], [ 3426307.19872279651463, 8349315.756911352276802 ], [ 3426362.405017370358109, 8349373.852512128651142 ], [ 3426369.101432968396693, 8349386.479968037456274 ], [ 3426649.719665103591979, 8349647.295159051194787 ], [ 3426660.546398573555052, 8349661.730803677812219 ], [ 3426755.972417983226478, 8349808.424027579836547 ], [ 3426846.717133067082614, 8349892.341764805838466 ], [ 3426976.449084050487727, 8349972.634946713224053 ], [ 3426998.824333221651614, 8349991.401284727267921 ], [ 3427425.635843958240002, 8350431.043048438616097 ], [ 3427440.071488584857434, 8350449.328198299743235 ], [ 3427486.058631359599531, 8350535.382937437854707 ], [ 3427549.52962922398001, 8350594.892764841206372 ], [ 3427565.890026467386633, 8350615.343261395581067 ], [ 3427583.675531025975943, 8350646.993604202754796 ], [ 3427842.691196452826262, 8350938.750288038514555 ], [ 3427863.261990045662969, 8350969.907221023924649 ], [ 3428199.09379106014967, 8351654.413637372665107 ], [ 3428216.77745572803542, 8351706.261660990305245 ], [ 3428299.192164641804993, 8352138.763364279642701 ], [ 3428396.192453557625413, 8352448.35719274636358 ], [ 3428401.905524007510394, 8352951.18294969201088 ], [ 3428459.575859828386456, 8353407.419255857355893 ], [ 3428322.853696209844202, 8354252.115206585265696 ], [ 3428316.598250205162913, 8354272.084514985792339 ], [ 3427976.066407162230462, 8354999.498546840623021 ], [ 3427770.704633875284344, 8355240.185016840696335 ], [ 3427701.291459989733994, 8355337.786983223631978 ], [ 3427699.869707933161408, 8355393.067838254384696 ], [ 3427397.263787273317575, 8356264.194552712142467 ], [ 3427387.158836034592241, 8356283.201484804041684 ], [ 3427000.753334687557071, 8356824.991727167740464 ], [ 3426913.320098628755659, 8357194.804902193136513 ], [ 3426905.139900006819516, 8357213.811834285035729 ], [ 3426430.633266490418464, 8357976.303046589717269 ], [ 3426420.768909328617156, 8357987.851562290452421 ], [ 3426316.577504700049758, 8358064.64453830011189 ], [ 3426258.384507170412689, 8358198.894087236374617 ], [ 3425786.788213208783418, 8358800.800540460273623 ], [ 3425769.465439656749368, 8358817.882719934917986 ], [ 3425335.67040230287239, 8359109.079423044808209 ], [ 3425364.717838097829372, 8359237.29911772441119 ], [ 3425366.883184792008251, 8359248.396519531495869 ], [ 3425419.120931832119823, 8359963.398356670513749 ], [ 3425418.308926822151989, 8359980.721130222082138 ], [ 3425353.297353927511722, 8360476.762059161439538 ], [ 3425307.283736679702997, 8360688.695366837084293 ], [ 3425226.407935746014118, 8360954.10588392522186 ], [ 3425267.481747826561332, 8361187.949803207069635 ], [ 3425268.464186049532145, 8361193.574489236809313 ], [ 3425295.249175609089434, 8361347.790463024750352 ], [ 3425289.177379345986992, 8361879.713634808547795 ], [ 3425318.153725600335747, 8361915.044957853853703 ], [ 3425868.299562023952603, 8362943.25114100985229 ], [ 3425882.623311380390078, 8362990.271904689259827 ], [ 3425986.388289693277329, 8363101.595089513808489 ], [ 3426054.649401423987001, 8363183.053128825500607 ], [ 3426418.736494701821357, 8363729.376152043230832 ], [ 3426520.582696797791868, 8363925.867458576336503 ], [ 3426521.12386024557054, 8363927.707294156774879 ], [ 3428883.112991489004344, 8365537.62409701757133 ], [ 3429336.738192823249847, 8365917.409372275695205 ], [ 3429768.40346878580749, 8366358.143246472813189 ], [ 3429806.566886451095343, 8366373.283103059977293 ], [ 3430710.197066624648869, 8366934.683330422267318 ], [ 3431361.090574979782104, 8367776.143584137782454 ], [ 3431457.429991776123643, 8367961.129259954206645 ], [ 3431767.688660119194537, 8368931.039638921618462 ], [ 3431874.198017789516598, 8369692.06912162527442 ], [ 3431851.376730354037136, 8370662.842198844999075 ], [ 3431519.673052082303911, 8371575.472380483523011 ], [ 3430913.839252225589007, 8372334.344296926632524 ], [ 3430171.709313347935677, 8373004.550102696754038 ], [ 3429851.726528201717883, 8373256.295499411411583 ], [ 3428716.376638502348214, 8374030.862047801725566 ], [ 3427532.723664273042232, 8375157.715580865740776 ], [ 3427154.417013698257506, 8375463.428485994227231 ], [ 3426308.912033855449408, 8376040.023900191299617 ], [ 3426113.733368391636759, 8376349.937938124872744 ], [ 3425552.077986102551222, 8376875.028466743417084 ], [ 3425001.665066059678793, 8377270.692251180298626 ], [ 3424201.503834759350866, 8377680.068495363928378 ], [ 3423315.98855648515746, 8377834.047706041485071 ], [ 3422424.603762038517743, 8377718.808591119013727 ], [ 3422257.516504455823451, 8377670.954641687683761 ], [ 3421250.831244277302176, 8377685.836065386421978 ], [ 3419720.607268188148737, 8377869.922581629827619 ], [ 3419255.378327789716423, 8378011.200003074482083 ], [ 3419486.753837726078928, 8378307.638327357359231 ], [ 3419981.256954783573747, 8379245.892981238663197 ], [ 3420118.379150419496, 8380297.583350013010204 ], [ 3419880.982357415370643, 8381331.265066491439939 ], [ 3419779.249649671372026, 8381569.592588891275227 ], [ 3419894.939613486174494, 8382209.598258863203228 ], [ 3419839.25186762213707, 8383249.689650014042854 ], [ 3419709.259922593832016, 8383823.641260465607047 ], [ 3419805.823554002679884, 8384026.627846951596439 ], [ 3419936.308877918869257, 8384901.776704997755587 ], [ 3419936.308877918869257, 8385157.025458024814725 ], [ 3420442.486069053877145, 8385862.68941355496645 ], [ 3420706.585237175691873, 8386479.308552962727845 ], [ 3420850.138749228790402, 8386897.08788538351655 ], [ 3421043.527646868489683, 8387632.098727537319064 ], [ 3421136.148349216673523, 8388587.002518249675632 ], [ 3420922.588494133669883, 8389522.31638659350574 ], [ 3420595.697907300665975, 8390328.853392958641052 ], [ 3420250.723414705134928, 8390953.871018728241324 ], [ 3419895.867394109256566, 8391447.166330253705382 ], [ 3419837.067798296920955, 8391511.447393892332911 ], [ 3419871.728151900693774, 8391777.047653501853347 ], [ 3419651.833183264825493, 8392783.057059263810515 ], [ 3419218.924052252899855, 8393843.218183422461152 ], [ 3418591.681123332586139, 8394801.21843221783638 ], [ 3417678.39367372635752, 8395435.526303725317121 ], [ 3417361.282507730647922, 8395882.200405759736896 ], [ 3417265.891723005566746, 8395959.46664965339005 ], [ 3417801.189521536696702, 8396367.646822724491358 ], [ 3418093.344409875106066, 8396759.446225071325898 ], [ 3418104.03042392898351, 8396751.267604121938348 ], [ 3418211.130154201295227, 8396891.201858310028911 ], [ 3418668.575118819717318, 8397241.829628201201558 ], [ 3418705.225175665691495, 8397270.37477065436542 ], [ 3419256.549955744296312, 8397706.677622176706791 ], [ 3419998.32717144722119, 8398568.515745639801025 ], [ 3420009.288193953223526, 8398600.586624745279551 ], [ 3420050.339353398885578, 8398623.552858190611005 ], [ 3420928.531073998194188, 8399367.978750007227063 ], [ 3421193.816552414558828, 8399699.696973603218794 ], [ 3421540.874647165648639, 8400279.423024324700236 ], [ 3422044.828727608080953, 8400362.780318029224873 ], [ 3423062.184145864564925, 8400728.49782951362431 ], [ 3424380.271457484457642, 8401494.189804591238499 ], [ 3425115.451317552942783, 8402095.024499448016286 ], [ 3425626.049254406709224, 8402895.512790476903319 ], [ 3425860.920842345338315, 8403815.473167000338435 ], [ 3426004.952582511585206, 8405392.933921672403812 ], [ 3426015.738045439124107, 8405566.471230989322066 ], [ 3426057.238789992406964, 8406820.263343561440706 ], [ 3425932.478090730495751, 8407781.158550377935171 ], [ 3425507.942187439650297, 8408652.166068933904171 ], [ 3424347.386600043158978, 8410292.578769309446216 ], [ 3423598.698444813955575, 8411480.950479874387383 ], [ 3423860.621082831174135, 8412067.351722154766321 ], [ 3423946.363074173685163, 8413060.999123226851225 ], [ 3423822.673978031612933, 8414586.168186653405428 ], [ 3423595.406702069565654, 8415512.555634861811996 ], [ 3423088.825809360481799, 8416320.775851178914309 ], [ 3422354.14348279312253, 8416929.122789982706308 ], [ 3421527.134936182294041, 8417415.853329004719853 ], [ 3420467.632979064714164, 8418558.23892379924655 ], [ 3419386.223248770460486, 8419302.028273018077016 ], [ 3418595.966174445580691, 8419619.459112549200654 ], [ 3418107.366496675182134, 8419943.435403106734157 ], [ 3417127.756121348589659, 8420365.464299339801073 ], [ 3416062.402625814080238, 8420418.064739037305117 ], [ 3414895.142785734497011, 8420266.182621011510491 ], [ 3413648.76166933728382, 8419807.560577694326639 ], [ 3413631.718413712456822, 8419796.496829368174076 ], [ 3413408.795704213902354, 8419756.693449279293418 ], [ 3413254.307477548718452, 8419981.224443688988686 ], [ 3412700.418077779468149, 8420587.836386723443866 ], [ 3411339.846523170825094, 8421718.699844708666205 ], [ 3411122.865359080024064, 8421882.994380690157413 ], [ 3410366.796434628311545, 8422403.258415168151259 ], [ 3410268.547362959012389, 8422503.12006613984704 ], [ 3410200.604518892243505, 8422892.182508286088705 ], [ 3409981.94043006375432, 8423605.305827055126429 ], [ 3409605.038583132438362, 8424224.481286324560642 ], [ 3408743.929716435726732, 8425312.379321748390794 ], [ 3408513.961972805671394, 8425992.972856763750315 ], [ 3408493.104599206708372, 8426106.518590431660414 ], [ 3408525.067565110046417, 8426311.918999532237649 ], [ 3408446.003597562201321, 8427077.550043137744069 ], [ 3408427.33356551034376, 8427156.738100865855813 ], [ 3408433.513019655831158, 8427270.649549333378673 ], [ 3408350.214546479750425, 8428153.241872992366552 ], [ 3408012.605289008934051, 8428972.953916750848293 ], [ 3407726.580989540554583, 8429451.213049422949553 ], [ 3407112.518153162673116, 8430182.085077822208405 ], [ 3406299.942679442465305, 8430683.052330667153001 ], [ 3406028.256089022848755, 8430795.588501568883657 ], [ 3405959.893677711021155, 8431118.018956994637847 ], [ 3405683.718131269793957, 8431629.655466480180621 ], [ 3405730.525758006609976, 8432114.670600270852447 ], [ 3405588.278892479836941, 8432915.576395656913519 ], [ 3405236.103174802847207, 8433648.827053831890225 ], [ 3405123.89971257885918, 8433818.692684253677726 ], [ 3404941.368890672456473, 8434066.398120526224375 ], [ 3404909.136333613656461, 8434105.742795282974839 ], [ 3404300.860546307172626, 8434667.834345487877727 ], [ 3403836.549354457296431, 8434903.10481177456677 ], [ 3403654.117588138207793, 8435210.940772894769907 ], [ 3403141.483748461585492, 8435854.609121948480606 ], [ 3402582.373785585165024, 8436256.371781885623932 ], [ 3402503.877045014873147, 8436344.001661645248532 ], [ 3402194.789710837416351, 8436642.875053275376558 ], [ 3401978.335170068778098, 8436824.04038467630744 ], [ 3400962.930017706938088, 8437382.122086919844151 ], [ 3400524.647138024214655, 8437432.252553580328822 ], [ 3400125.503028464037925, 8437714.612159872427583 ], [ 3399115.061182350851595, 8437988.720789326354861 ], [ 3398713.074132125359029, 8438024.79878393933177 ], [ 3398109.701597454957664, 8437986.810540998354554 ], [ 3397858.308919895906001, 8438138.557096851989627 ], [ 3397090.277717345394194, 8438356.245591219514608 ], [ 3396993.643608947750181, 8438370.1345503795892 ], [ 3394710.121953063644469, 8439325.77023677714169 ], [ 3394215.396862684283406, 8439463.90818658284843 ], [ 3394067.678525326307863, 8439593.469400161877275 ], [ 3393397.233420521486551, 8440267.042477399110794 ], [ 3392681.528911885805428, 8440798.372736481949687 ], [ 3391156.428634059615433, 8441610.858806367963552 ], [ 3390450.171470378059894, 8441879.308640971779823 ], [ 3390073.806567664723843, 8441970.205648642033339 ], [ 3390021.207707779947668, 8442014.609011713415384 ], [ 3389107.021056686062366, 8442543.139959776774049 ], [ 3388850.113011142238975, 8442587.334919769316912 ], [ 3388763.277315824758261, 8442725.407023442909122 ], [ 3388600.941821482032537, 8443140.014966260641813 ], [ 3388170.104358632583171, 8443894.976353257894516 ], [ 3387540.911071279086173, 8444494.729154335334897 ], [ 3386766.185365590732545, 8444888.921615190804005 ], [ 3386292.179591088090092, 8444975.128913220018148 ], [ 3386173.827575742732733, 8445239.149134935811162 ], [ 3385648.478833060711622, 8445868.532878750935197 ], [ 3385250.077020994853228, 8446230.984560823068023 ], [ 3384826.622618545778096, 8446552.529451869428158 ], [ 3384801.565525206271559, 8446568.264039942994714 ], [ 3384187.145166494417936, 8446862.729032794013619 ], [ 3384133.303389482200146, 8446881.358697082847357 ], [ 3383682.852831514552236, 8446998.992814777418971 ], [ 3383643.460006641689688, 8447006.070464834570885 ], [ 3383112.949125340674073, 8447053.349989607930183 ], [ 3383081.272482573054731, 8447053.349989607930183 ], [ 3382353.665607504080981, 8446963.777490053325891 ], [ 3382327.32633538544178, 8446957.192672023549676 ], [ 3382095.765351355541497, 8446976.357244979590178 ], [ 3382047.858754699118435, 8446976.357244979590178 ], [ 3381271.401619391515851, 8446874.134723845869303 ], [ 3381096.451376665383577, 8446801.667960569262505 ], [ 3380664.186265123542398, 8446622.617888828739524 ], [ 3380569.133891446515918, 8446612.660509889945388 ], [ 3380519.37243453739211, 8446634.332258084788918 ], [ 3379702.651311916299164, 8446745.368210919201374 ], [ 3378886.537834093905985, 8446629.950854014605284 ], [ 3378790.724640781525522, 8446602.575655924156308 ], [ 3378528.268851678352803, 8446476.432882314547896 ], [ 3378368.721737830433995, 8446505.823140127584338 ], [ 3377595.144952757749707, 8446546.627030862495303 ], [ 3377283.752074491232634, 8446522.673732534050941 ], [ 3376747.668202644214034, 8446432.023742537945509 ], [ 3376706.541078720707446, 8446421.15997395478189 ], [ 3376483.320125320926309, 8446634.569017315283418 ], [ 3376226.59878784045577, 8446884.707756398245692 ], [ 3376194.604168734047562, 8446915.42424282990396 ], [ 3375941.383586407639086, 8447154.957226110622287 ], [ 3375904.09162342408672, 8447189.638411244377494 ], [ 3375689.857804540544748, 8447385.509331367909908 ], [ 3375498.815050256438553, 8447568.364539038389921 ], [ 3375313.694562310352921, 8447753.485026985406876 ], [ 3375150.142561766784638, 8447926.94926998578012 ], [ 3374968.946446035057306, 8448131.525529684498906 ], [ 3374632.877015040256083, 8448456.08886880800128 ], [ 3374417.297330086585134, 8448634.027656389400363 ], [ 3373915.06789842620492, 8448969.705739766359329 ], [ 3373799.967670619953424, 8449030.852735787630081 ], [ 3373700.820461687166244, 8449093.946414198726416 ], [ 3373455.714734809473157, 8449268.243819979950786 ], [ 3373284.079612996894866, 8449381.64109081029892 ], [ 3373010.32763210311532, 8449549.314179107546806 ], [ 3372754.103283028118312, 8449689.575410310178995 ], [ 3372514.570299746468663, 8449805.920002188533545 ], [ 3372200.636679550632834, 8449936.959642078727484 ], [ 3371899.509500567801297, 8450043.038534674793482 ], [ 3371668.904601082671434, 8450113.987885555252433 ], [ 3371306.183226398192346, 8450209.80107886902988 ], [ 3370903.172983809839934, 8450287.225245015695691 ], [ 3370561.863912144675851, 8450328.848302535712719 ], [ 3370404.32200050028041, 8450763.424957687035203 ], [ 3370318.774506471119821, 8450907.144747655838728 ], [ 3369628.490539268124849, 8451704.427780456840992 ], [ 3369484.770749298855662, 8451820.772372338920832 ], [ 3368778.933959022164345, 8452246.472850283607841 ], [ 3368768.37302337680012, 8452250.998965559527278 ], [ 3368704.954642174299806, 8452462.393569570034742 ], [ 3368304.559399043209851, 8453298.542318174615502 ], [ 3367667.995365487411618, 8453972.521035714074969 ], [ 3367455.8375802943483, 8454136.772224251180887 ], [ 3366702.300308984238654, 8454562.305396236479282 ], [ 3366490.142523791640997, 8454644.430990504100919 ], [ 3365407.160216123796999, 8454846.72669567912817 ], [ 3365195.002430931665003, 8454846.72669567912817 ], [ 3364516.61330933868885, 8454769.018296411260962 ], [ 3364324.986922712996602, 8454724.533599516376853 ], [ 3364275.555044026114047, 8454706.275772660970688 ], [ 3364229.734983819536865, 8454737.243014311417937 ], [ 3363528.647520014084876, 8454989.4551369138062 ], [ 3363360.974431716836989, 8455027.096034286543727 ], [ 3362464.597368270158768, 8455090.391003923490644 ], [ 3361589.687375738751143, 8454885.37735066190362 ], [ 3361418.592387679964304, 8454816.939355438575149 ], [ 3361208.241463083773851, 8454723.281736992299557 ], [ 3360992.661778130102903, 8454617.202844396233559 ], [ 3360866.126396704465151, 8454551.154996497556567 ], [ 3360606.062014855444431, 8454407.435206526890397 ], [ 3360257.120349945966154, 8454181.710600223392248 ], [ 3359969.680770007427782, 8453966.130915271118283 ], [ 3359746.872677931562066, 8453781.58739704452455 ], [ 3359504.345015899743885, 8453560.149096928536892 ], [ 3359341.247866034507751, 8453429.671377036720514 ], [ 3359348.413150750566274, 8453420.714771142229438 ], [ 3358743.214931661263108, 8452907.95476446300745 ], [ 3358575.541843364015222, 8452706.062678553164005 ], [ 3358260.936903490684927, 8452246.28846301138401 ], [ 3358089.841915431898087, 8451938.317484505474567 ], [ 3358066.258975013624877, 8451895.034389369189739 ], [ 3357932.804884327575564, 8451645.235706804320216 ], [ 3357895.578080110717565, 8451573.230794906616211 ], [ 3357799.764886798802763, 8451381.604408282786608 ], [ 3357668.589581638108939, 8451078.632231578230858 ], [ 3357562.51068904157728, 8450791.192651638761163 ], [ 3357506.325837273616344, 8450623.968852713704109 ], [ 3357390.120922202244401, 8450241.176191302016377 ], [ 3357354.914166283328086, 8450125.334607310593128 ], [ 3357184.079009939450771, 8450057.585280844941735 ], [ 3357088.265816626604646, 8450009.678684189915657 ], [ 3356454.392779477871954, 8449584.127195283770561 ], [ 3356372.267185209784657, 8449512.267300298437476 ], [ 3356214.724678742699325, 8449338.375046502798796 ], [ 3355975.503647266887128, 8449613.643082721158862 ], [ 3355861.482222534250468, 8449737.636196251958609 ], [ 3355535.261111969593912, 8450072.982372846454382 ], [ 3355391.779916745610535, 8450211.003037547692657 ], [ 3355072.402605702634901, 8450498.442617487162352 ], [ 3354272.71277392283082, 8451014.950104767456651 ], [ 3353857.522269567009062, 8451197.451425364241004 ], [ 3353100.51851631840691, 8451417.089046571403742 ], [ 3352692.665647398680449, 8451478.995285602286458 ], [ 3352310.290613209363073, 8451564.567117851227522 ], [ 3351770.208404909819365, 8451717.458037115633488 ], [ 3351713.554223127663136, 8451732.898899735882878 ], [ 3351350.930963816586882, 8451827.927797093987465 ], [ 3351321.130840276833624, 8451851.144627172499895 ], [ 3351136.815446707885712, 8451989.385629391297698 ], [ 3351042.823703695554286, 8452057.086296232417226 ], [ 3350955.742778547108173, 8452117.290392631664872 ], [ 3350909.227070893160999, 8452155.218172244727612 ], [ 3350746.401338222436607, 8452304.438912872225046 ], [ 3350295.973165187984705, 8452645.1256995331496 ], [ 3349869.376328295096755, 8452908.611981144174933 ], [ 3349654.814590736292303, 8453029.265378274023533 ], [ 3349150.123031596187502, 8453286.405587902292609 ], [ 3348911.378912136424333, 8453436.838543564081192 ], [ 3348657.455709005240351, 8453644.986967382952571 ], [ 3348602.037461591418833, 8453689.329356698319316 ], [ 3348279.238250787835568, 8453941.409305769950151 ], [ 3348183.07648006035015, 8454013.450891433283687 ], [ 3347935.89492510817945, 8454191.016599705442786 ], [ 3347181.038927713409066, 8454584.56138700991869 ], [ 3346991.861738148145378, 8454651.101892698556185 ], [ 3346013.326813229359686, 8454821.014884900301695 ], [ 3345552.541914030443877, 8454746.339747356250882 ], [ 3345456.995416081510484, 8454929.461475366726518 ], [ 3345249.113200978841633, 8455264.135065829381347 ], [ 3345106.646198627538979, 8455473.269108982756734 ], [ 3344874.954166659153998, 8455784.325694181025028 ], [ 3344711.253439784049988, 8455985.349362436681986 ], [ 3344455.751590949483216, 8456272.788942374289036 ], [ 3344374.11742970533669, 8456361.003375004976988 ], [ 3344134.58444642322138, 8456609.661424316465855 ], [ 3344027.298376874066889, 8456715.574573822319508 ], [ 3343803.734259144868702, 8456925.451092507690191 ], [ 3343262.039610473904759, 8457329.568696565926075 ], [ 3343015.662827669177204, 8457473.288486536592245 ], [ 3342334.664237107615918, 8457764.672647131606936 ], [ 3342065.474789228755981, 8457842.235708383843303 ], [ 3341714.331020759418607, 8457920.951630007475615 ], [ 3341474.798037477768958, 8457959.733160633593798 ], [ 3340995.327319926582277, 8457998.296375725418329 ], [ 3340785.450801241211593, 8457998.296375725418329 ], [ 3340224.114477578550577, 8457945.312074994668365 ], [ 3339984.581494296900928, 8457899.686744846403599 ], [ 3339582.799974484369159, 8457793.868683824315667 ], [ 3339313.610526604577899, 8457702.618023525923491 ], [ 3339227.348548372276127, 8457662.766155943274498 ], [ 3339119.390415568370372, 8457733.298802707344294 ], [ 3338731.564729331061244, 8458005.601944107562304 ], [ 3338496.090279979631305, 8458155.092296898365021 ], [ 3338064.930910071823746, 8458401.469079703092575 ], [ 3337789.567576405592263, 8458540.55109933950007 ], [ 3337356.12693999055773, 8458732.177485967054963 ], [ 3336926.505241358652711, 8458884.265665590763092 ], [ 3336488.560277166776359, 8459002.743530299514532 ], [ 3336451.178085857536644, 8459091.27227621152997 ], [ 3336290.491175841074437, 8459379.383379092440009 ], [ 3336154.390966594219208, 8459613.389414479956031 ], [ 3336012.952443132642657, 8459818.70340015180409 ], [ 3335232.440114004537463, 8460595.469719840213656 ], [ 3335081.876524512656033, 8460698.126712674275041 ], [ 3334276.160660645458847, 8461086.154129344969988 ], [ 3333391.866050602868199, 8461219.444684240967035 ], [ 3333232.177395082078874, 8461219.444684240967035 ], [ 3332043.424761978443712, 8460973.871517049148679 ], [ 3331826.704443770926446, 8460880.33959024399519 ], [ 3331322.88556180242449, 8460602.846681941300631 ], [ 3331049.133580908179283, 8460415.782828330993652 ], [ 3330633.125072179362178, 8460072.833506213501096 ], [ 3330510.074352727271616, 8459951.247676277533174 ], [ 3330459.740686819888651, 8459954.842938128858805 ], [ 3329273.026563855353743, 8459800.304676473140717 ], [ 3329113.337908334098756, 8459745.554280294105411 ], [ 3329020.75153347151354, 8459688.94720740430057 ], [ 3328879.930573709309101, 8459768.232957858592272 ], [ 3328470.785189406014979, 8459959.571561127901077 ], [ 3328229.710558202117682, 8460050.887709312140942 ], [ 3327999.939886581152678, 8460149.360854292288423 ], [ 3327797.422311262693256, 8460244.36909950338304 ], [ 3327749.687293144874275, 8460284.406704157590866 ], [ 3327558.060906519182026, 8460405.313829053193331 ], [ 3327438.035061196424067, 8460477.187387807294726 ], [ 3327311.246416050940752, 8460549.148510726168752 ], [ 3327123.037434272933751, 8460727.569420820102096 ], [ 3326885.785717498045415, 8460923.758340459316969 ], [ 3326687.18610272416845, 8461074.53812887147069 ], [ 3326372.371324696578085, 8461293.539713587611914 ], [ 3326239.996866682078689, 8461380.53218337148428 ], [ 3326011.870215937495232, 8461521.970706833526492 ], [ 3325665.811376613564789, 8461706.374430680647492 ], [ 3325524.372853151056916, 8461770.249892888590693 ], [ 3325475.859332450199872, 8461784.6436084844172 ], [ 3325342.076039666309953, 8462141.589671459048986 ], [ 3325150.449653040617704, 8462506.592312650755048 ], [ 3324788.989538877271116, 8463044.49785302951932 ], [ 3324496.987425923813134, 8463391.250362161546946 ], [ 3323755.05148099642247, 8464025.712708555161953 ], [ 3323385.486306789796799, 8464249.276826284825802 ], [ 3322489.80368428491056, 8464609.555998822674155 ], [ 3322042.675448825582862, 8464709.931725149974227 ], [ 3321226.638020690530539, 8464778.570623291656375 ], [ 3320422.442578429356217, 8464623.980607114732265 ], [ 3320153.25313055049628, 8464532.729946816340089 ], [ 3319494.976453871000558, 8464188.224812921136618 ], [ 3319398.48328443756327, 8464233.932103704661131 ], [ 3318607.421212146058679, 8464481.900358516722918 ], [ 3318388.419627431314439, 8464518.400622636079788 ], [ 3318139.308693878352642, 8464549.272698607295752 ], [ 3317915.744576148688793, 8464567.522830666974187 ], [ 3317671.658547782339156, 8464577.468983199447393 ], [ 3317443.531897037755698, 8464577.468983199447393 ], [ 3317260.201707204803824, 8464571.862083895131946 ], [ 3317036.637589474674314, 8464558.17448485083878 ], [ 3316847.863575550261885, 8464540.615014297887683 ], [ 3316772.731631776783615, 8464531.223521325737238 ], [ 3316706.717512642499059, 8464529.389795795083046 ], [ 3316485.076394853182137, 8464619.70779699832201 ], [ 3315910.197234976105392, 8464811.334183622151613 ], [ 3315756.244505365844816, 8464858.103558555245399 ], [ 3315139.423954257275909, 8465027.559753915295005 ], [ 3315060.241138136480004, 8465062.493349261581898 ], [ 3314999.026744935195893, 8465110.104543974623084 ], [ 3314974.192501897923648, 8465131.422113671898842 ], [ 3314910.70502693997696, 8465242.676994234323502 ], [ 3314577.994004318024963, 8465713.841198347508907 ], [ 3314568.422536547295749, 8465724.951706485822797 ], [ 3314540.102687234524637, 8465765.844367753714323 ], [ 3314373.043349781539291, 8466033.173889957368374 ], [ 3314123.727388069499284, 8466375.687338031828403 ], [ 3313966.69902532082051, 8466562.16592176631093 ], [ 3313446.280453694984317, 8467048.826527556404471 ], [ 3312825.773786984849721, 8467399.034339420497417 ], [ 3312730.25865198019892, 8467438.832312336191535 ], [ 3312626.799962882418185, 8467483.171750521287322 ], [ 3312581.78406993066892, 8467502.866203688085079 ], [ 3312539.173465897329152, 8467524.960590964183211 ], [ 3312455.473026727791876, 8467572.789413347840309 ], [ 3312380.55673764180392, 8467622.486357592046261 ], [ 3312212.668521096929908, 8467748.402520002797246 ], [ 3312088.581898204982281, 8467820.677944043651223 ], [ 3311958.240469672251493, 8468289.550034880638123 ], [ 3311894.365007463376969, 8468430.98855834081769 ], [ 3311336.62864632345736, 8469261.026190737262368 ], [ 3310537.064976551104337, 8469861.634430531412363 ], [ 3309588.520023788325489, 8470164.797559773549438 ], [ 3309616.717841090634465, 8470159.042903181165457 ], [ 3309552.513906961772591, 8470175.093886712566018 ], [ 3308824.907031900249422, 8470264.666386265307665 ], [ 3308585.374048618599772, 8470264.666386265307665 ], [ 3308482.375420142430812, 8470259.994263708591461 ], [ 3308434.462756887078285, 8470276.027391780167818 ], [ 3308224.586238201707602, 8470333.059054465964437 ], [ 3307531.601252553518862, 8470436.57886909134686 ], [ 3307385.60019607655704, 8470441.141402108594775 ], [ 3306370.628647422417998, 8470297.647481357678771 ], [ 3305463.215848347637802, 8469820.824912736192346 ], [ 3304769.303024514578283, 8469066.343141723424196 ], [ 3304641.552100097760558, 8468867.872955575585365 ], [ 3304269.853550766129047, 8468033.487205080688 ], [ 3304214.879019928630441, 8467831.913925344124436 ], [ 3304184.959163694642484, 8467782.155903562903404 ], [ 3304134.49682677956298, 8467729.891340330243111 ], [ 3303986.716131254564971, 8467565.074402097612619 ], [ 3303850.980774061288685, 8467401.963846815750003 ], [ 3303738.710202450864017, 8467246.786958346143365 ], [ 3303594.673304987605661, 8467115.275008488446474 ], [ 3303453.550066681113094, 8466990.372832054272294 ], [ 3303419.168373654596508, 8466962.058496620506048 ], [ 3303391.243874969426543, 8466942.11242613196373 ], [ 3303065.992938857059926, 8466673.325805593281984 ], [ 3302970.179745544213802, 8466582.075145294889808 ], [ 3302671.088610657025129, 8466251.483192736282945 ], [ 3302591.244282896164805, 8466148.826199900358915 ], [ 3302559.30093501880765, 8466107.004359345883131 ], [ 3302487.441040034405887, 8466011.191166032105684 ], [ 3302478.325320838019252, 8465998.769423173740506 ], [ 3302413.900067950133234, 8465931.12290764041245 ], [ 3302182.667690225411206, 8465657.285543331876397 ], [ 3302048.072966285981238, 8465477.065489245578647 ], [ 3301907.789802384097129, 8465269.707737633958459 ], [ 3301806.010223639197648, 8465174.123437594622374 ], [ 3301640.91452210303396, 8465006.414205083623528 ], [ 3301433.319269925355911, 8464778.287554340437055 ], [ 3301227.067346988245845, 8464525.247076580300927 ], [ 3301074.22249098867178, 8464315.370557894930243 ], [ 3301036.242346026934683, 8464262.004028910771012 ], [ 3300916.475854386109859, 8464089.768407598137856 ], [ 3300857.378309058025479, 8464001.485633797943592 ], [ 3300770.690181775018573, 8463866.890909859910607 ], [ 3300566.347114183939993, 8463493.961151126772165 ], [ 3300502.47165197506547, 8463354.80389417335391 ], [ 3300344.3884462043643, 8462927.464296849444509 ], [ 3300323.050058232620358, 8462852.779938947409391 ], [ 3300312.860019950661808, 8462822.652869245037436 ], [ 3300312.759825791697949, 8462822.391648758202791 ], [ 3300152.357290071900934, 8462535.678029980510473 ], [ 3300089.622461116872728, 8462380.55190747231245 ], [ 3300062.646666918881238, 8462298.363677572458982 ], [ 3299874.416046283207834, 8461984.645976517349482 ], [ 3299866.431613507214934, 8461968.677110964432359 ], [ 3299822.798559830989689, 8461848.993850667029619 ], [ 3299720.53121994016692, 8461665.673787791281939 ], [ 3299699.857891402672976, 8461511.773812621831894 ], [ 3299632.551280608866364, 8461327.155182003974915 ], [ 3299629.129380847793072, 8461312.897266333922744 ], [ 3299626.370228039566427, 8461289.577863184735179 ], [ 3299377.083371255546808, 8461173.962526448071003 ], [ 3299170.176540842745453, 8461170.131336089223623 ], [ 3299058.983851558063179, 8461157.671590510755777 ], [ 3299004.968584554735571, 8461174.047424536198378 ], [ 3298839.576762764714658, 8461210.547688655555248 ], [ 3298281.261628719046712, 8461279.742143325507641 ], [ 3298126.135506213176996, 8461284.304676339030266 ], [ 3298093.228498129174113, 8461285.091869618743658 ], [ 3297969.469790100120008, 8461287.373136127367616 ], [ 3297914.17964340467006, 8461287.882679453119636 ], [ 3297821.788349852431566, 8461287.882679453119636 ], [ 3296461.416618681047112, 8460961.716771731153131 ], [ 3296331.384427756536752, 8460895.560043014585972 ], [ 3296322.011041007004678, 8460889.56052758730948 ], [ 3296307.930735442787409, 8460910.680985933169723 ], [ 3296289.293282317463309, 8460898.256017183884978 ], [ 3296046.513394007459283, 8461350.79945451207459 ], [ 3296007.537153515499085, 8461396.271735087037086 ], [ 3295182.580993837676942, 8462068.651413828134537 ], [ 3294934.514050768688321, 8462152.847932836040854 ], [ 3294854.478593378327787, 8462212.080005155876279 ], [ 3294587.174208874348551, 8462290.114409564062953 ], [ 3294307.474405761808157, 8462438.731741108000278 ], [ 3293905.255748109892011, 8462515.641544733196497 ], [ 3293857.797662459313869, 8462536.377708842977881 ], [ 3293824.066870851442218, 8462539.996345667168498 ], [ 3293798.352190271019936, 8462566.341411242261529 ], [ 3293779.446154193487018, 8462576.408966096118093 ], [ 3293638.22471659258008, 8462719.48681940510869 ], [ 3292885.192830246407539, 8463135.029747452586889 ], [ 3292651.413313178345561, 8463186.463851645588875 ], [ 3292514.354361241683364, 8463258.884778322651982 ], [ 3291653.874498234130442, 8463426.881502628326416 ], [ 3290781.570702071301639, 8463338.935034712776542 ], [ 3290650.203171852044761, 8463284.355394659563899 ], [ 3290584.830455761402845, 8463267.233969016000628 ], [ 3290587.20173135958612, 8463258.180007642135024 ], [ 3290523.136946103069931, 8463231.56282976269722 ], [ 3290518.026084855664521, 8463246.895413506776094 ], [ 3290464.433754178695381, 8463229.031303282827139 ], [ 3290469.517307880334556, 8463213.780642176046968 ], [ 3290072.31023186724633, 8463118.87562195956707 ], [ 3289871.901240800041705, 8463033.55298219807446 ], [ 3289763.52203925838694, 8463010.535370413213968 ], [ 3289025.410188562702388, 8463031.108810145407915 ], [ 3288966.94582782452926, 8463025.424775075167418 ], [ 3288925.949171631596982, 8463021.154493780806661 ], [ 3288867.484810893423855, 8463014.6584536973387 ], [ 3288726.114763182587922, 8462983.103964705020189 ], [ 3288654.191511201206595, 8462985.07968863658607 ], [ 3288461.97741695586592, 8462924.147211708128452 ], [ 3288230.757605833467096, 8462872.537814222276211 ], [ 3288195.029385382309556, 8462860.357739068567753 ], [ 3288018.837893628515303, 8462783.670578675344586 ], [ 3287702.213522817473859, 8462683.299649866297841 ], [ 3287464.632995509076864, 8462505.882923573255539 ], [ 3287002.627373465336859, 8462276.124989798292518 ], [ 3286404.724851580802351, 8461741.408249726518989 ], [ 3285969.881390508729964, 8461067.375177726149559 ], [ 3285951.20527527295053, 8461027.58693222515285 ], [ 3285720.68508863216266, 8460318.305866016075015 ], [ 3285708.141644218470901, 8460125.577237220481038 ], [ 3285605.389080085791647, 8459822.480424834415317 ], [ 3285581.028929778374732, 8459716.107768492773175 ], [ 3285552.580690666101873, 8459422.562184970825911 ], [ 3285174.719106842763722, 8458759.764707734808326 ], [ 3285163.044813435524702, 8458673.358370140194893 ], [ 3285025.362465706653893, 8458418.239520074799657 ], [ 3285001.002315399236977, 8458351.655109234154224 ], [ 3285021.960611513350159, 8458343.98743992485106 ], [ 3284843.62831231765449, 8457946.211277643218637 ], [ 3284779.840130162425339, 8456866.728064764291048 ], [ 3284785.524165234062821, 8456820.443779179826379 ], [ 3284850.302878782618791, 8456611.62752384506166 ], [ 3284876.371357882861048, 8456272.240889046341181 ], [ 3285074.308291177265346, 8455741.218763645738363 ], [ 3284864.987007708288729, 8455505.200326208025217 ], [ 3284481.53963701846078, 8454523.749689837917686 ], [ 3284470.983571885153651, 8454470.56336166523397 ], [ 3284458.394507358316332, 8454287.658333586528897 ], [ 3284388.313066741451621, 8453569.080386947840452 ], [ 3284390.749081772286445, 8453527.668131424114108 ], [ 3284534.232750611845404, 8452927.269986521452665 ], [ 3284497.37707016710192, 8452700.109889650717378 ], [ 3284510.216489189304411, 8452595.558696743100882 ], [ 3284508.451438798569143, 8452575.93459090590477 ], [ 3284498.440897721797228, 8452514.246857259422541 ], [ 3284498.440897721797228, 8452471.616594221442938 ], [ 3284498.800805003382266, 8452468.637337535619736 ], [ 3284497.185668609570712, 8452450.679998923093081 ], [ 3284342.610176835674793, 8452343.646313868463039 ], [ 3284136.211759130004793, 8452081.955281941220164 ], [ 3283896.11987142637372, 8451855.570119338110089 ], [ 3283875.007741159759462, 8451829.99196151457727 ], [ 3283849.503234163857996, 8451782.949487430974841 ], [ 3283784.690242940559983, 8451681.671525189653039 ], [ 3283778.120751062873751, 8451686.598644098266959 ], [ 3283742.798533116932958, 8451639.502353504300117 ], [ 3283752.87005195626989, 8451631.948714375495911 ], [ 3283627.809296881780028, 8451436.526497453451157 ], [ 3283409.652268639300019, 8451264.231016477569938 ], [ 3283390.16414839355275, 8451242.712883707135916 ], [ 3282789.958069102372974, 8450241.813442133367062 ], [ 3282764.766903307288885, 8450073.604111235588789 ], [ 3282613.062956422567368, 8449704.379439601674676 ], [ 3282597.634861228056252, 8449645.103073852136731 ], [ 3282510.907623728271574, 8449134.18966524489224 ], [ 3282501.569566110149026, 8449020.102961305528879 ], [ 3282615.347784599289298, 8447922.525835946202278 ], [ 3283118.253700956236571, 8446940.331013923510909 ], [ 3283148.703888840973377, 8446900.948770925402641 ], [ 3283860.127828479744494, 8446238.366261336952448 ], [ 3283936.270059202797711, 8446203.963309505954385 ], [ 3284038.384738131426275, 8446036.69169064424932 ], [ 3284775.150611872784793, 8445476.596151411533356 ], [ 3285015.176909110043198, 8445218.040526386350393 ], [ 3285015.883195952046663, 8445217.517043197527528 ], [ 3285095.509656319394708, 8445041.913019305095077 ], [ 3285703.856421262491494, 8444457.069677984341979 ], [ 3285680.24353, 8444411.614941375330091 ], [ 3285510.179453429765999, 8443723.126857627183199 ], [ 3285482.165280575864017, 8443497.795467281714082 ], [ 3285482.746924645733088, 8442752.899622946977615 ], [ 3285607.401876172516495, 8442264.144155846908689 ] ] ] ] } }
]
}
