{
"type": "FeatureCollection",
"name": "mount_polygon",
"crs": { "type": "name", "properties": { "name": "urn:ogc:def:crs:EPSG::3857" } },
"features": [
{ "type": "Feature", "properties": { "id": "13450398", "name": "Koltushskaya Hills" }, "geometry": { "type": "Polygon", "coordinates": [ [ [ 3412082.054246984422207, 8394359.827299401164055 ], [ 3411771.517395467497408, 8393953.752169206738472 ], [ 3411107.474368987139314, 8393571.56855533644557 ], [ 3410366.988248179201037, 8392630.40915110334754 ], [ 3409474.829321165569127, 8391607.484266711398959 ], [ 3408519.351867789402604, 8389677.451496919617057 ], [ 3408165.834560876712203, 8389352.582564720883965 ], [ 3407143.520885227713734, 8387957.600949434563518 ], [ 3407411.01048965472728, 8387174.138624671846628 ], [ 3407458.799947052262723, 8386409.716341243125498 ], [ 3407573.459022569470108, 8385807.83543018065393 ], [ 3407921.009604775346816, 8384833.849852497689426 ], [ 3408389.185987204313278, 8383725.520949503406882 ], [ 3409627.693245923612267, 8382731.241638783365488 ], [ 3410974.892855452839285, 8380170.599811601452529 ], [ 3412140.563771345186979, 8376568.49868983682245 ], [ 3412303.012304259464145, 8375488.83945862390101 ], [ 3412885.847762206569314, 8373195.737267038784921 ], [ 3413162.910842841491103, 8372345.368266694247723 ], [ 3413783.951150028035045, 8372335.830315728671849 ], [ 3413306.234687238000333, 8372106.501762472093105 ], [ 3413631.087225270923227, 8370969.524310298264027 ], [ 3414137.468456940725446, 8370902.638306313194335 ], [ 3414519.661664681043476, 8371877.202520821243525 ], [ 3414462.365522769745439, 8373071.530915677547455 ], [ 3415207.604985834099352, 8373663.920180799439549 ], [ 3417166.304822188802063, 8374093.860915120691061 ], [ 3420013.579097954556346, 8373893.230618530884385 ], [ 3420070.897503763437271, 8374198.981566924601793 ], [ 3419660.050659092608839, 8374456.930656725540757 ], [ 3420357.534060607198626, 8374934.646205102093518 ], [ 3420109.146880800370127, 8375555.67831273842603 ], [ 3419249.192682472988963, 8374982.397273092530668 ], [ 3418781.016300044022501, 8375355.052616374567151 ], [ 3418867.010606680996716, 8375641.713148036040366 ], [ 3418718.933420028537512, 8375823.239514449611306 ], [ 3419196.683278665877879, 8376191.077120935544372 ], [ 3419535.851503214798868, 8376129.003931201994419 ], [ 3419765.169654249213636, 8376625.848218857310712 ], [ 3420051.817343041766435, 8376941.145432176068425 ], [ 3419621.845809852704406, 8377323.288815009407699 ], [ 3419220.527913593687117, 8376234.10921704210341 ], [ 3418599.498738356400281, 8375746.811487331986427 ], [ 3418398.834224252495915, 8375976.120137742720544 ], [ 3418408.396568511147052, 8376988.865106844343245 ], [ 3417758.68036049650982, 8377437.97786614857614 ], [ 3417844.663535184692591, 8378240.518200253136456 ], [ 3418331.975738082081079, 8379673.760810930281878 ], [ 3418647.288195753470063, 8380390.320086263120174 ], [ 3420433.999418833293021, 8380982.742562914267182 ], [ 3420400.525647951755673, 8380868.087177423760295 ], [ 3420596.403423951007426, 8380949.298448688350618 ], [ 3420591.638949745334685, 8380853.76370722334832 ], [ 3420343.207242141943425, 8380576.648899278603494 ], [ 3420419.650336469523609, 8380290.018467268906534 ], [ 3420515.218119316268712, 8380390.320086263120174 ], [ 3420529.533805831801146, 8380247.051509846001863 ], [ 3420328.86929172789678, 8380170.599811601452529 ], [ 3420338.43163598747924, 8379879.166904054582119 ], [ 3419941.933873679488897, 8379463.564651872962713 ], [ 3419961.014034401159734, 8379363.209034834988415 ], [ 3419660.050659092608839, 8379157.817317920736969 ], [ 3419707.840116490609944, 8378942.840419172309339 ], [ 3420156.891810401342809, 8379200.800128829665482 ], [ 3420849.621869659051299, 8379334.567969949916005 ], [ 3421002.485794416628778, 8379277.219567531719804 ], [ 3421012.05927062407136, 8379043.145910687744617 ], [ 3421169.698801536578685, 8378856.855855192057788 ], [ 3421389.443476362619549, 8378828.172355926595628 ], [ 3421480.202257206663489, 8379028.825986086390913 ], [ 3421475.437783000525087, 8379391.894616011530161 ], [ 3421399.016952570993453, 8380103.696899325586855 ], [ 3421293.886825465597212, 8381068.72972053475678 ], [ 3420582.065473536960781, 8381044.856635848991573 ], [ 3418647.288195753470063, 8380399.912874042987823 ], [ 3418599.498738356400281, 8381412.710590806789696 ], [ 3419077.215201146434993, 8382377.714914264157414 ], [ 3419392.516526869498193, 8383906.468930521979928 ], [ 3419793.834423128515482, 8384269.511298046447337 ], [ 3420319.340343316085637, 8384775.925397391431034 ], [ 3420185.54544733138755, 8385301.439301633276045 ], [ 3419851.163960886187851, 8385406.542135260999203 ], [ 3420195.141187438275665, 8385674.061163428239524 ], [ 3419984.9143290752545, 8386314.177464758045971 ], [ 3420701.522419107612222, 8386868.337970725260675 ], [ 3421016.834876779466867, 8386973.485379501245916 ], [ 3421035.915037501137704, 8387307.895672621205449 ], [ 3420166.476418558973819, 8387575.394825194962323 ], [ 3419335.186989110894501, 8387804.73834868427366 ], [ 3419316.117960338480771, 8388626.437124621123075 ], [ 3419515.546828094404191, 8388862.327059520408511 ], [ 3419443.868207972496748, 8388996.070292307063937 ], [ 3419465.397397491615266, 8389027.149935031309724 ], [ 3419522.726935250218958, 8389058.185245560482144 ], [ 3419570.471864851657301, 8389031.929720040410757 ], [ 3419639.745983972214162, 8388981.731016360223293 ], [ 3419787.845434523653239, 8389027.149935031309724 ], [ 3420051.817343041766435, 8389132.839486373588443 ], [ 3420118.686961160972714, 8389515.01524037308991 ], [ 3420023.152574162464589, 8389973.630078233778477 ], [ 3419201.458884821273386, 8390231.620418041944504 ], [ 3419268.328502940479666, 8390566.000724067911506 ], [ 3419277.857451352290809, 8391101.089703645557165 ], [ 3419134.544738905038685, 8391416.384113388136029 ], [ 3418924.340144439600408, 8391483.256371792405844 ], [ 3418656.828276115003973, 8391110.607492269948125 ], [ 3418131.322355926502496, 8391311.262239156290889 ], [ 3418207.776582204271108, 8391884.569389648735523 ], [ 3418867.010606680996716, 8391712.565888293087482 ], [ 3419039.010351906530559, 8391827.234443014487624 ], [ 3418761.947271270677447, 8392180.747746063396335 ], [ 3418370.169455373194069, 8392696.669636338949203 ], [ 3417997.549723841249943, 8393585.249407725408673 ], [ 3417462.481459393631667, 8394464.302996169775724 ], [ 3417395.622973223682493, 8395047.111459851264954 ], [ 3416545.264515002723783, 8396098.152150152251124 ], [ 3416411.469619018025696, 8396480.311095576733351 ], [ 3416115.292981813196093, 8396499.382844036445022 ], [ 3415618.451830504927784, 8396346.56544885225594 ], [ 3415417.787316401023418, 8396585.417739706113935 ], [ 3414892.281396212987602, 8397330.643048532307148 ], [ 3414892.281396212987602, 8397645.959370609372854 ], [ 3415026.076292197685689, 8397846.636404635384679 ], [ 3415513.343967298045754, 8398448.589014459401369 ], [ 3415446.452085280325264, 8398620.549530051648617 ], [ 3414987.871442957781255, 8398649.221136623993516 ], [ 3414213.922683217097074, 8398314.807623093947768 ], [ 3413506.888069393113256, 8398161.930299302563071 ], [ 3413287.109998719301075, 8397751.082649644464254 ], [ 3412876.263154048938304, 8396852.964646300300956 ], [ 3412379.422002740204334, 8395668.194186905398965 ], [ 3412206.25340286269784, 8394789.775647409260273 ], [ 3412082.054246984422207, 8394359.827299401164055 ] ] ] } },
{ "type": "Feature", "properties": { "id": "41817550", "name": "Пулковские высоты (ru)" }, "geometry": { "type": "Polygon", "coordinates": [ [ [ 3363162.358927458990365, 8350730.938928540796041 ], [ 3363171.910139768850058, 8350893.363600861281157 ], [ 3363219.67733326787129, 8351027.127779468894005 ], [ 3363353.449965354520828, 8351132.229906130582094 ], [ 3363773.848022334743291, 8351409.324504832737148 ], [ 3364347.132267971523106, 8352049.481998816132545 ], [ 3364796.195093831047416, 8352584.570713091641665 ], [ 3365207.041938501875848, 8352985.829746395349503 ], [ 3365722.99664638005197, 8353320.251063546165824 ], [ 3366420.480047894641757, 8353683.317558327689767 ], [ 3366955.537180392071605, 8353893.532594452612102 ], [ 3367461.940675959922373, 8353893.532594452612102 ], [ 3369363.310974556487054, 8353549.5494823185727 ], [ 3370509.85720193060115, 8353215.139899186789989 ], [ 3370853.83442848129198, 8353024.058672074228525 ], [ 3371283.78369777277112, 8353004.944184483028948 ], [ 3371646.863348944112659, 8352957.158182083629072 ], [ 3372134.153287942055613, 8352852.074311381205916 ], [ 3372334.795538148377091, 8352641.866814102977514 ], [ 3372573.664901492185891, 8352383.927255385555327 ], [ 3373080.057265111245215, 8351705.51846029330045 ], [ 3373414.472147403284907, 8351342.438649274408817 ], [ 3374694.791006864048541, 8350922.027149352245033 ], [ 3375296.728889430407435, 8350721.384647355414927 ], [ 3376462.399805322755128, 8349785.036622953601182 ], [ 3376882.797862303908914, 8349527.064199677668512 ], [ 3377026.121706700418144, 8349297.73592137452215 ], [ 3378029.355221627280116, 8348399.618670878000557 ], [ 3381268.37391744274646, 8346302.373611192218959 ], [ 3381879.874144268222153, 8345709.988962701521814 ], [ 3382300.272201249375939, 8344678.081870249472558 ], [ 3382491.363239144906402, 8341161.977925629355013 ], [ 3381402.135417580604553, 8341161.977925629355013 ], [ 3378229.997471833135933, 8340072.800383917056024 ], [ 3363162.358927458990365, 8350730.938928540796041 ] ] ] } },
{ "type": "Feature", "properties": { "id": "15499483", "name": "Vsevolozhsk upland" }, "geometry": { "type": "Polygon", "coordinates": [ [ [ 3416811.596396725159138, 8416404.747095726430416 ], [ 3417031.363335449714214, 8417990.821748804301023 ], [ 3417069.579316638875753, 8418401.662142600864172 ], [ 3417375.329430051613599, 8418535.429600263014436 ], [ 3417996.380869187414646, 8418353.896611399948597 ], [ 3418201.798725548200309, 8418172.345781002193689 ], [ 3418278.241819875780493, 8418000.374358907341957 ], [ 3418483.659676236566156, 8418052.913936134427786 ], [ 3418650.872683357447386, 8417880.945305058732629 ], [ 3418985.276433699764311, 8417981.269151102751493 ], [ 3419548.998335077427328, 8417895.274010917171836 ], [ 3420552.242981953546405, 8417178.672042859718204 ], [ 3421440.817421363200992, 8416734.382176268845797 ], [ 3421619.963877897243947, 8416624.502175522968173 ], [ 3421371.543302243109792, 8416567.175100969150662 ], [ 3421082.524508296512067, 8416361.74745324626565 ], [ 3420824.541588382795453, 8416110.939807267859578 ], [ 3421027.577207640744746, 8415752.638871880248189 ], [ 3421555.476496880874038, 8415788.472642943263054 ], [ 3421782.401278862729669, 8416208.874266795814037 ], [ 3421674.911178553011268, 8416254.260603172704577 ], [ 3421388.263489759992808, 8416282.934022884815931 ], [ 3421426.490602898877114, 8416373.685574769973755 ], [ 3421701.182578379753977, 8416452.522291537374258 ], [ 3421932.882966517005116, 8416378.483143080025911 ], [ 3421940.0519417244941, 8416015.394160589203238 ], [ 3422104.860447843559086, 8416041.679130733013153 ], [ 3422229.070735671091825, 8415912.687320802360773 ], [ 3422190.854754481464624, 8415740.701757749542594 ], [ 3422659.031136910896748, 8415143.536078007891774 ], [ 3422725.911886979825795, 8414675.364404652267694 ], [ 3422410.610561256296933, 8414188.08253194577992 ], [ 3422315.065042308997363, 8413223.050446573644876 ], [ 3421856.439872189424932, 8413232.619174920022488 ], [ 3421006.081413968466222, 8413872.770819459110498 ], [ 3420423.245956022292376, 8413872.770819459110498 ], [ 3419763.978535697329789, 8413051.083113830536604 ], [ 3420107.944630299229175, 8412401.368359562009573 ], [ 3421455.15537177817896, 8412114.723459178581834 ], [ 3421722.678372052498162, 8411818.522818392142653 ], [ 3421416.928258639294654, 8411302.575207591056824 ], [ 3421646.246409673709422, 8411054.14741270057857 ], [ 3421531.587334156502038, 8410136.90358592569828 ], [ 3421961.547735396306962, 8409812.045005589723587 ], [ 3422104.860447843559086, 8410299.34940018504858 ], [ 3422467.940099014900625, 8410127.361176330596209 ], [ 3422792.803768996614963, 8410098.689431266859174 ], [ 3422955.230038013774902, 8409764.29059830121696 ], [ 3422735.474231238942593, 8409850.279966758564115 ], [ 3422821.457405927125365, 8409477.636899644508958 ], [ 3423757.821302734315395, 8408617.720478411763906 ], [ 3424225.997685164213181, 8408034.884667163714767 ], [ 3424971.259412127081305, 8406563.489720797166228 ], [ 3424818.38435542024672, 8406276.849202232435346 ], [ 3424455.304704248905182, 8404996.518156658858061 ], [ 3423232.315382547210902, 8404881.867185330018401 ], [ 3422792.803768996614963, 8404232.160085501149297 ], [ 3421550.70089072547853, 8405684.461477437987924 ], [ 3419142.927096561528742, 8407117.638062942773104 ], [ 3418053.699274996295571, 8407595.381018619984388 ], [ 3417757.511505842674524, 8408092.212195301428437 ], [ 3415645.936612782068551, 8409143.22169148735702 ], [ 3415798.811669487971812, 8409439.426167132332921 ], [ 3416620.505358829628676, 8411933.170365072786808 ], [ 3416391.198339744936675, 8412525.570491496473551 ], [ 3417337.102316913660616, 8412879.097495131194592 ], [ 3417031.363335449714214, 8414006.54521069675684 ], [ 3416028.118688573595136, 8413920.551888674497604 ], [ 3415817.925226057879627, 8414121.182228880003095 ], [ 3416028.118688573595136, 8414895.112470192834735 ], [ 3416811.596396725159138, 8416404.747095726430416 ] ] ] } },
{ "type": "Feature", "properties": { "id": "9012601", "name": "Duderhof Heights" }, "geometry": { "type": "Polygon", "coordinates": [ [ [ 3352862.478514014743268, 8334221.268392274156213 ], [ 3352690.489900738932192, 8333473.4993179384619 ], [ 3352572.546900243498385, 8333080.271293770521879 ], [ 3352340.846512106247246, 8332683.754836274310946 ], [ 3352314.563980329781771, 8332588.203112231567502 ], [ 3352296.363243585452437, 8332049.310999372042716 ], [ 3352353.692781344056129, 8331502.318457229994237 ], [ 3352375.188575016800314, 8331473.664011724293232 ], [ 3353244.660589806269854, 8331478.958127236925066 ], [ 3354563.195430456195027, 8332052.245049856603146 ], [ 3355365.786695177201182, 8331941.832900523208082 ], [ 3355989.22037141630426, 8331306.967489953152835 ], [ 3356358.567309919279069, 8331195.617985206656158 ], [ 3356728.804804348386824, 8331104.84996928088367 ], [ 3356833.912667555268854, 8331009.296606756746769 ], [ 3357134.876042864285409, 8330662.937055223621428 ], [ 3357290.144468622747809, 8330469.460968591272831 ], [ 3357467.799243979621679, 8330318.093504511751235 ], [ 3357639.787857255432755, 8330217.764367774128914 ], [ 3357894.475720241200179, 8330058.616788563318551 ], [ 3358119.897689097560942, 8330002.774797456339002 ], [ 3358380.273978062905371, 8330014.728300334885716 ], [ 3358793.503059836570174, 8330129.390281823463738 ], [ 3359191.514767218846828, 8330237.76833180245012 ], [ 3359294.229261374101043, 8330409.756135851144791 ], [ 3359370.661223752889782, 8330572.175583402626216 ], [ 3359449.486555182840675, 8330784.755480631254613 ], [ 3359451.879924235399812, 8331040.353519772179425 ], [ 3359506.816092941444367, 8331358.032651783898473 ], [ 3359435.159736718516797, 8331556.296763830818236 ], [ 3359354.842724110931158, 8331710.116144848056138 ], [ 3359466.206742700655013, 8332091.358480797149241 ], [ 3359576.09021206246689, 8332222.730826444923878 ], [ 3359578.47244916530326, 8332332.617701110430062 ], [ 3359650.139937337953597, 8332435.336161377839744 ], [ 3359879.446956423576921, 8332533.268600672483444 ], [ 3360118.31631976692006, 8332640.755304399877787 ], [ 3360273.573613577056676, 8332803.179682247340679 ], [ 3360448.85728377988562, 8333047.771675904281437 ], [ 3360629.484289540909231, 8333345.414386617019773 ], [ 3360808.630746074952185, 8333471.998913121409714 ], [ 3360966.281408935785294, 8333529.3234195811674 ], [ 3361334.136666262988001, 8333534.111514343880117 ], [ 3361797.537442536558956, 8333479.169968300499022 ], [ 3362110.445399207994342, 8333452.890843152068555 ], [ 3362363.641581017058343, 8333409.886834143660963 ], [ 3362622.526188805233687, 8333391.749764303676784 ], [ 3363223.56238349666819, 8333491.10703251324594 ], [ 3363658.298390891868621, 8333586.670435999520123 ], [ 3363756.237278891727328, 8333772.968567735515535 ], [ 3363780.126441615633667, 8334088.271704599261284 ], [ 3363517.367915547452867, 8334444.192717254161835 ], [ 3363284.186978182755411, 8334875.09877682197839 ], [ 3363180.570796152111143, 8335072.397966917604208 ], [ 3363132.792470704298466, 8335194.222917195409536 ], [ 3362861.384420200716704, 8335498.529233600012958 ], [ 3362277.658406327944249, 8335757.95430869050324 ], [ 3361674.228842585347593, 8335727.848702479153872 ], [ 3361234.717229035217315, 8335512.875286123715341 ], [ 3360756.087946420069784, 8335187.050196884199977 ], [ 3360291.195488969329745, 8334719.84523324854672 ], [ 3359726.571899717207998, 8334250.705845735967159 ], [ 3359373.054592804517597, 8334171.882583163678646 ], [ 3359055.35989802936092, 8334028.559684928506613 ], [ 3358652.583716441877186, 8333788.789672538638115 ], [ 3358398.474714807234704, 8333646.378883831202984 ], [ 3358231.272839636076242, 8333433.782822609879076 ], [ 3357987.627870136871934, 8333288.069243035279214 ], [ 3357548.116256586741656, 8332893.94650396425277 ], [ 3357294.920074777677655, 8332721.967046929523349 ], [ 3356751.2022858960554, 8332761.679715489968657 ], [ 3356165.082902971189469, 8332994.267864251509309 ], [ 3355499.548195315059274, 8333284.274197295308113 ], [ 3355060.036581764463335, 8333566.105775606818497 ], [ 3354856.099274631589651, 8333930.629486966878176 ], [ 3354570.364405663218349, 8334521.584471362642944 ], [ 3354283.727848819456995, 8334663.041127341799438 ], [ 3353808.382491183467209, 8334708.413758026435971 ], [ 3353072.671976530458778, 8334851.749847798608243 ], [ 3352919.796919823624194, 8334689.302489533089101 ], [ 3352862.478514014743268, 8334221.268392274156213 ] ] ] } },
{ "type": "Feature", "properties": { "id": "15495862", "name": "Румболовско-Кяселевская возвышенность (ru)" }, "geometry": { "type": "Polygon", "coordinates": [ [ [ 3406970.330021451693028, 8412215.013336984440684 ], [ 3406387.505695454310626, 8413122.702224249020219 ], [ 3406081.755582041107118, 8413667.329139988869429 ], [ 3406301.511388816405088, 8414512.911220477893949 ], [ 3406497.378032866865396, 8414694.43872289173305 ], [ 3407008.557134590111673, 8414742.225126685574651 ], [ 3408350.981137964408845, 8413753.319503478705883 ], [ 3409722.069910218007863, 8412492.09436490572989 ], [ 3410238.013486146461219, 8411823.250516977161169 ], [ 3410534.212387248873711, 8411044.581515891477466 ], [ 3411035.829144713003188, 8411259.560765186324716 ], [ 3411217.368970298208296, 8410820.042939826846123 ], [ 3410959.386050384957343, 8410528.621257569640875 ], [ 3411446.675989383365959, 8410514.306886123493314 ], [ 3412091.616591243539006, 8409969.667960409075022 ], [ 3412617.12251143110916, 8409343.855617634952068 ], [ 3413328.943863359745592, 8408694.133612129837275 ], [ 3413290.716750221326947, 8407862.88247262313962 ], [ 3413066.185337291564792, 8406114.380704844370484 ], [ 3413381.486663013696671, 8405541.123510858044028 ], [ 3413875.934445270802826, 8405688.026579791679978 ], [ 3413940.43295823642984, 8405618.752493791282177 ], [ 3413940.43295823642984, 8405618.752493791282177 ], [ 3414055.080901803914458, 8405618.752493791282177 ], [ 3414055.080901803914458, 8405618.752493791282177 ], [ 3414224.676146027632058, 8405671.292895581573248 ], [ 3414449.218690907116979, 8405800.261340858414769 ], [ 3415258.967798886355013, 8406235.022859062999487 ], [ 3415290.025936817284673, 8406192.015732131898403 ], [ 3415330.624155110213906, 8406122.759187327697873 ], [ 3415433.338649265002459, 8405938.835862874984741 ], [ 3416009.005132003687322, 8405496.917245680466294 ], [ 3414296.343634200282395, 8404128.236328672617674 ], [ 3414145.850814596749842, 8404347.981666192412376 ], [ 3413541.519562978297472, 8404644.171509778127074 ], [ 3413285.941144066397101, 8404601.173674007877707 ], [ 3413016.024774739518762, 8404543.851043038070202 ], [ 3412072.503034674562514, 8405335.691402720287442 ], [ 3411427.573564763646573, 8406047.509169097989798 ], [ 3411213.773350745439529, 8406305.483783027157187 ], [ 3411186.310832367278636, 8406360.435749612748623 ], [ 3411177.950738608371466, 8406411.778103604912758 ], [ 3411186.310832367278636, 8406447.611000301316381 ], [ 3411199.44653228064999, 8406479.856299575418234 ], [ 3411239.454757271334529, 8406509.717310817912221 ], [ 3411314.105607797857374, 8406533.606207011267543 ], [ 3411366.648407452274114, 8406547.935125032439828 ], [ 3411428.753551366273314, 8406571.222461864352226 ], [ 3411458.019445495679975, 8406596.314928302541375 ], [ 3411469.362901607062668, 8406638.722728056833148 ], [ 3411449.058226486667991, 8406709.18751559779048 ], [ 3411406.066639142110944, 8406759.328904133290052 ], [ 3411346.343732331879437, 8406820.25672204233706 ], [ 3411298.576538832392544, 8406903.849438952282071 ], [ 3411278.271863711066544, 8406961.190446469932795 ], [ 3411241.247001073788851, 8407072.263454696163535 ], [ 3411176.748488107696176, 8407100.923415385186672 ], [ 3411069.269519747234881, 8407084.186519658192992 ], [ 3410971.330631746910512, 8407001.795192155987024 ], [ 3410830.400156402494758, 8406914.591093888506293 ], [ 3410768.29501248896122, 8406916.997939882799983 ], [ 3410455.375923869665712, 8407497.427368307486176 ], [ 3410001.537491854280233, 8408271.352453149855137 ], [ 3409822.379903371445835, 8408608.157747095450759 ], [ 3409710.114196906797588, 8408856.547592027112842 ], [ 3409576.352696769870818, 8409250.716210581362247 ], [ 3409613.37755940714851, 8409417.913210716098547 ], [ 3409686.236166131217033, 8409561.237501993775368 ], [ 3409941.825716992840171, 8409630.504106899723411 ], [ 3410242.789092301391065, 8409883.69949197024107 ], [ 3410266.678255025763065, 8410136.881290560588241 ], [ 3409750.734679097309709, 8410466.503330225124955 ], [ 3409478.424940718337893, 8410318.434677645564079 ], [ 3408895.589482772164047, 8410624.184892911463976 ], [ 3409124.907633805647492, 8410896.478937404230237 ], [ 3408054.782236861530691, 8412238.898452647030354 ], [ 3407510.173892053775489, 8411761.143963966518641 ], [ 3406970.330021451693028, 8412215.013336984440684 ] ] ] } },
{ "type": "Feature", "properties": { "id": "40642586", "name": "Кавголовские холмы (ru)" }, "geometry": { "type": "Polygon", "coordinates": [ [ [ 3386332.330949476454407, 8440640.03690767660737 ], [ 3386810.058544215280563, 8441041.330443352460861 ], [ 3387134.922214196994901, 8441347.08407367952168 ], [ 3387641.314577816054225, 8441108.207365971058607 ], [ 3387841.956828021910042, 8440773.806448383256793 ], [ 3387851.519172280561179, 8439770.560642128810287 ], [ 3388711.428842812310904, 8439837.448390796780586 ], [ 3389523.571319843176752, 8439139.969817396253347 ], [ 3390068.190796600654721, 8440907.556034501641989 ], [ 3390383.492122322786599, 8441996.785590182989836 ], [ 3390565.031947908457369, 8442579.631221888586879 ], [ 3390727.458216925617307, 8443191.122420933097601 ], [ 3390794.338966993615031, 8443563.75276949070394 ], [ 3390870.782061321195215, 8443745.281969264149666 ], [ 3390517.253622460179031, 8443525.543739778921008 ], [ 3390077.742008910514414, 8443391.768907140940428 ], [ 3389810.219008636195213, 8443363.101588590070605 ], [ 3389064.957281672395766, 8443000.021757544949651 ], [ 3388214.587691503111273, 8443076.456947619095445 ], [ 3387545.769058867823333, 8443363.101588590070605 ], [ 3387058.479119869414717, 8443621.08908355049789 ], [ 3386676.274780179839581, 8443664.024420963600278 ], [ 3386017.029623753391206, 8443286.663417745381594 ], [ 3385673.06352915102616, 8442474.514950927346945 ], [ 3385415.091741187032312, 8441834.354827588424087 ], [ 3385931.035317115485668, 8440716.469950523227453 ], [ 3386332.330949476454407, 8440640.03690767660737 ] ] ] } },
{ "type": "Feature", "properties": { "id": "41847587", "name": "Гора Кирхгоф (ru)" }, "geometry": { "type": "Polygon", "coordinates": [ [ [ 3357362.691380772739649, 8332441.006014888174832 ], [ 3357348.364562307484448, 8332636.89440433960408 ], [ 3357492.879525255411863, 8332793.979510013945401 ], [ 3357996.889651771169156, 8333274.102601758204401 ], [ 3358264.412652045488358, 8333468.777456752955914 ], [ 3358430.423408665228635, 8333651.498034119606018 ], [ 3358772.007266164757311, 8333836.628309929743409 ], [ 3359038.339147887658328, 8334009.803237348794937 ], [ 3359211.518879714421928, 8334101.754418853670359 ], [ 3359706.567787221632898, 8334245.387676422484219 ], [ 3359799.129943815991282, 8334148.050407329574227 ], [ 3359861.82508103037253, 8334097.274889129213989 ], [ 3360090.542106814682484, 8333859.88576677814126 ], [ 3360126.375850900541991, 8333745.849904847331345 ], [ 3360143.084906469564885, 8333539.804276214912534 ], [ 3360094.126594417728484, 8333299.167556592263281 ], [ 3359980.658637452404946, 8332966.512225129641593 ], [ 3359954.387237625662237, 8332760.532457625493407 ], [ 3359923.329099693801254, 8332412.347928308881819 ], [ 3359574.587398936506361, 8331213.242329492233694 ], [ 3359373.945148731116205, 8331213.242329492233694 ], [ 3359053.857084904331714, 8331184.589005163870752 ], [ 3358929.657929026521742, 8331017.369626985862851 ], [ 3358736.173522077966481, 8330813.186685957945883 ], [ 3358602.412021941039711, 8330763.007557236589491 ], [ 3358444.761359080206603, 8330715.254988588392735 ], [ 3358251.276952131651342, 8330782.130727859213948 ], [ 3358115.122082942165434, 8330767.793859424069524 ], [ 3357939.560114012565464, 8330906.928828488104045 ], [ 3357792.651782013010234, 8331006.054166687652469 ], [ 3357669.643744685687125, 8331200.735437538474798 ], [ 3357701.881869219709188, 8331337.452135893516243 ], [ 3357695.915144513361156, 8331441.987633175216615 ], [ 3357677.99270649580285, 8331504.656700180843472 ], [ 3357638.585606754757464, 8331623.533064709044993 ], [ 3357577.671581392642111, 8331723.859234067611396 ], [ 3357355.533537514973432, 8331874.32898270431906 ], [ 3357325.677650083322078, 8331882.402948244474828 ], [ 3357285.068299842532724, 8331886.285514050163329 ], [ 3357254.010161911603063, 8331893.455030131153762 ], [ 3357232.514368238858879, 8331914.941560000181198 ], [ 3357185.93829329079017, 8332039.714676973409951 ], [ 3357185.93829329079017, 8332082.710710609331727 ], [ 3357228.929880635347217, 8332173.4907415676862 ], [ 3357362.691380772739649, 8332441.006014888174832 ] ] ] } },
{ "type": "Feature", "properties": { "id": "1463006", "name": "Syargi" }, "geometry": { "type": "Polygon", "coordinates": [ [ [ 3390877.505758565384895, 8430822.179033387452364 ], [ 3390614.736100548412651, 8430597.639754390344024 ], [ 3390590.858069772832096, 8430196.356865802779794 ], [ 3390676.852376410737634, 8429771.176050139591098 ], [ 3390695.954801030922681, 8429575.304709862917662 ], [ 3390824.951826961711049, 8429388.983641175553203 ], [ 3391259.68783435691148, 8429274.332026451826096 ], [ 3391660.972334768623114, 8429360.326158363372087 ], [ 3391947.620023561175913, 8429159.682198910042644 ], [ 3392081.381523698102683, 8428500.407728748396039 ], [ 3392539.995561868883669, 8428137.34584497846663 ], [ 3393036.836713177617639, 8428347.527972118929029 ], [ 3393323.484401969704777, 8428452.621287995949388 ], [ 3393428.592265177052468, 8428767.932597322389483 ], [ 3393457.234770157840103, 8429197.883707389235497 ], [ 3393395.129626244306564, 8429174.010535476729274 ], [ 3393361.689251210074872, 8429064.123413795605302 ], [ 3392993.856257781852037, 8429045.034158481284976 ], [ 3392707.208568989299238, 8429369.871188988909125 ], [ 3392654.654637386091053, 8429790.267190184444189 ], [ 3392731.097731713671237, 8430196.356865802779794 ], [ 3393036.836713177617639, 8430158.127814788371325 ], [ 3393151.495788693893701, 8430210.687222097069025 ], [ 3393227.938883021939546, 8430468.660767210647464 ], [ 3393151.495788693893701, 8430659.749007498845458 ], [ 3392926.953243815340102, 8430659.749007498845458 ], [ 3392826.64325066190213, 8430798.278230495750904 ], [ 3392783.651663317345083, 8431180.476805634796619 ], [ 3392396.671717471908778, 8431237.806069120764732 ], [ 3392062.279099078383297, 8431299.898369155824184 ], [ 3391900.286976075731218, 8431568.531306153163314 ], [ 3391863.262113437987864, 8431739.322023021057248 ], [ 3391766.525475938804448, 8431881.449398158118129 ], [ 3391552.736393870320171, 8431905.331360070034862 ], [ 3391268.493206078652292, 8431776.351798268035054 ], [ 3391169.3631995273754, 8431628.256176548078656 ], [ 3391374.346909874118865, 8431505.341087777167559 ], [ 3391369.549039820674807, 8431228.236254593357444 ], [ 3391637.083172043785453, 8431123.147989036515355 ], [ 3391173.693527719005942, 8431008.51405518501997 ], [ 3391001.716046392451972, 8430812.609759671613574 ], [ 3391001.716046392451972, 8430812.609759671613574 ], [ 3390877.505758565384895, 8430822.179033387452364 ] ] ] } },
{ "type": "Feature", "properties": { "id": "34130099", "name": "Холм Кавигонт (ru)" }, "geometry": { "type": "Polygon", "coordinates": [ [ [ 3335919.71880697272718, 8348455.798926372081041 ], [ 3336012.870956868864596, 8348603.890448462218046 ], [ 3336122.754426230676472, 8348716.166054774075747 ], [ 3336270.853876781649888, 8348780.662286547012627 ], [ 3336409.390983074437827, 8348809.317632368765771 ], [ 3336514.487714332062751, 8348871.426707413978875 ], [ 3336610.033233279827982, 8348993.236304016783834 ], [ 3336681.700721452943981, 8349062.511019118130207 ], [ 3336789.190821762662381, 8349119.846121807582676 ], [ 3336863.24054703861475, 8349136.562494751065969 ], [ 3337102.098778433632106, 8349217.778956529684365 ], [ 3337259.749441294930875, 8349239.271728118881583 ], [ 3337434.120291673578322, 8349241.659817712381482 ], [ 3337596.557692639064044, 8349184.345880662091076 ], [ 3337706.430030051618814, 8349100.74174193944782 ], [ 3337823.471342672593892, 8348981.296265593729913 ], [ 3337959.626211861148477, 8348778.274346081539989 ], [ 3338033.675937137100846, 8348560.908667555078864 ], [ 3338057.565099861472845, 8348326.812702716328204 ], [ 3337861.698455811012536, 8348078.397865022532642 ], [ 3337763.759567810688168, 8347798.908002750016749 ], [ 3337565.499554707668722, 8347631.709942383691669 ], [ 3337448.458242087624967, 8347636.485082373023033 ], [ 3337300.358791536651552, 8347653.220203851349652 ], [ 3337154.652710037305951, 8347603.03706026263535 ], [ 3336977.888490606565028, 8347462.128153917379677 ], [ 3336853.678202779963613, 8347471.678217611275613 ], [ 3336676.925115298479795, 8347488.390858798287809 ], [ 3336545.545852263458073, 8347531.388502410613 ], [ 3336328.172282591462135, 8347626.934805481694639 ], [ 3336211.130969971418381, 8347679.483588551171124 ], [ 3336036.760119592770934, 8347753.543299461714923 ], [ 3335893.436275197193027, 8347837.132182107307017 ], [ 3335869.558244421612471, 8347970.907314414158463 ], [ 3335848.062450748868287, 8348116.601382990367711 ], [ 3335857.613663059193641, 8348240.808399709872901 ], [ 3335919.71880697272718, 8348455.798926372081041 ] ] ] } },
{ "type": "Feature", "properties": { "id": "24130826", "name": "Малиновые горки (ru)" }, "geometry": { "type": "Polygon", "coordinates": [ [ [ 3392192.90138957509771, 8438305.719334695488214 ], [ 3392311.734945996664464, 8438362.746079925447702 ], [ 3392417.432802504859865, 8438374.988535417243838 ], [ 3392565.532253056764603, 8438341.551237171515822 ], [ 3393746.721105965320021, 8437481.051934510469437 ], [ 3393796.881668517366052, 8437390.263382315635681 ], [ 3393811.219618931412697, 8437258.905050933361053 ], [ 3393796.881668517366052, 8437072.590597776696086 ], [ 3393749.114475017879158, 8436886.258489195257425 ], [ 3393627.286424293648452, 8436473.019498363137245 ], [ 3393608.183999673463404, 8436433.012538075447083 ], [ 3393578.316980293951929, 8436401.664954526349902 ], [ 3393539.499873854219913, 8436393.319046529009938 ], [ 3393510.245111673604697, 8436407.034980764612556 ], [ 3393472.029130484443158, 8436449.145072493702173 ], [ 3393436.195386397652328, 8436515.1299680005759 ], [ 3393381.259217691142112, 8436585.299702905118465 ], [ 3393144.048514760099351, 8436809.910008626058698 ], [ 3392688.551422331947833, 8437036.742502097040415 ], [ 3392351.743170988280326, 8437182.463190797716379 ], [ 3391831.023988904897124, 8437366.385977875441313 ], [ 3392036.441845265217125, 8437734.245355354622006 ], [ 3392117.660545747727156, 8437872.773641273379326 ], [ 3392141.53857652284205, 8437980.263542605563998 ], [ 3392129.605127110145986, 8438075.826361019164324 ], [ 3392131.987364212982357, 8438221.522884493693709 ], [ 3392192.90138957509771, 8438305.719334695488214 ] ] ] } },
{ "type": "Feature", "properties": { "id": "5534709", "name": "Mount Orekhovaya" }, "geometry": { "type": "Polygon", "coordinates": [ [ [ 3353373.635351839475334, 8333409.644123670645058 ], [ 3353225.535901287570596, 8333406.025532089173794 ], [ 3353309.147970822639763, 8333333.212785502895713 ], [ 3353220.760295132640749, 8333281.847134180366993 ], [ 3353414.244702080264688, 8333249.589334701187909 ], [ 3353559.950783579610288, 8333216.162283441051841 ], [ 3353832.260521958582103, 8333125.391502664424479 ], [ 3353837.036128113977611, 8333094.34788682218641 ], [ 3353807.180240682326257, 8333075.814447017386556 ], [ 3353669.789725145790726, 8333071.644429468549788 ], [ 3353550.399571270216256, 8333060.303758729249239 ], [ 3353464.405264632310718, 8333066.260918229818344 ], [ 3353251.818433064036071, 8333039.387547856196761 ], [ 3353393.940026959870011, 8333037.600406002253294 ], [ 3353505.014614873565733, 8333013.132050525397062 ], [ 3353509.79022102849558, 8332999.386562666855752 ], [ 3353496.654521115124226, 8332989.833132717758417 ], [ 3353373.635351839475334, 8332982.022716491483152 ], [ 3353328.250395443290472, 8332969.53489300981164 ], [ 3353239.873851701617241, 8332923.51104739960283 ], [ 3353330.643764494918287, 8332924.746583132073283 ], [ 3353521.73480239091441, 8332886.533323568291962 ], [ 3353540.848358959890902, 8332876.362275663763285 ], [ 3353546.815083666704595, 8332852.490153158083558 ], [ 3353540.848358959890902, 8332834.575080468319356 ], [ 3353521.73480239091441, 8332824.426166939549148 ], [ 3353301.978995615616441, 8332800.532149493694305 ], [ 3353239.873851701617241, 8332781.42581626586616 ], [ 3353201.657870512921363, 8332751.530902104452252 ], [ 3353285.258808098733425, 8332700.21342009305954 ], [ 3353323.474789287894964, 8332676.275679603219032 ], [ 3353346.172833460383117, 8332656.618109238334 ], [ 3353360.499651925638318, 8332635.107359851710498 ], [ 3353362.893020977731794, 8332608.853299329057336 ], [ 3353349.746189115103334, 8332584.959979120641947 ], [ 3353276.898714339826256, 8332519.259262493811548 ], [ 3353253.009551615454257, 8332502.558401140384376 ], [ 3353310.339089374057949, 8332479.856762431561947 ], [ 3353349.746189115103334, 8332468.517000125721097 ], [ 3353439.324983356520534, 8332479.856762431561947 ], [ 3353518.150314787402749, 8332502.558401140384376 ], [ 3353588.615552458912134, 8332533.599530240520835 ], [ 3353650.720696372445673, 8332584.959979120641947 ], [ 3353687.745559010654688, 8332631.53327217977494 ], [ 3353749.850702924653888, 8332700.809106793254614 ], [ 3353816.731452992651612, 8332783.212896144017577 ], [ 3353927.806040905881673, 8332865.617604692466557 ], [ 3353976.775484906509519, 8332891.850514707155526 ], [ 3354034.105022664647549, 8332907.427038569934666 ], [ 3354059.185303940903395, 8332909.765726296231151 ], [ 3354075.905491457786411, 8332905.04422542732209 ], [ 3354086.647822319064289, 8332887.12902528885752 ], [ 3354080.681097612716258, 8332862.043405493721366 ], [ 3354056.791934888344258, 8332826.213257224299014 ], [ 3354000.664647630881518, 8332764.106607711873949 ], [ 3353940.941740819718689, 8332723.489361957646906 ], [ 3353871.667621699627489, 8332678.106858855113387 ], [ 3353796.426777871791273, 8332607.044199434109032 ], [ 3353751.041821476072073, 8332535.982223577797413 ], [ 3353699.690140372607857, 8332488.218193645589054 ], [ 3353628.033784149214625, 8332429.66631222050637 ], [ 3353546.815083666704595, 8332391.477675015106797 ], [ 3353435.740495753008872, 8332361.606400265358388 ], [ 3353307.945720321964473, 8332348.479844320565462 ], [ 3353238.682733151130378, 8332330.565993839874864 ], [ 3353149.103938908781856, 8332258.911026295274496 ], [ 3353077.447582685388625, 8332159.76887674536556 ], [ 3353065.503001323901117, 8332121.559573950245976 ], [ 3353067.885238426737487, 8332079.158950787037611 ], [ 3353091.741005303803831, 8332015.823197429068387 ], [ 3353051.165050908923149, 8331947.789158180356026 ], [ 3352888.148788591381162, 8331790.69998437911272 ], [ 3352906.616692114621401, 8331711.858846558257937 ], [ 3352918.004676022101194, 8331627.062546224333346 ], [ 3352904.267850858159363, 8331570.326335149817169 ], [ 3352907.251213212031871, 8331533.906858508475125 ], [ 3352925.129123433493078, 8331508.82583331502974 ], [ 3352965.181876220740378, 8331499.274330720305443 ], [ 3353055.951789013575763, 8331499.274330720305443 ], [ 3353107.904595366213471, 8331478.384597870521247 ], [ 3353221.328024535439909, 8331487.936073462478817 ], [ 3353279.280951442662627, 8331498.678740899078548 ], [ 3353415.40242478530854, 8331536.884822295978665 ], [ 3353893.764540621545166, 8331870.115523318760097 ], [ 3354180.412229414563626, 8332067.775682362727821 ], [ 3354395.347902238368988, 8332212.891607620753348 ], [ 3354695.754680092912167, 8332455.941797690466046 ], [ 3354715.469361912459135, 8332518.04585649818182 ], [ 3354744.724124093074352, 8332744.956243487074971 ], [ 3354738.757399386260659, 8332855.181830396875739 ], [ 3354717.851599015295506, 8332939.374459404498339 ], [ 3354694.563561541028321, 8332980.588601414114237 ], [ 3354673.034372021909803, 8333004.130187207832932 ], [ 3354662.91543030878529, 8333044.131198082119226 ], [ 3354659.330942705273628, 8333104.453043825924397 ], [ 3354662.91543030878529, 8333162.105655940249562 ], [ 3354653.954211299773306, 8333202.725313376635313 ], [ 3354633.649536179378629, 8333237.012802616693079 ], [ 3354603.793648748658597, 8333258.547368858009577 ], [ 3354564.386549007613212, 8333268.079082153737545 ], [ 3354309.98811669787392, 8333253.185785533860326 ], [ 3354159.506429043132812, 8333247.184347085654736 ], [ 3354056.758539041504264, 8333253.185785533860326 ], [ 3353624.449296545702964, 8333371.428355736657977 ], [ 3353500.239008718170226, 8333390.536214989610016 ], [ 3353373.635351839475334, 8333409.644123670645058 ] ] ] } },
{ "type": "Feature", "properties": { "id": "7852150", "name": "Урочище Большой Симоногонт (ru)" }, "geometry": { "type": "Polygon", "coordinates": [ [ [ 3320625.144348667468876, 8361035.63885057810694 ], [ 3320472.269291961099952, 8361183.761549821123481 ], [ 3320778.019405373837799, 8361532.508344295434654 ], [ 3319922.874209049157798, 8361785.695645108819008 ], [ 3319679.240371499210596, 8361389.184838294051588 ], [ 3319769.988020393066108, 8360772.909984624013305 ], [ 3319941.943237821571529, 8359354.096615033224225 ], [ 3320406.780035526957363, 8359410.271751252003014 ], [ 3320240.568903823848814, 8360655.844399145804346 ], [ 3320625.144348667468876, 8361035.63885057810694 ] ] ] } },
{ "type": "Feature", "properties": { "id": "15513085", "name": "Холм (ru)" }, "geometry": { "type": "Polygon", "coordinates": [ [ [ 3375363.620771448127925, 8434279.021767912432551 ], [ 3375105.648983483668417, 8434436.677653511986136 ], [ 3374981.43869565660134, 8434709.026763988658786 ], [ 3375287.188809068873525, 8434928.747705981135368 ], [ 3375583.376578222960234, 8434804.547075420618057 ], [ 3375774.467616118956357, 8435138.989793673157692 ], [ 3375975.120998273603618, 8435095.947617068886757 ], [ 3376042.001748342067003, 8434828.416162002831697 ], [ 3376199.652411203365773, 8434780.655696151778102 ], [ 3376299.973536306526512, 8434933.512649478390813 ], [ 3376586.621225099544972, 8434747.212369594722986 ], [ 3376376.416630634106696, 8434560.894440159201622 ], [ 3376424.18382413405925, 8434398.471291467547417 ], [ 3376314.311486720573157, 8434269.470363574102521 ], [ 3376376.416630634106696, 8434006.733318537473679 ], [ 3376194.876805048435926, 8433906.391986442729831 ], [ 3375951.231835549231619, 8434064.06225105188787 ], [ 3375607.265740946866572, 8433810.86097401753068 ], [ 3375234.63487746566534, 8433858.637508779764175 ], [ 3375186.867683966644108, 8433997.159900080412626 ], [ 3375186.867683966644108, 8433997.159900080412626 ], [ 3375363.620771448127925, 8434279.021767912432551 ] ] ] } },
{ "type": "Feature", "properties": { "id": "24521728", "name": "Группа возвышенностей (ru)" }, "geometry": { "type": "Polygon", "coordinates": [ [ [ 3373955.518268506042659, 8425655.978980734944344 ], [ 3373864.748355712741613, 8425741.975506279617548 ], [ 3373654.543761248234659, 8425722.872527934610844 ], [ 3373683.208530127536505, 8425550.880928793922067 ], [ 3373759.640492505859584, 8425288.142367878928781 ], [ 3373998.509855850599706, 8425159.144743844866753 ], [ 3374461.910632124170661, 8424991.947171472012997 ], [ 3374786.763170157093555, 8425054.053789746016264 ], [ 3375082.962071259971708, 8425202.151147538796067 ], [ 3375254.950684535782784, 8425283.36132794059813 ], [ 3375355.271809638943523, 8425235.573440600186586 ], [ 3375426.928165861871094, 8425302.463164987042546 ], [ 3375331.382646913640201, 8425598.648522216826677 ], [ 3375264.501896845642477, 8425675.104127859696746 ], [ 3375149.842821328435093, 8425718.091205444186926 ], [ 3374953.976177277974784, 8425718.091205444186926 ], [ 3374514.464563727844507, 8425961.741524634882808 ], [ 3374132.271355987060815, 8425851.857694765552878 ], [ 3373955.518268506042659, 8425655.978980734944344 ] ] ] } },
{ "type": "Feature", "properties": { "id": "12547140", "name": "Песчаные холмы (ru)" }, "geometry": { "type": "Polygon", "coordinates": [ [ [ 3388802.799880855251104, 8421408.389732714742422 ], [ 3388850.578206303529441, 8421255.500983497127891 ], [ 3388659.487168407533318, 8421083.52447546645999 ], [ 3388697.703149597160518, 8420921.086061554029584 ], [ 3388774.135111975949258, 8420844.657516492530704 ], [ 3388922.234562526922673, 8420878.104675738140941 ], [ 3389022.555687630083412, 8420897.217406431213021 ], [ 3389103.774388113059103, 8420773.007871977984905 ], [ 3389108.54999426798895, 8420620.132324792444706 ], [ 3389333.081407197751105, 8420424.258892428129911 ], [ 3389505.070020473562181, 8420218.835171261802316 ], [ 3389538.510395508259535, 8420118.503139708191156 ], [ 3389423.851319990586489, 8420046.838240483775735 ], [ 3389051.220456509385258, 8420032.505344398319721 ], [ 3388802.799880855251104, 8420300.035015534609556 ], [ 3388511.387717856559902, 8420395.59165776707232 ], [ 3388353.737054994795471, 8420601.020313840359449 ], [ 3388090.978528926614672, 8421202.960863035172224 ], [ 3388167.421623253729194, 8421503.916110791265965 ], [ 3388315.521073805168271, 8421742.782143333926797 ], [ 3388621.260055269114673, 8421704.574668819084764 ], [ 3388621.260055269114673, 8421704.574668819084764 ], [ 3388802.799880855251104, 8421408.389732714742422 ] ] ] } },
{ "type": "Feature", "properties": { "id": "4724470", "name": "Rumbolovskaya mountain    " }, "geometry": { "type": "Polygon", "coordinates": [ [ [ 3411352.299325088970363, 8407309.881524113938212 ], [ 3411422.764562761411071, 8407371.995108813047409 ], [ 3411481.285219071432948, 8407436.471659012138844 ], [ 3411519.501200260128826, 8407545.167073300108314 ], [ 3411515.916712657082826, 8407585.775039872154593 ], [ 3411506.365500346757472, 8407664.606841653585434 ], [ 3411494.420918984338641, 8407723.135041441768408 ], [ 3411482.476337622385472, 8407787.614666923880577 ], [ 3411444.260356433223933, 8407854.502009637653828 ], [ 3411413.213350451085716, 8407917.801487436518073 ], [ 3411379.750711518339813, 8407979.875623613595963 ], [ 3411304.520999640226364, 8408102.933295020833611 ], [ 3411234.055761968716979, 8408222.359823167324066 ], [ 3411195.839780779089779, 8408299.994792308658361 ], [ 3411127.767912158742547, 8408389.555759349837899 ], [ 3411029.829024158418179, 8408434.938487095758319 ], [ 3410985.635186313651502, 8408454.063512144610286 ], [ 3410832.76012960774824, 8408455.244896443560719 ], [ 3410661.973766832612455, 8408400.299582192674279 ], [ 3410562.843760280869901, 8408339.40326676890254 ], [ 3410469.713874283712357, 8408270.171098362654448 ], [ 3410421.935548834968358, 8408227.174371084198356 ], [ 3410369.381617231760174, 8408167.460825795307755 ], [ 3410349.088074060156941, 8408087.442313959822059 ], [ 3410357.448167818132788, 8408005.017469342797995 ], [ 3410393.270779955666512, 8407902.310895916074514 ], [ 3410476.871717541478574, 8407737.488562855869532 ], [ 3410550.921442817430943, 8407600.150581169873476 ], [ 3410673.940612093079835, 8407382.782020846381783 ], [ 3410712.134329384192824, 8407321.827260736376047 ], [ 3410767.081630039028823, 8407254.944757279008627 ], [ 3410810.07321738358587, 8407220.311403790488839 ], [ 3410857.851542832329869, 8407210.750487411394715 ], [ 3410909.203223935328424, 8407202.393053192645311 ], [ 3410967.723880245350301, 8407198.849503953009844 ], [ 3411062.067148692440242, 8407205.981177125126123 ], [ 3411157.612667640671134, 8407222.673776648938656 ], [ 3411205.379861139692366, 8407237.004035808146 ], [ 3411283.025205968413502, 8407263.30225115083158 ], [ 3411352.299325088970363, 8407309.881524113938212 ] ] ] } },
{ "type": "Feature", "properties": { "id": "469944", "name": "Poklonnaya Hill" }, "geometry": { "type": "Polygon", "coordinates": [ [ [ 3375177.906464957632124, 8406154.423697924241424 ], [ 3375345.108340128790587, 8405762.693588891997933 ], [ 3375390.493296525906771, 8405784.173584936186671 ], [ 3375512.310215300414711, 8405562.045822648331523 ], [ 3375696.243409938644618, 8405471.271494744345546 ], [ 3375834.780516230501235, 8405516.658518806099892 ], [ 3376049.760716850403696, 8405643.240106841549277 ], [ 3376157.250817160587758, 8405865.392601139843464 ], [ 3376102.314648453611881, 8406013.483132638037205 ], [ 3375985.273335833568126, 8406049.314090944826603 ], [ 3375923.168191920500249, 8406185.46440945379436 ], [ 3375801.340141196269542, 8406285.807245887815952 ], [ 3375748.786209592595696, 8406450.61936710216105 ], [ 3375741.628366334829479, 8406515.110133223235607 ], [ 3375232.84263366414234, 8407253.20639974437654 ], [ 3375185.064308215398341, 8407348.749812845140696 ], [ 3375134.903745664283633, 8407336.804032541811466 ], [ 3375127.745902406517416, 8407281.867064815014601 ], [ 3375168.344120698980987, 8407183.939872045069933 ], [ 3375199.402258629910648, 8407094.348997747525573 ], [ 3375185.064308215398341, 8406979.70992674306035 ], [ 3375154.017302233725786, 8406832.803368948400021 ], [ 3375168.344120698980987, 8406664.39483062364161 ], [ 3375159.984026940073818, 8406516.313490826636553 ], [ 3375125.35253335442394, 8406402.842190742492676 ], [ 3375125.35253335442394, 8406402.842190742492676 ], [ 3375177.906464957632124, 8406154.423697924241424 ] ] ] } },
{ "type": "Feature", "properties": { "id": "14753710", "name": "Высота Инженерная (ru)" }, "geometry": { "type": "Polygon", "coordinates": [ [ [ 3312895.463998403865844, 8368411.854927239008248 ], [ 3313392.305149711668491, 8368698.489545462653041 ], [ 3313354.078036574181169, 8369071.115684075281024 ], [ 3313019.674286230932921, 8369682.607440275140107 ], [ 3312073.759177113883197, 8369443.738477920182049 ], [ 3312706.988968541380018, 8368852.464090097695589 ], [ 3312895.463998403865844, 8368411.854927239008248 ] ] ] } },
{ "type": "Feature", "properties": { "id": "13108313", "name": "Hill" }, "geometry": { "type": "Polygon", "coordinates": [ [ [ 3388334.62349842581898, 8428067.949513418599963 ], [ 3388358.512661149725318, 8427967.622125884518027 ], [ 3388530.501274425536394, 8427938.970180433243513 ], [ 3388874.467369027901441, 8427996.296532489359379 ], [ 3388955.674937561154366, 8428082.275723405182362 ], [ 3388922.234562526922673, 8428340.264027671888471 ], [ 3388731.143524631392211, 8428674.681116474792361 ], [ 3388573.492861770093441, 8428908.750832548364997 ], [ 3388439.73136163270101, 8428994.763042820617557 ], [ 3388305.958729546517134, 8429061.64225485548377 ], [ 3388124.418903960846364, 8428980.412702905014157 ], [ 3387976.330585358198732, 8428908.750832548364997 ], [ 3387828.231134807225317, 8428722.446648204699159 ], [ 3387861.671509841922671, 8428545.691143855452538 ], [ 3387942.89021032396704, 8428354.590768057852983 ], [ 3388047.986941582057625, 8428239.932925743982196 ], [ 3388138.756854374427348, 8428106.167701974511147 ], [ 3388243.853585632517934, 8428110.950576979666948 ], [ 3388243.853585632517934, 8428110.950576979666948 ], [ 3388334.62349842581898, 8428067.949513418599963 ] ] ] } },
{ "type": "Feature", "properties": { "id": "42248114", "name": "Горка Коломяки (ru)" }, "geometry": { "type": "Polygon", "coordinates": [ [ [ 3370494.339264913927764, 8404537.880425443872809 ], [ 3370343.857577259652317, 8404141.379873914644122 ], [ 3370499.11487106885761, 8404000.433282250538468 ], [ 3370637.65197736164555, 8403916.828968521207571 ], [ 3370764.845627541653812, 8403879.805458987131715 ], [ 3370963.094508695881814, 8403853.519325751811266 ], [ 3371095.664890281390399, 8403834.406247114762664 ], [ 3371244.955459384247661, 8403811.706746142357588 ], [ 3371291.542666280642152, 8403797.360875824466348 ], [ 3371379.919210022315383, 8403794.99960171058774 ], [ 3371553.098941849544644, 8403771.097312990576029 ], [ 3371616.395204313565046, 8403695.871324459090829 ], [ 3371740.605492141097784, 8403594.338620755821466 ], [ 3371977.081486433278769, 8403403.239068932831287 ], [ 3372108.460749467369169, 8403310.107957364991307 ], [ 3372207.590756018646061, 8403245.622981881722808 ], [ 3372279.247112242504954, 8403363.834730882197618 ], [ 3372193.252805604599416, 8403415.200744081288576 ], [ 3372066.660280674230307, 8403503.566272146999836 ], [ 3371877.951479881536216, 8403654.05964001826942 ], [ 3371754.943442555144429, 8403754.390260698273778 ], [ 3371646.251091744285077, 8403851.11348095536232 ], [ 3371278.985827719327062, 8404395.144005101174116 ], [ 3370871.745734550524503, 8404466.233391923829913 ], [ 3370494.339264913927764, 8404537.880425443872809 ] ] ] } },
{ "type": "Feature", "properties": { "id": "3736801", "name": "Troitskaya mountain" }, "geometry": { "type": "Polygon", "coordinates": [ [ [ 3320154.585729135200381, 8370786.764619197696447 ], [ 3320086.513860515318811, 8370757.51373126078397 ], [ 3320043.522273170761764, 8370741.99018357694149 ], [ 3320019.633110446389765, 8370728.240782915614545 ], [ 3319934.239929058589041, 8370661.356967289932072 ], [ 3319876.91039130045101, 8370607.624155632220209 ], [ 3319564.592427930794656, 8370341.893104877322912 ], [ 3319343.044377353508025, 8370147.795518761500716 ], [ 3318981.756969983689487, 8369845.649428598582745 ], [ 3318827.69079472636804, 8369709.481514199636877 ], [ 3318759.017800856381655, 8369644.402964137494564 ], [ 3318536.278631727676839, 8369448.527754542417824 ], [ 3318501.046012891922146, 8369410.302318518981338 ], [ 3318483.724700124468654, 8369381.633371518924832 ], [ 3318453.868812693748623, 8369357.753753644414246 ], [ 3318293.824780780356377, 8369155.323330095969141 ], [ 3318283.082449918612838, 8369139.204519867897034 ], [ 3318283.082449918612838, 8369116.500780895352364 ], [ 3318349.963199986610562, 8368920.639591261744499 ], [ 3318376.234599814284593, 8368888.979475271888077 ], [ 3318400.123762538656592, 8368869.269569745287299 ], [ 3318565.533393908292055, 8368800.606789419427514 ], [ 3318586.439194279722869, 8368782.094331322237849 ], [ 3318612.120600805617869, 8368751.033413200639188 ], [ 3318635.998631580267102, 8368725.958634685724974 ], [ 3318681.984713227022439, 8368680.575941098853946 ], [ 3318700.497144546359777, 8368654.304211418144405 ], [ 3318717.818457313813269, 8368640.558702378533781 ], [ 3318736.920881933532655, 8368633.996339352801442 ], [ 3318936.973138838540763, 8368608.921958743594587 ], [ 3318949.507713501341641, 8368610.695563766174018 ], [ 3319114.928476820234209, 8368715.804593014530838 ], [ 3319132.249789587687701, 8368721.169827264733613 ], [ 3319276.163627285510302, 8368710.439362665638328 ], [ 3319284.523721043486148, 8368701.482540533877909 ], [ 3319289.299327198881656, 8368688.934139700606465 ], [ 3319268.994652078021318, 8368579.05894823372364 ], [ 3319277.354745836928487, 8368563.517815394327044 ], [ 3319292.282689552288502, 8368552.787580166012049 ], [ 3319306.620639966335148, 8368549.196058636531234 ], [ 3319362.747927224263549, 8368580.854716050438583 ], [ 3319374.692508586682379, 8368580.854716050438583 ], [ 3319598.032802965026349, 8368536.049331172369421 ], [ 3320227.444335859268904, 8368331.823582919314504 ], [ 3320270.435923203825951, 8368316.305140223354101 ], [ 3320303.876298238523304, 8368295.39963261038065 ], [ 3320543.346786832436919, 8368113.260410693474114 ], [ 3320640.684549582190812, 8368057.728351349942386 ], [ 3320830.584468925837427, 8367944.271335881203413 ], [ 3320954.794756753370166, 8367871.405275063589215 ], [ 3321086.162887838669121, 8367815.276509437710047 ], [ 3321183.500650588423014, 8367771.694989960640669 ], [ 3321362.658239070791751, 8367692.867626159451902 ], [ 3321417.594407777767628, 8367661.212780145928264 ], [ 3321507.763195320032537, 8367605.085614075884223 ], [ 3321580.020676793996245, 8367561.483169661834836 ], [ 3321609.286570923402905, 8367543.572326664812863 ], [ 3321636.749089301563799, 8367520.873499020934105 ], [ 3321661.239377276971936, 8367494.007398759946227 ], [ 3321687.510777103714645, 8367454.595095423981547 ], [ 3321706.023208423051983, 8367421.74428135715425 ], [ 3321729.311245896853507, 8367397.87100827973336 ], [ 3321737.081346353981644, 8367374.574137556366622 ], [ 3321747.222551965154707, 8367369.209882786497474 ], [ 3321759.768258577678353, 8367370.983189715072513 ], [ 3321892.338640163186938, 8367396.674021692015231 ], [ 3321931.756871853489429, 8367402.636790142394602 ], [ 3322046.404815421439707, 8367400.841309171169996 ], [ 3322231.529128610156476, 8367416.379992282018065 ], [ 3322256.609409886877984, 8367422.342776662670076 ], [ 3322704.481117194984108, 8367655.848316903226078 ], [ 3322967.829636564478278, 8367787.212286803871393 ], [ 3323381.069850287865847, 8367991.445123302750289 ], [ 3323511.84798807092011, 8368054.735617510974407 ], [ 3323594.858932355418801, 8368095.946777671575546 ], [ 3323750.116226165555418, 8368168.792888158932328 ], [ 3323790.725576406344771, 8368191.49370992090553 ], [ 3323852.229595069307834, 8368217.763791070319712 ], [ 3323914.93586423387751, 8368251.81527601275593 ], [ 3323945.982870216015726, 8368252.413838676176965 ], [ 3323956.73633302655071, 8368299.58959704451263 ], [ 3323947.775114017538726, 8368315.108004571869969 ], [ 3323945.392876914702356, 8368331.225013811141253 ], [ 3323949.567357819527388, 8368354.524906484410167 ], [ 3323824.08802779763937, 8368767.15137508418411 ], [ 3323809.761209332384169, 8368785.06518973223865 ], [ 3323777.367237511556596, 8368812.17987066321075 ], [ 3323744.294216796755791, 8368849.493204539641738 ], [ 3323739.518610641825944, 8368859.935650859028101 ], [ 3323736.902602607849985, 8368880.554537329822779 ], [ 3323746.008536954876035, 8368891.529129441827536 ], [ 3323764.075690310448408, 8368899.133755372837186 ], [ 3323776.844035904854536, 8368909.221536564640701 ], [ 3323793.786862403620034, 8368937.423055210150778 ], [ 3323797.894551613833755, 8368951.679052605293691 ], [ 3323805.052394871599972, 8368961.168285431340337 ], [ 3323821.92842967575416, 8368969.593315460719168 ], [ 3323835.732046534307301, 8368985.955638124607503 ], [ 3323845.216467150021344, 8368994.158984287641943 ], [ 3323865.743781252298504, 8369003.869984242133796 ], [ 3323889.555020333267748, 8369022.981624234467745 ], [ 3323907.399534706957638, 8369044.465649897232652 ], [ 3323918.587143532000482, 8369061.049852860160172 ], [ 3323932.101329713594168, 8369114.571853168308735 ], [ 3323945.392876914702356, 8369145.102182247675955 ], [ 3323955.46729083172977, 8369187.272822855971754 ], [ 3323977.041008146945387, 8369257.136491543613374 ], [ 3323981.816614301875234, 8369287.667410797439516 ], [ 3323982.940941159147769, 8369326.246966652572155 ], [ 3323974.647639095317572, 8369367.686955771408975 ], [ 3323952.550720172468573, 8369419.703451467677951 ], [ 3323925.010278150439262, 8369443.161991126835346 ], [ 3323879.180043790489435, 8369472.341148375533521 ], [ 3323865.88849659031257, 8369491.077066285535693 ], [ 3323854.400325139984488, 8369530.788500535301864 ], [ 3323843.2015843661502, 8369578.859355833381414 ], [ 3323828.195717007387429, 8369610.50026045832783 ], [ 3323807.000485960394144, 8369652.828774715773761 ], [ 3323805.575596478767693, 8369679.481007339432836 ], [ 3323867.758664035703987, 8369819.972238225862384 ], [ 3323581.122107191942632, 8369917.293253729119897 ], [ 3323570.368644380941987, 8369890.418422527611256 ], [ 3323551.266219761222601, 8369885.651032827794552 ], [ 3323449.742844157386571, 8369936.407260932028294 ], [ 3323247.898343451321125, 8369962.084856704808772 ], [ 3323023.366930520627648, 8370121.540736549533904 ], [ 3323075.920862124301493, 8370211.703242470510304 ], [ 3322906.325617901515216, 8370322.778046703897417 ], [ 3322783.907573875505477, 8370416.535442241467535 ], [ 3322755.832798298448324, 8370442.214709797874093 ], [ 3322718.217942358925939, 8370486.38858132623136 ], [ 3322687.760929677635431, 8370524.61959538795054 ], [ 3322666.855129306670278, 8370553.27081009093672 ], [ 3322635.206998074427247, 8370583.740567676723003 ], [ 3322617.8968172557652, 8370598.665029080584645 ], [ 3322592.816535979975015, 8370627.915286956354976 ], [ 3322558.173910445533693, 8370655.99032137170434 ], [ 3322525.924653962720186, 8370678.67662394233048 ], [ 3322499.653254135046154, 8370704.955566070973873 ], [ 3322484.725310419686139, 8370718.106160453520715 ], [ 3322475.174098110292107, 8370733.030893784016371 ], [ 3322468.005122902803123, 8370741.99018357694149 ], [ 3322434.564747868105769, 8370755.717433355748653 ], [ 3322373.650722505990416, 8370778.404042720794678 ], [ 3322296.016509626992047, 8370806.479650056920946 ], [ 3322142.551459619775414, 8370846.486466355621815 ], [ 3322056.557152981404215, 8370865.004107240587473 ], [ 3321912.643315284512937, 8370890.684936473146081 ], [ 3321843.369196163490415, 8370899.644417799077928 ], [ 3321781.264052249491215, 8370902.616129356436431 ], [ 3321628.388995543587953, 8370915.168297353200614 ], [ 3321518.516658130567521, 8370925.90197032969445 ], [ 3321231.880101286806166, 8370949.210061921738088 ], [ 3321077.212800778448582, 8370962.937697434797883 ], [ 3320982.257275131996721, 8370968.304566732607782 ], [ 3320881.335024778731167, 8370970.699699749238789 ], [ 3320779.822781124617904, 8370971.298483123071492 ], [ 3320676.507161719258875, 8370964.135262971743941 ], [ 3320594.108474634587765, 8370950.984229858033359 ], [ 3320528.418843117076904, 8370937.256616593338549 ], [ 3320372.560424057301134, 8370890.086159641854465 ], [ 3320297.90957353124395, 8370858.439764551818371 ], [ 3320202.36405458394438, 8370813.04394649527967 ], [ 3320154.585729135200381, 8370786.764619197696447 ] ] ] } },
{ "type": "Feature", "properties": { "id": "13108035", "name": "Hill" }, "geometry": { "type": "Polygon", "coordinates": [ [ [ 3373146.949147128965706, 8426033.397033125162125 ], [ 3373342.815791179426014, 8425971.282146070152521 ], [ 3373667.679461161606014, 8425966.523005492985249 ], [ 3373820.554517867974937, 8426004.730277270078659 ], [ 3373925.651249125599861, 8426076.386204514652491 ], [ 3374011.645555763505399, 8426243.608426803722978 ], [ 3373968.642836470156908, 8426683.10996806062758 ], [ 3373820.554517867974937, 8426807.329942986369133 ], [ 3373505.253192145377398, 8426845.541582204401493 ], [ 3373347.602529284078628, 8426850.323637576773763 ], [ 3373218.605503352358937, 8426759.554500207304955 ], [ 3373170.838309853337705, 8426649.658752104267478 ], [ 3373075.292790905106813, 8426520.68194062449038 ], [ 3373075.292790905106813, 8426520.68194062449038 ], [ 3373146.949147128965706, 8426033.397033125162125 ] ] ] } },
{ "type": "Feature", "properties": { "id": "5534688", "name": "Гора Воронья (ru)" }, "geometry": { "type": "Polygon", "coordinates": [ [ [ 3353058.345158065203577, 8334041.468561810441315 ], [ 3352967.575245272368193, 8333948.304489772766829 ], [ 3352969.957482375670224, 8333769.151207215152681 ], [ 3353168.217495478689671, 8333685.544886853545904 ], [ 3353593.402290563564748, 8333661.670149316079915 ], [ 3354319.550460956525058, 8333413.240652423352003 ], [ 3354563.195430456195027, 8333408.474700587801635 ], [ 3354558.41982430126518, 8333566.127840658649802 ], [ 3354481.976729973684996, 8333661.670149316079915 ], [ 3354434.209536473732442, 8333828.861130026169121 ], [ 3354257.445317042991519, 8333871.867578157223761 ], [ 3354071.129885302390903, 8333996.077961179427803 ], [ 3353206.444608617108315, 8334101.180685827508569 ], [ 3353058.345158065203577, 8334041.468561810441315 ] ] ] } },
{ "type": "Feature", "properties": { "id": "32904228", "name": "«Скотные горы» (ru)" }, "geometry": { "type": "Polygon", "coordinates": [ [ [ 3373874.5889986990951, 8416432.640096236020327 ], [ 3373836.963010811246932, 8416420.411791799589992 ], [ 3373803.522635776549578, 8416418.626639565452933 ], [ 3373775.15842952253297, 8416420.478735014796257 ], [ 3373745.0019794665277, 8416429.092100702226162 ], [ 3373720.222260816022754, 8416445.270081641152501 ], [ 3373703.791503974702209, 8416464.929165655747056 ], [ 3373677.208409572951496, 8416521.697575896978378 ], [ 3373666.477210661396384, 8416552.090277398005128 ], [ 3373664.9855294842273, 8416578.644943132996559 ], [ 3373672.443935367744416, 8416602.834318667650223 ], [ 3373691.524096089415252, 8416636.351463051512837 ], [ 3373713.019889761693776, 8416677.009615397080779 ], [ 3373744.701416841708124, 8416743.620740134268999 ], [ 3373789.462984089273959, 8416815.521263981238008 ], [ 3373838.454691987484694, 8416874.390061965212226 ], [ 3373896.95308439899236, 8416920.606192024424672 ], [ 3373968.598308674059808, 8416944.484267674386501 ], [ 3374040.299192694015801, 8416970.236970683559775 ], [ 3374090.426359397824854, 8417004.202111938968301 ], [ 3374129.866854986175895, 8417033.547941686585546 ], [ 3374177.645180434454232, 8417051.914250565692782 ], [ 3374234.674155568238348, 8417061.755754498764873 ], [ 3374293.450846706982702, 8417071.083994869142771 ], [ 3374430.540799618698657, 8417096.993356106802821 ], [ 3374474.434074838180095, 8417115.806153604760766 ], [ 3374532.342473949305713, 8417152.338378164917231 ], [ 3374572.951824190560728, 8417173.829319486394525 ], [ 3374628.800812721718103, 8417197.909067653119564 ], [ 3374664.333994183223695, 8417226.876283381134272 ], [ 3374683.736981427762657, 8417259.124203896149993 ], [ 3374712.702312932815403, 8417274.946937676519156 ], [ 3374764.053994035348296, 8417291.506168000400066 ], [ 3374851.250551173929125, 8417324.669374724850059 ], [ 3374893.039888017810881, 8417353.61477218568325 ], [ 3374942.61045726807788, 8417391.554170267656446 ], [ 3374991.279338642954826, 8417437.059388665482402 ], [ 3375001.131113578099757, 8417444.691973697394133 ], [ 3375014.856806792318821, 8417435.72033947519958 ], [ 3375023.829157751053572, 8417415.433774067088962 ], [ 3375031.554730411618948, 8417386.376546770334244 ], [ 3375038.155976215843111, 8417318.688381576910615 ], [ 3375041.128206619992852, 8417233.504391144961119 ], [ 3375031.554730411618948, 8417157.069504199549556 ], [ 3375012.463437740691006, 8417099.782913791015744 ], [ 3374976.050832302309573, 8417046.379805155098438 ], [ 3374939.627094914205372, 8416985.478864220902324 ], [ 3374894.242138518020511, 8416938.905271098017693 ], [ 3374802.236579377669841, 8416875.238061740994453 ], [ 3374750.32830082019791, 8416843.348874390125275 ], [ 3374699.522085222415626, 8416822.662260623648763 ], [ 3374572.951824190560728, 8416779.70480721630156 ], [ 3374469.658468683250248, 8416748.396234218031168 ], [ 3374367.50057198246941, 8416693.679076483473182 ], [ 3374269.595079829916358, 8416624.412915425375104 ], [ 3374203.627149586100131, 8416575.677063969895244 ], [ 3374144.805930650327355, 8416546.556207867339253 ], [ 3374093.443117599003017, 8416530.444948488846421 ], [ 3374040.27692879550159, 8416514.579185981303453 ], [ 3373985.363023987971246, 8416492.822394266724586 ], [ 3373930.415723331738263, 8416459.975339306518435 ], [ 3373874.5889986990951, 8416432.640096236020327 ] ] ] } },
{ "type": "Feature", "properties": { "id": "9213922", "name": "Высота Родниковая (ru)" }, "geometry": { "type": "Polygon", "coordinates": [ [ [ 3313774.487225503660738, 8368889.57808964792639 ], [ 3313956.027051089331508, 8369147.563238243572414 ], [ 3313764.936013194266707, 8369653.959607916884124 ], [ 3313038.77671085158363, 8369692.164133558981121 ], [ 3313373.191593143623322, 8369090.227498326450586 ], [ 3313420.969918590970337, 8368641.157296593300998 ], [ 3313774.487225503660738, 8368889.57808964792639 ] ] ] } },
{ "type": "Feature", "properties": { "id": "21134097", "name": "Усадьба Мариоки (Марьина Гора) (ru)" }, "geometry": { "type": "Polygon", "coordinates": [ [ [ 3288559.809928544797003, 8444693.898156197741628 ], [ 3288378.270102958660573, 8444766.430861296132207 ], [ 3288245.85556866042316, 8444460.221374843269587 ], [ 3288275.934095073025674, 8444449.469554482027888 ], [ 3288292.954845214728266, 8444435.962602442130446 ], [ 3288266.304959119297564, 8444401.9825360160321 ], [ 3288245.410290697123855, 8444374.565642414614558 ], [ 3288222.111121274065226, 8444333.664486328139901 ], [ 3288210.177671860903502, 8444302.014405105262995 ], [ 3288208.68599068466574, 8444252.960408387705684 ], [ 3288216.589674531016499, 8444205.049081057310104 ], [ 3288231.974028158932924, 8444157.787628896534443 ], [ 3288245.699721373151988, 8444138.076781300827861 ], [ 3288270.490571973379701, 8444125.533542174845934 ], [ 3288702.532647691201419, 8444042.838294235989451 ], [ 3288735.973022724501789, 8444041.651180712506175 ], [ 3288764.047798302955925, 8444043.958212830126286 ], [ 3288793.001997858285904, 8444046.108457012102008 ], [ 3288823.158447913825512, 8444053.275942154228687 ], [ 3288857.199948198627681, 8444061.339371295645833 ], [ 3288893.334254910238087, 8444074.778439525514841 ], [ 3288923.935982929542661, 8444087.993547242134809 ], [ 3288961.561970817856491, 8444106.270752327516675 ], [ 3288992.163698836229742, 8444126.138304995372891 ], [ 3289016.342292236629874, 8444143.766043247655034 ], [ 3289038.739773784764111, 8444164.350456926971674 ], [ 3289063.085346421226859, 8444189.885065430775285 ], [ 3289081.731361129321158, 8444217.570056984201074 ], [ 3289093.675942490808666, 8444238.849045312032104 ], [ 3289108.759733493439853, 8444270.58845080435276 ], [ 3289116.073424038477242, 8444291.486807441338897 ], [ 3289121.149592818692327, 8444311.713247783482075 ], [ 3289122.040148745290935, 8444328.960643978789449 ], [ 3289121.149592818692327, 8444342.153809426352382 ], [ 3289116.96397996507585, 8444355.817384345456958 ], [ 3289111.598380508832633, 8444366.636265784502029 ], [ 3289097.260430094785988, 8444386.347726317122579 ], [ 3289065.01117361150682, 8444420.999706109985709 ], [ 3289048.591548719909042, 8444436.880984798073769 ], [ 3289029.188561474438757, 8444453.299888683483005 ], [ 3289004.553558161482215, 8444469.741228919476271 ], [ 3288958.712191853206605, 8444496.508884686976671 ], [ 3288559.809928544797003, 8444693.898156197741628 ] ] ] } },
{ "type": "Feature", "properties": { "id": "36709150", "name": "Урочище Киурумяки (ru)" }, "geometry": { "type": "Polygon", "coordinates": [ [ [ 3404008.38553822087124, 8429544.724035527557135 ], [ 3404295.022095063701272, 8428985.777312682941556 ], [ 3405255.264022646937519, 8428498.507887713611126 ], [ 3405900.204624506644905, 8429014.455688813701272 ], [ 3405876.315461782738566, 8429979.459937224164605 ], [ 3404925.635878459084779, 8430280.439121013507247 ], [ 3403955.842738565988839, 8429716.719627859070897 ], [ 3404008.38553822087124, 8429544.724035527557135 ] ] ] } },
{ "type": "Feature", "properties": { "id": "15363390", "name": "Холм Киурумяки (ru)" }, "geometry": { "type": "Polygon", "coordinates": [ [ [ 3405451.141798646654934, 8429780.006255123764277 ], [ 3405529.967130077071488, 8429636.689985252916813 ], [ 3405544.305080491118133, 8429538.755453830584884 ], [ 3405508.471336405258626, 8429424.101504422724247 ], [ 3405357.989648750517517, 8429412.164541643112898 ], [ 3405104.782334992662072, 8429419.317775439471006 ], [ 3404930.411484614014626, 8429335.714789941906929 ], [ 3404760.816240390297025, 8429233.023011507466435 ], [ 3404643.774927770253271, 8429216.302761893719435 ], [ 3404624.672503150068223, 8429273.616716859862208 ], [ 3404665.270721442531794, 8429419.317775439471006 ], [ 3404734.544840563554317, 8429529.210204031318426 ], [ 3404746.489421925041825, 8429670.132433902472258 ], [ 3404865.924103597644717, 8429820.625334605574608 ], [ 3405066.566353803034872, 8429889.881717767566442 ], [ 3405197.945616837125272, 8429889.881717767566442 ], [ 3405334.100486026611179, 8429846.892607813701034 ], [ 3405451.141798646654934, 8429780.006255123764277 ] ] ] } },
{ "type": "Feature", "properties": { "id": "14354750", "name": "Гора Плешивка (ru)" }, "geometry": { "type": "Polygon", "coordinates": [ [ [ 3380781.09511039359495, 8316960.172400667332113 ], [ 3381297.049818270839751, 8316573.215570257045329 ], [ 3381540.694787770044059, 8316979.2819047505036 ], [ 3381469.027299597859383, 8317227.709952958859503 ], [ 3381268.385049391537905, 8317371.015607720240951 ], [ 3381058.180454927030951, 8317313.684205831028521 ], [ 3380781.09511039359495, 8316960.172400667332113 ] ] ] } },
{ "type": "Feature", "properties": { "id": "38742546", "name": "Высота (ru)" }, "geometry": { "type": "Polygon", "coordinates": [ [ [ 3336946.09564403584227, 8446709.332737857475877 ], [ 3336903.994612618349493, 8446615.875829715281725 ], [ 3336896.525074786040932, 8446575.275884117931128 ], [ 3336897.126200036145747, 8446498.826705718412995 ], [ 3336875.029281113762408, 8446410.144862582907081 ], [ 3336842.479462005663663, 8446314.608066227287054 ], [ 3336827.551518290303648, 8446271.903699131682515 ], [ 3336807.847968420013785, 8446188.601770604029298 ], [ 3336797.695630859583616, 8446118.429926585406065 ], [ 3336802.170674389228225, 8446110.072979593649507 ], [ 3336795.313393756281585, 8446096.047668997198343 ], [ 3336819.491987156681716, 8446063.49381641112268 ], [ 3336859.644927485380322, 8446049.73744854144752 ], [ 3336965.943909244146198, 8446016.287625625729561 ], [ 3337086.569709467701614, 8446004.368502473458648 ], [ 3337247.793727983720601, 8446317.834429334849119 ], [ 3337355.283828294370323, 8446489.819557113572955 ], [ 3337472.325140913948417, 8446633.151040151715279 ], [ 3337340.945877879858017, 8446731.067072870209813 ], [ 3337152.248209036421031, 8446752.577405858784914 ], [ 3336946.09564403584227, 8446709.332737857475877 ] ] ] } },
{ "type": "Feature", "properties": { "id": "559549", "name": "Shuvalovskoye Cemetery" }, "geometry": { "type": "Polygon", "coordinates": [ [ [ 3373337.439059774391353, 8411004.601107358932495 ], [ 3373326.685596963856369, 8411010.24250154197216 ], [ 3373320.1177470064722, 8411020.410400783643126 ], [ 3373316.533259403891861, 8411032.339861880987883 ], [ 3373295.037465731147677, 8411247.920819319784641 ], [ 3373366.69382195500657, 8411412.152792269363999 ], [ 3373470.599434661213309, 8411608.009506493806839 ], [ 3373509.416541100479662, 8411638.738722724840045 ], [ 3373542.856916135177016, 8411739.668821780011058 ], [ 3373561.669910079333931, 8411775.371558923274279 ], [ 3373597.793084841221571, 8411820.462958483025432 ], [ 3373624.064484668429941, 8411847.156661972403526 ], [ 3373642.576915987301618, 8411855.697775514796376 ], [ 3373661.690472557209432, 8411857.771728863939643 ], [ 3373679.90234125033021, 8411853.891429524868727 ], [ 3373745.892535393126309, 8411812.992306921631098 ], [ 3373778.731785176787525, 8411761.924473948776722 ], [ 3373816.658335690386593, 8411784.024090932682157 ], [ 3373896.374223047401756, 8411601.720959912985563 ], [ 3373894.581979245413095, 8411572.441379373893142 ], [ 3373899.936446752864867, 8411534.866459980607033 ], [ 3373877.238402579911053, 8411507.371106373146176 ], [ 3373900.259273276198655, 8411447.229559533298016 ], [ 3373849.798148099333048, 8411384.524102168157697 ], [ 3373784.409079207573086, 8411317.047204546630383 ], [ 3373703.190378724597394, 8411208.965042416006327 ], [ 3373404.308677893597633, 8411025.784230396151543 ], [ 3373381.02064042026177, 8411013.230435386300087 ], [ 3373359.524846747517586, 8411006.340350953862071 ], [ 3373337.439059774391353, 8411004.601107358932495 ] ] ] } },
{ "type": "Feature", "properties": { "id": "35410022", "name": "Андреевский склон (ru)" }, "geometry": { "type": "Polygon", "coordinates": [ [ [ 3400898.363868336193264, 8437798.742368279024959 ], [ 3400840.433205327484757, 8437720.504565892741084 ], [ 3400815.352924051694572, 8437581.956770217046142 ], [ 3400816.555174551904202, 8437536.572920257225633 ], [ 3400828.488623965531588, 8437509.114484336227179 ], [ 3400822.521899258252233, 8437485.214315520599484 ], [ 3400786.688155172392726, 8437436.250541875138879 ], [ 3400750.865543035324663, 8437390.867591304704547 ], [ 3400711.447311345022172, 8437339.510004350915551 ], [ 3400694.727123828139156, 8437298.89412753097713 ], [ 3400678.006936310324818, 8437245.165149802342057 ], [ 3400660.095630242023617, 8437189.019794600084424 ], [ 3400646.959930329117924, 8437083.935818022117019 ], [ 3400640.982073673047125, 8437017.050738647580147 ], [ 3400670.837961103767157, 8436956.14086783491075 ], [ 3400679.198054862674326, 8436897.603421932086349 ], [ 3400683.984792966395617, 8436829.534088101238012 ], [ 3400682.782542465720326, 8436793.709553742781281 ], [ 3400670.837961103767157, 8436743.542073206976056 ], [ 3400664.871236397419125, 8436711.298123909160495 ], [ 3400657.702261189930141, 8436639.628006085753441 ], [ 3400654.117773586884141, 8436559.61249010451138 ], [ 3400649.342167431954294, 8436496.312241612002254 ], [ 3400656.511142638511956, 8436447.355053059756756 ], [ 3400655.910017388407141, 8436406.139976121485233 ], [ 3400642.173192224465311, 8436339.865184830501676 ], [ 3400613.519555294886231, 8436269.384546367451549 ], [ 3400602.766092483419925, 8436253.878896571695805 ], [ 3400366.891223441343755, 8436353.60339430719614 ], [ 3400394.954867070540786, 8436413.904145047068596 ], [ 3400428.395242104772478, 8436489.152120560407639 ], [ 3400451.082154328469187, 8436533.343603972345591 ], [ 3400503.636085932608694, 8436688.608850872144103 ], [ 3400496.46711072511971, 8436836.69454063475132 ], [ 3400538.26757951779291, 8436946.585985319688916 ], [ 3400537.076460966374725, 8437171.117818515747786 ], [ 3400511.996179691515863, 8437319.213226843625307 ], [ 3400516.771785845514387, 8437395.656508767977357 ], [ 3400553.796648483723402, 8437521.042219372466207 ], [ 3400607.541698638815433, 8437632.129971807822585 ], [ 3400709.065074242185801, 8437740.802451236173511 ], [ 3400759.225636793300509, 8437764.703450910747051 ], [ 3400784.305918069090694, 8437786.187561873346567 ], [ 3400845.208811482414603, 8437856.660362400114536 ], [ 3400898.363868336193264, 8437798.742368279024959 ] ] ] } },
{ "type": "Feature", "properties": { "id": "43129600", "name": "Холм (ru)" }, "geometry": { "type": "Polygon", "coordinates": [ [ [ 3328173.307137243449688, 8338317.136571951210499 ], [ 3328106.426387174520642, 8338238.314060273580253 ], [ 3328029.983292846940458, 8338059.167088235728443 ], [ 3328034.758899001870304, 8337896.737485567107797 ], [ 3328027.601055744104087, 8337662.648203752934933 ], [ 3328065.817036932799965, 8337598.160702933557332 ], [ 3328139.866762208752334, 8337622.026090360246599 ], [ 3328252.132468673866242, 8337708.01718689315021 ], [ 3328354.846962828654796, 8337846.576448997482657 ], [ 3328424.10995, 8337987.500684814527631 ], [ 3328450.392481776885688, 8338111.714061266742647 ], [ 3328459.943694086745381, 8338231.138383204117417 ], [ 3328416.952106742188334, 8338338.641795431263745 ], [ 3328342.902381466701627, 8338355.355857339687645 ], [ 3328264.077050036285073, 8338360.12500215228647 ], [ 3328173.307137243449688, 8338317.136571951210499 ] ] ] } },
{ "type": "Feature", "properties": { "id": "35894000", "name": "Гора Большая Командная (Пухтуланмяки) (ru)" }, "geometry": { "type": "Polygon", "coordinates": [ [ [ 3304153.188164037652314, 8451116.488454857841134 ], [ 3304151.228940999135375, 8451084.607369851320982 ], [ 3304145.406931631267071, 8451053.197237828746438 ], [ 3304135.800059575587511, 8451022.728865467011929 ], [ 3304122.553040171042085, 8450993.650632333010435 ], [ 3304105.866248500999063, 8450966.410911539569497 ], [ 3304085.973455496598035, 8450941.413231933489442 ], [ 3304063.186355731450021, 8450919.016280014067888 ], [ 3304037.838907677214593, 8450899.55632116086781 ], [ 3304010.309597604442388, 8450883.34720122627914 ], [ 3303981.010307627730072, 8450870.613090593367815 ], [ 3303950.375183761585504, 8450861.533324476331472 ], [ 3303918.860635917633772, 8450856.264823356643319 ], [ 3303886.945337907411158, 8450854.874836457893252 ], [ 3303855.096831591334194, 8450857.363361576572061 ], [ 3303823.793790780007839, 8450863.730402655899525 ], [ 3303793.492625386454165, 8450873.886292977258563 ], [ 3303764.649745321832597, 8450887.629275077953935 ], [ 3303737.710428549908102, 8450904.802434025332332 ], [ 3303713.053161339368671, 8450925.114342242479324 ], [ 3303691.067561907228082, 8450948.295992631465197 ], [ 3303672.054192879702896, 8450973.988700274378061 ], [ 3303656.324748830869794, 8451001.788938876241446 ], [ 3303644.101868742145598, 8451031.293178118765354 ], [ 3303635.563663797453046, 8451062.097882593050599 ], [ 3303630.843717388808727, 8451093.687411621212959 ], [ 3303630.008821207098663, 8451125.6357959266752 ], [ 3303633.070107204373926, 8451157.427378693595529 ], [ 3303639.983047582674772, 8451188.613754669204354 ], [ 3303650.647454801015556, 8451218.746511111035943 ], [ 3303664.896349621936679, 8451247.332387577742338 ], [ 3303682.529356963466853, 8451273.967798443511128 ], [ 3303703.279310047626495, 8451298.271574083715677 ], [ 3303726.83451429894194, 8451319.840121265500784 ], [ 3303752.849879297427833, 8451338.404368499293923 ], [ 3303780.92465487588197, 8451353.650403719395399 ], [ 3303810.658090866170824, 8451365.353999277576804 ], [ 3303841.582645408809185, 8451373.358193177729845 ], [ 3303873.264172488357872, 8451377.528448920696974 ], [ 3303905.212866346351802, 8451377.797497758641839 ], [ 3303936.950053171254694, 8451374.18775999546051 ], [ 3303968.019323051907122, 8451366.721662044525146 ], [ 3303997.942002176772803, 8451355.533739676699042 ], [ 3304026.283944532740861, 8451340.780954260379076 ], [ 3304052.611004105303437, 8451322.68753295391798 ], [ 3304076.544694626703858, 8451301.522546475753188 ], [ 3304097.717661775182933, 8451277.599907405674458 ], [ 3304115.807079029735178, 8451251.255947932600975 ], [ 3304130.55691155930981, 8451222.916679102927446 ], [ 3304141.744520383421332, 8451193.008107289671898 ], [ 3304149.202926267404109, 8451161.93381305038929 ], [ 3304153.188164037652314, 8451116.488454857841134 ] ] ] } },
{ "type": "Feature", "properties": { "id": "37404914", "name": "Высота 109,5 (ru)" }, "geometry": { "type": "Polygon", "coordinates": [ [ [ 3347155.963117224164307, 8451245.987167369574308 ], [ 3347093.256848060525954, 8451217.916961846873164 ], [ 3347062.810967328492552, 8451160.880069443956017 ], [ 3347117.747136035002768, 8451105.951090782880783 ], [ 3347251.5086361723952, 8451065.348750496283174 ], [ 3347354.223130327183753, 8451005.622689712792635 ], [ 3347499.929211826529354, 8450929.194666117429733 ], [ 3347576.361174205318093, 8450881.419147845357656 ], [ 3347686.244643567595631, 8450809.767662368714809 ], [ 3347719.685018601827323, 8450825.886943778023124 ], [ 3347759.103250291664153, 8450895.162144036963582 ], [ 3347780.599043963477015, 8450971.589813644066453 ], [ 3347741.180812274105847, 8451089.83119497820735 ], [ 3347645.635293325874954, 8451175.811854625120759 ], [ 3347534.571837360970676, 8451214.038259772583842 ], [ 3347421.1038803961128, 8451257.040400724858046 ], [ 3347292.117986414115876, 8451297.6438002679497 ], [ 3347238.372936258558184, 8451314.369506631046534 ], [ 3347187.02125515602529, 8451297.6438002679497 ], [ 3347155.963117224164307, 8451245.987167369574308 ] ] ] } },
{ "type": "Feature", "properties": { "id": "34521292", "name": "Холм (ru)" }, "geometry": { "type": "Polygon", "coordinates": [ [ [ 3420306.204643402248621, 8332167.534301936626434 ], [ 3419795.025541679002345, 8332131.707521930336952 ], [ 3419697.097785628866404, 8332198.574023364111781 ], [ 3419709.031235041096807, 8332279.802966297604144 ], [ 3419749.640585282817483, 8332346.670808185823262 ], [ 3420086.448836627416313, 8332420.731344749219716 ], [ 3420382.63660578103736, 8332427.879317861050367 ], [ 3420466.237543366849422, 8332341.905544394627213 ], [ 3420439.966143539641052, 8332232.018531573936343 ], [ 3420306.204643402248621, 8332167.534301936626434 ] ] ] } },
{ "type": "Feature", "properties": { "id": "22985586", "name": "Гора Земляничная (ru)" }, "geometry": { "type": "Polygon", "coordinates": [ [ [ 3311424.34353172313422, 8446453.589421611279249 ], [ 3311429.709131180308759, 8446401.630744960159063 ], [ 3311446.284603359177709, 8446356.618113333359361 ], [ 3311483.153618709184229, 8446320.119770722463727 ], [ 3311543.622366108931601, 8446288.237082008272409 ], [ 3311594.974047211464494, 8446269.730398522689939 ], [ 3311642.451810034923255, 8446258.236561657860875 ], [ 3311693.213497836142778, 8446254.517312251031399 ], [ 3311733.822848077863455, 8446266.011143300682306 ], [ 3311784.729251218028367, 8446303.024538140743971 ], [ 3311825.928594760131091, 8446349.829273454844952 ], [ 3311852.211126536596566, 8446385.655598245561123 ], [ 3311870.712425906211138, 8446427.7556740231812 ], [ 3311874.296913509722799, 8446484.195696292445064 ], [ 3311870.567710568662733, 8446539.04532734118402 ], [ 3311861.762338846921921, 8446587.644055712968111 ], [ 3311845.042151329107583, 8446627.66150714084506 ], [ 3311822.054676480125636, 8446652.734142329543829 ], [ 3311778.45083193667233, 8446668.575431358069181 ], [ 3311709.488407390192151, 8446675.879912763834 ], [ 3311647.973256777971983, 8446673.930556586012244 ], [ 3311588.56204454228282, 8446658.716633606702089 ], [ 3311538.991475291550159, 8446624.972757775336504 ], [ 3311494.207644145470113, 8446584.05907629430294 ], [ 3311459.865581235382706, 8446542.943968659266829 ], [ 3311433.594181408174336, 8446501.963526234030724 ], [ 3311424.34353172313422, 8446453.589421611279249 ] ] ] } },
{ "type": "Feature", "properties": { "id": "43037834", "name": "Гора Колокольня (ru)" }, "geometry": { "type": "Polygon", "coordinates": [ [ [ 3294670.003194798715413, 8349486.487324652262032 ], [ 3294727.321600607596338, 8349582.036823201924562 ], [ 3295047.409664435312152, 8349625.024550169706345 ], [ 3295835.662978741806, 8349629.800979729741812 ], [ 3296036.316360896918923, 8349462.605671412311494 ], [ 3296041.09196705231443, 8349333.623966786079109 ], [ 3296026.754016638267785, 8349128.182191940955818 ], [ 3296007.651592017617077, 8348870.210611576214433 ], [ 3295959.873266569338739, 8348736.441292138770223 ], [ 3295644.571940846275538, 8348593.122869771905243 ], [ 3295205.06032729614526, 8348497.586170549504459 ], [ 3294937.526195073034614, 8348468.932034770026803 ], [ 3294808.540301090572029, 8348507.137573859654367 ], [ 3294779.875532211270183, 8348593.122869771905243 ], [ 3294703.443569832947105, 8348827.227279994636774 ], [ 3294703.443569832947105, 8348989.654290460050106 ], [ 3294665.227588643319905, 8349113.853886224329472 ], [ 3294670.003194798715413, 8349486.487324652262032 ] ] ] } },
{ "type": "Feature", "properties": { "id": "560975", "name": "Parnas hill" }, "geometry": { "type": "Polygon", "coordinates": [ [ [ 3373128.436715810094029, 8416771.091031156480312 ], [ 3373144.55577807687223, 8416737.662534575909376 ], [ 3373152.314746585208923, 8416683.905010383576155 ], [ 3373137.386802869383246, 8416674.956618787720799 ], [ 3373130.217827662825584, 8416658.242569854483008 ], [ 3373121.267740602605045, 8416654.649835320189595 ], [ 3373100.963065482210368, 8416655.854851678013802 ], [ 3373063.337077593896538, 8416662.415499741211534 ], [ 3373048.409133878536522, 8416675.559128601104021 ], [ 3373040.037908170837909, 8416689.863172417506576 ], [ 3373032.868932963348925, 8416661.790675865486264 ], [ 3373028.694452059455216, 8416631.330576175823808 ], [ 3373023.929977852851152, 8416591.319808956235647 ], [ 3373024.508839205373079, 8416545.953708613291383 ], [ 3373028.672188160941005, 8416472.471484242007136 ], [ 3373040.015644272323698, 8416361.97059552744031 ], [ 3373081.838376963511109, 8416318.413350557908416 ], [ 3373117.672121049836278, 8416314.686897410079837 ], [ 3373150.511370834428817, 8416314.106731221079826 ], [ 3373182.159502066671848, 8416315.891858100891113 ], [ 3373210.824270945973694, 8416319.172029869630933 ], [ 3373240.0567692280747, 8416324.081133212894201 ], [ 3373267.263252777978778, 8416331.422480225563049 ], [ 3373296.518014958593994, 8416343.963035225868225 ], [ 3373331.45007116952911, 8416363.063992803916335 ], [ 3373365.191008829046041, 8416382.164999954402447 ], [ 3373395.347458884585649, 8416403.676006613299251 ], [ 3373425.503908941056579, 8416427.262317510321736 ], [ 3373451.463614194188267, 8416450.380099564790726 ], [ 3373462.228208953514695, 8416507.728578982874751 ], [ 3373394.73520168568939, 8416592.502500019967556 ], [ 3373343.973513883538544, 8416654.605205090716481 ], [ 3373303.353031693026423, 8416702.672121372073889 ], [ 3373283.682877670042217, 8416724.496479472145438 ], [ 3373259.170325797982514, 8416745.673755902796984 ], [ 3373232.320064618252218, 8416762.722735052928329 ], [ 3373201.27305863564834, 8416774.036673650145531 ], [ 3373174.990526859648526, 8416778.834502959623933 ], [ 3373150.511370834428817, 8416778.834502959623933 ], [ 3373128.436715810094029, 8416771.091031156480312 ] ] ] } },
{ "type": "Feature", "properties": { "id": "33159062", "name": "Холм" }, "geometry": { "type": "Polygon", "coordinates": [ [ [ 3341945.710010390263051, 8446428.360626311972737 ], [ 3342044.840016942005605, 8446490.446920340880752 ], [ 3342117.687491717282683, 8446703.036514667794108 ], [ 3342221.593104423489422, 8446875.030657060444355 ], [ 3342331.476573785766959, 8447025.517629886046052 ], [ 3342412.684142319951206, 8447149.723240306600928 ], [ 3342298.036198751535267, 8447155.706136159598827 ], [ 3342051.997860200237483, 8447000.443722886964679 ], [ 3341895.549447839148343, 8446677.963707869872451 ], [ 3341909.876266304403543, 8446486.861988335847855 ], [ 3341945.710010390263051, 8446428.360626311972737 ] ] ] } },
{ "type": "Feature", "properties": { "id": "37170202", "name": "Высота 146,8 (ru)" }, "geometry": { "type": "Polygon", "coordinates": [ [ [ 3289118.522452835924923, 8310394.073237683624029 ], [ 3289116.96397996507585, 8310368.425960849039257 ], [ 3289112.299693301320076, 8310343.152702163904905 ], [ 3289104.574120639823377, 8310318.671377282589674 ], [ 3289093.898581472691149, 8310295.311913734301925 ], [ 3289080.49571478087455, 8310273.40423531178385 ], [ 3289064.48797200480476, 8310253.278262635692954 ], [ 3289046.153651871252805, 8310235.307904903776944 ], [ 3289025.782185056246817, 8310219.669110149145126 ], [ 3289003.651870286557823, 8310206.603813304565847 ], [ 3288980.096666034311056, 8310196.375945522449911 ], [ 3288955.461662722285837, 8310189.051481153815985 ], [ 3288930.125346617773175, 8310184.828369862399995 ], [ 3288904.47733593871817, 8310183.728601693175733 ], [ 3288878.84045720892027, 8310185.730179882608354 ], [ 3288853.682252289261669, 8310190.855102336965501 ], [ 3288829.314415755216032, 8310198.993398510850966 ], [ 3288806.13769777212292, 8310210.057096590287983 ], [ 3288784.486056813038886, 8310223.870245856232941 ], [ 3288764.67118745110929, 8310240.19091088231653 ], [ 3288746.982520364224911, 8310258.843143590725958 ], [ 3288731.676090380176902, 8310279.497026914730668 ], [ 3288719.030196226201952, 8310301.844637635163963 ], [ 3288709.211817138362676, 8310325.578050129115582 ], [ 3288702.343404556624591, 8310350.323348158970475 ], [ 3288698.536277971230447, 8310375.750602876767516 ], [ 3288697.868361026514322, 8310401.419901123270392 ], [ 3288700.328521773219109, 8310426.979308045469224 ], [ 3288705.883364363573492, 8310452.076883931644261 ], [ 3288714.466097103897482, 8310476.294695666059852 ], [ 3288725.932004655711353, 8310499.280793789774179 ], [ 3288740.114107782486826, 8310520.661228619515896 ], [ 3288756.800899452064186, 8310540.216022005304694 ], [ 3288775.758608734700829, 8310557.571219398640096 ], [ 3288796.653277156408876, 8310572.462847100570798 ], [ 3288819.240001838188618, 8310584.758910890668631 ], [ 3288843.118032613303512, 8310594.15144566167146 ], [ 3288867.975674907211214, 8310600.574450549669564 ], [ 3288893.467838298995048, 8310603.939931365661323 ], [ 3288919.14924482582137, 8310604.159897482022643 ], [ 3288944.674804063979536, 8310601.256345231086016 ], [ 3288969.64376584906131, 8310595.27327145729214 ], [ 3288993.722171708010137, 8310586.276673314161599 ], [ 3289016.487007575109601, 8310574.420537463389337 ], [ 3289037.648842774797231, 8310559.858853021636605 ], [ 3289056.907114681787789, 8310542.833596699871123 ], [ 3289073.927864824421704, 8310523.586745603010058 ], [ 3289088.477322270628065, 8310502.426265406422317 ], [ 3289100.355111938901246, 8310479.660119922831655 ], [ 3289109.349726794753224, 8310455.574274186976254 ], [ 3289115.316451501101255, 8310430.608663007616997 ], [ 3289118.522452835924923, 8310394.073237683624029 ] ] ] } },
{ "type": "Feature", "properties": { "id": "11662414", "name": "Холм Хампунколка  (ru)" }, "geometry": { "type": "Polygon", "coordinates": [ [ [ 3398392.061192871071398, 8453468.896015342324972 ], [ 3398511.495874543208629, 8453437.834521364420652 ], [ 3398511.495874543208629, 8453332.742238260805607 ], [ 3398525.822693007998168, 8453062.819396076723933 ], [ 3398229.634923854377121, 8453069.973255079239607 ], [ 3398098.255660820286721, 8453411.572523135691881 ], [ 3398098.255660820286721, 8453411.572523135691881 ], [ 3398392.061192871071398, 8453468.896015342324972 ] ] ] } },
{ "type": "Feature", "properties": { "id": "41701812", "name": "Высота 109,0 (ru)" }, "geometry": { "type": "Polygon", "coordinates": [ [ [ 3326628.326188420876861, 8332431.298875343985856 ], [ 3326626.378097333014011, 8332403.03793488163501 ], [ 3326620.544956014957279, 8332375.284516992978752 ], [ 3326610.971479807049036, 8332348.612212835811079 ], [ 3326597.802384045906365, 8332323.506360261701047 ], [ 3326581.315967459697276, 8332300.452291346155107 ], [ 3326561.812792672310024, 8332279.891211153939366 ], [ 3326539.671345953829587, 8332262.198138596490026 ], [ 3326515.303509419318289, 8332247.726030954159796 ], [ 3326489.176824930123985, 8332236.739602316170931 ], [ 3326461.792230194434524, 8332229.437386699952185 ], [ 3326433.661794871557504, 8332225.995861596427858 ], [ 3326405.319852515589446, 8332226.43708267621696 ], [ 3326377.311868632212281, 8332230.761050625704229 ], [ 3326350.161044827662408, 8332238.923650082200766 ], [ 3326324.390582708176225, 8332250.726343627087772 ], [ 3326300.501419983804226, 8332265.970598143525422 ], [ 3326278.916570719797164, 8332284.347577754408121 ], [ 3326260.070180928800255, 8332305.504325174726546 ], [ 3326244.318472980521619, 8332329.065821138210595 ], [ 3326231.962009502574801, 8332354.568798465654254 ], [ 3326223.212297526653856, 8332381.549985367804766 ], [ 3326218.269712135661393, 8332409.45785800460726 ], [ 3326217.212176973000169, 8332437.762946395203471 ], [ 3326220.050823987927288, 8332465.979896157979965 ], [ 3326226.741125384811312, 8332493.51303624920547 ], [ 3326237.160629722755402, 8332519.876996528357267 ], [ 3326251.097829970065504, 8332544.542276356369257 ], [ 3326268.307823247276247, 8332567.067617269232869 ], [ 3326288.445519131142646, 8332587.011757045052946 ], [ 3326311.132431354839355, 8332603.99961768463254 ], [ 3326335.945545852649957, 8332617.700245434418321 ], [ 3326362.406188814435154, 8332627.870937217958272 ], [ 3326390.013422531075776, 8332634.291055729612708 ], [ 3326418.232913447078317, 8332636.872342061251402 ], [ 3326446.552591904997826, 8332635.52654309105128 ], [ 3326474.404728502035141, 8332630.319847744889557 ], [ 3326501.28838552813977, 8332621.318450886756182 ], [ 3326526.669229428749532, 8332608.698863952420652 ], [ 3326550.079718342982233, 8332592.72585126478225 ], [ 3326571.063442357815802, 8332573.664179663173854 ], [ 3326589.23078325483948, 8332551.910989527590573 ], [ 3326604.236650613602251, 8332527.863419802859426 ], [ 3326615.791613758075982, 8332501.984792304225266 ], [ 3326623.684165655635297, 8332474.760485778562725 ], [ 3326628.326188420876861, 8332431.298875343985856 ] ] ] } },
{ "type": "Feature", "properties": { "id": "36565612", "name": "Высота (ru)" }, "geometry": { "type": "Polygon", "coordinates": [ [ [ 3349064.50239102775231, 8449892.215126682072878 ], [ 3348988.070428649894893, 8449792.486109469085932 ], [ 3348996.43052240787074, 8449731.582360722124577 ], [ 3349150.474433767609298, 8449583.169413611292839 ], [ 3349246.019952715374529, 8449544.951491618528962 ], [ 3349312.91183473309502, 8449473.313036682084203 ], [ 3349489.664922214578837, 8449468.53865884616971 ], [ 3349566.108016542159021, 8449511.508171046152711 ], [ 3349523.10529724881053, 8449616.590644957497716 ], [ 3349403.670615576673299, 8449702.598899001255631 ], [ 3349293.798278164118528, 8449807.684105593711138 ], [ 3349212.579577681142837, 8449860.249688548967242 ], [ 3349064.50239102775231, 8449892.215126682072878 ] ] ] } },
{ "type": "Feature", "properties": { "id": "35464653", "name": "Гора (ru)" }, "geometry": { "type": "Polygon", "coordinates": [ [ [ 3414494.592515354044735, 8392920.611799703910947 ], [ 3414514.886058526113629, 8392955.244702711701393 ], [ 3414530.41512749157846, 8392981.536456476897001 ], [ 3414556.697659268043935, 8393014.968492088839412 ], [ 3414591.329152853693813, 8393040.059301111847162 ], [ 3414642.669702007435262, 8393057.965471504256129 ], [ 3414664.176627628039569, 8393059.166632318869233 ], [ 3414709.561584025155753, 8393057.965471504256129 ], [ 3414735.844115801621228, 8393048.400679418817163 ], [ 3414777.633452645037323, 8393023.332085601985455 ], [ 3414817.051684334874153, 8392988.698862513527274 ], [ 3414828.996265697292984, 8392956.445846777409315 ], [ 3414842.131965610664338, 8392895.543640719726682 ], [ 3414846.907571765594184, 8392857.307633485645056 ], [ 3414844.525334662757814, 8392820.295189561322331 ], [ 3414882.752447801176459, 8392748.072524627670646 ], [ 3414652.844303465913981, 8392633.411879230290651 ], [ 3414551.332059811800718, 8392585.056983932852745 ], [ 3414524.448402784764767, 8392661.459643330425024 ], [ 3414485.030171095393598, 8392687.728106064721942 ], [ 3414495.783633905462921, 8392747.449726775288582 ], [ 3414492.199146301951259, 8392786.864037368446589 ], [ 3414489.805777250323445, 8392822.675190880894661 ], [ 3414477.872327836696059, 8392860.911018367856741 ], [ 3414479.063446388579905, 8392889.560215206816792 ], [ 3414494.592515354044735, 8392920.611799703910947 ] ] ] } },
{ "type": "Feature", "properties": { "id": "13846353", "name": "Останцы (Шведская горка) (ru)" }, "geometry": { "type": "Polygon", "coordinates": [ [ [ 3427095.368879851419479, 8327404.581946678459644 ], [ 3427098.953367455396801, 8327466.092388836666942 ], [ 3427112.690192619338632, 8327526.98602625541389 ], [ 3427153.288410911336541, 8327608.207719781436026 ], [ 3427214.202436273917556, 8327675.099437460303307 ], [ 3427257.19402361754328, 8327694.192570142447948 ], [ 3427313.332442824728787, 8327704.951770569197834 ], [ 3427358.717399220913649, 8327699.572168397717178 ], [ 3427415.445811729412526, 8327684.050715230405331 ], [ 3427438.14385590236634, 8327654.198466562665999 ], [ 3427475.168718539644033, 8327624.32429117988795 ], [ 3427496.664512212388217, 8327572.380994101054966 ], [ 3427487.703293203376234, 8327506.085474303923547 ], [ 3427482.326561798341572, 8327455.928800178691745 ], [ 3427467.398618082981557, 8327368.75620826240629 ], [ 3427438.733849203679711, 8327329.932327234186232 ], [ 3427393.348892806563526, 8327325.148251521401107 ], [ 3427343.789455505553633, 8327341.286252029240131 ], [ 3427261.379636471159756, 8327353.808659221045673 ], [ 3427203.448973462451249, 8327332.908597094006836 ], [ 3427149.70392330782488, 8327304.248270460404456 ], [ 3427123.43252348061651, 8327324.552998080849648 ], [ 3427111.48794211819768, 8327354.425961528904736 ], [ 3427095.368879851419479, 8327404.581946678459644 ] ] ] } },
{ "type": "Feature", "properties": { "id": "15798776", "name": "КП штаба Северного фронта (1939-1940, 1941-1944) (ru)" }, "geometry": { "type": "Polygon", "coordinates": [ [ [ 3372711.61201448366046, 8415819.375505922362208 ], [ 3372888.966227215714753, 8415989.711737988516688 ], [ 3372907.478658534120768, 8416126.15760768763721 ], [ 3372792.218457766808569, 8416220.20966774970293 ], [ 3372466.775926432572305, 8416132.873978292569518 ], [ 3372504.991907622199506, 8416034.650458043441176 ], [ 3372520.220413963310421, 8415901.776337321847677 ], [ 3372537.831157406326383, 8415873.706846788525581 ], [ 3372566.796488910913467, 8415858.17719055339694 ], [ 3372619.940413815435022, 8415855.499666929244995 ], [ 3372711.61201448366046, 8415819.375505922362208 ] ] ] } },
{ "type": "Feature", "properties": { "id": "469944", "name": "Poklonnaya Hill" }, "geometry": { "type": "Polygon", "coordinates": [ [ [ 3375177.906464957632124, 8406154.423697924241424 ], [ 3375345.108340128790587, 8405762.693588891997933 ], [ 3375390.493296525906771, 8405784.173584936186671 ], [ 3375512.310215300414711, 8405562.045822648331523 ], [ 3375696.243409938644618, 8405471.271494744345546 ], [ 3375834.780516230501235, 8405516.658518806099892 ], [ 3376049.760716850403696, 8405643.240106841549277 ], [ 3376157.250817160587758, 8405865.392601139843464 ], [ 3376102.314648453611881, 8406013.483132638037205 ], [ 3375985.273335833568126, 8406049.314090944826603 ], [ 3375923.168191920500249, 8406185.46440945379436 ], [ 3375801.340141196269542, 8406285.807245887815952 ], [ 3375748.786209592595696, 8406450.61936710216105 ], [ 3375741.628366334829479, 8406515.110133223235607 ], [ 3375232.84263366414234, 8407253.20639974437654 ], [ 3375185.064308215398341, 8407348.749812845140696 ], [ 3375134.903745664283633, 8407336.804032541811466 ], [ 3375127.745902406517416, 8407281.867064815014601 ], [ 3375168.344120698980987, 8407183.939872045069933 ], [ 3375199.402258629910648, 8407094.348997747525573 ], [ 3375185.064308215398341, 8406979.70992674306035 ], [ 3375154.017302233725786, 8406832.803368948400021 ], [ 3375168.344120698980987, 8406664.39483062364161 ], [ 3375159.984026940073818, 8406516.313490826636553 ], [ 3375125.35253335442394, 8406402.842190742492676 ], [ 3375125.35253335442394, 8406402.842190742492676 ], [ 3375177.906464957632124, 8406154.423697924241424 ] ] ] } },
{ "type": "Feature", "properties": { "id": "42144608", "name": "Высота 42,9 (ru)" }, "geometry": { "type": "Polygon", "coordinates": [ [ [ 3351600.326995451468974, 8437325.85946424677968 ], [ 3351591.8221863550134, 8437269.713492831215262 ], [ 3351567.098127449862659, 8437218.580528013408184 ], [ 3351528.358944653533399, 8437177.04784326814115 ], [ 3351479.066674130503088, 8437148.852296588942409 ], [ 3351423.629567715339363, 8437136.499995909631252 ], [ 3351367.023606647271663, 8437141.087351528927684 ], [ 3351314.313827756326646, 8437162.211601654067636 ], [ 3351270.209045503754169, 8437197.993176510557532 ], [ 3351238.661101812962443, 8437245.209905141964555 ], [ 3351222.497511749621481, 8437299.654973851516843 ], [ 3351223.154296746011823, 8437356.4501360822469 ], [ 3351240.586929004173726, 8437410.493221452459693 ], [ 3351273.225803704466671, 8437456.972830409184098 ], [ 3351318.154350189026445, 8437491.704054048284888 ], [ 3351371.3428028896451, 8437511.598495103418827 ], [ 3351428.048951500095427, 8437514.865753784775734 ], [ 3351483.174363340716809, 8437501.214888105168939 ], [ 3351531.798716919496655, 8437471.876801902428269 ], [ 3351569.558288196101785, 8437429.44755707681179 ], [ 3351600.326995451468974, 8437325.85946424677968 ] ] ] } },
{ "type": "Feature", "properties": { "id": "24811121", "name": "«Кудыкина гора» (ru)" }, "geometry": { "type": "Polygon", "coordinates": [ [ [ 3342760.112273084931076, 8441786.705568742007017 ], [ 3342969.114617050159723, 8442081.697061700746417 ], [ 3342705.17610437842086, 8442284.73171135224402 ], [ 3342557.076653827447444, 8441922.847127752378583 ], [ 3342760.112273084931076, 8441786.705568742007017 ] ] ] } },
{ "type": "Feature", "properties": { "id": "32246291", "name": "Холм (ru)" }, "geometry": { "type": "Polygon", "coordinates": [ [ [ 3354868.945543868932873, 8448570.405601553618908 ], [ 3354830.729562679771334, 8448651.627764564007521 ], [ 3354935.826293937396258, 8448761.494271099567413 ], [ 3354759.062074507120997, 8448675.497031154111028 ], [ 3354720.846093317493796, 8448665.949315212666988 ], [ 3354663.516555559821427, 8448589.523209802806377 ], [ 3354663.516555559821427, 8448422.307456143200397 ], [ 3354615.749362059868872, 8448336.314185366034508 ], [ 3354754.286468351725489, 8448498.754234487190843 ], [ 3354978.817881281953305, 8448527.419179888442159 ], [ 3355174.695657281670719, 8448723.280622202903032 ], [ 3355384.889119797386229, 8448794.934178501367569 ], [ 3355762.306721383240074, 8448914.373267088085413 ], [ 3355437.443051401060075, 8448914.373267088085413 ], [ 3355485.221376849804074, 8448861.814449809491634 ], [ 3355126.917331833392382, 8448771.042111176997423 ], [ 3355069.58779407478869, 8448771.042111176997423 ], [ 3354988.380225540604442, 8448699.388787841424346 ], [ 3354935.826293937396258, 8448718.506731642410159 ], [ 3354935.826293937396258, 8448618.18850926682353 ], [ 3354868.945543868932873, 8448570.405601553618908 ] ] ] } },
{ "type": "Feature", "properties": { "id": "40271584", "name": "Гора Солнечная (ru)" }, "geometry": { "type": "Polygon", "coordinates": [ [ [ 3337211.982247795443982, 8430614.855009585618973 ], [ 3337257.356072243303061, 8430655.456342462450266 ], [ 3337333.799166570883244, 8430660.240875527262688 ], [ 3337443.671503983903676, 8430610.070506049320102 ], [ 3337601.333298794459552, 8430574.253900852054358 ], [ 3337677.765261173248291, 8430512.145369736477733 ], [ 3337677.765261173248291, 8430411.80699347704649 ], [ 3337589.388717432506382, 8430349.722190866246819 ], [ 3337489.056460379622877, 8430349.722190866246819 ], [ 3337391.128704329486936, 8430387.929880974814296 ], [ 3337297.965422484558076, 8430483.483510293066502 ], [ 3337228.702435312792659, 8430531.238433256745338 ], [ 3337214.364484898746014, 8430571.861661899834871 ], [ 3337211.982247795443982, 8430614.855009585618973 ] ] ] } },
{ "type": "Feature", "properties": { "id": "35417799", "name": "Высота. (ru)" }, "geometry": { "type": "Polygon", "coordinates": [ [ [ 3349943.525618127547204, 8449983.270313641056418 ], [ 3349857.531311489641666, 8449935.500945126637816 ], [ 3349847.980099179781973, 8449744.404160616919398 ], [ 3349929.187667713500559, 8449734.855055771768093 ], [ 3350051.015718438196927, 8449706.185400053858757 ], [ 3350108.334124247543514, 8449703.809342911466956 ], [ 3350141.774499281775206, 8449699.03481531329453 ], [ 3350184.777218575123698, 8449753.953277871012688 ], [ 3350184.777218575123698, 8449851.888485383242369 ], [ 3350201.497406092006713, 8449902.055847061797976 ], [ 3350129.841049868613482, 8449980.894166901707649 ], [ 3349996.068417782429606, 8450042.988065153360367 ], [ 3349943.525618127547204, 8449983.270313641056418 ] ] ] } },
{ "type": "Feature", "properties": { "id": "11306023", "name": "Adolf's Hill" }, "geometry": { "type": "Polygon", "coordinates": [ [ [ 3372082.790474890731275, 8418135.607615947723389 ], [ 3372078.615993985440582, 8418116.055666068568826 ], [ 3372048.760106555186212, 8418077.844699380919337 ], [ 3372023.07870002835989, 8418043.495173793286085 ], [ 3371969.934775124303997, 8417986.781980507075787 ], [ 3371935.893274839967489, 8417967.36434062756598 ], [ 3371872.574748476501554, 8417962.431821877136827 ], [ 3371751.960080202203244, 8417951.093737009912729 ], [ 3371633.126523780170828, 8417954.039851870387793 ], [ 3371611.029604858253151, 8417963.614733312278986 ], [ 3371594.899410641752183, 8417990.486961292102933 ], [ 3371591.326054987031966, 8418021.555307315662503 ], [ 3371643.278861340600997, 8418067.53312904946506 ], [ 3371722.104192771483213, 8418135.004986580461264 ], [ 3371790.777186641935259, 8418171.430672600865364 ], [ 3371869.591386123560369, 8418201.294512931257486 ], [ 3371941.848867597524077, 8418207.253903646022081 ], [ 3371981.868224537465721, 8418207.8565389290452 ], [ 3372040.978874148800969, 8418203.682732598856091 ], [ 3372058.901312166359276, 8418195.312807252630591 ], [ 3372076.812618235126138, 8418167.234567228704691 ], [ 3372082.790474890731275, 8418135.607615947723389 ] ] ] } },
{ "type": "Feature", "properties": { "id": "34886432", "name": "Горка Леккаринмяки (ru)" }, "geometry": { "type": "Polygon", "coordinates": [ [ [ 3399772.70117743499577, 8436467.940302861854434 ], [ 3399710.0060402196832, 8436380.766639739274979 ], [ 3399678.357908986974508, 8436315.677943551912904 ], [ 3399635.355189693626016, 8436229.69193814881146 ], [ 3399606.69042081432417, 8436257.145596407353878 ], [ 3399555.338739711791277, 8436313.88795660994947 ], [ 3399507.560414263047278, 8436356.870138451457024 ], [ 3399456.809858410619199, 8436411.219128930941224 ], [ 3399413.217145815957338, 8436499.601424558088183 ], [ 3399415.599382918793708, 8436533.634485501796007 ], [ 3399422.167232876177877, 8436565.877655684947968 ], [ 3399429.336208082735538, 8436584.986443674191833 ], [ 3399474.120039228815585, 8436622.622398501262069 ], [ 3399497.40807670308277, 8436631.572713380679488 ], [ 3399569.075564875733107, 8436591.564890375360847 ], [ 3399772.70117743499577, 8436467.940302861854434 ] ] ] } },
{ "type": "Feature", "properties": { "id": "19649687", "name": "Холм Чёртова гора (ru)" }, "geometry": { "type": "Polygon", "coordinates": [ [ [ 3372651.287982422858477, 8423544.430642079561949 ], [ 3372660.471840413287282, 8423538.489263014867902 ], [ 3372670.023052723612636, 8423533.240304293110967 ], [ 3372679.952751302160323, 8423528.639092491939664 ], [ 3372690.183012505527586, 8423524.752634285017848 ], [ 3372700.635912691708654, 8423521.625600434839725 ], [ 3372711.300319909118116, 8423519.235654031857848 ], [ 3372722.087178567424417, 8423517.627466235309839 ], [ 3372732.985356716439128, 8423516.778700595721602 ], [ 3372743.928062660619617, 8423516.711692785844207 ], [ 3372754.826240809168667, 8423517.381770906969905 ], [ 3372765.646495314780623, 8423518.833607049658895 ], [ 3372776.355430329218507, 8423521.022529773414135 ], [ 3372786.841726361773908, 8423524.01554761454463 ], [ 3372797.149911209475249, 8423527.700981704518199 ], [ 3372807.11300563486293, 8423532.145841032266617 ], [ 3372816.775537436362356, 8423537.260782975703478 ], [ 3372826.037319069728255, 8423543.045808939263225 ], [ 3372834.876086639240384, 8423549.47858446277678 ], [ 3372843.236180398147553, 8423556.514439130201936 ], [ 3372851.084204498678446, 8423564.131038594990969 ], [ 3372858.353367247153074, 8423572.283712446689606 ], [ 3372865.032536694779992, 8423580.927790205925703 ], [ 3372871.088316994253546, 8423589.996265131980181 ], [ 3372876.498444246593863, 8423599.51147497817874 ], [ 3372881.196126757655293, 8423609.384076606482267 ], [ 3372885.192496477626264, 8423619.569398958235979 ], [ 3372888.476421455852687, 8423629.933425648137927 ], [ 3372891.014505845494568, 8423640.565502682700753 ], [ 3372892.806749647948891, 8423651.353949498385191 ], [ 3372893.775229218415916, 8423662.254094026982784 ], [ 3372894.042395995929837, 8423673.154254702851176 ], [ 3372893.474666592665017, 8423684.054431527853012 ], [ 3372892.172228550538421, 8423694.90995155274868 ], [ 3372890.079422123264521, 8423705.676141548901796 ], [ 3372887.285302904434502, 8423716.218981880694628 ], [ 3372883.70081530045718, 8423726.538471581414342 ], [ 3372879.403882956132293, 8423736.567599896341562 ], [ 3372874.405637819319963, 8423746.306365648284554 ], [ 3372868.772871585097164, 8423755.643084367737174 ], [ 3372862.4276606105268, 8423764.555417831987143 ], [ 3372855.514720231760293, 8423773.043364508077502 ], [ 3372848.022918500937521, 8423780.950565742328763 ], [ 3372839.952255419455469, 8423788.344029953703284 ], [ 3372831.414050475694239, 8423795.13440846465528 ], [ 3372822.4194356193766, 8423801.321699608117342 ], [ 3372812.968410850968212, 8423806.83889140188694 ], [ 3372803.194559559226036, 8423811.708319177851081 ], [ 3372793.075617846101522, 8423815.840634265914559 ], [ 3372782.700641303788871, 8423819.235835429280996 ], [ 3372772.10302578099072, 8423821.916258504614234 ], [ 3372761.349562970455736, 8423823.837228978052735 ], [ 3372750.495912617538124, 8423824.976409377530217 ], [ 3372739.553206672891974, 8423825.356136217713356 ], [ 3372728.655028523877263, 8423824.976409377530217 ], [ 3372717.801378171425313, 8423823.79255523905158 ], [ 3372707.014519513584673, 8423821.849247913807631 ], [ 3372696.450299837626517, 8423819.191161716356874 ], [ 3372686.075323295779526, 8423815.72895004414022 ], [ 3372675.956381582655013, 8423811.596635017544031 ], [ 3372666.182530290912837, 8423806.727207316085696 ], [ 3372656.77603331906721, 8423801.21001560240984 ], [ 3372647.748022614978254, 8423795.022724559530616 ], [ 3372639.19868572242558, 8423788.232346149161458 ], [ 3372631.172550436574966, 8423780.794208573177457 ], [ 3372623.66961675696075, 8423772.842334076762199 ], [ 3372616.76780832791701, 8423764.4213977009058 ], [ 3372610.455993199720979, 8423755.464391073212028 ], [ 3372604.823226965498179, 8423746.082999316975474 ], [ 3372599.858377675991505, 8423736.388907069340348 ], [ 3372595.572577280458063, 8423726.337442420423031 ], [ 3372592.021485524252057, 8423715.995616462081671 ], [ 3372589.182838508859277, 8423705.452776450663805 ], [ 3372587.1345598786138, 8423694.68658678047359 ], [ 3372585.820989887230098, 8423683.87573997490108 ], [ 3372585.308920228853822, 8423672.930890589952469 ], [ 3372585.564955058973283, 8423662.030730247497559 ], [ 3372586.566830475814641, 8423651.130586048588157 ], [ 3372588.359074276871979, 8423640.386812185868621 ], [ 3372590.897158666979522, 8423629.754735408350825 ], [ 3372594.225611441768706, 8423619.346036473289132 ], [ 3372598.221981161739677, 8423609.183050647377968 ], [ 3372602.953059520106763, 8423599.332785477861762 ], [ 3372608.374318722169846, 8423589.862248180434108 ], [ 3372614.452362919226289, 8423580.749101160094142 ], [ 3372621.131532366853207, 8423572.127359714359045 ], [ 3372628.411827065050602, 8423563.997022114694118 ], [ 3372636.24871921679005, 8423556.380422787740827 ], [ 3372644.642208822071552, 8423549.366904282942414 ], [ 3372651.287982422858477, 8423544.430642079561949 ] ] ] } },
{ "type": "Feature", "properties": { "id": "24936661", "name": "Холм (ru)" }, "geometry": { "type": "Polygon", "coordinates": [ [ [ 3386564.476615576073527, 8437673.217647919431329 ], [ 3386563.330024820752442, 8437654.41933623701334 ], [ 3386559.890252555720508, 8437635.911997761577368 ], [ 3386554.235222422983497, 8437617.941797118633986 ], [ 3386546.42059416975826, 8437600.799654129892588 ], [ 3386536.579951183870435, 8437584.754107411950827 ], [ 3386524.858008803334087, 8437570.006557703018188 ], [ 3386511.421746264211833, 8437556.803161965683103 ], [ 3386496.482670599594712, 8437545.345319116488099 ], [ 3386480.252288842108101, 8437535.789670867845416 ], [ 3386462.97550387121737, 8437528.27048097550869 ], [ 3386444.919482464436442, 8437522.922014275565743 ], [ 3386426.340259450953454, 8437519.811401540413499 ], [ 3386407.527265506796539, 8437519.00577543489635 ], [ 3386388.758799359668046, 8437520.482756696641445 ], [ 3386370.302027785684913, 8437524.219968181103468 ], [ 3386352.435249513480812, 8437530.195034800097346 ], [ 3386335.436763269361109, 8437538.318447770550847 ], [ 3386319.551471933256835, 8437548.433564066886902 ], [ 3386305.024278384633362, 8437560.406120143830776 ], [ 3386292.055557707324624, 8437574.079474391415715 ], [ 3386280.856816933490336, 8437589.207470426335931 ], [ 3386271.572771401144564, 8437605.611087094992399 ], [ 3386264.370400346815586, 8437622.999408299103379 ], [ 3386259.338759363163263, 8437641.148652290925384 ], [ 3386256.555772093124688, 8437659.790277525782585 ], [ 3386256.065966333262622, 8437678.610981930047274 ], [ 3386257.869342084508389, 8437697.36459737457335 ], [ 3386261.943635447882116, 8437715.73781593888998 ], [ 3386268.233186677563936, 8437733.506843216717243 ], [ 3386276.637808232568204, 8437750.358365941792727 ], [ 3386287.023916723206639, 8437766.068585261702538 ], [ 3386299.257928761187941, 8437780.391321588307619 ], [ 3386313.150601212400943, 8437793.102773444727063 ], [ 3386328.479295094497502, 8437804.046276893466711 ], [ 3386345.032503376249224, 8437813.020409464836121 ], [ 3386362.554191226605326, 8437819.935646275058389 ], [ 3386380.788323818240315, 8437824.65770492143929 ], [ 3386399.456602424383163, 8437827.097063418477774 ], [ 3386418.29186026705429, 8437827.276098938658834 ], [ 3386437.004666669294238, 8437825.127673007547855 ], [ 3386455.316722904331982, 8437820.741305354982615 ], [ 3386472.960862195584923, 8437814.139379382133484 ], [ 3386489.669917763210833, 8437805.456177296116948 ], [ 3386505.187854779884219, 8437794.781223837286234 ], [ 3386519.292034263722599, 8437782.293562104925513 ], [ 3386531.770949181634933, 8437768.194614669308066 ], [ 3386542.446488347835839, 8437752.663424508646131 ], [ 3386551.14054057886824, 8437735.968550633639097 ], [ 3386557.741786383558065, 8437718.333792055025697 ], [ 3386562.127774320542812, 8437700.005325110629201 ], [ 3386564.476615576073527, 8437673.217647919431329 ] ] ] } },
{ "type": "Feature", "properties": { "id": "35818667", "name": "Холм (ru)" }, "geometry": { "type": "Polygon", "coordinates": [ [ [ 3387806.134215884376317, 8406353.238043705001473 ], [ 3388255.197041744831949, 8406343.700537119060755 ], [ 3388255.197041744831949, 8406181.275131342932582 ], [ 3387806.134215884376317, 8406190.812427528202534 ], [ 3387806.134215884376317, 8406353.238043705001473 ] ] ] } },
{ "type": "Feature", "properties": { "id": "38234452", "name": "«Большая гора» (ru)" }, "geometry": { "type": "Polygon", "coordinates": [ [ [ 3386673.14670248888433, 8404434.108300406485796 ], [ 3386713.166059429291636, 8404437.405460072681308 ], [ 3386731.377928123343736, 8404440.992236789315939 ], [ 3386777.653440445661545, 8404450.839173160493374 ], [ 3386825.732328519225121, 8404460.396506344899535 ], [ 3386876.482884371653199, 8404468.461212066933513 ], [ 3386952.024290824308991, 8404465.164038496091962 ], [ 3387015.476400576531887, 8404440.814011817798018 ], [ 3387055.640472854021937, 8404432.927561156451702 ], [ 3387098.632060198578984, 8404437.115844637155533 ], [ 3387155.661035332363099, 8404442.484871093183756 ], [ 3387186.708041314501315, 8404438.898093650117517 ], [ 3387200.444866478443146, 8404377.6780871655792 ], [ 3387114.161129164975137, 8404340.964149849489331 ], [ 3386997.108684595208615, 8404300.953295543789864 ], [ 3386906.049341126345098, 8404272.883449578657746 ], [ 3386834.381852954160422, 8404254.682662194594741 ], [ 3386781.839053299278021, 8404276.180537050589919 ], [ 3386743.322509484831244, 8404308.126717794686556 ], [ 3386724.509515540674329, 8404346.934607772156596 ], [ 3386697.937553088646382, 8404370.52687506750226 ], [ 3386668.081665657926351, 8404392.314701804891229 ], [ 3386673.14670248888433, 8404434.108300406485796 ] ] ] } },
{ "type": "Feature", "properties": { "id": "37172249", "name": "Высота 101,3 (ru)" }, "geometry": { "type": "Polygon", "coordinates": [ [ [ 3315006.905308076180518, 8341615.740713437087834 ], [ 3315005.803245117887855, 8341597.760194130241871 ], [ 3315002.51932013919577, 8341580.02269770950079 ], [ 3314997.098060937132686, 8341562.815378880128264 ], [ 3314989.617391156032681, 8341546.42538976110518 ], [ 3314980.199762234464288, 8341531.051524678245187 ], [ 3314968.978757563047111, 8341516.936754312366247 ], [ 3314956.110224427189678, 8341504.301959280855954 ], [ 3314941.805669859983027, 8341493.323841985315084 ], [ 3314926.265468945726752, 8341484.157016108743846 ], [ 3314909.734524562954903, 8341476.978184507228434 ], [ 3314892.446607642341405, 8341471.853607450611889 ], [ 3314874.657753013540059, 8341468.871635369025171 ], [ 3314856.646259403787553, 8341468.098531693220139 ], [ 3314838.66816164040938, 8341469.512207048013806 ], [ 3314821.001758451573551, 8341473.090574003756046 ], [ 3314803.891952716745436, 8341478.811546989716589 ], [ 3314787.617043162696064, 8341486.586776076816022 ], [ 3314772.41080072009936, 8341496.261646425351501 ], [ 3314758.495864370837808, 8341507.747810324653983 ], [ 3314746.083741147536784, 8341520.824387901462615 ], [ 3314735.363674184307456, 8341535.314676587469876 ], [ 3314726.480378818698227, 8341551.019884389825165 ], [ 3314719.578570389654487, 8341567.674951381981373 ], [ 3314714.758436438627541, 8341585.036904707551003 ], [ 3314712.097900608554482, 8341602.884858562611043 ], [ 3314711.630358747206628, 8341620.90956861525774 ], [ 3314713.355810854118317, 8341638.84596592001617 ], [ 3314717.251993031706661, 8341656.451068202033639 ], [ 3314723.274377483874559, 8341673.459801613353193 ], [ 3314731.322776668239385, 8341689.585000633262098 ], [ 3314741.274739145301282, 8341704.627855028025806 ], [ 3314752.985549577046186, 8341718.345374515280128 ], [ 3314766.277096777223051, 8341730.51665710285306 ], [ 3314780.960137612652034, 8341740.987068702466786 ], [ 3314796.800901152659208, 8341749.601975454948843 ], [ 3314813.587880364619195, 8341756.206744107417762 ], [ 3314831.042776521295309, 8341760.713011055253446 ], [ 3314848.920686742290854, 8341763.076593350619078 ], [ 3314866.954444250557572, 8341763.231220255605876 ], [ 3314884.865750319324434, 8341761.198981183581054 ], [ 3314902.398570119403303, 8341756.979877946898341 ], [ 3314919.285736872814596, 8341750.662272363901138 ], [ 3314935.28234769962728, 8341742.334527814760804 ], [ 3314950.143499720375985, 8341732.129187881946564 ], [ 3314963.64655395410955, 8341720.178796924650669 ], [ 3314975.602267265319824, 8341706.682167919352651 ], [ 3314985.810264570638537, 8341691.8160240938887 ], [ 3314994.13696248177439, 8341675.823355979286134 ], [ 3315000.448777610436082, 8341658.925063354894519 ], [ 3315004.667786311358213, 8341641.386222753673792 ], [ 3315006.905308076180518, 8341615.740713437087834 ] ] ] } },
{ "type": "Feature", "properties": { "id": "34049163", "name": "Холм (ru)" }, "geometry": { "type": "Polygon", "coordinates": [ [ [ 3374091.060880495235324, 8409458.219402270391583 ], [ 3374065.9805992199108, 8409429.550263270735741 ], [ 3374011.612159916199744, 8409429.260451395064592 ], [ 3373980.587417832575738, 8409451.063253695145249 ], [ 3373951.321523702703416, 8409482.697495777159929 ], [ 3373938.775817090645432, 8409518.5453424397856 ], [ 3373923.847873375285417, 8409558.539974400773644 ], [ 3373905.33544205641374, 8409639.154118144884706 ], [ 3373879.041778330691159, 8409750.535067861899734 ], [ 3373857.568248556461185, 8409805.178339719772339 ], [ 3373849.809280048590153, 8409847.582333249971271 ], [ 3373853.382635702844709, 8409876.230805726721883 ], [ 3373862.944979961961508, 8409904.901684356853366 ], [ 3373898.767592099029571, 8409926.995726883411407 ], [ 3373923.257880073972046, 8409930.585179006680846 ], [ 3373947.147042798344046, 8409925.21214884147048 ], [ 3373960.872736012563109, 8409912.058274121955037 ], [ 3373972.227324073668569, 8409892.372095355764031 ], [ 3373982.969654935412109, 8409835.632497526705265 ], [ 3373995.515361547935754, 8409759.787164110690355 ], [ 3374011.634423814713955, 8409697.675724091008306 ], [ 3374041.479179295711219, 8409643.033250197768211 ], [ 3374074.919554330408573, 8409584.512078635394573 ], [ 3374094.044242849107832, 8409553.769142897799611 ], [ 3374107.157678864430636, 8409525.991372287273407 ], [ 3374102.38207270950079, 8409487.780388789251447 ], [ 3374091.060880495235324, 8409458.219402270391583 ] ] ] } },
{ "type": "Feature", "properties": { "id": "43129428", "name": "Гряда (ru)" }, "geometry": { "type": "Polygon", "coordinates": [ [ [ 3292854.627202840521932, 8343450.359318864531815 ], [ 3292931.059165218379349, 8343586.507534932345152 ], [ 3293062.438428252469748, 8343682.046990069560707 ], [ 3293156.781696699559689, 8343869.550078824162483 ], [ 3293276.21637837216258, 8344079.750988790765405 ], [ 3293321.601334768347442, 8344175.296826420351863 ], [ 3293411.180129009764642, 8344086.932351282797754 ], [ 3293277.418628872837871, 8343914.935115128755569 ], [ 3293212.920115907210857, 8343795.507222593761981 ], [ 3293152.006090545561165, 8343713.090950542129576 ], [ 3293079.158615770284086, 8343639.04966324288398 ], [ 3292972.85963401151821, 8343562.62286430504173 ], [ 3292927.474677614867687, 8343486.174761709757149 ], [ 3292854.627202840521932, 8343450.359318864531815 ] ] ] } },
{ "type": "Feature", "properties": { "id": "31935695", "name": "Холм (ru)" }, "geometry": { "type": "Polygon", "coordinates": [ [ [ 3377425.602831361349672, 8422083.777567515149713 ], [ 3377396.938062482047826, 8422108.543338660150766 ], [ 3377392.763581576757133, 8422168.861404173076153 ], [ 3377366.503313698805869, 8422231.279175110161304 ], [ 3377408.30378249194473, 8422292.781854473054409 ], [ 3377428.007332362234592, 8422316.655037371441722 ], [ 3377444.126394629012793, 8422339.34468244202435 ], [ 3377473.982282059732825, 8422367.416515354067087 ], [ 3377552.217620188836008, 8422331.595356818288565 ], [ 3377595.81033278349787, 8422274.871435090899467 ], [ 3377632.835195421706885, 8422250.976055677980185 ], [ 3377712.239388204645365, 8422232.753089517354965 ], [ 3377712.239388204645365, 8422208.254883835092187 ], [ 3377545.638638283591717, 8422089.449792681261897 ], [ 3377425.602831361349672, 8422083.777567515149713 ] ] ] } },
{ "type": "Feature", "properties": { "id": "40119364", "name": "Уступ Парголовской гряды (ru)" }, "geometry": { "type": "Polygon", "coordinates": [ [ [ 3367594.511057545430958, 8420693.566669814288616 ], [ 3367926.532570785842836, 8420025.94169102422893 ], [ 3368032.820420594885945, 8419728.55182465724647 ], [ 3368080.598746044095606, 8419599.562344620004296 ], [ 3368163.00856507755816, 8419335.607535174116492 ], [ 3368318.265858887229115, 8418978.511214191094041 ], [ 3368383.955490404274315, 8418831.610519718378782 ], [ 3368401.866796472575516, 8418780.248425154015422 ], [ 3368443.678397214505821, 8418621.409900730475783 ], [ 3368484.276615506969392, 8418511.524041006341577 ], [ 3368563.101946938317269, 8418203.392575025558472 ], [ 3368644.320647420361638, 8417923.909187365323305 ], [ 3368667.007559644524008, 8417882.105884557589889 ], [ 3368688.514485265593976, 8417825.974220402538776 ], [ 3368720.752609799150378, 8417799.705195026472211 ], [ 3368833.02944821305573, 8417680.279397839680314 ], [ 3368889.156735471449792, 8417632.496230788528919 ], [ 3368930.957204264588654, 8417627.720162956044078 ], [ 3368971.566554505843669, 8417634.884265869855881 ], [ 3369008.591417143587023, 8417634.884265869855881 ], [ 3369123.250492660794407, 8417601.451845282688737 ], [ 3369296.419092538766563, 8417530.971979595720768 ], [ 3369427.798355572856963, 8417465.291065795347095 ], [ 3369695.332487795967609, 8417336.296617852523923 ], [ 3369761.02211931347847, 8417296.884578315541148 ], [ 3369812.373800416477025, 8417237.186675816774368 ], [ 3369876.872313382104039, 8417184.630605490878224 ], [ 3369943.753063450567424, 8417138.055751981213689 ], [ 3370206.500457569956779, 8417046.089693212881684 ], [ 3370341.464208208024502, 8416981.595860527828336 ], [ 3370463.28112698206678, 8416917.102593049407005 ], [ 3370523.00403379322961, 8416893.202290404587984 ], [ 3370600.627114723436534, 8417025.781885620206594 ], [ 3370810.831709188874811, 8416896.795141402631998 ], [ 3370954.155553584452718, 8416834.690392512828112 ], [ 3371202.576129238586873, 8416734.35986091196537 ], [ 3371541.766617686487734, 8416643.603861249983311 ], [ 3371689.854936288669705, 8416591.052029876038432 ], [ 3371962.164674666710198, 8416524.174509428441525 ], [ 3371966.940280822105706, 8416610.153628783300519 ], [ 3371560.86904230620712, 8416729.584375940263271 ], [ 3370882.488065411802381, 8416958.900414407253265 ], [ 3370653.18104632711038, 8417092.663964677602053 ], [ 3370433.425239552278072, 8417145.219378210604191 ], [ 3368947.67739178147167, 8417814.033742696046829 ], [ 3368856.907478988170624, 8417923.909187365323305 ], [ 3368661.040834937710315, 8418243.992426397278905 ], [ 3368455.611846627667546, 8418936.701919931918383 ], [ 3368355.290721524972469, 8419209.013489112257957 ], [ 3367963.557433423120528, 8420121.472448103129864 ], [ 3367653.031713855452836, 8420780.755556207150221 ], [ 3367594.511057545430958, 8420693.566669814288616 ] ] ] } },
{ "type": "Feature", "properties": { "id": "40228314", "name": "Часть литоринового уступа в посёлке Горская (ru)" }, "geometry": { "type": "Polygon", "coordinates": [ [ [ 3336903.838765331078321, 8410284.968587126582861 ], [ 3336865.62278414145112, 8410072.38108536042273 ], [ 3336844.126990469638258, 8409826.358011528849602 ], [ 3336848.902596624568105, 8409575.550020296126604 ], [ 3336894.287553020752966, 8409334.291943043470383 ], [ 3336977.888490606565028, 8408947.319085128605366 ], [ 3337004.159890433307737, 8408780.132772501558065 ], [ 3337063.882797244470567, 8408491.087740294635296 ], [ 3337147.483734829816967, 8408073.088110245764256 ], [ 3337221.533460105303675, 8407884.368596838787198 ], [ 3337458.009454397950321, 8407571.466389434412122 ], [ 3337885.57648658612743, 8407229.894619148224592 ], [ 3338188.933230946771801, 8407005.360932439565659 ], [ 3338162.661831119563431, 8407098.516509264707565 ], [ 3337842.584899241570383, 8407416.190346606075764 ], [ 3337684.934236379805952, 8407549.958890853449702 ], [ 3337570.275160862598568, 8407872.421947421506047 ], [ 3337570.275160862598568, 8408015.760731022804976 ], [ 3337405.455522794742137, 8408443.31961083970964 ], [ 3337297.965422484558076, 8409007.038956336677074 ], [ 3337109.267753640655428, 8408987.934786569327116 ], [ 3337075.81624665716663, 8409403.556412603706121 ], [ 3337016.104471795726568, 8409769.016977738589048 ], [ 3336985.057465813588351, 8410304.076123170554638 ], [ 3336903.838765331078321, 8410284.968587126582861 ] ] ] } },
{ "type": "Feature", "properties": { "id": "35992762", "name": "Стеклянная горка (ru)" }, "geometry": { "type": "Polygon", "coordinates": [ [ [ 3372224.322075484786183, 8403251.971218656748533 ], [ 3372223.576234897132963, 8403255.846986955031753 ], [ 3372224.46679082326591, 8403259.433188179507852 ], [ 3372225.657909374218434, 8403264.511786686256528 ], [ 3372228.797119014896452, 8403269.278544610366225 ], [ 3372277.466000389773399, 8403339.221048422157764 ], [ 3372283.143294420093298, 8403341.626725977286696 ], [ 3372287.31777532491833, 8403341.916298327967525 ], [ 3372292.995069355238229, 8403341.626725977286696 ], [ 3372298.661231436766684, 8403339.221048422157764 ], [ 3372324.342637962196022, 8403320.710722422227263 ], [ 3372582.303293977864087, 8403144.363776553422213 ], [ 3372590.373957061208785, 8403154.520818348973989 ], [ 3372727.129951500333846, 8403056.603955050930381 ], [ 3372716.6770513150841, 8403038.695734178647399 ], [ 3372700.257426422555, 8403027.046504426747561 ], [ 3372677.448062759358436, 8403015.909590730443597 ], [ 3372645.911251017358154, 8403010.318866403773427 ], [ 3372624.89413115568459, 8403009.940211925655603 ], [ 3372594.559569914359599, 8403013.904948053881526 ], [ 3372580.711425259709358, 8403020.3866280131042 ], [ 3372562.009750806726515, 8403030.320760259404778 ], [ 3372454.820213121362031, 8403105.25038680806756 ], [ 3372422.570956639014184, 8403122.891479924321175 ], [ 3372426.456006867811084, 8403127.368582250550389 ], [ 3372231.179356117732823, 8403240.989886216819286 ], [ 3372227.149590551387519, 8403244.642903707921505 ], [ 3372225.067916073370725, 8403248.095452396199107 ], [ 3372224.322075484786183, 8403251.971218656748533 ] ] ] } },
{ "type": "Feature", "properties": { "id": "38886464", "name": "Высота 143,2 (ru)" }, "geometry": { "type": "Polygon", "coordinates": [ [ [ 3308374.534574409481138, 8334204.497481734491885 ], [ 3308371.517816208768636, 8334176.450425644405186 ], [ 3308362.601124996785074, 8334149.70541705749929 ], [ 3308348.196382887661457, 8334125.454044964164495 ], [ 3308328.960374878719449, 8334104.821684613823891 ], [ 3308305.772524946369231, 8334088.757170150056481 ], [ 3308279.701500202063471, 8334077.988669024780393 ], [ 3308251.927287249825895, 8334073.045755730010569 ], [ 3308223.741192180663347, 8334074.082884585484862 ], [ 3308196.434521089307964, 8334081.122124699875712 ], [ 3308171.231788373086601, 8334093.810427115298808 ], [ 3308149.312980636022985, 8334111.552020427770913 ], [ 3308131.679973294492811, 8334133.574604732915759 ], [ 3308119.134266682434827, 8334158.841077418066561 ], [ 3308112.24359020171687, 8334186.181925566866994 ], [ 3308111.341902326792479, 8334214.383487550541759 ], [ 3308116.451466954313219, 8334242.121748613193631 ], [ 3308127.349645102862269, 8334268.13887573312968 ], [ 3308143.535499064251781, 8334291.243220656178892 ], [ 3308164.263188249897212, 8334310.353459312580526 ], [ 3308188.586496987845749, 8334324.63100244384259 ], [ 3308215.392230371478945, 8334333.41380157507956 ], [ 3308243.455873999744654, 8334336.28255731984973 ], [ 3308271.474989832844585, 8334333.126926059834659 ], [ 3308298.191667623352259, 8334324.057252109050751 ], [ 3308322.359129074495286, 8334309.514902768656611 ], [ 3308342.886443176772445, 8334290.183994089253247 ], [ 3308358.827394258230925, 8334266.903115289285779 ], [ 3308369.447273680008948, 8334240.775657168589532 ], [ 3308374.534574409481138, 8334204.497481734491885 ] ] ] } },
{ "type": "Feature", "properties": { "id": "35650411", "name": "Высота с окопами и колючей проволокой (ru)" }, "geometry": { "type": "Polygon", "coordinates": [ [ [ 3344541.569216199219227, 8451411.069946756586432 ], [ 3344588.145291146822274, 8451413.446556020528078 ], [ 3344588.145291146822274, 8451446.898534029722214 ], [ 3344576.200709784403443, 8451479.139927735552192 ], [ 3344576.812966984231025, 8451603.689895017072558 ], [ 3344586.364179294090718, 8451649.07100191898644 ], [ 3344548.749323355499655, 8451671.1786980163306 ], [ 3344485.441928940825164, 8451666.380470290780067 ], [ 3344417.97118557151407, 8451647.277276957407594 ], [ 3344392.289779045153409, 8451594.138373637571931 ], [ 3344371.383978674653918, 8451548.757606010884047 ], [ 3344357.658285459503531, 8451438.535525251179934 ], [ 3344380.345197683665901, 8451399.11964955739677 ], [ 3344391.098660493735224, 8451394.344020275399089 ], [ 3344466.33950432157144, 8451388.402514001354575 ], [ 3344520.084554476197809, 8451394.344020275399089 ], [ 3344541.569216199219227, 8451411.069946756586432 ] ] ] } },
{ "type": "Feature", "properties": { "id": "36478422", "name": "Холм (ru)" }, "geometry": { "type": "Polygon", "coordinates": [ [ [ 3371350.675579790491611, 8425427.285396045073867 ], [ 3371366.193516807164997, 8425433.853869941085577 ], [ 3371411.578473203349859, 8425442.81292032264173 ], [ 3371456.373436298687011, 8425462.518401201814413 ], [ 3371486.229323729407042, 8425478.649230966344476 ], [ 3371507.12399215111509, 8425488.792457818984985 ], [ 3371533.406523927580565, 8425497.148342430591583 ], [ 3371551.918955246917903, 8425497.148342430591583 ], [ 3371571.622505116742104, 8425477.442768789827824 ], [ 3371575.808117970824242, 8425443.997035032138228 ], [ 3371567.436892262659967, 8425404.005341913551092 ], [ 3371559.07679850468412, 8425341.292549198493361 ], [ 3371552.508948547299951, 8425299.491764854639769 ], [ 3371553.110073797404766, 8425277.999417688697577 ], [ 3371547.733342392370105, 8425250.519688973203301 ], [ 3371531.614280126057565, 8425233.808489507064223 ], [ 3371499.365023642778397, 8425226.636983731761575 ], [ 3371469.509136212524027, 8425221.855983763933182 ], [ 3371442.636611134745181, 8425216.49411834217608 ], [ 3371429.500911220908165, 8425214.706830732524395 ], [ 3371412.780723704025149, 8425220.068694854155183 ], [ 3371395.459410936571658, 8425242.164084495976567 ], [ 3371384.115954824723303, 8425276.792988419532776 ], [ 3371357.243429746944457, 8425291.739320538938046 ], [ 3371322.010810911189765, 8425328.155772568657994 ], [ 3371283.794829721562564, 8425362.785081287845969 ], [ 3371286.177066824864596, 8425388.477899545803666 ], [ 3371310.066229549236596, 8425411.757904540747404 ], [ 3371319.027448557317257, 8425425.498057225719094 ], [ 3371350.675579790491611, 8425427.285396045073867 ] ] ] } },
{ "type": "Feature", "properties": { "id": "23177586", "name": "Zamanilovka Mountain" }, "geometry": { "type": "Polygon", "coordinates": [ [ [ 3374344.858187555335462, 8417937.077388528734446 ], [ 3374372.320705933962017, 8417941.831338124349713 ], [ 3374423.683518985752016, 8417927.502541614696383 ], [ 3374564.602862381376326, 8417885.699218396097422 ], [ 3374619.550163036677986, 8417900.027933510020375 ], [ 3374651.799419519491494, 8417901.233153810724616 ], [ 3374664.935119433328509, 8417885.699218396097422 ], [ 3374664.333994183223695, 8417843.315845888108015 ], [ 3374650.597169019281864, 8417796.111903179436922 ], [ 3374630.292493898887187, 8417760.290673553943634 ], [ 3374569.378468536306173, 8417743.57415940053761 ], [ 3374503.699968968052417, 8417734.044201036915183 ], [ 3374420.099031382240355, 8417751.921252507716417 ], [ 3374350.824912261683494, 8417784.171473927795887 ], [ 3374323.351261933799833, 8417815.216630278155208 ], [ 3374316.193418676033616, 8417842.690921736881137 ], [ 3374325.74463098635897, 8417903.598957192152739 ], [ 3374344.858187555335462, 8417937.077388528734446 ] ] ] } },
{ "type": "Feature", "properties": { "id": "35104463", "name": "Горнолыжный склон ВЦСПС (ru)" }, "geometry": { "type": "Polygon", "coordinates": [ [ [ 3400468.403467096854001, 8435578.463941005989909 ], [ 3400411.073929338250309, 8435564.145493345335126 ], [ 3400368.082341993693262, 8435516.357876092195511 ], [ 3400339.417573114391416, 8435454.25233574397862 ], [ 3400329.866360804066062, 8435396.934935793280602 ], [ 3400339.417573114391416, 8435358.723584044724703 ], [ 3400377.633554303552955, 8435315.724864782765508 ], [ 3400434.963092062156647, 8435296.619375098496675 ], [ 3400492.292629820294678, 8435306.172113735228777 ], [ 3400540.059823319781572, 8435339.59561076387763 ], [ 3400563.948986044153571, 8435411.253057850524783 ], [ 3400563.948986044153571, 8435482.933575570583344 ], [ 3400535.284217164851725, 8435554.592419553548098 ], [ 3400468.403467096854001, 8435578.463941005989909 ] ] ] } },
{ "type": "Feature", "properties": { "id": "35619574", "name": "Высота среди болота (ru)" }, "geometry": { "type": "Polygon", "coordinates": [ [ [ 3350123.863193213008344, 8450323.044791219756007 ], [ 3350084.45609347242862, 8450323.044791219756007 ], [ 3350056.982443144544959, 8450313.494934394955635 ], [ 3350039.071137075778097, 8450299.170172432437539 ], [ 3350023.542068110313267, 8450272.896972676739097 ], [ 3350004.428511540405452, 8450247.811983097344637 ], [ 3349992.495062127709389, 8450240.63845401443541 ], [ 3349967.414780851919204, 8450221.538966972380877 ], [ 3349967.414780851919204, 8450188.09256699681282 ], [ 3349970.988136506639421, 8450171.369424097239971 ], [ 3350008.012999144848436, 8450143.908581653609872 ], [ 3350086.838330574799329, 8450178.5428855586797 ], [ 3350097.591793385799974, 8450180.919096210971475 ], [ 3350107.143005696125329, 8450177.332363445311785 ], [ 3350133.425537472590804, 8450164.195969637483358 ], [ 3350154.921331144403666, 8450145.096681283786893 ], [ 3350170.450400109868497, 8450146.284781105816364 ], [ 3350242.10675633372739, 8450139.13376809284091 ], [ 3350316.156481609214097, 8450161.819764392450452 ], [ 3350320.932087764143944, 8450182.10720182582736 ], [ 3350312.571994005702436, 8450221.538966972380877 ], [ 3350324.516575368121266, 8450254.963101875036955 ], [ 3350299.436294092331082, 8450301.546422094106674 ], [ 3350264.793668556958437, 8450307.531884552910924 ], [ 3350171.641518661752343, 8450291.996593210846186 ], [ 3350152.52796209231019, 8450294.395257981494069 ], [ 3350123.863193213008344, 8450323.044791219756007 ] ] ] } },
{ "type": "Feature", "properties": { "id": "17583037", "name": "Церковный холм (ru)" }, "geometry": { "type": "Polygon", "coordinates": [ [ [ 3412874.793736770283431, 8387105.771885398775339 ], [ 3412896.590093067381531, 8387123.152446243911982 ], [ 3412933.626087654847652, 8387176.51680289208889 ], [ 3412953.919630825985223, 8387198.409414183348417 ], [ 3412979.28934277780354, 8387212.434055186808109 ], [ 3413003.490200076717883, 8387211.456107881851494 ], [ 3413019.598130393773317, 8387193.630818353965878 ], [ 3413030.952718454878777, 8387143.466862155124545 ], [ 3413038.422256287187338, 8387091.725221677683294 ], [ 3413037.821131037082523, 8387076.189464979805052 ], [ 3413029.750467954669148, 8387060.764869128353894 ], [ 3413019.008137093391269, 8387052.696973782964051 ], [ 3413006.473562429659069, 8387033.205152888782322 ], [ 3412993.337862515822053, 8386983.931304193101823 ], [ 3412992.436174640432, 8386974.418844509869814 ], [ 3412994.517849117983133, 8386967.306733138859272 ], [ 3413001.085699075367302, 8386963.128370912745595 ], [ 3413010.046918084379286, 8386965.506481037475169 ], [ 3413034.5372060588561, 8386976.819183645769954 ], [ 3413049.465149774216115, 8386976.508028525859118 ], [ 3413053.940193303860724, 8386973.529830212704837 ], [ 3413056.333562356419861, 8386962.172682010568678 ], [ 3413050.366837649140507, 8386940.058519983664155 ], [ 3413026.466542975977063, 8386909.032129153609276 ], [ 3412994.528981067705899, 8386885.695746479555964 ], [ 3412961.077474084682763, 8386871.38280166964978 ], [ 3412927.637099049985409, 8386871.116101099178195 ], [ 3412898.382336869370192, 8386883.651038378477097 ], [ 3412875.695424646139145, 8386910.187837641686201 ], [ 3412861.646904907654971, 8386941.880991130135953 ], [ 3412855.680180201306939, 8386979.508453419432044 ], [ 3412851.505699296016246, 8387015.602549358271062 ], [ 3412855.101318848785013, 8387047.829570121131837 ], [ 3412862.248030157759786, 8387082.501556740142405 ], [ 3412874.793736770283431, 8387105.771885398775339 ] ] ] } },
{ "type": "Feature", "properties": { "id": "27044229", "name": "Спуск с горы (ru)" }, "geometry": { "type": "Polygon", "coordinates": [ [ [ 3322479.949704264290631, 8370690.629650147631764 ], [ 3322579.06857886724174, 8370618.978311854414642 ], [ 3322297.218760127667338, 8370237.980520626530051 ], [ 3322257.800528437830508, 8370297.697923718951643 ], [ 3322479.949704264290631, 8370690.629650147631764 ] ] ] } },
{ "type": "Feature", "properties": { "id": "31389751", "name": "Гора Заманиловка 2 (ru)" }, "geometry": { "type": "Polygon", "coordinates": [ [ [ 3374089.25750474492088, 8417730.428622871637344 ], [ 3374123.900130279827863, 8417735.204757366329432 ], [ 3374152.564899159129709, 8417726.835364855825901 ], [ 3374170.476205227896571, 8417712.50698696821928 ], [ 3374168.082836175803095, 8417686.238366633653641 ], [ 3374143.002554899081588, 8417644.436413936316967 ], [ 3374119.124524124432355, 8417600.246674079447985 ], [ 3374100.010967555455863, 8417563.221232721582055 ], [ 3374082.099661486689001, 8417529.7891377042979 ], [ 3374048.659286451991647, 8417493.946886781603098 ], [ 3374022.376754676457494, 8417483.212099649012089 ], [ 3373973.40731067629531, 8417476.048144390806556 ], [ 3373929.224604780320078, 8417489.170908868312836 ], [ 3373907.728811108507216, 8417532.177139453589916 ], [ 3373919.662260521668941, 8417589.489413930103183 ], [ 3373944.742541796993464, 8417631.291054502129555 ], [ 3373984.160773486830294, 8417663.54074726626277 ], [ 3374015.207779469434172, 8417687.443551920354366 ], [ 3374055.817129710689187, 8417711.324115896597505 ], [ 3374089.25750474492088, 8417730.428622871637344 ] ] ] } },
{ "type": "Feature", "properties": { "id": "34503180", "name": "Холмик (ru)" }, "geometry": { "type": "Polygon", "coordinates": [ [ [ 3424479.483297649305314, 8339991.706537161953747 ], [ 3424478.514818079769611, 8339976.954266434535384 ], [ 3424475.63164326781407, 8339962.489119411446154 ], [ 3424470.900564909446985, 8339948.487767446786165 ], [ 3424464.366110800299793, 8339935.237301078625023 ], [ 3424456.150732379406691, 8339922.958556798286736 ], [ 3424446.454804731532931, 8339911.828201926313341 ], [ 3424435.333987600635737, 8339902.089155171997845 ], [ 3424423.04431581730023, 8339893.873914836905897 ], [ 3424409.841824209317565, 8339887.359147414565086 ], [ 3424395.837832267861813, 8339882.566932331770658 ], [ 3424381.355166515335441, 8339879.651853710412979 ], [ 3424366.616465934552252, 8339878.702245014719665 ], [ 3424351.877765353769064, 8339879.629769786261022 ], [ 3424337.395099601242691, 8339882.50068053137511 ], [ 3424323.402239608112723, 8339887.204559780657291 ], [ 3424310.144088254775852, 8339893.741411034949124 ], [ 3424297.832152572926134, 8339901.912483241409063 ], [ 3424286.711335442960262, 8339911.607361720874906 ], [ 3424276.970879998523742, 8339922.693548154085875 ], [ 3424268.722105730790645, 8339934.972291992977262 ], [ 3424262.154255774337798, 8339948.178589629009366 ], [ 3424257.378649618942291, 8339962.179941006936133 ], [ 3424254.462078960146755, 8339976.66717163939029 ], [ 3424253.460203543305397, 8339991.397357530891895 ], [ 3424254.384155315812677, 8340006.10548850428313 ], [ 3424257.222802331671119, 8340020.636973998509347 ], [ 3424261.931616791523993, 8340034.616378365084529 ], [ 3424268.421543105505407, 8340047.867023047059774 ], [ 3424276.592393729835749, 8340060.190143940038979 ], [ 3424286.266057479660958, 8340071.342806917615235 ], [ 3424297.342346813064069, 8340081.126245932653546 ], [ 3424309.587490800768137, 8340089.385863677598536 ], [ 3424322.801114358007908, 8340095.944978468120098 ], [ 3424336.793974351137877, 8340100.759416602551937 ], [ 3424351.276640102732927, 8340103.674582500942051 ], [ 3424365.981944837141782, 8340104.712558516301215 ], [ 3424380.72064541792497, 8340103.829174664802849 ], [ 3424395.247838966548443, 8340100.98026246484369 ], [ 3424409.24069895921275, 8340096.320416192524135 ], [ 3424422.532246159855276, 8340089.827554726041853 ], [ 3424434.844181841239333, 8340081.700443658046424 ], [ 3424445.998394818976521, 8340072.02742638066411 ], [ 3424455.783378059510142, 8340060.941015768796206 ], [ 3424464.065548174548894, 8340048.706231346353889 ], [ 3424470.633398131001741, 8340035.477669548243284 ], [ 3424475.486927930265665, 8340021.520347897894681 ], [ 3424478.436894435901195, 8340007.077197887003422 ], [ 3424479.483297649305314, 8339991.706537161953747 ] ] ] } },
{ "type": "Feature", "properties": { "id": "26762773", "name": "Construction site" }, "geometry": { "type": "Polygon", "coordinates": [ [ [ 3373423.433366412296891, 8412808.283679401502013 ], [ 3373444.929160084109753, 8412725.872868169099092 ], [ 3373451.352294703014195, 8412718.133659405633807 ], [ 3373457.619582034647465, 8412719.025786804035306 ], [ 3373468.072482220362872, 8412697.52554665133357 ], [ 3373483.300988561008126, 8412698.127730948850513 ], [ 3373513.457438616547734, 8412635.121678322553635 ], [ 3373546.597251025494188, 8412569.729772115126252 ], [ 3373581.829869861714542, 8412526.150359122082591 ], [ 3373650.937009746208787, 8412557.463278699666262 ], [ 3373662.748007718939334, 8412548.542205423116684 ], [ 3373687.961872384417802, 8412556.861105915158987 ], [ 3373665.864953461568803, 8412621.962960194796324 ], [ 3373610.928784755058587, 8412776.635142352432013 ], [ 3373555.391490798909217, 8412765.884930290281773 ], [ 3373531.502328074537218, 8412770.055653851479292 ], [ 3373510.006534401793033, 8412832.170720309019089 ], [ 3373423.433366412296891, 8412808.283679401502013 ] ] ] } },
{ "type": "Feature", "properties": { "id": "43482695", "name": "Холм (ru)" }, "geometry": { "type": "Polygon", "coordinates": [ [ [ 3355015.831611970905215, 8405679.804565088823438 ], [ 3355017.623855772428215, 8405823.702289141714573 ], [ 3355012.54768699221313, 8405826.108778551220894 ], [ 3355000.6031056297943, 8405827.000071121379733 ], [ 3354980.298430509399623, 8405812.360604273155332 ], [ 3354947.748611401300877, 8405789.075667504221201 ], [ 3354926.252817729488015, 8405773.25532185472548 ], [ 3354894.003561246208847, 8405728.757996710017323 ], [ 3354874.600574001204222, 8405699.212099632248282 ], [ 3354851.613099152687937, 8405676.506849033758044 ], [ 3354835.482904936186969, 8405655.004885295405984 ], [ 3354831.909549282398075, 8405641.880919631570578 ], [ 3354837.575711363460869, 8405626.640214674174786 ], [ 3354846.83749299775809, 8405613.204356200993061 ], [ 3354870.426093096844852, 8405595.89151999168098 ], [ 3354899.380292651709169, 8405576.484257785603404 ], [ 3354919.094974471721798, 8405556.787387253716588 ], [ 3354936.705717914737761, 8405526.930240543559194 ], [ 3354956.409267785027623, 8405500.348569262772799 ], [ 3354969.845530324149877, 8405488.116130819544196 ], [ 3354981.489549060817808, 8405483.637592863291502 ], [ 3354993.1335677979514, 8405485.709751876071095 ], [ 3354998.510299203451723, 8405493.173985416069627 ], [ 3355005.979837035294622, 8405506.92156370729208 ], [ 3355011.946561742108315, 8405519.154033398255706 ], [ 3355014.640493419021368, 8405534.684174468740821 ], [ 3355016.432737221010029, 8405546.916690278798342 ], [ 3355029.86899975920096, 8405552.598466834053397 ], [ 3355022.399461927358061, 8405574.389791674911976 ], [ 3355018.213849073741585, 8405592.304180648177862 ], [ 3355015.831611970905215, 8405679.804565088823438 ] ] ] } },
{ "type": "Feature", "properties": { "id": "35379708", "name": "Высота 104.5 (ru)" }, "geometry": { "type": "Polygon", "coordinates": [ [ [ 3403832.968284628819674, 8430651.118964713066816 ], [ 3403829.472852617036551, 8430624.021590482443571 ], [ 3403819.353910903912038, 8430598.645839627832174 ], [ 3403803.101265248376876, 8430576.713212732225657 ], [ 3403781.861506405286491, 8430559.609833480790257 ], [ 3403756.981600212398916, 8430548.274674637243152 ], [ 3403730.031151492148638, 8430543.624358111992478 ], [ 3403702.869195737875998, 8430545.994230590760708 ], [ 3403677.065337772015482, 8430555.048939064145088 ], [ 3403654.478613090701401, 8430570.296646183356643 ], [ 3403636.378063887357712, 8430590.753663597628474 ], [ 3403624.043864307459444, 8430615.123299596831203 ], [ 3403618.266382735688239, 8430641.773489383980632 ], [ 3403619.335049846675247, 8430669.072148004546762 ], [ 3403627.316657336428761, 8430695.230662880465388 ], [ 3403641.576684107538313, 8430718.482754210010171 ], [ 3403661.257970080245286, 8430737.442206164821982 ], [ 3403685.046945261768997, 8430750.834584349766374 ], [ 3403711.429664580151439, 8430757.765540897846222 ], [ 3403738.803127366583794, 8430757.8326147031039 ], [ 3403765.252638379111886, 8430751.058163488283753 ], [ 3403789.130669154692441, 8430737.799932142719626 ], [ 3403808.878746821079403, 8430718.97462616674602 ], [ 3403823.272356980480254, 8430695.74489102512598 ], [ 3403832.968284628819674, 8430651.118964713066816 ] ] ] } },
{ "type": "Feature", "properties": { "id": "35379719", "name": "Высота 101.1 (ru)" }, "geometry": { "type": "Polygon", "coordinates": [ [ [ 3404738.118196217808872, 8430847.734421184286475 ], [ 3404736.927077666390687, 8430834.610164565965533 ], [ 3404734.53370861383155, 8430821.463573237881064 ], [ 3404730.949221010319889, 8430809.524342292919755 ], [ 3404726.173614855390042, 8430797.585130730643868 ], [ 3404719.015771597158164, 8430785.62358052842319 ], [ 3404710.644545889925212, 8430776.076712364330888 ], [ 3404701.093333579599857, 8430766.529856598004699 ], [ 3404691.542121269274503, 8430759.352954445406795 ], [ 3404679.597539907786995, 8430752.198417218402028 ], [ 3404667.652958545368165, 8430747.413824329152703 ], [ 3404655.708377183414996, 8430743.836560653522611 ], [ 3404642.57267726957798, 8430741.444266540929675 ], [ 3404629.436977356206626, 8430740.259298717603087 ], [ 3404616.30127744236961, 8430741.444266540929675 ], [ 3404604.356696080882102, 8430743.836560653522611 ], [ 3404591.220996167045087, 8430748.598793305456638 ], [ 3404579.276414804626256, 8430754.590714829042554 ], [ 3404568.522951994091272, 8430760.560283290222287 ], [ 3404558.971739683765918, 8430768.922158867120743 ], [ 3404549.420527373906225, 8430778.469017745926976 ], [ 3404542.251552166882902, 8430789.223222563043237 ], [ 3404535.08257695985958, 8430801.162420550361276 ], [ 3404530.306970804464072, 8430813.101637920364738 ], [ 3404526.722483200952411, 8430825.040874671190977 ], [ 3404525.531364649534225, 8430838.187472391873598 ], [ 3404524.34024609811604, 8430851.311735397204757 ], [ 3404525.531364649534225, 8430864.45838007889688 ], [ 3404529.115852253045887, 8430876.397700203582644 ], [ 3404532.700339857023209, 8430889.544389728456736 ], [ 3404538.667064563371241, 8430900.298756968230009 ], [ 3404545.836039769928902, 8430912.2381352763623 ], [ 3404554.196133528836071, 8430921.785180190578103 ], [ 3404563.747345839161426, 8430930.14723907969892 ], [ 3404574.500808649230748, 8430938.509307475760579 ], [ 3404586.434258062392473, 8430944.479025226086378 ], [ 3404598.378839424811304, 8430949.263746319338679 ], [ 3404611.525671287439764, 8430952.841109918430448 ], [ 3404623.459120700601488, 8430954.026111992076039 ], [ 3404636.605952563229948, 8430954.026111992076039 ], [ 3404649.741652477066964, 8430952.841109918430448 ], [ 3404662.877352389972657, 8430949.263746319338679 ], [ 3404674.821933752391487, 8430944.479025226086378 ], [ 3404686.766515114810318, 8430938.509307475760579 ], [ 3404697.508845976088196, 8430931.332237498834729 ], [ 3404707.071190235670656, 8430922.970177264884114 ], [ 3404715.431283994112164, 8430913.423130808398128 ], [ 3404722.589127252344042, 8430902.668744379654527 ], [ 3404728.566983907483518, 8430890.729381607845426 ], [ 3404733.342590062413365, 8430878.790038216859102 ], [ 3404736.927077666390687, 8430865.643367914482951 ], [ 3404738.118196217808872, 8430847.734421184286475 ] ] ] } },
{ "type": "Feature", "properties": { "id": "43163261", "name": "Холм (ru)" }, "geometry": { "type": "Polygon", "coordinates": [ [ [ 3424469.631522714160383, 8405731.610095612704754 ], [ 3424568.750397316645831, 8405848.658513821661472 ], [ 3424621.304328919854015, 8405876.110458670184016 ], [ 3424675.049379074946046, 8405849.23785575479269 ], [ 3424718.040966419503093, 8405780.563871677964926 ], [ 3424714.467610764782876, 8405723.254340229555964 ], [ 3424664.307048213202506, 8405675.481883533298969 ], [ 3424598.617416696622968, 8405663.538817789405584 ], [ 3424493.509553489740938, 8405681.453423667699099 ], [ 3424469.631522714160383, 8405731.610095612704754 ] ] ] } },
{ "type": "Feature", "properties": { "id": "21880298", "name": "Холм (ru)" }, "geometry": { "type": "Polygon", "coordinates": [ [ [ 3427258.396274118684232, 8313537.219878221862018 ], [ 3427351.548424014355987, 8313522.894416384398937 ], [ 3427419.631424583494663, 8313435.709946036338806 ], [ 3427488.894411754794419, 8313316.267570266500115 ], [ 3427404.102355618029833, 8313288.805778780952096 ], [ 3427310.939073772635311, 8313336.577919165603817 ], [ 3427230.922623790800571, 8313441.673313449136913 ], [ 3427258.396274118684232, 8313537.219878221862018 ] ] ] } },
{ "type": "Feature", "properties": { "id": "38750855", "name": "Жилой комплекс «Горная деревня» (ru)" }, "geometry": { "type": "Polygon", "coordinates": [ [ [ 3388890.586431294679642, 8427509.897180981934071 ], [ 3388733.525761734228581, 8427243.557773469015956 ], [ 3388640.373611838556826, 8427262.664701350033283 ], [ 3388618.276692915707827, 8427261.480293851345778 ], [ 3388596.780899243894964, 8427250.731245838105679 ], [ 3388480.32957992516458, 8427250.731245838105679 ], [ 3388161.443766598589718, 8427256.116941530257463 ], [ 3387966.167115848977119, 8427122.012057470157743 ], [ 3387970.953853953164071, 8427087.374466054141521 ], [ 3387783.436171711888164, 8427038.412832798436284 ], [ 3387766.715984195005149, 8427033.653001761063933 ], [ 3387748.20355287566781, 8427035.105532033368945 ], [ 3387733.87673441041261, 8427044.69223902001977 ], [ 3387722.533278299029917, 8427057.496881121769547 ], [ 3387658.034765332937241, 8427201.410971192643046 ], [ 3387607.874202781822532, 8427417.600254777818918 ], [ 3387674.754952850751579, 8427528.691927010193467 ], [ 3387629.369996453635395, 8427643.316334428265691 ], [ 3388299.37974764034152, 8427931.170255171135068 ], [ 3388357.911535899620503, 8427926.409846395254135 ], [ 3388535.855741932522506, 8427870.246195191517472 ], [ 3388527.495648174546659, 8427786.638466218486428 ], [ 3388607.523230105172843, 8427753.204580243676901 ], [ 3388725.744529327843338, 8427742.454813631251454 ], [ 3388777.118474328890443, 8427773.519670652225614 ], [ 3388918.037817724049091, 8427785.476323246955872 ], [ 3388949.095955655910075, 8427627.806512884795666 ], [ 3388890.586431294679642, 8427509.897180981934071 ] ] ] } },
{ "type": "Feature", "properties": { "id": "36880608", "name": "Высота  45 м (ru)" }, "geometry": { "type": "Polygon", "coordinates": [ [ [ 3343047.472406618762761, 8451467.817308126017451 ], [ 3343014.032031584065408, 8451400.935734743252397 ], [ 3343000.896331671159714, 8451343.605953428894281 ], [ 3343000.896331671159714, 8451292.240463586524129 ], [ 3343045.079037567134947, 8451261.188170067965984 ], [ 3343094.04848156683147, 8451255.224351104348898 ], [ 3343126.297738049644977, 8451226.571183107793331 ], [ 3343148.984650273341686, 8451226.571183107793331 ], [ 3343186.009512911085039, 8451248.04983845539391 ], [ 3343171.682694445829839, 8451308.966157650575042 ], [ 3343168.098206842318177, 8451361.520060745999217 ], [ 3343172.873812997248024, 8451381.833231521770358 ], [ 3343164.513719239272177, 8451416.450949966907501 ], [ 3343126.297738049644977, 8451455.866918632760644 ], [ 3343125.095487549435347, 8451479.767717057839036 ], [ 3343121.52213189471513, 8451491.695724340155721 ], [ 3343086.879506360273808, 8451480.956032704561949 ], [ 3343065.383712687529624, 8451473.781299646943808 ], [ 3343053.439131325576454, 8451467.817308126017451 ], [ 3343047.472406618762761, 8451467.817308126017451 ] ] ] } },
{ "type": "Feature", "properties": { "id": "42437811", "name": "Пелёвина гора (ru)" }, "geometry": { "type": "Polygon", "coordinates": [ [ [ 3369420.039387064985931, 8417606.785846127197146 ], [ 3369431.96170452889055, 8417643.811506675556302 ], [ 3369453.479762099217623, 8417694.005119722336531 ], [ 3369492.875729890540242, 8417727.415642427280545 ], [ 3369508.404798856470734, 8417740.56117357313633 ], [ 3369558.565361408051103, 8417801.490682313218713 ], [ 3369645.773050495423377, 8417764.486546883359551 ], [ 3369740.116318942513317, 8418077.398310756310821 ], [ 3369767.589969269931316, 8418137.103029780089855 ], [ 3369885.833532390650362, 8418098.89195379987359 ], [ 3369916.880538372788578, 8418122.773853031918406 ], [ 3370033.921850992832333, 8418221.918042920529842 ], [ 3370199.93260761257261, 8418267.294476350769401 ], [ 3370278.757939043920487, 8418281.623934514820576 ], [ 3370380.281314647290856, 8418405.836061222478747 ], [ 3370444.77982761291787, 8418370.011863436549902 ], [ 3370328.929633544292301, 8418012.895439062267542 ], [ 3370401.777108319569379, 8418002.15989487990737 ], [ 3370340.863082957919687, 8417756.117121066898108 ], [ 3370381.472433198709041, 8417582.950257249176502 ], [ 3370369.527851837221533, 8417514.858564890921116 ], [ 3370344.447570560965687, 8417473.057585693895817 ], [ 3370337.278595353942364, 8417421.682655140757561 ], [ 3370307.422707923222333, 8417329.713051825761795 ], [ 3370250.082038215361536, 8417246.091117274016142 ], [ 3370223.810638388153166, 8417209.067457742989063 ], [ 3370191.561381905339658, 8417188.803833872079849 ], [ 3370115.118287577293813, 8417200.743297135457397 ], [ 3370053.013143663760275, 8417142.228953953832388 ], [ 3370001.661462561227381, 8417151.780462559312582 ], [ 3369920.44276207825169, 8417179.229960504919291 ], [ 3369852.382025407627225, 8417209.067457742989063 ], [ 3369787.883512442465872, 8417266.421849803999066 ], [ 3369709.058181011117995, 8417335.671736754477024 ], [ 3369635.008455735631287, 8417403.761771123856306 ], [ 3369551.396386200562119, 8417456.297088915482163 ], [ 3369498.864718495402485, 8417505.261949630454183 ], [ 3369451.075261097867042, 8417559.025474142283201 ], [ 3369420.039387064985931, 8417606.785846127197146 ] ] ] } },
{ "type": "Feature", "properties": { "id": "43129432", "name": "Гряда (ru)" }, "geometry": { "type": "Polygon", "coordinates": [ [ [ 3292925.081308563239872, 8342616.71062033623457 ], [ 3292919.114583855960518, 8342559.38181369472295 ], [ 3292921.496820959728211, 8342488.930953364819288 ], [ 3292927.474677614867687, 8342420.844558038748801 ], [ 3292909.552239596843719, 8342355.166744966059923 ], [ 3292909.552239596843719, 8342313.347977666184306 ], [ 3292917.912333355750889, 8342265.586949408054352 ], [ 3292921.496820959728211, 8342210.646685177460313 ], [ 3292910.754490097984672, 8342123.454431081190705 ], [ 3292907.17000249447301, 8342024.334413707256317 ], [ 3292908.361121045891196, 8341953.866567797958851 ], [ 3292905.978883943054825, 8341888.170818100683391 ], [ 3292947.779352735262364, 8341873.856556103564799 ], [ 3292948.970471287611872, 8341959.830904878675938 ], [ 3292951.352708390448242, 8342047.02122694440186 ], [ 3292957.330565045587718, 8342153.321031020022929 ], [ 3292965.690658804494888, 8342229.755335464142263 ], [ 3292957.330565045587718, 8342289.467424921691418 ], [ 3292944.194865132216364, 8342330.071037916466594 ], [ 3292959.71280214888975, 8342376.661639327183366 ], [ 3292970.466264959424734, 8342418.458673676475883 ], [ 3292958.521683597471565, 8342459.062995966523886 ], [ 3292958.521683597471565, 8342506.847367439419031 ], [ 3292954.937195993959904, 8342579.684334396384656 ], [ 3292971.657383510842919, 8342619.096568760462105 ], [ 3292947.779352735262364, 8342633.434367638081312 ], [ 3292925.081308563239872, 8342616.71062033623457 ] ] ] } },
{ "type": "Feature", "properties": { "id": "25754145", "name": "Марьюшкина горка (ru)" }, "geometry": { "type": "Polygon", "coordinates": [ [ [ 3319346.038871656171978, 8298744.279456235468388 ], [ 3319392.614946604240686, 8298783.678264212794602 ], [ 3319463.080184276215732, 8298799.205053859390318 ], [ 3319510.85850972449407, 8298777.726702843792737 ], [ 3319544.298884759191424, 8298696.491663004271686 ], [ 3319520.409722034819424, 8298640.35896919015795 ], [ 3319464.271302828099579, 8298605.72645150590688 ], [ 3319395.0083156558685, 8298617.67322432808578 ], [ 3319346.038871656171978, 8298659.487081106752157 ], [ 3319335.285408845636994, 8298706.066765968687832 ], [ 3319346.038871656171978, 8298744.279456235468388 ] ] ] } },
{ "type": "Feature", "properties": { "id": "24697255", "name": "Бывший горнолыжный склон (ru)" }, "geometry": { "type": "Polygon", "coordinates": [ [ [ 3305517.497579301707447, 8379882.786152556538582 ], [ 3305587.962816973682493, 8379844.573195171542466 ], [ 3305688.283942076843232, 8380192.116343566216528 ], [ 3305610.649729197379202, 8380219.58387552946806 ], [ 3305517.497579301707447, 8379882.786152556538582 ] ] ] } },
{ "type": "Feature", "properties": { "id": "32771720", "name": "Холм (ru)" }, "geometry": { "type": "Polygon", "coordinates": [ [ [ 3374442.785943606402725, 8418004.548049923032522 ], [ 3374463.079486778005958, 8417977.675770595669746 ], [ 3374498.31210561376065, 8417965.132431279867887 ], [ 3374555.641643372364342, 8417957.968006853014231 ], [ 3374594.447617863304913, 8417959.731213461607695 ], [ 3374628.48911814764142, 8417972.854840502142906 ], [ 3374653.569399423431605, 8417983.612661072984338 ], [ 3374670.289586940314621, 8417997.941566837951541 ], [ 3374679.851931198965758, 8418023.028378700837493 ], [ 3374692.386505862697959, 8418041.531073212623596 ], [ 3374694.178749664220959, 8418066.015409957617521 ], [ 3374691.195387311279774, 8418092.285386012867093 ], [ 3374675.666318345349282, 8418123.354161830618978 ], [ 3374656.55276177637279, 8418132.304314831271768 ], [ 3374627.297999595757574, 8418123.354161830618978 ], [ 3374596.840986914932728, 8418103.646007934585214 ], [ 3374564.591730431653559, 8418086.928713787347078 ], [ 3374540.112574406433851, 8418063.627234967425466 ], [ 3374484.586412398610264, 8418067.242976846173406 ], [ 3374454.719393019098788, 8418043.941560361534357 ], [ 3374442.785943606402725, 8418004.548049923032522 ] ] ] } },
{ "type": "Feature", "properties": { "id": "10681780", "name": "Небольшой горнолыжный спуск «Гора Ненаглядная» (ru)" }, "geometry": { "type": "Polygon", "coordinates": [ [ [ 3395818.888899286277592, 8430770.129489282146096 ], [ 3395802.769837019499391, 8430690.110741106793284 ], [ 3395769.919455286115408, 8430644.724690835922956 ], [ 3395735.28796170046553, 8430642.936083754524589 ], [ 3395716.174405131489038, 8430654.875044267624617 ], [ 3395689.903005304280668, 8430825.666902603581548 ], [ 3395697.07198051083833, 8430840.602156164124608 ], [ 3395745.440299260895699, 8430854.933767810463905 ], [ 3395741.855811656918377, 8430883.597074888646603 ], [ 3395748.423661614302546, 8430898.532446093857288 ], [ 3395763.952730579767376, 8430908.683149820193648 ], [ 3395760.368242976255715, 8430932.561953043565154 ], [ 3395766.936092933174223, 8430945.105063319206238 ], [ 3395794.999736562371254, 8430949.286104835569859 ], [ 3395808.135436475742608, 8430938.531665962189436 ], [ 3395818.888899286277592, 8430868.058060696348548 ], [ 3395818.888899286277592, 8430770.129489282146096 ] ] ] } },
{ "type": "Feature", "properties": { "id": "40218567", "name": "Кряж (ru)" }, "geometry": { "type": "Polygon", "coordinates": [ [ [ 3398385.493342914618552, 8359403.584739807061851 ], [ 3398408.781380387954414, 8359440.031239915639162 ], [ 3398437.44614926725626, 8359465.096616643480957 ], [ 3398503.124648835044354, 8359511.086933033540845 ], [ 3398536.565023869276047, 8359542.13111221883446 ], [ 3398596.287930680438876, 8359577.360435263253748 ], [ 3398647.63961178297177, 8359608.427036325447261 ], [ 3398698.401299585122615, 8359662.168357850983739 ], [ 3398707.952511894982308, 8359668.744887612760067 ], [ 3398743.786255981307477, 8359638.873760860413313 ], [ 3398636.296155671123415, 8359534.381126578897238 ], [ 3398573.589886507485062, 8359463.303066541440785 ], [ 3398473.268761404324323, 8359403.584739807061851 ], [ 3398431.468292612116784, 8359370.14977349806577 ], [ 3398402.213530431501567, 8359363.595652166754007 ], [ 3398389.066698568407446, 8359382.704474871046841 ], [ 3398385.493342914618552, 8359403.584739807061851 ] ] ] } },
{ "type": "Feature", "properties": { "id": "5449114", "name": "Mount Parnassus" }, "geometry": { "type": "Polygon", "coordinates": [ [ [ 3382734.718777968548238, 8337602.951435944065452 ], [ 3382715.61635334789753, 8337572.794154586270452 ], [ 3382709.93905931757763, 8337540.848764641210437 ], [ 3382708.146815515588969, 8337516.961562654003501 ], [ 3382528.399233731906861, 8337481.130904528312385 ], [ 3382535.568208939395845, 8337473.955963068641722 ], [ 3382711.73130311910063, 8337509.786586387082934 ], [ 3382723.074759231880307, 8337477.554471299983561 ], [ 3382757.416822141036391, 8337445.89648970682174 ], [ 3382801.900090661365539, 8337438.125513575971127 ], [ 3382831.455415467731655, 8337448.589841299690306 ], [ 3382856.546828692313284, 8337457.530892558395863 ], [ 3382877.441497114021331, 8337479.342687697149813 ], [ 3382895.953928433358669, 8337506.210139282047749 ], [ 3382902.822341014631093, 8337530.384306203573942 ], [ 3382901.920653139706701, 8337559.349256976507604 ], [ 3382894.161684631835669, 8337583.236596053466201 ], [ 3382873.267016209661961, 8337608.62525740172714 ], [ 3382844.891678005922586, 8337621.165080594830215 ], [ 3382806.976259441580623, 8337626.838916041888297 ], [ 3382765.776915899477899, 8337612.797837050631642 ], [ 3382742.188315800856799, 8337594.297210833989084 ], [ 3382728.752053261734545, 8337565.332123003900051 ], [ 3382722.184203304816037, 8337541.444841831922531 ], [ 3382720.981952804606408, 8337523.518393217585981 ], [ 3382732.625971541274339, 8337485.30341215338558 ], [ 3382758.908503317739815, 8337460.820319077000022 ], [ 3382795.93336595594883, 8337452.166260504163802 ], [ 3382827.882059813011438, 8337460.820319077000022 ], [ 3382851.760090588591993, 8337470.975604819133878 ], [ 3382866.988596928771585, 8337485.30341215338558 ], [ 3382883.118791145272553, 8337510.095662145875394 ], [ 3382886.992709424346685, 8337532.790688794106245 ], [ 3382885.200465622823685, 8337559.65833480656147 ], [ 3382878.343184989877045, 8337577.871872693300247 ], [ 3382863.114678649697453, 8337597.564621161669493 ], [ 3382838.924953299574554, 8337607.433092219755054 ], [ 3382811.161872296128422, 8337611.318668331950903 ], [ 3382772.934759157244116, 8337602.951435944065452 ], [ 3382753.231209287419915, 8337586.835157527588308 ], [ 3382740.696634623687714, 8337561.733572008088231 ], [ 3382735.909896519966424, 8337540.848764641210437 ], [ 3382735.319903218653053, 8337523.231393774971366 ], [ 3382745.171678153797984, 8337493.670511261560023 ], [ 3382763.984672097954899, 8337472.476822159253061 ], [ 3382792.04831572715193, 8337463.204602301120758 ], [ 3382825.4886907604523, 8337469.783461857587099 ], [ 3382844.001122079789639, 8337480.821829985827208 ], [ 3382855.945703442208469, 8337493.670511261560023 ], [ 3382867.5897221788764, 8337514.864261177368462 ], [ 3382870.573084532283247, 8337534.578918564133346 ], [ 3382868.780840730294585, 8337555.772785872220993 ], [ 3382860.721309597138315, 8337573.081155952066183 ], [ 3382851.470659912098199, 8337587.43123843241483 ], [ 3382832.657665967941284, 8337596.68153714761138 ], [ 3382812.052428222261369, 8337597.564621161669493 ], [ 3382782.786534092389047, 8337592.795968735590577 ], [ 3382763.383546847850084, 8337578.15887425839901 ], [ 3382754.132897162344307, 8337559.062256142497063 ], [ 3382749.056728382594883, 8337538.75145638268441 ], [ 3382752.630084036383778, 8337519.345864005386829 ], [ 3382760.700747119262815, 8337501.72854442987591 ], [ 3382771.743640606291592, 8337488.283776183612645 ], [ 3382791.447190476115793, 8337480.821829985827208 ], [ 3382816.527471751905978, 8337482.919121792539954 ], [ 3382833.247659269254655, 8337492.16928961314261 ], [ 3382845.4928032560274, 8337503.516766682267189 ], [ 3382853.552334389649332, 8337518.15371323376894 ], [ 3382856.546828692313284, 8337535.77107198536396 ], [ 3382855.044015566352755, 8337553.984550968743861 ], [ 3382842.509440903086215, 8337568.908598740585148 ], [ 3382825.4886907604523, 8337578.467952876351774 ], [ 3382808.167377993930131, 8337579.66011338122189 ], [ 3382785.179903144482523, 8337573.9863141765818 ], [ 3382767.858590377029032, 8337558.753178337588906 ], [ 3382762.192428296431899, 8337540.848764641210437 ], [ 3382764.875228024087846, 8337523.518393217585981 ], [ 3382778.912615813314915, 8337505.614064931869507 ], [ 3382796.823921881150454, 8337500.823395060375333 ], [ 3382817.729722252581269, 8337502.037619847804308 ], [ 3382832.657665967941284, 8337511.88388642296195 ], [ 3382840.116071850992739, 8337526.520849557593465 ], [ 3382841.9083156529814, 8337540.539687598124146 ], [ 3382837.733834748156369, 8337551.600238438695669 ], [ 3382826.679809312801808, 8337561.4465710837394 ], [ 3382807.577384692616761, 8337564.426965838298202 ], [ 3382788.764390748459846, 8337560.541414396837354 ], [ 3382781.005422240588814, 8337546.52253839187324 ], [ 3382780.1037343647331, 8337530.693382824771106 ], [ 3382784.289347218349576, 8337520.538014967925847 ], [ 3382799.217290933709592, 8337514.577262077480555 ], [ 3382814.735227950382978, 8337517.248561851680279 ], [ 3382825.7892533862032, 8337523.231393774971366 ], [ 3382830.564859540667385, 8337534.578918564133346 ], [ 3382826.679809312801808, 8337547.405616408213973 ], [ 3382814.735227950382978, 8337555.176707522012293 ], [ 3382799.807284235022962, 8337551.291160942986608 ], [ 3382790.556634550448507, 8337542.636996365152299 ], [ 3382792.938871653284878, 8337529.192153652198613 ], [ 3382801.900090661365539, 8337524.423545365221798 ], [ 3382812.052428222261369, 8337525.306620740331709 ], [ 3382818.920840803999454, 8337533.673765168525279 ], [ 3382815.336353200487792, 8337543.23307369928807 ], [ 3382810.560747046023607, 8337545.330383232794702 ], [ 3382803.091209213715047, 8337542.636996365152299 ], [ 3382801.599528036545962, 8337535.461995154619217 ], [ 3382806.675696816761047, 8337533.673765168525279 ], [ 3382810.861309671308845, 8337539.060533350333571 ], [ 3382813.544109398964792, 8337533.077688604593277 ], [ 3382807.276822067331523, 8337528.905153992585838 ], [ 3382797.725609757006168, 8337533.982841926626861 ], [ 3382799.517853558529168, 8337545.617383529432118 ], [ 3382813.243546773679554, 8337549.812004544772208 ], [ 3382819.811396730598062, 8337545.021306001581252 ], [ 3382823.696446959394962, 8337531.885535618290305 ], [ 3382814.145234649069607, 8337522.039242378436029 ], [ 3382801.009534735698253, 8337519.941939460113645 ], [ 3382788.463828123174608, 8337527.713001678697765 ], [ 3382786.972146946936846, 8337543.82915108744055 ], [ 3382799.217290933709592, 8337555.772785872220993 ], [ 3382816.527471751905978, 8337558.46617753058672 ], [ 3382829.96373429056257, 8337548.001694130711257 ], [ 3382833.848784519359469, 8337535.174995252862573 ], [ 3382829.373740990180522, 8337522.039242378436029 ], [ 3382815.636915826238692, 8337513.981187053024769 ], [ 3382796.22279663104564, 8337510.691736857406795 ], [ 3382781.005422240588814, 8337517.844637138769031 ], [ 3382775.929253460373729, 8337531.289459195919335 ], [ 3382775.929253460373729, 8337547.118616039864719 ], [ 3382786.972146946936846, 8337563.830886793322861 ], [ 3382813.243546773679554, 8337567.716439968906343 ], [ 3382826.980371937621385, 8337565.332123003900051 ], [ 3382840.416634475812316, 8337554.271551601588726 ], [ 3382846.683921808376908, 8337541.135764763690531 ], [ 3382843.399996829684824, 8337523.518393217585981 ], [ 3382834.750472395215183, 8337508.594437159597874 ], [ 3382819.521966055035591, 8337497.843025968410075 ], [ 3382794.731115454807878, 8337495.767806718125939 ], [ 3382774.727002959232777, 8337503.516766682267189 ], [ 3382761.591303046327084, 8337521.134090518578887 ], [ 3382756.815696890931576, 8337542.327919247560203 ], [ 3382763.684109472669661, 8337561.733572008088231 ], [ 3382783.688221968244761, 8337578.467952876351774 ], [ 3382806.085703515913337, 8337584.141755522228777 ], [ 3382827.5814971877262, 8337581.757433255203068 ], [ 3382846.683921808376908, 8337570.409835985861719 ], [ 3382859.53019104572013, 8337554.271551601588726 ], [ 3382860.721309597138315, 8337536.963225603103638 ], [ 3382857.73794724419713, 8337517.557637920603156 ], [ 3382848.476165609899908, 8337500.227321145124733 ], [ 3382836.832146873231977, 8337488.592851040884852 ], [ 3382819.221403429750353, 8337479.033613228239119 ], [ 3382789.955509299878031, 8337476.936322522349656 ], [ 3382769.350271554198116, 8337484.420341558754444 ], [ 3382756.2145716403611, 8337500.227321145124733 ], [ 3382748.155040507204831, 8337518.749788594432175 ], [ 3382744.26999027794227, 8337539.347533406689763 ], [ 3382749.646721683908254, 8337559.65833480656147 ], [ 3382760.990177795290947, 8337581.757433255203068 ], [ 3382780.704859615303576, 8337596.37245776783675 ], [ 3382812.052428222261369, 8337601.450192086398602 ], [ 3382834.750472395215183, 8337599.661946122534573 ], [ 3382855.344578191172332, 8337589.219481434673071 ], [ 3382865.7974783773534, 8337574.295392620377243 ], [ 3382873.556446885224432, 8337556.677941974252462 ], [ 3382875.949815937783569, 8337533.982841926626861 ], [ 3382872.966453584842384, 8337513.363035226240754 ], [ 3382861.32243484724313, 8337491.573216399177909 ], [ 3382847.285047058481723, 8337476.649324893020093 ], [ 3382827.882059813011438, 8337467.090102539397776 ], [ 3382794.441684778779745, 8337458.436036622151732 ], [ 3382760.990177795290947, 8337466.494031346403062 ], [ 3382740.696634623687714, 8337489.188924016430974 ], [ 3382731.134290364570916, 8337523.231393774971366 ], [ 3382732.336540864780545, 8337541.731841980479658 ], [ 3382736.511021770071238, 8337563.234807792119682 ], [ 3382749.346159058157355, 8337591.007724867202342 ], [ 3382771.743640606291592, 8337607.720094931311905 ], [ 3382812.352990847546607, 8337616.374335768632591 ], [ 3382841.607753028161824, 8337611.318668331950903 ], [ 3382866.688034303486347, 8337599.971025639213622 ], [ 3382881.32654734281823, 8337581.448354502208531 ], [ 3382890.577197027858347, 8337560.254413516260684 ], [ 3382892.06887820456177, 8337532.194612298160791 ], [ 3382887.293272049166262, 8337508.594437159597874 ], [ 3382871.174209782388061, 8337483.515194308944046 ], [ 3382853.251771764829755, 8337467.39917650911957 ], [ 3382830.865422166418284, 8337456.05175493657589 ], [ 3382797.725609757006168, 8337447.68469844199717 ], [ 3382756.515134266112, 8337456.05175493657589 ], [ 3382726.959809459745884, 8337484.707339492626488 ], [ 3382716.2063466492109, 8337524.423545365221798 ], [ 3382717.397465200629085, 8337541.444841831922531 ], [ 3382725.757558959536254, 8337569.504678196273744 ], [ 3382740.0955093735829, 8337597.873700592666864 ], [ 3382765.175790649373084, 8337616.374335768632591 ], [ 3382807.877947317436337, 8337629.819337187334895 ], [ 3382846.394491131883115, 8337624.145499447360635 ], [ 3382876.840371863916516, 8337610.104425577446818 ], [ 3382897.445609609596431, 8337584.737836210057139 ], [ 3382905.505140743218362, 8337561.4465710837394 ], [ 3382907.297384544741362, 8337529.788229901343584 ], [ 3382898.937290786765516, 8337505.304989363998175 ], [ 3382880.725422092713416, 8337477.245396906509995 ], [ 3382858.038509869482368, 8337454.550540935248137 ], [ 3382832.056540717836469, 8337445.587416641414165 ], [ 3382832.958228593226522, 8337442.916142783127725 ], [ 3382864.005234575364739, 8337280.478015997447073 ], [ 3382867.5897221788764, 8337290.036996832117438 ], [ 3382841.31832235166803, 8337445.300420227460563 ], [ 3382860.420746972318739, 8337451.261117209680378 ], [ 3382883.41935377009213, 8337473.668965557590127 ], [ 3382903.42346626566723, 8337503.825842175632715 ], [ 3382912.674115949776024, 8337529.788229901343584 ], [ 3382914.766922377049923, 8337546.809538732282817 ], [ 3383072.718147864099592, 8337571.668226261623204 ], [ 3383076.66998978657648, 8337578.09264312684536 ], [ 3382914.766922377049923, 8337553.388472761958838 ], [ 3382903.122903639916331, 8337588.623400384560227 ], [ 3382877.140934489201754, 8337617.27949930075556 ], [ 3382848.186734934337437, 8337629.223252859897912 ], [ 3382806.675696816761047, 8337635.206175493076444 ], [ 3382788.463828123174608, 8337630.128417966887355 ], [ 3382733.527659417130053, 8337814.938963364809752 ], [ 3382730.833727739751339, 8337811.649379125796258 ], [ 3382784.578777894377708, 8337628.318087866529822 ], [ 3382764.285234722774476, 8337622.953331761062145 ], [ 3382734.718777968548238, 8337602.951435944065452 ] ] ] } },
{ "type": "Feature", "properties": { "id": "41630224", "name": "Склон (ru)" }, "geometry": { "type": "Polygon", "coordinates": [ [ [ 3353782.088827457744628, 8301429.412708887830377 ], [ 3353756.407420931383967, 8301470.605344795621932 ], [ 3353722.967045897617936, 8301511.205031172372401 ], [ 3353690.127796113491058, 8301549.432212261483073 ], [ 3353654.294052027631551, 8301577.487573715858161 ], [ 3353622.645920794457197, 8301583.463357477448881 ], [ 3353595.172270466573536, 8301578.102727702818811 ], [ 3353586.81217670859769, 8301557.187520802021027 ], [ 3353585.031064855400473, 8301530.318597028031945 ], [ 3353596.374520967714489, 8301495.694518628530204 ], [ 3353625.629283148329705, 8301450.898759160190821 ], [ 3353690.127796113491058, 8301379.234895859844983 ], [ 3353712.814708337653428, 8301364.910994162783027 ], [ 3353737.894989612977952, 8301358.342220299877226 ], [ 3353752.232940027024597, 8301357.155887180007994 ], [ 3353771.335364646743983, 8301357.155887180007994 ], [ 3353779.105465105269104, 8301365.504161322489381 ], [ 3353788.656677415128797, 8301379.234895859844983 ], [ 3353792.241165018174797, 8301400.149599681608379 ], [ 3353782.088827457744628, 8301429.412708887830377 ] ] ] } },
{ "type": "Feature", "properties": { "id": "42248114", "name": "Горка Коломяки (ru)" }, "geometry": { "type": "Polygon", "coordinates": [ [ [ 3370494.339264913927764, 8404537.880425443872809 ], [ 3370343.857577259652317, 8404141.379873914644122 ], [ 3370499.11487106885761, 8404000.433282250538468 ], [ 3370637.65197736164555, 8403916.828968521207571 ], [ 3370764.845627541653812, 8403879.805458987131715 ], [ 3370963.094508695881814, 8403853.519325751811266 ], [ 3371095.664890281390399, 8403834.406247114762664 ], [ 3371244.955459384247661, 8403811.706746142357588 ], [ 3371291.542666280642152, 8403797.360875824466348 ], [ 3371379.919210022315383, 8403794.99960171058774 ], [ 3371553.098941849544644, 8403771.097312990576029 ], [ 3371616.395204313565046, 8403695.871324459090829 ], [ 3371740.605492141097784, 8403594.338620755821466 ], [ 3371977.081486433278769, 8403403.239068932831287 ], [ 3372108.460749467369169, 8403310.107957364991307 ], [ 3372207.590756018646061, 8403245.622981881722808 ], [ 3372279.247112242504954, 8403363.834730882197618 ], [ 3372193.252805604599416, 8403415.200744081288576 ], [ 3372066.660280674230307, 8403503.566272146999836 ], [ 3371877.951479881536216, 8403654.05964001826942 ], [ 3371754.943442555144429, 8403754.390260698273778 ], [ 3371646.251091744285077, 8403851.11348095536232 ], [ 3371278.985827719327062, 8404395.144005101174116 ], [ 3370871.745734550524503, 8404466.233391923829913 ], [ 3370494.339264913927764, 8404537.880425443872809 ] ] ] } },
{ "type": "Feature", "properties": { "id": "40222522", "name": "Гора Брусничная (ru)" }, "geometry": { "type": "Polygon", "coordinates": [ [ [ 3313374.972704995889217, 8445571.865277666598558 ], [ 3313317.943729862570763, 8445597.539195192977786 ], [ 3313281.820555100217462, 8445637.394433327019215 ], [ 3313259.133642876520753, 8445707.427264004945755 ], [ 3313262.70699853124097, 8445766.975858034566045 ], [ 3313295.557380263693631, 8445870.884605348110199 ], [ 3313327.205511496402323, 8445935.385836686939001 ], [ 3313370.19709884095937, 8445988.528645042330027 ], [ 3313425.734392797574401, 8446024.353208651766181 ], [ 3313535.595598261337727, 8446081.372652215883136 ], [ 3313657.43478093482554, 8446150.356688257306814 ], [ 3313709.988712538033724, 8446190.976691477000713 ], [ 3313741.03571852017194, 8446259.64808451384306 ], [ 3313755.963662235531956, 8446334.884885650128126 ], [ 3313788.791780070867389, 8446396.679117929190397 ], [ 3313835.390118916984648, 8446429.83939877897501 ], [ 3313884.337299018632621, 8446444.447894303128123 ], [ 3313964.376012898981571, 8446455.807588040828705 ], [ 3314037.212355725001544, 8446444.447894303128123 ], [ 3314285.632931379135698, 8446305.914817132055759 ], [ 3314392.544170337263495, 8446250.686039231717587 ], [ 3314467.195020862855017, 8446194.561479156836867 ], [ 3314512.579977259971201, 8446143.187157770618796 ], [ 3314532.283527130261064, 8446081.081392640247941 ], [ 3314523.32230812124908, 8445996.302941381931305 ], [ 3314486.275181584991515, 8445923.713289864361286 ], [ 3314421.810064466670156, 8445863.132845588028431 ], [ 3314280.278463872615248, 8445764.601074168458581 ], [ 3314147.09582508681342, 8445684.86703103967011 ], [ 3314006.777606942225248, 8445632.622546883299947 ], [ 3313838.974606520496309, 8445595.455706397071481 ], [ 3313592.925136019941419, 8445551.097697945311666 ], [ 3313516.804868215695024, 8445550.448011936619878 ], [ 3313430.810561578255147, 8445555.130233108997345 ], [ 3313374.972704995889217, 8445571.865277666598558 ] ] ] } },
{ "type": "Feature", "properties": { "id": "38234462", "name": "«Малая гора» (ru)" }, "geometry": { "type": "Polygon", "coordinates": [ [ [ 3386277.383648821152747, 8404607.122064301744103 ], [ 3386289.929355432745069, 8404648.961439667269588 ], [ 3386319.19524956215173, 8404676.386633129790425 ], [ 3386346.657767941243947, 8404691.914996735751629 ], [ 3386369.94580541504547, 8404691.914996735751629 ], [ 3386413.538518009707332, 8404681.800391759723425 ], [ 3386443.405537389684469, 8404672.844299390912056 ], [ 3386469.676937216892838, 8404641.14160224609077 ], [ 3386456.541237303521484, 8404601.77519640699029 ], [ 3386426.084224622230977, 8404556.995330180972815 ], [ 3386397.419455742929131, 8404541.467251105234027 ], [ 3386358.001224053092301, 8404536.098152471706271 ], [ 3386310.234030553605407, 8404536.098152471706271 ], [ 3386290.530480682849884, 8404542.068768624216318 ], [ 3386275.602536967489868, 8404558.733051253482699 ], [ 3386277.383648821152747, 8404607.122064301744103 ] ] ] } },
{ "type": "Feature", "properties": { "id": "36813379", "name": "Холмы (ru)" }, "geometry": { "type": "Polygon", "coordinates": [ [ [ 3412249.857247406151146, 8386463.808917703106999 ], [ 3412246.573322427459061, 8386470.964990837499499 ], [ 3412250.747803332284093, 8386475.454207965172827 ], [ 3412260.009584966115654, 8386478.743339081294835 ], [ 3412260.610710216220468, 8386485.010471354238689 ], [ 3412260.610710216220468, 8386493.36665600631386 ], [ 3412245.682766501791775, 8386518.746402590535581 ], [ 3412249.556684780865908, 8386538.748015776276588 ], [ 3412245.682766501791775, 8386559.060820729471743 ], [ 3412250.747803332284093, 8386568.01714092027396 ], [ 3412258.517903789877892, 8386583.840740661136806 ], [ 3412265.976309672929347, 8386590.107962314039469 ], [ 3412275.238091306760907, 8386598.464266138151288 ], [ 3412286.280984793324023, 8386609.820853817276657 ], [ 3412292.559404074214399, 8386618.177179995924234 ], [ 3412306.585659914650023, 8386620.555178803391755 ], [ 3412321.513603630010039, 8386608.909659245051444 ], [ 3412337.343235220294446, 8386581.440529526211321 ], [ 3412361.521828620694578, 8386546.215298617258668 ], [ 3412375.559216409921646, 8386524.72465684171766 ], [ 3412393.470522478688508, 8386503.211853803135455 ], [ 3412406.316791715566069, 8386481.432427098974586 ], [ 3412421.845860681030899, 8386478.743339081294835 ], [ 3412443.341654353775084, 8386472.165078316815197 ], [ 3412453.493991914205253, 8386448.874526595696807 ], [ 3412450.499497611541301, 8386435.740287999622524 ], [ 3412400.338935060426593, 8386428.584249072708189 ], [ 3412352.872304185759276, 8386430.073237966746092 ], [ 3412315.546878922730684, 8386434.851338687352836 ], [ 3412285.390428866725415, 8386437.82931930758059 ], [ 3412264.785191121511161, 8386444.985367213375866 ], [ 3412249.857247406151146, 8386463.808917703106999 ] ] ] } },
{ "type": "Feature", "properties": { "id": "25924137", "name": "Горка (ru)" }, "geometry": { "type": "Polygon", "coordinates": [ [ [ 3322098.0570591497235, 8376380.983935891650617 ], [ 3322108.509959334973246, 8376394.410978944040835 ], [ 3322118.361734270118177, 8376409.036496640183032 ], [ 3322134.781359162181616, 8376441.283757288940251 ], [ 3322149.108177627436817, 8376476.216599342413247 ], [ 3322158.971084511373192, 8376514.145774743519723 ], [ 3322168.822859446518123, 8376559.532317731529474 ], [ 3322169.412852747831494, 8376577.154356421902776 ], [ 3322169.279269359074533, 8376588.872813529334962 ], [ 3322291.240903472527862, 8376541.910321161150932 ], [ 3322277.504078307654709, 8376526.374590857885778 ], [ 3322259.882202915847301, 8376506.688648195937276 ], [ 3322243.763140648137778, 8376483.096657632850111 ], [ 3322233.009677838068455, 8376461.901659934781492 ], [ 3322220.475103174801916, 8376431.740506474860013 ], [ 3322215.398934394586831, 8376422.175074453465641 ], [ 3322207.929396562278271, 8376413.830299345776439 ], [ 3322191.81033429550007, 8376397.695614688098431 ], [ 3322182.849115286488086, 8376386.953973500989377 ], [ 3322172.997340351343155, 8376369.931611362844706 ], [ 3322167.921171571593732, 8376354.995464176870883 ], [ 3322165.238371843472123, 8376343.055445544421673 ], [ 3322163.446128041483462, 8376326.943109051324427 ], [ 3322084.487213221844286, 8376365.537318260408938 ], [ 3322098.0570591497235, 8376380.983935891650617 ] ] ] } },
{ "type": "Feature", "properties": { "id": "15548607", "name": "Крестовая гора (ru)" }, "geometry": { "type": "Polygon", "coordinates": [ [ [ 3397038.293733384925872, 8437433.296613490208983 ], [ 3397118.321315316017717, 8437472.704801201820374 ], [ 3397194.753277694806457, 8437407.024605698883533 ], [ 3397180.426459229551256, 8437327.000737937167287 ], [ 3397105.174483453854918, 8437292.359803562983871 ], [ 3397021.573545867577195, 8437352.08642602711916 ], [ 3397038.293733384925872, 8437433.296613490208983 ] ] ] } },
{ "type": "Feature", "properties": { "id": "28222756", "name": "Малый останец (ru)" }, "geometry": { "type": "Polygon", "coordinates": [ [ [ 3426888.14764773985371, 8327375.921342049725354 ], [ 3426894.025316853541881, 8327379.95586659386754 ], [ 3426899.513367749750614, 8327384.475418563000858 ], [ 3426904.589536529965699, 8327389.479998845607042 ], [ 3426909.220427346415818, 8327394.903468527831137 ], [ 3426913.350380455609411, 8327400.701735236681998 ], [ 3426916.968263906426728, 8327406.830706513486803 ], [ 3426920.02954990323633, 8327413.268336492590606 ], [ 3426922.523106496781111, 8327419.948485862463713 ], [ 3426924.426669789478183, 8327426.805015089921653 ], [ 3426925.717975882347673, 8327433.815877922810614 ], [ 3426926.397024776320904, 8327440.914934484288096 ], [ 3426926.452684521209449, 8327448.036044660024345 ], [ 3426925.896087068133056, 8327455.135114884935319 ], [ 3426924.716100465506315, 8327462.168051430955529 ], [ 3426922.93498861277476, 8327469.046666690148413 ], [ 3426920.552751509938389, 8327475.770960229448974 ], [ 3426917.591653055045754, 8327482.252744060009718 ], [ 3426914.085089094471186, 8327488.447923715226352 ], [ 3426910.044191579334438, 8327494.312404612079263 ], [ 3426905.513488303404301, 8327499.824139025062323 ], [ 3426900.515243167523295, 8327504.89493831153959 ], [ 3426895.093983965460211, 8327509.524801573716104 ], [ 3426889.294238495174795, 8327513.647587014362216 ], [ 3426883.149402603507042, 8327517.263293784111738 ], [ 3426876.726267985068262, 8327520.327827129513025 ], [ 3426870.047098536975682, 8327522.819139344617724 ], [ 3426863.178685954771936, 8327524.715182832442224 ], [ 3426856.176689984276891, 8327526.015957134775817 ], [ 3426849.085638420190662, 8327526.699414908885956 ], [ 3426841.961191009264439, 8327526.765555989928544 ], [ 3426834.859007497318089, 8327526.192333329468966 ], [ 3426827.834747628308833, 8327525.023841122165322 ], [ 3426820.944071148056537, 8327523.238032631576061 ], [ 3426814.220373904332519, 8327520.856955316849053 ], [ 3426807.741579540073872, 8327517.902656751684844 ], [ 3426801.541083903051913, 8327514.375137624330819 ], [ 3426795.674546738155186, 8327510.340539687313139 ], [ 3426790.175363892689347, 8327505.798863768577576 ], [ 3426785.099195112939924, 8327500.816251654177904 ], [ 3426780.479436244815588, 8327495.392704234458506 ], [ 3426776.338351187296212, 8327489.594363220967352 ], [ 3426772.731599685270339, 8327483.44327640067786 ], [ 3426769.659181739203632, 8327477.027632161043584 ], [ 3426767.176757094915956, 8327470.347431192174554 ], [ 3426765.273193802218884, 8327463.490861560218036 ], [ 3426763.981887709349394, 8327456.479970571585 ], [ 3426763.291706866119057, 8327449.380899054929614 ], [ 3426763.236047120764852, 8327442.259787582792342 ], [ 3426763.803776523564011, 8327435.160729726776481 ], [ 3426764.983763126190752, 8327428.127818888984621 ], [ 3426766.764874978456646, 8327421.227195008657873 ], [ 3426769.147112081293017, 8327414.52499779406935 ], [ 3426772.108210537116975, 8327408.043273375369608 ], [ 3426775.614774497225881, 8327401.848161133006215 ], [ 3426779.655672013293952, 8327395.983753616921604 ], [ 3426784.186375287827104, 8327390.472096659243107 ], [ 3426789.184620424639434, 8327385.401375892572105 ], [ 3426794.594747677445412, 8327380.771590401418507 ], [ 3426800.405625096522272, 8327376.648879100568593 ], [ 3426806.53932903893292, 8327373.033241133205593 ], [ 3426812.973595606628805, 8327369.96876887511462 ], [ 3426819.64163310546428, 8327367.477508196607232 ], [ 3426826.510045687202364, 8327365.559458506293595 ], [ 3426833.523173607420176, 8327364.280758991837502 ], [ 3426840.614225171506405, 8327363.597316239029169 ], [ 3426847.738672581966966, 8327363.531176618300378 ], [ 3426854.829724145587534, 8327364.104386663064361 ], [ 3426861.865115963853896, 8327365.272853421978652 ], [ 3426868.755792444106191, 8327367.058623736724257 ], [ 3426875.468357738107443, 8327369.43965149205178 ], [ 3426881.947152102831751, 8327372.393890700303018 ], [ 3426888.14764773985371, 8327375.921342049725354 ] ] ] } },
{ "type": "Feature", "properties": { "id": "32903092", "name": "Холм Вокзальная Гора (ru)" }, "geometry": { "type": "Polygon", "coordinates": [ [ [ 3368794.512904398608953, 8417804.637604704126716 ], [ 3368828.843835359904915, 8417761.049501532688737 ], [ 3368849.148510480299592, 8417739.244387559592724 ], [ 3368868.262067049741745, 8417716.412694687023759 ], [ 3368883.791136015206575, 8417690.568107286468148 ], [ 3368896.025148053653538, 8417669.075656842440367 ], [ 3368904.084679186809808, 8417650.573898790404201 ], [ 3368914.237016747239977, 8417644.905094418674707 ], [ 3368937.513922272250056, 8417646.221863547340035 ], [ 3368948.278517031576484, 8417651.756760099902749 ], [ 3368927.962709961924702, 8417696.370856486260891 ], [ 3368914.838141997344792, 8417731.790044073015451 ], [ 3368906.778610864188522, 8417759.554164119064808 ], [ 3368899.910198281984776, 8417805.820490775629878 ], [ 3368897.227398553863168, 8417843.739901592954993 ], [ 3368902.592998010106385, 8417897.193434692919254 ], [ 3368895.724585428833961, 8417914.512909075245261 ], [ 3368882.889448139816523, 8417921.677291195839643 ], [ 3368863.775891570840031, 8417921.677291195839643 ], [ 3368847.65682930406183, 8417919.891774753108621 ], [ 3368836.903366493061185, 8417910.629415137693286 ], [ 3368820.784304226282984, 8417893.019804561510682 ], [ 3368804.954672635532916, 8417872.419515125453472 ], [ 3368795.704022950492799, 8417846.128005221486092 ], [ 3368791.529542045667768, 8417821.956861251965165 ], [ 3368794.512904398608953, 8417804.637604704126716 ] ] ] } },
{ "type": "Feature", "properties": { "id": "42554500", "name": "Холм (ru)" }, "geometry": { "type": "Polygon", "coordinates": [ [ [ 3389365.319531731307507, 8420168.04386280849576 ], [ 3389209.461112672463059, 8420232.543303165584803 ], [ 3389158.098299619741738, 8420216.423971550539136 ], [ 3389156.317187767010182, 8420156.099584048613906 ], [ 3389188.555312301032245, 8420122.05291454307735 ], [ 3389248.278219111729413, 8420107.719871945679188 ], [ 3389258.430556672159582, 8420123.861291060224175 ], [ 3389272.757375136949122, 8420132.211084691807628 ], [ 3389290.078687904402614, 8420133.997138034552336 ], [ 3389299.629900214727968, 8420125.647342378273606 ], [ 3389301.422144016250968, 8420104.147778447717428 ], [ 3389349.790462765842676, 8420098.186851285398006 ], [ 3389391.590931558981538, 8420108.322662891820073 ], [ 3389395.776544412598014, 8420153.710730623453856 ], [ 3389365.319531731307507, 8420168.04386280849576 ] ] ] } },
{ "type": "Feature", "properties": { "id": "29909458", "name": "Склон для ватрушек (ru)" }, "geometry": { "type": "Polygon", "coordinates": [ [ [ 3359290.0325165707618, 8331420.634830678813159 ], [ 3359306.4521414632909, 8331426.899489477276802 ], [ 3359319.888404001481831, 8331428.399478994309902 ], [ 3359337.209716769400984, 8331425.112737657502294 ], [ 3359352.137660484761, 8331414.656939383596182 ], [ 3359362.891123294830322, 8331397.34093470312655 ], [ 3359370.950654428452253, 8331378.238230125978589 ], [ 3359374.535142032429576, 8331350.157785233110189 ], [ 3359377.819067010190338, 8331293.732516401447356 ], [ 3359379.889609538950026, 8331253.255702768452466 ], [ 3359380.802429364062846, 8331237.59443383384496 ], [ 3359381.102991988882422, 8331222.969926761463284 ], [ 3359298.993735579773784, 8331216.705440883524716 ], [ 3359290.633641820866615, 8331253.410109810531139 ], [ 3359283.464666614308953, 8331283.872476520016789 ], [ 3359270.328966700471938, 8331334.341902144253254 ], [ 3359265.553360545542091, 8331354.635649498552084 ], [ 3359264.362241994123906, 8331372.260373135097325 ], [ 3359268.536722898948938, 8331393.458625846542418 ], [ 3359277.197379282675683, 8331409.870218109339476 ], [ 3359290.0325165707618, 8331420.634830678813159 ] ] ] } },
{ "type": "Feature", "properties": { "id": "39675250", "name": "Горка Лихачёвка (ru)" }, "geometry": { "type": "Polygon", "coordinates": [ [ [ 3375958.389678806997836, 8404986.336293930187821 ], [ 3376104.095760307274759, 8404709.270265402272344 ], [ 3376112.455854065250605, 8404684.184229124337435 ], [ 3376113.646972617134452, 8404642.366932347416878 ], [ 3376101.702391254715621, 8404607.745865810662508 ], [ 3376087.375572789460421, 8404565.951281638815999 ], [ 3376133.95164773799479, 8404570.718882132321596 ], [ 3376182.921091737691313, 8404582.660175420343876 ], [ 3376198.439028754364699, 8404588.630829326808453 ], [ 3376204.416885409504175, 8404606.54282009229064 ], [ 3375973.907615824602544, 8405000.684480916708708 ], [ 3375958.389678806997836, 8404986.336293930187821 ] ] ] } },
{ "type": "Feature", "properties": { "id": "39785146", "name": "Крутой склон (ru)" }, "geometry": { "type": "Polygon", "coordinates": [ [ [ 3306191.681811392772943, 8443078.248581886291504 ], [ 3306172.579386773053557, 8443049.582486059516668 ], [ 3306122.418824221938848, 8443023.312794849276543 ], [ 3306073.449380221311003, 8443008.979840077459812 ], [ 3305939.676748135592788, 8443010.928224476054311 ], [ 3305822.635435514617711, 8443022.573751183226705 ], [ 3305785.610572877340019, 8443030.031377013772726 ], [ 3305755.153560196049511, 8443033.032345701009035 ], [ 3305747.39459168817848, 8443031.240722455084324 ], [ 3305742.618985532782972, 8443027.343943409621716 ], [ 3305734.258891774807125, 8443022.864889586344361 ], [ 3305726.199360641185194, 8443028.844427051022649 ], [ 3305721.412622536532581, 8443034.510435204952955 ], [ 3305716.047023080755025, 8443036.615593496710062 ], [ 3305663.793654102366418, 8443042.886281343176961 ], [ 3305618.998691006563604, 8443054.666230836883187 ], [ 3305529.431028714869171, 8443079.74907591752708 ], [ 3305441.054484974127263, 8443116.768824193626642 ], [ 3305503.749622188974172, 8443072.582540016621351 ], [ 3305560.478034697473049, 8443048.686672367155552 ], [ 3305630.943272369448096, 8443022.416984356939793 ], [ 3305692.458422981668264, 8443008.084031334146857 ], [ 3305704.692435019649565, 8443003.761755675077438 ], [ 3305715.145335204899311, 8442995.54272036999464 ], [ 3305727.691041817422956, 8442935.098380638286471 ], [ 3305745.001222635619342, 8442990.324645504355431 ], [ 3305749.787960740271956, 8442999.730620045214891 ], [ 3305756.645241373218596, 8443003.761755675077438 ], [ 3305766.508148257154971, 8443005.105468044057488 ], [ 3305783.228335774503648, 8443005.844509951770306 ], [ 3305813.084223204758018, 8443003.918522104620934 ], [ 3305868.62151716183871, 8442995.54272036999464 ], [ 3305946.244598092045635, 8442986.584654208272696 ], [ 3306032.840029980055988, 8442983.606099627912045 ], [ 3306080.60722347907722, 8442988.980935838073492 ], [ 3306123.609942773357034, 8443003.313851607963443 ], [ 3306168.393773918971419, 8443020.625363698229194 ], [ 3306184.523968135472387, 8443037.354638572782278 ], [ 3306194.665173746179789, 8443058.249489177018404 ], [ 3306191.681811392772943, 8443078.248581886291504 ] ] ] } },
{ "type": "Feature", "properties": { "id": "41793514", "name": "Незаконная свалка (ru)" }, "geometry": { "type": "Polygon", "coordinates": [ [ [ 3395648.09140456141904, 8421694.124032381922007 ], [ 3395667.193829182069749, 8421701.872686609625816 ], [ 3395676.155048190616071, 8421713.819474963471293 ], [ 3395695.268604760058224, 8421735.3237428907305 ], [ 3395683.324023398105055, 8421753.232848886400461 ], [ 3395648.681397863663733, 8421771.141998467966914 ], [ 3395595.537472958676517, 8421839.228427646681666 ], [ 3395552.54588561411947, 8421856.53485231846571 ], [ 3395498.199710209388286, 8421849.969571584835649 ], [ 3395436.695691545493901, 8421822.50264429114759 ], [ 3395421.767747830133885, 8421808.166288819164038 ], [ 3395427.734472536947578, 8421790.859977919608355 ], [ 3395462.967091373167932, 8421795.035819534212351 ], [ 3395506.559803967829794, 8421795.638748735189438 ], [ 3395532.831203795038164, 8421802.806910771876574 ], [ 3395541.792422803118825, 8421778.91306446865201 ], [ 3395561.49597267434001, 8421746.064735144376755 ], [ 3395600.313079114072025, 8421717.995272854343057 ], [ 3395648.09140456141904, 8421694.124032381922007 ] ] ] } },
{ "type": "Feature", "properties": { "id": "42018964", "name": "Высота 76,6 (ru)" }, "geometry": { "type": "Polygon", "coordinates": [ [ [ 3350505.45527570322156, 8441971.415343457832932 ], [ 3350504.8875463004224, 8441962.145036842674017 ], [ 3350503.1843580910936, 8441953.009093936532736 ], [ 3350500.390238871797919, 8441944.141866089776158 ], [ 3350496.538584490306675, 8441935.677704032510519 ], [ 3350491.685054691974074, 8441927.750957928597927 ], [ 3350485.896441171411425, 8441920.473585555329919 ], [ 3350479.261799519415945, 8441913.957544406875968 ], [ 3350471.892449229490012, 8441908.292399924248457 ], [ 3350463.877445891965181, 8441903.590109398588538 ], [ 3350455.350372896995395, 8441899.873062828555703 ], [ 3350446.444813633803278, 8441897.230826046317816 ], [ 3350437.272087592631578, 8441895.708181554451585 ], [ 3350427.988042060285807, 8441895.305128648877144 ], [ 3350418.71512847719714, 8441896.021667158231139 ], [ 3350409.60919413017109, 8441897.8801892362535 ], [ 3350400.792690459638834, 8441900.835912061855197 ], [ 3350392.399200853426009, 8441904.82166138663888 ], [ 3350384.562308701686561, 8441909.815047023817897 ], [ 3350377.382201545406133, 8441915.72650346159935 ], [ 3350370.992462773807347, 8441922.488857185468078 ], [ 3350365.459884081501514, 8441929.945367012172937 ], [ 3350360.8846530104056, 8441938.051251139491796 ], [ 3350357.322429304942489, 8441946.627375848591328 ], [ 3350354.84000465972349, 8441955.584174733608961 ], [ 3350353.459642973728478, 8441964.787296960130334 ], [ 3350353.225872043520212, 8441974.079998973757029 ], [ 3350354.116427969653159, 8441983.327928544953465 ], [ 3350356.120178804267198, 8441992.396732764318585 ], [ 3350359.225992597639561, 8442001.174450218677521 ], [ 3350363.37820960348472, 8442009.481942467391491 ], [ 3350368.510038129519671, 8442017.252031315118074 ], [ 3350374.543554530479014, 8442024.305577293038368 ], [ 3350381.400835162959993, 8442030.59779386036098 ], [ 3350388.97056053718552, 8442035.994325527921319 ], [ 3350397.130279212724417, 8442040.427993515506387 ], [ 3350405.779803646728396, 8442043.831619238480926 ], [ 3350414.785550452768803, 8442046.160416694357991 ], [ 3350424.002804289571941, 8442047.369600279256701 ], [ 3350433.297981770709157, 8442047.459169443696737 ], [ 3350442.537499506957829, 8442046.406731851398945 ], [ 3350451.576642159372568, 8442044.234680281952024 ], [ 3350460.281826339196414, 8442040.98780026845634 ], [ 3350468.530600607395172, 8442036.6884854901582 ], [ 3350476.189381573814899, 8442031.426306763663888 ], [ 3350483.146849748212844, 8442025.268442822620273 ], [ 3350489.313949537929147, 8442018.304464729502797 ], [ 3350494.579361452721059, 8442010.623943481594324 ], [ 3350498.865161848254502, 8442002.383626407012343 ], [ 3350502.126822928432375, 8441993.673083886504173 ], [ 3350504.29755299910903, 8441984.649062290787697 ], [ 3350505.45527570322156, 8441971.415343457832932 ] ] ] } },
{ "type": "Feature", "properties": { "id": "42617928", "name": "Подземные резервуары (ru)" }, "geometry": { "type": "Polygon", "coordinates": [ [ [ 3338391.6348917321302, 8407465.823943048715591 ], [ 3338452.894007515627891, 8407503.244374621659517 ], [ 3338416.459138178732246, 8407563.576584728434682 ], [ 3338352.572882412467152, 8407525.35349803045392 ], [ 3338461.84409457584843, 8407356.661674279719591 ], [ 3338606.960182773880661, 8407445.029943868517876 ], [ 3338572.028126562479883, 8407505.049653379246593 ], [ 3338423.928676011506468, 8407416.658376261591911 ], [ 3338391.6348917321302, 8407465.823943048715591 ] ] ] } },
{ "type": "Feature", "properties": { "id": "29561260", "name": "Урочище Орехова Гора (ru)" }, "geometry": { "type": "Polygon", "coordinates": [ [ [ 3304415.724051124881953, 8306770.154522752389312 ], [ 3304525.596388537436724, 8306641.168408801779151 ], [ 3306106.889755255542696, 8308757.510916422121227 ], [ 3305944.463486239314079, 8308872.173506724648178 ], [ 3304415.724051124881953, 8306770.154522752389312 ] ] ] } },
{ "type": "Feature", "properties": { "id": "41740190", "name": "Холм (ru)" }, "geometry": { "type": "Polygon", "coordinates": [ [ [ 3350310.189756902866066, 8406120.954247476533055 ], [ 3350455.895838402211666, 8406081.557645892724395 ], [ 3350638.626782539300621, 8405953.765256285667419 ], [ 3350678.033882280346006, 8405988.39265245385468 ], [ 3350490.527331987861544, 8406109.010459121316671 ], [ 3350313.763112557586282, 8406157.989027842879295 ], [ 3350310.189756902866066, 8406120.954247476533055 ] ] ] } },
{ "type": "Feature", "properties": { "id": "33927278", "name": "Лысая гора (ru)" }, "geometry": { "type": "Polygon", "coordinates": [ [ [ 3418163.571612409781665, 8390484.216454392299056 ], [ 3418254.330393253359944, 8390527.198666736483574 ], [ 3418316.435537166893482, 8390357.60605582036078 ], [ 3418240.003574788104743, 8390330.745541492477059 ], [ 3418163.571612409781665, 8390484.216454392299056 ] ] ] } },
{ "type": "Feature", "properties": { "id": "42122892", "name": "Вал (ru)" }, "geometry": { "type": "Polygon", "coordinates": [ [ [ 3347023.392735638655722, 8332126.324695613235235 ], [ 3346955.309735069982708, 8332119.177014268934727 ], [ 3346755.858603415079415, 8332080.945860795676708 ], [ 3346509.831396813038737, 8332021.228003672324121 ], [ 3346460.861952813342214, 8332018.845476353541017 ], [ 3346425.028208726551384, 8332031.993507082574069 ], [ 3346407.116902658250183, 8332049.906633586622775 ], [ 3346385.621108985971659, 8332097.667829720303416 ], [ 3346349.787364899646491, 8332172.91715828422457 ], [ 3346335.46054643439129, 8332152.621163041330874 ], [ 3346341.427271141204983, 8332126.324695613235235 ], [ 3346370.092040020506829, 8332073.776162756606936 ], [ 3346396.363439847249538, 8332028.397650714963675 ], [ 3346416.668114968575537, 8332014.058363591320813 ], [ 3346457.277465209830552, 8331997.35864428896457 ], [ 3346489.52672169264406, 8331998.549904386512935 ], [ 3346698.529065656475723, 8332046.310768499970436 ], [ 3346764.218697173520923, 8332060.650118224322796 ], [ 3346954.1186165176332, 8332096.476553634740412 ], [ 3347023.392735638655722, 8332126.324695613235235 ] ] ] } },
{ "type": "Feature", "properties": { "id": "35386097", "name": "Чайная гора (ru)" }, "geometry": { "type": "Polygon", "coordinates": [ [ [ 3401236.953231533057988, 8438340.365043977275491 ], [ 3401250.088931446895003, 8438426.353356059640646 ], [ 3401301.440612549427897, 8438519.527147030457854 ], [ 3401350.41005654912442, 8438609.098644938319921 ], [ 3401373.09696877328679, 8438656.861603913828731 ], [ 3401388.62603773875162, 8438690.300336239859462 ], [ 3401400.570619100704789, 8438720.158074494451284 ], [ 3401429.235387980006635, 8438784.663737067952752 ], [ 3401456.709038307890296, 8438852.728792063891888 ], [ 3401518.814182221423835, 8438913.654377412050962 ], [ 3401518.21305697131902, 8439025.322751110419631 ], [ 3401517.611931721214205, 8439060.553814694285393 ], [ 3401537.916606841608882, 8439127.435103809460998 ], [ 3401604.797356910537928, 8439227.758178316056728 ], [ 3401632.271007237955928, 8439279.1065734308213 ], [ 3401690.791663547977805, 8439340.013308309018612 ], [ 3401819.77755753044039, 8439437.966542955487967 ], [ 3401881.882701443973929, 8439515.595856111496687 ], [ 3401988.181683202274144, 8439632.623371159657836 ], [ 3402007.284107822924852, 8439711.463539240881801 ], [ 3402020.43093968462199, 8439779.537175450474024 ], [ 3402089.693926856853068, 8439854.774834571406245 ], [ 3402180.463839650154114, 8439910.918165478855371 ], [ 3402252.131327821873128, 8439940.7584755923599 ], [ 3402290.347309011500329, 8439968.248380843549967 ], [ 3402333.338896356057376, 8439995.716002847999334 ], [ 3402385.892827959731221, 8440045.860907554626465 ], [ 3402412.16422778647393, 8440100.796834168955684 ], [ 3402457.549184182658792, 8440165.292225452139974 ], [ 3402456.358065631240606, 8440227.415186960250139 ], [ 3402401.421896925196052, 8440264.420573525130749 ], [ 3402246.153471166733652, 8440187.992230523377657 ], [ 3402044.308970460202545, 8440104.401039306074381 ], [ 3401997.732895512599498, 8439996.902463164180517 ], [ 3401935.627751599065959, 8439877.473880840465426 ], [ 3401818.586438979022205, 8439705.486699603497982 ], [ 3401743.345595151185989, 8439578.877335781231523 ], [ 3401572.559232376515865, 8439417.6415871437639 ], [ 3401491.340531893540174, 8439335.245508212596178 ], [ 3401478.204831979703158, 8439328.082621863111854 ], [ 3401349.218937998171896, 8438981.720626646652818 ], [ 3401296.66500639449805, 8438819.289320960640907 ], [ 3401260.83126230770722, 8438753.597094710916281 ], [ 3401238.144350084476173, 8438705.833507277071476 ], [ 3401210.080706455279142, 8438644.327713983133435 ], [ 3401177.230324721895158, 8438654.466734008863568 ], [ 3401135.429855929687619, 8438635.374948546290398 ], [ 3401139.014343533199281, 8438600.727849030867219 ], [ 3401158.116768153849989, 8438552.965254731476307 ], [ 3401123.485274567268789, 8438492.042658330872655 ], [ 3401090.044899532571435, 8438433.515363914892077 ], [ 3401074.515830567106605, 8438376.197115309536457 ], [ 3400989.723774430342019, 8438200.641776924952865 ], [ 3401000.466105292085558, 8438152.85940127260983 ], [ 3401019.57966186106205, 8438103.891181118786335 ], [ 3400962.250124102458358, 8438004.769580192863941 ], [ 3400910.297317748889327, 8437948.036549024283886 ], [ 3400855.962274292949587, 8437891.303955629467964 ], [ 3400847.602180534508079, 8437862.635699195787311 ], [ 3400902.538349241018295, 8437808.902601640671492 ], [ 3400946.721055136993527, 8437838.756760628893971 ], [ 3401044.659943136852235, 8437894.884698087349534 ], [ 3401097.213874740060419, 8438017.906640365719795 ], [ 3401149.75667439494282, 8438099.124182591214776 ], [ 3401213.064068808685988, 8438201.82794757373631 ], [ 3401236.953231533057988, 8438340.365043977275491 ] ] ] } },
{ "type": "Feature", "properties": { "id": "11148240", "name": "Горка \"Муравейник\" (ru)" }, "geometry": { "type": "Polygon", "coordinates": [ [ [ 3395328.315035309642553, 8389669.536370486021042 ], [ 3395334.582322640810162, 8389659.375672902911901 ], [ 3395335.773441192228347, 8389648.636920221149921 ], [ 3395333.970065441448241, 8389637.720316044986248 ], [ 3395325.331672956701368, 8389627.426262157037854 ], [ 3395311.272021268960088, 8389620.400523049756885 ], [ 3395291.880165972746909, 8389614.597623335197568 ], [ 3395259.04091618815437, 8389606.526931330561638 ], [ 3395241.719603421166539, 8389603.236403793096542 ], [ 3395221.12549762474373, 8389601.146474903449416 ], [ 3395201.711378429550678, 8389600.568409573286772 ], [ 3395182.887252537533641, 8389600.701809259131551 ], [ 3395167.970440770499408, 8389602.058039559051394 ], [ 3395159.910909637343138, 8389602.947371039539576 ], [ 3395151.851378504186869, 8389604.74826761521399 ], [ 3395145.87352184811607, 8389608.616861745715141 ], [ 3395141.676777044776827, 8389613.241390727460384 ], [ 3395138.715678590349853, 8389622.957357708364725 ], [ 3395138.114553340245038, 8389631.739535681903362 ], [ 3395141.3984783180058, 8389645.035106059163809 ], [ 3395147.053508450742811, 8389656.818825606256723 ], [ 3395157.528672534506768, 8389670.136674722656608 ], [ 3395167.970440770499408, 8389678.496472110971808 ], [ 3395179.915022132918239, 8389683.565715570002794 ], [ 3395196.635209649801254, 8389689.235268307849765 ], [ 3395225.901103779673576, 8389695.505131712183356 ], [ 3395249.189141253940761, 8389697.884123831987381 ], [ 3395267.089315373450518, 8389696.50564232468605 ], [ 3395288.306810318492353, 8389691.325222183018923 ], [ 3395304.704171312041581, 8389684.899727586656809 ], [ 3395319.654378925450146, 8389677.584897998720407 ], [ 3395328.315035309642553, 8389669.536370486021042 ] ] ] } },
{ "type": "Feature", "properties": { "id": "29830116", "name": "Холм (ru)" }, "geometry": { "type": "Polygon", "coordinates": [ [ [ 3368814.517016894649714, 8417950.803589396178722 ], [ 3368819.559789827559143, 8417955.959290971979499 ], [ 3368824.034833357669413, 8417961.606015890836716 ], [ 3368827.897619687952101, 8417967.699127089232206 ], [ 3368831.103621022775769, 8417974.149349195882678 ], [ 3368833.619441514834762, 8417980.912044888362288 ], [ 3368835.411685316357762, 8417987.897938376292586 ], [ 3368836.458088530227542, 8417995.017753584310412 ], [ 3368836.758651155047119, 8418002.226852489635348 ], [ 3368836.30224124295637, 8418009.413639232516289 ], [ 3368835.099990741815418, 8418016.533475255593657 ], [ 3368833.163031602744013, 8418023.474764030426741 ], [ 3368830.502495772670954, 8418030.170547187328339 ], [ 3368827.162911049090326, 8418036.553866133093834 ], [ 3368823.166541329119354, 8418042.557762088254094 ], [ 3368818.569046359043568, 8418048.115276090800762 ], [ 3368813.426085884217173, 8418053.159449057653546 ], [ 3368807.771055752411485, 8418057.623321825638413 ], [ 3368801.681879606097937, 8418061.48457395285368 ], [ 3368795.22534913988784, 8418064.698565712198615 ], [ 3368788.468256048858166, 8418067.198338048532605 ], [ 3368781.488523975946009, 8418069.006209639832377 ], [ 3368774.352944616228342, 8418070.055221755057573 ], [ 3368767.150573561899364, 8418070.345374068245292 ], [ 3368759.959334456827492, 8418069.898985898122191 ], [ 3368752.857150943949819, 8418068.693737976253033 ], [ 3368745.910814718343318, 8418066.751950066536665 ], [ 3368739.209381372667849, 8418064.095942148938775 ], [ 3368732.819642601069063, 8418060.748034376651049 ], [ 3368726.819522047415376, 8418056.752866424620152 ], [ 3368721.264679457060993, 8418052.177397413179278 ], [ 3368716.221906524151564, 8418047.021628424525261 ], [ 3368711.746862994506955, 8418041.374837961047888 ], [ 3368707.884076663758606, 8418035.28166576474905 ], [ 3368704.678075328469276, 8418028.809070784598589 ], [ 3368702.17338678566739, 8418022.068650340661407 ], [ 3368700.38114298414439, 8418015.082724409177899 ], [ 3368699.334739770740271, 8418007.940570570528507 ], [ 3368699.034177145455033, 8418000.753785263746977 ], [ 3368699.479455108288676, 8417993.544687803834677 ], [ 3368700.692837558686733, 8417986.447193175554276 ], [ 3368702.629796698223799, 8417979.505939330905676 ], [ 3368705.279200579505414, 8417972.810202272608876 ], [ 3368708.629917251877487, 8417966.40461952239275 ], [ 3368712.615155022125691, 8417960.400785703212023 ], [ 3368717.212649991735816, 8417954.865657003596425 ], [ 3368722.366742415819317, 8417949.821551412343979 ], [ 3368728.010640598833561, 8417945.335425006225705 ], [ 3368734.099816745147109, 8417941.474233824759722 ], [ 3368740.556347211357206, 8417938.282614896073937 ], [ 3368747.31344030238688, 8417935.760567352175713 ], [ 3368754.304304324090481, 8417933.975047487765551 ], [ 3368761.428751735482365, 8417932.926054768264294 ], [ 3368768.631122789345682, 8417932.613588882610202 ], [ 3368775.822361895348877, 8417933.082287717610598 ], [ 3368782.935677356086671, 8417934.287513433024287 ], [ 3368789.882013581693172, 8417936.229266386479139 ], [ 3368796.583446927368641, 8417938.885228151455522 ], [ 3368802.962053750175983, 8417942.210761466994882 ], [ 3368808.973306253552437, 8417946.205867229029536 ], [ 3368814.517016894649714, 8417950.803589396178722 ] ] ] } },
{ "type": "Feature", "properties": { "id": "38364537", "name": "Остров (ru)" }, "geometry": { "type": "Polygon", "coordinates": [ [ [ 3419875.643116911873221, 8388590.312907392159104 ], [ 3419868.485273654107004, 8388576.574636186473072 ], [ 3419868.485273654107004, 8388561.057978795841336 ], [ 3419882.812092118430883, 8388549.120400721207261 ], [ 3419904.307885791175067, 8388537.760823900811374 ], [ 3419931.180410868953913, 8388531.803166347555816 ], [ 3419955.06957359239459, 8388531.803166347555816 ], [ 3419980.149854869116098, 8388533.581571081653237 ], [ 3420002.246773791033775, 8388541.940079091116786 ], [ 3420020.158079859800637, 8388555.078072278760374 ], [ 3420027.327055066358298, 8388568.216088891029358 ], [ 3420033.293779773637652, 8388590.312907392159104 ], [ 3420024.933686014730483, 8388617.189308147877455 ], [ 3420010.606867549475282, 8388637.485612887889147 ], [ 3419993.886680033057928, 8388653.024661641567945 ], [ 3419978.357611066661775, 8388660.18286107480526 ], [ 3419965.823036403860897, 8388660.18286107480526 ], [ 3419947.310605084523559, 8388657.203982206061482 ], [ 3419938.349386075511575, 8388648.245122412219644 ], [ 3419932.371529420372099, 8388632.105864016339183 ], [ 3419921.028073308058083, 8388619.567952141165733 ], [ 3419900.133404886815697, 8388611.20935607329011 ], [ 3419886.986573023721576, 8388601.650334962643683 ], [ 3419875.643116911873221, 8388590.312907392159104 ] ] ] } },
{ "type": "Feature", "properties": { "id": "43282356", "name": "Гора Решетниковская (ru)" }, "geometry": { "type": "Polygon", "coordinates": [ [ [ 3307824.326859214808792, 8452985.831755585968494 ], [ 3307943.761540886480361, 8452954.772303774952888 ], [ 3308063.196222558617592, 8452947.618556942790747 ], [ 3308180.237535178661346, 8452961.948483143001795 ], [ 3308330.730354782193899, 8453026.4222840256989 ], [ 3308476.4364362815395, 8453145.862896662205458 ], [ 3308650.807286660186946, 8453322.627802049741149 ], [ 3308684.247661694418639, 8453446.827763516455889 ], [ 3308462.098485867027193, 8453582.983654828742146 ], [ 3308323.561379575170577, 8453590.160447815433145 ], [ 3308218.453516368288547, 8453587.760706879198551 ], [ 3308099.02996664494276, 8453530.436287261545658 ], [ 3307984.370891128201038, 8453489.842974228784442 ], [ 3307814.775646904483438, 8453401.457978399470448 ], [ 3307759.83947819750756, 8453368.019527185708284 ], [ 3307707.285546594299376, 8453329.781914027407765 ], [ 3307676.23854061216116, 8453250.974933156743646 ], [ 3307692.958728129509836, 8453062.258749118074775 ], [ 3307716.836758904159069, 8453033.598533378913999 ], [ 3307824.326859214808792, 8452985.831755585968494 ] ] ] } },
{ "type": "Feature", "properties": { "id": "42592356", "name": "Гора (ru)" }, "geometry": { "type": "Polygon", "coordinates": [ [ [ 3368523.694847197271883, 8418317.447702003642917 ], [ 3368583.406622058711946, 8418355.659912882372737 ], [ 3368676.558771954383701, 8418381.328273424878716 ], [ 3368846.755141428206116, 8418450.610973570495844 ], [ 3368861.683085143566132, 8418515.6980219502002 ], [ 3368843.170653825160116, 8418626.766962043941021 ], [ 3368833.018316264729947, 8418669.779841540381312 ], [ 3368811.522522592451423, 8418736.654542721807957 ], [ 3368874.818785057403147, 8418764.132274677976966 ], [ 3368916.619253849610686, 8418717.547423226758838 ], [ 3368936.923928970936686, 8418706.185853494331241 ], [ 3368965.588697849772871, 8418695.449297826737165 ], [ 3368992.461222927551717, 8418699.020707536488771 ], [ 3369025.311604660470039, 8418661.409386022016406 ], [ 3369031.879454616922885, 8418621.9902488514781 ], [ 3368954.245241737924516, 8418569.446608379483223 ], [ 3368963.796454048249871, 8418544.357933631166816 ], [ 3369009.181410444900393, 8418451.793963482603431 ], [ 3369043.824035979807377, 8418347.289814671501517 ], [ 3369064.718704401515424, 8418354.476938424631953 ], [ 3369079.056654815562069, 8418316.845057742670178 ], [ 3369081.43889191839844, 8418274.436881916597486 ], [ 3369135.183942073956132, 8418288.186032148078084 ], [ 3369162.65759240090847, 8418214.128412783145905 ], [ 3369200.873573590535671, 8418187.255368111655116 ], [ 3369205.059186444152147, 8418155.606011116877198 ], [ 3369240.2918052803725, 8418099.472260711714625 ], [ 3369245.067411435302347, 8418081.572045456618071 ], [ 3369163.247585702221841, 8418037.379680531099439 ], [ 3368963.206460747402161, 8417952.566794291138649 ], [ 3368891.538972574286163, 8417962.119354734197259 ], [ 3368816.29812874738127, 8417883.311101922765374 ], [ 3368708.80802843766287, 8417771.048183381557465 ], [ 3368643.118396920152009, 8417833.138516323640943 ], [ 3368523.694847197271883, 8418317.447702003642917 ] ] ] } },
{ "type": "Feature", "properties": { "id": "22393931", "name": "Гора (ru)" }, "geometry": { "type": "Polygon", "coordinates": [ [ [ 3376077.835492428857833, 8425773.054258922114968 ], [ 3376163.818667117506266, 8425745.595023557543755 ], [ 3376228.317180082667619, 8425610.623982479795814 ], [ 3376286.837836393155158, 8425362.204201214015484 ], [ 3376249.812973755411804, 8425204.563981790095568 ], [ 3376113.658104565925896, 8425077.958275374025106 ], [ 3375956.007441704161465, 8424990.785469938069582 ], [ 3375907.037997704464942, 8425112.586406335234642 ], [ 3375850.910710446536541, 8425267.856481477618217 ], [ 3375852.101828997954726, 8425506.733045291155577 ], [ 3375855.686316601932049, 8425659.59845570102334 ], [ 3375940.478372738696635, 8425728.860356744378805 ], [ 3376077.835492428857833, 8425773.054258922114968 ] ] ] } },
{ "type": "Feature", "properties": { "id": "41111517", "name": "Белая Гора (ru)" }, "geometry": { "type": "Polygon", "coordinates": [ [ [ 3336692.454184263944626, 8416820.319120336323977 ], [ 3336699.600895572919399, 8416747.481302866712213 ], [ 3336707.960989330895245, 8416718.806073118001223 ], [ 3336722.310071694664657, 8416693.723706951364875 ], [ 3336743.794733417686075, 8416685.377814032137394 ], [ 3336755.739314779173583, 8416671.029148600995541 ], [ 3336765.290527089498937, 8416642.376531822606921 ], [ 3336766.481645640917122, 8416611.314007883891463 ], [ 3336767.683896141592413, 8416593.395097168162465 ], [ 3336780.819596055429429, 8416559.967407742515206 ], [ 3336797.539783572312444, 8416524.129879988729954 ], [ 3336797.539783572312444, 8416501.43584462814033 ], [ 3336803.506508279126137, 8416451.272679474204779 ], [ 3336803.506508279126137, 8416409.477741166949272 ], [ 3336809.484364935196936, 8416392.764295171946287 ], [ 3336814.259971090126783, 8416365.295416312292218 ], [ 3336822.620064848102629, 8416328.253873625770211 ], [ 3336829.800172004383057, 8416264.391121577471495 ], [ 3336852.487084227614105, 8416205.861909240484238 ], [ 3336873.971745950635523, 8416180.156508276239038 ], [ 3336902.65877872845158, 8416141.375439578667283 ], [ 3336921.761203348636627, 8416110.31503020785749 ], [ 3336933.705784710589796, 8416058.659539118409157 ], [ 3336957.594947434961796, 8415992.969451272860169 ], [ 3336986.849709615111351, 8415931.47477812319994 ], [ 3336986.849709615111351, 8415911.170046057552099 ], [ 3336970.730647348798811, 8415887.875455414876342 ], [ 3336959.387191236950457, 8415862.193477818742394 ], [ 3336956.403828883543611, 8415834.124138254672289 ], [ 3336974.916260202415287, 8415777.98578030243516 ], [ 3336993.428691521286964, 8415755.896480225026608 ], [ 3337020.89120989991352, 8415736.194665485993028 ], [ 3337049.555978779215366, 8415729.634843064472079 ], [ 3337079.411866209935397, 8415730.817395653575659 ], [ 3337105.093272736296058, 8415746.346783142536879 ], [ 3337116.436728847678751, 8415773.81335187703371 ], [ 3337118.830097900237888, 8415798.156269801780581 ], [ 3337116.436728847678751, 8415834.570390831679106 ], [ 3337108.978322965092957, 8415867.124589066952467 ], [ 3337083.597479063551873, 8415926.097365604713559 ], [ 3337072.25402295216918, 8415949.972214667126536 ], [ 3337061.500560141634196, 8415970.277053788304329 ], [ 3337044.179247373715043, 8415993.571905253455043 ], [ 3337031.644672710914165, 8416021.641852965578437 ], [ 3337019.09896609839052, 8416080.749747954308987 ], [ 3337013.132241392042488, 8416109.422491647303104 ], [ 3337010.738872339483351, 8416198.989275887608528 ], [ 3337013.722234693355858, 8416323.4786521717906 ], [ 3337030.442422209773213, 8416411.865379409864545 ], [ 3337043.578122123610228, 8416527.722550803795457 ], [ 3337041.184753071516752, 8416601.763200726360083 ], [ 3337065.062783847097307, 8416653.110092485323548 ], [ 3337060.2871776917018, 8416727.174319280311465 ], [ 3337035.21802836516872, 8416786.890400141477585 ], [ 3336986.248584365006536, 8416831.075256185606122 ], [ 3336900.254277727100998, 8416860.933657601475716 ], [ 3336883.534090210217983, 8416940.958341347053647 ], [ 3336848.891464675310999, 8416968.429369002580643 ], [ 3336793.955295968800783, 8416968.429369002580643 ], [ 3336742.614746815059334, 8416962.44866537861526 ], [ 3336706.76987077947706, 8416924.243688266724348 ], [ 3336692.454184263944626, 8416878.853219758719206 ], [ 3336692.454184263944626, 8416820.319120336323977 ] ] ] } },
{ "type": "Feature", "properties": { "id": "34666734", "name": "Церковная гора (ru)" }, "geometry": { "type": "Polygon", "coordinates": [ [ [ 3373398.943078437354416, 8411396.922436151653528 ], [ 3373410.887659799773246, 8411431.820736546069384 ], [ 3373435.967941075097769, 8411475.750461718067527 ], [ 3373467.026079006958753, 8411521.129920121282339 ], [ 3373481.352897471282631, 8411542.626724353060126 ], [ 3373488.521872678771615, 8411565.32777457870543 ], [ 3373498.073084989096969, 8411598.755086971446872 ], [ 3373513.591022005770355, 8411626.808278838172555 ], [ 3373536.289066178258508, 8411670.426967578008771 ], [ 3373558.987110350746661, 8411714.603418340906501 ], [ 3373581.67402257444337, 8411754.030176799744368 ], [ 3373603.459246922750026, 8411778.649707740172744 ], [ 3373640.484109560959041, 8411820.752864515408874 ], [ 3373687.973004333209246, 8411826.885494841262698 ], [ 3373767.377197116147727, 8411792.542830837890506 ], [ 3373805.593178305309266, 8411761.43386766500771 ], [ 3373860.239916335791349, 8411636.531031651422381 ], [ 3373864.436661139130592, 8411614.810954762622714 ], [ 3373861.731597512960434, 8411590.682566672563553 ], [ 3373867.2530442555435, 8411568.360533148050308 ], [ 3373852.770378503017128, 8411550.609993366524577 ], [ 3373843.519728818908334, 8411521.575911270454526 ], [ 3373818.138884918298572, 8411501.662432692945004 ], [ 3373803.6562191657722, 8411485.361517764627934 ], [ 3373777.228972051292658, 8411485.428416108712554 ], [ 3373751.859260099474341, 8411486.320394113659859 ], [ 3373747.083653944544494, 8411443.617068469524384 ], [ 3373755.443747702986002, 8411416.322748854756355 ], [ 3373776.349548073951155, 8411407.358460078015924 ], [ 3373770.961684719659388, 8411388.827838037163019 ], [ 3373769.759434218984097, 8411363.139255039393902 ], [ 3373745.892535393126309, 8411337.473060686141253 ], [ 3373718.407753116451204, 8411324.316662134602666 ], [ 3373679.601778625510633, 8411298.672902034595609 ], [ 3373627.648972272872925, 8411289.106687448918819 ], [ 3373595.399715789128095, 8411264.042818216606975 ], [ 3373551.784739296883345, 8411269.305331723764539 ], [ 3373512.388771504629403, 8411218.062881421297789 ], [ 3373406.690914996899664, 8411200.15709624812007 ], [ 3373357.74373489478603, 8411258.668814662843943 ], [ 3373366.682690006215125, 8411314.215239882469177 ], [ 3373381.610633721575141, 8411360.753254050388932 ], [ 3373398.943078437354416, 8411396.922436151653528 ] ] ] } },
{ "type": "Feature", "properties": { "id": "41344598", "name": "Лидочкина горка (ru)" }, "geometry": { "type": "Polygon", "coordinates": [ [ [ 3383494.58562212344259, 8299429.176569821313024 ], [ 3383443.233941019978374, 8299432.756605855189264 ], [ 3383405.329654404893517, 8299410.837148600257933 ], [ 3383397.570685896556824, 8299392.607589323073626 ], [ 3383400.854610875248909, 8299378.57305561285466 ], [ 3383399.952922999858856, 8299362.16652178671211 ], [ 3383402.045729426201433, 8299347.824561507441103 ], [ 3383403.837973228655756, 8299333.197108450345695 ], [ 3383426.224322827067226, 8299326.037134462036192 ], [ 3383434.584416585508734, 8299324.829164074733853 ], [ 3383447.130123198032379, 8299323.050153497606516 ], [ 3383467.735360943712294, 8299321.864146684296429 ], [ 3383490.722835792694241, 8299327.223141944035888 ], [ 3383517.895923494827002, 8299336.184093511663377 ], [ 3383528.638254356570542, 8299340.35708936676383 ], [ 3383536.386090915650129, 8299343.190335261635482 ], [ 3383541.161697070579976, 8299358.718299088999629 ], [ 3383545.937303225975484, 8299376.640289361588657 ], [ 3383545.937303225975484, 8299404.094402768649161 ], [ 3383532.801603312138468, 8299424.410512271337211 ], [ 3383511.305809639859945, 8299430.384557248093188 ], [ 3383494.58562212344259, 8299429.176569821313024 ] ] ] } },
{ "type": "Feature", "properties": { "id": "43032969", "name": "Гора (ru)" }, "geometry": { "type": "Polygon", "coordinates": [ [ [ 3395144.682403296697885, 8393441.523867722600698 ], [ 3395149.458009452093393, 8393463.546326983720064 ], [ 3395165.577071718871593, 8393499.449750207364559 ], [ 3395179.313896882813424, 8393508.659206666052341 ], [ 3395209.77090956363827, 8393517.913164850324392 ], [ 3395292.770721898879856, 8393539.980342814698815 ], [ 3395312.485403718426824, 8393551.102937407791615 ], [ 3395403.544747187290341, 8393577.330081943422556 ], [ 3395470.726059881504625, 8393621.531596193090081 ], [ 3395482.370078618172556, 8393634.634159427136183 ], [ 3395485.654003596398979, 8393697.967251198366284 ], [ 3395474.310547484084964, 8393733.49363905005157 ], [ 3395454.306434989441186, 8393782.501204151660204 ], [ 3395369.80380952777341, 8393884.988800136372447 ], [ 3395356.668109614867717, 8393924.475936200469732 ], [ 3395354.285872511565685, 8393966.276915365830064 ], [ 3395559.703728871885687, 8393954.330576196312904 ], [ 3395772.301692388951778, 8393904.165061751380563 ], [ 3395821.260004439856857, 8393899.382114795967937 ], [ 3395830.822348698973656, 8393863.565726997330785 ], [ 3395812.899910681881011, 8393791.866735996678472 ], [ 3395761.548229578416795, 8393717.78815153054893 ], [ 3395695.858598061371595, 8393642.62028325535357 ], [ 3395645.698035509791225, 8393581.66791382804513 ], [ 3395593.144103906583041, 8393549.390056747943163 ], [ 3395552.534753665328026, 8393514.754360510036349 ], [ 3395510.734284872189164, 8393495.668092675507069 ], [ 3395440.269047199748456, 8393461.032649012282491 ], [ 3395360.252597217913717, 8393433.537961889058352 ], [ 3395290.978478097356856, 8393415.697613006457686 ], [ 3395246.795772201381624, 8393408.534791819751263 ], [ 3395216.928752821870148, 8393408.534791819751263 ], [ 3395164.385953167453408, 8393417.410462582483888 ], [ 3395144.682403296697885, 8393441.523867722600698 ] ] ] } },
{ "type": "Feature", "properties": { "id": "35614267", "name": "Янинский бугор (ru)" }, "geometry": { "type": "Polygon", "coordinates": [ [ [ 3403511.956269028130919, 8385317.660148540511727 ], [ 3403511.466463267803192, 8385309.616381639614701 ], [ 3403509.997045990079641, 8385301.661504772491753 ], [ 3403507.559149141423404, 8385293.97327998559922 ], [ 3403504.219564417377114, 8385286.618367245420814 ], [ 3403500.000555716920644, 8385279.730087049305439 ], [ 3403494.968914732802659, 8385273.419539226219058 ], [ 3403489.213697058614343, 8385267.753382936120033 ], [ 3403482.801694389432669, 8385262.8427176726982 ], [ 3403475.844226215034723, 8385258.73198229726404 ], [ 3403468.441480076871812, 8385255.532276351936162 ], [ 3403460.693643516860902, 8385253.221378475427628 ], [ 3403452.734299925621599, 8385251.888168492354453 ], [ 3403444.663636843208224, 8385251.554866037331522 ], [ 3403436.615237658843398, 8385252.177030637860298 ], [ 3403428.700421863701195, 8385253.776882709003985 ], [ 3403421.041640896815807, 8385256.354422884993255 ], [ 3403413.761346199084073, 8385259.820771442726254 ], [ 3403406.948593362700194, 8385264.153709433972836 ], [ 3403400.71470187837258, 8385269.308797955513 ], [ 3403395.159859287552536, 8385275.152717314660549 ], [ 3403390.350857285317034, 8385281.641028652898967 ], [ 3403386.376751463860273, 8385288.684852562844753 ], [ 3403383.29320156853646, 8385296.128648552112281 ], [ 3403381.133603447582573, 8385303.927977197803557 ], [ 3403379.931352947372943, 8385311.905076854862273 ], [ 3403379.730977864004672, 8385319.971066623926163 ], [ 3403380.499082350172102, 8385328.014844827353954 ], [ 3403382.246798355598003, 8385335.903088885359466 ], [ 3403384.940730032976717, 8385343.502475652843714 ], [ 3403388.547481534536928, 8385350.74634284991771 ], [ 3403393.000261166132987, 8385357.47914604563266 ], [ 3403398.243409182876348, 8385363.612001835368574 ], [ 3403404.199001939967275, 8385369.056026646867394 ], [ 3403410.777983846142888, 8385373.76677789632231 ], [ 3403417.869035409297794, 8385377.610930908471346 ], [ 3403425.383101037703454, 8385380.566263777203858 ], [ 3403433.197729291394353, 8385382.588334321044385 ], [ 3403441.212732628453523, 8385383.6549212038517 ], [ 3403449.283395711798221, 8385383.721582886762917 ], [ 3403457.309530997648835, 8385382.810539909638464 ], [ 3403465.157555098179728, 8385380.921792624518275 ], [ 3403472.716148522682488, 8385378.077562336809933 ], [ 3403479.885123730171472, 8385374.366732276976109 ], [ 3403486.54202927974984, 8385369.789303765632212 ], [ 3403492.586677629966289, 8385364.434160426259041 ], [ 3403497.9411451369524, 8385358.390185894444585 ], [ 3403502.505244259722531, 8385351.724043260328472 ], [ 3403506.234447201248258, 8385344.569056879729033 ], [ 3403509.061962266918272, 8385337.014109852723777 ], [ 3403510.9543936108239, 8385329.148085003718734 ], [ 3403511.956269028130919, 8385317.660148540511727 ] ] ] } },
{ "type": "Feature", "properties": { "id": "42554494", "name": "Холм (ru)" }, "geometry": { "type": "Polygon", "coordinates": [ [ [ 3389767.205157393123955, 8420094.011972587555647 ], [ 3389780.351989256218076, 8420085.639896778389812 ], [ 3389762.429551238194108, 8420070.123674802482128 ], [ 3389705.100013479590416, 8420049.829845370724797 ], [ 3389639.421513911802322, 8420059.362803380936384 ], [ 3389561.787301032803953, 8420077.290155995637178 ], [ 3389560.596182481385767, 8420111.917084021493793 ], [ 3389588.058700859546661, 8420148.955351814627647 ], [ 3389627.476932549849153, 8420148.955351814627647 ], [ 3389705.100013479590416, 8420110.73382718116045 ], [ 3389767.205157393123955, 8420094.011972587555647 ] ] ] } },
{ "type": "Feature", "properties": { "id": "25157118", "name": "Золотая гора (ru)" }, "geometry": { "type": "Polygon", "coordinates": [ [ [ 3377824.527358567342162, 8438106.017308220267296 ], [ 3377822.824170358479023, 8438078.198662241920829 ], [ 3377817.7480015787296, 8438050.805343799293041 ], [ 3377809.376775871030986, 8438024.240188837051392 ], [ 3377797.821812726557255, 8437998.906027693301439 ], [ 3377783.261223330628127, 8437975.138545986264944 ], [ 3377765.92877861391753, 8437953.340565340593457 ], [ 3377746.058249507565051, 8437933.825384929776192 ], [ 3377723.950198635924608, 8437916.86154312454164 ], [ 3377699.949716420378536, 8437902.717578293755651 ], [ 3377674.401893283706158, 8437891.617270525544882 ], [ 3377647.69634744245559, 8437883.69488369487226 ], [ 3377620.222697114571929, 8437879.10706471838057 ], [ 3377592.392824416980147, 8437877.898566538468003 ], [ 3377564.618611463345587, 8437880.069387486204505 ], [ 3377537.323072320781648, 8437885.619530558586121 ], [ 3377510.906957155559212, 8437894.45948482863605 ], [ 3377485.759884185157716, 8437906.454984076321125 ], [ 3377462.271471627987921, 8437921.427005933597684 ], [ 3377440.775677956175059, 8437939.151770772412419 ], [ 3377421.595329692587256, 8437959.360740391537547 ], [ 3377405.03098946204409, 8437981.740616532042623 ], [ 3377391.305296247825027, 8438006.000479215756059 ], [ 3377380.652020978275687, 8438031.737505918368697 ], [ 3377373.204747044015676, 8438058.571249691769481 ], [ 3377369.085925885010511, 8438086.121258661150932 ], [ 3377368.362349194474518, 8438113.962314929813147 ], [ 3377371.022885025013238, 8438141.691574638709426 ], [ 3377377.056401425972581, 8438168.883807396516204 ], [ 3377386.351578907575458, 8438195.158537713810802 ], [ 3377398.785966028925031, 8438220.090523663908243 ], [ 3377414.15918770711869, 8438243.321660274639726 ], [ 3377432.248604961670935, 8438264.493839081376791 ], [ 3377452.787051012739539, 8438283.316091516986489 ], [ 3377475.473963235970587, 8438299.497448123991489 ], [ 3377499.953119261655957, 8438312.79170136153698 ], [ 3377525.868296718224883, 8438322.997407028451562 ], [ 3377552.841009337455034, 8438329.957885468378663 ], [ 3377580.459375003352761, 8438333.605984514579177 ], [ 3377608.311511600390077, 8438333.852175313979387 ], [ 3377635.985537010710686, 8438330.696457520127296 ], [ 3377663.080701070372015, 8438324.183597423136234 ], [ 3377689.173989712260664, 8438314.425508553162217 ], [ 3377713.875784718897194, 8438301.578870020806789 ], [ 3377736.84099566983059, 8438285.800363866612315 ], [ 3377757.702268244698644, 8438267.336197534576058 ], [ 3377776.159039818216115, 8438246.477340562269092 ], [ 3377791.933011663146317, 8438223.514761731028557 ], [ 3377804.801544799469411, 8438198.806569876149297 ], [ 3377814.553132192697376, 8438172.710870450362563 ], [ 3377821.065322404261678, 8438145.630525583401322 ], [ 3377824.527358567342162, 8438106.017308220267296 ] ] ] } },
{ "type": "Feature", "properties": { "id": "560975", "name": "Parnas hill" }, "geometry": { "type": "Polygon", "coordinates": [ [ [ 3373128.436715810094029, 8416771.091031156480312 ], [ 3373144.55577807687223, 8416737.662534575909376 ], [ 3373152.314746585208923, 8416683.905010383576155 ], [ 3373137.386802869383246, 8416674.956618787720799 ], [ 3373130.217827662825584, 8416658.242569854483008 ], [ 3373121.267740602605045, 8416654.649835320189595 ], [ 3373100.963065482210368, 8416655.854851678013802 ], [ 3373063.337077593896538, 8416662.415499741211534 ], [ 3373048.409133878536522, 8416675.559128601104021 ], [ 3373040.037908170837909, 8416689.863172417506576 ], [ 3373032.868932963348925, 8416661.790675865486264 ], [ 3373028.694452059455216, 8416631.330576175823808 ], [ 3373023.929977852851152, 8416591.319808956235647 ], [ 3373024.508839205373079, 8416545.953708613291383 ], [ 3373028.672188160941005, 8416472.471484242007136 ], [ 3373040.015644272323698, 8416361.97059552744031 ], [ 3373081.838376963511109, 8416318.413350557908416 ], [ 3373117.672121049836278, 8416314.686897410079837 ], [ 3373150.511370834428817, 8416314.106731221079826 ], [ 3373182.159502066671848, 8416315.891858100891113 ], [ 3373210.824270945973694, 8416319.172029869630933 ], [ 3373240.0567692280747, 8416324.081133212894201 ], [ 3373267.263252777978778, 8416331.422480225563049 ], [ 3373296.518014958593994, 8416343.963035225868225 ], [ 3373331.45007116952911, 8416363.063992803916335 ], [ 3373365.191008829046041, 8416382.164999954402447 ], [ 3373395.347458884585649, 8416403.676006613299251 ], [ 3373425.503908941056579, 8416427.262317510321736 ], [ 3373451.463614194188267, 8416450.380099564790726 ], [ 3373462.228208953514695, 8416507.728578982874751 ], [ 3373394.73520168568939, 8416592.502500019967556 ], [ 3373343.973513883538544, 8416654.605205090716481 ], [ 3373303.353031693026423, 8416702.672121372073889 ], [ 3373283.682877670042217, 8416724.496479472145438 ], [ 3373259.170325797982514, 8416745.673755902796984 ], [ 3373232.320064618252218, 8416762.722735052928329 ], [ 3373201.27305863564834, 8416774.036673650145531 ], [ 3373174.990526859648526, 8416778.834502959623933 ], [ 3373150.511370834428817, 8416778.834502959623933 ], [ 3373128.436715810094029, 8416771.091031156480312 ] ] ] } },
{ "type": "Feature", "properties": { "id": "38243530", "name": "Горка (ru)" }, "geometry": { "type": "Polygon", "coordinates": [ [ [ 3402871.390523156151175, 8361277.513592868112028 ], [ 3402878.548366413917392, 8361300.791216005571187 ], [ 3402898.853041534312069, 8361324.689061547629535 ], [ 3402920.348835207056254, 8361335.430935782380402 ], [ 3402950.21585458656773, 8361339.0189467407763 ], [ 3402957.974823095370084, 8361338.420944794081151 ], [ 3402978.279498215764761, 8361332.440927981399 ], [ 3402986.63959197467193, 8361325.287062384188175 ], [ 3402999.174166637472808, 8361312.751203170977533 ], [ 3403002.16866094013676, 8361297.225371733307838 ], [ 3403002.16866094013676, 8361275.12160530872643 ], [ 3402992.016323379706591, 8361249.452083923853934 ], [ 3402969.318279206752777, 8361232.132405546493828 ], [ 3402945.429116482846439, 8361221.966526308096945 ], [ 3402922.742204258684069, 8361220.792689301073551 ], [ 3402905.420891491696239, 8361226.152474883943796 ], [ 3402886.318466871511191, 8361234.524379168637097 ], [ 3402877.357247862499207, 8361253.615900133736432 ], [ 3402871.390523156151175, 8361277.513592868112028 ] ] ] } },
{ "type": "Feature", "properties": { "id": "35464653", "name": "Гора (ru)" }, "geometry": { "type": "Polygon", "coordinates": [ [ [ 3414494.592515354044735, 8392920.611799703910947 ], [ 3414514.886058526113629, 8392955.244702711701393 ], [ 3414530.41512749157846, 8392981.536456476897001 ], [ 3414556.697659268043935, 8393014.968492088839412 ], [ 3414591.329152853693813, 8393040.059301111847162 ], [ 3414642.669702007435262, 8393057.965471504256129 ], [ 3414664.176627628039569, 8393059.166632318869233 ], [ 3414709.561584025155753, 8393057.965471504256129 ], [ 3414735.844115801621228, 8393048.400679418817163 ], [ 3414777.633452645037323, 8393023.332085601985455 ], [ 3414817.051684334874153, 8392988.698862513527274 ], [ 3414828.996265697292984, 8392956.445846777409315 ], [ 3414842.131965610664338, 8392895.543640719726682 ], [ 3414846.907571765594184, 8392857.307633485645056 ], [ 3414844.525334662757814, 8392820.295189561322331 ], [ 3414882.752447801176459, 8392748.072524627670646 ], [ 3414652.844303465913981, 8392633.411879230290651 ], [ 3414551.332059811800718, 8392585.056983932852745 ], [ 3414524.448402784764767, 8392661.459643330425024 ], [ 3414485.030171095393598, 8392687.728106064721942 ], [ 3414495.783633905462921, 8392747.449726775288582 ], [ 3414492.199146301951259, 8392786.864037368446589 ], [ 3414489.805777250323445, 8392822.675190880894661 ], [ 3414477.872327836696059, 8392860.911018367856741 ], [ 3414479.063446388579905, 8392889.560215206816792 ], [ 3414494.592515354044735, 8392920.611799703910947 ] ] ] } },
{ "type": "Feature", "properties": { "id": "34503116", "name": "Красная горка (ru)" }, "geometry": { "type": "Polygon", "coordinates": [ [ [ 3428252.813285374548286, 8328163.84184240642935 ], [ 3428251.110097165219486, 8328149.421858093701303 ], [ 3428246.089588130824268, 8328135.795660248957574 ], [ 3428238.030056997202337, 8328123.690855083055794 ], [ 3428227.376781728118658, 8328113.835044758394361 ], [ 3428214.708623676560819, 8328106.713292906992137 ], [ 3428200.738027581945062, 8328102.744517764076591 ], [ 3428186.233097930904478, 8328102.149201674386859 ], [ 3428171.973071160726249, 8328104.927343829534948 ], [ 3428158.770579552277923, 8328110.968704178929329 ], [ 3428147.326935898978263, 8328119.942558782175183 ], [ 3428138.29892519582063, 8328131.297697542235255 ], [ 3428132.165221252478659, 8328144.482909695245326 ], [ 3428129.270914492662996, 8328158.704444158822298 ], [ 3428129.771852200850844, 8328173.212642402388155 ], [ 3428133.634638531133533, 8328187.213742190040648 ], [ 3428140.670030349865556, 8328199.936024369671941 ], [ 3428150.46614553919062, 8328210.651863100007176 ], [ 3428162.49978249380365, 8328218.810022346675396 ], [ 3428176.091892320197076, 8328223.925413278862834 ], [ 3428190.507766377646476, 8328225.711391120217741 ], [ 3428204.945904333144426, 8328224.123855241574347 ], [ 3428218.604805854149163, 8328219.184856906533241 ], [ 3428230.749762299004942, 8328211.203089793212712 ], [ 3428240.690592827275395, 8328200.619544485583901 ], [ 3428247.892963881138712, 8328188.007506122812629 ], [ 3428252.813285374548286, 8328163.84184240642935 ] ] ] } },
{ "type": "Feature", "properties": { "id": "28024271", "name": "Холм (ru)" }, "geometry": { "type": "Polygon", "coordinates": [ [ [ 3380291.255955056287348, 8410449.134484518319368 ], [ 3380311.70534551423043, 8410453.950488977134228 ], [ 3380329.32722090696916, 8410455.243675896897912 ], [ 3380347.53908960102126, 8410453.950488977134228 ], [ 3380363.969846441876143, 8410449.580410724505782 ], [ 3380379.187220833264291, 8410443.805668439716101 ], [ 3380397.254374189302325, 8410433.148047858849168 ], [ 3380413.228721118532121, 8410417.763643683865666 ], [ 3380418.460737185087055, 8410407.774946304038167 ], [ 3380422.178808177821338, 8410394.241174830123782 ], [ 3380422.935780715197325, 8410381.643864596262574 ], [ 3380422.178808177821338, 8410368.556062458083034 ], [ 3380419.496008449234068, 8410360.752443637698889 ], [ 3380415.622090170159936, 8410354.62103465385735 ], [ 3380410.846484014764428, 8410350.295607388019562 ], [ 3380405.614467948209494, 8410348.066006697714329 ], [ 3380399.64774324093014, 8410348.066006697714329 ], [ 3380393.22460862249136, 8410348.957846892997622 ], [ 3380264.383429978042841, 8410403.583264838904142 ], [ 3380260.576303392648697, 8410408.555312801152468 ], [ 3380258.271989933215082, 8410414.285435024648905 ], [ 3380258.717267896980047, 8410421.353335116058588 ], [ 3380261.25535228708759, 8410427.841539597138762 ], [ 3380266.331521066837013, 8410434.820267638191581 ], [ 3380275.738018039613962, 8410442.713150139898062 ], [ 3380291.255955056287348, 8410449.134484518319368 ] ] ] } },
{ "type": "Feature", "properties": { "id": "23596877", "name": "Tryphon Hill" }, "geometry": { "type": "Polygon", "coordinates": [ [ [ 3384242.85297533730045, 8335643.955354852601886 ], [ 3384359.304294656030834, 8335702.775505331344903 ], [ 3384371.248876017984003, 8335718.004813875071704 ], [ 3384391.252988513559103, 8335732.042291298508644 ], [ 3384416.032707164529711, 8335736.213810958899558 ], [ 3384437.829063461627811, 8335733.234153818339109 ], [ 3384465.002151164691895, 8335736.213810958899558 ], [ 3384540.844120241701603, 8335752.32605186663568 ], [ 3384553.979820155538619, 8335752.944056328386068 ], [ 3384556.072626582812518, 8335747.249588612467051 ], [ 3384546.810844948515296, 8335739.502470973879099 ], [ 3384455.450938854366541, 8335698.581933129578829 ], [ 3384447.98140102205798, 8335681.277955123223364 ], [ 3384426.786169975064695, 8335667.54957283847034 ], [ 3384397.230845169629902, 8335661.855170951224864 ], [ 3384372.439994569867849, 8335665.452796439640224 ], [ 3384246.43746294034645, 8335634.994427454657853 ], [ 3384238.377931807655841, 8335638.283042404800653 ], [ 3384242.85297533730045, 8335643.955354852601886 ] ] ] } },
{ "type": "Feature", "properties": { "id": "42555831", "name": "Холм (ru)" }, "geometry": { "type": "Polygon", "coordinates": [ [ [ 3355528.201832244638354, 8406053.636991983279586 ], [ 3355560.150526102632284, 8405998.397638300433755 ], [ 3355444.890325335320085, 8405994.966082600876689 ], [ 3355419.810044059529901, 8405995.411739096045494 ], [ 3355394.729762784205377, 8406000.492225032299757 ], [ 3355358.595456072129309, 8406013.750527203083038 ], [ 3355311.72995044849813, 8406044.077590512111783 ], [ 3355310.238269272260368, 8406059.608838826417923 ], [ 3355341.585837879218161, 8406055.731594430282712 ], [ 3355348.153687835671008, 8406048.266790561378002 ], [ 3355386.369669025298208, 8406048.868431190028787 ], [ 3355429.071825693361461, 8406050.651070376858115 ], [ 3355457.736594572663307, 8406051.542390132322907 ], [ 3355501.329307167325169, 8406053.347312970086932 ], [ 3355528.201832244638354, 8406053.636991983279586 ] ] ] } },
{ "type": "Feature", "properties": { "id": "30694895", "name": "Неровности на земле (ru)" }, "geometry": { "type": "Polygon", "coordinates": [ [ [ 3351883.713023164309561, 8304976.554590784013271 ], [ 3351927.305735758971423, 8304897.141705284826458 ], [ 3352027.626860861200839, 8304940.134016835130751 ], [ 3351963.729473146144301, 8305040.450382212176919 ], [ 3351883.713023164309561, 8304976.554590784013271 ] ] ] } },
{ "type": "Feature", "properties": { "id": "15788184", "name": "Гора Малый Парнас (ru)" }, "geometry": { "type": "Polygon", "coordinates": [ [ [ 3372713.05916786333546, 8416778.231984689831734 ], [ 3372712.613889900501817, 8416771.046400217339396 ], [ 3372711.311451858840883, 8416763.994715448468924 ], [ 3372709.151853736955673, 8416757.121560843661427 ], [ 3372706.168491384014487, 8416750.583143753930926 ], [ 3372702.41702454444021, 8416744.468724835664034 ], [ 3372697.94198101432994, 8416738.845249151811004 ], [ 3372692.810152488294989, 8416733.80197699368 ], [ 3372687.11059455992654, 8416729.428168538957834 ], [ 3372680.921230871696025, 8416725.790768589824438 ], [ 3372674.331117016728967, 8416722.912091376259923 ], [ 3372667.440440536476672, 8416720.88139727525413 ], [ 3372660.349388973321766, 8416719.698685586452484 ], [ 3372653.169281817041337, 8416719.386271208524704 ], [ 3372646.01143855927512, 8416719.944154035300016 ], [ 3372638.964914791751653, 8416721.372334262356162 ], [ 3372632.152161954902112, 8416723.648497069254518 ], [ 3372625.662235641852021, 8416726.750327913090587 ], [ 3372619.60645534330979, 8416730.610881794244051 ], [ 3372614.06274470128119, 8416735.185529191046953 ], [ 3372609.109027361031622, 8416740.385009925812483 ], [ 3372604.834358914289623, 8416746.164694542065263 ], [ 3372601.294399107806385, 8416752.413007339462638 ], [ 3372598.544807684607804, 8416759.063003214076161 ], [ 3372596.630112443119287, 8416765.980790540575981 ], [ 3372595.561445331666619, 8416773.099423635751009 ], [ 3372595.383334146812558, 8416780.285010110586882 ], [ 3372596.062383040320128, 8416787.425972564145923 ], [ 3372597.620855911169201, 8416794.455364247784019 ], [ 3372600.025356912054121, 8416801.216975916177034 ], [ 3372603.231358247343451, 8416807.643860092386603 ], [ 3372607.194332119543105, 8416813.646753508597612 ], [ 3372611.858618784230202, 8416819.114077050238848 ], [ 3372617.157426545396447, 8416823.956567009910941 ], [ 3372623.012831761036068, 8416828.12959086149931 ], [ 3372629.32464688969776, 8416831.566200520843267 ], [ 3372636.014948286116123, 8416834.19944796897471 ], [ 3372642.972416460048407, 8416836.007016679272056 ], [ 3372650.096863871440291, 8416836.944274703040719 ], [ 3372657.27697102772072, 8416837.011221706867218 ], [ 3372664.423682336695492, 8416836.18554200604558 ], [ 3372671.403414408676326, 8416834.5118672195822 ], [ 3372678.138243602123111, 8416831.990197928622365 ], [ 3372684.516850424930453, 8416828.665166288614273 ], [ 3372690.439047334715724, 8416824.603720283135772 ], [ 3372695.815778739750385, 8416819.850492365658283 ], [ 3372700.580252945888788, 8416814.450115080922842 ], [ 3372704.654546309262514, 8416808.536483339965343 ], [ 3372707.971867134328932, 8416802.154229508712888 ], [ 3372710.487687625922263, 8416795.43724806420505 ], [ 3372712.168611937668175, 8416788.452486485242844 ], [ 3372713.05916786333546, 8416778.231984689831734 ] ] ] } },
{ "type": "Feature", "properties": { "id": "13846353", "name": "Останцы (Шведская горка) (ru)" }, "geometry": { "type": "Polygon", "coordinates": [ [ [ 3427095.368879851419479, 8327404.581946678459644 ], [ 3427098.953367455396801, 8327466.092388836666942 ], [ 3427112.690192619338632, 8327526.98602625541389 ], [ 3427153.288410911336541, 8327608.207719781436026 ], [ 3427214.202436273917556, 8327675.099437460303307 ], [ 3427257.19402361754328, 8327694.192570142447948 ], [ 3427313.332442824728787, 8327704.951770569197834 ], [ 3427358.717399220913649, 8327699.572168397717178 ], [ 3427415.445811729412526, 8327684.050715230405331 ], [ 3427438.14385590236634, 8327654.198466562665999 ], [ 3427475.168718539644033, 8327624.32429117988795 ], [ 3427496.664512212388217, 8327572.380994101054966 ], [ 3427487.703293203376234, 8327506.085474303923547 ], [ 3427482.326561798341572, 8327455.928800178691745 ], [ 3427467.398618082981557, 8327368.75620826240629 ], [ 3427438.733849203679711, 8327329.932327234186232 ], [ 3427393.348892806563526, 8327325.148251521401107 ], [ 3427343.789455505553633, 8327341.286252029240131 ], [ 3427261.379636471159756, 8327353.808659221045673 ], [ 3427203.448973462451249, 8327332.908597094006836 ], [ 3427149.70392330782488, 8327304.248270460404456 ], [ 3427123.43252348061651, 8327324.552998080849648 ], [ 3427111.48794211819768, 8327354.425961528904736 ], [ 3427095.368879851419479, 8327404.581946678459644 ] ] ] } },
{ "type": "Feature", "properties": { "id": "37172244", "name": "Высота 128,1 (ru)" }, "geometry": { "type": "Polygon", "coordinates": [ [ [ 3313891.450614480301738, 8338486.398063035681844 ], [ 3313891.016468466259539, 8338479.332543614320457 ], [ 3313889.725162373390049, 8338472.399509245529771 ], [ 3313887.598960098810494, 8338465.643118964508176 ], [ 3313884.671257491223514, 8338459.217930015176535 ], [ 3313880.975450396537781, 8338453.190180515870452 ], [ 3313876.578330510295928, 8338447.6702677058056 ], [ 3313871.535557577386498, 8338442.7023497056216 ], [ 3313865.92505524167791, 8338438.396823475137353 ], [ 3313859.835879094433039, 8338434.819926671683788 ], [ 3313853.357084730640054, 8338431.993737827986479 ], [ 3313846.57772774156183, 8338429.984494854696095 ], [ 3313839.609127617906779, 8338428.814276671037078 ], [ 3313832.551471902057528, 8338428.527242051437497 ], [ 3313825.504948134534061, 8338429.079231714829803 ], [ 3313818.580875807441771, 8338430.470245853997767 ], [ 3313811.868310512509197, 8338432.722364535555243 ], [ 3313805.489703689701855, 8338435.769349727779627 ], [ 3313799.534110931679606, 8338439.567043176852167 ], [ 3313794.07945588324219, 8338444.049207146279514 ], [ 3313789.214794135652483, 8338449.193763229995966 ], [ 3313785.006917383987457, 8338454.868234825320542 ], [ 3313781.533749270718545, 8338461.0284637901932 ], [ 3313778.828685644548386, 8338467.541973123326898 ], [ 3313776.936254301574081, 8338474.364604315720499 ], [ 3313775.889851087704301, 8338481.341800011694431 ], [ 3313775.711739901918918, 8338488.40732135809958 ], [ 3313776.379656847566366, 8338495.450769677758217 ], [ 3313777.915865819901228, 8338502.361745872534811 ], [ 3313780.27583902515471, 8338509.007770619355142 ], [ 3313783.426180614624172, 8338515.344683500938118 ], [ 3313787.322362792212516, 8338521.240004550665617 ], [ 3313791.919857761822641, 8338526.605413190089166 ], [ 3313797.129609930794686, 8338531.374668585136533 ], [ 3313802.884827604983002, 8338535.481529868207872 ], [ 3313809.096455191727728, 8338538.859756183810532 ], [ 3313815.675437096972018, 8338541.443106760270894 ], [ 3313822.51045383233577, 8338543.209500838071108 ], [ 3313829.523581752087921, 8338544.136857896111906 ], [ 3313836.592369417194277, 8338544.20309769269079 ], [ 3313843.605497337412089, 8338543.40822019893676 ], [ 3313850.485041868407279, 8338541.752225693315268 ], [ 3313857.108551570679992, 8338539.279274590313435 ], [ 3313863.375838902313262, 8338536.011447618715465 ], [ 3313869.197848271112889, 8338532.014985516667366 ], [ 3313874.496656032279134, 8338527.334049232304096 ], [ 3313879.172074645292014, 8338522.034879657439888 ], [ 3313883.179576314520091, 8338516.205797514878213 ], [ 3313886.441237394697964, 8338509.935123383067548 ], [ 3313888.912530090194196, 8338503.311177616007626 ], [ 3313890.571190502960235, 8338496.444360105320811 ], [ 3313891.450614480301738, 8338486.398063035681844 ] ] ] } },
{ "type": "Feature", "properties": { "id": "23655278", "name": "Sugar Knoll" }, "geometry": { "type": "Polygon", "coordinates": [ [ [ 3383017.247645601630211, 8335178.531221196055412 ], [ 3382991.276808399241418, 8335172.859266147017479 ], [ 3382953.060827210079879, 8335182.702428272925317 ], [ 3382922.303251903969795, 8335197.025797487236559 ], [ 3382913.342032895423472, 8335221.52345790155232 ], [ 3382918.718764300458133, 8335246.308110532350838 ], [ 3382940.214557972270995, 8335265.707731921225786 ], [ 3382971.272695904131979, 8335278.83947269897908 ], [ 3383000.828020709566772, 8335280.031262092292309 ], [ 3383019.941577279008925, 8335268.996182460337877 ], [ 3383036.661764796357602, 8335251.384229520335793 ], [ 3383041.737933576572686, 8335234.368209612555802 ], [ 3383039.044001899193972, 8335214.063801351934671 ], [ 3383030.683908140286803, 8335193.45047005917877 ], [ 3383017.247645601630211, 8335178.531221196055412 ] ] ] } },
{ "type": "Feature", "properties": { "id": "38401712", "name": "Гряда (ru)" }, "geometry": { "type": "Polygon", "coordinates": [ [ [ 3409960.327016362920403, 8398547.112438105046749 ], [ 3410006.31309800921008, 8398575.783758800476789 ], [ 3410046.321322999894619, 8398596.085258338600397 ], [ 3410077.368328982032835, 8398611.022033317014575 ], [ 3410122.163292077835649, 8398624.155735300853848 ], [ 3410155.002541861496866, 8398631.32362999022007 ], [ 3410196.803010654635727, 8398656.389055706560612 ], [ 3410211.140961069148034, 8398668.944061223417521 ], [ 3410242.789092301391065, 8398709.547629842534661 ], [ 3410252.941429861821234, 8398729.248455137014389 ], [ 3410269.060492128599435, 8398721.479422824457288 ], [ 3410256.514785516541451, 8398683.858723247423768 ], [ 3410242.18796705128625, 8398658.793204041197896 ], [ 3410177.099460783880204, 8398622.352632453665137 ], [ 3410092.897397948428988, 8398591.299263827502728 ], [ 3410045.119072499684989, 8398560.847055288031697 ], [ 3409983.013928586151451, 8398520.244306426495314 ], [ 3409956.742528759408742, 8398499.341991737484932 ], [ 3409942.415710294153541, 8398497.561179598793387 ], [ 3409937.640104138758034, 8398511.874469358474016 ], [ 3409940.623466492630541, 8398526.811073552817106 ], [ 3409960.327016362920403, 8398547.112438105046749 ] ] ] } },
{ "type": "Feature", "properties": { "id": "17769647", "name": "Гора (ru)" }, "geometry": { "type": "Polygon", "coordinates": [ [ [ 3353374.837602339684963, 8435979.794524937868118 ], [ 3353485.31106500281021, 8436040.114584099501371 ], [ 3353644.163978364784271, 8436035.326549453660846 ], [ 3353731.349403554107994, 8435958.897409172728658 ], [ 3353730.147153053432703, 8435813.178594451397657 ], [ 3353629.826027950737625, 8435720.016720023006201 ], [ 3353481.136584097985178, 8435629.249909887090325 ], [ 3353410.671346426010132, 8435671.646394841372967 ], [ 3353362.303027676418424, 8435791.677874568849802 ], [ 3353340.206108754500747, 8435913.501202799379826 ], [ 3353374.837602339684963, 8435979.794524937868118 ] ] ] } },
{ "type": "Feature", "properties": { "id": "35686257", "name": "Песчаный холм (ru)" }, "geometry": { "type": "Polygon", "coordinates": [ [ [ 3316861.821983164176345, 8441554.016820622608066 ], [ 3316851.068520354107022, 8441622.68968715146184 ], [ 3316840.326189492363483, 8441648.349814314395189 ], [ 3316823.004876724909991, 8441663.284676507115364 ], [ 3316807.475807759445161, 8441669.263108108192682 ], [ 3316790.154494991526008, 8441669.263108108192682 ], [ 3316769.860951819922775, 8441668.053986717015505 ], [ 3316752.539639052934945, 8441660.888827005401254 ], [ 3316738.802813888993114, 8441647.1630874350667 ], [ 3316728.650476328562945, 8441631.646091343834996 ], [ 3316726.268239225260913, 8441607.150351770222187 ], [ 3316861.821983164176345, 8441554.016820622608066 ] ] ] } },
{ "type": "Feature", "properties": { "id": "32771928", "name": "Холм (ru)" }, "geometry": { "type": "Polygon", "coordinates": [ [ [ 3374476.226318640634418, 8417504.70400726608932 ], [ 3374495.92986851092428, 8417523.205398572608829 ], [ 3374506.683331321459264, 8417533.962561829015613 ], [ 3374522.802393588237464, 8417533.35998172685504 ], [ 3374538.331462553702295, 8417533.35998172685504 ], [ 3374546.691556312143803, 8417525.593398185446858 ], [ 3374544.298187260981649, 8417502.896274300292134 ], [ 3374537.73033730359748, 8417477.811235539615154 ], [ 3374526.98800644185394, 8417447.370075581595302 ], [ 3374516.234543631784618, 8417426.458589253947139 ], [ 3374496.530993761029094, 8417400.793559182435274 ], [ 3374468.467350131832063, 8417384.077861642464995 ], [ 3374447.561549761332572, 8417390.036590589210391 ], [ 3374435.026975098066032, 8417405.569479739293456 ], [ 3374445.168180708773434, 8417440.786410193890333 ], [ 3374453.528274467680603, 8417461.095363054424524 ], [ 3374464.281737278215587, 8417475.423251431435347 ], [ 3374468.467350131832063, 8417490.956320809200406 ], [ 3374476.226318640634418, 8417504.70400726608932 ] ] ] } },
{ "type": "Feature", "properties": { "id": "42555829", "name": "Холм (ru)" }, "geometry": { "type": "Polygon", "coordinates": [ [ [ 3355647.035388666670769, 8406010.497227318584919 ], [ 3355721.085113942157477, 8406012.881494903936982 ], [ 3355793.943720666226, 8406026.006121877580881 ], [ 3355845.89652701979503, 8406039.75469508767128 ], [ 3355852.464376977179199, 8406057.670216372236609 ], [ 3355835.744189459364861, 8406066.627993360161781 ], [ 3355800.511570623610169, 8406069.613921446725726 ], [ 3355648.827632468193769, 8406063.642066489905119 ], [ 3355636.293057805392891, 8406057.670216372236609 ], [ 3355647.035388666670769, 8406010.497227318584919 ] ] ] } },
{ "type": "Feature", "properties": { "id": "34464620", "name": "Холм (ru)" }, "geometry": { "type": "Polygon", "coordinates": [ [ [ 3427433.57975677959621, 8327597.580943643115461 ], [ 3427431.820908825378865, 8327583.801433027721941 ], [ 3427426.711344197858125, 8327570.903834371827543 ], [ 3427418.540493573527783, 8327559.659792374819517 ], [ 3427407.831558559089899, 8327550.818900777958333 ], [ 3427395.252456099260598, 8327544.910280873067677 ], [ 3427381.593554578721523, 8327542.352819988504052 ], [ 3427367.745409925002605, 8327543.234702953137457 ], [ 3427354.531786367297173, 8327547.577978081069887 ], [ 3427342.809843986295164, 8327555.029897703789175 ], [ 3427333.325423371512443, 8327565.193622670136392 ], [ 3427326.690781720448285, 8327577.385701652616262 ], [ 3427323.295537250582129, 8327590.856539252214134 ], [ 3427323.328933097887784, 8327604.746299318037927 ], [ 3427326.868892904836684, 8327618.173092202283442 ], [ 3427333.592590149492025, 8327630.32116392813623 ], [ 3427343.188330255448818, 8327640.396803000941873 ], [ 3427354.943668483290821, 8327647.782674063928425 ], [ 3427368.190687887836248, 8327651.993726243264973 ], [ 3427382.038832542486489, 8327652.7874326845631 ], [ 3427395.664338215719908, 8327650.09765009675175 ], [ 3427408.198912878986448, 8327644.122808672487736 ], [ 3427418.841056198813021, 8327635.193626622669399 ], [ 3427426.933983179740608, 8327623.883344845846295 ], [ 3427433.57975677959621, 8327597.580943643115461 ] ] ] } },
{ "type": "Feature", "properties": { "id": "589285", "name": "Чёртова Горка (ru)" }, "geometry": { "type": "Polygon", "coordinates": [ [ [ 3329444.375347018707544, 8372176.08256131503731 ], [ 3329457.210484307724983, 8372147.402860196307302 ], [ 3329463.188340962864459, 8372124.712038810364902 ], [ 3329466.171703316271305, 8372105.902886912226677 ], [ 3329467.073391191661358, 8372085.896035074256361 ], [ 3329465.57057806616649, 8372062.318185127340257 ], [ 3329490.361428665928543, 8372069.171945591457188 ], [ 3329543.204790945630521, 8372098.139689619652927 ], [ 3329552.756003255024552, 8372101.732939925044775 ], [ 3329564.110591316130012, 8372100.823536904528737 ], [ 3329586.797503540292382, 8372093.969747023656964 ], [ 3329545.297597371973097, 8372151.595013725571334 ], [ 3329529.178535105194896, 8372167.720409560017288 ], [ 3329507.081616182811558, 8372178.766436964273453 ], [ 3329489.45974079053849, 8372184.13419119361788 ], [ 3329467.073391191661358, 8372182.337545750662684 ], [ 3329444.375347018707544, 8372176.08256131503731 ] ] ] } },
{ "type": "Feature", "properties": { "id": "34840194", "name": "Понтусова гора (ru)" }, "geometry": { "type": "Polygon", "coordinates": [ [ [ 3398971.902156514581293, 8438552.360950229689479 ], [ 3398919.960482110735029, 8438543.117335727438331 ], [ 3398878.750006618909538, 8438521.608631225302815 ], [ 3398851.510127222165465, 8438495.04177506826818 ], [ 3398828.578312118072063, 8438466.348782988265157 ], [ 3398808.284768947400153, 8438426.666693756356835 ], [ 3398796.941312834620476, 8438382.463829047977924 ], [ 3398794.191721412353218, 8438326.869312228634953 ], [ 3398799.924675188492984, 8438285.733221361413598 ], [ 3398817.112404567189515, 8438246.611624861136079 ], [ 3398839.932900179177523, 8438224.812839323654771 ], [ 3398870.623683791607618, 8438206.483109723776579 ], [ 3398898.4535564891994, 8438197.351832907646894 ], [ 3398929.856784842908382, 8438193.121907049790025 ], [ 3399010.118137704208493, 8438210.310192348435521 ], [ 3399059.688706954009831, 8438224.812839323654771 ], [ 3399129.563951325137168, 8438261.852908585220575 ], [ 3399161.078499168623239, 8438286.717978190630674 ], [ 3399182.707876230124384, 8438316.775505835190415 ], [ 3399194.652457592077553, 8438352.025555204600096 ], [ 3399199.4280637470074, 8438389.648175301030278 ], [ 3399194.652457592077553, 8438417.714193366467953 ], [ 3399180.325639127288014, 8438445.176022881641984 ], [ 3399163.594319661147892, 8438465.475909007713199 ], [ 3399137.322919833473861, 8438491.147399839013815 ], [ 3399099.93070287629962, 8438514.155577644705772 ], [ 3399038.192913282196969, 8438540.722502872347832 ], [ 3398971.902156514581293, 8438552.360950229689479 ] ] ] } },
{ "type": "Feature", "properties": { "id": "36245243", "name": "Засыпанный фундамент паркинга (ru)" }, "geometry": { "type": "Polygon", "coordinates": [ [ [ 3390098.046684031374753, 8406485.828492134809494 ], [ 3390160.752953195013106, 8406409.08172975294292 ], [ 3390087.293221220839769, 8406351.76730590313673 ], [ 3390029.974815411027521, 8406427.59982131794095 ], [ 3390098.046684031374753, 8406485.828492134809494 ] ] ] } },
{ "type": "Feature", "properties": { "id": "18653013", "name": "Холм (ru)" }, "geometry": { "type": "Polygon", "coordinates": [ [ [ 3381199.400360947474837, 8410382.602597182616591 ], [ 3381199.322437304072082, 8410389.469801692292094 ], [ 3381198.231506293639541, 8410396.24782800860703 ], [ 3381196.138699867296964, 8410402.802898867055774 ], [ 3381193.088545819278806, 8410408.934347985312343 ], [ 3381189.147835845127702, 8410414.597581887617707 ], [ 3381184.427889436017722, 8410419.591933511197567 ], [ 3381179.006630233954638, 8410423.828216562047601 ], [ 3381173.006509680300951, 8410427.194948516786098 ], [ 3381166.583375061862171, 8410429.625239426270127 ], [ 3381159.870809766463935, 8410431.074495855718851 ], [ 3381153.00239718426019, 8410431.520420966669917 ], [ 3381146.156248501036316, 8410430.918422071263194 ], [ 3381139.465947104617953, 8410429.313091922551394 ], [ 3381133.087340281810611, 8410426.749023666605353 ], [ 3381127.176275320816785, 8410423.248514529317617 ], [ 3381121.844071711879224, 8410418.90075071901083 ], [ 3381117.213180894963443, 8410413.794918550178409 ], [ 3381113.406054309569299, 8410408.087092895060778 ], [ 3381110.489483650308102, 8410401.866459814831614 ], [ 3381092.466858090832829, 8410341.154248846694827 ], [ 3381180.420387767255306, 8410315.067995430901647 ], [ 3381198.443013326730579, 8410375.779991254210472 ], [ 3381199.400360947474837, 8410382.602597182616591 ] ] ] } },
{ "type": "Feature", "properties": { "id": "39053570", "name": "Подземное сооружение (ru)" }, "geometry": { "type": "Polygon", "coordinates": [ [ [ 3335901.807500903960317, 8422906.653220161795616 ], [ 3335828.358900879509747, 8422890.974709654226899 ], [ 3335851.646938352845609, 8422800.522416833788157 ], [ 3335941.214600645005703, 8422824.106907490640879 ], [ 3335931.362825709395111, 8422896.960233941674232 ], [ 3335914.041512942872941, 8422908.305942587554455 ], [ 3335901.807500903960317, 8422906.653220161795616 ] ] ] } },
{ "type": "Feature", "properties": { "id": "43482698", "name": "Холм (ru)" }, "geometry": { "type": "Polygon", "coordinates": [ [ [ 3355162.149950669147074, 8405893.891886658966541 ], [ 3355180.662381988484412, 8405894.471232149749994 ], [ 3355198.273125431500375, 8405896.276116481050849 ], [ 3355219.76891910424456, 8405895.072860212996602 ], [ 3355232.014063091017306, 8405898.950020007789135 ], [ 3355240.975282099563628, 8405916.575525045394897 ], [ 3355243.056956578046083, 8405930.011937126517296 ], [ 3355240.975282099563628, 8405947.035884164273739 ], [ 3355229.030700738076121, 8405954.790260523557663 ], [ 3355200.365931858774275, 8405955.681568674743176 ], [ 3355171.100037729367614, 8405960.472351832315326 ], [ 3355143.637519350741059, 8405961.965294202789664 ], [ 3355124.824525407049805, 8405964.349546069279313 ], [ 3355114.071062595583498, 8405964.951179839670658 ], [ 3355101.837050557602197, 8405949.420131200924516 ], [ 3355098.553125578910112, 8405935.382052294909954 ], [ 3355102.126481233164668, 8405921.945630414411426 ], [ 3355109.596019066404551, 8405915.973895227536559 ], [ 3355111.978256168309599, 8405905.523370303213596 ], [ 3355111.978256168309599, 8405895.072860212996602 ], [ 3355120.939475177321583, 8405890.014729524031281 ], [ 3355137.069669393822551, 8405892.398958094418049 ], [ 3355150.505931932479143, 8405893.290258692577481 ], [ 3355162.149950669147074, 8405893.891886658966541 ] ] ] } },
{ "type": "Feature", "properties": { "id": "36245254", "name": "Засыпанный фундамент паркинга (ru)" }, "geometry": { "type": "Polygon", "coordinates": [ [ [ 3389825.736945651937276, 8406732.163371689617634 ], [ 3389897.393301875796169, 8406782.327201908454299 ], [ 3389952.329470583237708, 8406705.88933845423162 ], [ 3389874.695257703308016, 8406656.327719302847981 ], [ 3389825.736945651937276, 8406732.163371689617634 ] ] ] } },
{ "type": "Feature", "properties": { "id": "35104446", "name": "Горнолыжный склон «Полигон» (ru)" }, "geometry": { "type": "Polygon", "coordinates": [ [ [ 3400589.029267319478095, 8432456.494027264416218 ], [ 3400538.868704768363386, 8432506.654631262645125 ], [ 3400498.25935452664271, 8432534.116756450384855 ], [ 3400451.683279579039663, 8432553.237433489412069 ], [ 3400411.073929338250309, 8432548.451668720692396 ], [ 3400377.633554303552955, 8432538.902511885389686 ], [ 3400338.226454562041909, 8432509.047499656677246 ], [ 3400314.337291838601232, 8432477.984997607767582 ], [ 3400286.863641510717571, 8432442.159294240176678 ], [ 3400270.143453992903233, 8432401.548096233978868 ], [ 3400262.974478786345571, 8432354.966254850849509 ], [ 3400259.401123131625354, 8432313.170317061245441 ], [ 3400276.121310648974031, 8432273.767408650368452 ], [ 3400297.617104321252555, 8432241.520690638571978 ], [ 3400327.472991751506925, 8432204.488573091104627 ], [ 3400366.88009149255231, 8432165.086246993392706 ], [ 3400406.298323182854801, 8432145.96657912991941 ], [ 3400449.289910526946187, 8432132.840005526319146 ], [ 3400493.483748372178525, 8432143.573828872293234 ], [ 3400530.508611009456217, 8432174.634918441995978 ], [ 3400563.948986044153571, 8432224.793599957600236 ], [ 3400581.860292112920433, 8432260.618244424462318 ], [ 3400598.580479629803449, 8432302.413883540779352 ], [ 3400614.109548595268279, 8432346.602575736120343 ], [ 3400622.469642354175448, 8432400.362860895693302 ], [ 3400610.525060991756618, 8432430.217431902885437 ], [ 3400589.029267319478095, 8432456.494027264416218 ] ] ] } },
{ "type": "Feature", "properties": { "id": "41712144", "name": "Вал (ru)" }, "geometry": { "type": "Polygon", "coordinates": [ [ [ 3335695.710595649667084, 8402794.733973579481244 ], [ 3335707.966871586162597, 8402795.335348427295685 ], [ 3335715.725840094033629, 8402792.640298573300242 ], [ 3335844.121740775182843, 8402739.184968063607812 ], [ 3335853.973515710793436, 8402732.926265163347125 ], [ 3335857.54687136458233, 8402725.754377271980047 ], [ 3335857.847433989867568, 8402718.89431712962687 ], [ 3335856.055190188344568, 8402709.940611882135272 ], [ 3335837.542758869472891, 8402662.766792381182313 ], [ 3335835.160521766636521, 8402659.180881723761559 ], [ 3335833.067715339362621, 8402655.283154737204313 ], [ 3335829.483227735385299, 8402654.993609383702278 ], [ 3335825.008184206206352, 8402654.704064043238759 ], [ 3335822.314252528827637, 8402657.376790693029761 ], [ 3335819.63145280117169, 8402660.361336590722203 ], [ 3335819.932015425991267, 8402663.947247823700309 ], [ 3335820.522008726838976, 8402667.533160796388984 ], [ 3335839.335002670995891, 8402715.909747505560517 ], [ 3335839.335002670995891, 8402723.05935288220644 ], [ 3335833.067715339362621, 8402727.84803326241672 ], [ 3335710.950233939103782, 8402777.717313094064593 ], [ 3335702.879570856690407, 8402778.89778696373105 ], [ 3335696.912846149876714, 8402774.420896500349045 ], [ 3335664.964152292814106, 8402706.354678256437182 ], [ 3335664.674721616785973, 8402697.400988256558776 ], [ 3335668.849202520679682, 8402692.010961221531034 ], [ 3335785.289389890618622, 8402644.235894018784165 ], [ 3335790.966683921869844, 8402641.251354653388262 ], [ 3335792.758927723392844, 8402637.086365172639489 ], [ 3335790.966683921869844, 8402631.406837856397033 ], [ 3335787.081633692141622, 8402626.930037058889866 ], [ 3335783.20771541306749, 8402626.618220191448927 ], [ 3335777.830984008032829, 8402628.422303687781096 ], [ 3335658.997427585534751, 8402677.377725889906287 ], [ 3335653.03070287918672, 8402683.658654388040304 ], [ 3335648.845090025570244, 8402689.026402490213513 ], [ 3335645.861727672629058, 8402697.111441250890493 ], [ 3335646.162290297448635, 8402705.46376334130764 ], [ 3335649.14565265038982, 8402714.105642570182681 ], [ 3335680.493221258278936, 8402782.194205563515425 ], [ 3335687.061071214731783, 8402790.546624159440398 ], [ 3335695.710595649667084, 8402794.733973579481244 ] ] ] } },
{ "type": "Feature", "properties": { "id": "34464683", "name": "Холм (ru)" }, "geometry": { "type": "Polygon", "coordinates": [ [ [ 3430764.926838258747011, 8322817.213927397504449 ], [ 3430756.700327889528126, 8322788.98973326291889 ], [ 3430734.603408966679126, 8322769.622842732816935 ], [ 3430705.549021870363504, 8322765.194243496283889 ], [ 3430678.665364842861891, 8322777.047913082875311 ], [ 3430662.379323340952396, 8322801.504428993910551 ], [ 3430661.80046198843047, 8322830.896420956589282 ], [ 3430677.095760023221374, 8322855.970041722990572 ], [ 3430703.478479341603816, 8322868.90348041523248 ], [ 3430732.68871372519061, 8322865.620544090867043 ], [ 3430755.542605185415596, 8322847.156808559782803 ], [ 3430764.926838258747011, 8322817.213927397504449 ] ] ] } },
{ "type": "Feature", "properties": { "id": "34464612", "name": "Холм (ru)" }, "geometry": { "type": "Polygon", "coordinates": [ [ [ 3427428.88207426853478, 8327449.535226623527706 ], [ 3427426.978510975837708, 8327435.822132345288992 ], [ 3427421.490460079163313, 8327423.167305863462389 ], [ 3427412.751880052033812, 8327412.496702467091382 ], [ 3427401.441819787491113, 8327404.55990001372993 ], [ 3427388.417439365293831, 8327399.952149171382189 ], [ 3427374.647218354046345, 8327399.114376600831747 ], [ 3427361.133032171521336, 8327401.980441056191921 ], [ 3427348.899020133074373, 8327408.396020137704909 ], [ 3427338.858002063352615, 8327417.876095643267035 ], [ 3427331.76695050066337, 8327429.715183761902153 ], [ 3427328.149067049846053, 8327443.031424717977643 ], [ 3427328.260386540088803, 8327456.83271964546293 ], [ 3427332.100908972788602, 8327470.126962615177035 ], [ 3427339.414599517825991, 8327481.855899987742305 ], [ 3427349.600332925561816, 8327491.181741297245026 ], [ 3427361.923400556202978, 8327497.376928437501192 ], [ 3427375.504378432873636, 8327500.022561538033187 ], [ 3427389.241203596349806, 8327498.898167356848717 ], [ 3427402.187660376075655, 8327494.091935320757329 ], [ 3427413.353005302138627, 8327486.000716894865036 ], [ 3427421.935738042928278, 8327475.131600907072425 ], [ 3427428.88207426853478, 8327449.535226623527706 ] ] ] } },
{ "type": "Feature", "properties": { "id": "41106427", "name": "Гора Хийсмяки (ru)" }, "geometry": { "type": "Polygon", "coordinates": [ [ [ 3411380.975225917529315, 8392398.713442111387849 ], [ 3411444.282620331738144, 8392362.882107740268111 ], [ 3411560.132814400363714, 8392358.122402941808105 ], [ 3411650.891595243476331, 8392359.301208049058914 ], [ 3411730.919177175033838, 8392385.590835120528936 ], [ 3411754.808339899405837, 8392419.020166456699371 ], [ 3411757.190577002242208, 8392456.052836345508695 ], [ 3411757.190577002242208, 8392510.990533387288451 ], [ 3411757.190577002242208, 8392613.705108059570193 ], [ 3411601.933283193502575, 8392661.459643330425024 ], [ 3411526.681307416409254, 8392665.06293242238462 ], [ 3411466.969532555434853, 8392669.822835527360439 ], [ 3411415.617851452436298, 8392633.990182569250464 ], [ 3411391.728688728064299, 8392556.364486806094646 ], [ 3411365.457288900390267, 8392502.627521490678191 ], [ 3411377.390738313086331, 8392410.657258959487081 ], [ 3411380.975225917529315, 8392398.713442111387849 ] ] ] } },
{ "type": "Feature", "properties": { "id": "40970342", "name": "Гайдабуровская гора (ru)" }, "geometry": { "type": "Polygon", "coordinates": [ [ [ 3336776.723038794007152, 8414205.170202681794763 ], [ 3336786.574813729152083, 8414203.251741588115692 ], [ 3336793.51001800596714, 8414203.697895288467407 ], [ 3336798.519395091570914, 8414209.118664879351854 ], [ 3336802.404445320367813, 8414227.567157564684749 ], [ 3336808.527017313521355, 8414237.404885383322835 ], [ 3336814.259971090126783, 8414244.119532559067011 ], [ 3336819.78141783317551, 8414250.767262371256948 ], [ 3336824.991170002147555, 8414254.894211754202843 ], [ 3336839.329120416194201, 8414260.270403338596225 ], [ 3336850.672576528508216, 8414263.25965679064393 ], [ 3336862.183011875487864, 8414268.167388971894979 ], [ 3336870.376126398332417, 8414273.409742873162031 ], [ 3336879.337345407810062, 8414281.797516874969006 ], [ 3336885.259542317595333, 8414289.739141497761011 ], [ 3336888.543467296287417, 8414298.394629774615169 ], [ 3336888.888557717204094, 8414309.236312443390489 ], [ 3336883.545222159475088, 8414380.042262375354767 ], [ 3336873.994009849149734, 8414420.063318001106381 ], [ 3336866.223909391555935, 8414447.524937473237514 ], [ 3336843.536997168324888, 8414503.653147835284472 ], [ 3336828.007928201928735, 8414531.360474666580558 ], [ 3336807.703253081534058, 8414561.142621027305722 ], [ 3336789.190821762662381, 8414581.889805443584919 ], [ 3336757.242127905134112, 8414610.110531888902187 ], [ 3336734.855778307188302, 8414623.540512437000871 ], [ 3336714.551103185862303, 8414631.460196839645505 ], [ 3336685.886334306560457, 8414634.449601052328944 ], [ 3336659.603802530094981, 8414631.460196839645505 ], [ 3336628.556796547956765, 8414624.299017054960132 ], [ 3336595.706414815504104, 8414611.159051084890962 ], [ 3336581.980721600353718, 8414598.465286202728748 ], [ 3336567.642771186307073, 8414578.454246133565903 ], [ 3336555.998752448707819, 8414548.605103524401784 ], [ 3336550.477305706124753, 8414511.617320468649268 ], [ 3336553.883682123851031, 8414471.038054581731558 ], [ 3336562.254907831549644, 8414423.900353720411658 ], [ 3336571.806120141874999, 8414387.470903409644961 ], [ 3336578.975095348898321, 8414363.601122545078397 ], [ 3336595.695282865781337, 8414323.535757837817073 ], [ 3336614.207714185118675, 8414299.710800278931856 ], [ 3336625.551170296501368, 8414289.939913017675281 ], [ 3336644.063601615838706, 8414282.935220997780561 ], [ 3336685.852938459254801, 8414275.172066934406757 ], [ 3336702.305959199089557, 8414266.91814774274826 ], [ 3336716.321083089802414, 8414254.894211754202843 ], [ 3336723.790620922110975, 8414242.758756391704082 ], [ 3336734.532951782923192, 8414228.102543774992228 ], [ 3336756.329308080486953, 8414211.416358545422554 ], [ 3336776.723038794007152, 8414205.170202681794763 ] ] ] } },
{ "type": "Feature", "properties": { "id": "29526719", "name": "Холм на котором стояла ветряная мельница (ru)" }, "geometry": { "type": "Polygon", "coordinates": [ [ [ 3294126.574836592655629, 8301925.9365597339347 ], [ 3294060.896337024867535, 8301836.362072236835957 ], [ 3294119.416993334889412, 8301798.155378952622414 ], [ 3294179.128768196329474, 8301888.915822050534189 ], [ 3294126.574836592655629, 8301925.9365597339347 ] ] ] } },
{ "type": "Feature", "properties": { "id": "8541305", "name": "Туфовый грот (остался только холм) (ru)" }, "geometry": { "type": "Polygon", "coordinates": [ [ [ 3360550.914992939680815, 8363006.215327514335513 ], [ 3360550.547638620249927, 8363000.322571498341858 ], [ 3360549.478971507865936, 8362994.518432961776853 ], [ 3360547.69785965513438, 8362988.891524388454854 ], [ 3360545.24883085815236, 8362983.53045800793916 ], [ 3360542.165280962828547, 8362978.501692671328783 ], [ 3360538.491737767122686, 8362973.871687089093029 ], [ 3360534.283861014991999, 8362969.729052975773811 ], [ 3360529.608442401513457, 8362966.140248836949468 ], [ 3360524.521141672506928, 8362963.149580052122474 ], [ 3360519.111014419235289, 8362960.801352077163756 ], [ 3360513.444852338172495, 8362959.117717387154698 ], [ 3360507.633974918629974, 8362958.142981690354645 ], [ 3360501.734041906893253, 8362957.899297787807882 ], [ 3360495.845240843482316, 8362958.342359435744584 ], [ 3360490.067759271711111, 8362959.538626023568213 ], [ 3360484.468388884793967, 8362961.399485549889505 ], [ 3360479.14731722464785, 8362963.947091609239578 ], [ 3360474.17133598588407, 8362967.11498558986932 ], [ 3360469.618368812836707, 8362970.858862048946321 ], [ 3360465.555207399185747, 8362975.156568729318678 ], [ 3360462.037511489819735, 8362979.897340857423842 ], [ 3360459.132072780281305, 8362985.036872961558402 ], [ 3360456.872287117410451, 8362990.486553153954446 ], [ 3360455.302682296838611, 8362996.157769340090454 ], [ 3360454.423258319497108, 8363002.006215595640242 ], [ 3360454.278542981948704, 8363007.898972949944437 ], [ 3360454.835140435956419, 8363013.769581764005125 ], [ 3360456.115314580034465, 8363019.529428914189339 ], [ 3360458.085669566411525, 8363025.08990100491792 ], [ 3360460.723941498901695, 8363030.384537691250443 ], [ 3360463.974470629822463, 8363035.302571821957827 ], [ 3360467.803861113730818, 8363039.799695990979671 ], [ 3360472.156453202944249, 8363043.765142733231187 ], [ 3360476.965455205179751, 8363047.198911183513701 ], [ 3360482.152943476568907, 8363050.012387171387672 ], [ 3360487.64099437231198, 8363052.183416620828211 ], [ 3360493.351684250403196, 8363053.667692221701145 ], [ 3360499.207089466042817, 8363054.420906822197139 ], [ 3360505.107022477779537, 8363054.487366936169565 ], [ 3360510.973559642210603, 8363053.822765809483826 ], [ 3360516.70651341881603, 8363052.427103639580309 ], [ 3360522.239092110656202, 8363050.366840915754437 ], [ 3360527.471108178142458, 8363047.641978196799755 ], [ 3360532.335769926197827, 8363044.296822904609144 ], [ 3360536.75515371048823, 8363040.397835867479444 ], [ 3360540.66246783779934, 8363035.967171279713511 ], [ 3360544.002052560914308, 8363031.115596610121429 ], [ 3360546.729380085133016, 8363025.865265971980989 ], [ 3360548.799922613892704, 8363020.349099835380912 ], [ 3360550.180284299887717, 8363014.6114052971825 ], [ 3360550.914992939680815, 8363006.215327514335513 ] ] ] } },
{ "type": "Feature", "properties": { "id": "18572791", "name": "Гора Высокая (ru)" }, "geometry": { "type": "Polygon", "coordinates": [ [ [ 3400358.531129683367908, 8435005.210880996659398 ], [ 3400473.19020519964397, 8435031.496679233387113 ], [ 3400540.070955268573016, 8435098.386070447042584 ], [ 3400554.397773733828217, 8435201.092671284452081 ], [ 3400559.173379888758063, 8435253.643390608951449 ], [ 3400535.295349113643169, 8435325.300000067800283 ], [ 3400458.852254786528647, 8435356.352160094305873 ], [ 3400391.971504717599601, 8435349.193149035796523 ], [ 3400305.977198079694062, 8435327.693785838782787 ], [ 3400231.927472803741693, 8435284.695248030126095 ], [ 3400203.273835873696953, 8435177.200003555044532 ], [ 3400219.994023391511291, 8435076.88744055852294 ], [ 3400289.257010562345386, 8435021.94429743103683 ], [ 3400358.531129683367908, 8435005.210880996659398 ] ] ] } },
{ "type": "Feature", "properties": { "id": "13446025", "name": "Высота 66 (ru)" }, "geometry": { "type": "Polygon", "coordinates": [ [ [ 3391992.81573682371527, 8430272.72613812237978 ], [ 3392053.774289981927723, 8430272.815563965588808 ], [ 3392117.115080242976546, 8430272.994415652006865 ], [ 3392050.412441359832883, 8430385.02349616959691 ], [ 3391992.81573682371527, 8430272.72613812237978 ] ] ] } },
{ "type": "Feature", "properties": { "id": "11306023", "name": "Adolf's Hill" }, "geometry": { "type": "Polygon", "coordinates": [ [ [ 3372082.790474890731275, 8418135.607615947723389 ], [ 3372078.615993985440582, 8418116.055666068568826 ], [ 3372048.760106555186212, 8418077.844699380919337 ], [ 3372023.07870002835989, 8418043.495173793286085 ], [ 3371969.934775124303997, 8417986.781980507075787 ], [ 3371935.893274839967489, 8417967.36434062756598 ], [ 3371872.574748476501554, 8417962.431821877136827 ], [ 3371751.960080202203244, 8417951.093737009912729 ], [ 3371633.126523780170828, 8417954.039851870387793 ], [ 3371611.029604858253151, 8417963.614733312278986 ], [ 3371594.899410641752183, 8417990.486961292102933 ], [ 3371591.326054987031966, 8418021.555307315662503 ], [ 3371643.278861340600997, 8418067.53312904946506 ], [ 3371722.104192771483213, 8418135.004986580461264 ], [ 3371790.777186641935259, 8418171.430672600865364 ], [ 3371869.591386123560369, 8418201.294512931257486 ], [ 3371941.848867597524077, 8418207.253903646022081 ], [ 3371981.868224537465721, 8418207.8565389290452 ], [ 3372040.978874148800969, 8418203.682732598856091 ], [ 3372058.901312166359276, 8418195.312807252630591 ], [ 3372076.812618235126138, 8418167.234567228704691 ], [ 3372082.790474890731275, 8418135.607615947723389 ] ] ] } },
{ "type": "Feature", "properties": { "id": "37736796", "name": "Горка (ru)" }, "geometry": { "type": "Polygon", "coordinates": [ [ [ 3411216.756713099312037, 8384541.254913978278637 ], [ 3411145.100356875453144, 8384709.936066590249538 ], [ 3411143.909238324034959, 8384718.601298550143838 ], [ 3411145.690350176766515, 8384728.755185889080167 ], [ 3411150.766518956981599, 8384735.909574426710606 ], [ 3411263.04335737042129, 8384780.702425753697753 ], [ 3411265.125031848903745, 8384776.525303108617663 ], [ 3411267.217838275711983, 8384766.682411768473685 ], [ 3411195.862044676672667, 8384738.909087216481566 ], [ 3411198.845407030545175, 8384728.155284058302641 ], [ 3411166.896713172551244, 8384713.824310442432761 ], [ 3411241.536431749816984, 8384554.674611422233284 ], [ 3411216.756713099312037, 8384541.254913978278637 ] ] ] } },
{ "type": "Feature", "properties": { "id": "37871632", "name": "Вершина холма (70,2м) (ru)" }, "geometry": { "type": "Polygon", "coordinates": [ [ [ 3409875.223265651147813, 8390600.355724753811955 ], [ 3409841.78289061691612, 8390577.630262998864055 ], [ 3409829.849441203754395, 8390537.027019526809454 ], [ 3409847.460184647236019, 8390515.858275962993503 ], [ 3409880.010003755334765, 8390515.569207407534122 ], [ 3409915.53205326711759, 8390531.379050485789776 ], [ 3409934.946172461379319, 8390560.953109633177519 ], [ 3409928.678885130211711, 8390593.484711803495884 ], [ 3409908.374210009351373, 8390606.626363528892398 ], [ 3409875.223265651147813, 8390600.355724753811955 ] ] ] } },
{ "type": "Feature", "properties": { "id": "43239606", "name": "Видовая горка (ru)" }, "geometry": { "type": "Polygon", "coordinates": [ [ [ 3413105.002443731296808, 8384730.843733378686011 ], [ 3413106.783555583562702, 8384748.152038006111979 ], [ 3413112.761412239167839, 8384766.082506853155792 ], [ 3413130.082725006621331, 8384781.613394306972623 ], [ 3413150.977393428329378, 8384782.790987965650856 ], [ 3413173.074312350712717, 8384782.191081739962101 ], [ 3413189.193374617956579, 8384767.260098031722009 ], [ 3413200.547962678596377, 8384745.174740093760192 ], [ 3413204.722443583421409, 8384724.866934162564576 ], [ 3413193.968980772886425, 8384702.181803547777236 ], [ 3413176.057674704119563, 8384695.005229267291725 ], [ 3413156.354124833829701, 8384694.427548668347299 ], [ 3413136.049449712969363, 8384698.604624782688916 ], [ 3413122.312624549027532, 8384708.158584371209145 ], [ 3413105.002443731296808, 8384730.843733378686011 ] ] ] } },
{ "type": "Feature", "properties": { "id": "37366025", "name": "Гряда (ru)" }, "geometry": { "type": "Polygon", "coordinates": [ [ [ 3304008.461694057565182, 8305465.051606744527817 ], [ 3304022.788512521889061, 8305478.789952690713108 ], [ 3304070.555706021841615, 8305519.389661749824882 ], [ 3304100.422725401353091, 8305547.460083588957787 ], [ 3304131.469731383956969, 8305569.551602462306619 ], [ 3304154.167775556910783, 8305589.269163093529642 ], [ 3304174.47245067730546, 8305571.354097460396588 ], [ 3304179.838050133548677, 8305562.385590103454888 ], [ 3304135.655344237573445, 8305527.7426344063133 ], [ 3304090.860381142236292, 8305491.319346438162029 ], [ 3304059.813375160098076, 8305466.832094941288233 ], [ 3304025.771874875761569, 8305442.366905774921179 ], [ 3304014.428418763913214, 8305451.313286319375038 ], [ 3304008.461694057565182, 8305465.051606744527817 ] ] ] } },
{ "type": "Feature", "properties": { "id": "12541630", "name": "Комендантская гора (ru)" }, "geometry": { "type": "Polygon", "coordinates": [ [ [ 3398133.933557619340718, 8434885.080386372283101 ], [ 3398132.831494661048055, 8434867.094537097960711 ], [ 3398129.54756968235597, 8434849.377176348119974 ], [ 3398124.137442430015653, 8434832.196746086701751 ], [ 3398116.656772648449987, 8434815.799315582960844 ], [ 3398107.250275676138699, 8434800.453322337940335 ], [ 3398096.029271004721522, 8434786.337721265852451 ], [ 3398083.171869817655534, 8434773.720947040244937 ], [ 3398068.878447199240327, 8434762.737212639302015 ], [ 3398053.360510183498263, 8434753.610211603343487 ], [ 3398036.829565800726414, 8434746.407047219574451 ], [ 3398019.552780829835683, 8434741.306674219667912 ], [ 3398001.786190099082887, 8434738.331458268687129 ], [ 3397983.785828437190503, 8434737.548506902530789 ], [ 3397965.818862623535097, 8434738.957819422706962 ], [ 3397948.163591383490711, 8434742.537027031183243 ], [ 3397931.076049546711147, 8434748.263762827962637 ], [ 3397914.81227194191888, 8434756.026181364431977 ], [ 3397899.617161449044943, 8434765.69006834179163 ], [ 3397885.713357048574835, 8434777.165950618684292 ], [ 3397873.312365774065256, 8434790.230134703218937 ], [ 3397862.592298810835928, 8434804.703667117282748 ], [ 3397853.720135394949466, 8434820.407593857496977 ], [ 3397846.82945891469717, 8434837.051108382642269 ], [ 3397842.009324962738901, 8434854.410513129085302 ], [ 3397839.348789133597165, 8434872.217367794364691 ], [ 3397838.881247272249311, 8434890.247970605269074 ], [ 3397840.606699379161, 8434908.166764840483665 ], [ 3397844.502881556749344, 8434925.772414186969399 ], [ 3397850.514134060125798, 8434942.751727124676108 ], [ 3397858.562533244490623, 8434958.880992194637656 ], [ 3397868.503363771829754, 8434973.89175471663475 ], [ 3397880.203042254783213, 8434987.605041449889541 ], [ 3397893.483457506168634, 8434999.774765940383077 ], [ 3397908.155366392806172, 8435010.244324449449778 ], [ 3397923.996129932813346, 8435018.834742564707994 ], [ 3397940.760845245793462, 8435025.434159133583307 ], [ 3397958.20460945321247, 8435029.953085081651807 ], [ 3397976.060255776625127, 8435032.302032833918929 ], [ 3397994.082881336100399, 8435032.458629377186298 ], [ 3398011.983055455610156, 8435030.422874571755528 ], [ 3398029.504743306431919, 8435026.217141153290868 ], [ 3398046.380778110586107, 8435019.908545536920428 ], [ 3398062.366256988607347, 8435011.58657662011683 ], [ 3398077.216277060564607, 8435001.385466281324625 ], [ 3398090.708199344575405, 8434989.439447160810232 ], [ 3398102.652780706062913, 8434975.949864635244012 ], [ 3398112.86077801277861, 8434961.095692934468389 ], [ 3398121.176343974657357, 8434945.123017691075802 ], [ 3398127.488159102853388, 8434928.233181748539209 ], [ 3398131.696035854518414, 8434910.717008769512177 ], [ 3398133.933557619340718, 8434885.080386372283101 ] ] ] } },
{ "type": "Feature", "properties": { "id": "6987075", "name": "Заброшенный подземный объект ГО и ЧС (ru)" }, "geometry": { "type": "Polygon", "coordinates": [ [ [ 3352905.470101359300315, 8302702.294219483621418 ], [ 3352936.517107341438532, 8302665.269596544094384 ], [ 3352949.663939204066992, 8302661.687995963729918 ], [ 3352963.990757669322193, 8302668.851198855787516 ], [ 3353010.56683261692524, 8302713.63236066699028 ], [ 3353012.960201669018716, 8302722.597414828836918 ], [ 3353010.56683261692524, 8302730.353953302837908 ], [ 3352977.126457582227886, 8302764.983810677193105 ], [ 3352969.367489074356854, 8302767.378901985473931 ], [ 3352961.007395315449685, 8302764.390531300567091 ], [ 3352906.07122660940513, 8302714.225635972805321 ], [ 3352904.579545432701707, 8302708.24893875233829 ], [ 3352905.470101359300315, 8302702.294219483621418 ] ] ] } },
{ "type": "Feature", "properties": { "id": "36367938", "name": "Холм (ru)" }, "geometry": { "type": "Polygon", "coordinates": [ [ [ 3343762.566551576834172, 8366567.053877825848758 ], [ 3343761.976558275520802, 8366561.379915616475046 ], [ 3343762.86711420211941, 8366552.713833327405155 ], [ 3343768.833838908467442, 8366533.608593247830868 ], [ 3343770.336652034427971, 8366517.783640676178038 ], [ 3343770.626082709990442, 8366508.231059686280787 ], [ 3343773.910007688682526, 8366501.360301430337131 ], [ 3343778.986176468897611, 8366496.572938167490065 ], [ 3343787.346270227339119, 8366493.891129551455379 ], [ 3343802.274213942699134, 8366493.60300141107291 ], [ 3343821.688333136960864, 8366500.761880851350725 ], [ 3343839.009645904880017, 8366510.912873520515859 ], [ 3343845.276933236047626, 8366518.071769760921597 ], [ 3343849.74084481690079, 8366527.025940787047148 ], [ 3343848.56085821473971, 8366535.093569532036781 ], [ 3343845.577495861332864, 8366542.850913186557591 ], [ 3343828.256183093413711, 8366581.371786235831678 ], [ 3343824.070570239797235, 8366587.954487198963761 ], [ 3343819.595526710618287, 8366591.234757887199521 ], [ 3343813.027676753234118, 8366595.401590323075652 ], [ 3343806.760389421600848, 8366596.598446882329881 ], [ 3343793.914120184257627, 8366595.71188644785434 ], [ 3343784.66347049921751, 8366592.121317782439291 ], [ 3343771.828333211131394, 8366582.56864052079618 ], [ 3343767.943282982334495, 8366578.978078248910606 ], [ 3343764.959920629393309, 8366573.902533333748579 ], [ 3343762.566551576834172, 8366567.053877825848758 ] ] ] } },
{ "type": "Feature", "properties": { "id": "43431803", "name": "Гряда (ru)" }, "geometry": { "type": "Polygon", "coordinates": [ [ [ 3350576.076360662002116, 8365139.05971035733819 ], [ 3350635.788135524373502, 8365108.612437464296818 ], [ 3350666.545710830017924, 8365085.610869224183261 ], [ 3350698.193842063192278, 8365072.182241158559918 ], [ 3350712.520660527516156, 8365062.321300468407571 ], [ 3350714.613466954790056, 8365053.36890730727464 ], [ 3350694.909917084500194, 8365037.259058861061931 ], [ 3350656.994498520158231, 8365044.416525010019541 ], [ 3350580.551404192112386, 8365089.200704630464315 ], [ 3350566.51401640381664, 8365099.659988122060895 ], [ 3350557.563929344061762, 8365108.612437464296818 ], [ 3350556.372810791712254, 8365119.04958890657872 ], [ 3350560.246729071717709, 8365128.910605428740382 ], [ 3350565.322897851932794, 8365134.295390802435577 ], [ 3350576.076360662002116, 8365139.05971035733819 ] ] ] } },
{ "type": "Feature", "properties": { "id": "26176768", "name": "Искусственный холм (ru)" }, "geometry": { "type": "Polygon", "coordinates": [ [ [ 3339639.159029205329716, 8369124.238668457604945 ], [ 3339643.934635359793901, 8369130.225005375221372 ], [ 3339647.09610889852047, 8369136.300033735111356 ], [ 3339650.580408960580826, 8369142.840672053396702 ], [ 3339652.628687591757625, 8369149.979951689951122 ], [ 3339653.151889197528362, 8369157.385298734530807 ], [ 3339652.116617933381349, 8369164.746309753507376 ], [ 3339649.578533543273807, 8369171.730408324860036 ], [ 3339645.648955518845469, 8369178.027188584208488 ], [ 3339640.494863094761968, 8369183.370587311685085 ], [ 3339634.338895253371447, 8369187.516712645068765 ], [ 3339627.448218773584813, 8369190.288188099861145 ], [ 3339620.134528228547424, 8369191.596324874088168 ], [ 3339612.720650141593069, 8369191.330263138748705 ], [ 3339605.518279087729752, 8369189.534346672706306 ], [ 3339598.839109639637172, 8369186.275091978721321 ], [ 3339589.889022579882294, 8369181.286439628340304 ], [ 3339582.720047373324633, 8369175.300061263144016 ], [ 3339575.105794202070683, 8369168.360302790999413 ], [ 3339567.936818995513022, 8369160.22327801771462 ], [ 3339561.97009428916499, 8369151.86454529222101 ], [ 3339556.070161276962608, 8369141.199969016946852 ], [ 3339550.470790890045464, 8369129.315968715585768 ], [ 3339546.897435235790908, 8369119.47177401278168 ], [ 3339553.754715868737549, 8369108.430328018963337 ], [ 3339567.936818995513022, 8369106.257515294477344 ], [ 3339579.436122394632548, 8369105.437167797237635 ], [ 3339591.525419094599783, 8369105.148937618359923 ], [ 3339605.117528920061886, 8369106.035799744538963 ], [ 3339615.414581818971783, 8369108.496842703782022 ], [ 3339625.121641415636986, 8369112.908984842710197 ], [ 3339633.481735174544156, 8369118.584910271689296 ], [ 3339639.159029205329716, 8369124.238668457604945 ] ] ] } },
{ "type": "Feature", "properties": { "id": "32237594", "name": "Горка \"Независимости\" (ru)" }, "geometry": { "type": "Polygon", "coordinates": [ [ [ 3336011.824553654994816, 8424896.911656238138676 ], [ 3335999.134131704922765, 8424888.712834101170301 ], [ 3335971.67161332629621, 8424865.188743924722075 ], [ 3335964.057360155973583, 8424856.453797018155456 ], [ 3335959.281754001043737, 8424846.601861678063869 ], [ 3335956.888384948950261, 8424837.956296630203724 ], [ 3335956.521030629053712, 8424828.886283243075013 ], [ 3335959.426469338592142, 8424818.92268536426127 ], [ 3335964.502638118807226, 8424812.578159218654037 ], [ 3335969.133528936188668, 8424809.428238058462739 ], [ 3335976.291372193954885, 8424807.953807340934873 ], [ 3335986.900119666941464, 8424809.875035304576159 ], [ 3335995.705491388216615, 8424813.918551608920097 ], [ 3336003.464459896087646, 8424819.883300714194775 ], [ 3336035.557869092561305, 8424848.009280201047659 ], [ 3336057.209510051179677, 8424866.462125798687339 ], [ 3336070.946335215121508, 8424879.910839034244418 ], [ 3336076.323066621087492, 8424887.059666715562344 ], [ 3336079.451144312508404, 8424893.940419910475612 ], [ 3336079.306428974028677, 8424899.011628502979875 ], [ 3336078.415873047430068, 8424902.00520701892674 ], [ 3336075.421378745231777, 8424904.976446600630879 ], [ 3336071.391613178886473, 8424907.813646418973804 ], [ 3336066.315444398671389, 8424908.707252889871597 ], [ 3336056.463669463526458, 8424908.126408671960235 ], [ 3336042.437413623090833, 8424906.696638487279415 ], [ 3336022.722731804009527, 8424901.558404177427292 ], [ 3336011.824553654994816, 8424896.911656238138676 ] ] ] } },
{ "type": "Feature", "properties": { "id": "36709023", "name": "Место съёмки фильма «Мы из будущего 2» (ru)" }, "geometry": { "type": "Polygon", "coordinates": [ [ [ 3405295.283379586879164, 8429349.462274411693215 ], [ 3405282.737672974355519, 8429393.052029218524694 ], [ 3405299.457860491704196, 8429431.27710372954607 ], [ 3405279.153185370378196, 8429470.083581421524286 ], [ 3405225.408135215751827, 8429499.34505282714963 ], [ 3405168.078597457148135, 8429516.065945895388722 ], [ 3405147.183929035905749, 8429506.520725544542074 ], [ 3405116.726916354615241, 8429511.885719064623117 ], [ 3405076.117566113360226, 8429505.917164016515017 ], [ 3405042.97775370394811, 8429466.216336844488978 ], [ 3404948.322790682315826, 8429462.326740304008126 ], [ 3404898.162228131201118, 8429418.133020611479878 ], [ 3404892.79662867449224, 8429403.804208463057876 ], [ 3404904.730078087653965, 8429390.078976195305586 ], [ 3404947.131672130897641, 8429388.871872305870056 ], [ 3404998.494485183153301, 8429381.115116832777858 ], [ 3405003.860084639396518, 8429355.430702498182654 ], [ 3404978.189810062292963, 8429296.32783036865294 ], [ 3405003.258959389291704, 8429271.828443184494972 ], [ 3405055.222897691652179, 8429273.616716859862208 ], [ 3405096.422241233754903, 8429296.32783036865294 ], [ 3405136.430466224905103, 8429296.32783036865294 ], [ 3405159.128510397858918, 8429290.337096765637398 ], [ 3405203.912341543938965, 8429309.449342278763652 ], [ 3405244.521691785659641, 8429304.688041383400559 ], [ 3405268.399722560308874, 8429318.368407180532813 ], [ 3405295.283379586879164, 8429349.462274411693215 ] ] ] } },
{ "type": "Feature", "properties": { "id": "34669307", "name": "Направления основных спусков с гор (для лыж) (ru)" }, "geometry": { "type": "Polygon", "coordinates": [ [ [ 3426683.319784680381417, 8327246.905904487706721 ], [ 3426704.815578352194279, 8327235.574170869775116 ], [ 3426723.918002972379327, 8327282.73105213791132 ], [ 3426749.599409498274326, 8327312.008594084531069 ], [ 3426815.289041015785187, 8327342.454715183004737 ], [ 3426826.031371877063066, 8327335.28961384575814 ], [ 3426832.009228532668203, 8327376.494553053751588 ], [ 3426833.20034708455205, 8327360.973778511397541 ], [ 3426850.52165985153988, 8327354.999170866794884 ], [ 3426897.698860049713403, 8327304.843522266484797 ], [ 3426914.419047567527741, 8327208.10470973700285 ], [ 3426944.274934998247772, 8327101.20406289678067 ], [ 3426986.676529041491449, 8326987.735425051301718 ], [ 3427007.571197462733835, 8326944.746984913013875 ], [ 3427044.596060100477189, 8326933.393669390119612 ], [ 3427066.692979023326188, 8326923.252858626656234 ], [ 3427067.884097574744374, 8326889.810326962731779 ], [ 3427052.366160558070987, 8326864.72301627881825 ], [ 3427041.011572496965528, 8326841.443479037843645 ], [ 3427036.837091592140496, 8326794.267368997447193 ], [ 3427055.939516212325543, 8326803.812791258096695 ], [ 3427107.302329264581203, 8326729.764446156099439 ], [ 3427131.191491988487542, 8326695.72758736088872 ], [ 3427136.55709144519642, 8326665.879331150092185 ], [ 3427115.061297772917897, 8326631.842766613699496 ], [ 3427086.39652889361605, 8326573.315232379361987 ], [ 3427088.18877269513905, 8326524.950455970130861 ], [ 3427115.061297772917897, 8326527.331212396733463 ], [ 3427116.263548273127526, 8326569.722031634300947 ], [ 3427142.534948100335896, 8326617.491904589347541 ], [ 3427161.047379419207573, 8326656.312042634002864 ], [ 3427157.462891815695912, 8326699.916052457876503 ], [ 3427136.55709144519642, 8326739.927036072127521 ], [ 3427083.413166540209204, 8326812.763013629242778 ], [ 3427102.526723109185696, 8326824.711356945335865 ], [ 3427051.163910057395697, 8326850.988962236791849 ], [ 3427060.726254316978157, 8326871.887661345303059 ], [ 3427071.468585178256035, 8326891.9046142231673 ], [ 3427068.485222824849188, 8326925.633743382059038 ], [ 3427009.964566514827311, 8326948.318322721868753 ], [ 3426992.05326044652611, 8326982.973616287112236 ], [ 3426948.159985227044672, 8327096.728775669820607 ], [ 3426917.702972545288503, 8327206.010332860983908 ], [ 3426901.873340954072773, 8327300.654714270494878 ], [ 3426857.089509808924049, 8327352.022892107255757 ], [ 3426847.237734873779118, 8327358.570706959813833 ], [ 3426835.894278761465102, 8327361.855639827437699 ], [ 3426833.801472334656864, 8327375.590643413364887 ], [ 3426838.877641114871949, 8327364.545317494310439 ], [ 3426862.46624121395871, 8327358.879358309321105 ], [ 3426886.94539723964408, 8327363.950060876086354 ], [ 3426928.745866031851619, 8327371.115190003998578 ], [ 3426947.859422601293772, 8327371.115190003998578 ], [ 3426966.972979170270264, 8327369.329418711364269 ], [ 3426995.036622799467295, 8327358.570706959813833 ], [ 3426993.834372298792005, 8327369.924675758928061 ], [ 3427080.429804186802357, 8327383.659694342873991 ], [ 3427149.70392330782488, 8327382.469178077764809 ], [ 3427158.654010367579758, 8327389.634325163438916 ], [ 3427178.958685488440096, 8327399.775775991380215 ], [ 3427199.864485858939588, 8327407.844853330403566 ], [ 3427247.041686057113111, 8327417.391068229451776 ], [ 3427307.944579470902681, 8327429.053781691938639 ], [ 3427353.930661117192358, 8327449.358852259814739 ], [ 3427367.066361031029373, 8327471.449774168431759 ], [ 3427376.617573340423405, 8327485.184981466270983 ], [ 3427374.235336237587035, 8327540.126065975986421 ], [ 3427387.37103615142405, 8327541.911878548562527 ], [ 3427365.274117229506373, 8327561.02671421226114 ], [ 3427360.498511074110866, 8327596.258109509013593 ], [ 3427361.689629625529051, 8327627.300679619424045 ], [ 3427339.592710703145713, 8327687.027127728797495 ], [ 3427306.753460918553174, 8327713.903084504418075 ], [ 3427266.14411067776382, 8327734.186890193261206 ], [ 3427273.313085884321481, 8327755.088087346404791 ], [ 3427207.022329117637128, 8327737.780657224357128 ], [ 3427226.737010936718434, 8327709.118760189041495 ], [ 3427197.471116807311773, 8327703.143871040083468 ], [ 3427180.750929289963096, 8327698.359553695656359 ], [ 3427127.005879134871066, 8327710.309329083189368 ], [ 3427076.244191333651543, 8327727.638742486014962 ], [ 3427052.956153859384358, 8327731.210458700545132 ], [ 3427021.909147877246141, 8327718.665364314801991 ], [ 3426991.452135196421295, 8327683.433385381475091 ], [ 3426929.948116532992572, 8327653.581139208748937 ], [ 3426918.593528471887112, 8327647.606294968165457 ], [ 3426906.648947109468281, 8327601.637636466883123 ], [ 3426906.058953808620572, 8327561.621986706741154 ], [ 3426907.250072360038757, 8327522.797092328779399 ], [ 3426900.682222403585911, 8327522.797092328779399 ], [ 3426867.842972619459033, 8327537.127665592357516 ], [ 3426879.776422032155097, 8327550.862994977273047 ], [ 3426898.288853351026773, 8327535.937124600633979 ], [ 3426901.873340954072773, 8327572.358946941792965 ], [ 3426864.848478316795081, 8327576.547908961772919 ], [ 3426870.826334971934557, 8327565.193622670136392 ], [ 3426845.144928446505219, 8327543.697691548615694 ], [ 3426795.585491145495325, 8327572.358946941792965 ], [ 3426735.272591033019125, 8327601.637636466883123 ], [ 3426724.519128222484142, 8327640.440897731110454 ], [ 3426713.765665412414819, 8327617.158916518092155 ], [ 3426460.569483602419496, 8327725.235551685094833 ], [ 3426424.746871465351433, 8327764.061509750783443 ], [ 3426386.51975832786411, 8327770.036448158323765 ], [ 3426382.946402672678232, 8327749.73049636464566 ], [ 3426415.184527207165956, 8327734.804224282503128 ], [ 3426442.05705228401348, 8327701.95330330170691 ], [ 3426703.023334550671279, 8327596.853384841233492 ], [ 3426693.460990291554481, 8327577.73845649510622 ], [ 3426729.294734377879649, 8327590.283311622217298 ], [ 3426756.167259455658495, 8327583.11796997115016 ], [ 3426819.463521920610219, 8327553.266129064373672 ], [ 3426837.975953239947557, 8327537.127665592357516 ], [ 3426768.111840817146003, 8327470.259243759326637 ], [ 3426772.297453671228141, 8327405.750419839285314 ], [ 3426806.928947256878018, 8327403.964640175923705 ], [ 3426805.737828705459833, 8327464.879812449216843 ], [ 3426864.25848501548171, 8327531.748185602016747 ], [ 3426903.075591455213726, 8327516.82235384080559 ], [ 3426913.227929015178233, 8327519.82074598222971 ], [ 3426910.233434712979943, 8327582.52269574534148 ], [ 3426918.003535170573741, 8327628.491235330700874 ], [ 3426928.745866031851619, 8327645.225177578628063 ], [ 3426996.828866601921618, 8327681.052256445400417 ], [ 3427026.684754031710327, 8327714.498369310051203 ], [ 3427057.141766713000834, 8327725.83083740901202 ], [ 3427106.701204014476389, 8327714.498369310051203 ], [ 3427148.50167280761525, 8327701.358019502833486 ], [ 3427188.509897798299789, 8327693.597286968491971 ], [ 3427229.119248039554805, 8327704.334438973106444 ], [ 3427243.45719845360145, 8327682.838103076443076 ], [ 3427252.407285513821989, 8327701.358019502833486 ], [ 3427286.448785798158497, 8327686.43184513412416 ], [ 3427312.720185625832528, 8327658.365427561104298 ], [ 3427316.905798478983343, 8327601.637636466883123 ], [ 3427321.681404633913189, 8327579.524278157390654 ], [ 3427336.019355047959834, 8327562.217259244993329 ], [ 3427351.537292065564543, 8327559.814122246578336 ], [ 3427339.002717401832342, 8327541.911878548562527 ], [ 3427353.329535867087543, 8327541.911878548562527 ], [ 3427358.105142021086067, 8327489.947113876231015 ], [ 3427356.324030169285834, 8327464.284547749906778 ], [ 3427341.986079755239189, 8327449.954115757718682 ], [ 3427299.584485711995512, 8327435.028449211269617 ], [ 3427237.479341798461974, 8327421.888596379198134 ], [ 3427191.504392100032419, 8327410.534547736868262 ], [ 3427155.069522764068097, 8327410.534547736868262 ], [ 3427090.582141747698188, 8327411.725068522617221 ], [ 3426993.244378997944295, 8327395.608960812911391 ], [ 3426993.244378997944295, 8327411.129808104597032 ], [ 3426966.371853920165449, 8327390.229583850130439 ], [ 3426950.241659704130143, 8327379.470841667614877 ], [ 3426919.795778972562402, 8327375.899295473471284 ], [ 3426946.668304049875587, 8327402.178860942833126 ], [ 3426943.083816445898265, 8327447.551015267148614 ], [ 3426934.122597437817603, 8327473.830835564993322 ], [ 3426953.826147307641804, 8327477.424475973471999 ], [ 3426916.211291369050741, 8327499.515481787733734 ], [ 3426913.227929015178233, 8327513.250741254538298 ], [ 3426906.648947109468281, 8327512.060204111970961 ], [ 3426909.643441412597895, 8327499.515481787733734 ], [ 3426895.30549099855125, 8327468.451401652768254 ], [ 3426911.435685214120895, 8327470.854508941993117 ], [ 3426918.593528471887112, 8327437.40949886944145 ], [ 3426915.610166118945926, 8327407.558246607892215 ], [ 3426875.601941127330065, 8327383.659694342873991 ], [ 3426844.543803196400404, 8327393.205877999775112 ], [ 3426811.10342816170305, 8327397.989997769705951 ], [ 3426793.192122092936188, 8327400.988341693766415 ], [ 3426783.039784532506019, 8327400.393082140944898 ], [ 3426801.552215851843357, 8327396.20421998295933 ], [ 3426823.649134774692357, 8327392.610619072802365 ], [ 3426830.216984731145203, 8327382.469178077764809 ], [ 3426784.832028334960341, 8327382.469178077764809 ], [ 3426796.175484446343035, 8327363.950060876086354 ], [ 3426737.053702886216342, 8327333.50385120883584 ], [ 3426710.192309757694602, 8327308.415034119971097 ], [ 3426687.494265584740788, 8327267.210474541410804 ], [ 3426683.319784680381417, 8327246.905904487706721 ] ] ] } },
{ "type": "Feature", "properties": { "id": "35951142", "name": "Гора (ru)" }, "geometry": { "type": "Polygon", "coordinates": [ [ [ 3409676.673821872100234, 8387675.151045684702694 ], [ 3409687.416152733843774, 8387702.624252673238516 ], [ 3409714.889803061727434, 8387719.339393124915659 ], [ 3409738.778965786099434, 8387746.812764858826995 ], [ 3409763.859247061423957, 8387763.528005546890199 ], [ 3409775.803828423377126, 8387770.70756870508194 ], [ 3409811.626440560910851, 8387777.864911077544093 ], [ 3409831.931115681771189, 8387774.286239023320377 ], [ 3409859.40476600965485, 8387757.570973933674395 ], [ 3409878.518322578631341, 8387731.27562699932605 ], [ 3409914.340934715699404, 8387678.729669595137239 ], [ 3409929.870003681164235, 8387633.341288885101676 ], [ 3409919.116540871094912, 8387601.111707386560738 ], [ 3409903.598603854421526, 8387564.081203633919358 ], [ 3409886.878416336607188, 8387513.914725558832288 ], [ 3409870.158228820189834, 8387475.70663574244827 ], [ 3409849.853553699329495, 8387469.727609948255122 ], [ 3409811.626440560910851, 8387467.349337096326053 ], [ 3409774.601577923167497, 8387476.884659988805652 ], [ 3409737.576715284958482, 8387484.063943873159587 ], [ 3409707.720827854238451, 8387499.578333558514714 ], [ 3409694.585127941332757, 8387531.829698018729687 ], [ 3409682.640546578448266, 8387565.28146914485842 ], [ 3409692.202890838496387, 8387595.13257983699441 ], [ 3409691.000640337355435, 8387620.204938995651901 ], [ 3409687.416152733843774, 8387642.899053947068751 ], [ 3409675.482703320682049, 8387669.171858062036335 ], [ 3409676.673821872100234, 8387675.151045684702694 ] ] ] } },
{ "type": "Feature", "properties": { "id": "38887417", "name": "Высота 130,4 (ru)" }, "geometry": { "type": "Polygon", "coordinates": [ [ [ 3303483.467843526508659, 8344810.47385224327445 ], [ 3303482.8110585315153, 8344803.04870078060776 ], [ 3303480.874099391512573, 8344795.844543107785285 ], [ 3303477.712625853251666, 8344789.08236469142139 ], [ 3303473.415693507995456, 8344782.983150258660316 ], [ 3303468.128017695620656, 8344777.745785363018513 ], [ 3303462.005445702467114, 8344773.480760996229947 ], [ 3303455.237220661714673, 8344770.364863925613463 ], [ 3303448.023717658594251, 8344768.464388345368207 ], [ 3303440.587575674057007, 8344767.867727505974472 ], [ 3303433.162565637379885, 8344768.552782548591495 ], [ 3303425.971326531842351, 8344770.541652378626168 ], [ 3303419.236497338861227, 8344773.745943787507713 ], [ 3303413.158453142270446, 8344778.077264042571187 ], [ 3303407.937569023575634, 8344783.403023554943502 ], [ 3303403.718560322653502, 8344789.546435563825071 ], [ 3303400.635010427795351, 8344796.330713036470115 ], [ 3303398.787106880918145, 8344803.556969840079546 ], [ 3303398.23050942691043, 8344811.004220489412546 ], [ 3303398.965218065772206, 8344818.429379953071475 ], [ 3303400.991232798434794, 8344825.589362218044698 ], [ 3303404.241761929355562, 8344832.307376587763429 ], [ 3303408.605485968757421, 8344838.362434248439968 ], [ 3303413.959953475743532, 8344843.555644592270255 ], [ 3303420.138185215182602, 8344847.732314283028245 ], [ 3303426.95093805110082, 8344850.781947616487741 ], [ 3303434.186704952735454, 8344852.571950372308493 ], [ 3303441.62284693820402, 8344853.102321644313633 ], [ 3303449.036725024692714, 8344852.306764752604067 ], [ 3303456.205700231716037, 8344850.229477716609836 ], [ 3303462.8960016281344, 8344846.9588567558676 ], [ 3303468.918386080302298, 8344842.53910100273788 ], [ 3303474.083610453177243, 8344837.169101323932409 ], [ 3303478.224695510230958, 8344830.959353476762772 ], [ 3303481.219189812894911, 8344824.130846749059856 ], [ 3303483.467843526508659, 8344810.47385224327445 ] ] ] } },
{ "type": "Feature", "properties": { "id": "21714625", "name": "Каменный холм (ru)" }, "geometry": { "type": "Polygon", "coordinates": [ [ [ 3316287.357750925701112, 8361726.002816509455442 ], [ 3316253.917375891469419, 8361675.834634650498629 ], [ 3316206.139050443191081, 8361699.711545767262578 ], [ 3316198.970075235702097, 8361737.941343591548502 ], [ 3316220.477000857237726, 8361771.387041812762618 ], [ 3316256.299612994305789, 8361771.387041812762618 ], [ 3316287.357750925701112, 8361726.002816509455442 ] ] ] } },
{ "type": "Feature", "properties": { "id": "34464605", "name": "Холм (ru)" }, "geometry": { "type": "Polygon", "coordinates": [ [ [ 3427199.942409502808005, 8327416.685573866590858 ], [ 3427197.660359940957278, 8327402.88435392268002 ], [ 3427191.014586341101676, 8327390.516189901158214 ], [ 3427180.750929289963096, 8327381.014102903194726 ], [ 3427167.949187848716974, 8327375.25994479469955 ], [ 3427154.034251499455422, 8327374.003290168941021 ], [ 3427140.408745826687664, 8327377.266183321364224 ], [ 3427128.575483955442905, 8327384.784070992842317 ], [ 3427119.803508081007749, 8327395.719193990342319 ], [ 3427115.027901926077902, 8327408.881046961992979 ], [ 3427114.771867096889764, 8327422.880698546767235 ], [ 3427119.057667492423207, 8327436.241020700894296 ], [ 3427127.38436540402472, 8327447.484874895773828 ], [ 3427138.917064649984241, 8327455.421723452396691 ], [ 3427152.420118882786483, 8327459.235823152586818 ], [ 3427166.379583028610796, 8327458.486231150105596 ], [ 3427179.403963451273739, 8327453.261136058717966 ], [ 3427190.012710923794657, 8327444.111716843210161 ], [ 3427197.103762487880886, 8327432.030091473832726 ], [ 3427199.942409502808005, 8327416.685573866590858 ] ] ] } },
{ "type": "Feature", "properties": { "id": "41604993", "name": "Холм (ru)" }, "geometry": { "type": "Polygon", "coordinates": [ [ [ 3365662.973176944069564, 8423837.172351783141494 ], [ 3365667.147657848894596, 8423850.909563863649964 ], [ 3365667.748783098999411, 8423867.327241223305464 ], [ 3365661.481495767831802, 8423881.511250481009483 ], [ 3365655.503639112226665, 8423891.227871028706431 ], [ 3365642.367939198389649, 8423898.844817031174898 ], [ 3365628.041120733134449, 8423902.575113112106919 ], [ 3365610.118682715576142, 8423898.844817031174898 ], [ 3365592.808501897379756, 8423886.894480047747493 ], [ 3365584.448408138472587, 8423874.497422011569142 ], [ 3365582.956726962234825, 8423858.682826943695545 ], [ 3365586.240651940926909, 8423842.711907386779785 ], [ 3365595.791864250320941, 8423831.945516847074032 ], [ 3365608.627001538872719, 8423822.5416906978935 ], [ 3365625.948314306791872, 8423817.783940004184842 ], [ 3365638.783451594877988, 8423818.230677027255297 ], [ 3365649.236351780127734, 8423822.85440681129694 ], [ 3365655.503639112226665, 8423827.768518948927522 ], [ 3365662.973176944069564, 8423837.172351783141494 ] ] ] } },
{ "type": "Feature", "properties": { "id": "35104430", "name": "Горнолыжный склон «Импульс» (ru)" }, "geometry": { "type": "Polygon", "coordinates": [ [ [ 3399952.437627269886434, 8432512.603258801624179 ], [ 3399909.457171874120831, 8432498.268416404724121 ], [ 3399871.218926786910743, 8432476.777386786416173 ], [ 3399861.678846425842494, 8432429.009828925132751 ], [ 3399859.296609323006123, 8432378.849754523485899 ], [ 3399868.847821632865816, 8432333.453281279653311 ], [ 3399883.163508148863912, 8432292.842683577910066 ], [ 3399895.130353408865631, 8432262.429607490077615 ], [ 3399923.795122288167477, 8432234.968496844172478 ], [ 3399947.673153063748032, 8432225.419747052714229 ], [ 3399984.698015701025724, 8432231.390509521588683 ], [ 3400016.947272183839232, 8432246.910042129456997 ], [ 3400044.420922511722893, 8432275.578774951398373 ], [ 3400106.526066425722092, 8432305.432839386165142 ], [ 3400123.246253942605108, 8432336.472249865531921 ], [ 3400135.190835305023938, 8432363.956102365627885 ], [ 3400124.426240544766188, 8432397.947664944455028 ], [ 3400081.423521251417696, 8432450.500718951225281 ], [ 3400036.038564854767174, 8432486.326462952420115 ], [ 3399995.429214613512158, 8432503.054148513823748 ], [ 3399952.437627269886434, 8432512.603258801624179 ] ] ] } },
{ "type": "Feature", "properties": { "id": "36783274", "name": "Склон (ru)" }, "geometry": { "type": "Polygon", "coordinates": [ [ [ 3376289.520636121276766, 8403840.844096733257174 ], [ 3376279.668861186131835, 8403845.923096248880029 ], [ 3376272.80044860439375, 8403856.370698379352689 ], [ 3376269.516523625701666, 8403866.216852970421314 ], [ 3376258.462498189415783, 8403939.974325662478805 ], [ 3376256.970817013178021, 8403965.614743683487177 ], [ 3376257.839109041728079, 8403975.149170376360416 ], [ 3376261.423596644774079, 8403978.134250430390239 ], [ 3376266.499765424989164, 8403977.866929780691862 ], [ 3376271.286503529641777, 8403975.149170376360416 ], [ 3376275.16042180871591, 8403956.347649194300175 ], [ 3376290.978921450208873, 8403871.875056363642216 ], [ 3376295.75452760560438, 8403864.702059101313353 ], [ 3376302.032946886494756, 8403861.115563089028001 ], [ 3376314.266958924476057, 8403861.51653771288693 ], [ 3376332.779390243347734, 8403863.298647409304976 ], [ 3376350.701828261371702, 8403862.608079850673676 ], [ 3376364.728084100876004, 8403860.224508451297879 ], [ 3376375.180984286591411, 8403857.84093782119453 ], [ 3376391.934567650780082, 8403851.603560386225581 ], [ 3376405.359698241110891, 8403843.227661859244108 ], [ 3376415.211473176255822, 8403834.562181120738387 ], [ 3376423.571566934231669, 8403828.881730129942298 ], [ 3376427.757179787848145, 8403822.91169224306941 ], [ 3376427.456617163028568, 8403817.854984832927585 ], [ 3376424.172692184336483, 8403813.667053574696183 ], [ 3376418.194835529197007, 8403813.087871776893735 ], [ 3376409.845873720012605, 8403815.471427921205759 ], [ 3376400.595224034506828, 8403822.64437722787261 ], [ 3376388.049517421983182, 8403830.997976066544652 ], [ 3376375.214380133897066, 8403837.859072335064411 ], [ 3376361.176992344204336, 8403842.047017354518175 ], [ 3376348.942980306223035, 8403843.53953024931252 ], [ 3376338.189517496153712, 8403843.227661859244108 ], [ 3376321.168767353985459, 8403841.735149025917053 ], [ 3376304.448579836636782, 8403840.554504757747054 ], [ 3376289.520636121276766, 8403840.844096733257174 ] ] ] } },
{ "type": "Feature", "properties": { "id": "42057517", "name": "Гора (ru)" }, "geometry": { "type": "Polygon", "coordinates": [ [ [ 3368493.827827817294747, 8408433.199850916862488 ], [ 3368493.827827817294747, 8408433.199850916862488 ], [ 3368453.229609524831176, 8408437.969956286251545 ], [ 3368467.556427990086377, 8408517.992278166115284 ], [ 3368477.107640300411731, 8408580.093765839934349 ], [ 3368496.221196869388223, 8408630.247898135334253 ], [ 3368515.32362148957327, 8408742.527520973235369 ], [ 3368533.246059506665915, 8408772.375419769436121 ], [ 3368549.966247024480253, 8408771.193984581157565 ], [ 3368596.542321971617639, 8408748.50154928304255 ], [ 3368681.345510058570653, 8408680.424663070589304 ], [ 3368704.032422282267362, 8408612.348406376317143 ], [ 3368704.032422282267362, 8408581.275170361623168 ], [ 3368671.783165799453855, 8408539.480314414948225 ], [ 3368586.991109661757946, 8408467.81662031263113 ], [ 3368552.348484126850963, 8408443.943737458437681 ], [ 3368523.694847197271883, 8408439.151337996125221 ], [ 3368493.827827817294747, 8408433.199850916862488 ] ] ] } },
{ "type": "Feature", "properties": { "id": "34129119", "name": "Холм (ru)" }, "geometry": { "type": "Polygon", "coordinates": [ [ [ 3302475.080236176028848, 8338323.782430017367005 ], [ 3302520.687831553630531, 8338306.383983690291643 ], [ 3302557.211756483651698, 8338400.817413914948702 ], [ 3302511.715480596292764, 8338418.503116921521723 ], [ 3302475.080236176028848, 8338323.782430017367005 ] ] ] } },
{ "type": "Feature", "properties": { "id": "34767763", "name": "Горка (ru)" }, "geometry": { "type": "Polygon", "coordinates": [ [ [ 3425495.551949864719063, 8331642.923174604773521 ], [ 3425525.407837295439094, 8331625.606634895317256 ], [ 3425438.222412106115371, 8331552.767316123470664 ], [ 3425395.831950012594461, 8331581.422068439424038 ], [ 3425495.551949864719063, 8331642.923174604773521 ] ] ] } },
{ "type": "Feature", "properties": { "id": "43421917", "name": "Горка (ru)" }, "geometry": { "type": "Polygon", "coordinates": [ [ [ 3389839.7632014923729, 8413680.467421034350991 ], [ 3389855.893395708408207, 8413672.704902401193976 ], [ 3389860.969564488623291, 8413677.478404270485044 ], [ 3389866.346295894123614, 8413677.768383456394076 ], [ 3389874.995820328127593, 8413676.876139843836427 ], [ 3389884.257601961959153, 8413676.876139843836427 ], [ 3389886.940401690546423, 8413678.058362651616335 ], [ 3389893.808814272284508, 8413683.746418431401253 ], [ 3389900.376664229668677, 8413689.412172483280301 ], [ 3389903.660589207429439, 8413697.174708735197783 ], [ 3389903.660589207429439, 8413706.431766981258988 ], [ 3389900.677226854488254, 8413719.280136995017529 ], [ 3389899.486108303070068, 8413726.440436266362667 ], [ 3389897.092739250976592, 8413735.697531322017312 ], [ 3389895.901620699558407, 8413743.750098174437881 ], [ 3389895.901620699558407, 8413749.728186741471291 ], [ 3389899.786670928355306, 8413761.372089611366391 ], [ 3389899.185545677319169, 8413765.855666317045689 ], [ 3389883.957039337139577, 8413763.758868910372257 ], [ 3389872.012457975186408, 8413754.814027108252048 ], [ 3389858.275632811244577, 8413751.824980152770877 ], [ 3389852.91003335500136, 8413743.170134615153074 ], [ 3389844.839370272587985, 8413727.622667038813233 ], [ 3389837.681527014821768, 8413705.539519894868135 ], [ 3389832.90592085942626, 8413692.401194095611572 ], [ 3389835.588720587547868, 8413686.133172560483217 ], [ 3389839.7632014923729, 8413680.467421034350991 ] ] ] } },
{ "type": "Feature", "properties": { "id": "24751124", "name": "Горки (ru)" }, "geometry": { "type": "Polygon", "coordinates": [ [ [ 3408272.623348394874483, 8343149.79041934479028 ], [ 3408275.606710747815669, 8343139.340103601105511 ], [ 3408272.912779071368277, 8343127.696745978668332 ], [ 3408251.416985398624092, 8343121.731465506367385 ], [ 3408241.865773088298738, 8343115.766189849935472 ], [ 3408239.182973360642791, 8343102.333290467038751 ], [ 3408235.297923131845891, 8343091.883041892200708 ], [ 3408220.369979416485876, 8343096.655246592126787 ], [ 3408199.464179045986384, 8343028.87255419511348 ], [ 3408212.310448282863945, 8343031.258635798469186 ], [ 3408220.069416791200638, 8343017.229370761662722 ], [ 3408225.746710821520537, 8342996.616341507993639 ], [ 3408232.904554079286754, 8342951.833463403396308 ], [ 3408222.162223218008876, 8342945.27181142847985 ], [ 3408212.009885657578707, 8342948.254379785619676 ], [ 3408203.649791899137199, 8342958.395121208392084 ], [ 3408191.70521053718403, 8343010.358354617841542 ], [ 3408197.671935243532062, 8343025.293433232232928 ], [ 3408219.768854166381061, 8343096.942462714388967 ], [ 3408213.50156683428213, 8343111.281189476139843 ], [ 3408214.692685386165977, 8343139.340103601105511 ], [ 3408224.845022946596146, 8343144.421650636941195 ], [ 3408235.297923131845891, 8343148.00082934089005 ], [ 3408254.110917076002806, 8343149.503201165236533 ], [ 3408272.623348394874483, 8343149.79041934479028 ] ] ] } },
{ "type": "Feature", "properties": { "id": "39602884", "name": "Холм с остатками очистных сооружений (ru)" }, "geometry": { "type": "Polygon", "coordinates": [ [ [ 3411410.530550722498447, 8383529.026915041729808 ], [ 3411386.051394697744399, 8383526.050109579227865 ], [ 3411370.232895055320114, 8383499.769856801256537 ], [ 3411372.314569532871246, 8383469.624322980642319 ], [ 3411391.428126102779061, 8383459.16116357408464 ], [ 3411411.432238598354161, 8383448.720233752392232 ], [ 3411426.660744938999414, 8383447.831644661724567 ], [ 3411439.495882227085531, 8383454.984789869748056 ], [ 3411439.195319601800293, 8383465.736735480837524 ], [ 3411440.097007477656007, 8383492.305660081095994 ], [ 3411429.944669917225838, 8383518.585886245593429 ], [ 3411410.530550722498447, 8383529.026915041729808 ] ] ] } },
{ "type": "Feature", "properties": { "id": "9805870", "name": "Холм Перемяки (ru)" }, "geometry": { "type": "Polygon", "coordinates": [ [ [ 3399358.882102360017598, 8450199.458049109205604 ], [ 3399363.657708514016122, 8450160.048819471150637 ], [ 3399345.735270496923476, 8450144.536256907507777 ], [ 3399280.056770929135382, 8450169.620893927291036 ], [ 3399278.854520428460091, 8450209.03017489798367 ], [ 3399309.912658359855413, 8450217.391784440726042 ], [ 3399358.882102360017598, 8450199.458049109205604 ] ] ] } },
{ "type": "Feature", "properties": { "id": "10599292", "name": "Семейная гора (ru)" }, "geometry": { "type": "Polygon", "coordinates": [ [ [ 3400373.748504074756056, 8436327.156245175749063 ], [ 3400420.024016397539526, 8436319.392167847603559 ], [ 3400474.069629177451134, 8436301.783181354403496 ], [ 3400520.356273449491709, 8436271.622016569599509 ], [ 3400542.442060422617942, 8436230.117055140435696 ], [ 3400522.148517251480371, 8436165.92466782592237 ], [ 3400487.205329091288149, 8436114.866501286625862 ], [ 3400456.45888573396951, 8436077.859620600938797 ], [ 3400352.842703703325242, 8436108.601719994097948 ], [ 3400314.626722514629364, 8436128.895155891776085 ], [ 3400300.600466674659401, 8436183.846571087837219 ], [ 3400285.672522959299386, 8436244.011681908741593 ], [ 3400333.13915383303538, 8436318.206300850957632 ], [ 3400373.748504074756056, 8436327.156245175749063 ] ] ] } },
{ "type": "Feature", "properties": { "id": "24521588", "name": "Чёртова горка (ru)" }, "geometry": { "type": "Polygon", "coordinates": [ [ [ 3373335.657947921659797, 8423255.385878155007958 ], [ 3373395.380854731891304, 8423200.441631471738219 ], [ 3373435.979073024354875, 8423138.350659577175975 ], [ 3373421.652254559099674, 8423030.854111580178142 ], [ 3373283.104016317985952, 8422997.419498851522803 ], [ 3373187.558497370220721, 8423097.723792875185609 ], [ 3373249.663641283754259, 8423219.560395961627364 ], [ 3373335.657947921659797, 8423255.385878155007958 ] ] ] } },
{ "type": "Feature", "properties": { "id": "40207982", "name": "Насыпь, холм (ru)" }, "geometry": { "type": "Polygon", "coordinates": [ [ [ 3320930.293336830101907, 8375641.158367702737451 ], [ 3320936.115346198435873, 8375653.807369667105377 ], [ 3320944.887322073336691, 8375673.868287460878491 ], [ 3320953.291943627409637, 8375690.511789445765316 ], [ 3320961.796752724796534, 8375703.671278283931315 ], [ 3320970.757971732877195, 8375715.366155691444874 ], [ 3320978.817502866499126, 8375723.86548051610589 ], [ 3320986.209117055870593, 8375730.256624177098274 ], [ 3320997.029371560551226, 8375736.714347875677049 ], [ 3321020.773818946443498, 8375749.407896855846047 ], [ 3321036.447603250388056, 8375756.42042629327625 ], [ 3321063.910121629480273, 8375767.00580772664398 ], [ 3321115.083691546227783, 8375783.738286530598998 ], [ 3321066.748768644407392, 8375760.148609215393662 ], [ 3321043.427335323300213, 8375747.344084083102643 ], [ 3321025.549425101373345, 8375740.620052927173674 ], [ 3321008.829237584490329, 8375731.588113136589527 ], [ 3320994.346571831963956, 8375723.088779408484697 ], [ 3320984.906679013278335, 8375714.456306881271303 ], [ 3320973.440771461464465, 8375699.54367891792208 ], [ 3320967.028768791351467, 8375690.289875840768218 ], [ 3320962.208634840324521, 8375678.639420854859054 ], [ 3320957.165861907415092, 8375663.860013020224869 ], [ 3320954.483062179759145, 8375653.807369667105377 ], [ 3320953.247415831312537, 8375643.444062941707671 ], [ 3320952.846665664575994, 8375634.700727694667876 ], [ 3320955.228902767412364, 8375624.004580406472087 ], [ 3320959.258668334688991, 8375606.517966392450035 ], [ 3320961.351474761031568, 8375595.222700959071517 ], [ 3320962.542593312449753, 8375583.084193349815905 ], [ 3320965.236524989828467, 8375533.909017820842564 ], [ 3320956.275305980816483, 8375563.112286479212344 ], [ 3320951.644415163900703, 8375582.08559672255069 ], [ 3320947.24729527765885, 8375593.380842028185725 ], [ 3320939.25455583864823, 8375616.52616299316287 ], [ 3320936.716471448540688, 8375619.433202687650919 ], [ 3320934.178387058433145, 8375620.453995526768267 ], [ 3320931.417663687374443, 8375619.433202687650919 ], [ 3320927.309974476695061, 8375615.682899784296751 ], [ 3320879.843343602959067, 8375561.33700848557055 ], [ 3320892.233202927280217, 8375584.127172197215259 ], [ 3320909.543383746407926, 8375608.2932552639395 ], [ 3320919.395158681552857, 8375621.763273502700031 ], [ 3320924.927737373393029, 8375631.305475944653153 ], [ 3320930.293336830101907, 8375641.158367702737451 ] ] ] } },
{ "type": "Feature", "properties": { "id": "34891373", "name": "Орлиная гора (ru)" }, "geometry": { "type": "Polygon", "coordinates": [ [ [ 3400969.085140836890787, 8439961.689298022538424 ], [ 3400968.21684880880639, 8439947.563784580677748 ], [ 3400965.634236622601748, 8439933.617385104298592 ], [ 3400961.370700125116855, 8439920.11872830055654 ], [ 3400955.493031011428684, 8439907.224512113258243 ], [ 3400948.101416822057217, 8439895.136204972863197 ], [ 3400939.273781202733517, 8439884.055274227634072 ], [ 3400929.165971438866109, 8439874.116029342636466 ], [ 3400917.933834817726165, 8439865.497550848871469 ], [ 3400905.722086677327752, 8439858.311762219294906 ], [ 3400892.731102101970464, 8439852.648201676085591 ], [ 3400879.150124225299805, 8439848.641179263591766 ], [ 3400865.168396181892604, 8439846.290692271664739 ], [ 3400851.019688901491463, 8439845.686281453818083 ], [ 3400836.893245519604534, 8439846.783175198361278 ], [ 3400823.011705018114299, 8439849.603759866207838 ], [ 3400809.575442478992045, 8439854.103266222402453 ], [ 3400796.784832987003028, 8439860.214540455490351 ], [ 3400784.840251625515521, 8439867.825658328831196 ], [ 3400773.908677629195154, 8439876.824696097522974 ], [ 3400764.157090235501528, 8439887.099730305373669 ], [ 3400755.730204783380032, 8439898.494066076353192 ], [ 3400748.750472710467875, 8439910.828622346743941 ], [ 3400743.329213508404791, 8439923.924317263066769 ], [ 3400739.544350821059197, 8439937.579682104289532 ], [ 3400737.45154439471662, 8439951.570860916748643 ], [ 3400737.08419007435441, 8439965.74115395732224 ], [ 3400738.43115591397509, 8439979.844316329807043 ], [ 3400741.503573859576136, 8439993.678873324766755 ], [ 3400746.234652217943221, 8440007.043348738923669 ], [ 3400752.557599294930696, 8440019.713878855109215 ], [ 3400760.372227548621595, 8440031.533757023513317 ], [ 3400769.57834943709895, 8440042.301503488793969 ], [ 3400780.020117674022913, 8440051.860410135239363 ], [ 3400791.552816920448095, 8440060.098541056737304 ], [ 3400804.009467939846218, 8440066.859188007190824 ], [ 3400817.189695649314672, 8440072.052801804617047 ], [ 3400830.904256915673614, 8440075.589833989739418 ], [ 3400844.952776653226465, 8440077.44789588265121 ], [ 3400859.11261588241905, 8440077.582213629037142 ], [ 3400873.194531467743218, 8440075.970400845631957 ], [ 3400886.964752478990704, 8440072.657231234014034 ], [ 3400900.245167730376124, 8440067.687479617074132 ], [ 3400912.813138241413981, 8440061.150694312527776 ], [ 3400924.479420876596123, 8440053.13642437569797 ], [ 3400935.099300297908485, 8440043.734219383448362 ], [ 3400944.483533371705562, 8440033.123173909261823 ], [ 3400952.509668657556176, 8440021.459996024146676 ], [ 3400959.04412276763469, 8440008.879007225856185 ], [ 3400964.008972056675702, 8439995.626458682119846 ], [ 3400967.315160932950675, 8439981.836670020595193 ], [ 3400969.085140836890787, 8439961.689298022538424 ] ] ] } },
{ "type": "Feature", "properties": { "id": "29460301", "name": "Цветочная (Ботаническая) горка (ru)" }, "geometry": { "type": "Polygon", "coordinates": [ [ [ 3352593.74213129049167, 8303705.545266724191606 ], [ 3352593.74213129049167, 8303712.819361103698611 ], [ 3352592.795915619470179, 8303720.027534195221961 ], [ 3352590.914616224355996, 8303727.059904951602221 ], [ 3352588.142760903574526, 8303733.76263955514878 ], [ 3352584.502613555174321, 8303740.069808480329812 ], [ 3352580.072097821626812, 8303745.849553365260363 ], [ 3352574.9402692951262, 8303750.991991778835654 ], [ 3352569.162787723354995, 8303755.431193623691797 ], [ 3352562.86210454441607, 8303759.05727631598711 ], [ 3352527.3734508799389, 8303654.648782285861671 ], [ 3352534.586953883059323, 8303653.703816328197718 ], [ 3352541.867248581256717, 8303653.703816328197718 ], [ 3352549.08075158437714, 8303654.648782285861671 ], [ 3352556.105011453386396, 8303656.516738609410822 ], [ 3352562.828708697576076, 8303659.307685991749167 ], [ 3352569.12939187604934, 8303662.93372156471014 ], [ 3352574.8957414990291, 8303667.372870567254722 ], [ 3352580.04983392264694, 8303672.515254424884915 ], [ 3352584.48034965666011, 8303678.272970505058765 ], [ 3352588.120497005991638, 8303684.580092120915651 ], [ 3352590.903484275564551, 8303691.304764294065535 ], [ 3352592.784783669747412, 8303698.3151316633448 ], [ 3352593.74213129049167, 8303705.545266724191606 ] ] ] } },
{ "type": "Feature", "properties": { "id": "29151771", "name": "Большеижорская гора (ru)" }, "geometry": { "type": "Polygon", "coordinates": [ [ [ 3290544.491734050679952, 8386906.920739105902612 ], [ 3290495.522290050517768, 8386868.693571354262531 ], [ 3290489.555565343704075, 8386783.905531968921423 ], [ 3290528.361539834644645, 8386666.848523460328579 ], [ 3290574.948746731504798, 8386619.088375709019601 ], [ 3290648.397346756886691, 8386636.401115698739886 ], [ 3290698.557909308932722, 8386757.013592192903161 ], [ 3290673.477628032676876, 8386835.845035615377128 ], [ 3290544.491734050679952, 8386906.920739105902612 ] ] ] } },
{ "type": "Feature", "properties": { "id": "39406959", "name": "Склон (ru)" }, "geometry": { "type": "Polygon", "coordinates": [ [ [ 3374001.626801592297852, 8408647.835361443459988 ], [ 3374006.402407747227699, 8408657.687925791367888 ], [ 3374013.849681681487709, 8408670.817268457263708 ], [ 3374021.931476712692529, 8408681.27171934582293 ], [ 3374032.974370200186968, 8408697.700172167271376 ], [ 3374039.842782781459391, 8408718.29709018394351 ], [ 3374042.091436495538801, 8408731.627160914242268 ], [ 3374042.826145135331899, 8408742.795014675706625 ], [ 3374041.946721157990396, 8408752.60312376357615 ], [ 3374040.154477356467396, 8408761.564180312678218 ], [ 3374029.690445221494883, 8408791.45673886872828 ], [ 3374028.655173956416547, 8408808.888547912240028 ], [ 3374033.430780111812055, 8408823.667722694575787 ], [ 3374038.952226855326444, 8408830.979301281273365 ], [ 3374047.913445864338428, 8408839.048795830458403 ], [ 3374064.93419600604102, 8408846.806218821555376 ], [ 3374082.544939449988306, 8408853.850322637706995 ], [ 3374096.437611900735646, 8408856.124053794890642 ], [ 3374111.365555616095662, 8408854.563649984076619 ], [ 3374124.924269594717771, 8408850.573476038873196 ], [ 3374136.891114855185151, 8408842.771466188132763 ], [ 3374147.934008342213929, 8408829.664108257740736 ], [ 3374167.938120837789029, 8408773.846641210839152 ], [ 3374187.942233333364129, 8408736.820990992709994 ], [ 3374206.755227277521044, 8408708.756519261747599 ], [ 3374217.486426189541817, 8408698.591812446713448 ], [ 3374226.147082573268563, 8408692.328041769564152 ], [ 3374233.037759053055197, 8408686.465513898059726 ], [ 3374236.922809281852096, 8408679.443861188367009 ], [ 3374236.466399369761348, 8408669.814176931977272 ], [ 3374234.228877604473382, 8408660.786359384655952 ], [ 3374224.978227919433266, 8408648.236596837639809 ], [ 3374212.588368594180793, 8408635.263330159708858 ], [ 3374199.742099357303232, 8408626.101810242980719 ], [ 3374181.007029056549072, 8408617.519861541688442 ], [ 3374164.587404164951295, 8408613.574397573247552 ], [ 3374139.128636620007455, 8408613.507525322958827 ], [ 3374068.20698903594166, 8408619.48144893348217 ], [ 3374036.558857803232968, 8408624.541455190628767 ], [ 3374010.565756703261286, 8408633.502355856820941 ], [ 3374000.435683040879667, 8408638.272591011598706 ], [ 3374001.626801592297852, 8408647.835361443459988 ] ] ] } },
{ "type": "Feature", "properties": { "id": "33617478", "name": "Горка (ru)" }, "geometry": { "type": "Polygon", "coordinates": [ [ [ 3379306.690718734636903, 8404008.475207395851612 ], [ 3379321.618662449996918, 8404031.776790795847774 ], [ 3379348.491187527775764, 8404050.890381747856736 ], [ 3379369.385855949483812, 8404060.447195829823613 ], [ 3379385.51605016598478, 8404061.026397081092 ], [ 3379396.258381027262658, 8404043.115733288228512 ], [ 3379374.161462104413658, 8404006.091588778421283 ], [ 3379332.962118562310934, 8403986.398918684571981 ], [ 3379313.258568691555411, 8403994.151230487972498 ], [ 3379306.690718734636903, 8404008.475207395851612 ] ] ] } },
{ "type": "Feature", "properties": { "id": "40523605", "name": "Небольшой терренкур (ru)" }, "geometry": { "type": "Polygon", "coordinates": [ [ [ 3351240.11938714236021, 8301553.320850372314453 ], [ 3351228.475368405692279, 8301554.50721494667232 ], [ 3351218.623593470547348, 8301559.582221115007997 ], [ 3351206.37844948284328, 8301560.768586694262922 ], [ 3351201.302280702628195, 8301557.187520802021027 ], [ 3351199.220606225077063, 8301551.826910063624382 ], [ 3351215.039105866570026, 8301516.895156536251307 ], [ 3351246.687237098813057, 8301482.556744486093521 ], [ 3351276.843687155283988, 8301457.182012650184333 ], [ 3351279.827049508225173, 8301489.71880575735122 ], [ 3351268.183030771557242, 8301520.476202924735844 ], [ 3351249.080606151837856, 8301544.049637457355857 ], [ 3351240.11938714236021, 8301553.320850372314453 ] ] ] } },
{ "type": "Feature", "properties": { "id": "35379708", "name": "Высота 104.5 (ru)" }, "geometry": { "type": "Polygon", "coordinates": [ [ [ 3403832.968284628819674, 8430651.118964713066816 ], [ 3403829.472852617036551, 8430624.021590482443571 ], [ 3403819.353910903912038, 8430598.645839627832174 ], [ 3403803.101265248376876, 8430576.713212732225657 ], [ 3403781.861506405286491, 8430559.609833480790257 ], [ 3403756.981600212398916, 8430548.274674637243152 ], [ 3403730.031151492148638, 8430543.624358111992478 ], [ 3403702.869195737875998, 8430545.994230590760708 ], [ 3403677.065337772015482, 8430555.048939064145088 ], [ 3403654.478613090701401, 8430570.296646183356643 ], [ 3403636.378063887357712, 8430590.753663597628474 ], [ 3403624.043864307459444, 8430615.123299596831203 ], [ 3403618.266382735688239, 8430641.773489383980632 ], [ 3403619.335049846675247, 8430669.072148004546762 ], [ 3403627.316657336428761, 8430695.230662880465388 ], [ 3403641.576684107538313, 8430718.482754210010171 ], [ 3403661.257970080245286, 8430737.442206164821982 ], [ 3403685.046945261768997, 8430750.834584349766374 ], [ 3403711.429664580151439, 8430757.765540897846222 ], [ 3403738.803127366583794, 8430757.8326147031039 ], [ 3403765.252638379111886, 8430751.058163488283753 ], [ 3403789.130669154692441, 8430737.799932142719626 ], [ 3403808.878746821079403, 8430718.97462616674602 ], [ 3403823.272356980480254, 8430695.74489102512598 ], [ 3403832.968284628819674, 8430651.118964713066816 ] ] ] } },
{ "type": "Feature", "properties": { "id": "35379719", "name": "Высота 101.1 (ru)" }, "geometry": { "type": "Polygon", "coordinates": [ [ [ 3404738.118196217808872, 8430847.734421184286475 ], [ 3404736.927077666390687, 8430834.610164565965533 ], [ 3404734.53370861383155, 8430821.463573237881064 ], [ 3404730.949221010319889, 8430809.524342292919755 ], [ 3404726.173614855390042, 8430797.585130730643868 ], [ 3404719.015771597158164, 8430785.62358052842319 ], [ 3404710.644545889925212, 8430776.076712364330888 ], [ 3404701.093333579599857, 8430766.529856598004699 ], [ 3404691.542121269274503, 8430759.352954445406795 ], [ 3404679.597539907786995, 8430752.198417218402028 ], [ 3404667.652958545368165, 8430747.413824329152703 ], [ 3404655.708377183414996, 8430743.836560653522611 ], [ 3404642.57267726957798, 8430741.444266540929675 ], [ 3404629.436977356206626, 8430740.259298717603087 ], [ 3404616.30127744236961, 8430741.444266540929675 ], [ 3404604.356696080882102, 8430743.836560653522611 ], [ 3404591.220996167045087, 8430748.598793305456638 ], [ 3404579.276414804626256, 8430754.590714829042554 ], [ 3404568.522951994091272, 8430760.560283290222287 ], [ 3404558.971739683765918, 8430768.922158867120743 ], [ 3404549.420527373906225, 8430778.469017745926976 ], [ 3404542.251552166882902, 8430789.223222563043237 ], [ 3404535.08257695985958, 8430801.162420550361276 ], [ 3404530.306970804464072, 8430813.101637920364738 ], [ 3404526.722483200952411, 8430825.040874671190977 ], [ 3404525.531364649534225, 8430838.187472391873598 ], [ 3404524.34024609811604, 8430851.311735397204757 ], [ 3404525.531364649534225, 8430864.45838007889688 ], [ 3404529.115852253045887, 8430876.397700203582644 ], [ 3404532.700339857023209, 8430889.544389728456736 ], [ 3404538.667064563371241, 8430900.298756968230009 ], [ 3404545.836039769928902, 8430912.2381352763623 ], [ 3404554.196133528836071, 8430921.785180190578103 ], [ 3404563.747345839161426, 8430930.14723907969892 ], [ 3404574.500808649230748, 8430938.509307475760579 ], [ 3404586.434258062392473, 8430944.479025226086378 ], [ 3404598.378839424811304, 8430949.263746319338679 ], [ 3404611.525671287439764, 8430952.841109918430448 ], [ 3404623.459120700601488, 8430954.026111992076039 ], [ 3404636.605952563229948, 8430954.026111992076039 ], [ 3404649.741652477066964, 8430952.841109918430448 ], [ 3404662.877352389972657, 8430949.263746319338679 ], [ 3404674.821933752391487, 8430944.479025226086378 ], [ 3404686.766515114810318, 8430938.509307475760579 ], [ 3404697.508845976088196, 8430931.332237498834729 ], [ 3404707.071190235670656, 8430922.970177264884114 ], [ 3404715.431283994112164, 8430913.423130808398128 ], [ 3404722.589127252344042, 8430902.668744379654527 ], [ 3404728.566983907483518, 8430890.729381607845426 ], [ 3404733.342590062413365, 8430878.790038216859102 ], [ 3404736.927077666390687, 8430865.643367914482951 ], [ 3404738.118196217808872, 8430847.734421184286475 ] ] ] } },
{ "type": "Feature", "properties": { "id": "1458679", "name": "Гора Осельская (ru)" }, "geometry": { "type": "Polygon", "coordinates": [ [ [ 3388957.266806280240417, 8452927.12165318056941 ], [ 3388978.82939164666459, 8452928.960541551932693 ], [ 3388999.312177951913327, 8452935.912440788000822 ], [ 3389017.546310544479638, 8452947.573705887421966 ], [ 3389032.46312231104821, 8452963.249166402965784 ], [ 3389043.183189273811877, 8452982.041822662577033 ], [ 3389049.10538618452847, 8453002.852839380502701 ], [ 3389049.873490670695901, 8453024.471242448315024 ], [ 3389045.442974936682731, 8453045.641192566603422 ], [ 3389036.081005761865526, 8453065.151687901467085 ], [ 3389022.310784750618041, 8453081.83656639046967 ], [ 3389004.956076135858893, 8453094.753917690366507 ], [ 3388985.007623385172337, 8453103.141237813979387 ], [ 3388963.634281152393669, 8453106.505138952285051 ], [ 3388942.071695786900818, 8453104.666206140071154 ], [ 3388921.588909480720758, 8453097.714147232472897 ], [ 3388903.35477688908577, 8453086.075069781392813 ], [ 3388888.437965121585876, 8453070.399347214028239 ], [ 3388877.706766210030764, 8453051.606464954093099 ], [ 3388871.795701248105615, 8453030.795310139656067 ], [ 3388871.027596761938184, 8453009.15446275100112 ], [ 3388875.458112495951355, 8452987.984617760404944 ], [ 3388884.820081671699882, 8452968.474327340722084 ], [ 3388898.590302682947367, 8452951.789706284180284 ], [ 3388915.945011297706515, 8452938.872606329619884 ], [ 3388935.893464047461748, 8452930.485473725944757 ], [ 3388957.266806280240417, 8452927.12165318056941 ] ] ] } },
{ "type": "Feature", "properties": { "id": "42461524", "name": "Горка (ru)" }, "geometry": { "type": "Polygon", "coordinates": [ [ [ 3323603.953734753653407, 8333538.7672223681584 ], [ 3323604.699575342237949, 8333549.071572362445295 ], [ 3323610.076306747738272, 8333591.767479778267443 ], [ 3323615.898316115606576, 8333642.07615249697119 ], [ 3323637.984103088732809, 8333624.159164861775935 ], [ 3323658.288778210058808, 8333553.705224793404341 ], [ 3323666.359441292472184, 8333535.479541990906 ], [ 3323674.118409800343215, 8333495.475870450027287 ], [ 3323677.101772154215723, 8333433.981404556892812 ], [ 3323681.287385007832199, 8333373.965770691633224 ], [ 3323686.953547089360654, 8333349.165334952063859 ], [ 3323696.515891348477453, 8333330.653320195153356 ], [ 3323705.165415782481432, 8333290.055023559369147 ], [ 3323719.2028035717085, 8333264.968035488389432 ], [ 3323730.245697058737278, 8333244.669039776548743 ], [ 3323762.494953541085124, 8333210.933114846237004 ], [ 3323790.269166494254023, 8333188.229299187660217 ], [ 3323811.16383491596207, 8333168.239408472552896 ], [ 3323818.332810123451054, 8333161.377548966556787 ], [ 3323780.116828933823854, 8333167.643684082664549 ], [ 3323733.830184661783278, 8333203.166592796333134 ], [ 3323696.515891348477453, 8333238.093942252919078 ], [ 3323679.795703831594437, 8333251.53097664937377 ], [ 3323637.394109788350761, 8333322.312999741174281 ], [ 3323631.716815757099539, 8333339.920353963971138 ], [ 3323624.547840550541878, 8333363.198311494663358 ], [ 3323617.389997292775661, 8333418.138995014131069 ], [ 3323599.768121899105608, 8333473.984743087552488 ], [ 3323595.894203620031476, 8333492.497117032296956 ], [ 3323603.953734753653407, 8333538.7672223681584 ] ] ] } },
{ "type": "Feature", "properties": { "id": "27817718", "name": "Холм (ru)" }, "geometry": { "type": "Polygon", "coordinates": [ [ [ 3381544.078900290187448, 8406980.467644134536386 ], [ 3381543.822865461930633, 8406976.36705682054162 ], [ 3381543.07702487334609, 8406972.311043353751302 ], [ 3381541.841378525830805, 8406968.411032516509295 ], [ 3381540.138190316502005, 8406964.667024053633213 ], [ 3381537.9897241438739, 8406961.145874975249171 ], [ 3381535.429375856183469, 8406957.936727911233902 ], [ 3381532.501673248130828, 8406955.061868192628026 ], [ 3381529.240012167952955, 8406952.565866865217686 ], [ 3381525.700052361004055, 8406950.471009260043502 ], [ 3381521.926321622915566, 8406948.82186646014452 ], [ 3381517.9856116482988, 8406947.663009574636817 ], [ 3381513.933582183439285, 8406946.99443837814033 ], [ 3381509.825892973691225, 8406946.816152738407254 ], [ 3381505.72933571273461, 8406947.128152614459395 ], [ 3381501.699570145457983, 8406947.95272378064692 ], [ 3381497.803387967869639, 8406949.245294980704784 ], [ 3381494.0964489239268, 8406951.028152180835605 ], [ 3381490.623280811589211, 8406953.234438564628363 ], [ 3381487.450675324071199, 8406955.841868782415986 ], [ 3381484.623160257935524, 8406958.828157510608435 ], [ 3381482.185263409744948, 8406962.126447968184948 ], [ 3381480.159248676616699, 8406965.714454799890518 ], [ 3381478.578511908184737, 8406969.5030353423208 ], [ 3381477.487580897752196, 8406973.469904117286205 ], [ 3381476.875323698855937, 8406977.52591822296381 ], [ 3381476.77513615693897, 8406981.648791991174221 ], [ 3381477.164754374884069, 8406985.727096423506737 ], [ 3381478.055310300551355, 8406989.73854561150074 ], [ 3381479.424540037754923, 8406993.616281900554895 ], [ 3381481.261311635840684, 8406997.293447513133287 ], [ 3381483.532229248434305, 8407000.725470406934619 ], [ 3381486.192765078507364, 8407003.845492608845234 ], [ 3381489.231787176802754, 8407006.631227834150195 ], [ 3381492.571371900383383, 8407009.015818020328879 ], [ 3381496.1892553512007, 8407010.97697689011693 ], [ 3381500.007513885851949, 8407012.492418188601732 ], [ 3381503.992751656100154, 8407013.517569832503796 ], [ 3381508.067045019473881, 8407014.052431616932154 ], [ 3381512.17473422922194, 8407014.074717525392771 ], [ 3381516.260159541387111, 8407013.628999365493655 ], [ 3381520.25652926042676, 8407012.648419516161084 ], [ 3381524.108183641918004, 8407011.22212178260088 ], [ 3381527.748330991249532, 8407009.327820535749197 ], [ 3381531.143575460650027, 8407006.98780201561749 ], [ 3381534.215993406251073, 8407004.268924292176962 ], [ 3381536.943320930935442, 8407001.19347365014255 ], [ 3381539.269898288883269, 8406997.806022258475423 ], [ 3381541.173461580649018, 8406994.151142239570618 ], [ 3381542.609483012463897, 8406990.317977339029312 ], [ 3381543.566830633208156, 8406986.306527834385633 ], [ 3381544.078900290187448, 8406980.467644134536386 ] ] ] } },
{ "type": "Feature", "properties": { "id": "29697729", "name": "Холм с липой (ru)" }, "geometry": { "type": "Polygon", "coordinates": [ [ [ 3405944.398462351411581, 8335290.095269089564681 ], [ 3406023.223793782293797, 8335304.440916802734137 ], [ 3406016.054818575270474, 8335347.433886350132525 ], [ 3405934.847250041551888, 8335328.32096447609365 ], [ 3405938.420605696272105, 8335280.560946328565478 ], [ 3405944.398462351411581, 8335290.095269089564681 ] ] ] } },
{ "type": "Feature", "properties": { "id": "42938771", "name": "Искусственный холм (ru)" }, "geometry": { "type": "Polygon", "coordinates": [ [ [ 3395612.213132679462433, 8378715.415316309779882 ], [ 3395606.769609579816461, 8378717.058151126839221 ], [ 3395601.426274021156132, 8378718.168174862861633 ], [ 3395595.826903635170311, 8378718.723186791874468 ], [ 3395592.097700692713261, 8378718.168174862861633 ], [ 3395588.813775714952499, 8378716.636342152953148 ], [ 3395585.496454888954759, 8378714.016686954535544 ], [ 3395582.624412026721984, 8378710.664417674764991 ], [ 3395580.86556407250464, 8378707.112345930188894 ], [ 3395579.97500814544037, 8378702.894262957386672 ], [ 3395580.041799840051681, 8378698.49857905972749 ], [ 3395581.054807206150144, 8378695.14631683472544 ], [ 3395582.991766346152872, 8378691.039242682047188 ], [ 3395585.641170227434486, 8378687.265176555141807 ], [ 3395588.513213089667261, 8378684.023921308107674 ], [ 3395591.797138067893684, 8378681.11567295063287 ], [ 3395596.238785750698298, 8378678.451629660092294 ], [ 3395601.61551715573296, 8378676.298195368610322 ], [ 3395610.009006761945784, 8378672.746140182949603 ], [ 3395613.78273749910295, 8378670.703709227964282 ], [ 3395617.478544594254345, 8378668.261672955937684 ], [ 3395621.619629651773721, 8378664.199014406651258 ], [ 3395626.139200977515429, 8378658.426935075782239 ], [ 3395631.215369758196175, 8378650.945438970811665 ], [ 3395634.799857361242175, 8378645.572974641807377 ], [ 3395638.117178187239915, 8378642.48713946249336 ], [ 3395641.067144693341106, 8378640.799920773133636 ], [ 3395643.794472217094153, 8378640.400316404178739 ], [ 3395646.143313473556191, 8378640.799920773133636 ], [ 3395650.13968319259584, 8378642.020934261381626 ], [ 3395655.505282649304718, 8378646.061380325816572 ], [ 3395658.533172798808664, 8378649.724424004554749 ], [ 3395661.338423966895789, 8378653.454070345498621 ], [ 3395662.71878565242514, 8378656.628711281344295 ], [ 3395664.388578013982624, 8378662.933596628718078 ], [ 3395664.800460130441934, 8378667.640063852071762 ], [ 3395663.275383106432855, 8378671.858126656152308 ], [ 3395659.802214993629605, 8378677.00860661175102 ], [ 3395654.72604621341452, 8378682.825101234950125 ], [ 3395618.524947807192802, 8378712.462654646486044 ], [ 3395612.213132679462433, 8378715.415316309779882 ] ] ] } },
{ "type": "Feature", "properties": { "id": "15548607", "name": "Крестовая гора (ru)" }, "geometry": { "type": "Polygon", "coordinates": [ [ [ 3397038.293733384925872, 8437433.296613490208983 ], [ 3397118.321315316017717, 8437472.704801201820374 ], [ 3397194.753277694806457, 8437407.024605698883533 ], [ 3397180.426459229551256, 8437327.000737937167287 ], [ 3397105.174483453854918, 8437292.359803562983871 ], [ 3397021.573545867577195, 8437352.08642602711916 ], [ 3397038.293733384925872, 8437433.296613490208983 ] ] ] } },
{ "type": "Feature", "properties": { "id": "34830362", "name": "Церковный холм (ru)" }, "geometry": { "type": "Polygon", "coordinates": [ [ [ 3359980.057512202300131, 8358668.205458519048989 ], [ 3359972.599106318783015, 8358662.825390604324639 ], [ 3359966.621249663643539, 8358651.467482334002852 ], [ 3359964.840137810911983, 8358639.821769985370338 ], [ 3359964.840137810911983, 8358627.578293737024069 ], [ 3359968.413493465166539, 8358615.932619087398052 ], [ 3359972.899668944068253, 8358603.401362333446741 ], [ 3359977.074149848893285, 8358592.951284637674689 ], [ 3359982.150318629108369, 8358585.77793478500098 ], [ 3359988.4176059612073, 8358582.811181019060314 ], [ 3359999.171068771742284, 8358583.386819717474282 ], [ 3360006.930037279613316, 8358590.272347613237798 ], [ 3360014.700137737207115, 8358602.51576195564121 ], [ 3360018.574056016746908, 8358616.840361128561199 ], [ 3360016.492381538730115, 8358635.94724998716265 ], [ 3360009.62396895699203, 8358646.995172374881804 ], [ 3359998.56994352163747, 8358658.3309335866943 ], [ 3359993.204344064928591, 8358665.504353972151875 ], [ 3359988.4176059612073, 8358669.37888949085027 ], [ 3359980.057512202300131, 8358668.205458519048989 ] ] ] } },
{ "type": "Feature", "properties": { "id": "34880575", "name": "Вершина Сосновой горы (ru)" }, "geometry": { "type": "Polygon", "coordinates": [ [ [ 3401378.217665349598974, 8437343.828951004892588 ], [ 3401377.627672048285604, 8437334.07216320745647 ], [ 3401375.835428246762604, 8437324.449655808508396 ], [ 3401372.896593689918518, 8437315.118073454126716 ], [ 3401368.844564225059003, 8437306.234060009941459 ], [ 3401363.734999597538263, 8437297.887125171720982 ], [ 3401357.645823451224715, 8437290.23391174338758 ], [ 3401350.677223327104002, 8437283.38630647957325 ], [ 3401342.91825481923297, 8437277.433818196877837 ], [ 3401334.491369366180152, 8437272.465955724939704 ], [ 3401325.519018408376724, 8437268.572228027507663 ], [ 3401316.14591728290543, 8437265.797388857230544 ], [ 3401306.49451743112877, 8437264.186192400753498 ], [ 3401296.731798089109361, 8437263.761015618219972 ], [ 3401286.980210695415735, 8437264.521858301013708 ], [ 3401277.395602537784725, 8437266.468720821663737 ], [ 3401268.122688955161721, 8437269.57922637462616 ], [ 3401259.295053335372359, 8437273.786243174225092 ], [ 3401251.046279067639261, 8437279.045017557218671 ], [ 3401243.498817591927946, 8437285.243662832304835 ], [ 3401236.76398839848116, 8437292.337425749748945 ], [ 3401230.9531109794043, 8437300.214419722557068 ], [ 3401226.132977028377354, 8437308.718002235516906 ], [ 3401222.39264213712886, 8437317.758663903921843 ], [ 3401219.776634103618562, 8437327.179761277511716 ], [ 3401218.329480722546577, 8437336.847028141841292 ], [ 3401218.084577843546867, 8437346.626197602599859 ], [ 3401219.019661566242576, 8437356.360624058172107 ], [ 3401221.134731891565025, 8437365.916039111092687 ], [ 3401224.396392971742898, 8437375.135795621201396 ], [ 3401228.760117010213435, 8437383.885623775422573 ], [ 3401234.159112313762307, 8437392.031253205612302 ], [ 3401240.504323289729655, 8437399.46079121530056 ], [ 3401247.717826292850077, 8437406.084723001345992 ], [ 3401255.677169884089381, 8437411.746399156749249 ], [ 3401264.271034573670477, 8437416.423439268022776 ], [ 3401273.376968920230865, 8437420.003950454294682 ], [ 3401282.839125637430698, 8437422.465552909299731 ], [ 3401292.53505328623578, 8437423.741110868752003 ], [ 3401302.3200365267694, 8437423.808245502412319 ], [ 3401312.038228072691709, 8437422.711713200435042 ], [ 3401321.544912586454302, 8437420.429136276245117 ], [ 3401330.706506678834558, 8437417.005272218957543 ], [ 3401339.378295011818409, 8437412.484878974035382 ], [ 3401347.43782614544034, 8437406.957471214234829 ], [ 3401354.762648639269173, 8437400.467807488515973 ], [ 3401361.24144300352782, 8437393.150159051641822 ], [ 3401366.774021696299314, 8437385.09404075704515 ], [ 3401371.293593022506684, 8437376.411345368251204 ], [ 3401374.722233338747174, 8437367.258721379563212 ], [ 3401377.004282899666578, 8437357.74806060269475 ], [ 3401378.217665349598974, 8437343.828951004892588 ] ] ] } },
{ "type": "Feature", "properties": { "id": "14781453", "name": "Царский Валик (ru)" }, "geometry": { "type": "Polygon", "coordinates": [ [ [ 3347474.258937249425799, 8333612.707319911569357 ], [ 3347479.880571534857154, 8333616.546664797700942 ], [ 3347484.578254045918584, 8333621.489272642880678 ], [ 3347488.140477751381695, 8333627.292428037151694 ], [ 3347490.422527313232422, 8333633.713415176607668 ], [ 3347491.313083239365369, 8333640.465387050993741 ], [ 3347490.78988163266331, 8333647.261495699174702 ], [ 3347488.864054441452026, 8333653.792826781049371 ], [ 3347485.61352531099692, 8333659.794595566578209 ], [ 3347481.194141526240855, 8333664.979951208457351 ], [ 3347475.795146222691983, 8333669.128238337114453 ], [ 3347469.639178381767124, 8333672.062932236120105 ], [ 3347463.015668679494411, 8333673.673704569227993 ], [ 3347456.214047792367637, 8333673.850227585062385 ], [ 3347449.512614446226507, 8333672.614566558040679 ], [ 3347443.211931267753243, 8333670.010852920822799 ], [ 3347437.590296982321888, 8333666.149414895102382 ], [ 3347432.892614471260458, 8333661.228842508979142 ], [ 3347429.330390765331686, 8333655.403595129959285 ], [ 3347427.048341204877943, 8333648.982589138671756 ], [ 3347426.157785277813673, 8333642.230609477497637 ], [ 3347426.680986884515733, 8333635.456570724956691 ], [ 3347428.606814075727016, 8333628.903190609067678 ], [ 3347431.857343207113445, 8333622.923512141220272 ], [ 3347436.276726990938187, 8333617.738186026923358 ], [ 3347441.675722294487059, 8333613.58992775529623 ], [ 3347447.831690135411918, 8333610.633191897533834 ], [ 3347454.455199837684631, 8333609.04449849203229 ], [ 3347461.256820725277066, 8333608.867977025918663 ], [ 3347467.958254070952535, 8333610.103627390228212 ], [ 3347474.258937249425799, 8333612.707319911569357 ] ] ] } },
{ "type": "Feature", "properties": { "id": "42592359", "name": "Туккова гора (ru)" }, "geometry": { "type": "Polygon", "coordinates": [ [ [ 3368889.156735471449792, 8417619.350892687216401 ], [ 3368893.932341626379639, 8417634.884265869855881 ], [ 3368914.237016747239977, 8417644.436413936316967 ], [ 3368938.115047522354871, 8417640.843197902664542 ], [ 3368957.228604091331363, 8417622.944098223000765 ], [ 3369116.070385504513979, 8417441.388982711359859 ], [ 3369160.264223349280655, 8417398.405600065365434 ], [ 3369192.513479832559824, 8417375.708868460729718 ], [ 3369231.920579572673887, 8417345.848378347232938 ], [ 3369218.784879659302533, 8417327.949996162205935 ], [ 3369145.926272934768349, 8417367.362202074378729 ], [ 3369031.27832936681807, 8417470.067028211429715 ], [ 3368904.674672488123178, 8417595.470627173781395 ], [ 3368889.156735471449792, 8417619.350892687216401 ] ] ] } },
{ "type": "Feature", "properties": { "id": "25210235", "name": "Холм (ru)" }, "geometry": { "type": "Polygon", "coordinates": [ [ [ 3385215.50702614383772, 8406566.854687815532088 ], [ 3385182.066651109606028, 8406505.951251232996583 ], [ 3385170.122069746721536, 8406504.747895320877433 ], [ 3385151.609638428781182, 8406513.706216264516115 ], [ 3385146.244038971606642, 8406524.447302013635635 ], [ 3385149.817394626326859, 8406533.405646925792098 ], [ 3385180.274407308083028, 8406586.554260678589344 ], [ 3385184.460020161233842, 8406591.345454357564449 ], [ 3385199.977957177441567, 8406583.568122943863273 ], [ 3385215.50702614383772, 8406566.854687815532088 ] ] ] } },
{ "type": "Feature", "properties": { "id": "41651438", "name": "Холм (ru)" }, "geometry": { "type": "Polygon", "coordinates": [ [ [ 3398291.138942517805845, 8396513.336184864863753 ], [ 3398297.406229849439114, 8396521.703751211985946 ], [ 3398315.618098543491215, 8396544.091488767415285 ], [ 3398331.737160809803754, 8396558.423237198963761 ], [ 3398351.151280004996806, 8396567.970333540812135 ], [ 3398363.385292042978108, 8396570.66310653835535 ], [ 3398376.532123905606568, 8396561.116006705909967 ], [ 3398383.990529788658023, 8396545.894082922488451 ], [ 3398376.23156128032133, 8396534.544423379004002 ], [ 3398359.210811138153076, 8396523.194781322032213 ], [ 3398323.076504426077008, 8396510.06482507288456 ], [ 3398302.782961254473776, 8396502.898994417861104 ], [ 3398297.706792474258691, 8396503.188298003748059 ], [ 3398291.728935819119215, 8396512.134460687637329 ], [ 3398291.138942517805845, 8396513.336184864863753 ] ] ] } },
{ "type": "Feature", "properties": { "id": "41717819", "name": "Высота 7,6 (ru)" }, "geometry": { "type": "Polygon", "coordinates": [ [ [ 3338384.131958052515984, 8427253.457614118233323 ], [ 3338383.330457719042897, 8427246.306486355140805 ], [ 3338380.970484514255077, 8427239.512921415269375 ], [ 3338377.152225979603827, 8427233.434473900124431 ], [ 3338372.087189149111509, 8427228.339308524504304 ], [ 3338366.009144951589406, 8427224.495589612051845 ], [ 3338359.229787962045521, 8427222.082092715427279 ], [ 3338352.094208602327853, 8427221.255246741697192 ], [ 3338344.947497293353081, 8427222.015051146969199 ], [ 3338338.145876405760646, 8427224.339159235358238 ], [ 3338332.034436361398548, 8427228.115836437791586 ], [ 3338326.913739785086364, 8427233.166307212784886 ], [ 3338323.028689555823803, 8427239.222407266497612 ], [ 3338320.590792707167566, 8427245.971277410164475 ], [ 3338319.72250067954883, 8427253.122404849156737 ], [ 3338320.446077369619161, 8427260.273539239540696 ], [ 3338322.739258880261332, 8427267.067123351618648 ], [ 3338326.49072572030127, 8427273.212640695273876 ], [ 3338331.500102805905044, 8427278.352531874552369 ], [ 3338337.533619206864387, 8427282.263321047648787 ], [ 3338344.279580348171294, 8427284.743879828602076 ], [ 3338351.415159708354622, 8427285.660122472792864 ], [ 3338358.561871017329395, 8427284.967353634536266 ], [ 3338365.396887752693146, 8427282.710268516093493 ], [ 3338371.541723643895239, 8427279.000605367124081 ], [ 3338376.718079965561628, 8427274.017145166173577 ], [ 3338380.658789940178394, 8427268.005711121484637 ], [ 3338383.174610431771725, 8427261.256820762529969 ], [ 3338384.131958052515984, 8427253.457614118233323 ] ] ] } },
{ "type": "Feature", "properties": { "id": "42183941", "name": "Искусственный холм (ru)" }, "geometry": { "type": "Polygon", "coordinates": [ [ [ 3395491.620728303212672, 8378793.050761916674674 ], [ 3395500.793454344384372, 8378792.7843535002321 ], [ 3395508.630346496123821, 8378792.162733896635473 ], [ 3395514.908765777014196, 8378790.96389623824507 ], [ 3395523.001692757941782, 8378789.321044946089387 ], [ 3395528.445215857587755, 8378787.522789225913584 ], [ 3395534.400808614678681, 8378784.192687194794416 ], [ 3395540.434325016103685, 8378776.711063452996314 ], [ 3395543.451083216350526, 8378769.495854874141514 ], [ 3395544.308243295643479, 8378762.524860057979822 ], [ 3395543.87409728160128, 8378755.442868893034756 ], [ 3395542.037325683515519, 8378748.272082259878516 ], [ 3395539.677352478727698, 8378742.522137648425996 ], [ 3395536.36003165319562, 8378738.79244624171406 ], [ 3395532.36366193369031, 8378736.772197517566383 ], [ 3395526.229957990348339, 8378735.417965168133378 ], [ 3395520.02946235332638, 8378735.417965168133378 ], [ 3395511.224090632051229, 8378736.150582640431821 ], [ 3395504.522657286375761, 8378737.171807114034891 ], [ 3395496.607841491233557, 8378739.458462425507605 ], [ 3395489.672637214418501, 8378742.211329959332943 ], [ 3395482.614981498103589, 8378746.052025893703103 ], [ 3395476.68165263812989, 8378751.912976150400937 ], [ 3395474.410735026467592, 8378759.283571721985936 ], [ 3395475.791096712462604, 8378767.453397111035883 ], [ 3395479.297660672105849, 8378773.824979176744819 ], [ 3395491.620728303212672, 8378793.050761916674674 ] ] ] } },
{ "type": "Feature", "properties": { "id": "26348719", "name": "Святая гора в Вартемягах (ru)" }, "geometry": { "type": "Polygon", "coordinates": [ [ [ 3374324.854075059760362, 8437008.077577564865351 ], [ 3374330.820799766574055, 8437040.322828389704227 ], [ 3374338.579768274445087, 8437074.962575314566493 ], [ 3374363.66004954976961, 8437086.911983236670494 ], [ 3374386.358093722723424, 8437077.356930777430534 ], [ 3374414.421737351920456, 8437056.456695381551981 ], [ 3374438.91202532639727, 8437032.557997951284051 ], [ 3374450.255481438711286, 8437000.312781179323792 ], [ 3374444.277624782640487, 8436965.091588716953993 ], [ 3374428.759687765967101, 8436923.291815578937531 ], [ 3374406.662768844049424, 8436906.576448189094663 ], [ 3374371.430150007363409, 8436912.528636237606406 ], [ 3374342.765381128061563, 8436941.193188255652785 ], [ 3374327.236312162596732, 8436971.647998673841357 ], [ 3374324.854075059760362, 8437008.077577564865351 ] ] ] } },
{ "type": "Feature", "properties": { "id": "33927278", "name": "Лысая гора (ru)" }, "geometry": { "type": "Polygon", "coordinates": [ [ [ 3418163.571612409781665, 8390484.216454392299056 ], [ 3418254.330393253359944, 8390527.198666736483574 ], [ 3418316.435537166893482, 8390357.60605582036078 ], [ 3418240.003574788104743, 8390330.745541492477059 ], [ 3418163.571612409781665, 8390484.216454392299056 ] ] ] } },
{ "type": "Feature", "properties": { "id": "41716932", "name": "Высота 7,5 (ru)" }, "geometry": { "type": "Polygon", "coordinates": [ [ [ 3337551.874049034900963, 8426388.422725189477205 ], [ 3337548.634651853237301, 8426374.39029379747808 ], [ 3337539.562113353051245, 8426363.217994956299663 ], [ 3337526.504337083082646, 8426357.16261607222259 ], [ 3337512.09959497442469, 8426357.430750826373696 ], [ 3337499.297853533644229, 8426364.02239990606904 ], [ 3337490.681724946014583, 8426375.552213855087757 ], [ 3337488.010057166684419, 8426389.696370765566826 ], [ 3337491.806051802821457, 8426403.594763128086925 ], [ 3337501.323868265841156, 8426414.387262772768736 ], [ 3337514.615415466018021, 8426419.928759425878525 ], [ 3337528.986761727370322, 8426419.057314109057188 ], [ 3337541.521336391102523, 8426411.974031664431095 ], [ 3337551.874049034900963, 8426388.422725189477205 ] ] ] } },
{ "type": "Feature", "properties": { "id": "13202738", "name": "Высота 86,6 (ru)" }, "geometry": { "type": "Polygon", "coordinates": [ [ [ 3386670.920312673319131, 8426253.283479299396276 ], [ 3386675.061397730838507, 8426255.853068130090833 ], [ 3386678.723808977287263, 8426259.092985758557916 ], [ 3386681.851886668708175, 8426262.824478862807155 ], [ 3386684.323179364204407, 8426267.047548197209835 ], [ 3386686.115423166193068, 8426271.561095878481865 ], [ 3386687.195222226437181, 8426276.365122444927692 ], [ 3386687.451257056090981, 8426281.236185137182474 ], [ 3386687.005979092791677, 8426286.084906714037061 ], [ 3386685.736936897505075, 8426290.821909680962563 ], [ 3386683.799977757502347, 8426295.290783196687698 ], [ 3386681.150573876686394, 8426299.402149237692356 ], [ 3386677.866648898925632, 8426303.021940799430013 ], [ 3386674.092918160837144, 8426306.083123944699764 ], [ 3386669.840513612143695, 8426308.541009142994881 ], [ 3386665.287546438165009, 8426310.261529272422194 ], [ 3386660.511940284166485, 8426311.267028233036399 ], [ 3386655.613882688805461, 8426311.535161312669516 ], [ 3386650.771484839264303, 8426311.021239586174488 ], [ 3386646.062670378480107, 8426309.702918795868754 ], [ 3386641.621022696606815, 8426307.647232612594962 ], [ 3386637.513333485927433, 8426304.965903673321009 ], [ 3386633.928845882415771, 8426301.681277049705386 ], [ 3386630.912087681703269, 8426297.838042320683599 ], [ 3386628.518718630075455, 8426293.570266576483846 ], [ 3386626.80439847195521, 8426288.98967232182622 ], [ 3386625.86931474879384, 8426284.2079818546772 ], [ 3386625.691203563474119, 8426279.314572865143418 ], [ 3386626.281196864787489, 8426274.465855749323964 ], [ 3386627.628162703476846, 8426269.795896207913756 ], [ 3386629.720969130285084, 8426265.371726745739579 ], [ 3386632.437164705712348, 8426261.327412541955709 ], [ 3386635.799013327807188, 8426257.752330014482141 ], [ 3386639.684063556604087, 8426254.758199736475945 ], [ 3386643.96986395213753, 8426252.412053724750876 ], [ 3386648.567358922213316, 8426250.803268324583769 ], [ 3386653.376360923983157, 8426249.909498808905482 ], [ 3386658.229890722315758, 8426249.775433389469981 ], [ 3386663.083420521114022, 8426250.401072029024363 ], [ 3386667.781103032175452, 8426251.808759160339832 ], [ 3386670.920312673319131, 8426253.283479299396276 ] ] ] } },
{ "type": "Feature", "properties": { "id": "27302922", "name": "3 площадки для пляжного волейбола (ru)" }, "geometry": { "type": "Polygon", "coordinates": [ [ [ 3332568.434404692612588, 8431355.618661219254136 ], [ 3332593.514685968402773, 8431428.467095552012324 ], [ 3332649.641973225865513, 8431454.158750498667359 ], [ 3332689.060204916168004, 8431421.893266150727868 ], [ 3332678.907867356203496, 8431325.164741411805153 ], [ 3332573.210010847542435, 8431289.344653524458408 ], [ 3332568.434404692612588, 8431355.618661219254136 ] ] ] } },
{ "type": "Feature", "properties": { "id": "36236934", "name": "Круглый холм (ru)" }, "geometry": { "type": "Polygon", "coordinates": [ [ [ 3343971.290596813894808, 8366324.141277361661196 ], [ 3343982.634052926208824, 8366325.93649625312537 ], [ 3343995.168627589475363, 8366325.93649625312537 ], [ 3344005.922090399544686, 8366321.149246849119663 ], [ 3344015.47330270987004, 8366313.392136352136731 ], [ 3344017.26554651139304, 8366302.643011008389294 ], [ 3344018.456665063276887, 8366288.90188389737159 ], [ 3344013.09106560703367, 8366274.584543200209737 ], [ 3344001.73647754592821, 8366268.600523591972888 ], [ 3343988.600777633022517, 8366267.425883276388049 ], [ 3343973.082840616349131, 8366269.797327126376331 ], [ 3343962.930503055918962, 8366277.576554826460779 ], [ 3343956.952646399848163, 8366291.29549774620682 ], [ 3343956.362653098534793, 8366304.438224666751921 ], [ 3343961.72825255477801, 8366312.195325745269656 ], [ 3343965.913865408860147, 8366320.573004074394703 ], [ 3343971.290596813894808, 8366324.141277361661196 ] ] ] } },
{ "type": "Feature", "properties": { "id": "40843398", "name": "Горка (ru)" }, "geometry": { "type": "Polygon", "coordinates": [ [ [ 3382393.736045719124377, 8335355.467507995665073 ], [ 3382726.358684209641069, 8335250.214514837600291 ], [ 3382723.364189906977117, 8335241.563045933842659 ], [ 3382390.752683366183192, 8335348.449123769067228 ], [ 3382393.736045719124377, 8335355.467507995665073 ] ] ] } },
{ "type": "Feature", "properties": { "id": "34544808", "name": "Погреба (ru)" }, "geometry": { "type": "Polygon", "coordinates": [ [ [ 3427441.116086306516081, 8333214.970826979726553 ], [ 3427415.43467978015542, 8333213.779370711185038 ], [ 3427414.844686479307711, 8333276.463469755835831 ], [ 3427441.706079607829452, 8333294.379614104516804 ], [ 3427458.437399073969573, 8333270.506140742450953 ], [ 3427460.819636176805943, 8333235.865470931865275 ], [ 3427441.116086306516081, 8333214.970826979726553 ] ] ] } },
{ "type": "Feature", "properties": { "id": "7799267", "name": "Гора Майоровка (ru)" }, "geometry": { "type": "Polygon", "coordinates": [ [ [ 3372650.842704460024834, 8415691.302392220124602 ], [ 3372650.37516259867698, 8415683.760874174535275 ], [ 3372649.005932861473411, 8415676.330924600362778 ], [ 3372646.735015249345452, 8415669.124103805050254 ], [ 3372643.595805609133095, 8415662.229659555479884 ], [ 3372639.65509563498199, 8415655.803775584325194 ], [ 3372634.946281174197793, 8415649.891074802726507 ], [ 3372629.558417820371687, 8415644.580804187804461 ], [ 3372623.558297265786678, 8415639.984522631391883 ], [ 3372617.057239003479481, 8415636.146852854639292 ], [ 3372610.122034727595747, 8415633.134729718789458 ], [ 3372602.875135876704007, 8415630.992776241153479 ], [ 3372595.427861942909658, 8415629.743303664028645 ], [ 3372587.880400467198342, 8415629.430935554206371 ], [ 3372580.344070940278471, 8415630.011047769337893 ], [ 3372572.94132480211556, 8415631.528264550492167 ], [ 3372565.783481544349343, 8415633.915650414302945 ], [ 3372558.959596758708358, 8415637.173206200823188 ], [ 3372552.592121885623783, 8415641.233996946364641 ], [ 3372546.758980568032712, 8415646.031087800860405 ], [ 3372541.560360347852111, 8415651.519856054335833 ], [ 3372537.063052920158952, 8415657.588742792606354 ], [ 3372533.344981927424669, 8415664.170813109725714 ], [ 3372530.450675166677684, 8415671.154507713392377 ], [ 3372528.435792383272201, 8415678.42826696485281 ], [ 3372527.311465525999665, 8415685.902843011543155 ], [ 3372527.122222391888499, 8415693.444363253191113 ], [ 3372527.845799082424492, 8415700.963578997179866 ], [ 3372529.471063647419214, 8415708.34892894513905 ], [ 3372531.998016088735312, 8415715.466539079323411 ], [ 3372535.370996659621596, 8415722.227159466594458 ], [ 3372539.534345615655184, 8415728.541539896279573 ], [ 3372544.443535159807652, 8415734.27580526098609 ], [ 3372550.020641648210585, 8415739.385329525917768 ], [ 3372556.165477539878339, 8415743.758549617603421 ], [ 3372562.811251140199602, 8415747.373151861131191 ], [ 3372569.835511009208858, 8415750.139885639771819 ], [ 3372577.149201554246247, 8415752.036437621340156 ], [ 3372584.641003284603357, 8415753.018182368949056 ], [ 3372592.199596709571779, 8415753.08511951752007 ], [ 3372599.702530389651656, 8415752.237249035388231 ], [ 3372607.0496167819947, 8415750.47457124851644 ], [ 3372614.129536396358162, 8415747.819399174302816 ], [ 3372620.830969742033631, 8415744.33867084607482 ], [ 3372627.053729277104139, 8415740.054699780419469 ], [ 3372632.719891358166933, 8415735.056736687198281 ], [ 3372637.718136494979262, 8415729.389407644048333 ], [ 3372642.003936890512705, 8415723.164275655522943 ], [ 3372645.488236952573061, 8415716.470591219142079 ], [ 3372648.137640833854675, 8415709.375292364507914 ], [ 3372649.89648878807202, 8415702.034565841779113 ], [ 3372650.842704460024834, 8415691.302392220124602 ] ] ] } },
{ "type": "Feature", "properties": { "id": "25062582", "name": "Царский лужок (ru)" }, "geometry": { "type": "Polygon", "coordinates": [ [ [ 3298240.319827164057642, 8381829.910816607065499 ], [ 3298244.04903010558337, 8381836.840293078683317 ], [ 3298245.852405855897814, 8381844.502702527679503 ], [ 3298245.607502976432443, 8381852.365009202621877 ], [ 3298243.336585364304483, 8381859.916385087184608 ], [ 3298239.195500307250768, 8381866.601580197922885 ], [ 3298233.451414581853896, 8381871.998602597974241 ], [ 3298226.51621030503884, 8381875.72987965401262 ], [ 3298218.857429338619113, 8381877.528888911008835 ], [ 3298210.987141339574009, 8381877.284578985534608 ], [ 3298203.439679863862693, 8381875.019160069525242 ], [ 3298196.749378466978669, 8381870.865893863141537 ], [ 3298191.361515113152564, 8381865.135722944512963 ], [ 3298187.632312171161175, 8381858.184009935706854 ], [ 3298185.82893642084673, 8381850.521586263552308 ], [ 3298186.073839300312102, 8381842.659281556494534 ], [ 3298188.344756912440062, 8381835.107923351228237 ], [ 3298192.485841969959438, 8381828.422756803222001 ], [ 3298198.229927694890648, 8381823.025766309350729 ], [ 3298205.165131970774382, 8381819.316725749522448 ], [ 3298212.82391293765977, 8381817.495520887896419 ], [ 3298220.694200937170535, 8381817.739828832447529 ], [ 3298228.241662412881851, 8381820.027439962141216 ], [ 3298234.931963809300214, 8381824.158467690460384 ], [ 3298240.319827164057642, 8381829.910816607065499 ] ] ] } },
{ "type": "Feature", "properties": { "id": "43439690", "name": "Горка (ru)" }, "geometry": { "type": "Polygon", "coordinates": [ [ [ 3335292.689511181320995, 8419916.637630140408874 ], [ 3335293.735914395190775, 8419922.017959522083402 ], [ 3335300.303764352109283, 8419930.389849161729217 ], [ 3335305.680495757609606, 8419932.1758535169065 ], [ 3335317.023951868992299, 8419932.1758535169065 ], [ 3335332.553020834457129, 8419929.496847143396735 ], [ 3335341.803670519497246, 8419926.192740630358458 ], [ 3335349.863201653584838, 8419922.017959522083402 ], [ 3335355.540495683439076, 8419916.347405012696981 ], [ 3335358.223295412026346, 8419907.395081797614694 ], [ 3335357.633302110247314, 8419899.91621663607657 ], [ 3335352.857695954851806, 8419888.575146064162254 ], [ 3335338.219182915985584, 8419882.011621076613665 ], [ 3335319.706751597579569, 8419880.828401207923889 ], [ 3335302.986564080230892, 8419883.507389860227704 ], [ 3335297.320401998702437, 8419887.391925139352679 ], [ 3335292.54479584377259, 8419898.130220111459494 ], [ 3335292.689511181320995, 8419916.637630140408874 ] ] ] } },
{ "type": "Feature", "properties": { "id": "5860621", "name": "Брусничная гора (ru)" }, "geometry": { "type": "Polygon", "coordinates": [ [ [ 3374051.943211430683732, 8408972.865488097071648 ], [ 3374053.72432328434661, 8408952.847444046288729 ], [ 3374065.368342020083219, 8408937.911967795342207 ], [ 3374080.596848361194134, 8408934.947167906910181 ], [ 3374097.617598503828049, 8408934.947167906910181 ], [ 3374118.222836249507964, 8408940.0073909945786 ], [ 3374147.778161054477096, 8408968.964417336508632 ], [ 3374166.290592373348773, 8408987.488948894664645 ], [ 3374174.36125545669347, 8408996.13820462115109 ], [ 3374183.311342515982687, 8409008.086677702143788 ], [ 3374188.086948670912534, 8409021.818528924137354 ], [ 3374184.201898442115635, 8409047.677279330790043 ], [ 3374185.704711568076164, 8409059.447499250993133 ], [ 3374184.51359301712364, 8409079.153742913156748 ], [ 3374175.852936632931232, 8409087.803106337785721 ], [ 3374161.514986218418926, 8409081.539004493504763 ], [ 3374141.510873723309487, 8409066.313469560816884 ], [ 3374112.545542218256742, 8409043.330327866598964 ], [ 3374089.558067370206118, 8409020.92684949375689 ], [ 3374067.461148447357118, 8408994.956733521074057 ], [ 3374051.943211430683732, 8408972.865488097071648 ] ] ] } },
{ "type": "Feature", "properties": { "id": "15797773", "name": "Обзорная площадка на вершине (ru)" }, "geometry": { "type": "Polygon", "coordinates": [ [ [ 3373158.915992388967425, 8416623.587259575724602 ], [ 3373163.702730493154377, 8416623.497999491170049 ], [ 3373168.433808851987123, 8416624.167450163513422 ], [ 3373173.00903992401436, 8416625.595611803233624 ], [ 3373177.283708369825035, 8416627.737854780629277 ], [ 3373181.168758598621935, 8416630.52723459340632 ], [ 3373184.54173916997388, 8416633.91912187077105 ], [ 3373187.335858388338238, 8416637.801942119374871 ], [ 3373189.473192611709237, 8416642.086435806006193 ], [ 3373190.886950145009905, 8416646.661028170958161 ], [ 3373191.554867090191692, 8416651.414144229143858 ], [ 3373191.44354759901762, 8416656.189578475430608 ], [ 3373190.5752555700019, 8416660.89807041734457 ], [ 3373188.949991005007178, 8416665.405729031190276 ], [ 3373186.634545596316457, 8416669.578662984073162 ], [ 3373183.673447141423821, 8416673.349926186725497 ], [ 3373180.144619283266366, 8416676.585626920685172 ], [ 3373176.148249563761055, 8416679.218818914145231 ], [ 3373171.773393575567752, 8416681.160240730270743 ], [ 3373167.142502759117633, 8416682.387576628476381 ], [ 3373162.378028552979231, 8416682.833880640566349 ], [ 3373157.602422397583723, 8416682.543783029541373 ], [ 3373152.938135733827949, 8416681.472653485834599 ], [ 3373148.507619999814779, 8416679.665122732520103 ], [ 3373144.422194687649608, 8416677.165821686387062 ], [ 3373140.793179288040847, 8416674.041696567088366 ], [ 3373137.709629393648356, 8416670.382008830085397 ], [ 3373135.260600595735013, 8416666.276019876822829 ], [ 3373133.490620691794902, 8416661.835306141525507 ], [ 3373132.466481376439333, 8416657.149128723889589 ], [ 3373132.19931459845975, 8416652.373693849891424 ], [ 3373132.711384256836027, 8416647.620577175170183 ], [ 3373133.980426451191306, 8416643.001354049891233 ], [ 3373135.9730453370139, 8416638.649914627894759 ], [ 3373138.633581166155636, 8416634.677833713591099 ], [ 3373141.906374196056277, 8416631.174370860680938 ], [ 3373145.691236882936209, 8416628.251100586727262 ], [ 3373149.899113634601235, 8416625.97496728412807 ], [ 3373154.418684961274266, 8416624.390600400045514 ], [ 3373158.915992388967425, 8416623.587259575724602 ] ] ] } },
{ "type": "Feature", "properties": { "id": "40207983", "name": "Холм (ru)" }, "geometry": { "type": "Polygon", "coordinates": [ [ [ 3320927.866571930702776, 8375886.774798589758575 ], [ 3320922.423048830591142, 8375882.136682132259011 ], [ 3320919.584401815198362, 8375881.426540154032409 ], [ 3320916.745754800271243, 8375881.182428868487477 ], [ 3320914.920115151442587, 8375882.558328961022198 ], [ 3320913.57314931275323, 8375884.844099039211869 ], [ 3320912.52674609888345, 8375890.392087617889047 ], [ 3320911.491474835202098, 8375907.502110674977303 ], [ 3320911.82543330732733, 8375913.560533026233315 ], [ 3320913.684468803927302, 8375918.464973815716803 ], [ 3320917.981401148252189, 8375921.039251735433936 ], [ 3320951.789130502380431, 8375936.906588061712682 ], [ 3320965.68180295266211, 8375941.700083795003593 ], [ 3320982.235011233948171, 8375945.628089565783739 ], [ 3320998.821615362074226, 8375947.359075822867453 ], [ 3321006.925674291793257, 8375947.669765706174076 ], [ 3321013.003718489781022, 8375947.070578085258603 ], [ 3321015.508407032582909, 8375946.182892808690667 ], [ 3321016.844240921549499, 8375944.806980840861797 ], [ 3321017.189331343397498, 8375943.186955790966749 ], [ 3321016.810845074243844, 8375941.478162625804543 ], [ 3321015.619726522825658, 8375939.503064532764256 ], [ 3321012.113162562716752, 8375936.773435448296368 ], [ 3321003.630617364309728, 8375933.533389230258763 ], [ 3320991.808487441856414, 8375929.294700779952109 ], [ 3320976.579981101676822, 8375922.437351323664188 ], [ 3320963.132586613763124, 8375913.982181653380394 ], [ 3320927.866571930702776, 8375886.774798589758575 ] ] ] } },
{ "type": "Feature", "properties": { "id": "15788184", "name": "Гора Малый Парнас (ru)" }, "geometry": { "type": "Polygon", "coordinates": [ [ [ 3372713.05916786333546, 8416778.231984689831734 ], [ 3372712.613889900501817, 8416771.046400217339396 ], [ 3372711.311451858840883, 8416763.994715448468924 ], [ 3372709.151853736955673, 8416757.121560843661427 ], [ 3372706.168491384014487, 8416750.583143753930926 ], [ 3372702.41702454444021, 8416744.468724835664034 ], [ 3372697.94198101432994, 8416738.845249151811004 ], [ 3372692.810152488294989, 8416733.80197699368 ], [ 3372687.11059455992654, 8416729.428168538957834 ], [ 3372680.921230871696025, 8416725.790768589824438 ], [ 3372674.331117016728967, 8416722.912091376259923 ], [ 3372667.440440536476672, 8416720.88139727525413 ], [ 3372660.349388973321766, 8416719.698685586452484 ], [ 3372653.169281817041337, 8416719.386271208524704 ], [ 3372646.01143855927512, 8416719.944154035300016 ], [ 3372638.964914791751653, 8416721.372334262356162 ], [ 3372632.152161954902112, 8416723.648497069254518 ], [ 3372625.662235641852021, 8416726.750327913090587 ], [ 3372619.60645534330979, 8416730.610881794244051 ], [ 3372614.06274470128119, 8416735.185529191046953 ], [ 3372609.109027361031622, 8416740.385009925812483 ], [ 3372604.834358914289623, 8416746.164694542065263 ], [ 3372601.294399107806385, 8416752.413007339462638 ], [ 3372598.544807684607804, 8416759.063003214076161 ], [ 3372596.630112443119287, 8416765.980790540575981 ], [ 3372595.561445331666619, 8416773.099423635751009 ], [ 3372595.383334146812558, 8416780.285010110586882 ], [ 3372596.062383040320128, 8416787.425972564145923 ], [ 3372597.620855911169201, 8416794.455364247784019 ], [ 3372600.025356912054121, 8416801.216975916177034 ], [ 3372603.231358247343451, 8416807.643860092386603 ], [ 3372607.194332119543105, 8416813.646753508597612 ], [ 3372611.858618784230202, 8416819.114077050238848 ], [ 3372617.157426545396447, 8416823.956567009910941 ], [ 3372623.012831761036068, 8416828.12959086149931 ], [ 3372629.32464688969776, 8416831.566200520843267 ], [ 3372636.014948286116123, 8416834.19944796897471 ], [ 3372642.972416460048407, 8416836.007016679272056 ], [ 3372650.096863871440291, 8416836.944274703040719 ], [ 3372657.27697102772072, 8416837.011221706867218 ], [ 3372664.423682336695492, 8416836.18554200604558 ], [ 3372671.403414408676326, 8416834.5118672195822 ], [ 3372678.138243602123111, 8416831.990197928622365 ], [ 3372684.516850424930453, 8416828.665166288614273 ], [ 3372690.439047334715724, 8416824.603720283135772 ], [ 3372695.815778739750385, 8416819.850492365658283 ], [ 3372700.580252945888788, 8416814.450115080922842 ], [ 3372704.654546309262514, 8416808.536483339965343 ], [ 3372707.971867134328932, 8416802.154229508712888 ], [ 3372710.487687625922263, 8416795.43724806420505 ], [ 3372712.168611937668175, 8416788.452486485242844 ], [ 3372713.05916786333546, 8416778.231984689831734 ] ] ] } },
{ "type": "Feature", "properties": { "id": "43269171", "name": "Холмик (ru)" }, "geometry": { "type": "Polygon", "coordinates": [ [ [ 3382743.368302402552217, 8414669.497109685093164 ], [ 3382752.919514712877572, 8414681.744814371690154 ], [ 3382759.487364670261741, 8414687.411336734890938 ], [ 3382766.055214626714587, 8414691.003111043944955 ], [ 3382778.600921239238232, 8414695.17492563650012 ], [ 3382786.961014997214079, 8414696.379621198400855 ], [ 3382796.211664682254195, 8414696.669640531763434 ], [ 3382806.664564867503941, 8414693.992539443075657 ], [ 3382816.215777177829295, 8414687.121317768469453 ], [ 3382818.609146230388433, 8414681.454795630648732 ], [ 3382818.609146230388433, 8414674.583585660904646 ], [ 3382816.215777177829295, 8414666.217673094943166 ], [ 3382811.139608397614211, 8414658.766441643238068 ], [ 3382800.686708212364465, 8414651.895252851769328 ], [ 3382774.715871010441333, 8414650.110529543831944 ], [ 3382763.372414898127317, 8414651.895252851769328 ], [ 3382753.220077337697148, 8414656.959407605230808 ], [ 3382743.368302402552217, 8414669.497109685093164 ] ] ] } },
{ "type": "Feature", "properties": { "id": "6788613", "name": "Summit of Mount Orehovoy - 176 m" }, "geometry": { "type": "Polygon", "coordinates": [ [ [ 3354463.475430604070425, 8332713.362663545645773 ], [ 3354495.257145225070417, 8332735.998832098208368 ], [ 3354501.735939588863403, 8332774.476065280847251 ], [ 3354479.104687111452222, 8332806.268471656367183 ], [ 3354440.621539143845439, 8332812.732870812527835 ], [ 3354408.82869257312268, 8332790.118529876694083 ], [ 3354402.361030157655478, 8332751.619152597151697 ], [ 3354424.992282636929303, 8332719.849043936468661 ], [ 3354463.475430604070425, 8332713.362663545645773 ] ] ] } },
{ "type": "Feature", "properties": { "id": "36409314", "name": "Горка для ватрушек и санок (ru)" }, "geometry": { "type": "Polygon", "coordinates": [ [ [ 3390419.314734460320324, 8331240.153174094855785 ], [ 3390498.140065891202539, 8331201.926569192670286 ], [ 3390486.19548452924937, 8331173.273288750089705 ], [ 3390404.987915995065123, 8331216.26428010687232 ], [ 3390419.314734460320324, 8331240.153174094855785 ] ] ] } },
{ "type": "Feature", "properties": { "id": "5574793", "name": "Мемориал «Непокоренная высота» (ru)" }, "geometry": { "type": "Polygon", "coordinates": [ [ [ 3295279.110052571631968, 8349261.383698353543878 ], [ 3295275.792731746565551, 8349267.265493587590754 ], [ 3295271.629382790531963, 8349272.572380526922643 ], [ 3295266.731325196102262, 8349277.193797681480646 ], [ 3295261.187614554539323, 8349281.041295507922769 ], [ 3295255.131834255065769, 8349284.026424512267113 ], [ 3295248.708699636626989, 8349286.060735343024135 ], [ 3295242.05179408704862, 8349287.12211512774229 ], [ 3295235.30583294481039, 8349287.188451368361712 ], [ 3295228.626663497183472, 8349286.237631963565946 ], [ 3295222.170133030973375, 8349284.291769371367991 ], [ 3295216.069824935402721, 8349281.417200575582683 ], [ 3295210.459322599694133, 8349277.68026281427592 ], [ 3295205.47220941260457, 8349273.125181471928954 ], [ 3295201.230936813168228, 8349267.884630202315748 ], [ 3295197.802296496462077, 8349262.091282492503524 ], [ 3295195.286476004403085, 8349255.833587598986924 ], [ 3295193.728003133554012, 8349249.266330460086465 ], [ 3295193.171405679546297, 8349242.544295536354184 ], [ 3295193.616683642845601, 8349235.800154808908701 ], [ 3295195.063837022986263, 8349229.232915492728353 ], [ 3295197.468338024336845, 8349222.931024674326181 ], [ 3295200.796790799126029, 8349217.04926476534456 ], [ 3295204.94900780543685, 8349211.742417742498219 ], [ 3295209.858197349589318, 8349207.121041565202177 ], [ 3295215.401907991152257, 8349203.273582265712321 ], [ 3295221.446556340903044, 8349200.288485915400088 ], [ 3295227.880822909064591, 8349198.254198724403977 ], [ 3295234.53772845864296, 8349197.192831718362868 ], [ 3295241.283689599949867, 8349197.126496284268796 ], [ 3295247.962859048042446, 8349198.077304211445153 ], [ 3295254.419389513786882, 8349200.001032257452607 ], [ 3295260.519697609357536, 8349202.87556934915483 ], [ 3295266.130199945997447, 8349206.634581084363163 ], [ 3295271.106181184295565, 8349211.189621396362782 ], [ 3295275.358585732523352, 8349216.408020548522472 ], [ 3295278.776094099506736, 8349222.223444288596511 ], [ 3295281.303046540357172, 8349228.481110692955554 ], [ 3295282.850387462414801, 8349235.048349338583648 ], [ 3295283.418116865679622, 8349241.770377435721457 ], [ 3295282.972838902845979, 8349248.492411652579904 ], [ 3295281.525685522239655, 8349255.081780087202787 ], [ 3295279.110052571631968, 8349261.383698353543878 ] ] ] } },
{ "type": "Feature", "properties": { "id": "41717868", "name": "Высота 13,1 (ru)" }, "geometry": { "type": "Polygon", "coordinates": [ [ [ 3341744.266259851399809, 8428958.641368390992284 ], [ 3341743.4202317208983, 8428951.68975461833179 ], [ 3341740.92667512781918, 8428945.140491066500545 ], [ 3341736.930305407848209, 8428939.395919982343912 ], [ 3341731.66489349398762, 8428934.768972996622324 ], [ 3341725.453265907242894, 8428931.550228985026479 ], [ 3341718.640513070393354, 8428929.918505126610398 ], [ 3341711.638517099432647, 8428929.963209884241223 ], [ 3341704.848028161562979, 8428931.684343289583921 ], [ 3341698.680928370915353, 8428934.992496937513351 ], [ 3341693.482308151666075, 8428939.708853699266911 ], [ 3341689.574994024354964, 8428945.49812987819314 ], [ 3341687.170493023470044, 8428952.092098645865917 ], [ 3341686.424652435351163, 8428959.043712794780731 ], [ 3341687.370868106838316, 8428965.995333518832922 ], [ 3341689.953480292577296, 8428972.49991062656045 ], [ 3341694.027773655951023, 8428978.199802512302995 ], [ 3341699.348845316562802, 8428982.737366661429405 ], [ 3341705.61613264773041, 8428985.889075430110097 ], [ 3341712.451149382162839, 8428987.431401485577226 ], [ 3341719.453145353589207, 8428987.274933610111475 ], [ 3341726.210238444618881, 8428985.442024454474449 ], [ 3341732.332810438238084, 8428982.044437965378165 ], [ 3341737.464638963341713, 8428977.283349007368088 ], [ 3341741.294029447250068, 8428971.404637791216373 ], [ 3341744.266259851399809, 8428958.641368390992284 ] ] ] } },
{ "type": "Feature", "properties": { "id": "16379356", "name": "Гора (ru)" }, "geometry": { "type": "Polygon", "coordinates": [ [ [ 3316157.470169068314135, 8397754.710687117651105 ], [ 3316161.054656671825796, 8397752.329091764986515 ], [ 3316163.448025724384934, 8397749.034923762083054 ], [ 3316218.384194429963827, 8397540.325674988329411 ], [ 3316218.974187731742859, 8397536.586456889286637 ], [ 3316217.037228591740131, 8397531.956951396539807 ], [ 3316213.898018951527774, 8397527.639049855992198 ], [ 3316210.914656598120928, 8397525.101727452129126 ], [ 3316207.630731619428843, 8397523.610494516789913 ], [ 3316202.855125464498997, 8397524.500782798975706 ], [ 3316198.970075235702097, 8397526.303616903722286 ], [ 3316195.396719581447542, 8397529.575428068637848 ], [ 3316193.44862849265337, 8397534.049131404608488 ], [ 3316141.195259514264762, 8397739.642101462930441 ], [ 3316140.749981550499797, 8397744.561089849099517 ], [ 3316141.050544176250696, 8397748.433960838243365 ], [ 3316142.397510014940053, 8397752.017481213435531 ], [ 3316144.779747117776424, 8397755.000039875507355 ], [ 3316148.809512684121728, 8397756.647125024348497 ], [ 3316153.295688163954765, 8397756.201966840773821 ], [ 3316157.470169068314135, 8397754.710687117651105 ] ] ] } },
{ "type": "Feature", "properties": { "id": "38530858", "name": "Невысокий холм (ru)" }, "geometry": { "type": "Polygon", "coordinates": [ [ [ 3401202.310605998616666, 8390619.990402264520526 ], [ 3401245.914450542069972, 8390605.73691089451313 ], [ 3401226.500331347808242, 8390548.411915168166161 ], [ 3401193.360518938396126, 8390558.840672900900245 ], [ 3401199.872709149960428, 8390577.052121052518487 ], [ 3401189.776031334884465, 8390580.632154615595937 ], [ 3401202.310605998616666, 8390619.990402264520526 ] ] ] } },
{ "type": "Feature", "properties": { "id": "32968158", "name": "Лесной холм (ru)" }, "geometry": { "type": "Polygon", "coordinates": [ [ [ 3372968.426079744007438, 8416143.138210993260145 ], [ 3372966.578176196664572, 8416138.07303350046277 ], [ 3372962.793313509784639, 8416130.664938777685165 ], [ 3372955.401699321344495, 8416123.346105532720685 ], [ 3372948.388571401126683, 8416117.834671886637807 ], [ 3372942.332791101653129, 8416114.041379870846868 ], [ 3372934.985704709310085, 8416112.479436671361327 ], [ 3372928.974452206399292, 8416112.881079176440835 ], [ 3372923.007727500516921, 8416114.443022463470697 ], [ 3372917.775711432099342, 8416117.410715622827411 ], [ 3372912.254264689516276, 8416122.498192397877574 ], [ 3372909.24863843806088, 8416127.92037545889616 ], [ 3372908.602985391393304, 8416135.440035125240684 ], [ 3372910.684659868944436, 8416144.030753640457988 ], [ 3372915.092911704443395, 8416150.300868812948465 ], [ 3372921.215483698062599, 8416155.901581186801195 ], [ 3372928.228611618280411, 8416161.502297826111317 ], [ 3372932.33630082802847, 8416164.179932780563831 ], [ 3372938.681511803530157, 8416167.839368797838688 ], [ 3372947.264244544319808, 8416169.936851240694523 ], [ 3372951.182690619491041, 8416169.646773843094707 ], [ 3372955.101136695593596, 8416168.508778022602201 ], [ 3372958.307138030882925, 8416167.103018721565604 ], [ 3372960.845222420990467, 8416165.697259686887264 ], [ 3372962.459355037193745, 8416164.001423755660653 ], [ 3372965.030835274606943, 8416161.323788862675428 ], [ 3372966.967794414609671, 8416157.552788039669394 ], [ 3372968.537399234250188, 8416152.777677344158292 ], [ 3372968.971545249223709, 8416147.62323890440166 ], [ 3372968.426079744007438, 8416143.138210993260145 ] ] ] } },
{ "type": "Feature", "properties": { "id": "40345442", "name": "Гора (ru)" }, "geometry": { "type": "Polygon", "coordinates": [ [ [ 3394225.350388580933213, 8402343.894843442365527 ], [ 3394236.393282067030668, 8402357.926076931878924 ], [ 3394259.380756916012615, 8402371.355996882542968 ], [ 3394299.99010715726763, 8402372.848211720585823 ], [ 3394322.087026079650968, 8402362.692248040810227 ], [ 3394334.332170067355037, 8402350.754554253071547 ], [ 3394335.523288618773222, 8402336.121997036039829 ], [ 3394323.278144631069154, 8402318.505060331895947 ], [ 3394299.689544531982392, 8402309.262310139834881 ], [ 3394279.685432036407292, 8402310.153177127242088 ], [ 3394257.889075739774853, 8402313.738917820155621 ], [ 3394248.037300804164261, 8402318.816864153370261 ], [ 3394240.278332296293229, 8402325.966084005311131 ], [ 3394225.350388580933213, 8402343.894843442365527 ] ] ] } },
{ "type": "Feature", "properties": { "id": "33062484", "name": "Школьная горка (ru)" }, "geometry": { "type": "Polygon", "coordinates": [ [ [ 3350168.057031057775021, 8341958.638037077151239 ], [ 3350185.968337126541883, 8341951.480834314599633 ], [ 3350277.929368470795453, 8341969.395944410935044 ], [ 3350353.170212298631668, 8341941.937908084131777 ], [ 3350359.148068953771144, 8341950.2879678606987 ], [ 3350283.896093177143484, 8341981.34673868957907 ], [ 3350208.655249350704253, 8342017.177147263661027 ], [ 3350168.057031057775021, 8341958.638037077151239 ] ] ] } },
{ "type": "Feature", "properties": { "id": "38648682", "name": "Склон горы (ru)" }, "geometry": { "type": "Polygon", "coordinates": [ [ [ 3384588.010188491083682, 8414658.007933473214507 ], [ 3384586.518507313914597, 8414673.245039010420442 ], [ 3384608.314863611478359, 8414919.564031155779958 ], [ 3384610.095975464209914, 8414916.574511129409075 ], [ 3384609.806544788181782, 8414891.208259493112564 ], [ 3384613.090469766408205, 8414871.196423459798098 ], [ 3384615.773269494995475, 8414855.958908094093204 ], [ 3384598.75251935236156, 8414631.147871093824506 ], [ 3384588.010188491083682, 8414658.007933473214507 ] ] ] } },
{ "type": "Feature", "properties": { "id": "37254194", "name": "Гора песка (ru)" }, "geometry": { "type": "Polygon", "coordinates": [ [ [ 3341521.115208606701344, 8440537.32146312482655 ], [ 3341492.461571677122265, 8440525.388833429664373 ], [ 3341499.619414934888482, 8440507.456343803554773 ], [ 3341529.475302365608513, 8440468.054273055866361 ], [ 3341550.982227986678481, 8440466.867736706510186 ], [ 3341553.364465089514852, 8440477.613733319565654 ], [ 3341559.34232174558565, 8440500.292315233498812 ], [ 3341564.117927900981158, 8440512.247291807085276 ], [ 3341554.555583640933037, 8440517.015855301171541 ], [ 3341553.364465089514852, 8440530.157405450940132 ], [ 3341521.115208606701344, 8440537.32146312482655 ] ] ] } },
{ "type": "Feature", "properties": { "id": "40662335", "name": "Уступ (ru)" }, "geometry": { "type": "Polygon", "coordinates": [ [ [ 3390313.327447276096791, 8407740.764914056286216 ], [ 3390377.514265667181462, 8407747.339908964931965 ], [ 3390416.0308094820939, 8407747.941688451915979 ], [ 3390449.77174714114517, 8407741.366693006828427 ], [ 3390490.681660008151084, 8407724.338596509769559 ], [ 3390512.177453679963946, 8407710.00738874822855 ], [ 3390558.163535327184945, 8407675.973668115213513 ], [ 3390603.548491723369807, 8407617.156102698296309 ], [ 3390616.083066387102008, 8407592.37218401953578 ], [ 3390619.066428739577532, 8407581.629540156573057 ], [ 3390623.552604218479246, 8407573.561423737555742 ], [ 3390638.480547933839262, 8407551.764181062579155 ], [ 3390645.348960516508669, 8407541.021596448495984 ], [ 3390657.293541877996176, 8407534.758810577914119 ], [ 3390643.857279339339584, 8407535.940047360956669 ], [ 3390616.083066387102008, 8407575.946197560057044 ], [ 3390599.062316244468093, 8407612.966009866446257 ], [ 3390554.579047723207623, 8407665.520644702017307 ], [ 3390510.986335128545761, 8407701.359643908217549 ], [ 3390485.004365977365524, 8407719.27920893765986 ], [ 3390414.2385656805709, 8407738.380086846649647 ], [ 3390387.967165852896869, 8407740.475168652832508 ], [ 3390339.5988471028395, 8407739.583644408732653 ], [ 3390313.327447276096791, 8407740.764914056286216 ] ] ] } },
{ "type": "Feature", "properties": { "id": "13202738", "name": "Высота 86,6 (ru)" }, "geometry": { "type": "Polygon", "coordinates": [ [ [ 3386670.920312673319131, 8426253.283479299396276 ], [ 3386675.061397730838507, 8426255.853068130090833 ], [ 3386678.723808977287263, 8426259.092985758557916 ], [ 3386681.851886668708175, 8426262.824478862807155 ], [ 3386684.323179364204407, 8426267.047548197209835 ], [ 3386686.115423166193068, 8426271.561095878481865 ], [ 3386687.195222226437181, 8426276.365122444927692 ], [ 3386687.451257056090981, 8426281.236185137182474 ], [ 3386687.005979092791677, 8426286.084906714037061 ], [ 3386685.736936897505075, 8426290.821909680962563 ], [ 3386683.799977757502347, 8426295.290783196687698 ], [ 3386681.150573876686394, 8426299.402149237692356 ], [ 3386677.866648898925632, 8426303.021940799430013 ], [ 3386674.092918160837144, 8426306.083123944699764 ], [ 3386669.840513612143695, 8426308.541009142994881 ], [ 3386665.287546438165009, 8426310.261529272422194 ], [ 3386660.511940284166485, 8426311.267028233036399 ], [ 3386655.613882688805461, 8426311.535161312669516 ], [ 3386650.771484839264303, 8426311.021239586174488 ], [ 3386646.062670378480107, 8426309.702918795868754 ], [ 3386641.621022696606815, 8426307.647232612594962 ], [ 3386637.513333485927433, 8426304.965903673321009 ], [ 3386633.928845882415771, 8426301.681277049705386 ], [ 3386630.912087681703269, 8426297.838042320683599 ], [ 3386628.518718630075455, 8426293.570266576483846 ], [ 3386626.80439847195521, 8426288.98967232182622 ], [ 3386625.86931474879384, 8426284.2079818546772 ], [ 3386625.691203563474119, 8426279.314572865143418 ], [ 3386626.281196864787489, 8426274.465855749323964 ], [ 3386627.628162703476846, 8426269.795896207913756 ], [ 3386629.720969130285084, 8426265.371726745739579 ], [ 3386632.437164705712348, 8426261.327412541955709 ], [ 3386635.799013327807188, 8426257.752330014482141 ], [ 3386639.684063556604087, 8426254.758199736475945 ], [ 3386643.96986395213753, 8426252.412053724750876 ], [ 3386648.567358922213316, 8426250.803268324583769 ], [ 3386653.376360923983157, 8426249.909498808905482 ], [ 3386658.229890722315758, 8426249.775433389469981 ], [ 3386663.083420521114022, 8426250.401072029024363 ], [ 3386667.781103032175452, 8426251.808759160339832 ], [ 3386670.920312673319131, 8426253.283479299396276 ] ] ] } },
{ "type": "Feature", "properties": { "id": "33084316", "name": "Крутой спуск (ru)" }, "geometry": { "type": "Polygon", "coordinates": [ [ [ 3373868.911704668775201, 8424481.084279909729958 ], [ 3373873.097317522857338, 8424485.842459592968225 ], [ 3373684.388516729231924, 8424711.848369786515832 ], [ 3373693.939729039557278, 8424719.01937373355031 ], [ 3373874.288436074275523, 8424490.622981246560812 ], [ 3373868.911704668775201, 8424481.084279909729958 ] ] ] } },
{ "type": "Feature", "properties": { "id": "38545326", "name": "Холм (ru)" }, "geometry": { "type": "Polygon", "coordinates": [ [ [ 3350343.017874738201499, 8444736.593355488032103 ], [ 3350329.882174824364483, 8444738.385394459590316 ], [ 3350317.347600160632282, 8444741.364660220220685 ], [ 3350308.987506402656436, 8444735.406129911541939 ], [ 3350304.211900247260928, 8444722.861871367320418 ], [ 3350305.993012099992484, 8444713.901699801906943 ], [ 3350314.353105858899653, 8444701.962288165464997 ], [ 3350330.483300074469298, 8444691.814923541620374 ], [ 3350344.810118539724499, 8444692.397332614287734 ], [ 3350358.546943703666329, 8444697.168608652427793 ], [ 3350366.305912211537361, 8444704.3367287106812 ], [ 3350369.300406514201313, 8444713.296888614073396 ], [ 3350355.563581350259483, 8444728.82039150595665 ], [ 3350343.017874738201499, 8444736.593355488032103 ] ] ] } },
{ "type": "Feature", "properties": { "id": "33617470", "name": "Горка (ru)" }, "geometry": { "type": "Polygon", "coordinates": [ [ [ 3379780.844957820139825, 8404386.500152779743075 ], [ 3379785.620563975069672, 8404402.629411183297634 ], [ 3379807.706350948195904, 8404420.540949482470751 ], [ 3379819.650932310149074, 8404427.692210156470537 ], [ 3379832.797764172777534, 8404431.278982141986489 ], [ 3379839.36561412923038, 8404431.278982141986489 ], [ 3379848.916826439555734, 8404419.939441895112395 ], [ 3379840.556732680648565, 8404401.426398979499936 ], [ 3379821.443176111672074, 8404385.898647973313928 ], [ 3379803.531870043370873, 8404375.160681493580341 ], [ 3379788.002801077440381, 8404376.942915508523583 ], [ 3379780.844957820139825, 8404386.500152779743075 ] ] ] } },
{ "type": "Feature", "properties": { "id": "34429696", "name": "Возвышенность (ru)" }, "geometry": { "type": "Polygon", "coordinates": [ [ [ 3427595.18226156430319, 8416004.014448810368776 ], [ 3427616.088061935268342, 8415988.48451760597527 ], [ 3427610.121337228454649, 8415961.017147680744529 ], [ 3427603.542355322744697, 8415945.509620171040297 ], [ 3427586.232174504548311, 8415954.45712486281991 ], [ 3427574.888718392699957, 8415968.179628251120448 ], [ 3427595.18226156430319, 8416004.014448810368776 ] ] ] } },
{ "type": "Feature", "properties": { "id": "39680094", "name": "Горка (ru)" }, "geometry": { "type": "Polygon", "coordinates": [ [ [ 3340759.433856752701104, 8334590.480806920677423 ], [ 3340764.20946290763095, 8334596.770222540013492 ], [ 3340773.771807165816426, 8334600.985237408429384 ], [ 3340779.437969248276204, 8334600.985237408429384 ], [ 3340788.399188256822526, 8334596.152314803563058 ], [ 3340791.983675859868526, 8334590.238057653419673 ], [ 3340788.699750882107764, 8334585.758231695741415 ], [ 3340779.437969248276204, 8334581.543225513771176 ], [ 3340765.41171340784058, 8334579.490893536247313 ], [ 3340756.450494398828596, 8334580.68257010076195 ], [ 3340755.559938472695649, 8334584.213464754633605 ], [ 3340759.433856752701104, 8334590.480806920677423 ] ] ] } },
{ "type": "Feature", "properties": { "id": "32965809", "name": "Горка (ru)" }, "geometry": { "type": "Polygon", "coordinates": [ [ [ 3383897.695762183982879, 8410347.397126622498035 ], [ 3383927.395802327431738, 8410428.153687035664916 ], [ 3383933.963652284350246, 8410423.382291916757822 ], [ 3383941.433190116193146, 8410414.709062913432717 ], [ 3383947.110484146513045, 8410404.564296456053853 ], [ 3383948.301602698862553, 8410393.215552305802703 ], [ 3383947.110484146513045, 8410380.974981470033526 ], [ 3383939.340383689850569, 8410366.950745910406113 ], [ 3383931.136137218214571, 8410358.143807189539075 ], [ 3383921.573792959097773, 8410350.942191714420915 ], [ 3383908.593940332066268, 8410347.84304666519165 ], [ 3383897.695762183982879, 8410347.397126622498035 ] ] ] } },
{ "type": "Feature", "properties": { "id": "43244595", "name": "Холм (ru)" }, "geometry": { "type": "Polygon", "coordinates": [ [ [ 3354710.393193132244051, 8406875.323958333581686 ], [ 3354707.999824079684913, 8406872.337703473865986 ], [ 3354706.207580278161913, 8406864.87207161821425 ], [ 3354705.918149602133781, 8406857.406447334215045 ], [ 3354707.699261454865336, 8406851.745949193835258 ], [ 3354711.884874308481812, 8406843.388922486454248 ], [ 3354715.168799287173897, 8406837.416439883410931 ], [ 3354719.343280191998929, 8406832.335376404225826 ], [ 3354726.211692773737013, 8406823.978371735662222 ], [ 3354732.49011205509305, 8406818.005904875695705 ], [ 3354739.057962011545897, 8406812.635145904496312 ], [ 3354748.308611696586013, 8406806.350694321095943 ], [ 3354754.876461653038859, 8406801.291937548667192 ], [ 3354760.253193058539182, 8406797.704010844230652 ], [ 3354766.52048038970679, 8406793.826377738267183 ], [ 3354770.104967993684113, 8406791.441857239231467 ], [ 3354774.290580847300589, 8406792.622974770143628 ], [ 3354777.875068451277912, 8406795.319489093497396 ], [ 3354775.181136773899198, 8406799.197122985497117 ], [ 3354770.40553061850369, 8406805.169574590399861 ], [ 3354767.422168265562505, 8406809.648916471749544 ], [ 3354763.537118036765605, 8406815.911085559055209 ], [ 3354759.652067808434367, 8406820.992137698456645 ], [ 3354756.078712153248489, 8406826.073193347081542 ], [ 3354751.291974049527198, 8406832.045666750520468 ], [ 3354746.215805269312114, 8406840.090685226023197 ], [ 3354741.740761739201844, 8406845.773459807038307 ], [ 3354737.566280834842473, 8406851.745949193835258 ], [ 3354733.981793231330812, 8406857.116736693307757 ], [ 3354729.796180377714336, 8406862.79952441714704 ], [ 3354724.419448972214013, 8406869.061738712713122 ], [ 3354720.846093317493796, 8406873.541119465604424 ], [ 3354717.851599015295506, 8406876.237663419917226 ], [ 3354713.677118110004812, 8406876.817086219787598 ], [ 3354710.393193132244051, 8406875.323958333581686 ] ] ] } },
{ "type": "Feature", "properties": { "id": "43439692", "name": "Горка (ru)" }, "geometry": { "type": "Polygon", "coordinates": [ [ [ 3335148.029832895845175, 8419999.955039225518703 ], [ 3335160.864970184396952, 8420005.91588681191206 ], [ 3335174.601795347873122, 8420005.91588681191206 ], [ 3335187.737495261710137, 8420008.014463512226939 ], [ 3335200.583764499053359, 8420010.693498471751809 ], [ 3335207.151614455971867, 8420004.732647016644478 ], [ 3335208.943858257960528, 8419993.078861493617296 ], [ 3335206.249926580581814, 8419983.836217133328319 ], [ 3335185.655820783693343, 8419971.892237391322851 ], [ 3335170.126751818228513, 8419967.1146509218961 ], [ 3335158.182170455809683, 8419965.328638087958097 ], [ 3335153.106001675594598, 8419969.19089138880372 ], [ 3335147.439839594531804, 8419976.067046796903014 ], [ 3335148.029832895845175, 8419999.955039225518703 ] ] ] } },
{ "type": "Feature", "properties": { "id": "34744601", "name": "Пригорки (ru)" }, "geometry": { "type": "Polygon", "coordinates": [ [ [ 3427045.197185350582004, 8330307.374608895741403 ], [ 3427042.514385622926056, 8330343.214598579332232 ], [ 3427084.904847716446966, 8330339.0240677325055 ], [ 3427094.467191976495087, 8330304.992634203284979 ], [ 3427059.234573140274733, 8330290.369973064400256 ], [ 3427045.197185350582004, 8330307.374608895741403 ] ] ] } },
{ "type": "Feature", "properties": { "id": "16610187", "name": "Остров любви (ru)" }, "geometry": { "type": "Polygon", "coordinates": [ [ [ 3360856.130772796459496, 8363919.095523600466549 ], [ 3360855.874737967737019, 8363915.373321832157671 ], [ 3360855.017577888444066, 8363911.739745729602873 ], [ 3360853.670612049754709, 8363908.283418899402022 ], [ 3360851.811576554086059, 8363905.026497022248805 ], [ 3360849.496131144929677, 8363902.124071259051561 ], [ 3360846.735407773870975, 8363899.576141183264554 ], [ 3360843.67412177613005, 8363897.493485949002206 ], [ 3360840.312273154035211, 8363895.85394926276058 ], [ 3360836.761181397829205, 8363894.768310307525098 ], [ 3360833.065374304074794, 8363894.214412943460047 ], [ 3360829.336171362083405, 8363894.214412943460047 ], [ 3360825.640364267863333, 8363894.768310307525098 ], [ 3360822.100404460914433, 8363895.85394926276058 ], [ 3360818.705159991979599, 8363897.449174143373966 ], [ 3360815.643873994704336, 8363899.531829364597797 ], [ 3360812.883150623179972, 8363902.079759422689676 ], [ 3360810.567705214954913, 8363904.982185170054436 ], [ 3360808.697537769097835, 8363908.194795156829059 ], [ 3360807.317176083568484, 8363911.673277889378369 ], [ 3360806.493411851581186, 8363915.329009918496013 ], [ 3360806.203981175087392, 8363919.029055694118142 ], [ 3360806.460016004275531, 8363922.751259309239686 ], [ 3360807.283780236262828, 8363926.384840837679803 ], [ 3360808.619614126160741, 8363929.885488147847354 ], [ 3360810.489781571552157, 8363933.098108978942037 ], [ 3360812.805226979777217, 8363936.04485896974802 ], [ 3360815.532554504461586, 8363938.570645612664521 ], [ 3360818.627236347645521, 8363940.675468476489186 ], [ 3360821.989084969740361, 8363942.315015125088394 ], [ 3360825.529044777154922, 8363943.422817117534578 ], [ 3360829.224851871374995, 8363943.99887422285974 ], [ 3360832.954054812900722, 8363943.99887422285974 ], [ 3360836.616466059815139, 8363943.46712920255959 ], [ 3360840.200953663792461, 8363942.38148323725909 ], [ 3360843.56280228542164, 8363940.78624864295125 ], [ 3360846.657484129536897, 8363938.68142574839294 ], [ 3360849.384811654221267, 8363936.155639067292213 ], [ 3360851.733652909751981, 8363933.253201054409146 ], [ 3360853.603820355143398, 8363930.040580155327916 ], [ 3360854.984182041138411, 8363926.562088761478662 ], [ 3360855.841342120431364, 8363922.950663125142455 ], [ 3360856.130772796459496, 8363919.095523600466549 ] ] ] } },
{ "type": "Feature", "properties": { "id": "39017416", "name": "Место для пикника (ru)" }, "geometry": { "type": "Polygon", "coordinates": [ [ [ 3411349.327094684820622, 8390115.153437240049243 ], [ 3411343.9503632793203, 8390107.993824182078242 ], [ 3411343.36036997847259, 8390100.233878755941987 ], [ 3411343.9503632793203, 8390090.072587218135595 ], [ 3411349.327094684820622, 8390081.111985079944134 ], [ 3411360.971113421954215, 8390075.153079515323043 ], [ 3411373.21625740872696, 8390071.57329155318439 ], [ 3411384.860276146326214, 8390073.352067962288857 ], [ 3411390.526438226923347, 8390077.532194221392274 ], [ 3411393.220369904302061, 8390083.202050114050508 ], [ 3411393.810363205615431, 8390091.562316171824932 ], [ 3411390.827000852208585, 8390101.723609764128923 ], [ 3411386.652519947849214, 8390110.083896841853857 ], [ 3411380.084669991396368, 8390116.354118371382356 ], [ 3411368.730081930290908, 8390119.644875070080161 ], [ 3411357.68718844326213, 8390119.644875070080161 ], [ 3411349.327094684820622, 8390115.153437240049243 ] ] ] } },
{ "type": "Feature", "properties": { "id": "26582304", "name": "Ангар (ru)" }, "geometry": { "type": "Polygon", "coordinates": [ [ [ 3370411.461904018651694, 8407709.160444218665361 ], [ 3370437.210102239158005, 8407702.897515315562487 ], [ 3370454.030477297957987, 8407770.876210046932101 ], [ 3370428.404730516951531, 8407777.40665540471673 ], [ 3370411.461904018651694, 8407709.160444218665361 ] ] ] } },
{ "type": "Feature", "properties": { "id": "41559411", "name": "Пороховой погреб (ru)" }, "geometry": { "type": "Polygon", "coordinates": [ [ [ 3310001.891946418210864, 8397454.012540999799967 ], [ 3309975.921109216287732, 8397453.723200062289834 ], [ 3309951.141390564851463, 8397468.635401511564851 ], [ 3309958.900359073653817, 8397496.412239322438836 ], [ 3309978.603908943943679, 8397492.828843303024769 ], [ 3309980.396152746398002, 8397498.192809423431754 ], [ 3309990.759997338522226, 8397495.610982919111848 ], [ 3309989.65793437929824, 8397489.846390802413225 ], [ 3310009.060921625699848, 8397484.170831542462111 ], [ 3310001.891946418210864, 8397454.012540999799967 ] ] ] } },
{ "type": "Feature", "properties": { "id": "41983098", "name": "Клумба на пригорке (ru)" }, "geometry": { "type": "Polygon", "coordinates": [ [ [ 3316413.761032721493393, 8441168.771023070439696 ], [ 3316413.53839373961091, 8441165.860373787581921 ], [ 3316413.048587980214506, 8441162.904946470633149 ], [ 3316412.15803205454722, 8441160.083857867866755 ], [ 3316410.900121808052063, 8441157.374718243256211 ], [ 3316409.352780886460096, 8441154.822306614369154 ], [ 3316407.482613441068679, 8441152.560960212722421 ], [ 3316405.378675065003335, 8441150.478730972856283 ], [ 3316403.018701859749854, 8441148.665176955983043 ], [ 3316400.480617469642311, 8441147.165077056735754 ], [ 3316397.719894098117948, 8441145.956041537225246 ], [ 3316394.914642930030823, 8441145.127628428861499 ], [ 3316391.986940322909504, 8441144.635058514773846 ], [ 3316389.014709918294102, 8441144.478331729769707 ], [ 3316386.042479514144361, 8441144.747006218880415 ], [ 3316383.170436651911587, 8441145.284355225041509 ], [ 3316380.309525738004595, 8441146.29188471660018 ], [ 3316377.660121857654303, 8441147.545699389651418 ], [ 3316375.1220374670811, 8441149.157747140154243 ], [ 3316372.862251804210246, 8441151.038469959050417 ], [ 3316370.825105122290552, 8441153.187868056818843 ], [ 3316369.066257168073207, 8441155.538772949948907 ], [ 3316367.574575990904123, 8441158.135963985696435 ], [ 3316366.416853286791593, 8441160.889883073046803 ], [ 3316365.648748800624162, 8441163.733361586928368 ], [ 3316365.203470837324858, 8441166.688789237290621 ], [ 3316365.092151346616447, 8441169.666607692837715 ], [ 3316365.426109819673002, 8441172.577258476987481 ], [ 3316366.082894814666361, 8441175.510300049558282 ], [ 3316367.01797853782773, 8441178.309004932641983 ], [ 3316368.398340223822743, 8441180.950983317568898 ], [ 3316370.001340890768915, 8441183.436235038563609 ], [ 3316371.927168081048876, 8441185.697590937837958 ], [ 3316374.131293999031186, 8441187.690271465107799 ], [ 3316376.558058898430318, 8441189.436666080728173 ], [ 3316379.151803033892065, 8441190.802436517551541 ], [ 3316381.901394456159323, 8441191.921920670196414 ], [ 3316384.773437318857759, 8441192.61600093357265 ], [ 3316387.745667723473161, 8441193.019015308469534 ], [ 3316390.717898127622902, 8441193.086184371262789 ], [ 3316393.645600735209882, 8441192.750339055433869 ], [ 3316396.506511648185551, 8441192.033869095146656 ], [ 3316399.322894765529782, 8441191.048723015934229 ], [ 3316401.96116669755429, 8441189.615783501416445 ], [ 3316404.387931596953422, 8441187.958947531878948 ], [ 3316406.592057514935732, 8441185.966266931965947 ], [ 3316408.584676399827003, 8441183.77207993157208 ], [ 3316410.232204863335937, 8441181.331607401371002 ], [ 3316411.668226294685155, 8441178.689628878608346 ], [ 3316412.658969762735069, 8441175.890923852100968 ], [ 3316413.371414503548294, 8441173.002661382779479 ], [ 3316413.761032721493393, 8441168.771023070439696 ] ] ] } },
{ "type": "Feature", "properties": { "id": "33818993", "name": "Молодые сосны (ru)" }, "geometry": { "type": "Polygon", "coordinates": [ [ [ 3334790.326913129538298, 8420625.624804412946105 ], [ 3334786.408467054367065, 8420626.51789091527462 ], [ 3334783.302653260529041, 8420628.170101238414645 ], [ 3334782.300777843687683, 8420630.224201068282127 ], [ 3334782.044743014965206, 8420632.680190751329064 ], [ 3334782.790583603084087, 8420634.622655902057886 ], [ 3334784.282264779787511, 8420636.274868043139577 ], [ 3334788.011467721313238, 8420638.351297339424491 ], [ 3334792.252740320749581, 8420639.489984618499875 ], [ 3334797.607207827270031, 8420640.293763983994722 ], [ 3334803.206578215118498, 8420642.280885566025972 ], [ 3334808.316142842639238, 8420645.585313653573394 ], [ 3334813.692874247673899, 8420650.14006831869483 ], [ 3334819.359036328271031, 8420653.734754137694836 ], [ 3334824.501996803097427, 8420655.610243085771799 ], [ 3334828.131012203171849, 8420656.414024209603667 ], [ 3334832.26096531143412, 8420656.235406175255775 ], [ 3334837.537509175017476, 8420655.074389051645994 ], [ 3334843.615553372073919, 8420652.640719134360552 ], [ 3334847.166645129211247, 8420651.479702578857541 ], [ 3334853.767890932969749, 8420649.648869149386883 ], [ 3334857.697468957863748, 8420649.202324481680989 ], [ 3334862.395151469856501, 8420649.313960643485188 ], [ 3334866.903590846341103, 8420649.648869149386883 ], [ 3334869.820161505136639, 8420649.24697894603014 ], [ 3334872.436169538646936, 8420648.085962923243642 ], [ 3334874.373128678649664, 8420646.143494220450521 ], [ 3334875.274816554039717, 8420643.173974091187119 ], [ 3334874.673691303469241, 8420640.584017662331462 ], [ 3334873.515968599356711, 8420638.462933337315917 ], [ 3334871.278446834534407, 8420636.140904882922769 ], [ 3334868.517723463475704, 8420634.243093704804778 ], [ 3334865.489833313040435, 8420632.970444133505225 ], [ 3334861.014789782930166, 8420631.519177347421646 ], [ 3334856.573142101056874, 8420630.693071762099862 ], [ 3334851.463577473536134, 8420630.693071762099862 ], [ 3334845.99779047537595, 8420631.720121959224343 ], [ 3334840.075593565125018, 8420633.729568416252732 ], [ 3334833.463215811643749, 8420634.711964657530189 ], [ 3334828.87685279129073, 8420633.751895600929856 ], [ 3334823.900871552992612, 8420631.161942487582564 ], [ 3334815.540777794551104, 8420626.964434212073684 ], [ 3334809.5072613931261, 8420625.513168606907129 ], [ 3334803.596196432132274, 8420624.597755065187812 ], [ 3334796.104394702240825, 8420624.954989604651928 ], [ 3334790.326913129538298, 8420625.624804412946105 ] ] ] } },
{ "type": "Feature", "properties": { "id": "34851334", "name": "Круглый холм с остатками опоры ЛЭП (ru)" }, "geometry": { "type": "Polygon", "coordinates": [ [ [ 3357589.605030806269497, 8363155.573895465582609 ], [ 3357577.070456142537296, 8363150.190554294735193 ], [ 3357569.311487633734941, 8363133.486714101396501 ], [ 3357570.502606185618788, 8363116.760758167132735 ], [ 3357587.812787003815174, 8363109.605162115767598 ], [ 3357602.751862667966634, 8363113.171882500872016 ], [ 3357613.494193530175835, 8363127.50524205993861 ], [ 3357615.88756258180365, 8363144.829370693303645 ], [ 3357608.117462125141174, 8363153.181298905983567 ], [ 3357589.605030806269497, 8363155.573895465582609 ] ] ] } },
{ "type": "Feature", "properties": { "id": "33740846", "name": "Холм с башенкой (ru)" }, "geometry": { "type": "Polygon", "coordinates": [ [ [ 3345198.454399420879781, 8349020.145683637820184 ], [ 3345198.142704846803099, 8349016.430989407934248 ], [ 3345197.229885022155941, 8349012.804742079228163 ], [ 3345195.727071896195412, 8349009.399609016254544 ], [ 3345193.678793265949935, 8349006.281923627480865 ], [ 3345191.151840824633837, 8349003.540130474604666 ], [ 3345188.213006267789751, 8349001.240562807768583 ], [ 3345184.929081290028989, 8348999.47166508808732 ], [ 3345181.400253431871533, 8348998.277659368701279 ], [ 3345177.72671023523435, 8348997.680656583048403 ], [ 3345173.997507293708622, 8348997.680656583048403 ], [ 3345170.323964098002762, 8348998.299770584329963 ], [ 3345166.795136239379644, 8348999.515887525863945 ], [ 3345163.522343209944665, 8349001.306896478869021 ], [ 3345160.58350865310058, 8349003.606464167125523 ], [ 3345158.067688161507249, 8349006.348257347941399 ], [ 3345156.041673428844661, 8349009.488054011948407 ], [ 3345154.561124201398343, 8349012.893187115900218 ], [ 3345153.65943632600829, 8349016.51943448651582 ], [ 3345153.370005649980158, 8349020.234128762036562 ], [ 3345153.692832173313946, 8349023.948824905790389 ], [ 3345154.616783946752548, 8349027.552966405637562 ], [ 3345156.130729021504521, 8349030.958107843063772 ], [ 3345158.190139601007104, 8349034.075803653337061 ], [ 3345160.728223991114646, 8349036.817608148790896 ], [ 3345163.678190497215837, 8349039.072964223101735 ], [ 3345166.973247424699366, 8349040.841871428303421 ], [ 3345170.502075282856822, 8349042.035884032025933 ], [ 3345174.18675042828545, 8349042.61077906191349 ], [ 3345177.915953369811177, 8349042.588667714968324 ], [ 3345181.589496565517038, 8349041.947438647039235 ], [ 3345185.10719247488305, 8349040.709203373640776 ], [ 3345188.368853555060923, 8349038.918184862472117 ], [ 3345191.296556163113564, 8349036.618606175296009 ], [ 3345193.801244705915451, 8349033.8546904316172 ], [ 3345195.816127489320934, 8349030.714883401989937 ], [ 3345197.285544767975807, 8349027.287630772218108 ], [ 3345198.454399420879781, 8349020.145683637820184 ] ] ] } },
{ "type": "Feature", "properties": { "id": "39760983", "name": "Холм (ru)" }, "geometry": { "type": "Polygon", "coordinates": [ [ [ 3304828.363139597233385, 8375712.170589623972774 ], [ 3304838.504345207940787, 8375724.708756100386381 ], [ 3304854.033414173871279, 8375727.682412868365645 ], [ 3304874.338089294731617, 8375723.510417145676911 ], [ 3304883.88930160459131, 8375709.77391598187387 ], [ 3304871.354726940859109, 8375692.464629475958645 ], [ 3304855.825657975394279, 8375687.693487135693431 ], [ 3304842.088832811452448, 8375692.464629475958645 ], [ 3304828.363139597233385, 8375712.170589623972774 ] ] ] } },
{ "type": "Feature", "properties": { "id": "27542452", "name": "Искусственный холм (ru)" }, "geometry": { "type": "Polygon", "coordinates": [ [ [ 3313661.019268538337201, 8365509.312150482088327 ], [ 3313666.384867994580418, 8365526.619712868705392 ], [ 3313692.066274520475417, 8365545.744505736976862 ], [ 3313716.545430546160787, 8365550.509091050364077 ], [ 3313711.76982439076528, 8365524.248507941141725 ], [ 3313684.897299313917756, 8365503.949252063408494 ], [ 3313661.019268538337201, 8365509.312150482088327 ] ] ] } },
{ "type": "Feature", "properties": { "id": "42443062", "name": "Бровка (ru)" }, "geometry": { "type": "Polygon", "coordinates": [ [ [ 3396396.035931253340095, 8379214.010288936085999 ], [ 3396398.351376661565155, 8379216.940949513576925 ], [ 3396400.800405459478498, 8379218.983531816862524 ], [ 3396403.917351201176643, 8379220.337853002361953 ], [ 3396406.644678725861013, 8379220.737488809973001 ], [ 3396409.026915828697383, 8379220.67088283970952 ], [ 3396410.96387496823445, 8379219.982621191069484 ], [ 3396412.500083941500634, 8379218.628300070762634 ], [ 3396413.657806645613164, 8379217.140767322853208 ], [ 3396414.592890368308872, 8379214.787357916124165 ], [ 3396415.149487822316587, 8379211.634678564034402 ], [ 3396415.038168331608176, 8379208.548606424592435 ], [ 3396414.236667997669429, 8379204.66326563898474 ], [ 3396411.865562843624502, 8379197.736263145692647 ], [ 3396395.724236679263413, 8379165.254924811422825 ], [ 3396392.607290936633945, 8379161.969055768102407 ], [ 3396389.32336595794186, 8379159.216031479649246 ], [ 3396384.725870988797396, 8379157.373281926847994 ], [ 3396379.805549494922161, 8379157.240071133710444 ], [ 3396375.697860285174102, 8379158.350161150097847 ], [ 3396373.126380048226565, 8379160.747956156730652 ], [ 3396371.445455736480653, 8379164.122631934471428 ], [ 3396371.412059889174998, 8379169.650887038558722 ], [ 3396373.349019029177725, 8379175.489972233772278 ], [ 3396378.703486536629498, 8379184.947967951186001 ], [ 3396396.035931253340095, 8379214.010288936085999 ] ] ] } },
{ "type": "Feature", "properties": { "id": "39540752", "name": "Большая куча грунта (ru)" }, "geometry": { "type": "Polygon", "coordinates": [ [ [ 3398055.854066777043045, 8378261.318728169426322 ], [ 3398051.379023247398436, 8378262.80606805998832 ], [ 3398045.701729216612875, 8378260.11997683160007 ], [ 3398039.434441884979606, 8378254.548005594871938 ], [ 3398032.866591928526759, 8378245.623980751261115 ], [ 3398030.484354825690389, 8378233.347914475947618 ], [ 3398036.751642157323658, 8378221.737838057801127 ], [ 3398048.095098268706352, 8378215.166942484676838 ], [ 3398056.455192027613521, 8378213.546418465673923 ], [ 3398063.323604609351605, 8378216.809665829874575 ], [ 3398068.099210764281452, 8378222.204016678966582 ], [ 3398069.891454566735774, 8378228.175545478239655 ], [ 3398068.700336014386266, 8378236.033995946869254 ], [ 3398073.175379544496536, 8378245.179999697953463 ], [ 3398067.498085514176637, 8378251.462334091775119 ], [ 3398062.388520886655897, 8378256.079742290079594 ], [ 3398055.854066777043045, 8378261.318728169426322 ] ] ] } },
{ "type": "Feature", "properties": { "id": "41729355", "name": "Пригорок (ru)" }, "geometry": { "type": "Polygon", "coordinates": [ [ [ 3342390.587223397102207, 8316012.310523834079504 ], [ 3342384.319936065468937, 8316016.184761244803667 ], [ 3342376.549835607875139, 8316012.310523834079504 ], [ 3342374.468161130324006, 8316004.540042413398623 ], [ 3342375.358717056456953, 8315996.791581824421883 ], [ 3342380.735448461957276, 8315961.24122042581439 ], [ 3342385.511054616887122, 8315941.848185127601027 ], [ 3342389.986098146997392, 8315936.168963077478111 ], [ 3342394.171711000613868, 8315935.882800843566656 ], [ 3342399.837873082142323, 8315939.448823340237141 ], [ 3342400.1384357069619, 8315946.316723369993269 ], [ 3342396.854510728735477, 8315958.555689234286547 ], [ 3342397.756198604591191, 8315970.200335637666285 ], [ 3342395.663392177317291, 8315990.20979923196137 ], [ 3342394.472273625899106, 8316003.351357589475811 ], [ 3342390.587223397102207, 8316012.310523834079504 ] ] ] } },
{ "type": "Feature", "properties": { "id": "38255784", "name": "Остатки артиллерийского ДОТа (ru)" }, "geometry": { "type": "Polygon", "coordinates": [ [ [ 3397105.775608703959733, 8392624.581637777388096 ], [ 3397105.152219555340707, 8392618.90982579998672 ], [ 3397103.081677026581019, 8392614.060986075550318 ], [ 3397099.831147896125913, 8392609.879420440644026 ], [ 3397095.601007245481014, 8392606.743247773498297 ], [ 3397090.691817701328546, 8392604.785920826718211 ], [ 3397085.482065532356501, 8392604.207619780674577 ], [ 3397080.261181413661689, 8392604.986101966351271 ], [ 3397075.407651615329087, 8392607.099125456064939 ], [ 3397071.344490201678127, 8392610.435479564592242 ], [ 3397068.24980835756287, 8392614.728257406502962 ], [ 3397066.390772861428559, 8392619.688309535384178 ], [ 3397065.923230999615043, 8392624.959758726879954 ], [ 3397066.802654976956546, 8392630.119999568909407 ], [ 3397069.017912843730301, 8392634.924364976584911 ], [ 3397072.413157312665135, 8392638.950247662141919 ], [ 3397076.754617454018444, 8392641.997464200481772 ], [ 3397081.763994539622217, 8392643.687891431152821 ], [ 3397086.973746708594263, 8392644.110498301684856 ], [ 3397092.194630826823413, 8392643.131829798221588 ], [ 3397096.936841134447604, 8392640.751886485144496 ], [ 3397100.866419159807265, 8392637.348791303113103 ], [ 3397103.80525371665135, 8392632.900303240865469 ], [ 3397105.775608703959733, 8392624.581637777388096 ] ] ] } },
{ "type": "Feature", "properties": { "id": "43423053", "name": "Пригорок (ru)" }, "geometry": { "type": "Polygon", "coordinates": [ [ [ 3328201.893982479348779, 8434771.349711751565337 ], [ 3328200.702863927930593, 8434775.532929241657257 ], [ 3328197.641577930189669, 8434778.731861870735884 ], [ 3328191.374290599022061, 8434781.729464340955019 ], [ 3328180.097626181785017, 8434783.42959762737155 ], [ 3328168.375683800783008, 8434781.729464340955019 ], [ 3328161.885757487732917, 8434778.060757007449865 ], [ 3328158.301269884686917, 8434774.481532108038664 ], [ 3328155.919032781384885, 8434769.56010071374476 ], [ 3328156.208463457413018, 8434763.878088565543294 ], [ 3328158.15655454620719, 8434758.956664267927408 ], [ 3328162.331035451032221, 8434755.959071084856987 ], [ 3328168.008329481352121, 8434754.035243265330791 ], [ 3328173.830338850151747, 8434752.983849205076694 ], [ 3328184.205315391998738, 8434752.469337273389101 ], [ 3328193.678604058455676, 8434755.220858024433255 ], [ 3328197.864216912072152, 8434758.061860203742981 ], [ 3328200.257585964165628, 8434761.037084138020873 ], [ 3328201.749267140869051, 8434764.168900106102228 ], [ 3328202.339260442182422, 8434767.770490113645792 ], [ 3328201.893982479348779, 8434771.349711751565337 ] ] ] } },
{ "type": "Feature", "properties": { "id": "41239777", "name": "Искусственная горка (ru)" }, "geometry": { "type": "Polygon", "coordinates": [ [ [ 3404641.092128042131662, 8356331.632498458959162 ], [ 3404647.058852748479694, 8356338.515925514511764 ], [ 3404653.626702705863863, 8356341.503910318948328 ], [ 3404663.177915015723556, 8356349.848140960559249 ], [ 3404667.363527869805694, 8356357.926781736314297 ], [ 3404670.948015472851694, 8356362.39770454261452 ], [ 3404676.024184252601117, 8356364.190501083619893 ], [ 3404679.608671856578439, 8356361.490239792503417 ], [ 3404681.690346335060894, 8356355.226522738113999 ], [ 3404683.482590136583894, 8356347.457750317640603 ], [ 3404682.892596835270524, 8356339.711119293235242 ], [ 3404679.898102532606572, 8356331.344766920432448 ], [ 3404675.122496377676725, 8356325.368806747719646 ], [ 3404665.270721442531794, 8356321.495501815341413 ], [ 3404655.418946507386863, 8356320.455243121832609 ], [ 3404648.249971300363541, 8356322.093097298406065 ], [ 3404643.774927770253271, 8356325.678671232424676 ], [ 3404641.092128042131662, 8356331.632498458959162 ] ] ] } },
{ "type": "Feature", "properties": { "id": "30578868", "name": "Насыпной холмик (ru)" }, "geometry": { "type": "Polygon", "coordinates": [ [ [ 3370170.087852131575346, 8409736.801857275888324 ], [ 3370173.093478383030742, 8409740.547275805845857 ], [ 3370175.019305573310703, 8409744.939227337017655 ], [ 3370175.754014212172478, 8409749.687888544052839 ], [ 3370175.230812606401742, 8409754.436552813276649 ], [ 3370173.494228549767286, 8409758.917689509689808 ], [ 3370170.66671348316595, 8409762.774590443819761 ], [ 3370166.926378593314439, 8409765.784312227740884 ], [ 3370162.529258706141263, 8409767.723911363631487 ], [ 3370157.798180348239839, 8409768.459621516987681 ], [ 3370153.022574192844331, 8409767.924559582024813 ], [ 3370148.558662611991167, 8409766.185608558356762 ], [ 3370144.684744331985712, 8409763.354240469634533 ], [ 3370141.679118080530316, 8409759.631104560568929 ], [ 3370139.753290890250355, 8409755.239144258201122 ], [ 3370139.01858225138858, 8409750.490479473024607 ], [ 3370139.541783857159317, 8409745.719523569568992 ], [ 3370141.278367913793772, 8409741.26068907417357 ], [ 3370144.105882980395108, 8409737.381505258381367 ], [ 3370147.846217871177942, 8409734.394089229404926 ], [ 3370152.243337756954134, 8409732.454498877748847 ], [ 3370156.974416115321219, 8409731.718792324885726 ], [ 3370161.750022270716727, 8409732.231557488441467 ], [ 3370166.213933851569891, 8409733.97050048969686 ], [ 3370170.087852131575346, 8409736.801857275888324 ] ] ] } },
{ "type": "Feature", "properties": { "id": "40295142", "name": "Искусственный холм (ru)" }, "geometry": { "type": "Polygon", "coordinates": [ [ [ 3376383.607869740109891, 8349820.130945162847638 ], [ 3376383.285043216776103, 8349816.725439664907753 ], [ 3376382.316563646309078, 8349813.430504024960101 ], [ 3376380.746958825737238, 8349810.378819980658591 ], [ 3376378.631888501346111, 8349807.680955425836146 ], [ 3376376.049276314675808, 8349805.425364506430924 ], [ 3376373.088177859317511, 8349803.70050132740289 ], [ 3376369.848780677653849, 8349802.550592764280736 ], [ 3376366.453536207787693, 8349802.064093041233718 ], [ 3376363.024895892012864, 8349802.196774780750275 ], [ 3376359.685311167966574, 8349802.992865266278386 ], [ 3376356.557233476545662, 8349804.386023824103177 ], [ 3376353.751982308458537, 8349806.354137155227363 ], [ 3376351.369745206087828, 8349808.830864788033068 ], [ 3376349.488445811439306, 8349811.705638976767659 ], [ 3376348.186007768847048, 8349814.867891876026988 ], [ 3376347.506958875339478, 8349818.229169171303511 ], [ 3376347.473563028033823, 8349821.656789041124284 ], [ 3376348.085820227395743, 8349825.040183119475842 ], [ 3376349.321466575376689, 8349828.246669135056436 ], [ 3376351.135974275413901, 8349831.143564596772194 ], [ 3376353.473683582153171, 8349833.664527982473373 ], [ 3376356.245538902468979, 8349835.676876565441489 ], [ 3376359.340220746584237, 8349837.158496202901006 ], [ 3376362.668673521373421, 8349837.998817920684814 ], [ 3376366.086181888356805, 8349838.21995523199439 ], [ 3376369.492558307014406, 8349837.777680617757142 ], [ 3376372.754219387192279, 8349836.716221652925014 ], [ 3376375.748713689856231, 8349835.057692329399288 ], [ 3376378.386985621415079, 8349832.846320470795035 ], [ 3376380.546583742368966, 8349830.192675118334591 ], [ 3376382.182980257552117, 8349827.163097842596471 ], [ 3376383.207119572442025, 8349823.890271232463419 ], [ 3376383.607869740109891, 8349820.130945162847638 ] ] ] } },
{ "type": "Feature", "properties": { "id": "30619701", "name": "Горка-скалодром (ru)" }, "geometry": { "type": "Polygon", "coordinates": [ [ [ 3385612.59478175221011, 8407457.39935752376914 ], [ 3385607.518612972460687, 8407455.014622101560235 ], [ 3385603.33300011837855, 8407452.629887452349067 ], [ 3385600.049075139686465, 8407449.643398420885205 ], [ 3385597.366275412030518, 8407445.765421934425831 ], [ 3385595.574031609576195, 8407441.575426645576954 ], [ 3385594.683475683443248, 8407436.204212771728635 ], [ 3385596.920997448265553, 8407431.100448857992887 ], [ 3385600.049075139686465, 8407427.534502374008298 ], [ 3385604.234687993768603, 8407425.149776626378298 ], [ 3385609.010294148698449, 8407424.570310670882463 ], [ 3385613.485337678808719, 8407425.461796773597598 ], [ 3385618.86206908384338, 8407428.448275996372104 ], [ 3385623.33711261395365, 8407432.014222923666239 ], [ 3385627.823288092855364, 8407435.914479352533817 ], [ 3385630.806650445796549, 8407439.792450647801161 ], [ 3385633.200019497890025, 8407443.9601577129215 ], [ 3385634.391138049308211, 8407448.439888257533312 ], [ 3385634.090575424488634, 8407452.919621527194977 ], [ 3385631.697206372860819, 8407456.507867556065321 ], [ 3385627.222162842750549, 8407458.602869151160121 ], [ 3385622.145994062535465, 8407459.494359372183681 ], [ 3385617.370387907605618, 8407458.892603462561965 ], [ 3385612.59478175221011, 8407457.39935752376914 ] ] ] } },
{ "type": "Feature", "properties": { "id": "34796190", "name": "Странный пригорок (ru)" }, "geometry": { "type": "Polygon", "coordinates": [ [ [ 3429927.114086650777608, 8329393.701055302284658 ], [ 3429950.992117426358163, 8329430.132036218419671 ], [ 3429967.712304943241179, 8329421.178642903454602 ], [ 3429941.440905116032809, 8329378.793514417484403 ], [ 3429927.114086650777608, 8329393.701055302284658 ] ] ] } },
{ "type": "Feature", "properties": { "id": "37605020", "name": "Склон (ru)" }, "geometry": { "type": "Polygon", "coordinates": [ [ [ 3402117.468139809090644, 8388250.22042070236057 ], [ 3402356.025808579288423, 8388217.387955048121512 ], [ 3402356.62693383032456, 8388220.655634646303952 ], [ 3402118.058133111335337, 8388254.399512807838619 ], [ 3402117.468139809090644, 8388250.22042070236057 ] ] ] } },
{ "type": "Feature", "properties": { "id": "39703165", "name": "Холм (ru)" }, "geometry": { "type": "Polygon", "coordinates": [ [ [ 3349791.240554722957313, 8367397.848841859959066 ], [ 3349784.973267390858382, 8367403.811611256562173 ], [ 3349776.012048382777721, 8367406.804080988280475 ], [ 3349764.078598969615996, 8367405.296762751415372 ], [ 3349757.800179688725621, 8367398.447335227392614 ], [ 3349757.510749012231827, 8367388.893613605760038 ], [ 3349763.176911093760282, 8367379.029575266875327 ], [ 3349772.438692727591842, 8367374.263808659277856 ], [ 3349781.689342412631959, 8367375.748954201117158 ], [ 3349788.858317619655281, 8367378.74141254555434 ], [ 3349792.142242598347366, 8367383.817511328496039 ], [ 3349792.743367848452181, 8367391.575747658498585 ], [ 3349791.240554722957313, 8367397.848841859959066 ] ] ] } },
{ "type": "Feature", "properties": { "id": "41300239", "name": "Скамья -холм (ru)" }, "geometry": { "type": "Polygon", "coordinates": [ [ [ 3367328.179175822529942, 8402266.723537148907781 ], [ 3367334.747025778982788, 8402281.645487127825618 ], [ 3367345.789919266477227, 8402287.324744692072272 ], [ 3367360.116737731732428, 8402289.10647345893085 ], [ 3367372.963006968609989, 8402286.122078020125628 ], [ 3367376.54749457212165, 8402279.262427415698767 ], [ 3367378.039175748825073, 8402271.489649228751659 ], [ 3367376.246931947302073, 8402262.848289413377643 ], [ 3367358.92561917938292, 8402269.106592802330852 ], [ 3367346.090481891296804, 8402269.106592802330852 ], [ 3367337.429825507570058, 8402267.90392910502851 ], [ 3367328.179175822529942, 8402266.723537148907781 ] ] ] } },
{ "type": "Feature", "properties": { "id": "40295144", "name": "Искусственный холм (ru)" }, "geometry": { "type": "Polygon", "coordinates": [ [ [ 3376452.470106744207442, 8349786.274983089417219 ], [ 3376452.102752424776554, 8349782.847379649989307 ], [ 3376451.034085313323885, 8349779.552459130994976 ], [ 3376449.297501256689429, 8349776.545016186311841 ], [ 3376446.970923898741603, 8349773.97984522767365 ], [ 3376444.165672731120139, 8349771.945399928838015 ], [ 3376441.004199193324894, 8349770.55224749352783 ], [ 3376437.608954722993076, 8349769.844614613801241 ], [ 3376434.146918559446931, 8349769.844614613801241 ], [ 3376430.751674090512097, 8349770.574361024424434 ], [ 3376427.601332501508296, 8349772.011740528978407 ], [ 3376424.807213282212615, 8349774.046185842715204 ], [ 3376422.502899822779, 8349776.633470371365547 ], [ 3376420.788579664658755, 8349779.663026909343898 ], [ 3376419.742176451254636, 8349782.957947474904358 ], [ 3376419.408217978663743, 8349786.407664545811713 ], [ 3376419.786704247817397, 8349789.857383226044476 ], [ 3376420.888767206575722, 8349793.130194745957851 ], [ 3376422.647615160793066, 8349796.115530844777822 ], [ 3376424.985324467532337, 8349798.680709493346512 ], [ 3376427.812839533668011, 8349800.693048542365432 ], [ 3376430.985445021186024, 8349802.064093041233718 ], [ 3376434.391821439843625, 8349802.749615387991071 ], [ 3376437.85385760338977, 8349802.705388135276735 ], [ 3376441.226838174276054, 8349801.953524927608669 ], [ 3376444.377179763745517, 8349800.494025975465775 ], [ 3376447.16016703331843, 8349798.437459756620228 ], [ 3376449.442216594237834, 8349795.828053982928395 ], [ 3376451.13427285477519, 8349792.798490810208023 ], [ 3376452.470106744207442, 8349786.274983089417219 ] ] ] } },
{ "type": "Feature", "properties": { "id": "41750048", "name": "Бугорок (ru)" }, "geometry": { "type": "Polygon", "coordinates": [ [ [ 3364808.740800444502383, 8407034.778355678543448 ], [ 3364812.915281348861754, 8407046.433927852660418 ], [ 3364820.974812482483685, 8407054.791185034438968 ], [ 3364831.728275292553008, 8407056.863786283880472 ], [ 3364840.978924978058785, 8407052.986016681417823 ], [ 3364843.071731404401362, 8407043.737321561202407 ], [ 3364835.602193572558463, 8407029.697155993431807 ], [ 3364826.05098126269877, 8407024.638245755806565 ], [ 3364816.199206327088177, 8407024.638245755806565 ], [ 3364811.724162797443569, 8407026.710838517174125 ], [ 3364808.740800444502383, 8407034.778355678543448 ] ] ] } },
{ "type": "Feature", "properties": { "id": "43227606", "name": "Искусственный холм (ru)" }, "geometry": { "type": "Polygon", "coordinates": [ [ [ 3389443.254307235591114, 8408499.602670395746827 ], [ 3389445.636544338893145, 8408487.677312936633825 ], [ 3389452.204394295345992, 8408477.51291136443615 ], [ 3389465.941219459287822, 8408462.73443148098886 ], [ 3389472.809632041957229, 8408459.613790957257152 ], [ 3389472.809632041957229, 8408468.864264937117696 ], [ 3389468.33458851184696, 8408479.897978018969297 ], [ 3389462.957857106812298, 8408503.503492446616292 ], [ 3389460.564488054253161, 8408507.382026137784123 ], [ 3389455.788881899323314, 8408509.767102466896176 ], [ 3389447.428788140416145, 8408508.563418990001082 ], [ 3389443.254307235591114, 8408499.602670395746827 ] ] ] } },
{ "type": "Feature", "properties": { "id": "36518492", "name": "Холмик от детской крепости (ru)" }, "geometry": { "type": "Polygon", "coordinates": [ [ [ 3402968.806209548842162, 8359122.625023756176233 ], [ 3402968.416591331828386, 8359119.148798267357051 ], [ 3402967.2700005765073, 8359115.827565256506205 ], [ 3402965.433228977955878, 8359112.860598363913596 ], [ 3402962.973068231251091, 8359110.358604819513857 ], [ 3402960.034233674407005, 8359108.454433310776949 ], [ 3402956.750308696180582, 8359107.258790986612439 ], [ 3402953.277140583377331, 8359106.815960546024144 ], [ 3402949.792840522248298, 8359107.125941852107644 ], [ 3402946.464387746993452, 8359108.210876528173685 ], [ 3402943.447629546746612, 8359109.982198785059154 ], [ 3402940.898413207847625, 8359112.395626047626138 ], [ 3402938.950322118122131, 8359115.296168113127351 ], [ 3402937.681279923766851, 8359118.573117772117257 ], [ 3402937.169210265390575, 8359122.027201423421502 ], [ 3402937.414113145787269, 8359125.525569841265678 ], [ 3402938.438252461142838, 8359128.868948807939887 ], [ 3402940.163704568054527, 8359131.924488523975015 ], [ 3402942.523677773308009, 8359134.515055797062814 ], [ 3402945.384588686749339, 8359136.507800472900271 ], [ 3402948.623985868413001, 8359137.836297220550478 ], [ 3402952.074890082702041, 8359138.434120836667717 ], [ 3402955.581454042810947, 8359138.234846291132271 ], [ 3402958.943302664905787, 8359137.282756879925728 ], [ 3402962.026852560229599, 8359135.622136104851961 ], [ 3402964.653992542997003, 8359133.297267647460103 ], [ 3402966.713403122499585, 8359130.48528487700969 ], [ 3402968.104896757286042, 8359127.252613090910017 ], [ 3402968.806209548842162, 8359122.625023756176233 ] ] ] } },
{ "type": "Feature", "properties": { "id": "38255723", "name": "Остатки артиллерийского ДОТа (ru)" }, "geometry": { "type": "Polygon", "coordinates": [ [ [ 3396701.006808230187744, 8391663.43865367770195 ], [ 3396700.550398318562657, 8391659.613459479063749 ], [ 3396699.147772734053433, 8391656.077380558475852 ], [ 3396696.910250969231129, 8391652.986092833802104 ], [ 3396693.960284462664276, 8391650.539750946685672 ], [ 3396690.542776095680892, 8391648.827312109991908 ], [ 3396686.86923289950937, 8391648.137888794764876 ], [ 3396682.995314619969577, 8391648.271325560286641 ], [ 3396679.410827016457915, 8391649.40553816780448 ], [ 3396676.037846445571631, 8391651.251413958147168 ], [ 3396673.310518920887262, 8391653.942390337586403 ], [ 3396671.418087577912956, 8391657.300552323460579 ], [ 3396670.416212160140276, 8391660.970068823546171 ], [ 3396670.238100974820554, 8391664.795263728126884 ], [ 3396671.006205461453646, 8391668.487023483961821 ], [ 3396672.776185364462435, 8391671.934150226414204 ], [ 3396675.180686365813017, 8391674.803050488233566 ], [ 3396678.319896006491035, 8391677.027004947885871 ], [ 3396681.859855813439935, 8391678.405857050791383 ], [ 3396685.678114348091185, 8391678.850648103281856 ], [ 3396689.507504831068218, 8391678.405857050791383 ], [ 3396693.047464638482779, 8391676.938046757131815 ], [ 3396696.053090889938176, 8391674.625134158879519 ], [ 3396698.502119687385857, 8391671.711754903197289 ], [ 3396700.238703743554652, 8391668.220149220898747 ], [ 3396701.006808230187744, 8391663.43865367770195 ] ] ] } },
{ "type": "Feature", "properties": { "id": "40295139", "name": "Искусственный холм (ru)" }, "geometry": { "type": "Polygon", "coordinates": [ [ [ 3376322.126114974264055, 8349883.730154615826905 ], [ 3376321.725364807527512, 8349880.214050493203104 ], [ 3376320.511982358526438, 8349876.874858819879591 ], [ 3376318.575023218523711, 8349873.933717735111713 ], [ 3376315.992411032319069, 8349871.501195918768644 ], [ 3376312.931125034578145, 8349869.709975824691355 ], [ 3376309.547012514900416, 8349868.69273991137743 ], [ 3376306.018184656277299, 8349868.493715511634946 ], [ 3376302.52275264589116, 8349869.090788730420172 ], [ 3376299.272223514504731, 8349870.483959762379527 ], [ 3376296.422444550786167, 8349872.584773721173406 ], [ 3376294.140394988935441, 8349875.282661996781826 ], [ 3376292.537394321989268, 8349878.444942135363817 ], [ 3376291.713630090001971, 8349881.894703825935721 ], [ 3376291.702498140744865, 8349885.432922624051571 ], [ 3376292.492866524960846, 8349888.882687582634389 ], [ 3376294.07360329432413, 8349892.044973547570407 ], [ 3376296.333388957194984, 8349894.764982834458351 ], [ 3376299.160904024261981, 8349896.910031518898904 ], [ 3376302.400301205925643, 8349898.325321713462472 ], [ 3376305.884601267520338, 8349898.966625169850886 ], [ 3376309.413429126143456, 8349898.767599954269826 ], [ 3376312.80867359507829, 8349897.772473946213722 ], [ 3376315.892223489936441, 8349896.025475285016 ], [ 3376318.485967625398189, 8349893.615060087293386 ], [ 3376320.456322612706572, 8349890.673912332393229 ], [ 3376321.691968960221857, 8349887.378943685442209 ], [ 3376322.126114974264055, 8349883.730154615826905 ] ] ] } },
{ "type": "Feature", "properties": { "id": "40345245", "name": "Цветочная горка (ru)" }, "geometry": { "type": "Polygon", "coordinates": [ [ [ 3314776.407170440070331, 8397148.408076729625463 ], [ 3314775.961892476305366, 8397144.758081825450063 ], [ 3314774.648322484921664, 8397141.308393185958266 ], [ 3314772.54438410885632, 8397138.281570933759212 ], [ 3314769.772528788074851, 8397135.83340678922832 ], [ 3314766.499735759105533, 8397134.141948398202658 ], [ 3314762.904116206802428, 8397133.296219348907471 ], [ 3314759.2194410613738, 8397133.318475374951959 ], [ 3314755.646085406187922, 8397134.230972511693835 ], [ 3314752.395556275732815, 8397135.966942993924022 ], [ 3314749.668228751048446, 8397138.459619268774986 ], [ 3314747.608818171545863, 8397141.508697643876076 ], [ 3314746.350907925050706, 8397144.980642439797521 ], [ 3314745.961289708036929, 8397148.652893524616957 ], [ 3314746.462227416224778, 8397152.302890358492732 ], [ 3314747.831457152962685, 8397155.730328055098653 ], [ 3314749.979923325590789, 8397158.734901372343302 ], [ 3314752.785174493677914, 8397161.116304798051715 ], [ 3314756.091363369952887, 8397162.763257151469588 ], [ 3314759.686982922255993, 8397163.564477348700166 ], [ 3314763.371658067684621, 8397163.47545287758112 ], [ 3314766.933881773147732, 8397162.518439887091517 ], [ 3314770.151015057228506, 8397160.715694822371006 ], [ 3314772.844946734141558, 8397158.200754916295409 ], [ 3314774.859829518012702, 8397155.107157444581389 ], [ 3314776.407170440070331, 8397148.408076729625463 ] ] ] } },
{ "type": "Feature", "properties": { "id": "37956397", "name": "Горка (ru)" }, "geometry": { "type": "Polygon", "coordinates": [ [ [ 3364262.930205135606229, 8363839.954828664660454 ], [ 3364270.689173643477261, 8363845.914722659625113 ], [ 3364280.240385953802615, 8363845.914722659625113 ], [ 3364293.977211117744446, 8363841.72728734370321 ], [ 3364293.977211117744446, 8363829.785355238243937 ], [ 3364288.600479712709785, 8363820.236254608258605 ], [ 3364279.04926740238443, 8363814.874584035016596 ], [ 3364269.498055092059076, 8363822.030864225700498 ], [ 3364262.930205135606229, 8363839.954828664660454 ] ] ] } },
{ "type": "Feature", "properties": { "id": "40581981", "name": "Холм (ru)" }, "geometry": { "type": "Polygon", "coordinates": [ [ [ 3333139.358677124138921, 8333048.521835194900632 ], [ 3333155.132648969069123, 8333037.269453856162727 ], [ 3333174.925254432484508, 8333065.312185098417103 ], [ 3333159.073358943220228, 8333076.454291185364127 ], [ 3333139.358677124138921, 8333048.521835194900632 ] ] ] } },
{ "type": "Feature", "properties": { "id": "41496005", "name": "Холм (ru)" }, "geometry": { "type": "Polygon", "coordinates": [ [ [ 3339089.474515616893768, 8361273.327615146525204 ], [ 3339091.255627469625324, 8361291.245388308539987 ], [ 3339099.615721228066832, 8361300.193217159248888 ], [ 3339115.7459154445678, 8361293.637381095439196 ], [ 3339115.7459154445678, 8361278.709586937911808 ], [ 3339107.38582168566063, 8361265.575810825452209 ], [ 3339089.474515616893768, 8361273.327615146525204 ] ] ] } },
{ "type": "Feature", "properties": { "id": "41794199", "name": "Искусственная горка (ru)" }, "geometry": { "type": "Polygon", "coordinates": [ [ [ 3396869.288482462987304, 8381450.443086853250861 ], [ 3396877.348013595677912, 8381449.554738638922572 ], [ 3396881.233063824474812, 8381450.443086853250861 ], [ 3396887.800913781858981, 8381453.441262859851122 ], [ 3396892.877082562074065, 8381454.92924696393311 ], [ 3396900.636051069945097, 8381454.92924696393311 ], [ 3396903.919976047705859, 8381454.040898209437728 ], [ 3396905.712219850160182, 8381447.156198998913169 ], [ 3396903.619413422886282, 8381440.89334917254746 ], [ 3396895.559882289730012, 8381438.805733744986355 ], [ 3396889.292594958096743, 8381437.606465576216578 ], [ 3396880.030813323799521, 8381437.317752898670733 ], [ 3396868.38679458713159, 8381436.429406266659498 ], [ 3396858.835582277271897, 8381437.317752898670733 ], [ 3396856.453345173969865, 8381441.781696342863142 ], [ 3396857.945026350673288, 8381445.979138164781034 ], [ 3396862.11950725549832, 8381448.355468722991645 ], [ 3396869.288482462987304, 8381450.443086853250861 ] ] ] } },
{ "type": "Feature", "properties": { "id": "38255410", "name": "Остатки артиллерийского ДОТа (ru)" }, "geometry": { "type": "Polygon", "coordinates": [ [ [ 3398381.908855310641229, 8393213.250496169552207 ], [ 3398381.018299384508282, 8393208.245556060224771 ], [ 3398378.368895503226668, 8393203.907944047823548 ], [ 3398374.405921631027013, 8393200.771518489345908 ], [ 3398369.552391832694411, 8393199.258916569873691 ], [ 3398364.520750848576427, 8393199.548090444877744 ], [ 3398359.889860031194985, 8393201.594552015885711 ], [ 3398356.271976581308991, 8393205.153616977855563 ], [ 3398354.179170154035091, 8393209.735915647819638 ], [ 3398353.811815834138542, 8393214.7631009593606 ], [ 3398355.258969214744866, 8393219.634580267593265 ], [ 3398358.320255211554468, 8393223.660782491788268 ], [ 3398362.65058340318501, 8393226.307844821363688 ], [ 3398367.582036845386028, 8393227.286590795964003 ], [ 3398372.613677829038352, 8393226.485798625275493 ], [ 3398376.988533817231655, 8393223.927713103592396 ], [ 3398380.161139304749668, 8393219.9904875587672 ], [ 3398381.908855310641229, 8393213.250496169552207 ] ] ] } },
{ "type": "Feature", "properties": { "id": "41300243", "name": "Скамья-холм (ru)" }, "geometry": { "type": "Polygon", "coordinates": [ [ [ 3367454.170575502794236, 8402364.340364001691341 ], [ 3367464.022350437939167, 8402380.153387239202857 ], [ 3367472.382444196380675, 8402385.543186020106077 ], [ 3367485.818706734571606, 8402390.910716822370887 ], [ 3367452.968325001653284, 8402335.387029176577926 ], [ 3367451.187213148921728, 8402348.215569637715816 ], [ 3367454.170575502794236, 8402364.340364001691341 ] ] ] } },
{ "type": "Feature", "properties": { "id": "34809182", "name": "Холм (ru)" }, "geometry": { "type": "Polygon", "coordinates": [ [ [ 3352340.54594948142767, 8303770.880515862256289 ], [ 3352330.983605222310871, 8303767.298379951156676 ], [ 3352317.847905308473855, 8303756.551982630975544 ], [ 3352315.465668205637485, 8303743.410192805342376 ], [ 3352320.831267662346363, 8303738.047997645102441 ], [ 3352329.792486670892686, 8303741.014785472303629 ], [ 3352339.944824231322855, 8303751.167801701463759 ], [ 3352346.512674187775701, 8303763.716245774179697 ], [ 3352340.54594948142767, 8303770.880515862256289 ] ] ] } },
{ "type": "Feature", "properties": { "id": "36796134", "name": "Искусственная насыпь (ru)" }, "geometry": { "type": "Polygon", "coordinates": [ [ [ 3422352.078772997483611, 8374334.810850474983454 ], [ 3422348.204854717478156, 8374347.635110080242157 ], [ 3422354.171579423826188, 8374370.621209065429866 ], [ 3422371.192329566460103, 8374365.251862925477326 ], [ 3422364.323916984722018, 8374334.810850474983454 ], [ 3422352.078772997483611, 8374334.810850474983454 ] ] ] } },
{ "type": "Feature", "properties": { "id": "40144803", "name": "Отвал грунта (ru)" }, "geometry": { "type": "Polygon", "coordinates": [ [ [ 3342065.723553415387869, 8368684.145356317982078 ], [ 3342060.647384635172784, 8368687.116175272502005 ], [ 3342053.778972052503377, 8368688.025157431140542 ], [ 3342047.812247346155345, 8368685.320381584577262 ], [ 3342043.927197117358446, 8368681.750965792685747 ], [ 3342041.845522639807314, 8368675.166395858861506 ], [ 3342042.435515941120684, 8368670.688004853203893 ], [ 3342045.418878294527531, 8368665.633190548047423 ], [ 3342052.88841612637043, 8368661.154805325902998 ], [ 3342061.248509885277599, 8368661.731230996549129 ], [ 3342066.925803915597498, 8368665.322807324118912 ], [ 3342069.30804101889953, 8368670.111578483134508 ], [ 3342069.608603643719107, 8368678.159381465055048 ], [ 3342065.723553415387869, 8368684.145356317982078 ] ] ] } },
{ "type": "Feature", "properties": { "id": "13602157", "name": "Горка из камней (ru)" }, "geometry": { "type": "Polygon", "coordinates": [ [ [ 3375858.079685653559864, 8326707.080537732690573 ], [ 3375858.079685653559864, 8326686.777506743557751 ], [ 3375885.54220403265208, 8326686.777506743557751 ], [ 3375884.351085481233895, 8326708.292989776469767 ], [ 3375858.079685653559864, 8326707.080537732690573 ] ] ] } },
{ "type": "Feature", "properties": { "id": "38254266", "name": "Остатки артиллерийского ДОТа (ru)" }, "geometry": { "type": "Polygon", "coordinates": [ [ [ 3398430.277174060698599, 8393231.690949300304055 ], [ 3398429.598125166259706, 8393227.509033082053065 ], [ 3398427.739089670591056, 8393223.816492015495896 ], [ 3398424.789123164024204, 8393220.791279025375843 ], [ 3398421.048788273241371, 8393218.833788927644491 ], [ 3398416.952231012284756, 8393218.144218677654862 ], [ 3398412.766618158202618, 8393218.700323713943362 ], [ 3398409.037415216676891, 8393220.479860110208392 ], [ 3398405.976129219867289, 8393223.393851891160011 ], [ 3398403.961246436927468, 8393227.064148519188166 ], [ 3398403.18201000103727, 8393231.201576001942158 ], [ 3398403.694079658947885, 8393235.339005811139941 ], [ 3398405.45292761316523, 8393239.142773974686861 ], [ 3398408.24704683246091, 8393242.234727317467332 ], [ 3398411.909458079375327, 8393244.325689310207963 ], [ 3398415.972619493026286, 8393245.148727701976895 ], [ 3398420.19162819487974, 8393244.748330635949969 ], [ 3398423.998754779342562, 8393243.057765478268266 ], [ 3398427.171360266860574, 8393240.299475790932775 ], [ 3398429.264166694134474, 8393236.718149596825242 ], [ 3398430.277174060698599, 8393231.690949300304055 ] ] ] } },
{ "type": "Feature", "properties": { "id": "41721009", "name": "Горка (ru)" }, "geometry": { "type": "Polygon", "coordinates": [ [ [ 3356840.703156493604183, 8323461.398218404501677 ], [ 3356843.942553676199168, 8323462.76438239403069 ], [ 3356846.725540945772082, 8323464.923803404904902 ], [ 3356848.84061127062887, 8323467.744272618554533 ], [ 3356850.165313211269677, 8323470.983406555838883 ], [ 3356850.599459224846214, 8323474.486961190588772 ], [ 3356850.109653466381133, 8323477.968482538126409 ], [ 3356848.740423729177564, 8323481.207620957866311 ], [ 3356846.580825608223677, 8323483.98402644880116 ], [ 3356843.775574440136552, 8323486.099383714608848 ], [ 3356840.513913359027356, 8323487.421482310630381 ], [ 3356837.029613297898322, 8323487.862181895412505 ], [ 3356833.545313235837966, 8323487.37741235177964 ], [ 3356830.305916054174304, 8323486.011243814602494 ], [ 3356827.522928783670068, 8323483.829781671054661 ], [ 3356825.40785845881328, 8323481.031341278925538 ], [ 3356824.083156518638134, 8323477.770167986862361 ], [ 3356823.649010504595935, 8323474.288646734319627 ], [ 3356824.138816263526678, 8323470.807127121835947 ], [ 3356825.508046000730246, 8323467.567993262782693 ], [ 3356827.667644122149795, 8323464.791593937203288 ], [ 3356830.47289529023692, 8323462.676242773421109 ], [ 3356833.734556370414793, 8323461.35414860304445 ], [ 3356837.21885643247515, 8323460.913450599648058 ], [ 3356840.703156493604183, 8323461.398218404501677 ] ] ] } },
{ "type": "Feature", "properties": { "id": "41750046", "name": "Бугорок (ru)" }, "geometry": { "type": "Polygon", "coordinates": [ [ [ 3364853.224068964831531, 8407013.874144351109862 ], [ 3364856.808556568343192, 8407018.955333115532994 ], [ 3364865.769775577355176, 8407021.941647449508309 ], [ 3364872.337625533808023, 8407022.521081710234284 ], [ 3364877.113231688737869, 8407020.738207198679447 ], [ 3364883.681081646122038, 8407012.670705420896411 ], [ 3364881.287712594028562, 8407004.313496051356196 ], [ 3364872.337625533808023, 8406999.544319489970803 ], [ 3364865.168650327250361, 8406998.652884960174561 ], [ 3364859.201925620436668, 8406999.544319489970803 ], [ 3364853.825194214936346, 8407004.915214810520411 ], [ 3364852.634075663983822, 8407007.901523444801569 ], [ 3364853.224068964831531, 8407013.874144351109862 ] ] ] } },
{ "type": "Feature", "properties": { "id": "38254256", "name": "Остатки артиллерийского ДОТа (ru)" }, "geometry": { "type": "Polygon", "coordinates": [ [ [ 3398609.768721015192568, 8393609.140908425673842 ], [ 3398609.034012376330793, 8393604.958777939900756 ], [ 3398607.052525440230966, 8393601.110330177471042 ], [ 3398603.991239443421364, 8393598.196188988164067 ], [ 3398600.017133621964604, 8393596.438806694000959 ], [ 3398595.798124920576811, 8393595.971654508262873 ], [ 3398591.567984270863235, 8393596.883713562041521 ], [ 3398587.861045226920396, 8393598.997021567076445 ], [ 3398585.055794059298933, 8393602.244843473657966 ], [ 3398583.430529493838549, 8393606.204518688842654 ], [ 3398583.21902246074751, 8393610.5201221909374 ], [ 3398584.298821521922946, 8393614.702255832031369 ], [ 3398586.658794726710767, 8393618.23927496932447 ], [ 3398590.065171144902706, 8393620.908724496141076 ], [ 3398594.117200609762222, 8393622.287940464913845 ], [ 3398598.469792699906975, 8393622.332431307062507 ], [ 3398602.52182216476649, 8393621.042196996510029 ], [ 3398605.972726379521191, 8393618.550710696727037 ], [ 3398608.477414922323078, 8393614.969200612977147 ], [ 3398609.768721015192568, 8393609.140908425673842 ] ] ] } },
{ "type": "Feature", "properties": { "id": "23705117", "name": "Остатки фундамента электроподстанции (ru)" }, "geometry": { "type": "Polygon", "coordinates": [ [ [ 3381704.056140509434044, 8403145.277018772438169 ], [ 3381698.879784187301993, 8403132.892572950571775 ], [ 3381735.726535640656948, 8403117.545689670369029 ], [ 3381740.902891962323338, 8403129.930109679698944 ], [ 3381704.056140509434044, 8403145.277018772438169 ] ] ] } },
{ "type": "Feature", "properties": { "id": "37691561", "name": "Холм (ru)" }, "geometry": { "type": "Polygon", "coordinates": [ [ [ 3429496.563692109659314, 8347231.294492935761809 ], [ 3429507.005460346117616, 8347240.556880653835833 ], [ 3429519.250604333356023, 8347232.200835851021111 ], [ 3429522.233966686297208, 8347215.466668747365475 ], [ 3429507.606585596688092, 8347207.420134264044464 ], [ 3429496.563692109659314, 8347231.294492935761809 ] ] ] } },
{ "type": "Feature", "properties": { "id": "38244327", "name": "Остатки артиллерийского ДОТа (ru)" }, "geometry": { "type": "Polygon", "coordinates": [ [ [ 3396376.933506632689387, 8390604.269314287230372 ], [ 3396376.265589688438922, 8390600.155598076060414 ], [ 3396374.295234701130539, 8390596.486609878018498 ], [ 3396371.300740398466587, 8390593.684838306158781 ], [ 3396367.54927355889231, 8390591.950408816337585 ], [ 3396363.397056552115828, 8390591.55015591531992 ], [ 3396359.378422935027629, 8390592.484079385176301 ], [ 3396355.849595076404512, 8390594.618762044236064 ], [ 3396353.233587042894214, 8390597.776314610615373 ], [ 3396351.708510019350797, 8390601.667666468769312 ], [ 3396351.574926629662514, 8390605.781383521854877 ], [ 3396352.74378128349781, 8390609.761684916913509 ], [ 3396355.092622539959848, 8390613.141607338562608 ], [ 3396358.443339212331921, 8390615.565368451178074 ], [ 3396362.372917236760259, 8390616.810603829100728 ], [ 3396366.480606447439641, 8390616.76613113284111 ], [ 3396370.36565667623654, 8390615.387477699667215 ], [ 3396373.627317756414413, 8390612.78582595475018 ], [ 3396375.864839521702379, 8390609.316958395764232 ], [ 3396376.933506632689387, 8390604.269314287230372 ] ] ] } },
{ "type": "Feature", "properties": { "id": "32971216", "name": "Остатки артиллерийского ДОТа (ru)" }, "geometry": { "type": "Polygon", "coordinates": [ [ [ 3396549.211550584994256, 8391306.947982300072908 ], [ 3396547.753265255596489, 8391301.054800476878881 ], [ 3396543.678971892222762, 8391296.540404001250863 ], [ 3396538.046205657999963, 8391294.383279571309686 ], [ 3396531.968161460477859, 8391294.939239414408803 ], [ 3396526.92538852756843, 8391298.297237770631909 ], [ 3396523.9754220219329, 8391303.656695269048214 ], [ 3396523.908630327321589, 8391309.750025125220418 ], [ 3396526.591430055443197, 8391315.198444774374366 ], [ 3396531.444959854241461, 8391318.778837027028203 ], [ 3396537.489608203992248, 8391319.757329620420933 ], [ 3396543.233693928923458, 8391317.778106095269322 ], [ 3396547.486098477616906, 8391313.330414727330208 ], [ 3396549.211550584994256, 8391306.947982300072908 ] ] ] } },
{ "type": "Feature", "properties": { "id": "41750050", "name": "Бугорок (ru)" }, "geometry": { "type": "Polygon", "coordinates": [ [ [ 3364867.250324804801494, 8406974.450478753075004 ], [ 3364866.660331503488123, 8406978.03849159181118 ], [ 3364870.23368715820834, 8406987.287104181945324 ], [ 3364875.309855938423425, 8406993.571710206568241 ], [ 3364882.478831145446748, 8406997.449448518455029 ], [ 3364889.64780635247007, 8406997.449448518455029 ], [ 3364894.723975132685155, 8406990.585407385602593 ], [ 3364892.330606080591679, 8406981.916221719235182 ], [ 3364881.287712594028562, 8406972.667615877464414 ], [ 3364874.719862637110054, 8406970.884753439575434 ], [ 3364867.250324804801494, 8406974.450478753075004 ] ] ] } },
{ "type": "Feature", "properties": { "id": "40627795", "name": "Кутепкина горка (ru)" }, "geometry": { "type": "Polygon", "coordinates": [ [ [ 3353110.776638229377568, 8302269.216602814383805 ], [ 3353110.275700520258397, 8302265.745053117163479 ], [ 3353108.828547140583396, 8302262.559138687327504 ], [ 3353106.557629528455436, 8302259.900549076497555 ], [ 3353103.618794970680028, 8302258.010973572731018 ], [ 3353100.268078298307955, 8302257.000270591117442 ], [ 3353096.772646287456155, 8302256.978298788890243 ], [ 3353093.399665716104209, 8302257.923086349852383 ], [ 3353090.438567260745913, 8302259.790690024383366 ], [ 3353088.123121852520853, 8302262.405335958115757 ], [ 3353086.620308727491647, 8302265.547306665219367 ], [ 3353086.074843222275376, 8302269.01885627117008 ], [ 3353086.508989236317575, 8302272.490407503210008 ], [ 3353087.900482871104032, 8302275.6982980677858 ], [ 3353090.138004635926336, 8302278.378865223377943 ], [ 3353093.043443345464766, 8302280.334361547604203 ], [ 3353096.371896120719612, 8302281.389011464081705 ], [ 3353099.878460080362856, 8302281.476898961700499 ], [ 3353103.251440651249141, 8302280.576052136719227 ], [ 3353106.245934953913093, 8302278.774358819238842 ], [ 3353108.617040107492357, 8302276.181678959168494 ], [ 3353110.164381029549986, 8302273.061675583012402 ], [ 3353110.776638229377568, 8302269.216602814383805 ] ] ] } },
{ "type": "Feature", "properties": { "id": "43431866", "name": "Холм с булыжником  наверху (ru)" }, "geometry": { "type": "Polygon", "coordinates": [ [ [ 3350714.613466954790056, 8365042.023315743543208 ], [ 3350718.787947859615088, 8365048.006340368650854 ], [ 3350723.864116639830172, 8365050.997854502871633 ], [ 3350733.415328950155526, 8365051.88422929123044 ], [ 3350737.600941803306341, 8365049.491017601452768 ], [ 3350745.359910312108696, 8365041.735244306735694 ], [ 3350744.469354385510087, 8365038.455662623979151 ], [ 3350736.409823251888156, 8365032.782876129262149 ], [ 3350728.339160169940442, 8365029.50329842697829 ], [ 3350722.071872837841511, 8365030.677741625346243 ], [ 3350714.613466954790056, 8365042.023315743543208 ] ] ] } },
{ "type": "Feature", "properties": { "id": "12006622", "name": "Преграда (ru)" }, "geometry": { "type": "Polygon", "coordinates": [ [ [ 3384032.648380872793496, 8329445.370471956208348 ], [ 3384031.757824945729226, 8329425.368653204292059 ], [ 3384009.070912722498178, 8329437.321221954189241 ], [ 3384009.961468648631126, 8329455.536797501146793 ], [ 3384032.648380872793496, 8329445.370471956208348 ] ] ] } },
{ "type": "Feature", "properties": { "id": "38110936", "name": "Остатки артиллерийского ДОТа (ru)" }, "geometry": { "type": "Polygon", "coordinates": [ [ [ 3395257.849797637667507, 8389943.635924389585853 ], [ 3395256.836790271103382, 8389938.833313615992665 ], [ 3395254.031539102550596, 8389934.831140363588929 ], [ 3395249.834794300142676, 8389932.296431763097644 ], [ 3395245.003528399392962, 8389931.65163760818541 ], [ 3395240.283581989817321, 8389932.941225973889232 ], [ 3395236.509851252194494, 8389936.031792111694813 ], [ 3395234.22780169127509, 8389940.411949221044779 ], [ 3395233.893843218218535, 8389945.259029662236571 ], [ 3395235.530239733401686, 8389949.883769940584898 ], [ 3395238.88095640623942, 8389953.463498782366514 ], [ 3395243.378263833932579, 8389955.420121494680643 ], [ 3395248.265189480502158, 8389955.397887142375112 ], [ 3395252.762496908195317, 8389953.463498782366514 ], [ 3395256.09094968251884, 8389949.883769940584898 ], [ 3395257.849797637667507, 8389943.635924389585853 ] ] ] } },
{ "type": "Feature", "properties": { "id": "27511715", "name": "Каменная глыба (ru)" }, "geometry": { "type": "Polygon", "coordinates": [ [ [ 3396765.394001705572009, 8367183.192353937774897 ], [ 3396777.03802044223994, 8367170.934690590947866 ], [ 3396759.716707674320787, 8367152.426322508603334 ], [ 3396747.182133011519909, 8367164.063314981758595 ], [ 3396765.394001705572009, 8367183.192353937774897 ] ] ] } },
{ "type": "Feature", "properties": { "id": "32965812", "name": "Горка (ru)" }, "geometry": { "type": "Polygon", "coordinates": [ [ [ 3383719.139298951253295, 8410451.899227432906628 ], [ 3383723.914905106648803, 8410465.031770464032888 ], [ 3383727.499392709694803, 8410478.766339682042599 ], [ 3383738.241723571904004, 8410486.525490762665868 ], [ 3383746.000692079775035, 8410482.93576755002141 ], [ 3383746.60181732987985, 8410473.972615372389555 ], [ 3383736.449479769449681, 8410463.225765705108643 ], [ 3383719.139298951253295, 8410451.899227432906628 ] ] ] } },
{ "type": "Feature", "properties": { "id": "40149956", "name": "Холмик (ru)" }, "geometry": { "type": "Polygon", "coordinates": [ [ [ 3394963.142577711492777, 8363688.544118241406977 ], [ 3394973.884908572304994, 8363701.394189547747374 ], [ 3394984.337808758486062, 8363704.385157632641494 ], [ 3394993.889021067880094, 8363704.385157632641494 ], [ 3395004.642483878880739, 8363700.197802654467523 ], [ 3395010.609208585228771, 8363692.421292569488287 ], [ 3395007.02472098171711, 8363687.94592581409961 ], [ 3394998.074633922427893, 8363693.019485362805426 ], [ 3394990.905658714938909, 8363693.927852288819849 ], [ 3394979.562202603556216, 8363693.927852288819849 ], [ 3394974.185471198055893, 8363690.936888444237411 ], [ 3394969.409865043126047, 8363687.059714896604419 ], [ 3394966.125940064433962, 8363685.575311846099794 ], [ 3394963.142577711492777, 8363688.544118241406977 ] ] ] } },
{ "type": "Feature", "properties": { "id": "39567474", "name": "Холм (ru)" }, "geometry": { "type": "Polygon", "coordinates": [ [ [ 3380956.95764194894582, 8402241.62354919500649 ], [ 3380956.868586355820298, 8402240.220446802675724 ], [ 3380956.612551527097821, 8402238.839616136625409 ], [ 3380956.189537462312728, 8402237.503328643739223 ], [ 3380955.610676110256463, 8402236.21158429980278 ], [ 3380954.875967470929027, 8402235.008925972506404 ], [ 3380953.996543493587524, 8402233.917625069618225 ], [ 3380952.994668076746166, 8402232.915410099551082 ], [ 3380951.870341219007969, 8402232.069095337763429 ], [ 3380950.656958770006895, 8402231.35640929825604 ], [ 3380949.365652676206082, 8402230.799623381346464 ], [ 3380948.018686837516725, 8402230.398737546056509 ], [ 3380946.627193202730268, 8402230.153751766309142 ], [ 3380945.224567619152367, 8402230.109208898618817 ], [ 3380943.821942035108805, 8402230.198294635862112 ], [ 3380942.441580349113792, 8402230.487823283299804 ], [ 3380941.105746459681541, 8402230.9332519993186 ], [ 3380939.836704264394939, 8402231.534580802544951 ], [ 3380938.645585712976754, 8402232.291809739544988 ], [ 3380937.554654703475535, 8402233.204938855022192 ], [ 3380936.586175133939832, 8402234.207153864204884 ], [ 3380935.751278952229768, 8402235.342997711151838 ], [ 3380935.061098109465092, 8402236.567927543073893 ], [ 3380934.515632604714483, 8402237.88194340839982 ], [ 3380934.148278285283595, 8402239.240502430126071 ], [ 3380933.936771252658218, 8402240.621333172544837 ], [ 3380933.903375405352563, 8402242.024435641244054 ], [ 3380934.036958794109523, 8402243.427538374438882 ], [ 3380934.337521419860423, 8402244.808369901031256 ], [ 3380934.805063281208277, 8402246.144658720120788 ], [ 3380935.439584378618747, 8402247.391861835494637 ], [ 3380936.207688864786178, 8402248.572250694036484 ], [ 3380937.131640638224781, 8402249.641282275319099 ], [ 3380938.166911902371794, 8402250.598956530913711 ], [ 3380939.313502657692879, 8402251.400730423629284 ], [ 3380940.549149005673826, 8402252.091146903112531 ], [ 3380941.862718997057527, 8402252.603391429409385 ], [ 3380943.22081678500399, 8402252.959735468029976 ], [ 3380944.623442369047552, 8402253.137907491996884 ], [ 3380946.026067952625453, 8402253.137907491996884 ], [ 3380947.428693537134677, 8402252.982006970793009 ], [ 3380948.797923273406923, 8402252.64793443121016 ], [ 3380950.111493264790624, 8402252.157961405813694 ], [ 3380951.358271562028676, 8402251.512087918817997 ], [ 3380952.52712621493265, 8402250.710314014926553 ], [ 3380953.573529428336769, 8402249.774911232292652 ], [ 3380954.508613151032478, 8402248.728151122108102 ], [ 3380955.310113484971225, 8402247.570033729076385 ], [ 3380955.955766532104462, 8402246.322830580174923 ], [ 3380956.456704240292311, 8402245.008813207969069 ], [ 3380956.779530763160437, 8402243.627981647849083 ], [ 3380956.95764194894582, 8402241.62354919500649 ] ] ] } },
{ "type": "Feature", "properties": { "id": "41300240", "name": "Скамья-холм (ru)" }, "geometry": { "type": "Polygon", "coordinates": [ [ [ 3367321.900756542105228, 8402311.199945965781808 ], [ 3367334.735893830191344, 8402315.676554823294282 ], [ 3367342.795424963813275, 8402321.667642578482628 ], [ 3367347.270468493457884, 8402326.723322652280331 ], [ 3367353.838318450376391, 8402334.785691889002919 ], [ 3367357.723368679173291, 8402337.191041326150298 ], [ 3367357.723368679173291, 8402328.215528445318341 ], [ 3367354.740006325766444, 8402314.785687172785401 ], [ 3367349.66383754555136, 8402309.863645343109965 ], [ 3367341.60430641239509, 8402306.589709838852286 ], [ 3367332.943650028668344, 8402307.035143157467246 ], [ 3367321.900756542105228, 8402311.199945965781808 ] ] ] } },
{ "type": "Feature", "properties": { "id": "41750049", "name": "Бугорок (ru)" }, "geometry": { "type": "Polygon", "coordinates": [ [ [ 3364827.84322506422177, 8407000.725470406934619 ], [ 3364832.028837917838246, 8407009.684394851326942 ], [ 3364838.596687874291092, 8407016.838170703500509 ], [ 3364842.481738104019314, 8407019.222764199599624 ], [ 3364847.557906883768737, 8407016.838170703500509 ], [ 3364849.049588060472161, 8407007.299804443493485 ], [ 3364849.639581361785531, 8406997.739164680242538 ], [ 3364843.372294029220939, 8406991.476840937510133 ], [ 3364835.913888146635145, 8406992.056272802874446 ], [ 3364827.553794387727976, 8406999.522033624351025 ], [ 3364827.84322506422177, 8407000.725470406934619 ] ] ] } },
{ "type": "Feature", "properties": { "id": "38244451", "name": "Остатки артиллерийского ДОТа (ru)" }, "geometry": { "type": "Polygon", "coordinates": [ [ [ 3396153.804719286505133, 8390450.128825364634395 ], [ 3396153.270385731011629, 8390446.637798549607396 ], [ 3396151.689648961648345, 8390443.480310752987862 ], [ 3396149.240620164200664, 8390440.923191342502832 ], [ 3396146.134806371293962, 8390439.255505250766873 ], [ 3396142.661638258956373, 8390438.610666731372476 ], [ 3396139.155074298381805, 8390439.033147133886814 ], [ 3396135.937941014301032, 8390440.478475015610456 ], [ 3396133.321932980790734, 8390442.857707684859633 ], [ 3396131.54082112852484, 8390445.904016053304076 ], [ 3396130.772716641891748, 8390449.35057083517313 ], [ 3396131.073279267176986, 8390452.863834790885448 ], [ 3396132.431377054657787, 8390456.132505921646953 ], [ 3396134.713426615577191, 8390458.823045834898949 ], [ 3396137.696788969449699, 8390460.713095121085644 ], [ 3396141.114297336433083, 8390461.602530248463154 ], [ 3396144.643125194124877, 8390461.402407336980104 ], [ 3396147.949314071331173, 8390460.157198222354054 ], [ 3396150.721169392112643, 8390457.978082781657577 ], [ 3396152.70265632821247, 8390455.04294871725142 ], [ 3396153.804719286505133, 8390450.128825364634395 ] ] ] } },
{ "type": "Feature", "properties": { "id": "41699685", "name": "Высота 134,0 (ru)" }, "geometry": { "type": "Polygon", "coordinates": [ [ [ 3319637.551222196314484, 8341071.683716165833175 ], [ 3319636.97236084472388, 8341068.08345624152571 ], [ 3319635.302568482700735, 8341064.836597568355501 ], [ 3319632.708824346773326, 8341062.274451596662402 ], [ 3319629.447163266595453, 8341060.662067087367177 ], [ 3319625.840411765500903, 8341060.154055601917207 ], [ 3319622.244792212732136, 8341060.772504371590912 ], [ 3319619.038790877908468, 8341062.495326217263937 ], [ 3319616.522970385849476, 8341065.12373467348516 ], [ 3319614.953365565277636, 8341068.41476843226701 ], [ 3319614.496955653652549, 8341072.037116011604667 ], [ 3319615.176004547160119, 8341075.61529036052525 ], [ 3319616.945984450634569, 8341078.795891239307821 ], [ 3319619.628784178756177, 8341081.269692870788276 ], [ 3319622.934973055496812, 8341082.793731788173318 ], [ 3319626.563988455571234, 8341083.191307208500803 ], [ 3319630.126212160568684, 8341082.440331431105733 ], [ 3319633.287685699295253, 8341080.629154868423939 ], [ 3319635.714450598694384, 8341077.912390857003629 ], [ 3319637.551222196314484, 8341071.683716165833175 ] ] ] } },
{ "type": "Feature", "properties": { "id": "36555582", "name": "Холм (ru)" }, "geometry": { "type": "Polygon", "coordinates": [ [ [ 3371597.626738166436553, 8416086.060333298519254 ], [ 3371597.036744865123183, 8416082.445564707741141 ], [ 3371595.333556655794382, 8416079.165498446673155 ], [ 3371592.684152774978429, 8416076.621774600818753 ], [ 3371589.36683194944635, 8416075.037525981664658 ], [ 3371585.715552651323378, 8416074.591258825734258 ], [ 3371582.097669200971723, 8416075.305286286398768 ], [ 3371578.902799814473838, 8416077.134981973096728 ], [ 3371576.453771017026156, 8416079.857212981209159 ], [ 3371574.984353739302605, 8416083.248846461996436 ], [ 3371574.672659164760262, 8416086.908242238685489 ], [ 3371575.518687294796109, 8416090.500699616968632 ], [ 3371577.466778383590281, 8416093.624577024951577 ], [ 3371580.294293449725956, 8416095.967485949397087 ], [ 3371583.722933766432106, 8416097.306291382759809 ], [ 3371587.396476962137967, 8416097.484798794612288 ], [ 3371590.936436769552529, 8416096.503008091822267 ], [ 3371593.997722765896469, 8416094.450173417106271 ], [ 3371596.235244530718774, 8416091.549429742619395 ], [ 3371597.626738166436553, 8416086.060333298519254 ] ] ] } },
{ "type": "Feature", "properties": { "id": "38149296", "name": "Остатки артиллерийского ДОТа (ru)" }, "geometry": { "type": "Polygon", "coordinates": [ [ [ 3396005.939039666205645, 8390436.831802137196064 ], [ 3396005.137539332732558, 8390432.65147203207016 ], [ 3396002.866621720604599, 8390429.093746153637767 ], [ 3395999.460245301946998, 8390426.581103285774589 ], [ 3395995.374819990247488, 8390425.536021990701556 ], [ 3395991.155811288394034, 8390426.069680504500866 ], [ 3395987.426608347333968, 8390428.004192944616079 ], [ 3395984.721544721163809, 8390431.272853050380945 ], [ 3395983.352314984425902, 8390435.297531768679619 ], [ 3395983.630613711196929, 8390439.544570814818144 ], [ 3395985.367197767365724, 8390443.346895806491375 ], [ 3395988.406219866126776, 8390446.348732711747289 ], [ 3395992.335797891020775, 8390447.971948727965355 ], [ 3395996.621598286554217, 8390448.016420407220721 ], [ 3396000.517780465073884, 8390446.504383543506265 ], [ 3396003.679254002869129, 8390443.591489875689149 ], [ 3396005.939039666205645, 8390436.831802137196064 ] ] ] } },
{ "type": "Feature", "properties": { "id": "42008696", "name": "Горка (ru)" }, "geometry": { "type": "Polygon", "coordinates": [ [ [ 3336080.274908544495702, 8419288.594926692545414 ], [ 3336081.25452006328851, 8419292.16662429459393 ], [ 3336081.287915910594165, 8419296.809833772480488 ], [ 3336079.907554224599153, 8419300.627089913934469 ], [ 3336076.957587718497962, 8419302.435264561325312 ], [ 3336070.501057252287865, 8419304.10950074903667 ], [ 3336065.647527453955263, 8419304.868487944826484 ], [ 3336061.617761886678636, 8419301.899509062990546 ], [ 3336059.747594441752881, 8419298.126898532733321 ], [ 3336059.346844274550676, 8419294.264997445046902 ], [ 3336059.747594441752881, 8419290.961176160722971 ], [ 3336062.252282985020429, 8419286.87604783847928 ], [ 3336066.026013722177595, 8419283.795460768043995 ], [ 3336071.959342582151294, 8419283.639199135825038 ], [ 3336077.670032459776849, 8419285.58130818605423 ], [ 3336080.274908544495702, 8419288.594926692545414 ] ] ] } },
{ "type": "Feature", "properties": { "id": "40044208", "name": "Горка (ru)" }, "geometry": { "type": "Polygon", "coordinates": [ [ [ 3347661.197758139111102, 8356855.875858556479216 ], [ 3347660.585500939749181, 8356852.312161753885448 ], [ 3347658.804389087017626, 8356849.191161620430648 ], [ 3347656.077061562333256, 8356846.844878700561821 ], [ 3347652.715212940238416, 8356845.53892909642309 ], [ 3347649.108461439143866, 8356845.472524884156883 ], [ 3347645.69095307122916, 8356846.601396554149687 ], [ 3347642.863438005093485, 8356848.814870913513005 ], [ 3347640.937610814813524, 8356851.869466619566083 ], [ 3347640.169506327714771, 8356855.388893674127758 ], [ 3347640.614784291479737, 8356858.97472673933953 ], [ 3347642.251180806197226, 8356862.184270158410072 ], [ 3347644.878320788498968, 8356864.641231928020716 ], [ 3347648.173377715982497, 8356866.102128501050174 ], [ 3347651.768997268285602, 8356866.345611292868853 ], [ 3347655.242165381554514, 8356865.34954538103193 ], [ 3347658.169867988675833, 8356863.268874801695347 ], [ 3347660.229278569109738, 8356860.30281350389123 ], [ 3347661.197758139111102, 8356855.875858556479216 ] ] ] } },
{ "type": "Feature", "properties": { "id": "40964712", "name": "Искусственная насыпь (ru)" }, "geometry": { "type": "Polygon", "coordinates": [ [ [ 3326458.541701063513756, 8296861.375238814391196 ], [ 3326458.252270387485623, 8296866.754408155567944 ], [ 3326459.743951564654708, 8296870.947967380285263 ], [ 3326468.104045322630554, 8296872.726388500072062 ], [ 3326476.753569757565856, 8296872.440962857566774 ], [ 3326480.048626685049385, 8296865.854220364242792 ], [ 3326479.748064060229808, 8296858.389252620749176 ], [ 3326474.371332654729486, 8296854.810461935587227 ], [ 3326465.109551020432264, 8296853.932231355458498 ], [ 3326458.842263688798994, 8296859.882245569489896 ], [ 3326458.541701063513756, 8296861.375238814391196 ] ] ] } },
{ "type": "Feature", "properties": { "id": "25050567", "name": "Остатки артиллерийского ДОТа (ru)" }, "geometry": { "type": "Polygon", "coordinates": [ [ [ 3395586.253427426330745, 8390068.905127743259072 ], [ 3395585.808149463497102, 8390063.857853844761848 ], [ 3395583.136481684632599, 8390060.322540704160929 ], [ 3395579.351618997752666, 8390058.188012838363647 ], [ 3395575.010158856399357, 8390057.854492913931608 ], [ 3395570.880205748137087, 8390059.23304202593863 ], [ 3395567.629676616750658, 8390062.190253093838692 ], [ 3395566.004412050824612, 8390066.170260839164257 ], [ 3395566.082335694693029, 8390070.617199409753084 ], [ 3395567.919107292313129, 8390074.552742285653949 ], [ 3395571.25869201682508, 8390077.354316459968686 ], [ 3395575.466568768024445, 8390078.577226154506207 ], [ 3395579.863688654731959, 8390077.999123362824321 ], [ 3395583.893454221542925, 8390075.019671238958836 ], [ 3395586.253427426330745, 8390068.905127743259072 ] ] ] } },
{ "type": "Feature", "properties": { "id": "35052875", "name": "Горка (ru)" }, "geometry": { "type": "Polygon", "coordinates": [ [ [ 3401591.672788945492357, 8358032.808926395140588 ], [ 3401614.359701169654727, 8358035.199863051995635 ], [ 3401615.550819721072912, 8358022.027582758106291 ], [ 3401594.055026048328727, 8358017.289995255880058 ], [ 3401591.672788945492357, 8358032.808926395140588 ] ] ] } },
{ "type": "Feature", "properties": { "id": "32426940", "name": "Бетонная горка (ru)" }, "geometry": { "type": "Polygon", "coordinates": [ [ [ 3375802.520127798430622, 8409296.929081676527858 ], [ 3375809.510991820134223, 8409294.476871868595481 ], [ 3375795.562659624032676, 8409254.862650262191892 ], [ 3375788.738774838391691, 8409257.20338337495923 ], [ 3375802.520127798430622, 8409296.929081676527858 ] ] ] } },
{ "type": "Feature", "properties": { "id": "36973144", "name": "Насыпной холм (ru)" }, "geometry": { "type": "Polygon", "coordinates": [ [ [ 3414409.644611930008978, 8378788.588422193191946 ], [ 3414427.288751220330596, 8378792.140533196739852 ], [ 3414430.583808148279786, 8378776.156047157943249 ], [ 3414412.995328602381051, 8378772.470740016549826 ], [ 3414409.644611930008978, 8378788.588422193191946 ] ] ] } },
{ "type": "Feature", "properties": { "id": "32426959", "name": "Бетонная горка (ru)" }, "geometry": { "type": "Polygon", "coordinates": [ [ [ 3375798.501494180876762, 8409203.968608632683754 ], [ 3375804.468218887224793, 8409202.185205759480596 ], [ 3375812.227187396027148, 8409201.003701591864228 ], [ 3375818.795037352479994, 8409202.475008698180318 ], [ 3375824.171768757980317, 8409206.064107563346624 ], [ 3375827.756256361491978, 8409213.242310550063848 ], [ 3375831.04018133925274, 8409221.000127851963043 ], [ 3375824.171768757980317, 8409223.675239166244864 ], [ 3375822.078962331172079, 8409217.411021705716848 ], [ 3375819.696725227870047, 8409212.640411270782351 ], [ 3375814.620556447654963, 8409209.051309198141098 ], [ 3375808.642699792515486, 8409208.761506002396345 ], [ 3375801.18429390899837, 8409211.146809570491314 ], [ 3375798.501494180876762, 8409203.968608632683754 ] ] ] } },
{ "type": "Feature", "properties": { "id": "40662864", "name": "Искусственный холм (ru)" }, "geometry": { "type": "Polygon", "coordinates": [ [ [ 3385034.690777247771621, 8416522.36701730825007 ], [ 3385037.073014350607991, 8416527.142367817461491 ], [ 3385037.373576975893229, 8416532.497904784977436 ], [ 3385036.772451725788414, 8416536.693078132346272 ], [ 3385032.898533445782959, 8416541.468437936156988 ], [ 3385028.11179534252733, 8416545.953708613291383 ], [ 3385026.330683489795774, 8416551.01916684396565 ], [ 3385026.920676790643483, 8416557.289628775790334 ], [ 3385029.614608468022197, 8416562.065001947805285 ], [ 3385038.564695527777076, 8416569.228067511692643 ], [ 3385033.789089372847229, 8416559.677314974367619 ], [ 3385032.898533445782959, 8416555.50444334000349 ], [ 3385032.898533445782959, 8416550.126574832946062 ], [ 3385036.772451725788414, 8416546.533893080428243 ], [ 3385040.657501954585314, 8416542.361028900370002 ], [ 3385044.542552183382213, 8416536.983169995248318 ], [ 3385043.340301683172584, 8416529.530044237151742 ], [ 3385039.755814079195261, 8416524.152194706723094 ], [ 3385034.690777247771621, 8416522.36701730825007 ] ] ] } },
{ "type": "Feature", "properties": { "id": "35486458", "name": "Песчаный холмик (ru)" }, "geometry": { "type": "Polygon", "coordinates": [ [ [ 3378642.046567004173994, 8405782.368728084489703 ], [ 3378640.855448452755809, 8405790.724550556391478 ], [ 3378642.046567004173994, 8405799.68200277723372 ], [ 3378643.237685555592179, 8405810.444329185411334 ], [ 3378648.614416961558163, 8405811.045950381085277 ], [ 3378652.788897865917534, 8405802.667822604998946 ], [ 3378651.597779314499348, 8405790.145213225856423 ], [ 3378649.805535512045026, 8405781.187772605568171 ], [ 3378642.046567004173994, 8405782.368728084489703 ] ] ] } },
{ "type": "Feature", "properties": { "id": "40149959", "name": "Холмик (ru)" }, "geometry": { "type": "Polygon", "coordinates": [ [ [ 3394973.294915271922946, 8363665.879305649548769 ], [ 3394984.337808758486062, 8363662.888353180140257 ], [ 3394993.588458442594856, 8363662.578180399723351 ], [ 3395001.659121525473893, 8363665.879305649548769 ], [ 3395006.434727680403739, 8363670.9528500251472 ], [ 3395008.527534107677639, 8363666.167323359288275 ], [ 3395002.850240077357739, 8363659.609384452924132 ], [ 3394991.506783965043724, 8363654.535847880877554 ], [ 3394981.354446404613554, 8363654.823865148238838 ], [ 3394976.278277624864131, 8363658.413004335947335 ], [ 3394973.294915271922946, 8363661.093782277777791 ], [ 3394973.294915271922946, 8363665.879305649548769 ] ] ] } },
{ "type": "Feature", "properties": { "id": "41300244", "name": "Скамья-холм (ru)" }, "geometry": { "type": "Polygon", "coordinates": [ [ [ 3367432.975344455800951, 8402399.284963563084602 ], [ 3367446.400475045200437, 8402408.550098719075322 ], [ 3367454.771700752899051, 8402418.683853637427092 ], [ 3367461.339550709817559, 8402428.238549625501037 ], [ 3367459.547306907828897, 8402419.597005866467953 ], [ 3367456.263381930068135, 8402407.948755457997322 ], [ 3367449.984962648712099, 8402399.886306118220091 ], [ 3367444.018237942364067, 8402397.792743368074298 ], [ 3367437.45038798591122, 8402397.503208143636584 ], [ 3367432.975344455800951, 8402399.284963563084602 ] ] ] } },
{ "type": "Feature", "properties": { "id": "27420081", "name": "Холм (ru)" }, "geometry": { "type": "Polygon", "coordinates": [ [ [ 3383736.894757733214647, 8403317.948656100779772 ], [ 3383736.83909798739478, 8403316.901744142174721 ], [ 3383736.638722904026508, 8403315.877107046544552 ], [ 3383736.327028329484165, 8403314.87474480830133 ], [ 3383735.892882315441966, 8403313.916932132095098 ], [ 3383735.347416810225695, 8403313.025943705812097 ], [ 3383734.690631815232337, 8403312.201779507100582 ], [ 3383733.944791226647794, 8403311.466714220121503 ], [ 3383733.109895045403391, 8403310.820747816935182 ], [ 3383732.208207170013338, 8403310.286154974251986 ], [ 3383731.25085954926908, 8403309.885210365056992 ], [ 3383730.248984132427722, 8403309.573364574462175 ], [ 3383729.213712868280709, 8403309.417441684752703 ], [ 3383728.16730965487659, 8403309.37289228476584 ], [ 3383727.120906441006809, 8403309.439716383814812 ], [ 3383726.096767126116902, 8403309.662463370710611 ], [ 3383725.094891708344221, 8403309.996583864092827 ], [ 3383724.14867603732273, 8403310.442077878862619 ], [ 3383723.269252059515566, 8403310.998945439234376 ], [ 3383722.456619776785374, 8403311.667186563834548 ], [ 3383721.733043087180704, 8403312.424526579678059 ], [ 3383721.109653938096017, 8403313.270965510979295 ], [ 3383720.597584280651063, 8403314.184228679165244 ], [ 3383720.19683411391452, 8403315.142041390761733 ], [ 3383719.918535386677831, 8403316.166678385809064 ], [ 3383719.762688099872321, 8403317.191315522417426 ], [ 3383719.74042420135811, 8403318.238227525725961 ], [ 3383719.840611743275076, 8403319.285139676183462 ], [ 3383720.063250725157559, 8403320.309777243062854 ], [ 3383720.408341146074235, 8403321.289865488186479 ], [ 3383720.87588300742209, 8403322.247679125517607 ], [ 3383721.454744359944016, 8403323.116393927484751 ], [ 3383722.133793253917247, 8403323.918284604325891 ], [ 3383722.913029688876122, 8403324.608801644295454 ], [ 3383723.770189768169075, 8403325.23249451443553 ], [ 3383724.683009592816234, 8403325.722538948059082 ], [ 3383725.662621112074703, 8403326.101209666579962 ], [ 3383726.675628478173167, 8403326.368506656959653 ], [ 3383727.71089974232018, 8403326.502155156806111 ], [ 3383728.768434904981405, 8403326.524429908022285 ], [ 3383729.803706169128418, 8403326.390781408175826 ], [ 3383730.827845484949648, 8403326.145759163424373 ], [ 3383731.807457003276795, 8403325.789363188669086 ], [ 3383732.731408777181059, 8403325.299318751320243 ], [ 3383733.599700805731118, 8403324.720175366848707 ], [ 3383734.378937240689993, 8403324.007383573800325 ], [ 3383735.080250032711774, 8403323.227767623960972 ], [ 3383735.670243334490806, 8403322.359052812680602 ], [ 3383736.160049093421549, 8403321.445788631215692 ], [ 3383736.527403412852436, 8403320.443425636738539 ], [ 3383736.77230629324913, 8403319.441062774509192 ], [ 3383736.894757733214647, 8403317.948656100779772 ] ] ] } },
{ "type": "Feature", "properties": { "id": "37789149", "name": "Искусственный холм (ru)" }, "geometry": { "type": "Polygon", "coordinates": [ [ [ 3396749.853800790384412, 8395800.125104792416096 ], [ 3396749.085696304216981, 8395796.631541850045323 ], [ 3396746.926098182331771, 8395793.761035960167646 ], [ 3396743.764624644070864, 8395792.047633748501539 ], [ 3396740.180137040093541, 8395791.84736598469317 ], [ 3396736.829420367721468, 8395793.137980565428734 ], [ 3396734.324731824919581, 8395795.719210395589471 ], [ 3396733.133613273501396, 8395799.101512929424644 ], [ 3396733.456439796369523, 8395802.684085067361593 ], [ 3396735.248683597892523, 8395805.799366606399417 ], [ 3396738.18751815520227, 8395807.868804352357984 ], [ 3396741.716346013359725, 8395808.536365043371916 ], [ 3396745.20064607495442, 8395807.646284138783813 ], [ 3396747.994765294715762, 8395805.398830335587263 ], [ 3396749.853800790384412, 8395800.125104792416096 ] ] ] } },
{ "type": "Feature", "properties": { "id": "39462431", "name": "Старая горка (ru)" }, "geometry": { "type": "Polygon", "coordinates": [ [ [ 3326099.948225371073931, 8436199.821937408298254 ], [ 3326103.52158102625981, 8436208.167625773698092 ], [ 3326120.241768543142825, 8436201.611896580085158 ], [ 3326117.859531440306455, 8436190.872148076072335 ], [ 3326099.948225371073931, 8436199.821937408298254 ] ] ] } },
{ "type": "Feature", "properties": { "id": "38348451", "name": "Холмик (ru)" }, "geometry": { "type": "Polygon", "coordinates": [ [ [ 3363684.714506056625396, 8418693.529665825888515 ], [ 3363681.886990990955383, 8418687.435953596606851 ], [ 3363675.397064677905291, 8418685.672572614625096 ], [ 3363669.853354035876691, 8418689.467190448194742 ], [ 3363669.196569040883332, 8418696.163579629734159 ], [ 3363673.871987653430551, 8418700.984983617439866 ], [ 3363680.584552948363125, 8418700.538557190448046 ], [ 3363684.714506056625396, 8418693.529665825888515 ] ] ] } },
{ "type": "Feature", "properties": { "id": "39477638", "name": "Холмик (ru)" }, "geometry": { "type": "Polygon", "coordinates": [ [ [ 3390747.495725268032402, 8405782.145906280726194 ], [ 3390746.694224934093654, 8405778.803580049425364 ], [ 3390744.467835118528455, 8405776.174284480512142 ], [ 3390741.295229631010443, 8405774.85963704623282 ], [ 3390737.866589314304292, 8405775.104740789160132 ], [ 3390734.916622808203101, 8405776.887313697487116 ], [ 3390733.102115108631551, 8405779.806277761235833 ], [ 3390732.801552483346313, 8405783.215450994670391 ], [ 3390734.081726627890021, 8405786.424086073413491 ], [ 3390736.664338813629001, 8405788.674587897956371 ], [ 3390740.00392353720963, 8405789.521311536431313 ], [ 3390743.354640210513026, 8405788.785998897626996 ], [ 3390746.00404409179464, 8405786.580061424523592 ], [ 3390747.495725268032402, 8405782.145906280726194 ] ] ] } },
{ "type": "Feature", "properties": { "id": "40843390", "name": "Подъём-спуск (ru)" }, "geometry": { "type": "Polygon", "coordinates": [ [ [ 3382362.377345162909478, 8335374.558429654687643 ], [ 3382358.726065864786506, 8335370.607818696647882 ], [ 3382382.715416131075472, 8335349.662994776852429 ], [ 3382386.110660600010306, 8335353.525312949903309 ], [ 3382362.377345162909478, 8335374.558429654687643 ] ] ] } },
{ "type": "Feature", "properties": { "id": "41647345", "name": "Холмик (ru)" }, "geometry": { "type": "Polygon", "coordinates": [ [ [ 3383966.068193429149687, 8316954.932706561870873 ], [ 3383968.750993156805634, 8316963.871010505594313 ], [ 3383977.111086915712804, 8316970.145442143082619 ], [ 3383984.870055423583835, 8316970.145442143082619 ], [ 3383981.285567820072174, 8316960.898913166485727 ], [ 3383975.018280488438904, 8316956.121544393710792 ], [ 3383966.068193429149687, 8316954.932706561870873 ] ] ] } },
{ "type": "Feature", "properties": { "id": "43208744", "name": "Бугор (ru)" }, "geometry": { "type": "Polygon", "coordinates": [ [ [ 3386420.62956957379356, 8418904.223427630960941 ], [ 3386419.750145595986396, 8418900.830493746325374 ], [ 3386417.356776544358581, 8418898.263472445309162 ], [ 3386414.017191820312291, 8418897.192020339891315 ], [ 3386410.566287605557591, 8418897.8393559679389 ], [ 3386407.861223979387432, 8418900.071548227220774 ], [ 3386406.581049834843725, 8418903.330550139769912 ], [ 3386407.015195848885924, 8418906.812772961333394 ], [ 3386409.085738378111273, 8418909.66998265683651 ], [ 3386412.258343865163624, 8418911.143231840804219 ], [ 3386415.764907825738192, 8418910.920012250542641 ], [ 3386418.726006281096488, 8418909.044967941939831 ], [ 3386420.62956957379356, 8418904.223427630960941 ] ] ] } },
{ "type": "Feature", "properties": { "id": "36796277", "name": "Холм с канализационным люком (ru)" }, "geometry": { "type": "Polygon", "coordinates": [ [ [ 3422427.620179450139403, 8374197.539420360699296 ], [ 3422426.729623523075134, 8374194.255764630623162 ], [ 3422424.291726674418896, 8374191.903958044014871 ], [ 3422420.985537798143923, 8374191.127418299205601 ], [ 3422417.746140616480261, 8374192.125826556235552 ], [ 3422415.475223004352301, 8374194.655128086917102 ], [ 3422414.807306058704853, 8374197.960970868356526 ], [ 3422415.920500967185944, 8374201.178067612461746 ], [ 3422418.514245102647692, 8374203.352382069453597 ], [ 3422421.864961775951087, 8374203.907054227776825 ], [ 3422425.026435314211994, 8374202.686775537207723 ], [ 3422427.620179450139403, 8374197.539420360699296 ] ] ] } },
{ "type": "Feature", "properties": { "id": "41630167", "name": "Горка (ru)" }, "geometry": { "type": "Polygon", "coordinates": [ [ [ 3353891.382303518708795, 8301435.080801981501281 ], [ 3353897.349028225056827, 8301422.25070599745959 ], [ 3353903.31575293187052, 8301424.62339330650866 ], [ 3353897.349028225056827, 8301437.761064566671848 ], [ 3353891.382303518708795, 8301435.080801981501281 ] ] ] } },
{ "type": "Feature", "properties": { "id": "39552359", "name": "Горка (ru)" }, "geometry": { "type": "Polygon", "coordinates": [ [ [ 3380758.975927572697401, 8404042.536533443257213 ], [ 3380757.083496229257435, 8404030.128301590681076 ], [ 3380761.948157976847142, 8404029.370887754485011 ], [ 3380763.940776862204075, 8404041.779118333011866 ], [ 3380758.975927572697401, 8404042.536533443257213 ] ] ] } },
{ "type": "Feature", "properties": { "id": "31427137", "name": "Валуны (ru)" }, "geometry": { "type": "Polygon", "coordinates": [ [ [ 3339372.893939176108688, 8330973.056354140862823 ], [ 3339370.979243935085833, 8330970.188904127106071 ], [ 3339367.583999465219676, 8330970.806508652865887 ], [ 3339366.827026928775012, 8330974.159219824708998 ], [ 3339369.62114614713937, 8330976.188493118621409 ], [ 3339372.893939176108688, 8330973.056354140862823 ] ] ] } },
{ "type": "Feature", "properties": { "id": "40145966", "name": "Горка (ru)" }, "geometry": { "type": "Polygon", "coordinates": [ [ [ 3339660.498975589871407, 8369333.918557563796639 ], [ 3339660.465579742565751, 8369333.475112784653902 ], [ 3339660.343128303531557, 8369333.053840272128582 ], [ 3339660.142753219231963, 8369332.654740015976131 ], [ 3339659.875586441718042, 8369332.299984251148999 ], [ 3339659.541627969127148, 8369331.989572972990572 ], [ 3339659.163141699973494, 8369331.767850637435913 ], [ 3339658.740127635654062, 8369331.590472775511444 ], [ 3339658.305981621611863, 8369331.52395607624203 ], [ 3339657.860703658312559, 8369331.52395607624203 ], [ 3339657.415425695478916, 8369331.590472775511444 ], [ 3339657.003543579019606, 8369331.745678402483463 ], [ 3339656.613925361074507, 8369331.989572972990572 ], [ 3339656.291098837740719, 8369332.299984251148999 ], [ 3339656.012800110969692, 8369332.654740015976131 ], [ 3339655.812425027601421, 8369333.053840272128582 ], [ 3339655.689973587635905, 8369333.475112784653902 ], [ 3339655.656577740330249, 8369333.918557563796639 ], [ 3339655.689973587635905, 8369334.362002367153764 ], [ 3339655.812425027601421, 8369334.805447201244533 ], [ 3339656.012800110969692, 8369335.204547572880983 ], [ 3339656.279966888949275, 8369335.559303473681211 ], [ 3339656.602793412283063, 8369335.869714906439185 ], [ 3339656.981279680971056, 8369336.091437362134457 ], [ 3339657.404293745756149, 8369336.268815334886312 ], [ 3339657.838439760729671, 8369336.335332074202597 ], [ 3339658.283717723563313, 8369336.335332074202597 ], [ 3339658.728995686396956, 8369336.268815334886312 ], [ 3339659.15200975118205, 8369336.113609610125422 ], [ 3339659.530496020335704, 8369335.869714906439185 ], [ 3339659.864454492460936, 8369335.581475721672177 ], [ 3339660.131621270440519, 8369335.226719814352691 ], [ 3339660.33199635380879, 8369334.827619443647563 ], [ 3339660.454447793774307, 8369334.384174609556794 ], [ 3339660.498975589871407, 8369333.918557563796639 ] ] ] } },
{ "type": "Feature", "properties": { "id": null, "name": null }, "geometry": { "type": "Polygon", "coordinates": [ [ [ 3326429.838817096315324, 8366076.280299999751151 ], [ 3326341.427950588986278, 8365716.280299999751151 ], [ 3326369.290878440719098, 8365471.352604613639414 ], [ 3326464.667951234616339, 8365096.280299999751151 ], [ 3326460.284315649420023, 8364742.802241093479097 ], [ 3326434.031294268090278, 8364371.826853839680552 ], [ 3326474.361389373894781, 8364066.167185669764876 ], [ 3326546.392294590827078, 8363649.893277602270246 ], [ 3326515.752802771516144, 8363000.603620247915387 ], [ 3326360.928955331910402, 8362715.952890618704259 ], [ 3325845.9307, 8362222.647438778541982 ], [ 3325665.9307, 8362150.387084214948118 ], [ 3325225.9307, 8362195.401737054809928 ], [ 3325015.9307, 8362302.102058832533658 ], [ 3324739.983615237753838, 8362576.280299999751151 ], [ 3324585.779850994702429, 8363053.76111569814384 ], [ 3324592.403541682753712, 8363265.719217708334327 ], [ 3324691.758901999797672, 8363517.419463845901191 ], [ 3325026.772276849020272, 8364166.280299999751151 ], [ 3325042.814508454874158, 8364650.070571463555098 ], [ 3325122.29879670869559, 8365020.997249982319772 ], [ 3325221.654157026205212, 8365358.80547506082803 ], [ 3325413.741186973173171, 8365729.732153579592705 ], [ 3325619.075598295312375, 8366094.035141409374774 ], [ 3325824.41000961791724, 8366279.49848066829145 ], [ 3326069.486565067898482, 8366438.467057176865637 ], [ 3326155.594544009305537, 8366471.585510615259409 ], [ 3326359.245495613664389, 8366506.280299999751151 ], [ 3326391.088825041428208, 8366406.280299999751151 ], [ 3326429.838817096315324, 8366076.280299999751151 ] ] ] } },
{ "type": "Feature", "properties": { "id": "13285934", "name": "Yukky Hills" }, "geometry": { "type": "Polygon", "coordinates": [ [ [ 3368245.429516060743481, 8424786.507575770840049 ], [ 3367356.843944701831788, 8424681.421944806352258 ], [ 3367022.429062409792095, 8424815.19192460924387 ], [ 3367022.429062409792095, 8425044.492017243057489 ], [ 3367557.497326856479049, 8425273.799257380887866 ], [ 3367901.463421459309757, 8425140.043278940021992 ], [ 3368006.560152716934681, 8425436.222096662968397 ], [ 3367251.747213444206864, 8425655.978980733081698 ], [ 3366592.479793118778616, 8425541.340852577239275 ], [ 3366324.945660894736648, 8425216.471777241677046 ], [ 3365245.269051641225815, 8425221.252773711457849 ], [ 3365273.933820520527661, 8424862.954741168767214 ], [ 3366401.37762327445671, 8423964.828896338120103 ], [ 3366219.848929637111723, 8423496.654049234464765 ], [ 3368159.435209422837943, 8423659.08232899568975 ], [ 3368579.83326640445739, 8423305.550780430436134 ], [ 3368293.196709561161697, 8423181.345251584425569 ], [ 3367834.571539440192282, 8423219.560395961627364 ], [ 3367786.804345942102373, 8422770.483568035066128 ], [ 3368264.531940681859851, 8422665.3820631057024 ], [ 3368713.605898490175605, 8422942.477178676053882 ], [ 3369305.992568747140467, 8422980.691082315519452 ], [ 3370070.356720329727978, 8423219.560395961627364 ], [ 3370796.516022672411054, 8422694.058142879977822 ], [ 3372115.050863321870565, 8422990.250172821804881 ], [ 3372917.642128043342382, 8423057.141819601878524 ], [ 3373490.915241731330752, 8422789.601215234026313 ], [ 3374073.750699677504599, 8422961.595272811129689 ], [ 3374990.989907966461033, 8422588.957729706540704 ], [ 3375545.160597034264356, 8422588.957729706540704 ], [ 3375917.791460515465587, 8423162.226586401462555 ], [ 3377255.439857733435929, 8422694.058142879977822 ], [ 3377532.525202268268913, 8422617.611178399994969 ], [ 3378010.252797007095069, 8422837.373216703534126 ], [ 3379185.474925210233778, 8422292.759522253647447 ], [ 3380752.430341514293104, 8421881.902794826775789 ], [ 3381430.811318408697844, 8421729.04886694252491 ], [ 3382061.413969854358584, 8422273.643166033551097 ], [ 3381029.515686047729105, 8423028.464324600994587 ], [ 3380781.09511039359495, 8423506.191474262624979 ], [ 3380599.555284806992859, 8424805.630462566390634 ], [ 3380819.311091581825167, 8425608.211015038192272 ], [ 3382147.408276492264122, 8426248.367746647447348 ], [ 3383102.874597919173539, 8424375.66793348453939 ], [ 3382328.94810207746923, 8422483.858817903324962 ], [ 3384645.940851499792188, 8421418.505019787698984 ], [ 3385142.782002808526158, 8421652.611928675323725 ], [ 3385749.506623479072005, 8421533.168241787701845 ], [ 3386060.032343046739697, 8421858.031022556126118 ], [ 3387899.297497729305178, 8421709.933975314721465 ], [ 3388004.394228987395763, 8422178.106793720275164 ], [ 3386494.768350441940129, 8422894.704494735226035 ], [ 3386275.012543667107821, 8423582.625336388126016 ], [ 3385950.148873683996499, 8423840.612236626446247 ], [ 3386169.904680459294468, 8423883.610932914540172 ], [ 3386332.342081425245851, 8424227.564874727278948 ], [ 3385725.617460754700005, 8424404.328341810032725 ], [ 3385462.87006663531065, 8424031.707067415118217 ], [ 3384473.963370172772557, 8423859.710327848792076 ], [ 3384851.369839809369296, 8424189.344493947923183 ], [ 3385138.006396653596312, 8424848.612459653988481 ], [ 3385763.833441944327205, 8425431.463302232325077 ], [ 3386227.23421821789816, 8425331.127184271812439 ], [ 3386700.186206802725792, 8425388.455557929351926 ], [ 3386986.833895594347268, 8425221.252773711457849 ], [ 3387287.797270903829485, 8425206.932134695351124 ], [ 3387450.223539920058101, 8425441.003235951066017 ], [ 3387889.746285418979824, 8425283.36132794059813 ], [ 3388190.709660727996379, 8425417.119912292808294 ], [ 3388434.354630227666348, 8425808.869835490360856 ], [ 3388773.545118674635887, 8426458.585283659398556 ], [ 3388950.309338104911149, 8427705.445342281833291 ], [ 3389007.627743914723396, 8428082.856818316504359 ], [ 3388964.636156570166349, 8428336.062118466943502 ], [ 3388720.99118707049638, 8428871.109630741178989 ], [ 3389236.945894948672503, 8428957.099048370495439 ], [ 3389361.15618277573958, 8429324.962710240855813 ], [ 3389958.318459187168628, 8429549.485491814091802 ], [ 3390216.290247151628137, 8429965.130031455308199 ], [ 3390660.588598805014044, 8430012.903944481164217 ], [ 3390598.483454891946167, 8430218.310714745894074 ], [ 3390316.62250420358032, 8430180.1039057970047 ], [ 3389757.676208981778473, 8430648.279548700898886 ], [ 3389843.659383669961244, 8431489.085234757512808 ], [ 3390393.054466582369059, 8431446.086776129901409 ], [ 3390875.557667476590723, 8431245.430626520887017 ], [ 3391401.063587664626539, 8431274.095455570146441 ], [ 3390488.599985530599952, 8431684.962829601019621 ], [ 3389848.434989824425429, 8432028.923988290131092 ], [ 3389251.272713412996382, 8431895.156919244676828 ], [ 3389093.622050551231951, 8431575.08290621265769 ], [ 3388701.888762450776994, 8431627.630080297589302 ], [ 3388061.723766745999455, 8431379.208237903192639 ], [ 3387808.527584935538471, 8431608.511809676885605 ], [ 3387593.547384316567332, 8431355.327984435483813 ], [ 3387206.58970237057656, 8431360.090613070875406 ], [ 3387216.140914679970592, 8430982.689805274829268 ], [ 3387335.575596351642162, 8430662.610785581171513 ], [ 3386528.20872547570616, 8430175.319685069844127 ], [ 3386117.36188080534339, 8430452.407205436378717 ], [ 3386628.529850578866899, 8430753.383386962115765 ], [ 3386466.103581562638283, 8431283.66532976552844 ], [ 3385959.711217943578959, 8431579.84567715972662 ], [ 3385668.287922996096313, 8431307.545350536704063 ], [ 3385391.202578462660313, 8431350.542999161407351 ], [ 3385243.11425986001268, 8431020.90078385360539 ], [ 3385047.236483860760927, 8431302.760396338999271 ], [ 3384660.278801913838834, 8431436.539050579071045 ], [ 3383800.357999433763325, 8431360.090613070875406 ], [ 3383800.357999433763325, 8431116.462637415155768 ], [ 3383977.122218864504248, 8430915.81548086553812 ], [ 3383738.252855520695448, 8430863.251034179702401 ], [ 3383590.153404968325049, 8430681.726597428321838 ], [ 3384134.772881726268679, 8430251.75580813921988 ], [ 3384364.079900811426342, 8430414.19918036647141 ], [ 3384029.676150468178093, 8430891.914373671635985 ], [ 3384645.940851499792188, 8430657.826250975951552 ], [ 3385238.327521755360067, 8430987.474551223218441 ], [ 3385434.205297756008804, 8430739.051973203197122 ], [ 3385415.091741187032312, 8429793.12862996570766 ], [ 3384837.043021344114095, 8429066.98457108438015 ], [ 3384765.375533171463758, 8428665.695777365937829 ], [ 3385453.30772237572819, 8428651.368430988863111 ], [ 3385639.623154116794467, 8428493.702409638091922 ], [ 3386184.242630874272436, 8428465.048414839431643 ], [ 3386079.134767666459084, 8427748.444286644458771 ], [ 3386337.117687580175698, 8427657.68641441501677 ], [ 3386848.285657353699207, 8428140.184291800484061 ], [ 3387154.035770766902715, 8428794.687854556366801 ], [ 3387173.149327336344868, 8429191.200105568394065 ], [ 3387923.186660453677177, 8429664.141395825892687 ], [ 3388515.57333071064204, 8429688.038513366132975 ], [ 3388185.93405457213521, 8429038.328342847526073 ], [ 3387612.660940885078162, 8428985.777312682941556 ], [ 3387493.226259213406593, 8428617.930614173412323 ], [ 3386771.853694975376129, 8427901.333941176533699 ], [ 3386236.785430528223515, 8427170.393224310129881 ], [ 3384927.801802188158035, 8428154.510642476379871 ], [ 3384545.619726396631449, 8428488.941636776551604 ], [ 3384034.45175662310794, 8428503.268666760995984 ], [ 3384488.290188638027757, 8429248.536218270659447 ], [ 3383819.471556003671139, 8429410.957434125244617 ], [ 3383485.056673711631447, 8429807.480555659160018 ], [ 3382969.113097783178091, 8429869.583136357367039 ], [ 3382629.92260933527723, 8429573.382236825302243 ], [ 3382348.061658646911383, 8429793.12862996570766 ], [ 3382075.751920268405229, 8430065.439958149567246 ], [ 3381621.902356304228306, 8430227.879215236753225 ], [ 3381110.734386530704796, 8430012.903944481164217 ], [ 3381039.078030306845903, 8430270.870552139356732 ], [ 3381053.404848772101104, 8430567.054828969761729 ], [ 3380695.111935704015195, 8430872.82037378847599 ], [ 3380418.026591170579195, 8430977.90506243519485 ], [ 3380074.060496569145471, 8430934.909592371433973 ], [ 3380078.836102724075317, 8430748.598793303593993 ], [ 3379462.560269743669778, 8430643.495023420080543 ], [ 3379902.071883293800056, 8430987.474551223218441 ], [ 3379863.855902104638517, 8431302.760396338999271 ], [ 3379113.818568986374885, 8431699.273725964128971 ], [ 3378636.079842297825962, 8431737.510788794606924 ], [ 3377900.380459594540298, 8431613.296962808817625 ], [ 3377508.636039543431252, 8432100.57154344022274 ], [ 3377150.343126476742327, 8432067.140403222292662 ], [ 3377250.664251578971744, 8431608.511809676885605 ], [ 3378287.338141540531069, 8430977.90506243519485 ], [ 3378416.324035522993654, 8430777.261685963720083 ], [ 3378774.628080539405346, 8430519.29967344738543 ], [ 3378612.20181152317673, 8430457.191606407985091 ], [ 3377823.937365266960114, 8430992.236941641196609 ], [ 3377408.314914440736175, 8431192.886183192953467 ], [ 3376997.468069769907743, 8430777.261685963720083 ], [ 3376691.717956357169896, 8430600.501508308574557 ], [ 3376199.652411203365773, 8430571.839304527267814 ], [ 3376070.666517220903188, 8430509.730793805792928 ], [ 3376046.777354497462511, 8430323.430765153840184 ], [ 3376180.538854633457959, 8430051.109884861856699 ], [ 3376471.962149582337588, 8430094.100188490003347 ], [ 3376701.269168666563928, 8430055.894024789333344 ], [ 3376400.305793358478695, 8429769.253525901585817 ], [ 3376557.956456220243126, 8429430.069993078708649 ], [ 3376768.149918735958636, 8429525.611178632825613 ], [ 3376839.817406908143312, 8429649.81210439838469 ], [ 3377116.902751442044973, 8429640.26671046577394 ], [ 3376811.152638029307127, 8429262.86472793854773 ], [ 3376811.152638029307127, 8429100.424429437145591 ], [ 3376944.914138166233897, 8428732.571997307240963 ], [ 3377198.110319974832237, 8428660.912541618570685 ], [ 3377112.116013338323683, 8429000.105310473591089 ], [ 3378206.13057300588116, 8429267.626001760363579 ], [ 3378507.093948315363377, 8429320.179045738652349 ], [ 3378497.542736005969346, 8429157.759834500029683 ], [ 3378659.969005022197962, 8429028.761389786377549 ], [ 3378497.542736005969346, 8428947.554553404450417 ], [ 3378363.781235867645591, 8428570.143409883603454 ], [ 3378421.099641677457839, 8428441.155270518735051 ], [ 3378683.858167745638639, 8428512.812585221603513 ], [ 3379109.042962831445038, 8428785.121218401938677 ], [ 3379132.920993606094271, 8429391.84492483921349 ], [ 3379500.776250932365656, 8429305.850424418225884 ], [ 3380140.941246637143195, 8429420.502530459314585 ], [ 3380695.111935704015195, 8429645.050583163276315 ], [ 3380890.978579755872488, 8430065.439958149567246 ], [ 3381029.515686047729105, 8429912.572378937155008 ], [ 3381015.188867582473904, 8429745.356144484132528 ], [ 3381349.603749874513596, 8429621.153605293482542 ], [ 3381454.70048113213852, 8429358.403741519898176 ], [ 3382271.618564318865538, 8429086.096236215904355 ], [ 3383198.420116867870092, 8428273.950134200975299 ], [ 3383733.477249365765601, 8428226.187514917925 ], [ 3383422.951529797166586, 8427963.420429553836584 ], [ 3383379.959942452609539, 8427743.661647353321314 ], [ 3383255.749654626473784, 8427538.256929157301784 ], [ 3382386.277639836072922, 8427528.691927010193467 ], [ 3380905.305398219730705, 8427375.810017764568329 ], [ 3379443.446713174693286, 8426640.11725078523159 ], [ 3378793.730505159590393, 8426496.795111298561096 ], [ 3378602.63946726359427, 8426210.159209411591291 ], [ 3378411.548429368063807, 8426095.490100910887122 ], [ 3378306.451698109041899, 8425808.869835490360856 ], [ 3377284.104626612737775, 8425436.222096662968397 ], [ 3376921.02497544279322, 8425636.876225711777806 ], [ 3376586.621225099544972, 8425632.094959113746881 ], [ 3376295.197930151596665, 8425842.294885220006108 ], [ 3376080.217729531694204, 8425780.203954603523016 ], [ 3375917.791460515465587, 8425331.127184271812439 ], [ 3375377.958721862174571, 8425316.806331371888518 ], [ 3375435.288259620778263, 8425512.676014177501202 ], [ 3375296.740021379198879, 8425694.206982156261802 ], [ 3374962.325139087159187, 8425694.206982156261802 ], [ 3374551.478294416330755, 8425971.282146070152521 ], [ 3374188.409775194711983, 8425856.639104198664427 ], [ 3374054.637143108062446, 8425703.769599199295044 ], [ 3373758.449373954441398, 8425694.206982156261802 ], [ 3373882.659661781974137, 8425130.481394670903683 ], [ 3374541.927082106936723, 8424920.279466468840837 ], [ 3373806.216567453928292, 8424815.19192460924387 ], [ 3373041.85241587087512, 8424518.993430688977242 ], [ 3371790.187193340621889, 8424442.549839520826936 ], [ 3371570.43138656578958, 8424604.976665806025267 ], [ 3372736.102302458137274, 8424748.306630646809936 ], [ 3372057.721325563266873, 8425617.773520290851593 ], [ 3371694.641674391925335, 8426124.15721045807004 ], [ 3371857.079075358342379, 8426831.195434734225273 ], [ 3371169.146886154077947, 8427041.407282071188092 ], [ 3371016.271829447243363, 8426668.786482883617282 ], [ 3370624.527409396599978, 8426630.553416453301907 ], [ 3370490.765909259673208, 8426410.812105856835842 ], [ 3370146.7998146568425, 8426468.126549512147903 ], [ 3370328.339640243444592, 8426907.641505852341652 ], [ 3369755.055394607130438, 8427127.397658914327621 ], [ 3369363.322106505278498, 8426993.630318960174918 ], [ 3369334.657337626442313, 8426477.690172670409083 ], [ 3369067.123205401934683, 8425780.203954603523016 ], [ 3369067.123205401934683, 8425780.203954603523016 ], [ 3368245.429516060743481, 8424786.507575770840049 ] ] ] } }
]
}
