{
"type": "FeatureCollection",
"name": "parter",
"crs": { "type": "name", "properties": { "name": "urn:ogc:def:crs:EPSG::3857" } },
"features": [
{ "type": "Feature", "properties": { "type": "Партер", "fid": 2, "type_2": "Партер_ядро" }, "geometry": { "type": "MultiPolygon", "coordinates": [ [ [ [ 3354448.677637559361756, 8366006.100335843861103 ], [ 3354447.690676460508257, 8366006.141459222882986 ], [ 3354466.729944325052202, 8366482.123155830428004 ], [ 3355200.00470112124458, 8367423.808762401342392 ], [ 3355217.105446567758918, 8367795.749975876882672 ], [ 3355621.110557754989713, 8367800.025162238627672 ], [ 3355623.365467078983784, 8368138.539460024796426 ], [ 3355644.624082744587213, 8369369.018557008355856 ], [ 3356089.827529754023999, 8369595.043451639823616 ], [ 3356461.093253107275814, 8369985.348442858085036 ], [ 3356994.192753307521343, 8370927.792202139273286 ], [ 3357001.792594274505973, 8370924.705600062385201 ], [ 3357142.49533752957359, 8371163.072600401006639 ], [ 3357723.689880321267992, 8370901.130190201103687 ], [ 3357758.621936516370624, 8370922.020908499136567 ], [ 3357806.099699324928224, 8370978.151146419346333 ], [ 3357814.393001385498792, 8370998.066284127533436 ], [ 3357818.89030881319195, 8371021.84032740816474 ], [ 3357804.30745552899316, 8371041.378567740321159 ], [ 3357790.392519185785204, 8371044.439045945182443 ], [ 3357774.340248625725508, 8371086.509661294519901 ], [ 3357786.095586849842221, 8371106.846465461887419 ], [ 3357802.21464910870418, 8371119.997776530683041 ], [ 3357835.354461503215134, 8371126.251865236088634 ], [ 3357864.920918244402856, 8371122.370781188830733 ], [ 3357890.891755434218794, 8371112.523925709538162 ], [ 3357916.873724573757499, 8371112.812234346754849 ], [ 3357937.768392987083644, 8371129.534155045635998 ], [ 3357960.165874525438994, 8371146.256113659590483 ], [ 3357986.147843664512038, 8371153.729998666793108 ], [ 3358019.309919955674559, 8371140.889114847406745 ], [ 3358037.544052537530661, 8371135.633008224889636 ], [ 3358053.295760476961732, 8371139.647165264002979 ], [ 3358076.717381329275668, 8371135.411231656558812 ], [ 3358095.185284842271358, 8371129.55633267108351 ], [ 3358111.705097270198166, 8371130.709569988772273 ], [ 3358131.464306875132024, 8371122.415136410854757 ], [ 3358175.435505716595799, 8371100.747636053711176 ], [ 3358211.124534445349127, 8371074.622525805607438 ], [ 3358258.913991820532829, 8371061.249521311372519 ], [ 3358314.985619305633008, 8371065.130573177710176 ], [ 3358347.012236792594194, 8371060.029762571677566 ], [ 3358421.585163636133075, 8371024.545960295945406 ], [ 3358472.391379207372665, 8370986.046227948740125 ], [ 3358511.264145373832434, 8370996.868713045492768 ], [ 3358564.152035424951464, 8370994.340508128516376 ], [ 3358586.460461366456002, 8370973.937482702545822 ], [ 3358578.178291256073862, 8370954.820786196738482 ], [ 3358519.735558616463095, 8370943.488289969973266 ], [ 3358484.658787082415074, 8370935.216244034469128 ], [ 3358508.458894199226052, 8370907.00708476267755 ], [ 3358526.904533816035837, 8370895.231123305857182 ], [ 3358545.862243086565286, 8370900.797535886988044 ], [ 3358562.281867973040789, 8370902.394276525825262 ], [ 3358577.566034050658345, 8370900.154404336586595 ], [ 3358588.408552449196577, 8370893.944861235097051 ], [ 3358592.705484792590141, 8370886.138585903681815 ], [ 3358595.88922222610563, 8370876.425107102841139 ], [ 3358594.453200795222074, 8370866.556403157301247 ], [ 3358591.269463358912617, 8370858.905394592322409 ], [ 3358577.254339472390711, 8370843.603401258587837 ], [ 3358560.333776878193021, 8370833.734741244465113 ], [ 3358583.911245015449822, 8370797.409315448254347 ], [ 3358622.784011180512607, 8370774.478705330751836 ], [ 3358666.120688924565911, 8370760.463125744834542 ], [ 3358713.910146300680935, 8370757.269706269726157 ], [ 3358721.557795315980911, 8370794.238056595437229 ], [ 3358753.862711533904076, 8370835.242760335095227 ], [ 3358776.360380612313747, 8370854.137378761544824 ], [ 3358802.487065091729164, 8370873.253814272582531 ], [ 3358835.148203683551401, 8370965.820642625913024 ], [ 3359108.994150902144611, 8370920.601579617708921 ], [ 3359135.265550718642771, 8370929.782867666333914 ], [ 3359139.261920437216759, 8370939.984312243759632 ], [ 3359124.634539354592562, 8370948.655551227740943 ], [ 3359113.435798586346209, 8370954.31071257404983 ], [ 3359100.745376645121723, 8370972.828624221496284 ], [ 3359088.199670039117336, 8370989.993771868757904 ], [ 3359072.381170406471938, 8371013.4351297756657 ], [ 3359023.812476598192006, 8371029.580214316956699 ], [ 3359009.073776025790721, 8371044.793884012848139 ], [ 3358979.629770725034177, 8371052.977343237958848 ], [ 3358907.049462761729956, 8371041.910824676044285 ], [ 3358878.006207624450326, 8371030.644726630300283 ], [ 3358841.203983986750245, 8371033.106411945074797 ], [ 3358815.077299509197474, 8371037.430996228940785 ], [ 3358786.267815308645368, 8371067.45920526329428 ], [ 3358759.551137534435838, 8371108.798091877251863 ], [ 3358729.094124868977815, 8371130.310372400097549 ], [ 3358709.379443062469363, 8371161.359135353006423 ], [ 3358703.691017088480294, 8371196.99884083122015 ], [ 3358708.077005027793348, 8371241.088521911762655 ], [ 3358496.280541953630745, 8371355.084190852940083 ], [ 3358318.993121004197747, 8371429.847676882520318 ], [ 3358135.794635098893195, 8371516.411034293472767 ], [ 3357871.299525108188391, 8371631.763887387700379 ], [ 3357670.22312899120152, 8371717.508976940996945 ], [ 3357645.554729843977839, 8371729.840737638063729 ], [ 3357623.123852460179478, 8371742.327775318175554 ], [ 3357599.190161951351911, 8371757.365479307249188 ], [ 3357579.853966411203146, 8371770.872823636978865 ], [ 3357573.208192816004157, 8371777.504517355002463 ], [ 3357568.499378357548267, 8371784.269294677302241 ], [ 3357565.582807701081038, 8371791.965622652322054 ], [ 3357564.914890756830573, 8371800.172090721316636 ], [ 3357566.640342863742262, 8371808.001513369381428 ], [ 3357880.449987317435443, 8372404.747750997543335 ], [ 3357934.385853809770197, 8372504.628298571333289 ], [ 3358169.167361479718238, 8372902.375793918967247 ], [ 3358170.181225913576782, 8372903.160140415653586 ], [ 3358192.289276775438339, 8372915.338602978736162 ], [ 3358269.500475558452308, 8372948.812841423787177 ], [ 3358280.342993953730911, 8372954.669185033068061 ], [ 3358289.682699227239937, 8372961.59032438788563 ], [ 3358296.629035450983793, 8372970.618871724233031 ], [ 3358299.846168733667582, 8372980.135460606776178 ], [ 3358300.34710644511506, 8372990.295375579036772 ], [ 3358298.332223662640899, 8372999.501424164511263 ], [ 3358293.801520390436053, 8373008.30818500649184 ], [ 3358123.500943949911743, 8373179.014426947571337 ], [ 3358088.950655504595488, 8373250.582881583832204 ], [ 3358595.593729631509632, 8373822.365779526531696 ], [ 3358766.809168586041778, 8373996.906219334341586 ], [ 3358701.103208299726248, 8374062.624063661321998 ], [ 3358307.902235943824053, 8374497.654926693998277 ], [ 3358345.980771672446281, 8374564.292364218272269 ], [ 3359440.738673868589103, 8374050.232131883502007 ], [ 3359669.209888239856809, 8373840.800185375846922 ], [ 3360135.671950914897025, 8374164.467739068903029 ], [ 3361773.048987242858857, 8374573.81199815031141 ], [ 3362772.610550117213279, 8375925.600016514770687 ], [ 3362515.580433949362487, 8376173.110498750582337 ], [ 3362658.374942931812257, 8376382.542445257306099 ], [ 3362435.366352847777307, 8376915.324986839666963 ], [ 3362704.948094911873341, 8377238.41150213778019 ], [ 3362721.05559118790552, 8377249.308913974091411 ], [ 3362733.289603220298886, 8377255.301850841380656 ], [ 3362746.98190058209002, 8377260.340360786765814 ], [ 3362766.462811463978142, 8377281.715223232284188 ], [ 3362791.242530102841556, 8377308.506026188842952 ], [ 3362809.164968115277588, 8377329.54808384925127 ], [ 3362838.753688756376505, 8377352.277124993503094 ], [ 3362882.335269383154809, 8377375.161611245013773 ], [ 3362901.437693997751921, 8377397.29148752335459 ], [ 3362975.720286144409329, 8377562.924738958477974 ], [ 3363340.211235853843391, 8377999.757403877563775 ], [ 3363368.389561863150448, 8378002.94784018676728 ], [ 3363610.264551373198628, 8378308.802673501893878 ], [ 3363608.583627063781023, 8378331.956520927138627 ], [ 3363630.357719455845654, 8378366.676328704692423 ], [ 3363641.400612938217819, 8378388.18759598955512 ], [ 3363654.692160139326006, 8378447.92664582375437 ], [ 3363662.863010773435235, 8378609.386559568345547 ], [ 3363658.321175553835928, 8378628.856115739792585 ], [ 3363650.094665189739317, 8378652.321772289462388 ], [ 3363652.488034240435809, 8378664.420933758839965 ], [ 3363659.645877497736365, 8378677.69673378020525 ], [ 3363674.117411294486374, 8378686.288275971077383 ], [ 3363632.038643804378808, 8378789.054552870802581 ], [ 3363613.370365206617862, 8378787.5671068103984 ], [ 3363604.56499348860234, 8378793.405889369547367 ], [ 3363588.891209194902331, 8378813.564155186526477 ], [ 3363571.425181098747998, 8378839.539094409905374 ], [ 3363486.922555679921061, 8378859.2312674485147 ], [ 3362732.065089002251625, 8379304.950033801607788 ], [ 3362672.386710020713508, 8379351.90792846493423 ], [ 3362656.267647764645517, 8379399.376780373975635 ], [ 3362655.666522523853928, 8379501.19827673304826 ], [ 3362675.971197641454637, 8379564.187987674959004 ], [ 3363284.187499321065843, 8380883.321078483946621 ], [ 3363347.183199144899845, 8381028.134335010312498 ], [ 3363383.317505845800042, 8381085.163246891461313 ], [ 3363411.080586838070303, 8381109.058669796213508 ], [ 3363442.728718055877835, 8381119.80719383712858 ], [ 3363499.457130537834018, 8381116.209545616060495 ], [ 3363533.799193430226296, 8381110.546584372408688 ], [ 3363580.675830980762839, 8381092.625006311573088 ], [ 3364312.200732406694442, 8380760.006649950519204 ], [ 3364327.696405518334359, 8380762.049659873358905 ], [ 3364434.318213746417314, 8380716.126486574299634 ], [ 3364514.345795635133982, 8380660.588253521360457 ], [ 3364567.489720510784537, 8380614.310413314960897 ], [ 3365066.412546055857092, 8380515.582364451140165 ], [ 3365266.765365750994533, 8383441.722513551823795 ], [ 3364894.590912395622581, 8383877.365802063606679 ], [ 3364878.761280812323093, 8383877.587962270714343 ], [ 3364875.032077869866043, 8383878.54325124528259 ], [ 3364872.338146197143942, 8383881.542415122501552 ], [ 3364843.072252079378814, 8383879.120867905206978 ], [ 3364810.555828834883869, 8383877.165857878513634 ], [ 3364806.581723014358431, 8383874.588800019584596 ], [ 3364791.275293035898358, 8383861.903467948548496 ], [ 3364787.278923318721354, 8383860.081758306361735 ], [ 3364752.914596526417881, 8383851.239808150567114 ], [ 3364741.114730508066714, 8383849.595828633755445 ], [ 3364732.598789467010647, 8383849.418101146817207 ], [ 3364725.296230874489993, 8383850.417818351648748 ], [ 3364653.328180112875998, 8383875.410792517475784 ], [ 3364598.692574055399746, 8383886.607672436162829 ], [ 3364452.54121466493234, 8383920.509440365247428 ], [ 3364407.156258291564882, 8383929.151528032496572 ], [ 3364354.602326712571084, 8383928.862717738375068 ], [ 3364288.612132599111646, 8383916.621615028008819 ], [ 3364222.633070436771959, 8383905.869011638686061 ], [ 3364186.498763741925359, 8383910.645476086996496 ], [ 3364070.348007106222212, 8383955.433311946690083 ], [ 3363944.044912917073816, 8384008.574787702411413 ], [ 3363834.172575562261045, 8384069.492452436126769 ], [ 3363607.882314800284803, 8384270.399902243167162 ], [ 3363567.896353725343943, 8384255.114480799995363 ], [ 3363477.582850885111839, 8384233.897124220617115 ], [ 3363383.952027220278978, 8384203.148728422820568 ], [ 3363330.440748017281294, 8384179.909780295565724 ], [ 3363281.716206915676594, 8384138.342016651295125 ], [ 3363240.795162113383412, 8384069.092553684487939 ], [ 3363227.258712032344192, 8383992.734500071965158 ], [ 3363230.6650884388946, 8383879.18751606438309 ], [ 3363205.506883526220918, 8383827.646515755914152 ], [ 3363096.710565739311278, 8383823.290545930154622 ], [ 3363092.523923588450998, 8383905.453398142009974 ], [ 3362432.283637042623013, 8383928.042290725745261 ], [ 3362019.609799780417234, 8384039.451157269999385 ], [ 3361468.830232199281454, 8384335.718866907991469 ], [ 3361236.190487048123032, 8384512.684143134392798 ], [ 3361042.41708295000717, 8384694.372822263278067 ], [ 3360902.143673497252166, 8384852.696078355424106 ], [ 3360809.186051612719893, 8384994.24129112623632 ], [ 3360456.959596123546362, 8385698.694202104583383 ], [ 3360014.296618279069662, 8386603.059425657615066 ], [ 3359823.903939636424184, 8386983.844782942906022 ], [ 3359790.585220873821527, 8387121.879474959336221 ], [ 3359790.585220873821527, 8387131.399108891375363 ], [ 3359838.183390534482896, 8387188.516912484541535 ], [ 3359904.820828059222549, 8387436.027394720353186 ], [ 3360761.587881951592863, 8387178.997278552502394 ], [ 3360765.951026265043765, 8387195.1409125123173 ], [ 3360766.240806857589632, 8387195.053199858404696 ], [ 3360772.953372151590884, 8387195.80888472404331 ], [ 3360779.677069390192628, 8387201.032002796418965 ], [ 3360882.102132852654904, 8387534.719129860401154 ], [ 3361241.630692206323147, 8388737.545127723366022 ], [ 3361222.294496663380414, 8388743.480720933526754 ], [ 3361187.325766856316477, 8388754.227452697232366 ], [ 3361189.97140889801085, 8388764.016328250989318 ], [ 3361111.17389625357464, 8388789.671332368627191 ], [ 3361121.917711869347841, 8388829.113856179639697 ], [ 3361126.504074888769537, 8388845.964938191697001 ], [ 3360007.843380513601005, 8389172.256613144651055 ], [ 3359998.436883545480669, 8389177.03649228811264 ], [ 3359992.681665874551982, 8389183.372615929692984 ], [ 3359974.948471007868648, 8389259.073040829971433 ], [ 3359974.425269400700927, 8389270.945072289556265 ], [ 3359973.557474271859974, 8389290.55978325381875 ], [ 3360133.292042430490255, 8389516.067408889532089 ], [ 3360332.143003010656685, 8389445.59741935133934 ], [ 3360335.657016870565712, 8389439.200938010588288 ], [ 3360345.085777735803276, 8389422.037240849807858 ], [ 3360353.445871489588171, 8389411.876884553581476 ], [ 3360367.33854393241927, 8389403.673018466681242 ], [ 3360399.877231075428426, 8389395.002275623381138 ], [ 3360515.426862461026758, 8389359.763592384755611 ], [ 3360827.060506432317197, 8389270.2056023478508 ], [ 3362846.387713090050966, 8388554.584381742402911 ], [ 3363427.085382950957865, 8390529.908422661945224 ], [ 3363614.307255166117102, 8391110.021948806941509 ], [ 3363623.983163037803024, 8391772.821638010442257 ], [ 3363649.1707145832479, 8391766.964201612398028 ], [ 3363630.524699905887246, 8392016.076630650088191 ], [ 3363627.529224403202534, 8392015.726841514930129 ], [ 3363629.838831087574363, 8392173.934899399057031 ], [ 3363567.712527403142303, 8392981.576847296208143 ], [ 3363404.630980232264847, 8393439.758336966857314 ], [ 3363319.207312666345388, 8393703.795127624645829 ], [ 3363288.144160824362189, 8394107.616101572290063 ], [ 3363435.694132074248046, 8394635.689682887867093 ], [ 3363311.441524705849588, 8394860.897533738985658 ], [ 3363171.657341416459531, 8395241.421143805608153 ], [ 3363243.83242975641042, 8395584.834040625020862 ], [ 3363293.810507900081575, 8395934.680587632581592 ], [ 3361480.320243827532977, 8396420.181918170303106 ], [ 3361056.69653384713456, 8396539.177342319861054 ], [ 3360890.102940034586936, 8396924.722516572102904 ], [ 3360390.322158597409725, 8396800.967275453731418 ], [ 3360185.989065965171903, 8397290.515309887006879 ], [ 3360196.964064057450742, 8397296.345588708296418 ], [ 3360197.208966939710081, 8397309.209867922589183 ], [ 3360163.621003967244178, 8397349.145765397697687 ], [ 3360166.884417780674994, 8397350.619854688644409 ], [ 3360871.667323585599661, 8398086.58784482255578 ], [ 3360958.930634629912674, 8398259.527861258015037 ], [ 3361074.752847469877452, 8399408.230355735868216 ], [ 3361279.42497700965032, 8400271.343832246959209 ], [ 3361431.739119924139231, 8400850.454896453768015 ], [ 3361576.913537389133126, 8401138.423822900280356 ], [ 3362114.772854553069919, 8401966.631974998861551 ], [ 3362292.076036539394408, 8402117.756163669750094 ], [ 3362430.110728555358946, 8402174.873967263847589 ], [ 3362572.905237537343055, 8402186.773509679362178 ], [ 3362829.935353705193847, 8402136.795431533828378 ], [ 3364779.080401309765875, 8401667.953460378572345 ], [ 3364790.979943725280464, 8401667.9534603767097 ], [ 3364838.578113386407495, 8401826.217374498024583 ], [ 3364957.573537537828088, 8402014.23014465905726 ], [ 3365090.848412587773055, 8402130.845660327002406 ], [ 3365670.356128204613924, 8402465.222802190110087 ], [ 3364331.657606498338282, 8404711.85641017369926 ], [ 3363731.920668773818761, 8405159.279204985126853 ], [ 3360680.877993524074554, 8407508.248877735808492 ], [ 3361180.325836771633476, 8408040.859253834933043 ], [ 3361649.255907438229769, 8407515.574835814535618 ], [ 3364249.900943318847567, 8407063.580492218956351 ], [ 3366856.631581835914403, 8406156.891574474051595 ], [ 3370305.811051781754941, 8404264.758716391399503 ], [ 3372222.98006054898724, 8403347.812089687213302 ], [ 3372975.183103701099753, 8402829.269376315176487 ], [ 3374480.291957967914641, 8401420.613601183518767 ], [ 3376478.163161819335073, 8399144.892415624111891 ], [ 3377188.56080271396786, 8398640.412184849381447 ], [ 3379306.825493007898331, 8396416.430326472967863 ], [ 3380178.789763103239238, 8394874.882477954030037 ], [ 3381190.383488652296364, 8393987.899492444470525 ], [ 3383416.773305284790695, 8393013.553094822913408 ], [ 3384499.046132814139128, 8392217.814452761784196 ], [ 3384715.500698320101947, 8392116.852304104715586 ], [ 3383725.994113150052726, 8389097.799024736508727 ], [ 3380111.776053735520691, 8385462.338265252299607 ], [ 3377998.097222722601146, 8379134.483178078196943 ], [ 3376792.465630033053458, 8376746.279779362492263 ], [ 3375076.283416974358261, 8375618.146031984128058 ], [ 3371857.587643770035356, 8373650.677171869203448 ], [ 3370115.044879979919642, 8371766.464264684356749 ], [ 3369254.460305038839579, 8370045.685131129808724 ], [ 3368285.026376671623439, 8368855.168843526393175 ], [ 3366038.563903236296028, 8366815.416715239174664 ], [ 3363564.797440311405808, 8365496.735538888722658 ], [ 3361555.852216620463878, 8365023.808276289142668 ], [ 3360781.810169520787895, 8364838.679071068763733 ], [ 3356978.394232773222029, 8365255.664805663749576 ], [ 3354348.829883634578437, 8365533.487633930519223 ], [ 3354448.677637559361756, 8366006.100335843861103 ] ] ] ] } },
{ "type": "Feature", "properties": { "type": "Партер", "fid": 0, "type_2": "Партер" }, "geometry": { "type": "MultiPolygon", "coordinates": [ [ [ [ 3345028.381010056938976, 8369405.202569871209562 ], [ 3345042.930467497557402, 8369416.599219977855682 ], [ 3345175.467453168239444, 8369344.516813208349049 ], [ 3345430.667385674081743, 8369136.721212508156896 ], [ 3345425.769328076858073, 8369113.928794865496457 ], [ 3345407.735570577904582, 8369109.450137423351407 ], [ 3345158.802925400435925, 8369312.766188831068575 ], [ 3345027.18989150505513, 8369387.220731671899557 ], [ 3345028.381010056938976, 8369405.202569871209562 ] ] ], [ [ [ 3344569.967347212601453, 8369711.188781312666833 ], [ 3344580.93231705063954, 8369721.055939282290637 ], [ 3344590.91767537035048, 8369724.559337865561247 ], [ 3344601.593214532360435, 8369723.073719275183976 ], [ 3344609.229731596074998, 8369712.630050744861364 ], [ 3344597.541185055393726, 8369555.289437536150217 ], [ 3344791.982939526904374, 8369510.566823473200202 ], [ 3344801.445096243172884, 8369513.227556433528662 ], [ 3344810.128016518894583, 8369509.147766282781959 ], [ 3344816.840581810101867, 8369501.365129380486906 ], [ 3344816.796054013539106, 8369489.680103071033955 ], [ 3344809.526891266461462, 8369481.498378407210112 ], [ 3344797.582309910561889, 8369480.323226286098361 ], [ 3344788.955049376934767, 8369486.442888434976339 ], [ 3344610.84386419551447, 8369522.030154829844832 ], [ 3344600.903033672366291, 8369515.755253650248051 ], [ 3344592.264641189947724, 8369506.08792517054826 ], [ 3344589.61523730866611, 8369490.079211832024157 ], [ 3344589.336938576307148, 8369427.885025114752352 ], [ 3344583.258894380182028, 8369410.147028760053217 ], [ 3344568.030388047453016, 8369407.020711335353553 ], [ 3344553.692437638994306, 8369410.102683830074966 ], [ 3344544.519711601547897, 8369429.237549088895321 ], [ 3344559.458787266165018, 8369502.008138970471919 ], [ 3344560.828017007093877, 8369529.236320023424923 ], [ 3344569.967347212601453, 8369711.188781312666833 ] ] ], [ [ [ 3292233.498395080212504, 8386382.025638318620622 ], [ 3292225.561315392144024, 8386411.116351714357734 ], [ 3292196.484664412681013, 8386426.317350773140788 ], [ 3292155.496827924624085, 8386453.40809787530452 ], [ 3292099.981797901447862, 8386571.061767813749611 ], [ 3292086.100257409736514, 8386614.021160032600164 ], [ 3292075.524905798491091, 8386692.673277722671628 ], [ 3292075.524905799888074, 8386724.409944954328239 ], [ 3292055.698904502671212, 8386762.74748784955591 ], [ 3292045.780337880365551, 8386807.019263787195086 ], [ 3292020.009875778574497, 8386848.002008298411965 ], [ 3292016.703686906490475, 8386883.028656053356826 ], [ 3292047.105039834044874, 8386962.350404614582658 ], [ 3292053.717417587991804, 8386988.776360270567238 ], [ 3292049.743311769794673, 8387018.536233713850379 ], [ 3292033.880284341517836, 8387037.02786610275507 ], [ 3292015.378984981682152, 8387052.23015633225441 ], [ 3292002.154229483101517, 8387061.498234621249139 ], [ 3291996.866553678177297, 8387124.95265688188374 ], [ 3291999.515957558061928, 8387145.422658873721957 ], [ 3291997.534470625221729, 8387161.291950358077884 ], [ 3291980.346741256769747, 8387179.139387637376785 ], [ 3291921.525522351730615, 8387213.50082696788013 ], [ 3291897.06863023666665, 8387219.457418775185943 ], [ 3291835.598007449880242, 8387202.943446616642177 ], [ 3291796.458074504043907, 8387183.717940174974501 ], [ 3291780.739762408658862, 8387171.871497021056712 ], [ 3291764.798811332788318, 8387150.556837689131498 ], [ 3291741.210211243946105, 8387148.778766705654562 ], [ 3291718.523299034219235, 8387160.113976587541401 ], [ 3291704.485911251511425, 8387183.717940179631114 ], [ 3291708.070398855954409, 8387202.521151714026928 ], [ 3291722.107786641456187, 8387229.992596676573157 ], [ 3291720.59384156903252, 8387249.195997660979629 ], [ 3291712.846005016006529, 8387278.667981226928532 ], [ 3291711.053761215880513, 8387295.070991469547153 ], [ 3291721.206098773516715, 8387304.939486764371395 ], [ 3291745.696386735886335, 8387310.896152477711439 ], [ 3291758.832086645998061, 8387327.321460880339146 ], [ 3291768.973292253445834, 8387346.925192167051136 ], [ 3291778.068094651214778, 8387384.065737650729716 ], [ 3291790.647197104990482, 8387398.446358186192811 ], [ 3291808.024169609881938, 8387405.381072408519685 ], [ 3291823.419655182398856, 8387403.514033319428563 ], [ 3291839.52758548874408, 8387397.757332448847592 ], [ 3291860.444517799653113, 8387399.513236870989203 ], [ 3291888.029487610328943, 8387447.989700113423169 ], [ 3291921.759293307550251, 8387480.507561400532722 ], [ 3291949.277471419423819, 8387488.331429137848318 ], [ 3291973.211161929182708, 8387502.890068777836859 ], [ 3291989.341356140095741, 8387519.604756168089807 ], [ 3292032.299547622911632, 8387593.798866107128561 ], [ 3292039.702293763868511, 8387668.127087788656354 ], [ 3292048.685776669532061, 8387704.60242535546422 ], [ 3292062.968067333102226, 8387732.097969780676067 ], [ 3292088.304383430164307, 8387752.036193499341607 ], [ 3292141.748870932962745, 8387749.01322633959353 ], [ 3292191.274912361986935, 8387747.79070320725441 ], [ 3292233.754430033266544, 8387779.154042544774711 ], [ 3292277.64770523365587, 8387805.071686620824039 ], [ 3292306.724356215912849, 8387806.116396312601864 ], [ 3292337.927209469489753, 8387800.848393625579774 ], [ 3292349.560096249915659, 8387779.68750941939652 ], [ 3292373.883404974360019, 8387759.060151364654303 ], [ 3292407.190196601673961, 8387742.144871735014021 ], [ 3292445.26146243698895, 8387733.164896753616631 ], [ 3292481.75199150107801, 8387734.209596248343587 ], [ 3292516.650651848874986, 8387745.323429852724075 ], [ 3292537.80135509185493, 8387768.573623970150948 ], [ 3292549.434241876937449, 8387795.024698838591576 ], [ 3292567.935541245155036, 8387871.688896755687892 ], [ 3292584.856103838887066, 8387900.252015837468207 ], [ 3292613.376157370395958, 8387926.570193991065025 ], [ 3292656.668307320214808, 8387929.571005743928254 ], [ 3292697.277657539583743, 8387913.433321347460151 ], [ 3292726.242989029735327, 8387892.538851357996464 ], [ 3292740.447356044314802, 8387859.574611190706491 ], [ 3292766.985922635067254, 8387846.304490055888891 ], [ 3292809.24280132073909, 8387846.860189784318209 ], [ 3292835.625520629808307, 8387864.842655848711729 ], [ 3292889.537549995351583, 8387879.824373074807227 ], [ 3292967.839679779950529, 8387866.398619115352631 ], [ 3293016.464033335447311, 8387861.48622187692672 ], [ 3293073.21470971731469, 8387870.866458354517817 ], [ 3293107.111494647338986, 8387872.266826434060931 ], [ 3293122.440188521519303, 8387870.533037417568266 ], [ 3293176.897683391347528, 8387861.041661192663014 ], [ 3293251.604193624574691, 8387830.989421801641583 ], [ 3293384.259214538615197, 8387793.793517638929188 ], [ 3293328.50487120822072, 8388394.158274848945439 ], [ 3293450.297495851293206, 8388242.963562147691846 ], [ 3293487.022652657236904, 8387980.91841843444854 ], [ 3293611.065961170010269, 8387768.59585165604949 ], [ 3293556.463750958442688, 8387744.589916254393756 ], [ 3293511.138915523886681, 8387737.757835574448109 ], [ 3293470.943737388122827, 8387708.616167854517698 ], [ 3293485.616339631844312, 8387668.262852171435952 ], [ 3293575.343310332857072, 8387616.824105736799538 ], [ 3293982.657119194511324, 8387509.583536189049482 ], [ 3294341.00446732994169, 8387390.465491507202387 ], [ 3294613.195953074842691, 8387210.141155421733856 ], [ 3294932.282859161030501, 8386902.994751144200563 ], [ 3294941.021249344572425, 8386888.604614209383726 ], [ 3294955.841456434689462, 8386822.25621506664902 ], [ 3294936.058142334222794, 8386755.698318189010024 ], [ 3295246.947577298153192, 8386367.630854201503098 ], [ 3295268.242223537992686, 8386182.901748659089208 ], [ 3295203.036514369770885, 8385997.655548102222383 ], [ 3295304.767118751071393, 8385862.520537417382002 ], [ 3295388.658407326322049, 8385816.813646180555224 ], [ 3295709.419464944396168, 8385697.430566477589309 ], [ 3295865.745197622571141, 8385591.500173453241587 ], [ 3295906.536809280049056, 8385519.539699502289295 ], [ 3295973.651084839832038, 8385384.198515455238521 ], [ 3296100.880755202379078, 8385321.415255956351757 ], [ 3296196.344051535706967, 8385267.106951546855271 ], [ 3296260.058961225673556, 8385218.3867690814659 ], [ 3296486.384535355959088, 8384971.354388915933669 ], [ 3296636.98525758786127, 8384853.833159297704697 ], [ 3296977.930818959139287, 8384722.97724368609488 ], [ 3297668.614375618752092, 8384429.510725386440754 ], [ 3297888.320109216496348, 8384321.029118037782609 ], [ 3297951.706098217982799, 8384327.163573255762458 ], [ 3298032.258090598043054, 8384356.495651313103735 ], [ 3298089.976594299543649, 8384345.271042090840638 ], [ 3298182.481403735466301, 8384299.59039803314954 ], [ 3298251.923970812931657, 8384253.779267504811287 ], [ 3298338.629108014050871, 8384213.839804676361382 ], [ 3298569.52787214750424, 8384163.155027743428946 ], [ 3298985.258454742841423, 8384049.960471925325692 ], [ 3299446.813832657411695, 8383988.969335124827921 ], [ 3300120.957275707274675, 8384061.919001501984894 ], [ 3300348.934172758832574, 8384137.808816841803491 ], [ 3300567.999798592645675, 8384207.836521021090448 ], [ 3300797.184366137720644, 8384296.616254757158458 ], [ 3301070.807674392126501, 8384445.517998995259404 ], [ 3301344.141551970038563, 8384580.758582322858274 ], [ 3301833.813727860804647, 8384825.58434434607625 ], [ 3302243.948127615265548, 8385025.756944430992007 ], [ 3302361.879996111616492, 8385078.283988456241786 ], [ 3302581.045809492934495, 8385201.670687540434301 ], [ 3302627.109814763534814, 8385225.73500086273998 ], [ 3302653.414610426407307, 8385248.110660951584578 ], [ 3302712.502996116410941, 8385283.818533306010067 ], [ 3302755.338736155536026, 8385309.349657007493079 ], [ 3302770.322339609730989, 8385329.148004431277514 ], [ 3303102.510831929277629, 8385332.303301509469748 ], [ 3304475.837125302292407, 8385337.658421421423554 ], [ 3304472.174714093096554, 8385758.969683836214244 ], [ 3306906.208774991333485, 8385770.902742675505579 ], [ 3306908.457428690046072, 8385632.595997229218483 ], [ 3306924.376115864142776, 8385620.885374967940152 ], [ 3306761.81626348849386, 8385081.461397525854409 ], [ 3306807.21235180972144, 8385065.996536983177066 ], [ 3306863.985292089171708, 8385063.774576921015978 ], [ 3307036.530502741225064, 8385112.657852883450687 ], [ 3307093.303443017881364, 8385110.435878762044013 ], [ 3307261.395874032750726, 8385045.998920567333698 ], [ 3307318.168814309872687, 8385043.776966536417603 ], [ 3307376.054949498269707, 8385070.440459071658552 ], [ 3307370.488974949810654, 8384957.121282036416233 ], [ 3307437.547836173325777, 8384975.874374534934759 ], [ 3307447.054520700126886, 8385174.873400336131454 ], [ 3307615.146951716393232, 8385139.321594594046474 ], [ 3307688.617815599776804, 8385070.440459052100778 ], [ 3307725.353247542399913, 8385050.442830610089004 ], [ 3307758.749094774480909, 8385161.541453073732555 ], [ 3307787.692162368446589, 8385188.205371674150229 ], [ 3307960.23737302236259, 8385239.311485308222473 ], [ 3308300.875014686957002, 8385225.979421472176909 ], [ 3308468.96744570042938, 8385161.541453028097749 ], [ 3308694.94601190276444, 8385152.653501577675343 ], [ 3308924.264162834733725, 8385199.315366169437766 ], [ 3308981.037103111855686, 8385197.093365907669067 ], [ 3309149.129534124862403, 8385132.655650028958917 ], [ 3309204.789279495365918, 8385130.433669868856668 ], [ 3309264.901804498396814, 8385185.983374682255089 ], [ 3309380.674074875656515, 8385237.08947291597724 ], [ 3310004.063223019707948, 8385214.869386618956923 ], [ 3310286.814729498699307, 8385170.429415068589151 ], [ 3310281.2487549521029, 8385057.108700571581721 ], [ 3310622.999591528438032, 8385072.662420941516757 ], [ 3310961.410843373276293, 8385001.559967103414237 ], [ 3311130.616469299420714, 8384994.894147219136357 ], [ 3311356.595035498961806, 8384957.121281797997653 ], [ 3311352.142255859915167, 8384843.803847147151828 ], [ 3311467.91452623391524, 8384894.907572555355728 ], [ 3311489.065229460131377, 8384723.822580122388899 ], [ 3311484.612449819222093, 8384610.508732551708817 ], [ 3311473.480500743258744, 8384572.73783718328923 ], [ 3311566.988872963003814, 8384548.297949213534594 ], [ 3311582.573601658456028, 8384454.982758828438818 ], [ 3311713.930600731167942, 8384448.317433287389576 ], [ 3311735.081303976476192, 8384486.087691000662744 ], [ 3311791.854244254063815, 8384483.865905771031976 ], [ 3311789.627854433842003, 8384426.099725050851703 ], [ 3311749.552837764378637, 8384408.325606690719724 ], [ 3311758.458397020120174, 8384370.555747497826815 ], [ 3311785.175074794795364, 8384341.673044602386653 ], [ 3311953.267505809664726, 8384277.242807555012405 ], [ 3312066.813386363442987, 8384272.799363685771823 ], [ 3312093.530064139980823, 8384241.695331661961973 ], [ 3312114.680767364334315, 8384070.625501990318298 ], [ 3312370.960498930886388, 8383871.012025830335915 ], [ 3312496.851711013354361, 8383904.780425379984081 ], [ 3312471.849353403784335, 8384026.103563719429076 ], [ 3312686.729366392362863, 8384158.759293641895056 ], [ 3312949.009218516759574, 8384054.873947135172784 ], [ 3313117.99220545263961, 8383945.058330567553639 ], [ 3313289.390825346577913, 8383972.384337528608739 ], [ 3313512.029806813690811, 8383788.413395238108933 ], [ 3313679.810543250758201, 8383699.528705584816635 ], [ 3313788.93704003514722, 8383822.114768764935434 ], [ 3313860.025666825007647, 8383862.83654173836112 ], [ 3314146.662223548162729, 8384017.639093811623752 ], [ 3314235.528573003131896, 8383986.091811649501324 ], [ 3314513.560133086983114, 8384092.153421750292182 ], [ 3314782.051612813957036, 8384196.305897487327456 ], [ 3315014.230674661230296, 8384289.928854341618717 ], [ 3315036.205142130609602, 8384261.26863918825984 ], [ 3315315.706119458191097, 8383994.334081429988146 ], [ 3315268.963065278716385, 8383798.210548480972648 ], [ 3315201.926467929966748, 8383516.964114615693688 ], [ 3315041.793380463030189, 8383112.796682533808053 ], [ 3314958.960547385271639, 8382901.436204495839775 ], [ 3314825.477346017956734, 8382681.907613239251077 ], [ 3314748.054640195332468, 8382554.320591501891613 ], [ 3314739.828129828441888, 8382540.749051845632493 ], [ 3314583.613488456234336, 8382344.197754632681608 ], [ 3314714.825772180221975, 8382216.105725198984146 ], [ 3314560.102811986580491, 8382075.466927780769765 ], [ 3314541.779623809270561, 8382058.809004127047956 ], [ 3314554.55910134408623, 8382040.085542872548103 ], [ 3314541.501325079239905, 8382027.270105119794607 ], [ 3314548.904071212280542, 8382021.051183219067752 ], [ 3314198.025036368984729, 8381696.275279201567173 ], [ 3314181.583147583529353, 8381680.906357644125819 ], [ 3314253.684781733434647, 8381616.321702288463712 ], [ 3314364.169376302044839, 8381712.266098650172353 ], [ 3314437.573448501527309, 8381776.007626504637301 ], [ 3314538.328719578217715, 8381863.514315159060061 ], [ 3314532.094828101806343, 8381913.37582447566092 ], [ 3314695.61202806327492, 8382056.476897810585797 ], [ 3314726.792617422062904, 8382083.77369309682399 ], [ 3314749.780092258937657, 8382058.542477640323341 ], [ 3314804.081739846151322, 8382112.825234767049551 ], [ 3314771.12003864068538, 8382150.428050092421472 ], [ 3314966.6749880425632, 8382330.382276896387339 ], [ 3314977.294867457356304, 8382318.78795706667006 ], [ 3314891.634519326034933, 8382244.469244344159961 ], [ 3314899.604994862340391, 8382237.228429546579719 ], [ 3314983.762529869098216, 8382307.948839319869876 ], [ 3315109.820721172727644, 8382190.563103600405157 ], [ 3315037.585503622423857, 8382097.166706095449626 ], [ 3314958.459609596058726, 8382001.550454963929951 ], [ 3314930.395965978037566, 8381968.923497708514333 ], [ 3314983.940641013439745, 8381856.984592345543206 ], [ 3315057.478296587243676, 8381736.185764128342271 ], [ 3315117.190071413293481, 8381646.837215091101825 ], [ 3315157.621310441754758, 8381570.415415427647531 ], [ 3315179.718229343649, 8381459.504163558594882 ], [ 3315181.733112123329192, 8381402.605606749653816 ], [ 3315179.306347220204771, 8381374.33416086435318 ], [ 3315180.864820087794214, 8381326.652714208699763 ], [ 3315181.465945329982787, 8381253.654282845556736 ], [ 3315180.853688120376319, 8381132.865341853350401 ], [ 3315192.798269467893988, 8381033.01997484266758 ], [ 3315222.208878919482231, 8380987.472637638449669 ], [ 3315356.092830422334373, 8380879.767962321639061 ], [ 3315375.562609352171421, 8380870.840758823789656 ], [ 3315578.342193678487092, 8380794.093903162516654 ], [ 3315986.984912302810699, 8381504.432569246739149 ], [ 3316019.924349611159414, 8381479.225545652210712 ], [ 3315854.113968124613166, 8381167.598344373516738 ], [ 3315901.447015588637441, 8381167.376265832222998 ], [ 3315964.509507086127996, 8381106.216090178117156 ], [ 3316001.690216989722103, 8381041.414395305328071 ], [ 3316041.10844866419211, 8381094.823564505204558 ], [ 3316080.994222196750343, 8381100.664174876175821 ], [ 3316638.638079087715596, 8380794.293763664551079 ], [ 3316667.39190354431048, 8380778.016248692758381 ], [ 3316677.599900843109936, 8380742.041513641364872 ], [ 3316647.57703418424353, 8380686.281021283008158 ], [ 3316606.578065738081932, 8380607.382088703103364 ], [ 3316675.807657027617097, 8380583.244024999439716 ], [ 3316733.649264415726066, 8380586.041993371210992 ], [ 3316798.548527514562011, 8380536.478139391168952 ], [ 3316845.091206589713693, 8380500.926494183950126 ], [ 3316823.706732412334532, 8380431.133850569836795 ], [ 3316798.125513440463692, 8380433.598676552996039 ], [ 3316739.860891974996775, 8380303.785629501566291 ], [ 3316758.818601248785853, 8380293.615631038323045 ], [ 3316749.189465295523405, 8380274.163882659748197 ], [ 3316537.816016281954944, 8380327.789546162821352 ], [ 3316515.318347203079611, 8380322.282627754844725 ], [ 3316505.166009644977748, 8380301.987004313617945 ], [ 3316513.926853565033525, 8380289.307819335721433 ], [ 3316689.054676394443959, 8380241.322519874200225 ], [ 3316764.78532594256103, 8380204.351181062869728 ], [ 3317133.8539655264467, 8379980.972742380574346 ], [ 3317152.243945400230587, 8380017.321237925440073 ], [ 3317017.981507623102516, 8380109.403415183536708 ], [ 3316781.527777355164289, 8380247.895221739076078 ], [ 3316797.635707667097449, 8380278.693737278692424 ], [ 3316820.478467166423798, 8380269.434184478595853 ], [ 3316863.770617125555873, 8380376.175106920301914 ], [ 3316845.558748440816998, 8380383.947025593370199 ], [ 3316849.889076631516218, 8380394.405820509418845 ], [ 3316864.961735677439719, 8380389.320757007226348 ], [ 3316870.783745043445379, 8380406.041524850763381 ], [ 3316858.828031739220023, 8380413.547008015215397 ], [ 3316904.513550747651607, 8380504.435018687509 ], [ 3316926.465754323638976, 8380519.068692698143423 ], [ 3316956.855975294485688, 8380516.803691175766289 ], [ 3316977.68385200900957, 8380486.981236066669226 ], [ 3316969.802432063035667, 8380458.846536092460155 ], [ 3316989.216551242396235, 8380389.4317845441401 ], [ 3317030.026276545599103, 8380377.596257138997316 ], [ 3317047.525700487662107, 8380341.801119178533554 ], [ 3317027.154233675450087, 8380269.967108047567308 ], [ 3317083.381708449218422, 8380270.389005912467837 ], [ 3317097.797582498285919, 8380249.605013373307884 ], [ 3317078.594970336649567, 8380165.448206729255617 ], [ 3317243.84875433286652, 8380060.952991871163249 ], [ 3317249.436992771923542, 8380106.427990444004536 ], [ 3317350.470562576781958, 8380194.847467435523868 ], [ 3317366.812263820786029, 8380229.753690581768751 ], [ 3317406.931808285415173, 8380252.047573544085026 ], [ 3317431.455492094159126, 8380230.508661609143019 ], [ 3317531.008512645028532, 8380025.448048836551607 ], [ 3317516.147360629867762, 8380011.326055254787207 ], [ 3317545.869664651807398, 8379944.468996856361628 ], [ 3317587.469758343882859, 8379963.031706160865724 ], [ 3317669.93523708358407, 8379951.88519327994436 ], [ 3317773.206328647211194, 8379977.908552375622094 ], [ 3317814.817554282490164, 8379940.005960064008832 ], [ 3317767.261867827735841, 8379839.710468209348619 ], [ 3317713.772852526511997, 8379819.660415106453001 ], [ 3317683.31583986338228, 8379856.052523044869304 ], [ 3317660.28383722435683, 8379824.856104703620076 ], [ 3317701.883930913172662, 8379796.61291313637048 ], [ 3317667.708847250323743, 8379747.58725265506655 ], [ 3317654.339376412332058, 8379746.099613161757588 ], [ 3317672.90746747283265, 8379792.172169590368867 ], [ 3317651.367146014701575, 8379804.051164569333196 ], [ 3317637.251834587194026, 8379775.075331921689212 ], [ 3317603.076750928536057, 8379769.124753565527499 ], [ 3317523.082564881071448, 8379782.113895356655121 ], [ 3317610.891379175707698, 8379730.290686663240194 ], [ 3317872.069168349262327, 8379714.925863607786596 ], [ 3318162.735490608494729, 8379553.75257608667016 ], [ 3318317.914860700257123, 8379535.745970814488828 ], [ 3318420.484639467205852, 8379518.605322077870369 ], [ 3318478.393038551323116, 8379518.227873008698225 ], [ 3318539.908189134206623, 8379511.145155800506473 ], [ 3318544.772850875742733, 8379488.809107868000865 ], [ 3318579.793962663505226, 8379474.554925779812038 ], [ 3318606.087626372929662, 8379431.326289761811495 ], [ 3318615.828081806655973, 8379367.67164109647274 ], [ 3318714.768845170270652, 8379297.645501735620201 ], [ 3318731.75619945442304, 8379252.397513096220791 ], [ 3318823.093841604888439, 8379232.593279630877078 ], [ 3318894.316051775123924, 8379172.936678178608418 ], [ 3319035.424638235475868, 8379139.678387965075672 ], [ 3319078.549808949232101, 8379134.594189929775894 ], [ 3319123.266848379746079, 8379141.143703334964812 ], [ 3319161.371510060038418, 8379139.722791449166834 ], [ 3319181.442414240911603, 8379150.801470985636115 ], [ 3319231.836747697088867, 8379138.901326894760132 ], [ 3319299.496734159532934, 8378996.4119145963341 ], [ 3319535.23801968107, 8378784.348010573536158 ], [ 3319706.658903473056853, 8378770.006388037465513 ], [ 3319744.218099649064243, 8378779.241856932640076 ], [ 3319717.011616115923971, 8378829.149110161699355 ], [ 3319773.751160555984825, 8378926.855524998158216 ], [ 3319838.89532653754577, 8378942.618326269090176 ], [ 3319938.704381940420717, 8378968.882336225360632 ], [ 3320097.601823025383055, 8378991.350016622804105 ], [ 3320265.137656582519412, 8378904.254834895022213 ], [ 3320327.131480975076556, 8378902.145736700855196 ], [ 3320359.703563969582319, 8378936.823827768675983 ], [ 3320391.218111797235906, 8378930.518708173185587 ], [ 3320415.385573227889836, 8378825.441575690172613 ], [ 3320625.523375888820738, 8378700.407733766362071 ], [ 3320680.158981944434345, 8378711.974163150414824 ], [ 3320746.349551135674119, 8378667.839785356074572 ], [ 3320729.540308030787855, 8378624.771281079389155 ], [ 3320755.811707844957709, 8378626.880299914628267 ], [ 3320774.724889324512333, 8378659.448067359626293 ], [ 3320837.765116927213967, 8378622.662262837402523 ], [ 3320857.724701610393822, 8378549.113404456526041 ], [ 3320859.828639978077263, 8378460.869062804616988 ], [ 3320839.857923336792737, 8378435.65024502761662 ], [ 3320911.313904439099133, 8378376.799272553063929 ], [ 3321017.423643012996763, 8378372.60357800591737 ], [ 3321042.648639618419111, 8378418.845147614367306 ], [ 3321106.735270440578461, 8378429.345554050989449 ], [ 3321121.440575170796365, 8378475.565279838629067 ], [ 3321227.561445692554116, 8378475.565279831178486 ], [ 3321252.786442292388529, 8378437.737010101787746 ], [ 3321250.682503913994879, 8378398.865557220764458 ], [ 3321207.601860996335745, 8378384.169493075460196 ], [ 3321251.728907121345401, 8378346.341692323796451 ], [ 3321273.792430181987584, 8378278.034588436596096 ], [ 3321349.445156089495867, 8378301.166140002198517 ], [ 3321398.826482180971652, 8378276.991228410974145 ], [ 3321422.993943613022566, 8378176.118990964256227 ], [ 3321404.080762129742652, 8378123.596713051199913 ], [ 3321356.591867370530963, 8378033.137623051181436 ], [ 3321386.269643602427095, 8378020.573331722058356 ], [ 3321396.945182766299695, 8378040.529698453843594 ], [ 3321448.207808250561357, 8378024.924214627593756 ], [ 3321485.35512231150642, 8378027.144053839147091 ], [ 3321489.663186597637832, 8377976.887057836167514 ], [ 3321474.067325944080949, 8377953.867514619603753 ], [ 3321494.861806814558804, 8377951.625499300658703 ], [ 3321492.635416997596622, 8377913.733323815278709 ], [ 3321474.067325934302062, 8377841.678792781196535 ], [ 3321504.524338604416698, 8377881.057860794477165 ], [ 3321527.556341237388551, 8377872.134288053959608 ], [ 3321575.100895726587623, 8377784.475188753567636 ], [ 3321575.100895723327994, 8377753.265338158234954 ], [ 3321604.82319974899292, 8377746.583872384391725 ], [ 3321624.994291469454765, 8377720.035649580881 ], [ 3321645.521605568006635, 8377781.478504619561136 ], [ 3321653.78151178220287, 8377791.178886553272605 ], [ 3321655.996769648045301, 8377799.725000211037695 ], [ 3321660.115590805653483, 8377801.944771613925695 ], [ 3321670.869053611531854, 8377799.414232269860804 ], [ 3321674.67618019413203, 8377804.142345958389342 ], [ 3321675.622395867016166, 8377810.801666158251464 ], [ 3321692.08654854958877, 8377817.771761078387499 ], [ 3321695.760091743431985, 8377835.574390118941665 ], [ 3321719.938685134518892, 8377854.486955839209259 ], [ 3321747.924405108671635, 8377865.519308248534799 ], [ 3321764.900627447292209, 8377863.676882058382034 ], [ 3321780.474224199540913, 8377853.31046852748841 ], [ 3321788.645074817351997, 8377838.349117965437472 ], [ 3321795.41329985531047, 8377828.071531238034368 ], [ 3321805.710352748632431, 8377828.959443133324385 ], [ 3321816.096461235079914, 8377832.511091781780124 ], [ 3321825.970500063616782, 8377838.837470171041787 ], [ 3321832.449294426478446, 8377846.76209918782115 ], [ 3321827.150486671365798, 8377900.303513374179602 ], [ 3321823.97788118571043, 8377916.552477180957794 ], [ 3321827.150486674159765, 8377930.248694435693324 ], [ 3321836.634907285217196, 8377932.068939167074859 ], [ 3321846.130459845066071, 8377922.878927701152861 ], [ 3321862.917439049109817, 8377929.205383641645312 ], [ 3321867.091919951606542, 8377935.487448771484196 ], [ 3321867.615121559705585, 8377944.144720445387065 ], [ 3321870.609615860506892, 8377945.476609294302762 ], [ 3321877.099542171228677, 8377948.406765618361533 ], [ 3321880.650633926037699, 8377948.517756408080459 ], [ 3321890.246374028269202, 8377960.549168237484992 ], [ 3321900.510031076613814, 8377966.675872590392828 ], [ 3321913.16705717286095, 8377973.002366119995713 ], [ 3321932.414197122212499, 8377973.801502523943782 ], [ 3321962.637438859324902, 8377982.103647023439407 ], [ 3321990.422783748246729, 8377977.597401653416455 ], [ 3321999.584377833176404, 8377957.641205268912017 ], [ 3322003.948101869318634, 8377935.087882629595697 ], [ 3321997.001765643712133, 8377893.533122351393104 ], [ 3322035.830004010349512, 8377859.725656321272254 ], [ 3322075.270499580539763, 8377873.02220522146672 ], [ 3322114.043078203685582, 8377843.987368147820234 ], [ 3322126.232562437653542, 8377826.983839295804501 ], [ 3322157.424283742439002, 8377810.357711271382868 ], [ 3322191.899930024053901, 8377800.945874368771911 ], [ 3322213.25100834807381, 8377787.316490354016423 ], [ 3322231.117786610033363, 8377774.841408505104482 ], [ 3322241.381443655584008, 8377766.939054410904646 ], [ 3322248.105140892323107, 8377716.239883025176823 ], [ 3322254.42808796511963, 8377705.518517975695431 ], [ 3322268.910753710661083, 8377714.330901766195893 ], [ 3322288.202421458438039, 8377727.205436073243618 ], [ 3322316.889454222284257, 8377745.496192431077361 ], [ 3322338.162608903832734, 8377752.910176994279027 ], [ 3322351.520947794429958, 8377751.445137538947165 ], [ 3322361.907056278083473, 8377743.032265090383589 ], [ 3322358.445020114071667, 8377726.206548981368542 ], [ 3322359.435763582587242, 8377712.355328666046262 ], [ 3322382.18946748925373, 8377710.379756091162562 ], [ 3322412.646480155643076, 8377729.691555626690388 ], [ 3322429.177424530033022, 8377718.304247022606432 ], [ 3322452.654705126769841, 8377698.459739555604756 ], [ 3322505.119581112638116, 8377689.913743274286389 ], [ 3322548.144564281217754, 8377676.550932609476149 ], [ 3322569.473378705792129, 8377652.156096516177058 ], [ 3322583.265863608568907, 8377646.873149024322629 ], [ 3322608.991797919385135, 8377651.82313752733171 ], [ 3322639.916352445725352, 8377638.282818101346493 ], [ 3322700.963961167726666, 8377646.340415027923882 ], [ 3322744.267243068665266, 8377663.920657066628337 ], [ 3322766.664724605623633, 8377665.674244108609855 ], [ 3322788.305233602877706, 8377641.701191470958292 ], [ 3322804.535615351982415, 8377622.389622423797846 ], [ 3322831.497196009382606, 8377630.913343207910657 ], [ 3322844.911194648593664, 8377674.153620278462768 ], [ 3322879.242125596385449, 8377711.667207792401314 ], [ 3322913.172306374646723, 8377730.068913108669221 ], [ 3322958.223304277285933, 8377717.971285008825362 ], [ 3322993.856673262547702, 8377716.661634720861912 ], [ 3323014.573230492882431, 8377750.845803261734545 ], [ 3323054.63711521262303, 8377777.061172362416983 ], [ 3323097.239084317814559, 8377758.792535273358226 ], [ 3323109.539888045284897, 8377766.162137982435524 ], [ 3323097.573042797390372, 8377828.959443056024611 ], [ 3323121.584656952880323, 8377888.205605861730874 ], [ 3323148.791140496730804, 8377933.711599357426167 ], [ 3323190.335574440192431, 8377938.173421639017761 ], [ 3323227.928166463505477, 8377927.7847052635625 ], [ 3323320.30107987485826, 8377867.783495204523206 ], [ 3323369.571086471434683, 8377822.855050927959383 ], [ 3323427.768916231580079, 8377817.97154086548835 ], [ 3323461.409666331019253, 8377786.295397385023534 ], [ 3323483.172626766376197, 8377742.277548698708415 ], [ 3323484.653175990097225, 8377706.672784200869501 ], [ 3323472.285580566618592, 8377678.482101373374462 ], [ 3323447.060583962593228, 8377670.069312183186412 ], [ 3323412.930028101895005, 8377666.095992923714221 ], [ 3323408.009706610813737, 8377652.222688275389373 ], [ 3323423.984053528402001, 8377636.018701495602727 ], [ 3323431.731890083290637, 8377612.689462543465197 ], [ 3323424.306880048010498, 8377582.50140371453017 ], [ 3323406.996699235867709, 8377549.361272657290101 ], [ 3323393.638360345736146, 8377535.022052478045225 ], [ 3323378.6436249432154, 8377537.241744186729193 ], [ 3323367.422620272263885, 8377520.194529057480395 ], [ 3323376.817985292058438, 8377506.832026014104486 ], [ 3323381.771702626720071, 8377478.642107335850596 ], [ 3323382.762446093373001, 8377452.916126017458737 ], [ 3323385.322794377338141, 8377423.594387926161289 ], [ 3323394.495520411990583, 8377406.525239058770239 ], [ 3323416.982057538814843, 8377385.061228898353875 ], [ 3323450.611675691790879, 8377367.437258999794722 ], [ 3323481.458306575194001, 8377358.403326029889286 ], [ 3323499.959605936892331, 8377357.204721505753696 ], [ 3323516.66866149706766, 8377359.801698216237128 ], [ 3323549.686022450216115, 8377374.717684771865606 ], [ 3323574.977810749318451, 8377391.165258508175611 ], [ 3323580.443597744684666, 8377395.049643634818494 ], [ 3323587.779552184045315, 8377396.847559720277786 ], [ 3323617.769022989086807, 8377380.599741343408823 ], [ 3323647.54698676103726, 8377369.057597029954195 ], [ 3323685.718440136872232, 8377361.954747973009944 ], [ 3323695.970965233631432, 8377372.298274179920554 ], [ 3323698.186223100405186, 8377383.884816479869187 ], [ 3323664.567736899480224, 8377416.669058770872653 ], [ 3323657.97762304963544, 8377431.851519616320729 ], [ 3323656.207643148954958, 8377450.341313134878874 ], [ 3323646.077569491695613, 8377462.749255798757076 ], [ 3323630.882459006272256, 8377476.932958239689469 ], [ 3323610.878346524201334, 8377509.36246491689235 ], [ 3323601.761280236300081, 8377545.565594001673162 ], [ 3323615.186410821508616, 8377573.933344827964902 ], [ 3323652.667683355510235, 8377594.709794951602817 ], [ 3323676.723825305234641, 8377616.241006982512772 ], [ 3323700.779967257287353, 8377631.668048082850873 ], [ 3323715.730174864176661, 8377633.954360513016582 ], [ 3323763.08548622392118, 8377620.791425815783441 ], [ 3323779.549638903234154, 8377601.280137522146106 ], [ 3323788.388406465761364, 8377576.397215649485588 ], [ 3323810.374005885794759, 8377570.49280583485961 ], [ 3323827.673054748680443, 8377601.546502878889441 ], [ 3323852.230134406127036, 8377603.055906788446009 ], [ 3323903.392572346609086, 8377554.932710899040103 ], [ 3323935.307870339602232, 8377505.056279888376594 ], [ 3323933.304119501262903, 8377455.157989636063576 ], [ 3323923.663851601071656, 8377433.294298940338194 ], [ 3323910.884374063462019, 8377421.263747552409768 ], [ 3323907.990067302715033, 8377406.835990412160754 ], [ 3323936.654836167115718, 8377400.887323380447924 ], [ 3323970.74086423125118, 8377401.664201263338327 ], [ 3324090.576296014711261, 8377399.466746876016259 ], [ 3324107.931004621088505, 8377388.213127162307501 ], [ 3324129.961131836287677, 8377380.333383933641016 ], [ 3324133.567883336916566, 8377379.045990061014891 ], [ 3324184.240515522193164, 8377369.346150388941169 ], [ 3324264.490736397448927, 8377373.208327584899962 ], [ 3324359.301546660251915, 8377362.931389277800918 ], [ 3324415.317514399066567, 8377345.174294226802886 ], [ 3324473.927226272411644, 8377315.653218357823789 ], [ 3324488.443287862930447, 8377288.19650428276509 ], [ 3324496.413763397373259, 8377254.303029799833894 ], [ 3324524.533066756557673, 8377240.075363625772297 ], [ 3324552.908404943998903, 8377234.63733933866024 ], [ 3324589.432329858187586, 8377237.212076863273978 ], [ 3324630.386770501732826, 8377243.893081014975905 ], [ 3324649.656174350064248, 8377251.994639019481838 ], [ 3324741.071740149520338, 8377277.409173289313912 ], [ 3324776.604921593330801, 8377278.851922398433089 ], [ 3324813.217902097385377, 8377269.285391233861446 ], [ 3324867.107667565811425, 8377291.969854223541915 ], [ 3324894.948672198690474, 8377276.920858262106776 ], [ 3324888.36969028878957, 8377179.302895848639309 ], [ 3324893.189824236556888, 8377161.679417819716036 ], [ 3324950.31898688338697, 8377152.290604778565466 ], [ 3325051.797834642697126, 8377135.621606837026775 ], [ 3325209.927171237301081, 8377109.63047485332936 ], [ 3325209.615476661361754, 8377108.165563230402768 ], [ 3325216.08313907450065, 8377107.100173139944673 ], [ 3325240.885121610946953, 8377102.083963520824909 ], [ 3325247.475235463120043, 8377095.136740799993277 ], [ 3325274.102857646532357, 8377083.373087861575186 ], [ 3325306.329850214999169, 8377076.115145311690867 ], [ 3325326.033400074578822, 8377062.975402060896158 ], [ 3325393.214712735265493, 8377056.094802608713508 ], [ 3325466.863687811885029, 8377072.452883432619274 ], [ 3325501.595368921756744, 8377050.723500391468406 ], [ 3325632.974631893448532, 8377029.970778627321124 ], [ 3325656.863794603850693, 8377015.344029078260064 ], [ 3325677.613747675903141, 8376986.223788617178798 ], [ 3325678.504303599242121, 8376968.622967334464192 ], [ 3325667.461410114075989, 8376933.088524310849607 ], [ 3325672.682294223923236, 8376851.877095470204949 ], [ 3325677.46903232159093, 8376811.859876997768879 ], [ 3325686.118556750472635, 8376785.581355848349631 ], [ 3325682.990479059051722, 8376764.230126387439668 ], [ 3325673.439266749657691, 8376730.938311925157905 ], [ 3325681.944075838197023, 8376693.030215577222407 ], [ 3325694.77921311929822, 8376670.325401081703603 ], [ 3325714.4938949290663, 8376656.143250385299325 ], [ 3325708.371322935447097, 8376633.016859712079167 ], [ 3325708.215475649107248, 8376622.851923996582627 ], [ 3325714.193332299124449, 8376604.053488111123443 ], [ 3325724.646232477389276, 8376591.802349072881043 ], [ 3325753.010438718367368, 8376573.891753105446696 ], [ 3325774.506232378073037, 8376563.149855208583176 ], [ 3325795.857310702558607, 8376557.623554322868586 ], [ 3325833.026888659223914, 8376524.931907345540822 ], [ 3325865.142561733257025, 8376506.799535645172 ], [ 3325875.717913352418691, 8376467.89387512486428 ], [ 3325892.449232807382941, 8376429.365710848942399 ], [ 3325908.913385486695915, 8376408.08209353685379 ], [ 3325973.957363920751959, 8376355.039769254624844 ], [ 3326024.71905169589445, 8376330.249826374463737 ], [ 3326049.198207707609981, 8376304.860750149935484 ], [ 3326074.879614219069481, 8376280.093169122003019 ], [ 3326116.078957742545754, 8376263.958777135238051 ], [ 3326128.925226972438395, 8376251.730396275408566 ], [ 3326141.159239003900439, 8376247.846613495610654 ], [ 3326158.781114388722926, 8376249.93275941722095 ], [ 3326171.315689045470208, 8376250.820481264963746 ], [ 3326179.876157884020358, 8376243.40800710581243 ], [ 3326187.746445877011865, 8376214.224236658774316 ], [ 3326202.073264334350824, 8376213.491869760677218 ], [ 3326213.416720440611243, 8376227.828519830480218 ], [ 3326224.326030536089092, 8376228.161414525471628 ], [ 3326238.497001705225557, 8376220.660191309638321 ], [ 3326249.85158976027742, 8376205.147330845706165 ], [ 3326258.501114189624786, 8376186.039260029792786 ], [ 3326254.627195906825364, 8376147.224063064903021 ], [ 3326273.429057892877609, 8376141.254219573922455 ], [ 3326306.580002235248685, 8376134.68517803773284 ], [ 3326364.499533266294748, 8376114.97808856703341 ], [ 3326451.985521036200225, 8376088.702051212079823 ], [ 3326510.806739943567663, 8376074.654174384661019 ], [ 3326587.249834232963622, 8376047.77908493205905 ], [ 3326589.331508703529835, 8375991.055435726419091 ], [ 3326592.314871053677052, 8375951.952767347916961 ], [ 3326634.415902449283749, 8375933.733036395162344 ], [ 3326687.570959280245006, 8375942.099460239522159 ], [ 3326728.992941786069423, 8375969.706507078371942 ], [ 3326748.473852668423206, 8375989.257862418889999 ], [ 3326799.825533745344728, 8375981.268653062172234 ], [ 3326824.549592642579228, 8376006.345922604203224 ], [ 3326854.873021921142936, 8376009.364077600650489 ], [ 3326852.212486091535538, 8376027.228917460888624 ], [ 3326859.771079516038299, 8376043.76225502230227 ], [ 3326850.453638142440468, 8376060.672901733778417 ], [ 3326858.669016559608281, 8376088.835206542164087 ], [ 3326874.799210770986974, 8376102.03979155048728 ], [ 3326899.423082122113556, 8376102.061984152533114 ], [ 3326912.325011098291725, 8376097.179613809101284 ], [ 3326914.696116250008345, 8376080.912466893903911 ], [ 3326927.01918387459591, 8376076.518346050754189 ], [ 3326933.186283658724278, 8376052.461690475232899 ], [ 3326933.186283656861633, 8376031.02381447609514 ], [ 3326945.509351282380521, 8376023.411830021068454 ], [ 3326938.763390142470598, 8376011.383579067885876 ], [ 3326918.803805452305824, 8376009.608193137682974 ], [ 3326939.052820815704763, 8375983.798568417318165 ], [ 3326929.078594442456961, 8375951.242618623189628 ], [ 3326898.654977621976286, 8375950.754391439259052 ], [ 3326915.731387501582503, 8375923.613448870368302 ], [ 3326934.755888469982892, 8375936.351703830063343 ], [ 3326959.424287614412606, 8375906.48119639698416 ], [ 3326976.311454361304641, 8375927.940902353264391 ], [ 3327013.926310282666236, 8375919.463534317910671 ], [ 3327048.92515816912055, 8375901.62114757951349 ], [ 3327087.497361710760742, 8375891.790099705569446 ], [ 3327091.560523124411702, 8375915.380198215134442 ], [ 3327025.158446901943535, 8375950.976312883198261 ], [ 3327072.068480305373669, 8376017.109201605431736 ], [ 3327124.644675778225064, 8375972.369571702554822 ], [ 3327123.242050190921873, 8375930.426415233872831 ], [ 3327146.919705873820931, 8375941.30054400395602 ], [ 3327164.419129818212241, 8375949.356286468915641 ], [ 3327227.002947513945401, 8375974.921676218509674 ], [ 3327301.887568939011544, 8376011.161655778996646 ], [ 3327395.095378540921956, 8376066.709257425740361 ], [ 3327488.748466103337705, 8376087.104187035001814 ], [ 3327519.851131817791611, 8376088.546703231520951 ], [ 3327545.52140638185665, 8376084.884931886568666 ], [ 3327572.238084156531841, 8376053.815430047921836 ], [ 3327485.720575924031436, 8375745.235807118937373 ], [ 3327464.336101748049259, 8375690.445133660919964 ], [ 3327464.625532422214746, 8375674.223266735672951 ], [ 3327491.898807655554265, 8375673.313422991894186 ], [ 3327518.927180006634444, 8375670.983335889875889 ], [ 3327532.407970333471894, 8375663.482679548673332 ], [ 3327555.228465936612338, 8375657.09159376937896 ], [ 3327563.722143079619855, 8375645.108322869986296 ], [ 3327569.900374813005328, 8375630.439938148483634 ], [ 3327576.846711033955216, 8375629.663246877491474 ], [ 3327576.8467110353522, 8375643.954379293136299 ], [ 3327582.646456504706293, 8375657.468845206312835 ], [ 3327584.193797426763922, 8375665.590851413086057 ], [ 3327591.140133650507778, 8375669.452136191539466 ], [ 3327595.00291997846216, 8375664.414713346399367 ], [ 3327594.223683543037623, 8375654.761511789634824 ], [ 3327600.401915278751403, 8375652.830872998572886 ], [ 3327602.338874418754131, 8375660.176179617643356 ], [ 3327603.886215340811759, 8375670.206640355288982 ], [ 3327606.201660749036819, 8375686.428498431108892 ], [ 3327601.949256204068661, 8375693.773838523775339 ], [ 3327596.305358023848385, 8375699.343874709680676 ], [ 3327604.097722377628088, 8375732.741988711059093 ], [ 3327614.995900521520525, 8375739.199714585207403 ], [ 3327616.454185851849616, 8375747.03332091961056 ], [ 3327619.604527439922094, 8375756.775409533642232 ], [ 3327623.97938342532143, 8375757.108282943256199 ], [ 3327626.305960783269256, 8375763.676988068968058 ], [ 3327629.578753813169897, 8375767.227641919627786 ], [ 3327634.899825469125062, 8375765.984912881627679 ], [ 3327648.770234015770257, 8375766.406553069129586 ], [ 3327663.197240014094859, 8375759.837845510803163 ], [ 3327676.533315003383905, 8375747.898790682666004 ], [ 3327686.674520609434694, 8375723.798824410885572 ], [ 3327684.770957316737622, 8375704.958297905512154 ], [ 3327685.795096630230546, 8375696.103932824917138 ], [ 3327710.341044337488711, 8375680.569984686560929 ], [ 3327716.8977623404935, 8375670.140066438354552 ], [ 3327724.233716779854149, 8375656.248325903899968 ], [ 3327762.182531171478331, 8375633.901763066649437 ], [ 3327784.145866693463176, 8375608.981098093092442 ], [ 3327825.400869958568364, 8375593.758008483797312 ], [ 3327815.716074257157743, 8375504.639210705645382 ], [ 3327814.335712568834424, 8375476.212848665192723 ], [ 3327828.506683738902211, 8375455.997134079225361 ], [ 3327891.713890578597784, 8375434.827279416844249 ], [ 3327898.192684937734157, 8375417.052637071348727 ], [ 3327897.13514977414161, 8375384.543570609763265 ], [ 3327880.270246923435479, 8375361.776214187033474 ], [ 3327923.495605178177357, 8375344.112699541263282 ], [ 3327955.321847580373287, 8375331.974605339579284 ], [ 3328066.296247895807028, 8375304.414326698519289 ], [ 3328138.152979168109596, 8375278.451839612796903 ], [ 3328281.788518065586686, 8375234.005161541514099 ], [ 3328413.813434081152081, 8375192.798470701090991 ], [ 3328581.905865094158798, 8375130.667115942575037 ], [ 3328857.955938234459609, 8375121.880009443499148 ], [ 3328974.407257493119687, 8375064.164956682361662 ], [ 3329082.56527469586581, 8375059.283273586072028 ], [ 3329150.770726673770696, 8375060.481504589319229 ], [ 3329253.229185952804983, 8375081.494957723654807 ], [ 3329347.505662661511451, 8375081.317441493272781 ], [ 3329482.580732729751617, 8375103.99517350550741 ], [ 3329557.52101389830932, 8375126.828302930109203 ], [ 3329664.532440351322293, 8375172.516963701695204 ], [ 3329707.724402766674757, 8375280.426760541275144 ], [ 3329685.928046489600092, 8375386.585091282613575 ], [ 3329698.095266832970083, 8375434.272514545358717 ], [ 3329708.381187777966261, 8375448.67422139365226 ], [ 3329779.903960578143597, 8375430.988307982683182 ], [ 3329787.751984675880522, 8375423.532276902347803 ], [ 3329790.657423382159323, 8375412.769864376634359 ], [ 3329782.675815893802792, 8375387.028900212608278 ], [ 3329817.529948443640023, 8375377.509204332716763 ], [ 3329833.059017402119935, 8375375.711780614219606 ], [ 3329963.670175884850323, 8375336.834278558380902 ], [ 3329993.35908407298848, 8375422.422749099321663 ], [ 3329987.548206656705588, 8375432.275361718609929 ], [ 3330001.407483258284628, 8375478.365348312072456 ], [ 3330021.478387439157814, 8375472.373855670914054 ], [ 3330007.908541514072567, 8375425.351902826689184 ], [ 3330001.496538846287876, 8375420.203694019466639 ], [ 3329979.555467213969678, 8375334.881532724015415 ], [ 3330034.92578190844506, 8375340.673200863413513 ], [ 3330052.169171022251248, 8375325.517236007377505 ], [ 3330029.048112792894244, 8375296.825282445177436 ], [ 3329979.544335257261992, 8375251.313371672295034 ], [ 3329961.655293093528599, 8375259.834351630881429 ], [ 3329938.10008885152638, 8375232.407482550479472 ], [ 3329881.316016620956361, 8375179.728652868419886 ], [ 3329811.81925853760913, 8375032.922240729443729 ], [ 3329737.6359499017708, 8374955.592650352977216 ], [ 3329731.212815283797681, 8374928.410992718301713 ], [ 3329782.041294748429209, 8374841.164096012711525 ], [ 3329864.072627469431609, 8374780.034192173741758 ], [ 3329877.475494153331965, 8374774.376096028834581 ], [ 3329939.66969362879172, 8374748.104835907928646 ], [ 3330278.904709708411247, 8374690.969606006518006 ], [ 3330355.715158319100738, 8374693.898469159379601 ], [ 3330415.994662555400282, 8374688.196062416769564 ], [ 3330430.13223788049072, 8374701.575646270997822 ], [ 3330479.313188888598233, 8374696.427942806854844 ], [ 3330498.894287313334644, 8374736.522435047663748 ], [ 3330602.922351411543787, 8374713.402064815163612 ], [ 3330649.342579047661275, 8374697.115782276727259 ], [ 3330662.099792685825378, 8374683.270251573994756 ], [ 3330713.429209863767028, 8374662.257933335378766 ], [ 3330702.976309675723314, 8374589.170145999640226 ], [ 3330756.075706754811108, 8374518.257490466348827 ], [ 3330753.548754306510091, 8374432.324513698928058 ], [ 3330755.719484376255423, 8374431.34826048091054 ], [ 3330792.176617592573166, 8374414.996038374491036 ], [ 3330851.977448016870767, 8374397.22385439556092 ], [ 3330895.85959126567468, 8374391.255427677184343 ], [ 3330950.150106900371611, 8374391.432927286252379 ], [ 3330972.068914628122002, 8374391.100115523673594 ], [ 3330983.122940056025982, 8374376.922348321415484 ], [ 3331002.68177457805723, 8374367.825516735203564 ], [ 3331019.791580307297409, 8374369.600507385097444 ], [ 3331038.092504585627466, 8374366.117088642902672 ], [ 3331058.296992152929306, 8374357.109019787050784 ], [ 3331113.522591507993639, 8374354.024979029782116 ], [ 3331284.954607249703258, 8374355.223095422610641 ], [ 3331352.469878381118178, 8374325.203682146035135 ], [ 3331518.391579333227128, 8374350.985314212739468 ], [ 3331572.904733951669186, 8374370.199566788040102 ], [ 3331583.535745316185057, 8374367.115520560182631 ], [ 3331636.256656129844487, 8374349.454388615675271 ], [ 3331699.218960093334317, 8374355.001221975311637 ], [ 3331753.353628437966108, 8374321.054667141288519 ], [ 3331783.677057715598494, 8374319.501560525037348 ], [ 3331848.876883437857032, 8374279.520271462388337 ], [ 3331950.689689667429775, 8374250.011467971839011 ], [ 3332004.312288356944919, 8374245.68499918654561 ], [ 3332036.305509996600449, 8374243.111306142061949 ], [ 3332083.42705042893067, 8374247.482147448696196 ], [ 3332119.516829327680171, 8374264.033681658096611 ], [ 3332134.91231489693746, 8374274.306301333010197 ], [ 3332145.276159483939409, 8374270.978237237781286 ], [ 3332142.838262635283172, 8374247.615269550122321 ], [ 3332157.454511769115925, 8374240.493239996954799 ], [ 3332405.196038409136236, 8374196.540929428301752 ], [ 3332492.971456858329475, 8374191.548886491917074 ], [ 3332528.404450761154294, 8374184.537845231592655 ], [ 3332629.137457933742553, 8374196.718424341641366 ], [ 3332765.604021636769176, 8374232.705608040094376 ], [ 3332855.817336934618652, 8374256.467895281501114 ], [ 3332952.119828377384692, 8374294.208155949600041 ], [ 3333017.074751229025424, 8374336.452627477236092 ], [ 3333014.81496557360515, 8374411.335097969509661 ], [ 3333029.297631318215281, 8374422.096048818901181 ], [ 3333047.231201277580112, 8374421.940736015327275 ], [ 3333053.40943301236257, 8374409.071972161531448 ], [ 3333049.802681509405375, 8374380.538896549493074 ], [ 3333124.609379286877811, 8374358.218387163244188 ], [ 3333137.644891652744263, 8374347.23565635830164 ], [ 3333138.424128085374832, 8374333.568280855193734 ], [ 3333125.934081222862005, 8374318.769381735473871 ], [ 3333099.195139545947313, 8374319.035628530196846 ], [ 3333091.580886374227703, 8374252.784846664406359 ], [ 3333094.720096010249108, 8374200.933929962106049 ], [ 3333110.382748354692012, 8374180.233601650223136 ], [ 3333127.7931167059578, 8374180.300162094645202 ], [ 3333138.045641805045307, 8374175.973734221421182 ], [ 3333138.424128075595945, 8374217.729415905661881 ], [ 3333130.231013561598957, 8374268.448909468017519 ], [ 3333142.309178308118135, 8374277.124063386581838 ], [ 3333147.953076489735395, 8374297.358733171597123 ], [ 3333148.765708773396909, 8374312.179776531644166 ], [ 3333156.91429549548775, 8374312.490397522225976 ], [ 3333167.422855420038104, 8374299.422140116803348 ], [ 3333208.343900215346366, 8374289.415731174871325 ], [ 3333219.787543861661106, 8374268.959212352521718 ], [ 3333229.516867350321263, 8374238.097044623456895 ], [ 3333229.116117181256413, 8374198.404626278206706 ], [ 3333221.70223909476772, 8374175.108448946848512 ], [ 3333216.080604808405042, 8374136.126343507319689 ], [ 3333245.480082312598825, 8374131.311834819614887 ], [ 3333276.616143873427063, 8374135.172316191717982 ], [ 3333287.447530323173851, 8374138.522505677305162 ], [ 3333269.213397739920765, 8374152.677627749741077 ], [ 3333258.604650276247412, 8374191.726381246000528 ], [ 3333275.280309992376715, 8374216.154144117608666 ], [ 3333295.039519599638879, 8374230.775341543368995 ], [ 3333309.165962975006551, 8374239.672321077436209 ], [ 3333329.626485373359174, 8374232.905290775932372 ], [ 3333339.199961574748158, 8374222.433046279475093 ], [ 3333361.842345993500203, 8374224.296749725006521 ], [ 3333390.585038502700627, 8374216.575695680454373 ], [ 3333406.603913218248636, 8374206.347530216909945 ], [ 3333417.157000940293074, 8374204.639139541424811 ], [ 3333425.082948678638786, 8374179.612370810471475 ], [ 3333413.194027065299451, 8374160.021440028212965 ], [ 3333418.7377377031371, 8374148.772763768211007 ], [ 3333474.364087226334959, 8374149.815539738163352 ], [ 3333506.368440815247595, 8374142.427364217117429 ], [ 3333499.878514502663165, 8374124.278664178214967 ], [ 3333554.45846081385389, 8374127.451355459168553 ], [ 3333571.022801037412137, 8374127.673222035169601 ], [ 3333569.341876726131886, 8374138.655625809915364 ], [ 3333565.133999977726489, 8374154.563500282354653 ], [ 3333571.768641628790647, 8374169.450816970318556 ], [ 3333585.20490416046232, 8374174.487218535505235 ], [ 3333607.513330102432519, 8374145.001022114418447 ], [ 3333599.030784912407398, 8374192.036997148767114 ], [ 3333612.834401767700911, 8374230.664406687952578 ], [ 3333633.461903403513134, 8374245.640625074505806 ], [ 3333668.761313918046653, 8374253.650141017511487 ], [ 3333695.155165174044669, 8374267.272994220256805 ], [ 3333729.920242132153362, 8374272.309462609700859 ], [ 3333782.696812691166997, 8374269.536076503805816 ], [ 3333805.127690074499696, 8374237.608930827118456 ], [ 3333813.821742298547179, 8374209.71993893571198 ], [ 3333820.601099284831434, 8374214.711994169279933 ], [ 3333821.892405382357538, 8374254.382313263602555 ], [ 3333866.832083794288337, 8374281.206492256373167 ], [ 3333885.199799767229706, 8374266.962375124916434 ], [ 3333894.795539867598563, 8374245.463128955103457 ], [ 3333940.614642255939543, 8374255.646974589675665 ], [ 3333974.199732613749802, 8374259.219089349731803 ], [ 3333999.035110996104777, 8374247.704017522744834 ], [ 3334019.662612633313984, 8374274.328488327562809 ], [ 3334059.481594470795244, 8374276.880005160346627 ], [ 3334106.180120833683759, 8374246.217487398535013 ], [ 3334150.975083911325783, 8374269.558263564482331 ], [ 3334225.347635672427714, 8374234.591500972397625 ], [ 3334223.388412640895694, 8374304.835812645964324 ], [ 3334225.78178170369938, 8374454.401183169335127 ], [ 3334214.260214436799288, 8374734.347963145002723 ], [ 3334200.545653180684894, 8374750.944967387244105 ], [ 3334205.566162214614451, 8374753.918231441639364 ], [ 3334216.074722139164805, 8374742.313632975332439 ], [ 3334224.212176910135895, 8374732.350999916903675 ], [ 3334229.344005424063653, 8374635.498932394199073 ], [ 3334252.910341615788639, 8374634.478275912813842 ], [ 3334253.422411277890205, 8374707.744019594974816 ], [ 3334258.543107852805406, 8374714.400543590076268 ], [ 3334278.012886784039438, 8374709.275019582360983 ], [ 3334281.096436676569283, 8374698.513649600557983 ], [ 3334262.528345620259643, 8374700.066836054436862 ], [ 3334262.127595452126116, 8374686.221299808472395 ], [ 3334260.825157405342907, 8374628.309963666833937 ], [ 3334266.001513710711151, 8374460.436223971657455 ], [ 3334276.988747416995466, 8374122.059999712742865 ], [ 3334273.404259809758514, 8374066.704538507387042 ], [ 3334250.349993274081498, 8374023.662903966382146 ], [ 3334254.435418582055718, 8374013.923105021007359 ], [ 3334299.464152581058443, 8373949.183720606379211 ], [ 3334350.604326632339507, 8374006.357575309462845 ], [ 3334347.164554372429848, 8374029.741964939050376 ], [ 3334412.509095438756049, 8374059.316446253098547 ], [ 3334432.969617835246027, 8374049.088498936966062 ], [ 3334435.897320443298668, 8374047.624195273965597 ], [ 3334457.226134866476059, 8374008.420900820754468 ], [ 3334441.151600397191942, 8373960.698326232843101 ], [ 3334454.287300304509699, 8373949.050603870302439 ], [ 3334465.330193785950541, 8373957.414775960147381 ], [ 3334486.235994154587388, 8374024.594730488024652 ], [ 3334512.50739397155121, 8374068.191032419912517 ], [ 3334572.230300757102668, 8374093.572407839819789 ], [ 3334625.975350883789361, 8374065.506468971259892 ], [ 3334645.077775493264198, 8374037.729059959761798 ], [ 3334642.984969061799347, 8373984.592854247428477 ], [ 3334629.849269153084606, 8373950.537074071355164 ], [ 3334633.433756751939654, 8373920.696796633303165 ], [ 3334645.378338105045259, 8373891.43347454816103 ], [ 3334666.28413846436888, 8373868.138267068192363 ], [ 3334689.572175926528871, 8373854.693637948483229 ], [ 3334719.428063343744725, 8373859.175178265199065 ], [ 3334739.131613205652684, 8373869.935323300771415 ], [ 3334783.325451030395925, 8373876.19174475222826 ], [ 3334843.037225861568004, 8373852.608169611543417 ], [ 3334895.591157436836511, 8373823.655718149617314 ], [ 3334980.383213527500629, 8373719.450019591487944 ], [ 3335041.297238857485354, 8373702.722224744036794 ], [ 3335117.740333150606602, 8373715.256974603049457 ], [ 3335180.435470337048173, 8373708.69009414408356 ], [ 3335238.956126612611115, 8373648.989432245492935 ], [ 3335305.848008596803993, 8373620.32618697732687 ], [ 3335348.238470672164112, 8373616.133198369294405 ], [ 3335388.547258269041777, 8373635.700498947873712 ], [ 3335362.398309898562729, 8373668.734302221797407 ], [ 3335422.933848966378719, 8373701.746068108826876 ], [ 3335482.089026341680437, 8373670.109789505600929 ], [ 3335504.108021600637585, 8373565.551301407627761 ], [ 3335444.952844219282269, 8373540.7929204441607 ], [ 3335458.812120814342052, 8373528.458130841143429 ], [ 3335482.089026326779276, 8373507.759690339677036 ], [ 3335534.375791130587459, 8373531.142498765140772 ], [ 3335571.523105200380087, 8373632.949537437409163 ], [ 3335613.379233721178025, 8373648.390431374311447 ], [ 3335659.365315343253314, 8373625.095991715788841 ], [ 3335673.692133798263967, 8373581.502309513278306 ], [ 3335634.875027369242162, 8373506.850113896653056 ], [ 3335639.661765469703823, 8373468.049018597230315 ], [ 3335652.797465373296291, 8373446.52991711255163 ], [ 3335679.669990437105298, 8373424.456264864653349 ], [ 3335702.356902647763491, 8373420.263387625105679 ], [ 3335725.054946814198047, 8373442.958196030929685 ], [ 3335737.979139691684395, 8373470.622441115789115 ], [ 3335791.935696857981384, 8373521.78049255348742 ], [ 3335875.55889829620719, 8373458.243399609811604 ], [ 3335909.956620930694044, 8373392.200011452659965 ], [ 3335817.772950637619942, 8373287.645464030094445 ], [ 3335826.032856847625226, 8373238.108467445708811 ], [ 3335878.308489698451012, 8373236.733060726895928 ], [ 3335883.818804494105279, 8373279.392972170375288 ], [ 3335930.595254510175437, 8373357.814202073961496 ], [ 3336046.156017852947116, 8373405.954380092211068 ], [ 3336070.445930720306933, 8373265.77194397430867 ], [ 3336018.971798179205507, 8373015.362475794740021 ], [ 3336053.636687594465911, 8373002.584899639710784 ], [ 3336076.802273617126048, 8372994.044344584457576 ], [ 3336112.057156338822097, 8373044.688871459104121 ], [ 3336134.198603047523648, 8373038.987740013748407 ], [ 3336128.643760454840958, 8372985.082318233326077 ], [ 3336172.347792515065521, 8372945.862489464692771 ], [ 3336314.736553121823817, 8372938.475520164705813 ], [ 3336525.397557399701327, 8372927.561452938243747 ], [ 3336647.759941628202796, 8372997.682397963479161 ], [ 3336738.284951498266309, 8372976.364317869767547 ], [ 3336821.073256750591099, 8372844.796968977898359 ], [ 3336866.803303546272218, 8372838.896347060799599 ], [ 3336987.640610742848366, 8372823.301869002170861 ], [ 3337088.42927765334025, 8372741.891686928458512 ], [ 3337046.884843699634075, 8372643.291184910573065 ], [ 3337171.974555435124785, 8372526.391960445791483 ], [ 3337301.450255112256855, 8372490.058195695281029 ], [ 3337405.856805461458862, 8372303.8005536114797 ], [ 3337418.680810793768615, 8372280.931802152656019 ], [ 3337434.822136941831559, 8372175.06216305308044 ], [ 3337443.872411533724517, 8372115.728806190192699 ], [ 3337492.830723558552563, 8372065.711711719632149 ], [ 3337529.332384567242116, 8372028.448642356321216 ], [ 3337604.617756154853851, 8372003.251816446892917 ], [ 3337711.462203359697014, 8371931.43246291950345 ], [ 3337904.913214358966798, 8371789.658942447975278 ], [ 3338045.854821591638029, 8371859.613808852620423 ], [ 3338303.303407805971801, 8371626.485252818092704 ], [ 3338300.720795609988272, 8371479.616494115442038 ], [ 3338421.435651353560388, 8371310.594621997326612 ], [ 3338435.840393454302102, 8371294.87030677869916 ], [ 3338502.698879586532712, 8371221.882422288879752 ], [ 3338628.322924888227135, 8371208.398261364549398 ], [ 3338670.880366188474, 8371124.477656181901693 ], [ 3338701.281719110440463, 8371117.602596073411405 ], [ 3338717.256066030822694, 8371090.035887166857719 ], [ 3338743.11558372573927, 8371054.973311378620565 ], [ 3338776.055021034087986, 8371049.406782425008714 ], [ 3338829.621959986165166, 8371123.257886978797615 ], [ 3338851.151149494107813, 8371108.199298422783613 ], [ 3338824.612582898698747, 8371061.493474142625928 ], [ 3338840.353158880025148, 8370983.872863029129803 ], [ 3338857.262589521240443, 8370935.571077980101109 ], [ 3338919.223018064163625, 8370884.719265071675181 ], [ 3338978.077632817905396, 8370885.05191860999912 ], [ 3339024.152770027518272, 8370785.456117235124111 ], [ 3339088.40638007922098, 8370745.981867647729814 ], [ 3339126.588965404313058, 8370772.460638702847064 ], [ 3339135.360941266641021, 8370662.221758141182363 ], [ 3339211.80403555277735, 8370594.274091794155538 ], [ 3339251.812260520178825, 8370545.509164918214083 ], [ 3339339.710130407940596, 8370526.39357895962894 ], [ 3339409.462923305574805, 8370530.229997687973082 ], [ 3339474.428978104609996, 8370549.323417680338025 ], [ 3339496.492501170374453, 8370548.436381973326206 ], [ 3339514.559654515702277, 8370548.369854301214218 ], [ 3339551.818288067355752, 8370551.230544807389379 ], [ 3339590.045401188079268, 8370554.113412332721055 ], [ 3339627.304034739732742, 8370564.624800397083163 ], [ 3339629.218729978427291, 8370536.904927499592304 ], [ 3339608.190478176809847, 8370517.789363850839436 ], [ 3339596.724570626858622, 8370483.394779570400715 ], [ 3339574.750103150960058, 8370433.721388426609337 ], [ 3339605.32956725358963, 8370395.490845592692494 ], [ 3339619.188843851909041, 8370394.892108964733779 ], [ 3339650.235849817749113, 8370380.211989170871675 ], [ 3339669.349406370427459, 8370320.981772465631366 ], [ 3339654.054108339361846, 8370271.287300206720829 ], [ 3339671.252969656139612, 8370242.637181011028588 ], [ 3339740.048414932563901, 8370230.197032331489027 ], [ 3339781.136438961606473, 8370197.71082500834018 ], [ 3339803.366941255517304, 8370099.210858210921288 ], [ 3339829.115139462985098, 8370094.997696712613106 ], [ 3339832.276613000314683, 8370090.961933746002614 ], [ 3339883.372259243391454, 8370025.746971361339092 ], [ 3339943.763082972727716, 8370034.040171569213271 ], [ 3340010.677228854969144, 8370005.790110691450536 ], [ 3340105.988976826891303, 8370013.307188528589904 ], [ 3340214.915098517201841, 8369998.982616112567484 ], [ 3340222.562747526913881, 8369961.729988418519497 ], [ 3340230.889445434790105, 8369958.270825393497944 ], [ 3340261.736076317261904, 8369945.476371123455465 ], [ 3340315.625841783825308, 8369935.71978313010186 ], [ 3340347.975285792257637, 8369922.282321711070836 ], [ 3340380.970382845494896, 8369894.587037046439946 ], [ 3340396.432660106569529, 8369849.019761395640671 ], [ 3340438.667274889536202, 8369829.129900144413114 ], [ 3340447.929056520573795, 8369826.114273686893284 ], [ 3340499.636959964875132, 8369772.542762202210724 ], [ 3340501.54052325617522, 8369771.234522374346852 ], [ 3340545.600777689367533, 8369739.149458973668516 ], [ 3340552.190891541074961, 8369736.222563100978732 ], [ 3340582.881675134412944, 8369724.248910292983055 ], [ 3340587.690677136182785, 8369722.364170419983566 ], [ 3340618.303537087980658, 8369706.221947462297976 ], [ 3340641.469123112037778, 8369702.652037535794079 ], [ 3340661.829457968939096, 8369710.878354302607477 ], [ 3340684.482974336482584, 8369727.996218063868582 ], [ 3340718.368627319578081, 8369735.557359652593732 ], [ 3340734.855043898802251, 8369760.391662240028381 ], [ 3340749.905439048074186, 8369780.547421091236174 ], [ 3340762.963215318508446, 8369825.826015327125788 ], [ 3340769.007863665930927, 8369845.627172553911805 ], [ 3340780.095284945797175, 8369859.818404158577323 ], [ 3340782.488653994631022, 8369843.365447530522943 ], [ 3340780.373583668842912, 8369825.781667881645262 ], [ 3340765.289792668540031, 8369772.365373722277582 ], [ 3340761.449270234443247, 8369727.663616701960564 ], [ 3340775.052512000780553, 8369713.916107013821602 ], [ 3340776.51079732645303, 8369669.170357763767242 ], [ 3340782.822612449061126, 8369642.385123402811587 ], [ 3340798.117910475470126, 8369626.287421734072268 ], [ 3340952.618231674190611, 8369606.198603638447821 ], [ 3340963.772444648202509, 8369652.052630536258221 ], [ 3340972.689135858789086, 8369672.385479351505637 ], [ 3340935.909176121465862, 8369707.10888185352087 ], [ 3340949.512417891528457, 8369732.785679267719388 ], [ 3340913.433770948089659, 8369789.439032977446914 ], [ 3340913.511694595683366, 8369830.92597234249115 ], [ 3340923.218754191882908, 8369854.851469984278083 ], [ 3340939.22649696143344, 8369857.290589021518826 ], [ 3340958.340053519699723, 8369864.940558520145714 ], [ 3340968.848613450303674, 8369906.960097696632147 ], [ 3341001.33164084982127, 8369933.724118956364691 ], [ 3341054.842920055612922, 8370000.601335700601339 ], [ 3341086.702558306511492, 8370002.175707197748125 ], [ 3341119.385960785206407, 8369971.952268066816032 ], [ 3341143.375311037525535, 8369939.267631776630878 ], [ 3341158.024956016335636, 8369915.120120386593044 ], [ 3341162.711506573949009, 8369882.945735430344939 ], [ 3341191.799289499875158, 8369843.986313131637871 ], [ 3341216.701459576841444, 8369821.967789281159639 ], [ 3341245.677923011593521, 8369773.784481529146433 ], [ 3341255.429510398302227, 8369729.681398473680019 ], [ 3341271.882531125098467, 8369674.491939067840576 ], [ 3341271.003107144031674, 8369638.216569162905216 ], [ 3341296.996208230964839, 8369627.373904593288898 ], [ 3341308.039101715665311, 8369652.806519218720496 ], [ 3341322.365920174401253, 8369670.012941187247634 ], [ 3341344.340387643780559, 8369625.112246507778764 ], [ 3341398.809014462400228, 8369625.112246504984796 ], [ 3341401.669925371650606, 8369585.932456272654235 ], [ 3341426.516435703262687, 8369566.819357398897409 ], [ 3341536.733863484114408, 8369542.739584078080952 ], [ 3341572.76798263983801, 8369571.874789396300912 ], [ 3341663.3820481155999, 8369734.448687320575118 ], [ 3341683.75351492036134, 8369723.428493998013437 ], [ 3341584.634640349075198, 8369536.132072547450662 ], [ 3341698.73711834801361, 8369414.914111254736781 ], [ 3341798.189951389096677, 8369566.242860959842801 ], [ 3341749.665785385295749, 8369672.385479308664799 ], [ 3341754.741954163182527, 8369675.57842902559787 ], [ 3341809.065865635406226, 8369557.595420186407864 ], [ 3341737.966106888838112, 8369447.396870526485145 ], [ 3341746.315068691503257, 8369435.778447359800339 ], [ 3341761.454519434366375, 8369449.05981426872313 ], [ 3341777.150567628908902, 8369447.175144724547863 ], [ 3341750.088799427263439, 8369410.812203017994761 ], [ 3341750.422757896594703, 8369396.644007808528841 ], [ 3341774.790594417601824, 8369365.092710008844733 ], [ 3341777.740560923703015, 8369361.279069664888084 ], [ 3341801.061994229443371, 8369340.37059978954494 ], [ 3341854.395162240602076, 8369305.95933411642909 ], [ 3341875.579261328559369, 8369287.822533190250397 ], [ 3341891.342101215384901, 8369254.874864684417844 ], [ 3341903.464793755207211, 8369243.256744809448719 ], [ 3341909.253407271578908, 8369234.321447508409619 ], [ 3341919.494800419081002, 8369223.967158717103302 ], [ 3341926.608115877490491, 8369219.821012887172401 ], [ 3341940.333809086121619, 8369209.067650894634426 ], [ 3341968.998577950522304, 8369196.828791979700327 ], [ 3342003.641203465405852, 8369183.392676775343716 ], [ 3342019.760265727061778, 8369175.920788330025971 ], [ 3342043.048303187824786, 8369161.287438207305968 ], [ 3342078.882047255989164, 8369131.133959824219346 ], [ 3342115.606347247026861, 8369100.07157168071717 ], [ 3342156.215697464067489, 8369037.969359198585153 ], [ 3342167.592549414373934, 8368990.744535155594349 ], [ 3342168.494237288832664, 8368986.199438939802349 ], [ 3342197.114478355273604, 8368950.193507366813719 ], [ 3342218.621403963305056, 8368919.131881291978061 ], [ 3342242.210004049818963, 8368887.183550108224154 ], [ 3342295.932790277991444, 8368865.766495094634593 ], [ 3342310.938657628837973, 8368847.697288988158107 ], [ 3342325.610566508490592, 8368847.364727324806154 ], [ 3342364.783895300701261, 8368846.411383979953825 ], [ 3342376.249802850186825, 8368866.47596176341176 ], [ 3342425.93169156787917, 8368878.891639441251755 ], [ 3342463.190325115341693, 8368859.780372822657228 ], [ 3342490.897746361326426, 8368833.020248623564839 ], [ 3342495.673352509271353, 8368794.82017327286303 ], [ 3342529.124859475996345, 8368807.23573031835258 ], [ 3342564.468797786161304, 8368797.680183661170304 ], [ 3342580.710311483126134, 8368783.335801609791815 ], [ 3342602.684778958559036, 8368801.49353258498013 ], [ 3342598.866520427167416, 8368818.697968509979546 ], [ 3342624.670378383714706, 8368835.90244456473738 ], [ 3342652.377799629699439, 8368855.966993759386241 ], [ 3342686.775522269308567, 8368849.271414366550744 ], [ 3342713.525595893617719, 8368843.529183902777731 ], [ 3342745.708060670644045, 8368900.574783772230148 ], [ 3342765.678777310997248, 8368904.875946775078773 ], [ 3342778.792213323060423, 8368921.504177854396403 ], [ 3342815.906131533440202, 8368913.500451275147498 ], [ 3342838.259085273835808, 8368908.711522079072893 ], [ 3342859.688087244518101, 8368931.725015820004046 ], [ 3342888.787002124357969, 8368925.982721157371998 ], [ 3342912.442393907811493, 8368943.253960682079196 ], [ 3342977.18580972077325, 8368941.857183703221381 ], [ 3342985.200813053641468, 8368923.300029033794999 ], [ 3342981.705381044186652, 8368915.052419726736844 ], [ 3342995.19730332121253, 8368910.551712089218199 ], [ 3343007.442447304725647, 8368931.037713896483183 ], [ 3343034.815910079050809, 8368934.008632302284241 ], [ 3343087.403237502556294, 8368918.289383565075696 ], [ 3343087.904175212606788, 8368930.793832588940859 ], [ 3343097.399727773386985, 8368943.786066252738237 ], [ 3343107.641120923217386, 8368950.282191662117839 ], [ 3343111.89352547051385, 8368962.520641438663006 ], [ 3343120.643237440381199, 8368949.52837476786226 ], [ 3343134.63609742699191, 8368954.539041456766427 ], [ 3343132.888381424359977, 8368981.521318374201655 ], [ 3343093.648260939400643, 8368984.004490984603763 ], [ 3343080.156338663306087, 8368999.258283857256174 ], [ 3343092.83562865993008, 8369025.885983359068632 ], [ 3343119.641362031456083, 8369024.489190738648176 ], [ 3343163.122755112592131, 8369000.499873033724725 ], [ 3343184.60741682164371, 8368960.281358350068331 ], [ 3343237.584362462162971, 8368919.043197262100875 ], [ 3343263.321428721304983, 8368920.040891985408962 ], [ 3343264.067269305698574, 8368895.564153721556067 ], [ 3343282.21234629675746, 8368882.039903835393488 ], [ 3343261.317677883431315, 8368864.325391094200313 ], [ 3343262.575588127132505, 8368849.825683921575546 ], [ 3343331.782915520481765, 8368846.588750121183693 ], [ 3343343.527121793944389, 8368855.833968902006745 ], [ 3343371.52397371456027, 8368857.585462493821979 ], [ 3343389.012265711091459, 8368870.577567190863192 ], [ 3343358.020919491536915, 8368873.570632104761899 ], [ 3343346.777650925796479, 8368883.303644164465368 ], [ 3343351.530993182677776, 8368905.053314347751439 ], [ 3343357.275078906677663, 8368910.795592706650496 ], [ 3343358.521857204381377, 8368930.040017665363848 ], [ 3343369.019285180140287, 8368932.27929156832397 ], [ 3343376.021281148307025, 8368942.544486603699625 ], [ 3343387.2645497135818, 8368941.790670493617654 ], [ 3343392.50769772566855, 8368922.302333852276206 ], [ 3343403.005125704221427, 8368920.284772927872837 ], [ 3343417.743826278019696, 8368932.545343959704041 ], [ 3343418.189104242250323, 8368949.439690413884819 ], [ 3343426.883156470954418, 8368956.312729576602578 ], [ 3343437.380584448110312, 8368951.568114762194455 ], [ 3343436.27852148655802, 8368935.050671108998358 ], [ 3343448.12291530193761, 8368930.328240998089314 ], [ 3343454.868876438587904, 8368917.579911898821592 ], [ 3343472.112265552859753, 8368890.841748879291117 ], [ 3343493.852962091565132, 8368861.620550574734807 ], [ 3343503.348514655604959, 8368910.086121771484613 ], [ 3343516.584402106702328, 8368928.820611360482872 ], [ 3343555.412640478927642, 8368944.539882533252239 ], [ 3343575.338829320389777, 8368931.148569 ], [ 3343609.669760265387595, 8368935.427578796632588 ], [ 3343612.051997369620949, 8368962.143732335418463 ], [ 3343617.773819194640964, 8368972.142915101721883 ], [ 3343636.842847957275808, 8368975.002994260750711 ], [ 3343657.826571966055781, 8368986.931088297627866 ], [ 3343703.59001460717991, 8368978.816434863954782 ], [ 3343733.145339400973171, 8368988.970838655717671 ], [ 3343762.233122331555933, 8368996.930304669775069 ], [ 3343786.077757250051945, 8369016.485352368094027 ], [ 3343817.05797152267769, 8369021.252180245704949 ], [ 3343848.527991555631161, 8369017.92648605350405 ], [ 3343854.728487188462168, 8369003.626018106937408 ], [ 3343906.080168269108981, 8369018.591624766588211 ], [ 3343936.603972633834928, 8369051.294352416880429 ], [ 3343969.676993331871927, 8369062.468741405755281 ], [ 3344004.408674445003271, 8369050.252297153696418 ], [ 3344107.201092197094113, 8369084.484997830353677 ], [ 3344112.76706673623994, 8369116.611556388437748 ], [ 3344123.809960219077766, 8369118.00836646463722 ], [ 3344141.710134330205619, 8369122.021425435319543 ], [ 3344200.442297645378858, 8369118.451798280701041 ], [ 3344206.943355903960764, 8369118.097052819095552 ], [ 3344240.417126769199967, 8369116.877615422941744 ], [ 3344246.929316977504641, 8369116.567213214933872 ], [ 3344279.801962594967335, 8369115.43646240234375 ], [ 3344286.559055681806058, 8369115.14823183696717 ], [ 3344319.064346978906542, 8369113.729250724427402 ], [ 3344325.476349644362926, 8369113.507534950971603 ], [ 3344408.231259061023593, 8369107.609897836111486 ], [ 3344458.881627353839576, 8369186.674101860262454 ], [ 3344547.180247421842068, 8369313.253976752050221 ], [ 3344574.086168335285038, 8369319.573050033301115 ], [ 3344607.64899479271844, 8369317.732757956720889 ], [ 3344630.180059716571122, 8369296.270108364522457 ], [ 3344649.67210254445672, 8369284.297169817611575 ], [ 3344669.07508978061378, 8369275.051413911394775 ], [ 3344672.659577381331474, 8369262.502037147060037 ], [ 3344665.201171500142664, 8369243.700184010900557 ], [ 3344627.575183627195656, 8369235.341356674209237 ], [ 3344571.73732707137242, 8369213.235962402075529 ], [ 3344568.453402081970125, 8369069.91834344342351 ], [ 3344625.705016168300062, 8369052.491607528179884 ], [ 3344625.115022866521031, 8369050.030583260580897 ], [ 3344618.057367151603103, 8369020.631383839994669 ], [ 3344598.320421443320811, 8369023.136740914545953 ], [ 3344589.214487097226083, 8368984.957852026447654 ], [ 3344609.663877545390278, 8368977.796560974791646 ], [ 3344608.149932470172644, 8368969.792773305438459 ], [ 3344586.097541344352067, 8368853.46169336233288 ], [ 3344581.68928950978443, 8368830.226736582815647 ], [ 3344573.774473716039211, 8368828.852151736617088 ], [ 3344560.750093300361186, 8368826.679421377368271 ], [ 3344558.75747441360727, 8368786.17363684810698 ], [ 3344559.681426181457937, 8368733.784711801446974 ], [ 3344586.531687347684056, 8368733.939904852770269 ], [ 3344622.499014805536717, 8368737.065936980769038 ], [ 3344643.471606863196939, 8368757.706650448031723 ], [ 3344667.650200253818184, 8368764.801216218620539 ], [ 3344686.585645630490035, 8368780.165408601053059 ], [ 3344690.492959755472839, 8368792.04884631279856 ], [ 3344757.228994455188513, 8368803.289354445412755 ], [ 3344792.495009138248861, 8368977.109254754148424 ], [ 3344778.212718476075679, 8368983.671923076733947 ], [ 3344772.457500808872283, 8368999.790393389761448 ], [ 3344778.54667695146054, 8369018.281226637773216 ], [ 3344797.381934786681086, 8369023.402796570211649 ], [ 3344930.865136131644249, 8368998.504461856558919 ], [ 3345025.341987922322005, 8368980.878354083746672 ], [ 3345058.693307346198708, 8368974.648255616426468 ], [ 3345618.396574835758656, 8368870.222833534702659 ], [ 3345621.068242614157498, 8368883.458840237930417 ], [ 3345624.608202420175076, 8368888.247753037139773 ], [ 3345631.020205086562783, 8368893.524429076351225 ], [ 3345639.781049008946866, 8368896.295794043689966 ], [ 3345652.527130699250847, 8368895.187247931025922 ], [ 3345660.531002081464976, 8368894.123043816536665 ], [ 3345667.087720087729394, 8368891.351679654791951 ], [ 3345672.486715388484299, 8368887.51611337531358 ], [ 3345676.44968925928697, 8368883.214960495941341 ], [ 3345691.956494318321347, 8368882.70503016654402 ], [ 3345712.160981887951493, 8368882.062074577435851 ], [ 3345720.977485555689782, 8368885.964150707237422 ], [ 3345728.44702338334173, 8368885.742441781796515 ], [ 3345736.762589341495186, 8368884.589555463753641 ], [ 3345754.673895401880145, 8368880.88701796811074 ], [ 3345834.322991027031094, 8368877.140140592120588 ], [ 3345864.78000369342044, 8368890.021425219252706 ], [ 3345930.803593657910824, 8368939.484880395233631 ], [ 3346006.311604231130332, 8368982.8294179700315 ], [ 3346076.075529080815613, 8369017.283518552780151 ], [ 3346092.417230322025716, 8369020.963953230530024 ], [ 3346109.938918164931238, 8369016.928777964785695 ], [ 3346140.095368205569685, 8369001.120667543262243 ], [ 3346199.061302447225899, 8368964.649069398641586 ], [ 3346251.726553511805832, 8368919.575300930067897 ], [ 3346333.94712936738506, 8368839.028519707731903 ], [ 3346400.126566608436406, 8368807.701313902623951 ], [ 3346452.068240987602621, 8368784.821230696514249 ], [ 3346488.781409034039825, 8368775.70912429690361 ], [ 3346554.749339249450713, 8368795.263585441745818 ], [ 3346595.514536757487804, 8368799.542516392655671 ], [ 3346645.452460303436965, 8368788.634572957642376 ], [ 3346696.325467572547495, 8368783.734871912747622 ], [ 3346781.162051470484585, 8368828.16485929209739 ], [ 3346856.235916029196233, 8368869.358170540072024 ], [ 3346915.391093411948532, 8368903.612202514894307 ], [ 3346948.408454367425293, 8368931.059884709306061 ], [ 3346994.116237269714475, 8368952.987064476124942 ], [ 3347018.383886250201613, 8368956.357071591541171 ], [ 3347039.556853389367461, 8368963.340972828678787 ], [ 3347063.123189581558108, 8368971.876861096359789 ], [ 3347085.96594908228144, 8368977.330966298468411 ], [ 3347107.806833164766431, 8368982.119940048083663 ], [ 3347131.640336133539677, 8368984.780482371337712 ], [ 3347163.722613364923745, 8368987.041944089345634 ], [ 3347195.281688990071416, 8368986.687204950489104 ], [ 3347259.468507350888103, 8368985.933384329080582 ], [ 3347285.995941995643079, 8368989.281235297210515 ], [ 3347305.298741689883173, 8369000.832441375590861 ], [ 3347329.032057119999081, 8369020.121443862095475 ], [ 3347429.898647685069591, 8369082.711278676055372 ], [ 3347525.254923459608108, 8369140.689938231371343 ], [ 3347578.031494022347033, 8369179.157866364344954 ], [ 3347597.234106176532805, 8369193.547361936420202 ], [ 3347616.881996292155236, 8369205.919246532954276 ], [ 3347636.819317086134106, 8369214.344556152820587 ], [ 3347658.270582951139659, 8369222.149062086828053 ], [ 3347678.976008230820298, 8369227.049054398201406 ], [ 3347704.902317623142153, 8369231.660814853385091 ], [ 3347730.049390581902117, 8369232.968958960846066 ], [ 3347750.676892218645662, 8369234.011040037497878 ], [ 3347774.031721375882626, 8369231.394751660525799 ], [ 3347796.15090418420732, 8369226.938194800168276 ], [ 3347828.333368956577033, 8369217.4929637927562 ], [ 3347855.92947070999071, 8369206.761777047067881 ], [ 3347877.34734072862193, 8369198.225616915151477 ], [ 3347933.240857027471066, 8369176.65245627053082 ], [ 3347957.998311767354608, 8369166.231733234599233 ], [ 3347980.006175086833537, 8369160.821831764653325 ], [ 3348012.767501211259514, 8369156.298802435398102 ], [ 3348373.810005528852344, 8369128.451192743144929 ], [ 3348379.754466337151825, 8369147.141893683932722 ], [ 3348418.649496401660144, 8369138.140197874046862 ], [ 3348443.629590121097863, 8369132.353399231098592 ], [ 3348489.971894121728837, 8369170.577394639141858 ], [ 3348560.682034640572965, 8369180.133424438536167 ], [ 3348754.633983358740807, 8369180.133424433879554 ], [ 3348921.84699039766565, 8369155.278903996571898 ], [ 3349141.602797077968717, 8369231.727330558933318 ], [ 3349244.784833053126931, 8369301.480559657327831 ], [ 3349315.494973571039736, 8369304.340766532346606 ], [ 3349378.557465084362775, 8369390.324868064373732 ], [ 3349418.688141497317702, 8369414.603696070611477 ], [ 3349477.687471595127136, 8369467.817845252342522 ], [ 3349605.003573162015527, 8369543.205213868990541 ], [ 3349745.455374632030725, 8369552.761726501397789 ], [ 3349869.665662396233529, 8369504.979287101887167 ], [ 3349929.856111038010567, 8369483.959546378813684 ], [ 3349924.123157260008156, 8369418.993848816491663 ], [ 3349971.901482676621526, 8369331.102600908838212 ], [ 3350006.299205317627639, 8369347.332691956311464 ], [ 3350036.867537481244653, 8369428.550200508907437 ], [ 3350065.532306348439306, 8369433.317294729873538 ], [ 3350101.076619746629149, 8369467.817845215089619 ], [ 3350161.077825253363699, 8369440.013404364697635 ], [ 3350199.293806422036141, 8369433.317294714041054 ], [ 3350264.270993169862777, 8369447.662941033020616 ], [ 3350294.839325328357518, 8369452.430047606118023 ], [ 3350323.504094197414815, 8369476.332144714891911 ], [ 3350380.833631925284863, 8369445.756099257618189 ], [ 3350439.487871593795717, 8369423.472694214433432 ], [ 3350517.511702653951943, 8369418.86081381700933 ], [ 3350551.920557241886854, 8369416.820944556035101 ], [ 3350671.032412344589829, 8369525.466940097510815 ], [ 3350786.804682719521224, 8369576.464591993950307 ], [ 3350843.577622998040169, 8369574.247295449487865 ], [ 3350923.727656324394047, 8369483.338711008429527 ], [ 3350981.135117697063833, 8369459.259210263378918 ], [ 3351063.990214652381837, 8369419.038193750195205 ], [ 3351183.692063038703054, 8369338.885058079846203 ], [ 3351285.516001218464226, 8369325.914300586096942 ], [ 3351415.615090042352676, 8369248.77756614331156 ], [ 3351502.34410529397428, 8369424.6256647054106 ], [ 3351579.009838565718383, 8369416.444012207910419 ], [ 3351557.736683879513294, 8369351.656287723220885 ], [ 3351652.358251011464745, 8369360.525210214778781 ], [ 3351696.774727815296501, 8369347.465725541114807 ], [ 3351764.879992255009711, 8369416.288804776035249 ], [ 3351929.109636935871094, 8369290.882283217273653 ], [ 3351949.403180092107505, 8369222.193405653350055 ], [ 3351940.152530404739082, 8369151.731432274915278 ], [ 3351890.292530501727015, 8369142.175439272075891 ], [ 3351881.932436741888523, 8369104.860624595545232 ], [ 3351940.108002603054047, 8369093.686171368695796 ], [ 3351989.422537006437778, 8369132.929861532524228 ], [ 3352009.126086869742721, 8369177.406296155415475 ], [ 3352041.965336641296744, 8369195.321107319556177 ], [ 3352161.088323672302067, 8369064.619369355030358 ], [ 3352185.43389629945159, 8369104.705423725768924 ], [ 3352243.39795513311401, 8369148.250477456487715 ], [ 3352227.434740161988884, 8369160.489255755208433 ], [ 3352215.000353047158569, 8369184.434750290587544 ], [ 3352213.330560687929392, 8369204.943684728816152 ], [ 3352219.308417343068868, 8369223.989330064505339 ], [ 3352240.726287363097072, 8369247.380731263197958 ], [ 3352268.812194879632443, 8369262.568552814424038 ], [ 3352313.640553799457848, 8369262.878961166366935 ], [ 3352403.998584432993084, 8369251.903816441074014 ], [ 3352448.203554202802479, 8369236.472125444561243 ], [ 3352472.894217253196985, 8369247.624623024836183 ], [ 3352474.8979680868797, 8369266.825582844205201 ], [ 3352479.528858905658126, 8369289.330235632136464 ], [ 3352491.785134837031364, 8369298.487320901826024 ], [ 3352505.510828045196831, 8369303.032609584741294 ], [ 3352525.236641803290695, 8369294.562854394316673 ], [ 3352531.592984723392874, 8369282.944671995937824 ], [ 3352537.414994087070227, 8369256.13866831921041 ], [ 3352538.071779080666602, 8369220.663544433191419 ], [ 3352548.068269344512373, 8369180.842921131290495 ], [ 3352560.602844000328332, 8369173.836642173118889 ], [ 3352560.75869128620252, 8369157.695619771257043 ], [ 3352549.559950517490506, 8369145.612047820352018 ], [ 3352560.157566031441092, 8369091.579877484589815 ], [ 3352560.458128656260669, 8369090.981246709823608 ], [ 3352574.29514135280624, 8369062.845655151642859 ], [ 3352576.877753535285592, 8369043.201799054630101 ], [ 3352574.339669144712389, 8369024.688732014968991 ], [ 3352568.896146046929061, 8369007.816384434700012 ], [ 3352559.289273994043469, 8369001.408893303014338 ], [ 3352558.443245865870267, 8368990.14591199811548 ], [ 3352562.918289391789585, 8368983.028958268463612 ], [ 3352563.285643708426505, 8368942.677512479946017 ], [ 3352578.024344278499484, 8368901.749842984601855 ], [ 3352576.276628268416971, 8368826.12515309266746 ], [ 3352576.432475550565869, 8368789.410543688572943 ], [ 3352584.36955523584038, 8368730.459146800450981 ], [ 3352587.809327490627766, 8368630.537716154009104 ], [ 3352588.922522396314889, 8368598.368934803642333 ], [ 3352583.300888110417873, 8368569.503614328801632 ], [ 3352584.492006656713784, 8368529.952544528990984 ], [ 3352589.056105776689947, 8368512.172368127852678 ], [ 3352579.70526855206117, 8368502.062960259616375 ], [ 3352586.729528414551169, 8368459.319827526807785 ], [ 3352601.579548480454832, 8368462.113198969513178 ], [ 3352603.650091007817537, 8368459.075961816124618 ], [ 3352605.776293281000108, 8368455.950047517195344 ], [ 3352607.479481485206634, 8368422.230162559077144 ], [ 3352608.447961051482707, 8368380.950671090744436 ], [ 3352608.637204186525196, 8368372.836684355512261 ], [ 3352617.264464716892689, 8368364.877891838550568 ], [ 3352641.187023278325796, 8368371.816894304938614 ], [ 3352649.380137797445059, 8368378.0908222803846 ], [ 3352652.66406277474016, 8368386.315661747008562 ], [ 3352649.547117035835981, 8368410.236473393626511 ], [ 3352651.751242954749614, 8368430.632407445460558 ], [ 3352651.829166599549353, 8368442.493112416937947 ], [ 3352652.452555749565363, 8368453.511391883715987 ], [ 3352648.712220860179514, 8368464.751384070143104 ], [ 3352643.925482760183513, 8368482.021543528884649 ], [ 3352646.419039355125278, 8368497.207789039239287 ], [ 3352649.958999161142856, 8368506.984643935225904 ], [ 3352643.713975731749088, 8368519.665753955952823 ], [ 3352639.762133811134845, 8368538.177553334273398 ], [ 3352637.057070187758654, 8368548.996446833014488 ], [ 3352636.433681041467935, 8368566.266803557984531 ], [ 3352632.170144545845687, 8368578.327256365679204 ], [ 3352628.329622115939856, 8368588.303748783655465 ], [ 3352628.240566524676979, 8368593.402850114740431 ], [ 3352628.118115086108446, 8368600.785468292422593 ], [ 3352631.658074891194701, 8368616.393189901486039 ], [ 3352630.199789563659579, 8368629.296189246699214 ], [ 3352637.891966375056654, 8368637.609989445656538 ], [ 3352632.693346157670021, 8368643.440740233287215 ], [ 3352634.151631488464773, 8368654.681021883152425 ], [ 3352632.693346161860973, 8368669.845452677458525 ], [ 3352629.776775504928082, 8368685.253787832334638 ], [ 3352627.695101028773934, 8368698.356440601870418 ], [ 3352631.235060834791511, 8368707.512792140245438 ], [ 3352631.235060837119818, 8368722.699501967988908 ], [ 3352634.151631495915353, 8368736.223459660075605 ], [ 3352632.17014456121251, 8368751.255035193637013 ], [ 3352634.15163149824366, 8368758.68215240444988 ], [ 3352631.41317202616483, 8368764.202611533924937 ], [ 3352623.331376999616623, 8368780.520137375220656 ], [ 3352621.249702522531152, 8368794.465442828834057 ], [ 3352624.077217588201165, 8368804.597422150895 ], [ 3352627.283218923490494, 8368816.103997606784105 ], [ 3352629.776775517035276, 8368838.562933587469161 ], [ 3352631.658074914012104, 8368854.79194075986743 ], [ 3352633.940124476794153, 8368888.070385456085205 ], [ 3352634.37427048990503, 8368894.83251282479614 ], [ 3352635.18690277589485, 8368907.425605903379619 ], [ 3352629.153386378195137, 8368931.126397483050823 ], [ 3352622.117994564585388, 8368946.15837025642395 ], [ 3352620.926876016426831, 8368962.853207774460316 ], [ 3352625.001169379334897, 8368980.013677762821317 ], [ 3352628.140379019081593, 8368999.125255933962762 ], [ 3352630.422428579535335, 8369013.004460921511054 ], [ 3352637.068202178459615, 8369026.063353354111314 ], [ 3352643.903218912426382, 8369046.793561154045165 ], [ 3352653.576882658991963, 8369068.588056368753314 ], [ 3352662.771872597746551, 8369104.904967653565109 ], [ 3352668.326715187635273, 8369111.423406557179987 ], [ 3352671.755355501547456, 8369123.37389284837991 ], [ 3352666.734846469946206, 8369136.654697173275054 ], [ 3352666.367492150980979, 8369149.558606755919755 ], [ 3352665.810894699767232, 8369157.074811918660998 ], [ 3352667.859173330012709, 8369168.67062428407371 ], [ 3352671.499320677947253, 8369183.481363344937563 ], [ 3352673.759106341283768, 8369199.555926674976945 ], [ 3352677.633024622686207, 8369223.124625629745424 ], [ 3352692.0711625716649, 8369239.088415594771504 ], [ 3352721.136681606993079, 8369252.702008220367134 ], [ 3352728.639615282882005, 8369254.054500063881278 ], [ 3352763.271108850371093, 8369249.04362987075001 ], [ 3352809.702468438073993, 8369241.150407640263438 ], [ 3352863.024504503235221, 8369239.775746207684278 ], [ 3352968.343874693848193, 8369236.760360726155341 ], [ 3352999.446540406439453, 8369233.478913224302232 ], [ 3353095.270358035806566, 8369231.040000475011766 ], [ 3353120.562146334443241, 8369223.745439016260207 ], [ 3353687.679291910026222, 8369208.668556705117226 ], [ 3354027.459773499984294, 8369204.78848167322576 ], [ 3354143.822037171106786, 8369206.872635988518596 ], [ 3354220.176075871568173, 8369208.225119428709149 ], [ 3354235.003832038957626, 8369208.934619032777846 ], [ 3354247.749913729727268, 8369211.52872756216675 ], [ 3354258.414320941548795, 8369215.985275105573237 ], [ 3354266.061969955451787, 8369221.616936056874692 ], [ 3354350.687046826817095, 8369323.009740754030645 ], [ 3354357.332820425275713, 8369330.636983834207058 ], [ 3354363.110301994718611, 8369336.091354365460575 ], [ 3354369.166082291398197, 8369339.816292658448219 ], [ 3354374.409230305347592, 8369341.213145001791418 ], [ 3354380.453878653235734, 8369340.038015234284103 ], [ 3354384.405720572918653, 8369335.913976396434009 ], [ 3354385.941929545253515, 8369329.794439155608416 ], [ 3354384.505908114369959, 8369322.743674278259277 ], [ 3354380.954816358163953, 8369315.958982359617949 ], [ 3354374.297910809982568, 8369307.954827695153654 ], [ 3354322.801514389459044, 8369252.613320152275264 ], [ 3354312.860683866310865, 8369241.660362676717341 ], [ 3354305.502465528901666, 8369232.725067309103906 ], [ 3354297.476330243051052, 8369221.262185629457235 ], [ 3354290.619049611501396, 8369211.639586917124689 ], [ 3354283.394414662383497, 8369203.524686241522431 ], [ 3354276.815432760864496, 8369197.028337760828435 ], [ 3354268.767033578827977, 8369190.088558843359351 ], [ 3354262.622197687625885, 8369182.949240385554731 ], [ 3354259.560911692678928, 8369175.38866532407701 ], [ 3354259.059973986353725, 8369167.362491492182016 ], [ 3354261.297495746985078, 8369159.646730394102633 ], [ 3354269.590797803830355, 8369142.15326748136431 ], [ 3354309.409779639448971, 8369084.795398135669529 ], [ 3354315.265184850431979, 8369071.935944767668843 ], [ 3354321.677187516354024, 8369059.630799175240099 ], [ 3354328.512204246595502, 8369047.392188255675137 ], [ 3354336.304568597581238, 8369037.10467594396323 ], [ 3354346.378982510883361, 8369028.856939364224672 ], [ 3354355.896798967383802, 8369022.538115165196359 ], [ 3354372.98434079438448, 8369016.485351793467999 ], [ 3354391.14054973423481, 8369012.028924795798957 ], [ 3354411.478620692156255, 8369009.501400236040354 ], [ 3354429.122759975492954, 8369009.057974958792329 ], [ 3354451.564769309014082, 8369009.168831270188093 ], [ 3354471.646805437747389, 8369009.789626671932638 ], [ 3354488.667555573396385, 8369008.747577277943492 ], [ 3354508.014883063267916, 8369007.860726851038635 ], [ 3354590.625077143311501, 8369013.115317190997303 ], [ 3354611.330502421129495, 8369013.802626750431955 ], [ 3354636.633422666694969, 8369016.596208205446601 ], [ 3354662.203509689774364, 8369021.252179657109082 ], [ 3354688.296798320487142, 8369026.950205859728158 ], [ 3354714.390086949802935, 8369030.918872621841729 ], [ 3354740.360924139618874, 8369033.379890516400337 ], [ 3354767.27797700278461, 8369036.084794016554952 ], [ 3354797.323107553180307, 8369040.253007903695107 ], [ 3354824.930341258645058, 8369045.795849168673158 ], [ 3354850.890046500600874, 8369052.092521896585822 ], [ 3354871.896034402772784, 8369056.94805842731148 ], [ 3354889.851868259254843, 8369064.153769191354513 ], [ 3354906.883750343695283, 8369072.933660139329731 ], [ 3354921.010193719994277, 8369080.338929824531078 ], [ 3354935.459463617298752, 8369087.38946295902133 ], [ 3354947.504232518840581, 8369093.752685759216547 ], [ 3354960.996154795400798, 8369100.714545561932027 ], [ 3354974.55486876796931, 8369107.85378441400826 ], [ 3354986.15435970434919, 8369114.039652237668633 ], [ 3354996.139718024991453, 8369119.538205776363611 ], [ 3355005.824513720814139, 8369126.211858917027712 ], [ 3355014.084419934079051, 8369131.710421522147954 ], [ 3355023.713555882684886, 8369136.432980586774647 ], [ 3355031.416864642407745, 8369138.738832115195692 ], [ 3355039.409604077227414, 8369140.800796116702259 ], [ 3355045.832738693337888, 8369142.596700713969767 ], [ 3355053.068505593109876, 8369145.567704344168305 ], [ 3355107.603924108203501, 8369176.120333501137793 ], [ 3355117.678338021039963, 8369182.705350695177913 ], [ 3355127.752751932945102, 8369190.864572093822062 ], [ 3355135.300213406793773, 8369199.533754711039364 ], [ 3355140.331854388583452, 8369207.138698231428862 ], [ 3355143.905210044234991, 8369216.340025232173502 ], [ 3355145.430287065915763, 8369225.009237794205546 ], [ 3355145.586134357377887, 8369270.883066744543612 ], [ 3355146.009148424025625, 8369282.279509291984141 ], [ 3355147.868183920625597, 8369291.059659922495484 ], [ 3355152.076060669962317, 8369299.75113245844841 ], [ 3355157.975993681699038, 8369305.95933339651674 ], [ 3355165.868545575998724, 8369309.573395633138716 ], [ 3355175.453153727110475, 8369311.391513494774699 ], [ 3355225.201834140811116, 8369318.287062170915306 ], [ 3355234.24097678810358, 8369320.437765166163445 ], [ 3355241.844098005909473, 8369323.896629032678902 ], [ 3355248.768170331604779, 8369329.084927870891988 ], [ 3355255.636582910548896, 8369335.869631861336529 ], [ 3355264.787045049015433, 8369344.805052191950381 ], [ 3355274.649951929226518, 8369352.60969618242234 ], [ 3355287.095470994710922, 8369360.392176109366119 ], [ 3355396.444606757257134, 8369408.971887434832752 ], [ 3355405.10526313399896, 8369413.406381809152663 ], [ 3355644.624082744587213, 8369369.018557008355856 ], [ 3355623.365467078983784, 8368138.539460024796426 ], [ 3355621.110557754989713, 8367800.025162238627672 ], [ 3355217.105446567758918, 8367795.749975876882672 ], [ 3355200.00470112124458, 8367423.808762401342392 ], [ 3354466.729944325052202, 8366482.123155830428004 ], [ 3354447.690676460508257, 8366006.141459222882986 ], [ 3354448.677637559361756, 8366006.100335843861103 ], [ 3354348.829883634578437, 8365533.487633930519223 ], [ 3353706.008854516781867, 8365601.40396251808852 ], [ 3353809.985028933733702, 8365441.406450270675123 ], [ 3353669.731588610913604, 8365605.236784718930721 ], [ 3350330.146863662172109, 8367357.125465514138341 ], [ 3347083.328381073195487, 8367042.5214963555336 ], [ 3345528.389491611625999, 8367003.697376717813313 ], [ 3344335.010182763915509, 8367297.144345048815012 ], [ 3341702.886324211023748, 8367944.637013010680676 ], [ 3337638.232119451276958, 8370888.397954987362027 ], [ 3336616.694860943593085, 8372244.960061685182154 ], [ 3333724.989481278229505, 8372662.697824468836188 ], [ 3330261.716433182824403, 8373851.473138150759041 ], [ 3329467.596856073476374, 8374151.348758678883314 ], [ 3325839.858880704268813, 8375487.0785803636536 ], [ 3325376.027668905910105, 8376111.05575139913708 ], [ 3323082.114112559240311, 8376314.64638177677989 ], [ 3322098.287105530500412, 8376581.184983639977872 ], [ 3321016.014278000686318, 8377037.513741664588451 ], [ 3319129.767350020352751, 8378127.697855609469116 ], [ 3318635.01405743509531, 8379122.780277672223747 ], [ 3315821.104705858044326, 8380100.687878139317036 ], [ 3313455.457241363823414, 8380916.27633997797966 ], [ 3312116.639427627902478, 8381124.275669158436358 ], [ 3310038.675598770845681, 8381580.986056404188275 ], [ 3308494.633024005685002, 8382480.837775855325162 ], [ 3307626.753297418821603, 8382944.770304556004703 ], [ 3304039.791926177684218, 8383331.713533881120384 ], [ 3299401.479808193165809, 8383555.218242766335607 ], [ 3297886.297849651426077, 8384004.483776353299618 ], [ 3295907.284679311793298, 8384670.601706694811583 ], [ 3293680.894862678833306, 8385513.263462629169226 ], [ 3292444.011631216388196, 8385884.33161844778806 ], [ 3292372.094969258178025, 8386039.050690482370555 ], [ 3292220.273639557883143, 8386138.792654962278903 ], [ 3292251.687999847345054, 8386172.304771886207163 ], [ 3292253.903257715515792, 8386192.527674791403115 ], [ 3292235.168187427334487, 8386233.618117682635784 ], [ 3292218.948937632609159, 8386291.465138135477901 ], [ 3292207.060016021132469, 8386319.244314342737198 ], [ 3292205.067397141363472, 8386346.334667830727994 ], [ 3292214.985963768325746, 8386370.780519373714924 ], [ 3292233.498395080212504, 8386382.025638318620622 ] ] ], [ [ [ 3360236.289626706391573, 8397121.908965596929193 ], [ 3360249.440071976277977, 8397101.514598120003939 ], [ 3360259.258451052941382, 8397044.917984807863832 ], [ 3360236.289626706391573, 8397121.908965596929193 ] ] ], [ [ [ 3360228.667150222696364, 8397147.459334725514054 ], [ 3360236.289626706391573, 8397121.908965596929193 ], [ 3360229.191056612413377, 8397132.917782720178366 ], [ 3360228.667150222696364, 8397147.459334725514054 ] ] ], [ [ [ 3360198.116260184440762, 8397249.865228582173586 ], [ 3360227.955410269089043, 8397167.214397378265858 ], [ 3360228.667150222696364, 8397147.459334725514054 ], [ 3360198.116260184440762, 8397249.865228582173586 ] ] ], [ [ [ 3360185.989065965171903, 8397290.515309887006879 ], [ 3360198.116260184440762, 8397249.865228582173586 ], [ 3360183.850628047250211, 8397289.379301551729441 ], [ 3360185.989065965171903, 8397290.515309887006879 ] ] ], [ [ [ 3335511.566430373117328, 8405981.395772153511643 ], [ 3335516.642599150538445, 8405982.131104025989771 ], [ 3335526.939652045723051, 8405982.888718767091632 ], [ 3335531.71525819785893, 8405983.780030313879251 ], [ 3335540.53176186606288, 8405988.704528583213687 ], [ 3335545.151520731858909, 8405990.509436011314392 ], [ 3335550.383536796551198, 8405991.69042507186532 ], [ 3335560.535874350462109, 8405991.846404772251844 ], [ 3335570.5323646212928, 8405993.339353501796722 ], [ 3335580.384139552246779, 8405996.481231655925512 ], [ 3335584.870315027423203, 8405998.709514852613211 ], [ 3335594.27681199554354, 8406001.405738422647119 ], [ 3335604.128586925100535, 8406003.032386172562838 ], [ 3335609.048908418044448, 8406002.453032141551375 ], [ 3335613.535083894152194, 8405999.467131294310093 ], [ 3335615.327327696140856, 8405994.832302520051599 ], [ 3335616.373730907682329, 8405990.063779816031456 ], [ 3335615.616758371237665, 8405985.272977398708463 ], [ 3335612.332833393011242, 8405981.55175163410604 ], [ 3335596.814896383788437, 8405982.732739247381687 ], [ 3335591.883442943915725, 8405982.287083523347974 ], [ 3335582.92222393816337, 8405977.808244973421097 ], [ 3335570.387649280019104, 8405967.357632283121347 ], [ 3335566.202036429662257, 8405964.817400304600596 ], [ 3335550.973530093673617, 8405965.2630549762398 ], [ 3335541.121755165513605, 8405966.622301887720823 ], [ 3335535.900871046818793, 8405966.911977486684918 ], [ 3335531.125264896545559, 8405966.310343559831381 ], [ 3335526.049096116796136, 8405965.12935858219862 ], [ 3335521.574052589479834, 8405963.324457362294197 ], [ 3335510.820589784532785, 8405960.494551425799727 ], [ 3335496.337924038525671, 8405955.726050956174731 ], [ 3335476.47852688934654, 8405953.029844112694263 ], [ 3335471.85876802355051, 8405951.982557421550155 ], [ 3335456.17385177873075, 8405950.935270892456174 ], [ 3335445.576236260589212, 8405949.15265584923327 ], [ 3335440.956477393396199, 8405947.793412160128355 ], [ 3335432.59638363821432, 8405943.18089858815074 ], [ 3335427.965492823626846, 8405941.531981391832232 ], [ 3335423.034039382822812, 8405941.531981395557523 ], [ 3335419.004273819737136, 8405944.517858752980828 ], [ 3335421.241795583628118, 8405949.063525104895234 ], [ 3335425.126845811493695, 8405951.314076637849212 ], [ 3335436.848788185976446, 8405951.982557425275445 ], [ 3335445.130958297755569, 8405953.765173155814409 ], [ 3335454.53745526727289, 8405957.954321824014187 ], [ 3335471.558205400127918, 8405968.694596838206053 ], [ 3335475.142693003173918, 8405971.680485205724835 ], [ 3335479.918299155775458, 8405972.727774696424603 ], [ 3335489.914789424743503, 8405972.282119577750564 ], [ 3335499.922411641571671, 8405972.438098860904574 ], [ 3335503.95217720605433, 8405975.423988748341799 ], [ 3335507.091386844869703, 8405979.011514768004417 ], [ 3335511.566430373117328, 8405981.395772153511643 ] ] ], [ [ [ 3359655.383609658107162, 8397348.426027320325375 ], [ 3359529.147307155188173, 8397322.229965817183256 ], [ 3359523.72604795685038, 8397322.274479012936354 ], [ 3359520.486650774721056, 8397323.698901385068893 ], [ 3359518.015358081553131, 8397326.480977114289999 ], [ 3359515.37708615232259, 8397331.310663085430861 ], [ 3359502.664400307461619, 8397328.506328912451863 ], [ 3359489.951714465394616, 8397325.679739199578762 ], [ 3359489.506436501163989, 8397324.299829656258225 ], [ 3359488.604748625308275, 8397316.843871265649796 ], [ 3359486.812504825182259, 8397314.150825466960669 ], [ 3359484.051781455054879, 8397311.947425082325935 ], [ 3359485.621386273298413, 8397306.828416649252176 ], [ 3359488.760595911182463, 8397306.650364244356751 ], [ 3359489.506436492782086, 8397217.402138879522681 ], [ 3359490.842270380817354, 8397210.992332892492414 ], [ 3359493.614125699270517, 8397205.38375723361969 ], [ 3359496.820127031765878, 8397201.511171776801348 ], [ 3359499.881413029041141, 8397198.907193038612604 ], [ 3359507.640381530858576, 8397195.769066041335464 ], [ 3359516.078398931305856, 8397195.234916895627975 ], [ 3359633.386878273915499, 8397195.279429316520691 ], [ 3359638.262671966571361, 8397197.237976368516684 ], [ 3359642.748847444541752, 8397199.953235656023026 ], [ 3359646.333335047587752, 8397203.536489201709628 ], [ 3359649.761975363362581, 8397209.056038424372673 ], [ 3359652.678546018432826, 8397207.297794476151466 ], [ 3359663.209369844291359, 8397221.675345964729786 ], [ 3359673.061144777107984, 8397233.693754190579057 ], [ 3359688.734929074067622, 8397246.157309357076883 ], [ 3359705.221345653757453, 8397256.150425082072616 ], [ 3359702.994955840520561, 8397260.557193117216229 ], [ 3359717.455357688479125, 8397274.400693682953715 ], [ 3359737.771164749749005, 8397288.021655321121216 ], [ 3359763.307855924591422, 8397297.569697368890047 ], [ 3359793.163743344601244, 8397301.90972057916224 ], [ 3359818.622510875575244, 8397298.882832327857614 ], [ 3359837.502296503633261, 8397292.651007493957877 ], [ 3359842.879027907270938, 8397296.234306123107672 ], [ 3359857.806971616577357, 8397292.361672902479768 ], [ 3359874.671874464023858, 8397286.374674949795008 ], [ 3359882.887252879794687, 8397281.901122055947781 ], [ 3359886.53853217465803, 8397278.028496351093054 ], [ 3359887.44022004911676, 8397273.844282373785973 ], [ 3359886.994942084886134, 8397268.458223201334476 ], [ 3359884.90213565947488, 8397263.316988568753004 ], [ 3359877.065243511460721, 8397250.564071411266923 ], [ 3359886.093254208099097, 8397228.752850646153092 ], [ 3359902.446087394841015, 8397190.249526744708419 ], [ 3359909.381291666068137, 8397173.223554629832506 ], [ 3359911.774660716298968, 8397167.036348370835185 ], [ 3359912.375785967800766, 8397160.53756177611649 ], [ 3359911.919376053847373, 8397154.862256264314055 ], [ 3359911.22919520875439, 8397150.678112244233489 ], [ 3359907.299617187585682, 8397143.355865949764848 ], [ 3359901.844962139148265, 8397137.458013275638223 ], [ 3359891.247346620541066, 8397124.104402039200068 ], [ 3359881.095009061973542, 8397109.326433816924691 ], [ 3359868.849865079391748, 8397087.827213721349835 ], [ 3359859.599215398076922, 8397070.067035760730505 ], [ 3359850.782711728475988, 8397038.997955230996013 ], [ 3359843.46902118390426, 8397007.21682507917285 ], [ 3359840.485658829566091, 8396985.117002369835973 ], [ 3359823.164346034172922, 8396600.394862432032824 ], [ 3359825.557715085800737, 8396592.182987431064248 ], [ 3359826.90468092309311, 8396580.677476070821285 ], [ 3359826.158840333111584, 8396569.795103702694178 ], [ 3359822.129074767231941, 8396556.954370098188519 ], [ 3359815.550092864315957, 8396544.402964074164629 ], [ 3359807.946971646510065, 8396535.011677807196975 ], [ 3359799.876308565959334, 8396529.336854230612516 ], [ 3359791.371499472297728, 8396524.396423153579235 ], [ 3359781.820287168491632, 8396520.079112218692899 ], [ 3359772.558505536522716, 8396517.675661861896515 ], [ 3359763.897849158383906, 8396516.629716128110886 ], [ 3359755.983033366501331, 8396517.097053563222289 ], [ 3359686.41948360344395, 8396533.053306832909584 ], [ 3359659.691673878114671, 8396542.622624529525638 ], [ 3359638.496442840434611, 8396553.816516594961286 ], [ 3359594.013174341525882, 8396576.048571348190308 ], [ 3359578.784668009728193, 8396581.434124236926436 ], [ 3359556.687749098986387, 8396586.819681068882346 ], [ 3359531.752183171454817, 8396588.444250641390681 ], [ 3358690.722298673819751, 8396593.985593419522047 ], [ 3358677.475279276724905, 8396593.228943962603807 ], [ 3358548.500517299864441, 8396571.44192392192781 ], [ 3358538.949304991867393, 8396505.257847608998418 ], [ 3358510.451515360735357, 8396504.701494408771396 ], [ 3358458.821535552386194, 8396496.400709686800838 ], [ 3358406.401187369134277, 8396554.439636401832104 ], [ 3358323.367979223839939, 8396538.972929872572422 ], [ 3358296.072440092917532, 8396529.470379522070289 ], [ 3358288.302339638117701, 8396524.552202539518476 ], [ 3358282.435802476946265, 8396519.433741288259625 ], [ 3358274.276083804666996, 8396513.959217114374042 ], [ 3358262.554141427855939, 8396508.996542204171419 ], [ 3358222.345541373360902, 8396514.2040128223598 ], [ 3358202.475012276787311, 8396518.031728621572256 ], [ 3358175.647014994174242, 8396347.87833021953702 ], [ 3358167.888046487700194, 8396336.751511976122856 ], [ 3358154.696686831768602, 8396331.210362756624818 ], [ 3358139.668555584270507, 8396331.010080331936479 ], [ 3358147.906197902280837, 8396369.575674148276448 ], [ 3357993.762099075131118, 8396405.493263952434063 ], [ 3358016.749573923181742, 8396504.256411910057068 ], [ 3357754.914999756962061, 8396566.412447385489941 ], [ 3357635.658429278992116, 8396054.692282864823937 ], [ 3357748.636580430436879, 8396027.432693030685186 ], [ 3358097.856954825576395, 8395943.140003707259893 ], [ 3358150.433150324039161, 8396169.183661740273237 ], [ 3358158.425889760721475, 8396183.870731264352798 ], [ 3358172.006867630872875, 8396196.39926977083087 ], [ 3358184.663893730379641, 8396201.428493702784181 ], [ 3358197.131676692515612, 8396201.851304724812508 ], [ 3358213.362058443017304, 8396197.600942429155111 ], [ 3358225.607202423270792, 8396186.118300536647439 ], [ 3358230.983933825045824, 8396171.186442216858268 ], [ 3358232.175052373670042, 8396153.873535601422191 ], [ 3358228.14528680825606, 8396128.482829697430134 ], [ 3358213.651489113923162, 8396131.909791029989719 ], [ 3358158.425889735110104, 8395901.416814545169473 ], [ 3358143.197383399587125, 8395870.352662917226553 ], [ 3358124.974382763262838, 8395855.443696849048138 ], [ 3358103.189158423338085, 8395846.164549615234137 ], [ 3358080.491114263422787, 8395847.966972984373569 ], [ 3357521.544819314032793, 8395979.344797253608704 ], [ 3357498.857907102443278, 8396000.840782208368182 ], [ 3357489.295562849845737, 8396018.754150921478868 ], [ 3357482.137719595804811, 8396034.286523278802633 ], [ 3357483.328838150016963, 8396066.530764736235142 ], [ 3357613.505850672256202, 8396619.511430885642767 ], [ 3357625.183265254367143, 8396650.467469215393066 ], [ 3357631.862434698268771, 8396650.84579686820507 ], [ 3357632.597143338061869, 8396660.704577375203371 ], [ 3357635.057304086629301, 8396693.730475466698408 ], [ 3357635.235415271949023, 8396713.960023917257786 ], [ 3357605.390659810975194, 8396761.652127539739013 ], [ 3357565.27111534960568, 8396798.283789662644267 ], [ 3357510.60211345134303, 8396833.313265146687627 ], [ 3357464.471316490788013, 8396868.053589288145304 ], [ 3357421.947271028533578, 8396899.299991322681308 ], [ 3357361.957197471987456, 8396926.162210719659925 ], [ 3357320.54634691728279, 8396941.407175824046135 ], [ 3357158.209133572410792, 8396980.398821357637644 ], [ 3356960.249683189671487, 8397012.58043771609664 ], [ 3356229.860240548383445, 8397108.057844750583172 ], [ 3356198.534935852047056, 8397086.491860704496503 ], [ 3356131.654185816179961, 8397075.43069420568645 ], [ 3356077.285746536683291, 8397074.228878336027265 ], [ 3356035.808104287367314, 8397099.311261577531695 ], [ 3355924.132391177583486, 8397119.319364117458463 ], [ 3355818.70170149859041, 8397130.84797290340066 ], [ 3355776.333503323141485, 8397135.74429870210588 ], [ 3355746.344032515771687, 8397133.830280039459467 ], [ 3355710.643871834967285, 8397123.503490321338177 ], [ 3355671.626390328165144, 8397098.888399058952928 ], [ 3355601.36152777262032, 8397108.280404290184379 ], [ 3355571.205077732913196, 8397102.315811904147267 ], [ 3355545.980081126559526, 8397089.451894031837583 ], [ 3355533.445506467018276, 8397066.773173104971647 ], [ 3355507.162974700331688, 8397044.962496580556035 ], [ 3355495.218393345829099, 8397043.182036036625504 ], [ 3355489.251668642275035, 8397047.655443962663412 ], [ 3355492.735968704335392, 8397065.660381922498345 ], [ 3355377.731802821159363, 8397078.613281702622771 ], [ 3355337.033397003542632, 8397059.629056649282575 ], [ 3355315.771374272182584, 8397050.949298309162259 ], [ 3355276.364274548832327, 8397051.839529464021325 ], [ 3355265.610811745747924, 8397059.606800854206085 ], [ 3355266.813062247354537, 8397073.939552366733551 ], [ 3355246.808949759695679, 8397078.702305156737566 ], [ 3355238.738286680541933, 8397071.246595375239849 ], [ 3355221.717536547221243, 8397069.755454320460558 ], [ 3355222.318661794997752, 8397059.005894180387259 ], [ 3355217.843618267215788, 8397052.128854615613818 ], [ 3355190.214120666030794, 8397059.028149979189038 ], [ 3355182.00987419905141, 8397073.939552368596196 ], [ 3355171.389994783792645, 8397089.251591000705957 ], [ 3355120.227556840050966, 8397094.281424598768353 ], [ 3355044.363323897123337, 8397074.228878386318684 ], [ 3354981.512339426670223, 8397084.088225591927767 ], [ 3354922.53527323808521, 8397150.388783494010568 ], [ 3354876.983337627723813, 8397162.27353872358799 ], [ 3354825.809767736587673, 8397182.059250552207232 ], [ 3354765.997805361635983, 8397205.183451291173697 ], [ 3354637.99152296083048, 8397225.61471121199429 ], [ 3354577.678622878156602, 8397238.145021742209792 ], [ 3354552.008348313625902, 8397246.224078735336661 ], [ 3354502.894188999198377, 8397245.734438674524426 ], [ 3354467.806285516824573, 8397241.14962868578732 ], [ 3354442.425441625993699, 8397213.373753491789103 ], [ 3354416.744035112205893, 8397211.882583662867546 ], [ 3354396.884637963958085, 8397207.698407268151641 ], [ 3354371.659641360864043, 8397194.567230792716146 ], [ 3354357.032260276377201, 8397186.510486645624042 ], [ 3354337.317578464280814, 8397189.181229596957564 ], [ 3354321.988884591963142, 8397203.981614263728261 ], [ 3354273.420190781354904, 8397206.073701115325093 ], [ 3354232.810840562917292, 8397233.693754479289055 ], [ 3354170.238154817838222, 8397246.157309658825397 ], [ 3354101.44270953675732, 8397212.483502831310034 ], [ 3354082.930278224870563, 8397185.597983043640852 ], [ 3354060.532796683255583, 8397162.607380479574203 ], [ 3354036.498918633442372, 8397159.936647187918425 ], [ 3353997.347853742074221, 8397177.852834973484278 ], [ 3353980.215784115251154, 8397174.269593926146626 ], [ 3353956.048322676215321, 8397164.810736192390323 ], [ 3353907.813587340526283, 8397177.096125537529588 ], [ 3353878.99297118652612, 8397184.707735743373632 ], [ 3353868.907425325829536, 8397177.608017213642597 ], [ 3353864.911055604461581, 8397155.374146705493331 ], [ 3353835.945724113844335, 8397155.285122333094478 ], [ 3353815.062187651637942, 8397164.232077062129974 ], [ 3353813.15862436266616, 8397192.119047967717052 ], [ 3353739.108899123035371, 8397210.235620364546776 ], [ 3353692.031886491458863, 8397237.69989494793117 ], [ 3353573.06474673980847, 8397292.67326433211565 ], [ 3353508.00963635277003, 8397316.688075512647629 ], [ 3353441.050962674897164, 8397335.161060474812984 ], [ 3353198.819750830065459, 8397428.127616975456476 ], [ 3353133.141251295339316, 8397465.385790623724461 ], [ 3353052.935558219905943, 8397494.008386546745896 ], [ 3352976.681707061361521, 8397490.469505915418267 ], [ 3352905.748927563428879, 8397504.758581573143601 ], [ 3352840.526837936602533, 8397494.498043140396476 ], [ 3352777.442082533147186, 8397491.137219123542309 ], [ 3352713.177340528927743, 8397481.499897837638855 ], [ 3352637.424427075777203, 8397456.505241109058261 ], [ 3352605.809691703412682, 8397439.38962572440505 ], [ 3352581.074500860180706, 8397433.736362282186747 ], [ 3352528.609624872449785, 8397428.550498448312283 ], [ 3352490.438171500340104, 8397431.199072228744626 ], [ 3352480.931486991234124, 8397443.841017322614789 ], [ 3352465.012799817603081, 8397455.303363060578704 ], [ 3352435.513134768232703, 8397455.748503059148788 ], [ 3352411.178694095462561, 8397467.566979905590415 ], [ 3352370.101802012417465, 8397479.941902533173561 ], [ 3352327.388513414189219, 8397468.056634724140167 ], [ 3352297.176403627730906, 8397472.775128267705441 ], [ 3352233.935800935141742, 8397442.015946459025145 ], [ 3352162.034541862085462, 8397421.984710447490215 ], [ 3352074.693269428331405, 8397416.064377782866359 ], [ 3352019.935211931355298, 8397412.369736513122916 ], [ 3351953.989545616321266, 8397411.301406854763627 ], [ 3351900.589585908688605, 8397416.264689726755023 ], [ 3351861.438521014526486, 8397422.274050148203969 ], [ 3351846.098695191554725, 8397435.516917265951633 ], [ 3351839.11896312283352, 8397450.807450601831079 ], [ 3351773.896873498335481, 8397452.387696763500571 ], [ 3351610.201562368310988, 8397483.61432065628469 ], [ 3351563.870390322059393, 8397502.265781402587891 ], [ 3351539.012748038396239, 8397503.60121 ], [ 3351505.772748103365302, 8397498.74915392883122 ], [ 3351471.063330888748169, 8397483.503035243600607 ], [ 3351417.240357115864754, 8397493.518730102106929 ], [ 3351350.571114112157375, 8397485.261345136910677 ], [ 3351321.694838213734329, 8397496.345384232699871 ], [ 3351230.279272423591465, 8397574.601845638826489 ], [ 3351152.311101112980396, 8397608.878259522840381 ], [ 3351089.716151473112404, 8397652.39172900095582 ], [ 3351019.685059854295105, 8397720.43351086601615 ], [ 3350894.406104978639632, 8397775.521773124113679 ], [ 3350853.874678402673453, 8397807.551057253032923 ], [ 3350819.387900170404464, 8397815.897835889831185 ], [ 3350780.069856042042375, 8397809.776863967999816 ], [ 3350729.39722385443747, 8397793.77332866564393 ], [ 3350700.743586937431246, 8397783.979805445298553 ], [ 3350671.611276206560433, 8397756.49123595841229 ], [ 3350685.325837459415197, 8397689.740067936480045 ], [ 3350655.692589021287858, 8397644.490287072956562 ], [ 3350660.924605086445808, 8397633.428282592445612 ], [ 3350649.135871015489101, 8397622.277264706790447 ], [ 3350629.810807422734797, 8397624.63656048849225 ], [ 3350597.528155110310763, 8397646.983135456219316 ], [ 3350587.776567722205073, 8397677.097700793296099 ], [ 3350599.531905949581414, 8397729.447925603017211 ], [ 3350573.984082824084908, 8397733.187241615727544 ], [ 3350550.050392314326018, 8397724.328627007082105 ], [ 3350482.446065582334995, 8397668.239153644070029 ], [ 3350403.620734184980392, 8397617.736735319718719 ], [ 3350399.045503116212785, 8397618.760579943656921 ], [ 3350389.761457588989288, 8397628.999033961445093 ], [ 3350384.540573474951088, 8397635.720809329301119 ], [ 3350385.431129398755729, 8397644.24545381590724 ], [ 3350411.413098541088402, 8397672.000696239992976 ], [ 3350491.997277894522995, 8397733.231757305562496 ], [ 3350494.245931611396372, 8397769.890509655699134 ], [ 3350486.442435310222208, 8397774.787260271608829 ], [ 3350450.040961836930364, 8397770.958891334012151 ], [ 3350431.684377815108746, 8397778.43756739795208 ], [ 3350432.641725438646972, 8397816.87719189375639 ], [ 3350471.481095757335424, 8397803.678155191242695 ], [ 3350504.498456711880863, 8397804.99138037674129 ], [ 3350522.988624123856425, 8397823.665913060307503 ], [ 3350508.361243044491857, 8397852.579257901757956 ], [ 3350524.291062170639634, 8397876.306537138298154 ], [ 3350516.776996550615877, 8397913.967628877609968 ], [ 3350528.38761943532154, 8397938.652219599112868 ], [ 3350529.200251720380038, 8397961.022005820646882 ], [ 3350514.272308016661555, 8398003.424622857943177 ], [ 3350490.238429965917021, 8398025.816864531487226 ], [ 3350465.458711329381913, 8398043.000619018450379 ], [ 3350445.042716726660728, 8398044.625509798526764 ], [ 3350432.46361427474767, 8398041.642833849415183 ], [ 3350417.413219125941396, 8398033.273540640249848 ], [ 3350406.782207755371928, 8398002.534276690334082 ], [ 3350391.553701420780271, 8397974.621978718787432 ], [ 3350374.243520606309175, 8397938.629961142316461 ], [ 3350368.41037929058075, 8397913.611494727432728 ], [ 3350376.258403384592384, 8397871.921658966690302 ], [ 3350356.554853518493474, 8397830.276575438678265 ], [ 3350275.59218790428713, 8397847.370840990915895 ], [ 3350230.77496094070375, 8397956.548043152317405 ], [ 3350184.187754079699516, 8398098.670026432722807 ], [ 3350173.73485390143469, 8398137.645539682358503 ], [ 3350160.89971662312746, 8398171.52390893176198 ], [ 3350136.420560610480607, 8398199.592767851427197 ], [ 3350004.150741721037775, 8398300.806266374886036 ], [ 3349858.433528346940875, 8398379.338393051177263 ], [ 3349763.188572073355317, 8398422.945454210042953 ], [ 3349696.608384664636105, 8398438.772276863455772 ], [ 3349629.427072000224143, 8398449.501590890809894 ], [ 3349541.050528302323073, 8398448.611190801486373 ], [ 3349460.722383784595877, 8398445.338971367105842 ], [ 3349420.413596183527261, 8398429.200495403259993 ], [ 3349384.590984064154327, 8398430.69191169925034 ], [ 3349350.24892117222771, 8398449.813230965286493 ], [ 3349318.600789955817163, 8398459.362779203802347 ], [ 3349269.33078335551545, 8398468.021937375888228 ], [ 3349199.166108341421932, 8398475.479061178863049 ], [ 3349169.009658300317824, 8398484.138238301500678 ], [ 3349130.19255187921226, 8398492.218662118539214 ], [ 3349092.87825858220458, 8398500.855598758906126 ], [ 3349038.832645829766989, 8398502.369289737194777 ], [ 3348962.389551535248756, 8398505.641534507274628 ], [ 3348889.842639418318868, 8398481.467025779187679 ], [ 3348799.072726669255644, 8398484.138238318264484 ], [ 3348723.531320254784077, 8398499.074786271899939 ], [ 3348650.071588314604014, 8398513.41033916734159 ], [ 3348590.960938731674105, 8398524.451405147090554 ], [ 3348525.271307246759534, 8398537.295569254085422 ], [ 3348474.509619470220059, 8398551.920580618083477 ], [ 3348360.451669261325151, 8398588.360803734511137 ], [ 3348303.723256781697273, 8398609.263371063396335 ], [ 3348256.546056605875492, 8398637.311637679114938 ], [ 3348202.199881228618324, 8398655.832456400617957 ], [ 3348128.751281241420656, 8398692.250932907685637 ], [ 3348055.89267455553636, 8398732.275847677141428 ], [ 3347969.308374658226967, 8398763.908595493063331 ], [ 3347865.402762005105615, 8398811.101969327777624 ], [ 3347707.150973971933126, 8398870.806472724303603 ], [ 3347502.323111014440656, 8398919.180386884137988 ], [ 3347316.007679365575314, 8398972.919658996164799 ], [ 3347184.639548344537616, 8399003.974636688828468 ], [ 3347063.412622930016369, 8399027.2603904530406 ], [ 3346951.736909817438573, 8399034.428677465766668 ], [ 3346887.839522134047002, 8399031.445600662380457 ], [ 3346822.16102259606123, 8399023.09744437970221 ], [ 3346762.438115811441094, 8399009.361965164542198 ], [ 3346699.731846677139401, 8399000.390507154166698 ], [ 3346643.00343419238925, 8398977.705901542678475 ], [ 3346579.707171755377203, 8398960.987458702176809 ], [ 3346435.793334122747183, 8398944.847852826118469 ], [ 3346386.823890148196369, 8398946.651034628972411 ], [ 3346356.366877480875701, 8398955.0213657990098 ], [ 3346282.918277495540679, 8399006.356636844575405 ], [ 3346153.932383583858609, 8399121.628553589805961 ], [ 3346113.323033364489675, 8399162.234617918729782 ], [ 3346062.561345590278506, 8399186.700770255178213 ], [ 3345940.143301624339074, 8399231.492517242208123 ], [ 3345854.750120280310512, 8399261.346412418410182 ], [ 3345725.764226361177862, 8399302.554336784407496 ], [ 3345553.185619868803769, 8399340.178196797147393 ], [ 3345399.1083127357997, 8399347.947881784290075 ], [ 3345324.468594192061573, 8399337.796088732779026 ], [ 3345261.76232505729422, 8399328.824230644851923 ], [ 3345198.466062620747834, 8399321.677919747307897 ], [ 3345004.391662463545799, 8399321.677919752895832 ], [ 3344821.660718414932489, 8399344.964678017422557 ], [ 3344694.455936345271766, 8399351.532180516049266 ], [ 3344595.325929842889309, 8399373.015746537595987 ], [ 3344508.741629942785949, 8399363.465013602748513 ], [ 3344413.797236285172403, 8399300.773330494761467 ], [ 3344291.969185612630099, 8399241.043079135939479 ], [ 3344208.368248063139617, 8399212.391430884599686 ], [ 3344134.919648069888353, 8399199.546089427545667 ], [ 3344058.476553780958056, 8399207.315626041963696 ], [ 3344013.993285279721022, 8399208.495527736842632 ], [ 3343979.651222386397421, 8399221.652557540684938 ], [ 3343933.375710086897016, 8399230.602022711187601 ], [ 3343865.292709551751614, 8399248.523248108103871 ], [ 3343813.195187884848565, 8399259.12016711011529 ], [ 3343772.886400289367884, 8399267.179178746417165 ], [ 3343722.124712510500103, 8399278.533049881458282 ], [ 3343658.383172115776688, 8399291.512104410678148 ], [ 3343593.138818592298776, 8399313.463010255247355 ], [ 3343539.694331089500338, 8399328.534816144034266 ], [ 3343486.995684173889458, 8399335.9928112719208 ], [ 3343457.139796757139266, 8399337.796088835224509 ], [ 3343432.059515492990613, 8399332.408520139753819 ], [ 3343414.738202732056379, 8399328.824230751022696 ], [ 3343369.954371605534106, 8399307.340793641284108 ], [ 3343326.951652330346406, 8399287.638421948999166 ], [ 3343291.117908259388059, 8399252.997995680198073 ], [ 3343250.51968998182565, 8399211.189266314730048 ], [ 3343238.575108622200787, 8399174.16714445874095 ], [ 3343229.012764361687005, 8399116.241143170744181 ], [ 3343212.292576847132295, 8399075.034261239692569 ], [ 3343186.021177030634135, 8399057.714527709409595 ], [ 3343153.181927264202386, 8399066.084985107183456 ], [ 3343111.381458495277911, 8399094.736064203083515 ], [ 3343077.941083476878703, 8399109.072776539251208 ], [ 3343027.17939570127055, 8399126.993706217035651 ], [ 3342962.090889464132488, 8399134.76316630654037 ], [ 3342908.345839335117489, 8399137.145208716392517 ], [ 3342857.85131833422929, 8399136.789015416055918 ], [ 3342774.573207309935242, 8399131.178973104804754 ], [ 3342656.930769497528672, 8399135.943056395277381 ], [ 3342605.579088418278843, 8399131.780048880726099 ], [ 3342546.457306883297861, 8399124.010591946542263 ], [ 3342499.881231957115233, 8399118.044366970658302 ], [ 3342434.191600469406694, 8399114.460181908681989 ], [ 3342388.806644095107913, 8399112.055884828791022 ], [ 3342283.108787635341287, 8399104.308710696175694 ], [ 3342214.435793796554208, 8399100.123459091410041 ], [ 3342164.876356519758701, 8399108.471702694892883 ], [ 3342080.674293722957373, 8399115.061256323009729 ], [ 3342032.305974994320422, 8399103.707637198269367 ], [ 3341986.921018618624657, 8399086.387836238369346 ], [ 3341943.918299343902618, 8399070.871288230642676 ], [ 3341906.303443420212716, 8399045.782190080732107 ], [ 3341863.901849393732846, 8399000.991572501137853 ], [ 3341837.029324323870242, 8398944.269054083153605 ], [ 3341801.796705500688404, 8398904.844044491648674 ], [ 3341773.265520020853728, 8398869.648886723443866 ], [ 3341749.509940694086254, 8398848.255833797156811 ], [ 3341686.436317240353674, 8398845.161526396870613 ], [ 3341627.214348164852709, 8398822.455137744545937 ], [ 3341563.194509038701653, 8398824.369595266878605 ], [ 3341510.217563393525779, 8398806.516185183078051 ], [ 3341478.881126748397946, 8398796.765837347134948 ], [ 3341475.897764396853745, 8398792.736587788909674 ], [ 3341498.439961268566549, 8398747.63585639372468 ], [ 3341512.766779724508524, 8398720.321776738390326 ], [ 3341517.097107913345098, 8398708.234160128980875 ], [ 3341525.312486326321959, 8398688.978605579584837 ], [ 3341545.906592112500221, 8398659.705806957557797 ], [ 3341553.520845277700573, 8398652.849533300846815 ], [ 3341561.59150835685432, 8398650.000174695625901 ], [ 3341567.5582330590114, 8398643.299734195694327 ], [ 3341576.519452063832432, 8398633.282475713640451 ], [ 3341585.024261155165732, 8398621.350825613364577 ], [ 3341591.291548484005034, 8398612.246277250349522 ], [ 3341596.668279884848744, 8398606.414029682055116 ], [ 3341603.981970425695181, 8398594.482423108071089 ], [ 3341609.959827077575028, 8398583.730637473985553 ], [ 3341621.002720558550209, 8398570.285362411290407 ], [ 3341624.731923496816307, 8398567.458296105265617 ], [ 3341631.310905399732292, 8398559.377789737656713 ], [ 3341635.785948926582932, 8398549.538727844133973 ], [ 3341635.930664264596999, 8398544.619201825931668 ], [ 3341646.528279781341553, 8398534.156872348859906 ], [ 3341653.853102270979434, 8398522.804148664698005 ], [ 3341672.20968629186973, 8398507.733991516754031 ], [ 3341686.24707407457754, 8398490.86079454049468 ], [ 3341725.509458454325795, 8398450.547811580821872 ], [ 3341727.602264879737049, 8398445.472531735897064 ], [ 3341719.531601801980287, 8398447.564971253275871 ], [ 3341708.488708320539445, 8398454.131673576310277 ], [ 3341700.429177193902433, 8398464.282248688861728 ], [ 3341697.73524551698938, 8398471.160606883466244 ], [ 3341692.659076739568263, 8398477.57150961831212 ], [ 3341686.992914661299437, 8398482.045788809657097 ], [ 3341677.285855070222169, 8398488.924163592979312 ], [ 3341672.20968629186973, 8398493.109067898243666 ], [ 3341640.862117702607065, 8398524.896610146388412 ], [ 3341630.108654898125678, 8398537.295569641515613 ], [ 3341622.19383910857141, 8398544.752763578668237 ], [ 3341614.579585941042751, 8398552.232225380837917 ], [ 3341612.052633499726653, 8398557.59696308709681 ], [ 3341607.265895400661975, 8398561.025054778903723 ], [ 3341596.367717259097844, 8398577.609027408063412 ], [ 3341585.024261153768748, 8398594.326600017026067 ], [ 3341574.426645636558533, 8398606.859239261597395 ], [ 3341560.389257854316384, 8398621.951859762892127 ], [ 3341536.355379808228463, 8398651.647460002452135 ], [ 3341513.813182933721691, 8398685.394629318267107 ], [ 3341485.415580850560218, 8398734.501934211701155 ], [ 3341480.517523258924484, 8398742.872024288401008 ], [ 3341477.834723530802876, 8398746.589593937620521 ], [ 3341473.64911068091169, 8398758.988926634192467 ], [ 3341467.827101315371692, 8398767.047391036525369 ], [ 3341460.958688739687204, 8398789.108038963750005 ], [ 3341448.12355145951733, 8398812.727029925212264 ], [ 3341438.127061192877591, 8398825.282301941886544 ], [ 3341430.958085988648236, 8398834.832337006926537 ], [ 3341423.488548160996288, 8398842.156265068799257 ], [ 3341423.199117486365139, 8398847.521213952451944 ], [ 3341418.712942010257393, 8398854.533497428521514 ], [ 3341412.590370018966496, 8398863.63834529928863 ], [ 3341406.623645316809416, 8398875.28099113702774 ], [ 3341384.226163782645017, 8398911.722814163193107 ], [ 3341371.836304465308785, 8398940.373292772099376 ], [ 3341364.222051300108433, 8398956.802288826555014 ], [ 3341359.001167186070234, 8398974.277616186067462 ], [ 3341345.709619994275272, 8399007.113534513860941 ], [ 3341327.197188686579466, 8399039.504363475367427 ], [ 3341317.501261045690626, 8399055.621914951130748 ], [ 3341307.048360867425799, 8399073.542714571580291 ], [ 3341298.988829737529159, 8399088.636291427537799 ], [ 3341280.175835805479437, 8399109.072776643559337 ], [ 3341260.461153996642679, 8399127.43894736468792 ], [ 3341244.78736969968304, 8399142.666207263246179 ], [ 3341237.774241785984486, 8399148.632452184334397 ], [ 3341221.94461020315066, 8399163.125104563310742 ], [ 3341211.647557311225682, 8399177.306114610284567 ], [ 3341202.541622968856245, 8399187.457686442881823 ], [ 3341190.897604238241911, 8399204.466053081676364 ], [ 3341167.754282117355615, 8399249.569582004100084 ], [ 3341159.394188365899026, 8399271.80977520160377 ], [ 3341151.77993519930169, 8399285.23406845703721 ], [ 3341143.720404073130339, 8399308.832387888804078 ], [ 3341134.759185070637614, 8399342.716144815087318 ], [ 3341133.122788557317108, 8399348.838390845805407 ], [ 3341131.029982131905854, 8399357.053339879959822 ], [ 3341127.890772492624819, 8399356.741661427542567 ], [ 3341124.606847516726702, 8399359.27961491048336 ], [ 3341123.716291591990739, 8399366.314648427069187 ], [ 3341124.161569554824382, 8399369.431437576189637 ], [ 3341125.953813355416059, 8399371.078883798792958 ], [ 3341125.809098016936332, 8399373.616842223331332 ], [ 3341128.79246037080884, 8399384.369781019166112 ], [ 3341133.723913810681552, 8399386.462487291544676 ], [ 3341136.106150912120938, 8399392.851923946291208 ], [ 3341135.961435577832162, 8399440.650429040193558 ], [ 3341137.898394719231874, 8399456.190019177272916 ], [ 3341139.390075897797942, 8399477.228628266602755 ], [ 3341139.690638523548841, 8399491.120822124183178 ], [ 3341140.291763774584979, 8399507.239361951127648 ], [ 3341141.182319701649249, 8399516.345016760751605 ], [ 3341144.911522642243654, 8399529.324490373954177 ], [ 3341152.381060474086553, 8399554.860502673313022 ], [ 3341159.59456347534433, 8399562.430043816566467 ], [ 3341159.394188391510397, 8399565.302018819376826 ], [ 3341162.088120068889111, 8399580.240759555250406 ], [ 3341168.589178330264986, 8399590.08119847252965 ], [ 3341173.732138802763075, 8399600.099758386611938 ], [ 3341179.698863505385816, 8399600.389183653518558 ], [ 3341187.012554047629237, 8399602.481951305642724 ], [ 3341194.326244589406997, 8399614.125765165314078 ], [ 3341199.257698031142354, 8399623.231552125886083 ], [ 3341209.410035588312894, 8399638.905109087005258 ], [ 3341215.376760292332619, 8399641.153732927516103 ], [ 3341238.520082415547222, 8399626.526558483019471 ], [ 3341256.887798388488591, 8399618.467153623700142 ], [ 3341267.329566616564989, 8399616.663807334378362 ], [ 3341288.235366978682578, 8399609.049683433026075 ], [ 3341310.632848515640944, 8399603.083065524697304 ], [ 3341337.204810954630375, 8399595.914225017651916 ], [ 3341344.663216834422201, 8399595.313111385330558 ], [ 3341352.578032624907792, 8399599.342800041660666 ], [ 3341359.747007831465453, 8399608.314987672492862 ], [ 3341372.782520201057196, 8399648.389408335089684 ], [ 3341374.853062728885561, 8399657.13901917822659 ], [ 3341366.325989737641066, 8399653.910790046676993 ], [ 3341361.483591891825199, 8399653.220617108047009 ], [ 3341309.630973104853183, 8399672.12247359752655 ], [ 3341315.85373263945803, 8399684.345254678279161 ], [ 3341233.210142717696726, 8399733.949026191607118 ], [ 3341201.439560058992356, 8399741.051209330558777 ], [ 3341196.808669245336205, 8399738.936138402670622 ], [ 3341179.064342420082539, 8399741.207056678831577 ], [ 3341170.348026295658201, 8399745.281353013589978 ], [ 3341165.739399378653616, 8399742.231196537613869 ], [ 3341156.566673340741545, 8399719.299403613433242 ], [ 3341149.987691435031593, 8399693.406600935384631 ], [ 3341143.575688766781241, 8399662.192870387807488 ], [ 3341139.835353874135762, 8399644.582329005002975 ], [ 3341134.614469757769257, 8399630.400419207289815 ], [ 3341127.445494552608579, 8399607.869717577472329 ], [ 3341109.834751110058278, 8399539.632390523329377 ], [ 3341104.31330436700955, 8399508.28573246859014 ], [ 3341102.52106056548655, 8399497.243191530928016 ], [ 3341103.55633182823658, 8399468.278863403946161 ], [ 3341102.365213274024427, 8399446.483337253332138 ], [ 3341104.313304358627647, 8399413.333779159933329 ], [ 3341105.348575620446354, 8399393.475283918902278 ], [ 3341100.728816755581647, 8399387.063583888113499 ], [ 3341093.114563588984311, 8399397.349022058770061 ], [ 3341085.055032463744283, 8399441.25153006054461 ], [ 3341086.991991602815688, 8399454.386712623760104 ], [ 3341084.598622553516179, 8399468.568283492699265 ], [ 3341085.945588394068182, 8399498.423139669001102 ], [ 3341091.021757175214589, 8399541.124031703919172 ], [ 3341108.187222653999925, 8399608.003298610448837 ], [ 3341115.957323109265417, 8399635.921787444502115 ], [ 3341125.063257456291467, 8399663.105680890381336 ], [ 3341128.491897772531956, 8399682.363782422617078 ], [ 3341140.581194469705224, 8399724.308769760653377 ], [ 3341145.957925875205547, 8399748.042079675942659 ], [ 3341151.18994194176048, 8399759.084996664896607 ], [ 3341153.728026331868023, 8399772.087162083014846 ], [ 3341151.034094655420631, 8399778.788629595190287 ], [ 3341142.373438278213143, 8399785.668215541169047 ], [ 3341132.521663344465196, 8399791.479132948443294 ], [ 3341125.619854922872037, 8399796.043266696855426 ], [ 3341108.34306995710358, 8399787.315754882991314 ], [ 3341090.877041852101684, 8399702.356639379635453 ], [ 3341085.500310447532684, 8399678.33404834754765 ], [ 3341078.476050577592105, 8399640.997887689620256 ], [ 3341076.539091436658055, 8399612.634109215810895 ], [ 3341069.971241480670869, 8399588.010697795078158 ], [ 3341062.212272972799838, 8399561.13876860588789 ], [ 3341051.904088128358126, 8399529.190910773351789 ], [ 3341046.082078758627176, 8399503.654987482354045 ], [ 3341041.607035230379552, 8399469.01354518160224 ], [ 3341042.497591152787209, 8399444.835874164476991 ], [ 3341046.68320400128141, 8399412.732680419459939 ], [ 3341117.449004252441227, 8399270.607600882649422 ], [ 3341134.759185060858727, 8399241.043079309165478 ], [ 3341146.703766413964331, 8399212.680841084569693 ], [ 3341269.867650956846774, 8399055.577391287311912 ], [ 3341426.560966097284108, 8398759.389623552560806 ], [ 3341436.123310348484665, 8398728.8031549397856 ], [ 3341394.077938690781593, 8398676.267741102725267 ], [ 3341441.856264112517238, 8398616.075083509087563 ], [ 3341612.876397724729031, 8398470.848965929821134 ], [ 3341636.342546363826841, 8398362.109334824606776 ], [ 3341605.173088951036334, 8398308.686153316870332 ], [ 3341695.05244578095153, 8398360.951828451827168 ], [ 3341806.839478376787156, 8398295.998204633593559 ], [ 3341823.080992072820663, 8398270.199443083256483 ], [ 3341797.288266065064818, 8398234.829243019223213 ], [ 3341666.387676900718361, 8398209.987844713032246 ], [ 3341545.060563943348825, 8398224.100241720676422 ], [ 3341488.666109940968454, 8398301.718908624723554 ], [ 3341493.452848051209003, 8398403.957764346152544 ], [ 3341412.234147607348859, 8398408.743637131527066 ], [ 3341369.242560287006199, 8398446.941691352054477 ], [ 3341348.214308485388756, 8398434.52062401175499 ], [ 3341275.734188062138855, 8398425.594386050477624 ], [ 3341209.988896827679127, 8398382.143127819523215 ], [ 3341135.282386588864028, 8398349.755189683288336 ], [ 3341102.710303585510701, 8398216.821446862071753 ], [ 3341075.203257414977998, 8398130.611680164933205 ], [ 3341037.00954013876617, 8398103.633773006498814 ], [ 3340960.299279072321951, 8398126.872162381187081 ], [ 3340902.858421849552542, 8398123.199423557147384 ], [ 3340852.464088390115649, 8398113.650311172008514 ], [ 3340819.98106099339202, 8398127.250565888360143 ], [ 3340799.075260634999722, 8398163.799983682110906 ], [ 3340768.863150850404054, 8398191.156517991796136 ], [ 3340721.57463118666783, 8398213.92773837223649 ], [ 3340706.156881719361991, 8398243.955584293231368 ], [ 3340704.130866996478289, 8398314.295569214969873 ], [ 3340671.759159092325717, 8398371.502951020374894 ], [ 3340677.013439060654491, 8398420.341044111177325 ], [ 3340681.91149665787816, 8398474.56639832817018 ], [ 3340716.186767861712724, 8398529.148315677419305 ], [ 3340846.853586106095463, 8398660.640753902494907 ], [ 3340999.839962236117572, 8398728.135329553857446 ], [ 3340953.608977753669024, 8398969.580422230064869 ], [ 3341020.489727803971618, 8399110.98730867728591 ], [ 3340940.239506936166435, 8399196.985928896814585 ], [ 3340882.909969214349985, 8399292.536181880161166 ], [ 3340865.711107898503542, 8399354.648963620886207 ], [ 3340884.813532514031976, 8399402.424957888200879 ], [ 3340765.389982853084803, 8399472.152640914544463 ], [ 3340552.313345627393574, 8399475.981894228607416 ], [ 3340493.803821297362447, 8399503.96667218208313 ], [ 3340380.346996324136853, 8399412.354210916906595 ], [ 3340285.035248351749033, 8399409.860764959827065 ], [ 3340234.997137268539518, 8399451.781937316060066 ], [ 3340192.951765617821366, 8399463.113829970359802 ], [ 3340152.943540647160262, 8399500.983405206352472 ], [ 3340138.750305585097522, 8399590.882682820782065 ], [ 3340153.333158878609538, 8399660.946105066686869 ], [ 3340197.293225774541497, 8399683.721870144829154 ], [ 3340301.19883843883872, 8399775.449027132242918 ], [ 3340305.106152567546815, 8399798.047033673152328 ], [ 3340281.795851211994886, 8399859.963700467720628 ], [ 3340267.324317418504506, 8399920.85672296024859 ], [ 3340236.845040861982852, 8399984.043506750836968 ], [ 3340206.020673878025264, 8400009.692419342696667 ], [ 3340176.309501802083105, 8400037.96866781078279 ], [ 3340171.533895650878549, 8400054.978998724371195 ], [ 3340172.135020902380347, 8400080.672688230872154 ], [ 3340170.643339726608247, 8400092.606702748686075 ], [ 3340144.761558132246137, 8400113.958840414881706 ], [ 3340061.015905252657831, 8400178.460929429158568 ], [ 3339983.960553766228259, 8400234.079684130847454 ], [ 3339906.98312592273578, 8400270.305576115846634 ], [ 3339851.534887585323304, 8400271.730568755418062 ], [ 3339805.615597655531019, 8400297.848060688003898 ], [ 3339770.99523603823036, 8400298.360169302672148 ], [ 3339749.143220007885247, 8400340.330930843949318 ], [ 3339699.439067392144352, 8400341.043433904647827 ], [ 3339693.082724472042173, 8400358.143527939915657 ], [ 3339588.598250465933233, 8400398.800942197442055 ], [ 3339585.191874054260552, 8400438.167151909321547 ], [ 3339590.479549865238369, 8400464.908684749156237 ], [ 3339577.933843260630965, 8400459.34216283261776 ], [ 3339550.181894215755165, 8400439.636709058657289 ], [ 3339538.79391031106934, 8400427.702132191509008 ], [ 3339511.476107282098383, 8400413.91950124129653 ], [ 3339501.780179638881236, 8400411.603843646124005 ], [ 3339455.092785225249827, 8400434.003408247604966 ], [ 3339448.146449001971632, 8400423.62745832465589 ], [ 3339412.824774585664272, 8400407.662774229422212 ], [ 3339335.502256319392473, 8400412.783938307315111 ], [ 3339308.418224221561104, 8400423.7610541600734 ], [ 3339294.98196169314906, 8400453.931507578119636 ], [ 3339298.399470059666783, 8400460.989852901548147 ], [ 3339245.455920265521854, 8400497.060997696593404 ], [ 3339168.701131401583552, 8400516.209948819130659 ], [ 3339129.371955326758325, 8400551.10124708712101 ], [ 3339132.566824712324888, 8400572.209783470258117 ], [ 3339093.849905834998935, 8400599.953795662149787 ], [ 3339071.641667432151735, 8400603.271505560725927 ], [ 3339006.141279084142298, 8400644.353339243680239 ], [ 3339003.914889269974083, 8400658.782135203480721 ], [ 3338996.07799712382257, 8400674.947764256969094 ], [ 3338959.509544417262077, 8400695.433185387402773 ], [ 3338965.064387005288154, 8400710.975423337891698 ], [ 3338962.837997193913907, 8400725.404349835589528 ], [ 3338919.167360978201032, 8400758.604348236694932 ], [ 3338886.227923668455333, 8400758.715683160349727 ], [ 3338864.030817216262221, 8400770.918000718578696 ], [ 3338829.610830681398511, 8400803.116183895617723 ], [ 3338821.016965996474028, 8400813.4035998955369 ], [ 3338795.458010923583061, 8400844.020994452759624 ], [ 3338679.385177936870605, 8400912.782559776678681 ], [ 3338623.60298112500459, 8400912.426280580461025 ], [ 3338587.657917568925768, 8400941.32948631234467 ], [ 3338395.609532151371241, 8401045.364151919260621 ], [ 3338308.424107006751001, 8401096.958943696692586 ], [ 3338236.044174132402986, 8401166.836281592026353 ], [ 3338143.003343772143126, 8401181.288369528949261 ], [ 3337942.594864595681429, 8401207.921259196475148 ], [ 3337922.30132143618539, 8401244.931337688118219 ], [ 3337882.103853330481797, 8401252.903448734432459 ], [ 3337847.650470945984125, 8401259.739874863997102 ], [ 3337764.528207219671458, 8401359.592502871528268 ], [ 3337623.831502873450518, 8401387.428557083010674 ], [ 3337491.339044999331236, 8401450.96196136251092 ], [ 3337403.430043167900294, 8401513.070680636912584 ], [ 3337340.367551659699529, 8401482.495042730122805 ], [ 3337276.35884448653087, 8401520.709042634814978 ], [ 3337263.122957038227469, 8401523.715397192165256 ], [ 3337078.577505291439593, 8401565.604065084829926 ], [ 3337052.706855644471943, 8401587.78444504365325 ], [ 3337059.99828229052946, 8401599.253241999074817 ], [ 3337105.572481799405068, 8401614.173839535564184 ], [ 3337099.216138880699873, 8401630.052060874179006 ], [ 3336996.401457233820111, 8401646.821103177964687 ], [ 3336989.844739227555692, 8401643.436114141717553 ], [ 3336982.675764023791999, 8401637.178342450410128 ], [ 3336966.41198642551899, 8401634.03832378052175 ], [ 3336951.484042718540877, 8401623.883378960192204 ], [ 3336944.159220225643367, 8401617.469736814498901 ], [ 3336933.116326745133847, 8401618.672294294461608 ], [ 3336915.661430597305298, 8401626.310765819624066 ], [ 3336878.770151366945356, 8401638.959913926199079 ], [ 3336872.502864038571715, 8401656.575225042179227 ], [ 3336844.739783050026745, 8401667.621004207059741 ], [ 3336807.714920432306826, 8401688.532312953844666 ], [ 3336786.508557443507016, 8401684.946876673027873 ], [ 3336758.745476452168077, 8401669.424852784723043 ], [ 3336730.681832837406546, 8401671.518208479508758 ], [ 3336711.868838904425502, 8401706.749028608202934 ], [ 3336707.861337239854038, 8401736.635229401290417 ], [ 3336712.169401535764337, 8401767.946833655238152 ], [ 3336720.818925969302654, 8401790.038742654025555 ], [ 3336698.1320137581788, 8401820.793819053098559 ], [ 3336657.222100912593305, 8401850.368698680773377 ], [ 3336581.981257123406976, 8401870.656956631690264 ], [ 3336555.409294683951885, 8401871.859555458649993 ], [ 3336528.236206992994994, 8401864.398991852998734 ], [ 3336499.571438126731664, 8401861.704282680526376 ], [ 3336473.901163562666625, 8401876.33589725010097 ], [ 3336440.449656596407294, 8401889.76493894867599 ], [ 3336416.438042444176972, 8401889.519964504987001 ], [ 3336394.474706922192127, 8401892.170143034309149 ], [ 3336376.262838237918913, 8401902.325457826256752 ], [ 3336376.8528315378353, 8401913.0598189458251 ], [ 3336375.962275614961982, 8401937.557382181286812 ], [ 3336349.089750553481281, 8401968.290804037824273 ], [ 3336332.970688296016306, 8401998.467585802078247 ], [ 3336329.085638071410358, 8402019.357563251629472 ], [ 3336265.188250390347093, 8402051.004433022812009 ], [ 3336239.67382311122492, 8402060.536381034180522 ], [ 3336225.770018718205392, 8402060.269129989668727 ], [ 3336209.650956456549466, 8402038.755452519282699 ], [ 3336180.440722084138542, 8402033.789053503423929 ], [ 3336157.097024879418314, 8402051.316225523129106 ], [ 3336144.12830421095714, 8402079.644856052473187 ], [ 3336141.278525249566883, 8402098.486128201708198 ], [ 3336126.050018916837871, 8402118.196021227166057 ], [ 3336105.91232304321602, 8402122.65024165250361 ], [ 3336062.453193856868893, 8402118.797340827062726 ], [ 3335986.61122481431812, 8402113.407737286761403 ], [ 3335951.979731243569404, 8402106.236452726647258 ], [ 3335928.680561832617968, 8402097.595286833122373 ], [ 3335905.993649619165808, 8402089.221383161842823 ], [ 3335889.273462109267712, 8402095.190015656873584 ], [ 3335887.481218309141695, 8402111.470153512433171 ], [ 3335874.345518405549228, 8402134.765734838321805 ], [ 3335859.117012073751539, 8402156.101523123681545 ], [ 3335840.304018139373511, 8402174.920719621703029 ], [ 3335831.943924386054277, 8402180.443995902314782 ], [ 3335819.698780403006822, 8402178.194596597924829 ], [ 3335794.618499137926847, 8402157.593694349750876 ], [ 3335775.727581558283418, 8402150.288739610463381 ], [ 3335754.164996199775487, 8402128.485274499282241 ], [ 3335745.626791259739548, 8402125.768197571858764 ], [ 3335713.856208600103855, 8402099.97828777320683 ], [ 3335678.267367407679558, 8402069.110690644010901 ], [ 3335649.357695658691227, 8402044.59041890129447 ], [ 3335611.809631429612637, 8402008.778942570090294 ], [ 3335601.89106480171904, 8401996.507761584594846 ], [ 3335597.705451951827854, 8401989.358861569315195 ], [ 3335592.629283171612769, 8401983.679833799600601 ], [ 3335584.347113061696291, 8401980.762374173849821 ], [ 3335572.179892721585929, 8401971.586859837174416 ], [ 3335546.353770868852735, 8401951.209241466596723 ], [ 3335524.557414580602199, 8401929.629071021452546 ], [ 3335481.554695303551853, 8401894.998485922813416 ], [ 3335437.516704764217138, 8401865.735211711376905 ], [ 3335433.631654536351562, 8401863.730882108211517 ], [ 3335430.804139470681548, 8401860.5016855802387 ], [ 3335424.547984090168029, 8401855.112271068617702 ], [ 3335422.098955295514315, 8401854.911838371306658 ], [ 3335419.605398702435195, 8401855.357244374230504 ], [ 3335417.846550747286528, 8401856.29259705170989 ], [ 3335416.321473725140095, 8401858.118762150406837 ], [ 3335415.197146868798882, 8401860.390334002673626 ], [ 3335413.850181032437831, 8401861.793364025652409 ], [ 3335409.152498522773385, 8401863.419097557663918 ], [ 3335407.738740989472717, 8401864.19855897128582 ], [ 3335407.059692095499486, 8401865.356616074219346 ], [ 3335407.05969209689647, 8401866.737376715987921 ], [ 3335408.40665793698281, 8401869.164843609556556 ], [ 3335408.239678698591888, 8401872.950802775099874 ], [ 3335409.675700130406767, 8401875.77913822978735 ], [ 3335422.755740291438997, 8401886.647083027288318 ], [ 3335455.082920407876372, 8401926.288493026047945 ], [ 3335468.797481667716056, 8401933.749119326472282 ], [ 3335490.671761599369347, 8401948.603582855314016 ], [ 3335520.716892153955996, 8401971.542318534106016 ], [ 3335613.312444559764117, 8402056.906221846118569 ], [ 3335629.587354107294232, 8402083.497736414894462 ], [ 3335649.235244223847985, 8402088.597794987261295 ], [ 3335701.332765894941986, 8402139.932642413303256 ], [ 3335720.835940673016012, 8402149.175180070102215 ], [ 3335745.526603722013533, 8402179.085447723045945 ], [ 3335750.13523063948378, 8402194.029491445049644 ], [ 3335749.2446747161448, 8402211.802030019462109 ], [ 3335742.07569951377809, 8402224.184926860034466 ], [ 3335706.531386123970151, 8402259.284761995077133 ], [ 3335666.233730476349592, 8402271.066406603902578 ], [ 3335625.023255003616214, 8402276.745656006038189 ], [ 3335587.708961708471179, 8402271.667738689109683 ], [ 3335572.769886050838977, 8402277.035186484456062 ], [ 3335572.769886052235961, 8402290.175427906215191 ], [ 3335580.539986508898437, 8402323.026134043931961 ], [ 3335570.487836496438831, 8402342.46936677955091 ], [ 3335570.087086332030594, 8402370.197777178138494 ], [ 3335576.654936286620796, 8402397.970835879445076 ], [ 3335563.007166723255068, 8402406.211458852514625 ], [ 3335565.912605435587466, 8402426.323072012513876 ], [ 3335574.862692492548376, 8402450.220996042713523 ], [ 3335598.751855206210166, 8402465.7446657884866 ], [ 3335617.865411765407771, 8402470.666811805218458 ], [ 3335632.047514885198325, 8402465.74466578476131 ], [ 3335635.175592578016222, 8402467.236899752169847 ], [ 3335637.568961629178375, 8402470.065463475883007 ], [ 3335622.340455298312008, 8402526.057885497808456 ], [ 3335604.429149243049324, 8402557.996474422514439 ], [ 3335555.760267894249409, 8402592.630177538841963 ], [ 3335533.039959840010852, 8402659.782162478193641 ], [ 3335525.247595489025116, 8402681.052653567865491 ], [ 3335506.835351725108922, 8402731.27798368036747 ], [ 3335446.644903086591512, 8402777.138129748404026 ], [ 3335405.790649987291545, 8402808.721436738967896 ], [ 3335406.903844899497926, 8402864.40460691601038 ], [ 3335458.110810652840883, 8402994.03665822558105 ], [ 3335539.329511101357639, 8403037.025110373273492 ], [ 3335692.204567742068321, 8403120.151678880676627 ], [ 3335612.900562543887645, 8403183.209999207407236 ], [ 3335491.551185690797865, 8403225.264029046520591 ], [ 3335381.678848337382078, 8403304.56147600337863 ], [ 3335410.332485261838883, 8403412.527659321203828 ], [ 3335486.775579557288438, 8403423.999298544600606 ], [ 3335519.336530602071434, 8403459.127128267660737 ], [ 3335633.995606066659093, 8403481.402313198894262 ], [ 3335667.391453299671412, 8403595.006804531440139 ], [ 3335696.334520892705768, 8403621.73752779327333 ], [ 3335813.219986177515239, 8403672.971685279160738 ], [ 3335869.992926454171538, 8403670.744105806574225 ], [ 3335982.425612098537385, 8403637.330494495108724 ], [ 3336053.469711101613939, 8403768.31271855533123 ], [ 3336003.943669671658427, 8403769.649283871054649 ], [ 3335982.770702532026917, 8403770.206186160445213 ], [ 3335874.445706093683839, 8403784.351518357172608 ], [ 3335760.899825537577271, 8403788.806746732443571 ], [ 3335541.344393953215331, 8403817.030681075528264 ], [ 3335474.463643920607865, 8403860.981821823865175 ], [ 3335447.713570296298712, 8403885.352207561954856 ], [ 3335432.139973543118685, 8403921.12825813703239 ], [ 3335425.73910283530131, 8404001.435654753819108 ], [ 3335429.557361392304301, 8404285.202896839007735 ], [ 3335379.875472687184811, 8404418.981402391567826 ], [ 3335407.349123005289584, 8404445.447779402136803 ], [ 3335490.081768522039056, 8404430.833337230607867 ], [ 3335561.637937166728079, 8404396.970716843381524 ], [ 3335563.864326985552907, 8404454.89371476136148 ], [ 3335495.436236030887812, 8404479.511126851662993 ], [ 3335437.527836946770549, 8404483.409819578751922 ], [ 3335397.619799519423395, 8404503.348880350589752 ], [ 3335395.771895973011851, 8404519.50067306868732 ], [ 3335411.401152479462326, 8404585.222126075997949 ], [ 3335377.960777475032955, 8404742.866890532895923 ], [ 3335312.03737508924678, 8405094.483017107471824 ], [ 3335276.6823048456572, 8405268.381243228912354 ], [ 3335224.128373291809112, 8405530.183243665844202 ], [ 3335165.340550249442458, 8405727.086762417107821 ], [ 3335131.454897281248122, 8405890.39344903640449 ], [ 3335035.909378413576633, 8406294.542380016297102 ], [ 3335003.415219082962722, 8406465.571999423205853 ], [ 3334956.60537324892357, 8406723.561262272298336 ], [ 3334890.670838907361031, 8406979.62070039473474 ], [ 3334879.204931365326047, 8407028.337629688903689 ], [ 3334870.611066691111773, 8407150.643948631361127 ], [ 3334874.685360052157193, 8407164.818063035607338 ], [ 3334895.591160415206105, 8407176.7635642811656 ], [ 3334923.955366655718535, 8407177.967030035331845 ], [ 3334933.673558197915554, 8407171.659980216994882 ], [ 3334957.696304297540337, 8407145.718673126772046 ], [ 3335009.348547999281436, 8407136.469861511141062 ], [ 3335055.334629624616355, 8407142.130578557029366 ], [ 3335099.51733550010249, 8407146.610125448554754 ], [ 3335146.4051050003618, 8407141.528848577290773 ], [ 3335270.314830143935978, 8407150.799952860921621 ], [ 3335376.602679904550314, 8407158.845319645479321 ], [ 3335437.817267863545567, 8407171.392543567344546 ], [ 3335459.012498902156949, 8407181.243132220581174 ], [ 3335465.88091148249805, 8407191.985191877931356 ], [ 3335484.693905419204384, 8407197.066503567621112 ], [ 3335523.511011834722012, 8407153.474312026053667 ], [ 3335524.401567758526653, 8407114.072185115888715 ], [ 3335519.325398978311568, 8407109.592658016830683 ], [ 3335484.092780160252005, 8407108.099482918158174 ], [ 3335424.381005325354636, 8407094.660920716822147 ], [ 3335373.619317549746484, 8407108.09948293119669 ], [ 3335261.631909862626344, 8407102.929087935015559 ], [ 3335157.937804237473756, 8407104.53369290009141 ], [ 3335022.350664514116943, 8407087.796788970008492 ], [ 3334983.366578852757812, 8407059.315167745575309 ], [ 3334990.446498459205031, 8406990.473895065486431 ], [ 3334968.917308947071433, 8406972.934962145984173 ], [ 3335152.96182291675359, 8406154.022515300661325 ], [ 3335233.879960716702044, 8405936.763493217527866 ], [ 3335247.316223248839378, 8405930.791746007278562 ], [ 3335278.374361166264862, 8405933.465662071481347 ], [ 3335304.345198356546462, 8405939.749368634074926 ], [ 3335330.026604869868606, 8405937.053167643025517 ], [ 3335356.598567309323698, 8405940.930349541828036 ], [ 3335370.936517717782408, 8405940.039043178781867 ], [ 3335382.725251786410809, 8405938.702083831652999 ], [ 3335384.072217624634504, 8405936.161861741915345 ], [ 3335384.818058212287724, 8405931.972725478932261 ], [ 3335379.741889433935285, 8405927.805874221026897 ], [ 3335320.03011459717527, 8405896.142338210716844 ], [ 3335298.823751610703766, 8405884.510869387537241 ], [ 3335297.777348394040018, 8405874.35006108880043 ], [ 3335303.599357759114355, 8405863.60992368683219 ], [ 3335303.154079798609018, 8405852.84751957282424 ], [ 3335294.649270703550428, 8405842.709037322551012 ], [ 3335280.166604956611991, 8405824.92773294262588 ], [ 3335269.568989438004792, 8405820.315296342596412 ], [ 3335259.416651882696897, 8405822.097880199551582 ], [ 3335251.947114052716643, 8405828.069539239630103 ], [ 3335244.633423512801528, 8405828.381491711363196 ], [ 3335240.158379984088242, 8405822.253856299445033 ], [ 3335242.395901747047901, 8405816.438177956268191 ], [ 3335250.310717537999153, 8405810.154576627537608 ], [ 3335258.670811291784048, 8405801.1971116643399 ], [ 3335258.670811291318387, 8405785.666408447548747 ], [ 3335254.18463581148535, 8405754.025765785947442 ], [ 3335255.086323684081435, 8405734.907753234729171 ], [ 3335297.487917689606547, 8405519.644140761345625 ], [ 3335304.055767635349184, 8405456.342996528372169 ], [ 3335308.23024853784591, 8405434.24008527956903 ], [ 3335309.721929710824043, 8405397.810532588511705 ], [ 3335321.065385810099542, 8405336.894484480842948 ], [ 3335342.57231141673401, 8405285.55962529964745 ], [ 3335368.097870640922338, 8405238.369302250444889 ], [ 3335375.411561181303114, 8405232.710048688575625 ], [ 3335383.32637697365135, 8405232.242157839238644 ], [ 3335410.043054751586169, 8405235.383711241185665 ], [ 3335462.006993031129241, 8405254.188498644158244 ], [ 3335593.375124056823552, 8405277.182095423340797 ], [ 3335638.91592772025615, 8405283.598925948143005 ], [ 3335658.318914955947548, 8405290.03804275393486 ], [ 3335665.48789015924558, 8405291.82049822807312 ], [ 3335674.43797721574083, 8405299.440500248223543 ], [ 3335679.97055590711534, 8405310.469464506953955 ], [ 3335689.076490251347423, 8405324.060736106708646 ], [ 3335700.419946358539164, 8405328.539177002385259 ], [ 3335718.186537079978734, 8405325.865480620414019 ], [ 3335734.60616196366027, 8405325.865480611100793 ], [ 3335753.263308613561094, 8405329.586375012993813 ], [ 3335770.284058746881783, 8405324.951967908069491 ], [ 3335789.698177931830287, 8405329.586375012993813 ], [ 3335800.596356075722724, 8405335.401668826118112 ], [ 3335815.969577747397125, 8405331.524805774912238 ], [ 3335843.88850602414459, 8405332.282353557646275 ], [ 3335846.871868377085775, 8405337.496066950261593 ], [ 3335844.779061950277537, 8405342.286447893828154 ], [ 3335841.795699599664658, 8405348.101751741021872 ], [ 3335857.024205935187638, 8405358.105867566540837 ], [ 3335891.956262131221592, 8405374.68287337757647 ], [ 3335918.238793896976858, 8405399.169674705713987 ], [ 3335932.866174980998039, 8405409.017892567440867 ], [ 3335948.384111989289522, 8405413.540947256609797 ], [ 3335971.683281403034925, 8405414.543595222756267 ], [ 3335992.288519138470292, 8405415.590805470943451 ], [ 3336012.437346963211894, 8405418.108566883951426 ], [ 3336030.805062937550247, 8405442.016202693805099 ], [ 3335952.269162254873663, 8405812.405085669830441 ], [ 3335946.903562800493091, 8405814.789289105683565 ], [ 3335919.129349859431386, 8405819.268028493970633 ], [ 3335915.099584296345711, 8405835.690096212550998 ], [ 3335912.561499909963459, 8405847.321487916633487 ], [ 3335908.977012308314443, 8405853.605120966210961 ], [ 3335900.616918554529548, 8405859.420828672125936 ], [ 3335893.904353263322264, 8405865.994143674150109 ], [ 3335893.00266538746655, 8405872.25551020167768 ], [ 3335898.980522041674703, 8405884.354891922324896 ], [ 3335896.887715617194772, 8405900.175476301461458 ], [ 3335891.366268879268318, 8405917.934679813683033 ], [ 3335884.197293676901609, 8405946.456451386213303 ], [ 3335888.828184493817389, 8405953.765173137187958 ], [ 3335919.285197161138058, 8405969.897865114733577 ], [ 3335892.557387445587665, 8406098.82697469368577 ], [ 3335879.722250162623823, 8406098.292179398238659 ], [ 3335872.252712334506214, 8406096.197564844042063 ], [ 3335860.608693603426218, 8406089.624044319614768 ], [ 3335849.855230793822557, 8406078.5939128883183 ], [ 3335827.16831858176738, 8406058.583736844360828 ], [ 3335785.957843106705695, 8406041.760078577324748 ], [ 3335775.215512251481414, 8406041.559531884267926 ], [ 3335765.063174696173519, 8406047.241690162569284 ], [ 3335758.49532474251464, 8406057.692416239529848 ], [ 3335755.511962390970439, 8406068.14315715059638 ], [ 3335756.70308094471693, 8406085.746784122660756 ], [ 3335763.571493522729725, 8406088.732719959691167 ], [ 3335776.406630805693567, 8406087.529432237148285 ], [ 3335793.126818314660341, 8406092.60998172685504 ], [ 3335805.973087545949966, 8406101.278120325878263 ], [ 3335811.049256325699389, 8406112.909931600093842 ], [ 3335822.982705734204501, 8406123.360750891268253 ], [ 3335876.727755866479129, 8406153.732832297682762 ], [ 3335855.777427721768618, 8406290.308472357690334 ], [ 3335846.437722454313189, 8406351.210125159472227 ], [ 3335559.50060323998332, 8407685.245362253859639 ], [ 3334820.650879281107336, 8407554.772915922105312 ], [ 3334802.617121780756861, 8407551.362922279164195 ], [ 3334789.448026026599109, 8407552.833899734541774 ], [ 3334777.648160009179264, 8407557.759447602555156 ], [ 3334768.987503631040454, 8407564.913756024092436 ], [ 3334760.972500297706574, 8407578.464614719152451 ], [ 3334626.982182781677693, 8407981.75409428961575 ], [ 3334606.114940960891545, 8408087.097307950258255 ], [ 3334604.869178485125303, 8408163.069732112810016 ], [ 3334607.162359993904829, 8408167.460742646828294 ], [ 3334610.813639290630817, 8408170.001734707504511 ], [ 3334638.610116129275411, 8408174.348170520737767 ], [ 3334645.077778541948646, 8408171.049336949363351 ], [ 3334810.454013989306986, 8408199.512969879433513 ], [ 3334864.009820985142142, 8408202.477473611012101 ], [ 3334980.3832166059874, 8408208.941433243453503 ], [ 3335138.824247798416764, 8408442.940593658015132 ], [ 3335313.061514728236943, 8408687.089577922597528 ], [ 3335450.318446831312031, 8408911.875186486169696 ], [ 3335640.530060686171055, 8409184.462579933926463 ], [ 3335683.477120218798518, 8409242.178035769611597 ], [ 3335700.976544165983796, 8409281.747603569179773 ], [ 3335717.129002274945378, 8409318.285551100969315 ], [ 3335742.454186429269612, 8409424.46732721477747 ], [ 3335742.543242030777037, 8409514.710779683664441 ], [ 3335742.598901789169759, 8409659.597529688850045 ], [ 3335742.621165692340583, 8409721.418825048953295 ], [ 3335745.359625167679042, 8409768.169713025912642 ], [ 3335743.567381371278316, 8409807.875874422490597 ], [ 3335735.207287618890405, 8409826.982172146439552 ], [ 3335735.207287621684372, 8409853.847003702074289 ], [ 3335732.212793323677033, 8409887.288839714601636 ], [ 3335714.902612519450486, 8409953.593302451074123 ], [ 3335701.16578736435622, 8409984.048074260354042 ], [ 3335688.620080759283155, 8410004.336462143808603 ], [ 3335658.764193344395608, 8410039.584882207214832 ], [ 3335623.531574528198689, 8410067.632132723927498 ], [ 3335597.86129996413365, 8410074.811175867915154 ], [ 3335570.387649650219828, 8410078.088567458093166 ], [ 3335548.290730736218393, 8410074.811175867915154 ], [ 3335539.040081055369228, 8410066.740326615050435 ], [ 3335529.177174177020788, 8410063.462940078228712 ], [ 3335514.850355718750507, 8410068.234101913869381 ], [ 3335507.091387213673443, 8410078.98037494905293 ], [ 3335509.173061692155898, 8410092.1345479413867 ], [ 3335518.434843323193491, 8410103.170694263651967 ], [ 3335527.685493004042655, 8410107.050070837140083 ], [ 3335539.930636986624449, 8410107.362204667180777 ], [ 3335564.710355625022203, 8410106.158259948715568 ], [ 3335579.638299333397299, 8410111.821260921657085 ], [ 3335585.616155985742807, 8410117.796400526538491 ], [ 3335585.315593362320215, 8410124.975492596626282 ], [ 3335575.764381058514118, 8410136.613662930205464 ], [ 3335573.972137258853763, 8410151.239435654133558 ], [ 3335582.332231014035642, 8410162.587806759402156 ], [ 3335616.663161960896105, 8410185.574443105608225 ], [ 3335625.32381834089756, 8410196.320887433364987 ], [ 3335632.192230922169983, 8410213.354702701792121 ], [ 3335636.667274452745914, 8410251.569452615454793 ], [ 3335633.68391210353002, 8410286.194773636758327 ], [ 3335625.924943602643907, 8410314.265259671956301 ], [ 3335602.035780890844762, 8410329.805519182235003 ], [ 3335566.803162071388215, 8410344.721523649990559 ], [ 3335527.396062351763248, 8410354.286511039361358 ], [ 3335505.299143439158797, 8410371.008546808734536 ], [ 3335472.448761727195233, 8410411.007810484617949 ], [ 3335452.144086616579443, 8410431.319671390578151 ], [ 3335440.800630511716008, 8410446.235881565138698 ], [ 3335438.418393411207944, 8410461.174418305978179 ], [ 3335449.761849519331008, 8410480.884414665400982 ], [ 3335466.48203703109175, 8410496.402729468420148 ], [ 3335486.786712143104523, 8410519.10055342502892 ], [ 3335490.371199747081846, 8410543.582174818962812 ], [ 3335506.412338366732001, 8410571.252302112057805 ], [ 3335522.609324268996716, 8410583.002661604434252 ], [ 3335549.481849335599691, 8410587.774160185828805 ], [ 3335563.81979974033311, 8410585.388410506770015 ], [ 3335576.354374399408698, 8410584.786399025470018 ], [ 3335585.916718655265868, 8410592.54566185362637 ], [ 3335605.019143269397318, 8410630.160365134477615 ], [ 3335622.941581285558641, 8410706.014666745439172 ], [ 3335630.099424542859197, 8410743.027925420552492 ], [ 3335639.36120617389679, 8410771.100153543055058 ], [ 3335639.361206178087741, 8410800.666412655264139 ], [ 3335642.04400590620935, 8410813.487414116039872 ], [ 3335654.589712514542043, 8410836.186215817928314 ], [ 3335661.747555771376938, 8410852.307312963530421 ], [ 3335664.742050073109567, 8410872.620391592383385 ], [ 3335667.725412428379059, 8410913.82645764388144 ], [ 3335671.688386300113052, 8410939.847939606755972 ], [ 3335692.794561751652509, 8411004.824003983289003 ], [ 3335721.492726473603398, 8411098.476169666275382 ], [ 3335738.335365429986268, 8411182.050584552809596 ], [ 3335734.606162497773767, 8411261.500674644485116 ], [ 3335749.623161802534014, 8411292.852812560275197 ], [ 3335782.33996013039723, 8411298.47212877497077 ], [ 3335786.469913246110082, 8411388.091882605105639 ], [ 3335759.686443769838661, 8411351.521361107006669 ], [ 3335752.985010425094515, 8411317.537697896361351 ], [ 3335714.86921679507941, 8411321.127828136086464 ], [ 3335709.303242256399244, 8411309.376290332525969 ], [ 3335685.937281149905175, 8411308.060654446482658 ], [ 3335635.565211584791541, 8411253.339329214766622 ], [ 3335603.315955117344856, 8411248.188320767134428 ], [ 3335587.386136001441628, 8411343.828195272013545 ], [ 3335608.726082377601415, 8411388.649361485615373 ], [ 3335603.661045556887984, 8411454.588259799405932 ], [ 3335554.836316924542189, 8411527.596711151301861 ], [ 3335556.650824634358287, 8411653.701896373182535 ], [ 3335643.079277262091637, 8411849.007524082437158 ], [ 3335657.016477521043271, 8412015.014691833406687 ], [ 3335643.313048218376935, 8412109.036532456055284 ], [ 3335647.097910906653851, 8412151.832924535498023 ], [ 3335621.204997370019555, 8412250.406071748584509 ], [ 3335629.509431382641196, 8412300.429103650152683 ], [ 3335577.990771085489541, 8412497.491488210856915 ], [ 3335507.336290329694748, 8412700.045716429129243 ], [ 3335452.544836995657533, 8412793.875577112659812 ], [ 3335426.941354130860418, 8412851.86467950977385 ], [ 3335414.117348802275956, 8412907.824596477672458 ], [ 3335340.947047551628202, 8413058.711068257689476 ], [ 3335271.094067124184221, 8413202.039353026077151 ], [ 3335174.724784003105015, 8413348.693887189030647 ], [ 3335122.104060740675777, 8413444.918693125247955 ], [ 3335112.285681661218405, 8413495.016760429367423 ], [ 3335059.587034749332815, 8413554.461258614435792 ], [ 3334898.173773193731904, 8413788.675023162737489 ], [ 3334807.671027231961489, 8413872.636896019801497 ], [ 3334653.137310191057622, 8413943.840169999748468 ], [ 3334389.031818411778659, 8413983.591169575229287 ], [ 3334276.04253531480208, 8414045.158798065036535 ], [ 3334129.423634070903063, 8414162.183326179161668 ], [ 3334099.857177333906293, 8414218.621668748557568 ], [ 3334075.099722596816719, 8414263.68342294357717 ], [ 3334044.520258494187146, 8414309.860853310674429 ], [ 3333956.410881583578885, 8414399.896521711722016 ], [ 3333819.499039928428829, 8414502.180697418749332 ], [ 3333477.926314550917596, 8414643.105411436408758 ], [ 3333398.499857910443097, 8414662.826609279960394 ], [ 3333365.771927635185421, 8414689.017512544989586 ], [ 3333191.156174465548247, 8414773.279679428786039 ], [ 3333042.889744752086699, 8414819.57185498252511 ], [ 3333010.039363035466522, 8414834.496960643678904 ], [ 3332976.309557343367487, 8414856.003444148227572 ], [ 3332470.507187285926193, 8415116.361814022064209 ], [ 3332462.447656159289181, 8415135.481896243989468 ], [ 3332468.714943488594145, 8415148.310450665652752 ], [ 3332454.677555708214641, 8415174.27997537329793 ], [ 3332418.253818341530859, 8415199.067124374210835 ], [ 3332387.496243051253259, 8415210.713320422917604 ], [ 3332349.335921625141054, 8415233.403375998139381 ], [ 3332243.048071870580316, 8415275.59323263913393 ], [ 3332215.218199186958373, 8415288.935183703899384 ], [ 3332199.989692852832377, 8415294.022087808698416 ], [ 3332186.853992946911603, 8415299.108995418995619 ], [ 3332166.248755210544914, 8415298.194244237616658 ], [ 3332135.502311869058758, 8415307.765670839697123 ], [ 3332115.498199382796884, 8415304.775993132963777 ], [ 3332094.592399019747972, 8415299.399038506671786 ], [ 3332068.465714544057846, 8415306.427009038627148 ], [ 3332048.606317396275699, 8415314.035073589533567 ], [ 3332038.453979842364788, 8415320.304481659084558 ], [ 3332027.110523737035692, 8415340.005183087661862 ], [ 3332026.520530437119305, 8415357.318640327081084 ], [ 3332034.880624196026474, 8415383.89130662754178 ], [ 3332053.393055506050587, 8415400.022367486730218 ], [ 3332091.909599301870912, 8415392.548081779852509 ], [ 3332117.412894629873335, 8415370.37069364823401 ], [ 3332143.561843002680689, 8415351.049200709909201 ], [ 3332179.685017745010555, 8415330.143670219928026 ], [ 3332212.835962086450309, 8415317.917197516188025 ], [ 3332285.683436824940145, 8415286.547909744083881 ], [ 3332368.393818442244083, 8415249.244065888226032 ], [ 3332432.591768749058247, 8415225.951570274308324 ], [ 3332477.075037250295281, 8415210.713320421054959 ], [ 3332509.62485634163022, 8415198.464735422283411 ], [ 3332528.137287652119994, 8415195.497412797063589 ], [ 3332538.879618507809937, 8415196.99222931265831 ], [ 3332559.184293619822711, 8415205.938824020326138 ], [ 3332604.69170144200325, 8415298.908196346834302 ], [ 3332633.534581495448947, 8415331.036114264279604 ], [ 3332776.84729387704283, 8415332.843313796445727 ], [ 3332893.899738394655287, 8415383.601260166615248 ], [ 3332989.445257303770632, 8415442.123933486640453 ], [ 3333038.414701281115413, 8415453.458153514191508 ], [ 3333196.655357367359102, 8415441.521524634212255 ], [ 3333242.641438998281956, 8415474.364034280180931 ], [ 3333290.408632481005043, 8415550.803758082911372 ], [ 3333358.714272003155202, 8415582.843528179451823 ], [ 3333435.402269171085209, 8415564.391637973487377 ], [ 3333504.041867161169648, 8415556.069337449967861 ], [ 3333548.024197962600738, 8415655.245890092104673 ], [ 3333569.052449766080827, 8415683.091425703838468 ], [ 3333650.059643182903528, 8415724.659115998074412 ], [ 3333787.205255774781108, 8415725.127674233168364 ], [ 3333812.886662298347801, 8415818.639107359573245 ], [ 3333964.203246065415442, 8415859.002677172422409 ], [ 3333994.259508569259197, 8415885.777970002964139 ], [ 3334294.176480528432876, 8415948.075528297573328 ], [ 3334409.959882847964764, 8415945.866544242948294 ], [ 3334569.180150459520519, 8416003.880486555397511 ], [ 3334621.745213990565389, 8416023.025187879800797 ], [ 3334648.651134904939681, 8416068.81201821193099 ], [ 3334682.848482463974506, 8416113.5950269382447 ], [ 3334674.91140279173851, 8416291.413260085508227 ], [ 3334603.744852363597602, 8416324.304190937429667 ], [ 3334489.675770203582942, 8416344.877833005040884 ], [ 3334502.054497581906617, 8416442.971607049927115 ], [ 3334522.793318709824234, 8416468.053118595853448 ], [ 3334508.844986524432898, 8416522.478507470339537 ], [ 3334502.332796319853514, 8416564.831958604976535 ], [ 3334448.309447463601828, 8416585.093864424154162 ], [ 3334413.477578810881823, 8416565.278255499899387 ], [ 3334320.14731777459383, 8416576.100963227450848 ], [ 3334145.375717321410775, 8416687.497675796970725 ], [ 3334097.719843344762921, 8416797.133146110922098 ], [ 3334014.786822744179517, 8416799.744065690785646 ], [ 3333779.412891526706517, 8416877.313346629962325 ], [ 3333477.447640959639102, 8417079.20707780867815 ], [ 3333416.077205720357597, 8417116.854946481063962 ], [ 3333355.931284876074642, 8417154.79312396235764 ], [ 3333329.615357264410704, 8417158.453052600845695 ], [ 3333300.672289671376348, 8417141.358523458242416 ], [ 3333238.823180618230253, 8417180.836680199950933 ], [ 3333059.220314242411405, 8417014.378211816772819 ], [ 3333031.590816639829427, 8417012.414385885000229 ], [ 3332987.931312374770641, 8417044.683682918548584 ], [ 3332923.26582020195201, 8417039.68483373709023 ], [ 3332875.49862672528252, 8417050.597504433244467 ], [ 3332831.482900090981275, 8417089.070934718474746 ], [ 3332900.66796360258013, 8417261.088012313470244 ], [ 3332894.08898170478642, 8417324.245265578851104 ], [ 3332866.448352156206965, 8417347.276596700772643 ], [ 3332844.084266465622932, 8417357.140812888741493 ], [ 3332846.344052134547383, 8417412.353886989876628 ], [ 3333038.169798591174185, 8417553.869967292994261 ], [ 3333058.619189048185945, 8417634.951136766001582 ], [ 3333034.908137533813715, 8417795.040528159588575 ], [ 3332936.579631378408521, 8417951.785544143989682 ], [ 3332855.950924233067781, 8417938.996739841997623 ], [ 3332821.976215660106391, 8417956.673417637124658 ], [ 3332764.79139327025041, 8418003.543602200224996 ], [ 3332727.744266753550619, 8418015.082641048356891 ], [ 3332650.855894494336098, 8417978.010474165901542 ], [ 3332599.225914691574872, 8417997.137992706149817 ], [ 3332606.895827607717365, 8418049.007966458797455 ], [ 3332642.69617583276704, 8418074.295827200636268 ], [ 3332645.468031156342477, 8418118.890165833756328 ], [ 3332566.542512227315456, 8418210.802673228085041 ], [ 3332530.753295955248177, 8418204.86559946089983 ], [ 3332481.828379771206528, 8418166.408654915168881 ], [ 3332436.08720102859661, 8418198.995489886030555 ], [ 3332443.590134705416858, 8418224.484744936227798 ], [ 3332410.060704099480063, 8418264.080312756821513 ], [ 3332294.63352415477857, 8418328.339864153414965 ], [ 3332230.802928164135665, 8418333.696712117642164 ], [ 3332218.001186726149172, 8418297.448783660307527 ], [ 3332057.600932505913079, 8418156.654952246695757 ], [ 3332020.20871557155624, 8418234.885814860463142 ], [ 3331914.154636742081493, 8418221.159084094688296 ], [ 3331873.333779491018504, 8418265.240952713415027 ], [ 3331852.327791592571884, 8418306.466108804568648 ], [ 3331856.012466739397496, 8418352.267148608341813 ], [ 3331874.257731275632977, 8418387.243085876107216 ], [ 3331899.349144491832703, 8418429.071578860282898 ], [ 3331829.874650323297828, 8418461.614935828372836 ], [ 3331776.474690618459135, 8418503.533134467899799 ], [ 3331738.904362501110882, 8418575.249967340379953 ], [ 3331748.333123372867703, 8418642.748801477253437 ], [ 3331778.18901079474017, 8418695.337607976049185 ], [ 3331760.85656608780846, 8418716.27502178773284 ], [ 3331789.231904285494238, 8418802.726189585402608 ], [ 3331771.943987376987934, 8418862.593046620488167 ], [ 3331834.895159399602562, 8418953.264806753024459 ], [ 3331887.037208866328001, 8418972.95291412435472 ], [ 3331985.799861053936183, 8419020.856397656723857 ], [ 3331997.3436922528781, 8419093.13633538223803 ], [ 3332055.073980154003948, 8419121.977076955139637 ], [ 3332049.552533423062414, 8419258.324775744229555 ], [ 3331742.622433548793197, 8419205.776591319590807 ], [ 3331606.745863148011267, 8419173.877303017303348 ], [ 3331512.970324147958308, 8419176.176547307521105 ], [ 3330967.2599166482687, 8419284.308808550238609 ], [ 3330892.119260404724628, 8419382.865918016061187 ], [ 3330668.656514700036496, 8419459.591811530292034 ], [ 3330597.645811560098082, 8419521.339212853461504 ], [ 3330592.903601257130504, 8419552.525642493739724 ], [ 3330663.535818153060973, 8419789.609336335211992 ], [ 3330744.465087931137532, 8419875.269419563934207 ], [ 3331050.961041803006083, 8420047.217689046636224 ], [ 3331477.103184320498258, 8420155.519031558185816 ], [ 3331767.435548128094524, 8420227.564530499279499 ], [ 3332029.748796119820327, 8420360.338173346593976 ], [ 3332083.594033788889647, 8420328.143638016656041 ], [ 3332113.18275442905724, 8420333.100069094449282 ], [ 3332154.94982735440135, 8420340.088196055963635 ], [ 3332323.699043379165232, 8420444.955550188198686 ], [ 3332431.667817455716431, 8420508.363404430449009 ], [ 3332486.425874954555184, 8420548.373148554936051 ], [ 3332616.12421362567693, 8420655.565505143254995 ], [ 3332696.619337388779968, 8420750.45693851262331 ], [ 3332851.052866916637868, 8421001.132500894367695 ], [ 3332944.928593475371599, 8421192.823459926992655 ], [ 3333062.971781473141164, 8421357.478481717407703 ], [ 3333073.613924790173769, 8421386.707701051607728 ], [ 3333088.98714646557346, 8421428.955181252211332 ], [ 3333120.53509014332667, 8421445.546092089265585 ], [ 3333149.155331216752529, 8421501.035480227321386 ], [ 3333150.346449772361666, 8421545.114672716706991 ], [ 3333192.336161685641855, 8421614.695131020620465 ], [ 3333344.966315464582294, 8421868.86143415980041 ], [ 3333376.881613476201892, 8422065.778247259557247 ], [ 3333471.369597236160189, 8422264.531565699726343 ], [ 3333492.70954362442717, 8422403.036771753802896 ], [ 3333544.439710981212556, 8422516.531694650650024 ], [ 3333551.10774848330766, 8422592.128949873149395 ], [ 3333565.679469832219183, 8422693.410389617085457 ], [ 3333566.403046526480466, 8422753.487580489367247 ], [ 3333572.191660048440099, 8422815.374300105497241 ], [ 3333578.826301710214466, 8422948.350990235805511 ], [ 3333577.590655377134681, 8423117.646256916224957 ], [ 3333579.594406218733639, 8423189.0730537828058 ], [ 3333579.037808766588569, 8423223.647624790668488 ], [ 3333581.26419858681038, 8423279.485453378409147 ], [ 3333572.848445098847151, 8423406.372910784557462 ], [ 3333564.087601203937083, 8423688.298273613676429 ], [ 3333552.566033928655088, 8423878.853059126064181 ], [ 3333526.172182695940137, 8424114.021131893619895 ], [ 3333508.717286560218781, 8424248.115866962820292 ], [ 3333503.173575930763036, 8424360.924425328150392 ], [ 3333491.663140593562275, 8424416.77088644169271 ], [ 3333489.804105102084577, 8424462.006830722093582 ], [ 3333482.100796350743622, 8424555.875094912946224 ], [ 3333476.245391147676855, 8424652.291246231645346 ], [ 3333470.133951113559306, 8424741.135514533147216 ], [ 3333468.096804446540773, 8424893.203112419694662 ], [ 3333466.538331581279635, 8424945.300447406247258 ], [ 3333461.194996029138565, 8424993.175810817629099 ], [ 3333452.456416011787951, 8425053.62923464551568 ], [ 3333423.59127206960693, 8425132.089851453900337 ], [ 3333406.403542708139867, 8425229.273153742775321 ], [ 3333395.29385753814131, 8425292.074356809258461 ], [ 3333370.447347214445472, 8425412.383388275280595 ], [ 3333349.641734405886382, 8425513.100428503006697 ], [ 3333327.845378135330975, 8425714.583331108093262 ], [ 3333314.999108913354576, 8425798.524997854605317 ], [ 3333299.970977666787803, 8425854.650490084663033 ], [ 3333282.248914747964591, 8425920.830860318616033 ], [ 3333277.072558431886137, 8425965.629186870530248 ], [ 3333254.407910122536123, 8426024.794676629826427 ], [ 3333246.081212219316512, 8426055.919311473146081 ], [ 3333233.546637563500553, 8426079.558928290382028 ], [ 3333201.887374396435916, 8426092.406578000634909 ], [ 3333155.2445077765733, 8426083.089236760511994 ], [ 3333104.694327029399574, 8426082.999861842021346 ], [ 3333065.287227307911962, 8426080.609083177521825 ], [ 3333066.47834586026147, 8426109.253790920600295 ], [ 3333090.367508576717228, 8426125.989323122426867 ], [ 3333101.844548075459898, 8426171.436875011771917 ], [ 3333107.421654569450766, 8426261.908279970288277 ], [ 3333099.918720901943743, 8426349.922897789627314 ], [ 3333119.900569492019713, 8426377.786592358723283 ], [ 3333101.655304966494441, 8426452.261604394763708 ], [ 3333102.634916491806507, 8426522.335391527041793 ], [ 3333078.723489884287119, 8426583.404705103486776 ], [ 3333058.318627235479653, 8426612.341860210523009 ], [ 3333043.780301746446639, 8426622.218506004661322 ], [ 3333017.508901932742447, 8426638.955205285921693 ], [ 3333013.33442103350535, 8426681.657423637807369 ], [ 3333023.765057319309562, 8426714.349033061414957 ], [ 3333031.546289728954434, 8426781.363934721797705 ], [ 3333016.61834602477029, 8426836.603085616603494 ], [ 3332984.068526936229318, 8426892.155497960746288 ], [ 3332979.682539014611393, 8427030.390312686562538 ], [ 3332968.650777497794479, 8427197.745959607884288 ], [ 3332941.366370323114097, 8427270.150971379131079 ], [ 3332907.035439384169877, 8427333.796459201723337 ], [ 3332881.354032886214554, 8427511.707290731370449 ], [ 3332845.575948575977236, 8427661.217396680265665 ], [ 3332778.873309745918959, 8427908.440923554822803 ], [ 3332767.741360674612224, 8427932.265289437025785 ], [ 3332755.206786019727588, 8427968.091380774974823 ], [ 3332748.338373441249132, 8427974.952667087316513 ], [ 3332712.961039283778518, 8427967.331499306485057 ], [ 3332712.593684964347631, 8427967.912585128098726 ], [ 3332713.539900636300445, 8427980.383592056110501 ], [ 3332712.905379541218281, 8427992.497027631849051 ], [ 3332713.706879874691367, 8427993.614504249766469 ], [ 3332731.462338648270816, 8428003.69415096193552 ], [ 3332738.330751227680594, 8428010.935413436964154 ], [ 3332737.885473265778273, 8428031.094768147915602 ], [ 3332716.389679603744298, 8428026.311945075169206 ], [ 3332678.051246995572001, 8428052.505761928856373 ], [ 3332671.494528992567211, 8428063.792375594377518 ], [ 3332638.911314062774181, 8428177.553468426689506 ], [ 3332661.542566536460072, 8428254.996947817504406 ], [ 3332598.847429369576275, 8428459.259433124214411 ], [ 3332460.187871750909835, 8428994.114734442904592 ], [ 3332418.06457646517083, 8429100.580816023051739 ], [ 3332326.882781624794006, 8429380.22088317014277 ], [ 3332294.455413978546858, 8429460.538337042555213 ], [ 3332262.618039634544402, 8429540.186040952801704 ], [ 3332179.384456430096179, 8429797.957228412851691 ], [ 3332152.222500705625862, 8429984.869903195649385 ], [ 3332099.96913176914677, 8430148.335760496556759 ], [ 3331985.310056335292757, 8430488.55849027261138 ], [ 3331901.586667363531888, 8430646.401426652446389 ], [ 3331784.66780627053231, 8431010.794558921828866 ], [ 3331756.893593335524201, 8431053.47744894400239 ], [ 3331737.190043478272855, 8431104.835869688540697 ], [ 3331551.10838279966265, 8431577.117620956152678 ], [ 3331470.257036681752652, 8431663.49645353667438 ], [ 3331410.656581349205226, 8431769.486881019547582 ], [ 3331360.37356739398092, 8431911.189971724525094 ], [ 3331155.779475386720151, 8432193.352055704221129 ], [ 3331024.667379205580801, 8432363.150957217440009 ], [ 3330902.950648043770343, 8432492.36444316059351 ], [ 3330760.706602786201984, 8432628.490555707365274 ], [ 3330438.837427277117968, 8432826.500738428905606 ], [ 3330328.653395345900208, 8432887.108038051053882 ], [ 3330266.169765197206289, 8432927.923198400065303 ], [ 3330109.376262493897229, 8432984.930615220218897 ], [ 3329826.02363077737391, 8433163.716255165636539 ], [ 3329783.622036757878959, 8433189.167954389005899 ], [ 3329715.850730795878917, 8433213.993510385975242 ], [ 3329665.233758360613137, 8433262.280575087293983 ], [ 3329623.611400776542723, 8433301.979534147307277 ], [ 3329542.158929407130927, 8433367.533608352765441 ], [ 3329404.122760895173997, 8433433.803981214761734 ], [ 3329268.212794651743025, 8433478.491528945043683 ], [ 3329214.167181899305433, 8433500.07495130226016 ], [ 3329150.626016586087644, 8433531.454900126904249 ], [ 3329051.329030848573893, 8433540.379086807370186 ], [ 3328992.619131431449205, 8433545.076031506061554 ], [ 3328949.627544104587287, 8433517.386467469856143 ], [ 3328934.387905821669847, 8433511.951452199369669 ], [ 3328913.203806735109538, 8433523.067516537383199 ], [ 3328798.856425852049142, 8433584.194987500086427 ], [ 3328682.026620322838426, 8433614.389864264056087 ], [ 3328590.098984871059656, 8433651.630383027717471 ], [ 3328535.207343987654895, 8433664.782034730538726 ], [ 3328415.037953733932227, 8433679.320452580228448 ], [ 3328002.966594878118485, 8433895.454198844730854 ], [ 3327923.451082647778094, 8433962.914816511794925 ], [ 3327757.239951035007834, 8434075.671162951737642 ], [ 3327645.419522594660521, 8434188.675290439277887 ], [ 3327539.209596482105553, 8434240.659561717882752 ], [ 3327475.200889308936894, 8434267.479473615065217 ], [ 3327431.819683767855167, 8434270.543973535299301 ], [ 3327398.19006561068818, 8434231.398997683078051 ], [ 3327408.943528421223164, 8434282.645405374467373 ], [ 3327296.444051086436957, 8434359.974248779937625 ], [ 3327244.958786625415087, 8434435.447268296033144 ], [ 3327179.925940139219165, 8434492.466373182833195 ], [ 3327108.035813024733216, 8434556.241501962766051 ], [ 3327063.797447407152504, 8434591.048504976555705 ], [ 3326899.133656718768179, 8434749.247962420806289 ], [ 3326860.906543601769954, 8434797.835922418162227 ], [ 3326765.728379023261368, 8434852.799761420115829 ], [ 3326679.021627690643072, 8434908.166681280359626 ], [ 3326514.44689258467406, 8434975.591848878189921 ], [ 3326446.820301963482052, 8435020.154541859403253 ], [ 3326345.519565396010876, 8435070.869541581720114 ], [ 3326238.619458440691233, 8435124.560262141749263 ], [ 3326135.103464008308947, 8435200.510930115357041 ], [ 3326039.524549261201173, 8435243.464232495054603 ], [ 3325922.772667382843792, 8435350.490635730326176 ], [ 3325649.572373223956674, 8435536.202144604176283 ], [ 3325454.418174013961107, 8435627.996952435001731 ], [ 3325400.261241771746427, 8435675.76292235776782 ], [ 3325126.148127783089876, 8435818.369120793417096 ], [ 3324675.760600213427097, 8435996.99992717243731 ], [ 3324546.57433120906353, 8436003.891082301735878 ], [ 3324415.350915525108576, 8436026.018893538042903 ], [ 3324326.139475646894425, 8436043.671967647969723 ], [ 3323992.782128675375134, 8436056.514661641791463 ], [ 3323909.392698159441352, 8436048.281015545129776 ], [ 3323867.458645996637642, 8436034.140644825994968 ], [ 3323858.207996314391494, 8436015.033288368955255 ], [ 3323846.263414957560599, 8436007.56040133535862 ], [ 3323775.575538337230682, 8436012.616904905065894 ], [ 3323750.717896052170545, 8435983.374253164976835 ], [ 3323704.086161380633712, 8435982.882028959691525 ], [ 3323652.522973265964538, 8435925.627629075199366 ], [ 3323612.492484392598271, 8435918.020591145381331 ], [ 3323562.120414828881621, 8435877.479686355218291 ], [ 3323450.734132389072329, 8435815.505335696041584 ], [ 3323413.620214174967259, 8435793.467650979757309 ], [ 3323385.40072327060625, 8435786.912291517481208 ], [ 3323353.095807055011392, 8435771.877495991066098 ], [ 3323283.198298816569149, 8435728.093303790315986 ], [ 3323255.168051045853645, 8435724.11090169288218 ], [ 3323246.930408730637282, 8435729.502806175500154 ], [ 3323229.085894366726279, 8435731.896723538637161 ], [ 3323217.965077240951359, 8435727.2655009329319 ], [ 3323193.953463091049343, 8435741.651385527104139 ], [ 3323042.436504245270044, 8435770.75883686169982 ], [ 3323007.537843897473067, 8435769.886282840743661 ], [ 3322983.715472878422588, 8435753.173537353053689 ], [ 3322944.920630354899913, 8435753.084044840186834 ], [ 3322901.61734845675528, 8435763.823153918609023 ], [ 3322870.792981473729014, 8435778.544708102941513 ], [ 3322795.552137679886073, 8435777.649779960513115 ], [ 3322587.496009494643658, 8435865.151894899085164 ], [ 3322514.158728995826095, 8435881.52929213270545 ], [ 3322443.582171863876283, 8435870.387288412079215 ], [ 3322378.048387669026852, 8435917.483624124899507 ], [ 3322356.218635536264628, 8435924.911672305315733 ], [ 3322217.937564148567617, 8436054.27725700289011 ], [ 3322040.883914133999497, 8436155.699498204514384 ], [ 3321954.600176863837987, 8436193.199008921161294 ], [ 3321912.309902333188802, 8436183.175254628062248 ], [ 3321898.528549375012517, 8436151.895859239622951 ], [ 3321819.870197223965079, 8436215.618258826434612 ], [ 3321752.23247465165332, 8436246.741302901878953 ], [ 3321613.706500377506018, 8436280.862692402675748 ], [ 3321455.87772641191259, 8436355.505182411521673 ], [ 3321310.839561923872679, 8436352.641188004985452 ], [ 3321269.606822556816041, 8436371.749421829357743 ], [ 3321113.83745917212218, 8436471.497893579304218 ], [ 3320958.045831890776753, 8436590.714531324803829 ], [ 3320793.304117552470416, 8436677.89068366959691 ], [ 3320638.781532463151962, 8436768.580934975296259 ], [ 3320519.302323056850582, 8436839.066358799114823 ], [ 3320384.294044693000615, 8436926.715366460382938 ], [ 3320234.146315589081496, 8436989.146621808409691 ], [ 3320113.186556952539831, 8437013.24657080322504 ], [ 3320031.511446592397988, 8436983.418140463531017 ], [ 3319968.38216337794438, 8436824.230799198150635 ], [ 3319901.501413333229721, 8436728.706623079255223 ], [ 3319820.28271288331598, 8436680.911436481401324 ], [ 3319782.066731714643538, 8436709.597461575642228 ], [ 3319896.714675238355994, 8436800.35523290373385 ], [ 3319944.493000671267509, 8436886.347912257537246 ], [ 3319954.044212981592864, 8436934.122057596221566 ], [ 3319828.342244047205895, 8437041.128318801522255 ], [ 3319723.779846399556845, 8437111.750619055703282 ], [ 3319633.844829834066331, 8437155.341654989868402 ], [ 3319405.428366797976196, 8437300.303847843781114 ], [ 3319371.754220852162689, 8437340.449795315042138 ], [ 3319197.138467683922499, 8437439.920492542907596 ], [ 3319151.73124741204083, 8437456.346154460683465 ], [ 3319007.906465384177864, 8437545.43475023843348 ], [ 3318731.143947516568005, 8437699.714314231649041 ], [ 3318707.733458618167788, 8437725.606922689825296 ], [ 3318621.427457450889051, 8437784.531409557908773 ], [ 3318578.135307504795492, 8437825.597557932138443 ], [ 3318530.835655892267823, 8437852.363410810008645 ], [ 3318272.685756879858673, 8438020.055039444938302 ], [ 3318125.721765209920704, 8438105.748661583289504 ], [ 3318077.409106231294572, 8438126.226653331890702 ], [ 3317887.152964616194367, 8438233.295027446001768 ], [ 3317811.132884393911809, 8438280.764594372361898 ], [ 3317777.937412253115326, 8438265.724698422476649 ], [ 3317766.07075454108417, 8438269.439907958731055 ], [ 3317739.053514138329774, 8438277.899849919602275 ], [ 3317645.656461413484067, 8438364.42457720451057 ], [ 3317478.154023707844317, 8438471.451657479628921 ], [ 3317387.929576466791332, 8438536.537059500813484 ], [ 3317160.348009607754648, 8438662.792743993923068 ], [ 3317095.036864391062409, 8438686.361010335385799 ], [ 3316866.598137457389385, 8438841.962704652920365 ], [ 3316709.993877891916782, 8438940.961296554654837 ], [ 3316651.640200847759843, 8438970.148565201088786 ], [ 3316463.332150320522487, 8439064.605090888217092 ], [ 3316190.276571490801871, 8439159.958169996738434 ], [ 3316118.876250131987035, 8439176.67866131849587 ], [ 3315969.719264490064234, 8439205.396809455007315 ], [ 3315811.267101373057812, 8439234.406058179214597 ], [ 3315679.843310607131571, 8439268.272710183635354 ], [ 3315509.146003514528275, 8439380.707532165572047 ], [ 3315195.458810570649803, 8439543.598935820162296 ], [ 3314939.84699594322592, 8439654.180013285949826 ], [ 3314818.965160950087011, 8439706.471563588827848 ], [ 3314545.631283395458013, 8439807.630802461877465 ], [ 3314305.403822385706007, 8439915.395240550860763 ], [ 3314002.280849106609821, 8440002.476507583633065 ], [ 3313996.99317329749465, 8440003.618196861818433 ], [ 3313587.170468142721802, 8440092.536188326776028 ], [ 3313580.357715308666229, 8440093.47641452588141 ], [ 3313370.999149076640606, 8440122.668259227648377 ], [ 3313245.419631573371589, 8440135.070351032540202 ], [ 3313092.756081976927817, 8440195.15587180480361 ], [ 3313005.659712421707809, 8440214.095001380890608 ], [ 3312874.013282673899084, 8440240.309881817549467 ], [ 3312777.432492508552969, 8440253.921060707420111 ], [ 3312610.898534364998341, 8440303.485665218904614 ], [ 3312404.85728895617649, 8440336.23788852058351 ], [ 3312143.033846744801849, 8440448.980081764981151 ], [ 3312046.297209294512868, 8440501.523549241945148 ], [ 3312005.687859073281288, 8440513.456140203401446 ], [ 3311942.569707822985947, 8440515.694902393966913 ], [ 3311893.633659694343805, 8440517.441137379035354 ], [ 3311858.434436721261591, 8440518.694844795390964 ], [ 3311782.058134124614298, 8440521.426136707887053 ], [ 3311648.586064725648612, 8440502.710091218352318 ], [ 3311597.223251693416387, 8440468.076577661558986 ], [ 3311286.697532282210886, 8440575.55965618789196 ], [ 3311244.151222922373563, 8440590.066969824954867 ], [ 3311179.80855727661401, 8440612.007097309455276 ], [ 3311061.564994214568287, 8440644.245770771056414 ], [ 3311039.479207252152264, 8440645.432335760444403 ], [ 3310994.684244176372886, 8440633.499530579894781 ], [ 3310962.446119658648968, 8440634.686093838885427 ], [ 3310843.601431347429752, 8440677.693543938919902 ], [ 3310811.942168179899454, 8440676.551749980077147 ], [ 3310644.150299794506282, 8440760.082282215356827 ], [ 3310452.458136748988181, 8440871.756317768245935 ], [ 3310416.034399379510432, 8440881.920798974111676 ], [ 3310355.12037404673174, 8440887.294098693877459 ], [ 3310338.077360013499856, 8440886.353770960122347 ], [ 3310322.882249529473484, 8440885.502998352050781 ], [ 3310287.649630710482597, 8440901.018419537693262 ], [ 3310253.007005190942436, 8440902.227414773777127 ], [ 3310211.206536416895688, 8440884.294005876407027 ], [ 3310195.677467457950115, 8440886.085105925798416 ], [ 3310175.973917598836124, 8440897.436212610453367 ], [ 3310135.364567379467189, 8440926.989472005516291 ], [ 3310101.623629737645388, 8440940.445199927315116 ], [ 3310075.051667296327651, 8440938.654086636379361 ], [ 3310049.670823408290744, 8440944.922985063865781 ], [ 3310019.224942693021148, 8440972.394256565719843 ], [ 3309938.607367502059788, 8441005.821133693680167 ], [ 3309906.057548408862203, 8441006.425639906898141 ], [ 3309771.694923090282828, 8441057.786460181698203 ], [ 3309719.7421167595312, 8441034.792709447443485 ], [ 3309697.645197845995426, 8441038.666043143719435 ], [ 3309666.598191880155355, 8441051.204015919938684 ], [ 3309528.049953707493842, 8441088.840451925992966 ], [ 3309427.728828653227538, 8441097.482754142954946 ], [ 3309404.440791190601885, 8441093.318327458575368 ], [ 3309389.512847484089434, 8441104.356302285566926 ], [ 3309364.733128843829036, 8441104.647364726290107 ], [ 3309300.835741160437465, 8441129.141429882496595 ], [ 3309234.244421801529825, 8441152.135475734248757 ], [ 3309160.795821813400835, 8441164.069122824817896 ], [ 3309150.398581378627568, 8441177.883518969640136 ], [ 3309138.999465528875589, 8441193.041322242468596 ], [ 3309117.503671866841614, 8441207.661803165450692 ], [ 3309087.647784451954067, 8441216.326634835451841 ], [ 3309064.359746989794075, 8441220.804588021710515 ], [ 3309044.645065179094672, 8441220.200064178556204 ], [ 3309021.657590340357274, 8441224.09588535130024 ], [ 3309015.390303012449294, 8441236.32071691006422 ], [ 3309000.751789981964976, 8441249.172484826296568 ], [ 3308945.214496053289622, 8441275.749295681715012 ], [ 3308918.642533612903208, 8441280.518354469910264 ], [ 3308892.671696425415576, 8441280.809423884376884 ], [ 3308849.96953977830708, 8441301.430601831525564 ], [ 3308833.24935227073729, 8441303.221803512424231 ], [ 3308824.889258514624089, 8441298.743800127878785 ], [ 3308803.994590102229267, 8441299.325940411537886 ], [ 3308782.788227117154747, 8441313.655562002211809 ], [ 3308727.852058438118547, 8441331.276556838303804 ], [ 3308695.302239347249269, 8441336.359113391488791 ], [ 3308671.123645956162363, 8441335.172436878085136 ], [ 3308484.207089056726545, 8441380.557352427393198 ], [ 3308431.063164178282022, 8441372.183400215581059 ], [ 3308238.769875873811543, 8441396.07381852902472 ], [ 3308188.609313345979899, 8441382.348573412746191 ], [ 3308176.074738684576005, 8441347.710915407165885 ], [ 3308147.999963120557368, 8441356.66698457673192 ], [ 3308103.216131997294724, 8441381.139499220997095 ], [ 3308014.839588300324976, 8441403.84325903095305 ], [ 3307923.468550300225616, 8441390.700146935880184 ], [ 3307867.341263064648956, 8441364.41399322450161 ], [ 3307655.04386228416115, 8441471.014556687325239 ], [ 3307476.787961762864143, 8441501.712044056504965 ], [ 3307119.986730044241995, 8441550.143132727593184 ], [ 3307069.225042269565165, 8441573.720657531172037 ], [ 3307046.538130056113005, 8441576.407559741288424 ], [ 3307035.484104627277702, 8441574.034129403531551 ], [ 3307028.025698747020215, 8441566.555589765310287 ], [ 3307027.72513611940667, 8441555.5169209074229 ], [ 3307022.047842090483755, 8441544.478268627077341 ], [ 3307005.628217206336558, 8441535.813050154596567 ], [ 3306982.039617117960006, 8441534.603950714692473 ], [ 3306853.933147175237536, 8441543.313949283212423 ], [ 3306455.888044136110693, 8441582.833738220855594 ], [ 3306452.893549831118435, 8441547.724929379299283 ], [ 3306397.155880818143487, 8441551.464188670739532 ], [ 3306397.968513102736324, 8441567.675131183117628 ], [ 3306403.601279341150075, 8441644.968680156394839 ], [ 3306392.502726114355028, 8441645.819540666416287 ], [ 3306211.241199341602623, 8441659.90353549271822 ], [ 3306193.886490716598928, 8441447.43736139126122 ], [ 3306357.704253287054598, 8441423.2333106957376 ], [ 3306369.348272018600255, 8441415.486240077763796 ], [ 3306509.388191369362175, 8441398.917388118803501 ], [ 3306517.748285122215748, 8441393.095908461138606 ], [ 3306515.655478696804494, 8441373.683546150103211 ], [ 3306500.426972360350192, 8441364.122920570895076 ], [ 3306401.597528483252972, 8441380.84842592664063 ], [ 3306368.45771608967334, 8441378.45266848243773 ], [ 3306346.661359802354127, 8441381.744036396965384 ], [ 3306309.035371934995055, 8441411.299242885783315 ], [ 3306195.879109598230571, 8441422.337695188820362 ], [ 3306169.006584533955902, 8441432.502937724813819 ], [ 3306076.32197654992342, 8441487.382055971771479 ], [ 3305900.03643101779744, 8441558.203816527500749 ], [ 3305728.23706096271053, 8441610.396957596763968 ], [ 3305572.334114185068756, 8441663.306985063478351 ], [ 3305507.624094219878316, 8441692.997670887038112 ], [ 3305466.001736631151289, 8441702.513941721990705 ], [ 3305433.474181438330561, 8441702.782636614516377 ], [ 3305410.308595415670425, 8441714.896307867020369 ], [ 3305382.834945101756603, 8441720.046303542330861 ], [ 3305349.69513270817697, 8441729.293913526460528 ], [ 3305323.601844080258161, 8441729.540218075737357 ], [ 3305290.33958024578169, 8441714.246960854157805 ], [ 3305278.038776515983045, 8441689.280730815604329 ], [ 3305257.734101402573287, 8441671.367792909964919 ], [ 3305199.19118122337386, 8441675.174288569018245 ], [ 3305152.147564434912056, 8441668.07629531249404 ], [ 3305064.906479542609304, 8441684.041191976517439 ], [ 3305005.662246574182063, 8441725.644129039719701 ], [ 3304922.662434282246977, 8441758.380297802388668 ], [ 3304886.238696910440922, 8441756.163548531010747 ], [ 3304846.408583126496524, 8441777.614544296637177 ], [ 3304751.453057524282485, 8441795.930788546800613 ], [ 3304696.516888844780624, 8441794.385773519054055 ], [ 3304676.512776357121766, 8441781.600226823240519 ], [ 3304657.877893607132137, 8441786.61592024564743 ], [ 3304597.331222597043961, 8441816.172754600644112 ], [ 3304482.315924766939133, 8441844.319032343104482 ], [ 3304257.005275508854538, 8441884.982421051710844 ], [ 3304209.883735079783946, 8441875.779398746788502 ], [ 3303957.110567462164909, 8441972.154198970645666 ], [ 3303570.208545458968729, 8442135.662849348038435 ], [ 3303479.071278393268585, 8442158.480902818962932 ], [ 3303449.215390972793102, 8442144.015278765931726 ], [ 3303425.927353509701788, 8442116.539628483355045 ], [ 3303366.749912229366601, 8442118.465383842587471 ], [ 3303296.050903663504869, 8442135.595671687275171 ], [ 3303266.785009546205401, 8442124.981606289744377 ], [ 3303191.722276938613504, 8442120.189607098698616 ], [ 3303141.684165851213038, 8442127.243251848965883 ], [ 3303098.570127089973539, 8442142.873257044702768 ], [ 3303063.248452676460147, 8442140.410073511302471 ], [ 3302995.555070359725505, 8442164.504522493109107 ], [ 3302901.256329753436148, 8442178.970186879858375 ], [ 3302668.06426055310294, 8442192.226672114804387 ], [ 3302501.396719017531723, 8442207.991172170266509 ], [ 3302322.484033492859453, 8442170.774466449394822 ], [ 3302218.934643200132996, 8442080.890853151679039 ], [ 3302211.77679993910715, 8442026.499932831153274 ], [ 3302179.104529407341033, 8442023.230668429285288 ], [ 3301830.963954078964889, 8442188.509479647502303 ], [ 3301761.277952878270298, 8442211.574017848819494 ], [ 3301655.947450742591172, 8442246.417282704263926 ], [ 3301599.174510465469211, 8442248.656572736799717 ], [ 3301496.849634578917176, 8442282.514721008017659 ], [ 3301401.126004490535706, 8442268.11603176407516 ], [ 3301352.579574575647712, 8442239.990524157881737 ], [ 3301297.331711318809539, 8442237.191415041685104 ], [ 3301266.707719420082867, 8442252.239438211545348 ], [ 3301248.729621663223952, 8442235.22084285877645 ], [ 3301172.464638554491103, 8442213.656547708436847 ], [ 3301067.84658115496859, 8442211.865124173462391 ], [ 3300985.915435973089188, 8442239.520273767411709 ], [ 3300902.436949868686497, 8442262.853687392547727 ], [ 3300855.560312318149954, 8442250.895863490179181 ], [ 3300812.735704227350652, 8442235.220842888578773 ], [ 3300727.220071440562606, 8442233.183092664927244 ], [ 3300551.056977346073836, 8442268.227996628731489 ], [ 3300457.036535470746458, 8442322.553526228293777 ], [ 3300049.028338021598756, 8442461.593777624890208 ], [ 3299886.780180269852281, 8442481.725608732551336 ], [ 3299764.172893164679408, 8442454.674173232167959 ], [ 3299703.615090199746192, 8442442.760824266821146 ], [ 3299646.652906787581742, 8442445.604798680171371 ], [ 3299553.02208312926814, 8442478.859226774424314 ], [ 3299378.406329952646047, 8442474.738804630935192 ], [ 3299351.177582520525903, 8442486.562630917876959 ], [ 3299348.728553725406528, 8442510.501458641141653 ], [ 3299324.839391013141721, 8442516.547760484740138 ], [ 3299299.45854712324217, 8442496.348653035238385 ], [ 3299249.008553921245039, 8442518.988676343113184 ], [ 3299141.6297731497325, 8442504.052075501531363 ], [ 3299093.205794678535312, 8442500.245150605216622 ], [ 3299047.28650474967435, 8442519.772456847131252 ], [ 3299012.521427790634334, 8442512.718435423448682 ], [ 3298867.895145418588072, 8442498.274507913738489 ], [ 3298812.302191738970578, 8442481.255342928692698 ], [ 3298774.253189804963768, 8442472.835349559783936 ], [ 3298750.853832851629704, 8442482.688534259796143 ], [ 3298663.067282460164279, 8442542.99479110352695 ], [ 3298588.71699459431693, 8442562.768543383106589 ], [ 3298476.573739625513554, 8442573.024938667193055 ], [ 3298350.326305180322379, 8442620.029867842793465 ], [ 3298264.933123833034188, 8442633.331936672329903 ], [ 3297818.653285482898355, 8442955.029870972037315 ], [ 3297548.458617571741343, 8443117.574981855228543 ], [ 3297203.535175525583327, 8443271.120482234284282 ], [ 3297113.243936589453369, 8443300.548909701406956 ], [ 3296980.33959659608081, 8443323.661729859188199 ], [ 3296933.563146587926894, 8443339.49584530480206 ], [ 3296857.89928873302415, 8443349.215814268216491 ], [ 3296717.981820820830762, 8443345.766791561618447 ], [ 3296516.41561893792823, 8443379.853957213461399 ], [ 3296208.004969846457243, 8443441.959298117086291 ], [ 3296171.280669852159917, 8443429.909969894215465 ], [ 3295903.779933607205749, 8443489.305734530091286 ], [ 3295538.162198224570602, 8443560.863486606627703 ], [ 3295349.219626593403518, 8443590.181089172139764 ], [ 3294802.997149435337633, 8443702.861213885247707 ], [ 3294674.423137633595616, 8443714.149479001760483 ], [ 3294621.579775378108025, 8443722.638086607679725 ], [ 3294312.245174511801451, 8443762.169594164937735 ], [ 3294121.81092170253396, 8443775.003381436690688 ], [ 3293984.108711656648666, 8443768.552888706326485 ], [ 3293903.914150524418801, 8443728.349424455314875 ], [ 3293857.98372864164412, 8443712.290497692301869 ], [ 3293808.71372203854844, 8443700.106342358514667 ], [ 3293760.768417376559228, 8443696.477976474910975 ], [ 3293643.426542187575251, 8443691.886528391391039 ], [ 3293520.106810345314443, 8443697.418663769960403 ], [ 3293297.95763462362811, 8443702.614843307062984 ], [ 3292455.614180144388229, 8443765.618812380358577 ], [ 3292357.79774362873286, 8443779.236520467326045 ], [ 3292064.470885530579835, 8443808.487801102921367 ], [ 3291895.910912649706006, 8443801.074180690571666 ], [ 3291789.823437974788249, 8443792.428699266165495 ], [ 3291663.653927169274539, 8443792.249518418684602 ], [ 3291533.29880350921303, 8443753.076208902522922 ], [ 3291385.678026827517897, 8443645.45707069337368 ], [ 3291375.470029522199184, 8443603.126561529934406 ], [ 3291354.564229158684611, 8443564.962120978161693 ], [ 3291287.260465051978827, 8443505.901696015149355 ], [ 3291233.337303732987493, 8443468.947177728638053 ], [ 3291197.9933654172346, 8443422.362352725118399 ], [ 3291166.456553688272834, 8443370.111551756039262 ], [ 3291137.613673632498831, 8443339.406260747462511 ], [ 3291066.614102435763925, 8443307.514103062450886 ], [ 3291024.034397223964334, 8443255.264118485152721 ], [ 3290910.688891743309796, 8443182.723928399384022 ], [ 3290846.613392868079245, 8443122.524400666356087 ], [ 3290785.231825666502118, 8443054.083869803696871 ], [ 3290723.404980504885316, 8443012.719761049374938 ], [ 3290626.490231866948307, 8443021.140372889116406 ], [ 3290508.725342616438866, 8443063.243576703593135 ], [ 3290164.280574372503906, 8443112.804731514304876 ], [ 3289779.593810223042965, 8443149.891833242028952 ], [ 3289324.430676488205791, 8443198.98326051607728 ], [ 3289297.023817863781005, 8443170.49585952796042 ], [ 3289295.042330923490226, 8443110.878715697675943 ], [ 3289253.664876210968941, 8443075.359490230679512 ], [ 3289209.059156271163374, 8443061.877458408474922 ], [ 3289158.297468494158238, 8443064.072206096723676 ], [ 3289093.030851073563099, 8443073.814206263050437 ], [ 3288965.191547902300954, 8443018.788871379569173 ], [ 3288939.265238505322486, 8442985.016912151128054 ], [ 3288887.01186954928562, 8442958.792241821065545 ], [ 3288812.850824818015099, 8442958.725056624040008 ], [ 3288785.399438402615488, 8442980.649859799072146 ], [ 3288748.062881212681532, 8443033.838494710624218 ], [ 3288683.096826416440308, 8443023.155946418642998 ], [ 3288661.712352246511728, 8443049.313660353422165 ], [ 3288607.165801784954965, 8443057.59994188696146 ], [ 3288577.688400640152395, 8443097.015895467251539 ], [ 3288557.149954605381936, 8443188.009327292442322 ], [ 3288465.367034499067813, 8443280.078895697370172 ], [ 3288487.259998956229538, 8443353.003330344334245 ], [ 3288626.112855709623545, 8443557.019589168950915 ], [ 3288777.14578761626035, 8443653.24218288436532 ], [ 3288893.465505335014313, 8443673.339306887239218 ], [ 3288984.816068988293409, 8443606.957897299900651 ], [ 3289069.467591307125986, 8443511.344307342544198 ], [ 3289133.412985864561051, 8443472.368066851049662 ], [ 3289222.327534487005323, 8443505.254269765689969 ], [ 3289352.654338632244617, 8443571.635679353028536 ], [ 3289467.147045078221709, 8443767.734889330342412 ], [ 3289612.698943165596575, 8443939.473948998376727 ], [ 3289616.96196946920827, 8444039.959569016471505 ], [ 3289619.397984500043094, 8444142.272200308740139 ], [ 3289532.310447150375694, 8444235.449775235727429 ], [ 3289404.419658035971224, 8444343.852444104850292 ], [ 3289381.886519001796842, 8444387.091710900887847 ], [ 3289415.990729432087392, 8444476.006259523332119 ], [ 3289386.149545305408537, 8444535.688627775758505 ], [ 3289212.583474364131689, 8444676.977499559521675 ], [ 3289057.287516153417528, 8444811.56733001023531 ], [ 3288892.856501577422023, 8444850.543570501729846 ], [ 3288840.482178416103125, 8444887.08379596285522 ], [ 3288803.941952954512089, 8444973.562329554930329 ], [ 3288744.868588458746672, 8445056.386840598657727 ], [ 3288719.290430635679513, 8445092.927066059783101 ], [ 3288717.46341936243698, 8445163.571501951664686 ], [ 3288813.686013077385724, 8445328.611520286649466 ], [ 3288825.257084473501891, 8445366.97875702008605 ], [ 3288852.662253569811583, 8445385.248869750648737 ], [ 3289087.737704037688673, 8445403.518982481211424 ], [ 3289110.270843071863055, 8445421.789095211774111 ], [ 3289126.10494077205658, 8445456.502309400588274 ], [ 3289102.962797979824245, 8445490.606519831344485 ], [ 3289043.889433484058827, 8445540.544827962294221 ], [ 3288980.553042684216052, 8445554.55191438831389 ], [ 3288956.801896133925766, 8445583.784094756469131 ], [ 3288938.531783402897418, 8445597.791181184351444 ], [ 3288959.84691492235288, 8445684.269714776426554 ], [ 3288973.244997591245919, 8445723.24595526792109 ], [ 3289014.04824935644865, 8445759.177176970988512 ], [ 3289021.356294448953122, 8445784.755334794521332 ], [ 3289027.446332025807351, 8445856.008774444460869 ], [ 3288950.711858556605875, 8445937.615277973935008 ], [ 3288888.593475272413343, 8446053.93499569222331 ], [ 3288801.505937922745943, 8446143.45854807458818 ], [ 3288776.536783857736737, 8446154.420615714043379 ], [ 3288648.645994742866606, 8446125.188435344025493 ], [ 3288579.828570124227554, 8446143.45854807458818 ], [ 3288500.658081624656916, 8446234.809111727401614 ], [ 3288520.755205628462136, 8446353.564844477921724 ], [ 3288477.515938832424581, 8446483.891648622229695 ], [ 3288308.212894194759429, 8446630.052550468593836 ], [ 3288302.1228566179052, 8446717.140087818726897 ], [ 3288366.068251175340265, 8446817.625707836821675 ], [ 3288340.490093352273107, 8447006.416872721165419 ], [ 3288291.769792737439275, 8447073.407286062836647 ], [ 3288211.990300480276346, 8447155.622793352231383 ], [ 3288143.172875861637294, 8447157.449804624542594 ], [ 3288070.701428696513176, 8447109.338507767766714 ], [ 3288031.725188204552978, 8447006.416872717440128 ], [ 3288022.590131839271635, 8446883.398113664239645 ], [ 3287981.177876316010952, 8446821.279730379581451 ], [ 3287912.969455454964191, 8446792.04755001142621 ], [ 3287780.206636278890073, 8446780.476478615775704 ], [ 3287700.427144021727145, 8446762.206365883350372 ], [ 3287604.204550306778401, 8446735.410200545564294 ], [ 3287545.131185811012983, 8446773.777437280863523 ], [ 3287533.560114414896816, 8446821.888734137639403 ], [ 3287525.034061807207763, 8446901.668226394802332 ], [ 3287474.486749919131398, 8446952.215538283810019 ], [ 3287422.1124267578125, 8447113.601534070447087 ], [ 3287431.247483122628182, 8447183.027962448075414 ], [ 3287456.825640945695341, 8447235.402285609394312 ], [ 3287481.794795011170208, 8447257.935424644500017 ], [ 3287486.057821314781904, 8447306.046721501275897 ], [ 3287444.645565791986883, 8447324.316834233701229 ], [ 3287380.700171234551817, 8447333.451890598982573 ], [ 3287347.204964561853558, 8447393.134258851408958 ], [ 3287353.295002138707787, 8447474.740762382745743 ], [ 3287332.588874377310276, 8447518.589032934978604 ], [ 3287303.356694008223712, 8447550.257228335365653 ], [ 3287266.816468546632677, 8447603.240555254742503 ], [ 3287289.958611339330673, 8447767.67156982794404 ], [ 3287275.951524912379682, 8447809.083825351670384 ], [ 3287236.975284420419484, 8447838.316005719825625 ], [ 3287173.029889862984419, 8447808.474821593612432 ], [ 3287068.281243540346622, 8447726.868318062275648 ], [ 3286976.930679887067527, 8447683.020047510042787 ], [ 3286906.286243995185941, 8447602.631551494821906 ], [ 3286853.302917076274753, 8447589.842472583055496 ], [ 3286801.537597672548145, 8447628.209709318354726 ], [ 3286787.530511245597154, 8447699.463148966431618 ], [ 3286803.973612703382969, 8447760.972528493031859 ], [ 3286858.783950895536691, 8447845.015047054737806 ], [ 3286849.648894529789686, 8447904.697415307164192 ], [ 3286813.108669068664312, 8447964.379783561453223 ], [ 3286771.696413545869291, 8447974.123843684792519 ], [ 3286694.961940077133477, 8447996.047978961840272 ], [ 3286635.279571823310107, 8448032.588204422965646 ], [ 3286580.469233631622046, 8448083.74452006816864 ], [ 3286530.530925500672311, 8448175.095083720982075 ], [ 3286484.246639916673303, 8448248.175534645095468 ], [ 3286442.834384393878281, 8448265.227639859542251 ], [ 3286416.03821905516088, 8448251.829557189717889 ], [ 3286402.640136386267841, 8448187.275158874690533 ], [ 3286392.896076263394207, 8448082.526512552052736 ], [ 3286338.085738071240485, 8448010.664069145917892 ], [ 3286265.005287148524076, 8448047.204294607043266 ], [ 3286247.95318193314597, 8448092.270572675392032 ], [ 3286279.621377333067358, 8448160.478993536904454 ], [ 3286246.735174417961389, 8448248.175534645095468 ], [ 3286183.398783618118614, 8448260.355609798803926 ], [ 3286068.906077172607183, 8448273.753692466765642 ], [ 3285929.444216662086546, 8448485.077996386215091 ], [ 3285861.844799558166414, 8448541.106342097744346 ], [ 3285748.570100628305227, 8448623.118848131969571 ], [ 3285658.843546995427459, 8448696.199299054220319 ], [ 3285596.31916120601818, 8448716.093421805649996 ], [ 3285522.020702768117189, 8448735.987544557079673 ], [ 3285491.570514883380383, 8448775.369787555187941 ], [ 3285500.908572501502931, 8448889.456491494551301 ], [ 3285516.336667696014047, 8448948.732857244089246 ], [ 3285577.237043464556336, 8449008.415225496515632 ], [ 3285619.461303997784853, 8449108.291841758415103 ], [ 3285613.777268926147372, 8449228.874585781246424 ], [ 3285633.26538917189464, 8449250.392718551680446 ], [ 3285674.677644695155323, 8449273.128858840093017 ], [ 3285714.059887692332268, 8449259.324773665517569 ], [ 3285741.262055535800755, 8449221.160538183525205 ], [ 3285732.330000422894955, 8449082.713683934882283 ], [ 3285740.044048020150512, 8449027.903345743194222 ], [ 3285764.404198327567428, 8449011.257243033498526 ], [ 3285796.072393727488816, 8449032.775375803932548 ], [ 3285785.516328594181687, 8449088.803721511736512 ], [ 3285785.516328594181687, 8449136.306014612317085 ], [ 3285797.696403747890145, 8449155.794134857133031 ], [ 3285818.808534015435725, 8449159.042154897004366 ], [ 3285902.85105257621035, 8449175.688257608562708 ], [ 3285942.233295573387295, 8449218.318520646542311 ], [ 3285990.953596188686788, 8449245.520688489079475 ], [ 3286033.583859227132052, 8449204.514435471966863 ], [ 3286081.898157336749136, 8449193.552367832511663 ], [ 3286111.1303377058357, 8449219.942530667409301 ], [ 3286112.348345221485943, 8449264.196803724393249 ], [ 3286112.75434772670269, 8449343.36729222536087 ], [ 3286129.400450436864048, 8449377.877505160868168 ], [ 3286187.05280616460368, 8449448.115938547998667 ], [ 3286209.788946451619267, 8449504.550286760553718 ], [ 3286190.300826205406338, 8449562.202642487362027 ], [ 3286149.294573187828064, 8449601.990887990221381 ], [ 3286149.294573187828064, 8449644.621151028200984 ], [ 3286165.534673392772675, 8449711.611564373597503 ], [ 3286159.444635815918446, 8449755.865837432444096 ], [ 3286130.61845795204863, 8449782.662002772092819 ], [ 3286105.040300129447132, 8449802.962128028273582 ], [ 3286106.258307644631714, 8449819.202228233218193 ], [ 3286142.798533105757087, 8449839.502353489398956 ], [ 3286164.316665877588093, 8449860.614483755081892 ], [ 3286178.12075105169788, 8449886.598644083365798 ], [ 3286188.676816185005009, 8449920.296852009370923 ], [ 3286209.788946451619267, 8449945.875009832903743 ], [ 3286263.381277128588408, 8449967.393142603337765 ], [ 3286293.831465012859553, 8449982.415235294029117 ], [ 3286328.747680453583598, 8450014.08343069255352 ], [ 3286372.595951006747782, 8450114.772051963955164 ], [ 3286396.956101314630359, 8450157.402315001934767 ], [ 3286445.676401929464191, 8450181.356462804600596 ], [ 3286545.959020695649087, 8450164.7103600949049 ], [ 3286590.21329375449568, 8450161.868342557922006 ], [ 3286627.971526731271297, 8450187.852502886205912 ], [ 3286687.653894984629005, 8450275.955046499148011 ], [ 3286777.380448617506772, 8450342.945459842681885 ], [ 3286903.647227711509913, 8450399.379808055236936 ], [ 3286952.367528326809406, 8450434.296023497357965 ], [ 3287103.400460233911872, 8450515.496524522081017 ], [ 3287330.355860599316657, 8450614.155133267864585 ], [ 3287526.455070575233549, 8450771.27810275182128 ], [ 3287634.85773944389075, 8450844.358553674072027 ], [ 3287684.796047574374825, 8450921.905032154172659 ], [ 3287700.22414276888594, 8450950.731210017576814 ], [ 3287710.780207902193069, 8450982.805407922714949 ], [ 3287682.011190085671842, 8449903.968052076175809 ], [ 3287839.168106073979288, 8449137.366745846346021 ], [ 3288455.063209749758244, 8448443.670214014127851 ], [ 3289125.756008445750922, 8447842.466553090140224 ], [ 3290370.237202601972967, 8447410.833155505359173 ], [ 3291299.89464211370796, 8447245.157569697126746 ], [ 3292011.102500204462558, 8447191.241269331425428 ], [ 3291578.19336919253692, 8444209.62450510635972 ], [ 3292544.199165887665004, 8444451.06128634698689 ], [ 3293835.505266611929983, 8444626.863365480676293 ], [ 3294515.79104391625151, 8444542.116442028433084 ], [ 3295552.667649214155972, 8443896.104060880839825 ], [ 3297422.466637853067368, 8443575.330934789031744 ], [ 3298722.356497457250953, 8443156.161093590781093 ], [ 3300916.661813586484641, 8443279.484921472147107 ], [ 3302425.253764123190194, 8443402.808749353513122 ], [ 3305230.29202335793525, 8443156.161093590781093 ], [ 3306969.143712691497058, 8442909.513437828049064 ], [ 3309574.844386972486973, 8442532.287611367180943 ], [ 3312574.286223269067705, 8441753.829330064356327 ], [ 3318010.388064866419882, 8439949.741568669676781 ], [ 3320212.040177550166845, 8438697.056066665798426 ], [ 3322252.897509463131428, 8437839.975821794942021 ], [ 3323995.954734317027032, 8437768.754012694582343 ], [ 3324324.676922162994742, 8437727.736315121874213 ], [ 3325468.793911265674978, 8436958.557013811543584 ], [ 3327014.897950593847781, 8435580.138861004263163 ], [ 3328870.222797787748277, 8434620.00744566693902 ], [ 3331259.5481808623299, 8433660.226346708834171 ], [ 3332580.872492175083607, 8432405.791830917820334 ], [ 3333137.46994633320719, 8431079.867010097950697 ], [ 3334428.335758114233613, 8427740.337921116501093 ], [ 3335363.85976296570152, 8424994.464617973193526 ], [ 3336106.833024251740426, 8421697.81504219584167 ], [ 3335973.475526507943869, 8419887.414166456088424 ], [ 3335679.952138271648437, 8419108.014656683430076 ], [ 3336167.833863416686654, 8418250.914052907377481 ], [ 3336027.220576271880418, 8415841.063285361975431 ], [ 3336457.75983847444877, 8413745.936031641438603 ], [ 3337183.134747727774084, 8411831.908811669796705 ], [ 3336940.885883080773056, 8409283.216368785127997 ], [ 3337122.715683971066028, 8408267.808306066319346 ], [ 3337892.556754039600492, 8407136.648151583969593 ], [ 3338672.522407128009945, 8405993.296321045607328 ], [ 3339365.176957767922431, 8405049.098278183490038 ], [ 3339469.732289447449148, 8403754.198085427284241 ], [ 3339792.343505704309791, 8402767.60746237449348 ], [ 3340682.457658254541457, 8401809.348010448738933 ], [ 3342043.029212863650173, 8401927.215248038992286 ], [ 3345051.869425410404801, 8400948.054285055026412 ], [ 3347825.458319950848818, 8400137.39352448657155 ], [ 3349702.575109448283911, 8399342.426729202270508 ], [ 3352522.097434788011014, 8398792.536237817257643 ], [ 3355289.010168811306357, 8398332.08100645057857 ], [ 3355834.694425496738404, 8398209.196529870852828 ], [ 3356111.238191349897534, 8398637.066770974546671 ], [ 3356421.796778615098447, 8399622.849583301693201 ], [ 3356401.374999087303877, 8399937.572279321029782 ], [ 3356018.865611913613975, 8400256.33010196685791 ], [ 3355616.774473306722939, 8400547.778560506179929 ], [ 3354350.017365915700793, 8401024.655022090300918 ], [ 3352000.209398688748479, 8403183.120901044458151 ], [ 3351655.039103011135012, 8405049.098278183490038 ], [ 3352618.380841867998242, 8406973.312701374292374 ], [ 3354590.068483205512166, 8408465.453763626515865 ], [ 3359410.415875577833503, 8409303.770340098068118 ], [ 3360509.809157619718462, 8408791.956241669133306 ], [ 3361180.325836771633476, 8408040.859253834933043 ], [ 3360680.877993524074554, 8407508.248877735808492 ], [ 3363731.920668773818761, 8405159.279204985126853 ], [ 3364331.657606498338282, 8404711.85641017369926 ], [ 3365670.356128204613924, 8402465.222802190110087 ], [ 3365090.848412587773055, 8402130.845660327002406 ], [ 3364957.573537537828088, 8402014.23014465905726 ], [ 3364838.578113386407495, 8401826.217374498024583 ], [ 3364790.979943725280464, 8401667.9534603767097 ], [ 3364779.080401309765875, 8401667.953460378572345 ], [ 3362829.935353705193847, 8402136.795431533828378 ], [ 3362572.905237537343055, 8402186.773509679362178 ], [ 3362430.110728555358946, 8402174.873967263847589 ], [ 3362292.076036539394408, 8402117.756163669750094 ], [ 3362114.772854553069919, 8401966.631974998861551 ], [ 3361576.913537389133126, 8401138.423822900280356 ], [ 3361431.739119924139231, 8400850.454896453768015 ], [ 3361279.42497700965032, 8400271.343832246959209 ], [ 3361074.752847469877452, 8399408.230355735868216 ], [ 3360958.930634629912674, 8398259.527861258015037 ], [ 3360871.667323585599661, 8398086.58784482255578 ], [ 3360166.884417780674994, 8397350.619854688644409 ], [ 3360163.621003967244178, 8397349.145765397697687 ], [ 3360101.218170084059238, 8397423.342380955815315 ], [ 3360088.583407883066684, 8397439.144798867404461 ], [ 3360020.678518533706665, 8397434.203757517039776 ], [ 3359798.451419161166996, 8397380.453454243019223 ], [ 3359655.383609658107162, 8397348.426027320325375 ] ] ] ] } }
]
}
