{
"type": "FeatureCollection",
"name": "search_bound",
"crs": { "type": "name", "properties": { "name": "urn:ogc:def:crs:EPSG::3857" } },
"features": [
{ "type": "Feature", "properties": { "fid": null }, "geometry": { "type": "MultiLineString", "coordinates": [ [ [ 3415668.503565669991076, 8398477.54033038020134 ], [ 3415721.706187470350415, 8398574.597314400598407 ], [ 3416070.490615895017982, 8399030.311710130423307 ], [ 3416843.542873419355601, 8399622.849851394072175 ], [ 3417394.867653497960418, 8400059.152702916413546 ], [ 3417488.872950296849012, 8400732.764302328228951 ], [ 3417863.971301515586674, 8400837.952212125062943 ], [ 3418585.617695042397827, 8401241.68013995885849 ], [ 3418850.903173458762467, 8401573.398363554850221 ], [ 3418824.910072386730462, 8401762.936073070392013 ], [ 3418816.115832638926804, 8401991.808635383844376 ], [ 3418954.129737288691103, 8402305.72102771140635 ], [ 3419247.233956426847726, 8402483.473311502486467 ], [ 3419244.707003996707499, 8402598.064672693610191 ], [ 3419315.617519607767463, 8402675.929907627403736 ], [ 3419311.699073544237763, 8402805.135450750589371 ], [ 3419383.132790767587721, 8402943.430880609899759 ], [ 3419725.551544294692576, 8403019.91879041492939 ], [ 3421555.261077318806201, 8403322.56468784250319 ], [ 3422873.348388938698918, 8404088.256662920117378 ], [ 3423017.380129104945809, 8405665.717417592182755 ], [ 3423058.880873658228666, 8406919.509530164301395 ], [ 3421851.938048820011318, 8408625.489286750555038 ], [ 3420059.439037361647934, 8411470.672693960368633 ], [ 3420956.180153167806566, 8412818.499434722587466 ], [ 3420832.491057025734335, 8414343.668498149141669 ], [ 3419626.529906349722296, 8415053.429144896566868 ], [ 3418268.019509233068675, 8416518.214271171018481 ], [ 3417193.450489853043109, 8416949.847668755799532 ], [ 3416449.495029892306775, 8417443.142980283126235 ], [ 3415282.235189812723547, 8417291.26086225733161 ], [ 3414756.302010679151863, 8416949.847668755799532 ], [ 3412947.360456452239305, 8416626.856850985437632 ], [ 3411494.022659483831376, 8417247.0580751337111 ], [ 3410782.814801392611116, 8418280.717474661767483 ], [ 3409422.243246783968061, 8419411.580932646989822 ], [ 3408429.644394556526095, 8420094.605279736220837 ], [ 3407474.152157230768353, 8421065.780179282650352 ], [ 3407245.328759409952909, 8422376.096095545217395 ], [ 3406069.406201498117298, 8423855.982030123472214 ], [ 3405572.369229515548795, 8425326.971589161083102 ], [ 3405572.970354795455933, 8425676.913782469928265 ], [ 3405428.711426779162139, 8426054.377596251666546 ], [ 3405526.061067677102983, 8426389.120219431817532 ], [ 3405408.362223948352039, 8426888.334297159686685 ], [ 3405437.917548789642751, 8427433.154241349548101 ], [ 3405151.893249321263283, 8427911.413374021649361 ], [ 3404320.099917001090944, 8428255.953148532658815 ], [ 3404096.668055732734501, 8428480.625575684010983 ], [ 3403516.125816550571471, 8428824.291742468252778 ], [ 3403265.638689044397324, 8429158.906629031524062 ], [ 3403175.982927898410708, 8429596.021106543019414 ], [ 3403143.785682179033756, 8430083.835338143631816 ], [ 3402433.852989020757377, 8430619.913949899375439 ], [ 3402411.234071691986173, 8431070.425961196422577 ], [ 3402645.413382939063013, 8431625.383186662569642 ], [ 3402732.899412236176431, 8431995.354670308530331 ], [ 3402620.695950012188405, 8432165.220300730317831 ], [ 3402588.463392953388393, 8432204.564975487068295 ], [ 3401846.333454076200724, 8432459.195387182757258 ], [ 3401524.380085933953524, 8432920.283379420638084 ], [ 3401073.281434412114322, 8433681.468724237754941 ], [ 3400671.294384186621755, 8433893.569344585761428 ], [ 3400269.30733396159485, 8434342.327810479328036 ], [ 3400052.852793192956597, 8434523.493141880258918 ], [ 3399774.554041376337409, 8434501.056360987946391 ], [ 3399386.232942382339388, 8434585.155055820941925 ], [ 3399074.878157026600093, 8434770.140797642990947 ], [ 3398846.891617779619992, 8435000.730648003518581 ], [ 3398444.904567554127425, 8435036.80864261649549 ], [ 3397981.073355755768716, 8434935.391570560634136 ], [ 3397655.469949215184897, 8435016.788453407585621 ], [ 3397300.787578451447189, 8435055.377758283168077 ], [ 3396893.870893064886332, 8435201.774195229634643 ], [ 3396663.481571984943002, 8435386.759937051683664 ], [ 3396188.292008214630187, 8435455.057648424059153 ], [ 3393551.972819212358445, 8436558.336301926523447 ], [ 3392936.724845710210502, 8436496.67438798584044 ], [ 3392600.631298893596977, 8436889.769236370921135 ], [ 3392013.111763949040323, 8437405.072517672553658 ], [ 3391270.981825071386993, 8438150.664875730872154 ], [ 3389745.881547245196998, 8438963.15094561688602 ], [ 3388920.903685292694718, 8439162.393804090097547 ], [ 3388395.228311921469867, 8439461.189585680142045 ], [ 3388086.007504055742174, 8439722.230297036468983 ], [ 3387544.355807470157743, 8439518.10817108489573 ], [ 3386787.280111019965261, 8439610.448632383719087 ], [ 3386512.857530270703137, 8439888.079654728993773 ], [ 3386416.215141581371427, 8440822.257298098877072 ], [ 3386073.01070240046829, 8441367.965589307248592 ], [ 3385807.436701694503427, 8442046.246642656624317 ], [ 3385055.64358697226271, 8441588.389100829139352 ], [ 3384406.279890454839915, 8441812.556956209242344 ], [ 3384026.120232189074159, 8442292.894298419356346 ], [ 3383629.642632631119341, 8443649.456405116245151 ], [ 3383231.240820565260947, 8444011.908087188377976 ], [ 3383206.18372722575441, 8444027.642675261944532 ], [ 3383152.34195021353662, 8444046.27233955077827 ], [ 3383112.949125340674073, 8444053.349989607930183 ], [ 3383081.272482573054731, 8444053.349989607930183 ], [ 3382985.459289261139929, 8444029.396691281348467 ], [ 3382913.599394276272506, 8444000.310543309897184 ], [ 3382865.692797619849443, 8443966.091545697301626 ], [ 3382764.746754664927721, 8443950.692996772006154 ], [ 3382610.761265412438661, 8443954.114896534010768 ], [ 3382455.064826278947294, 8443955.82584641315043 ], [ 3382297.657437264919281, 8443955.82584641315043 ], [ 3382177.890945624094456, 8443962.669645935297012 ], [ 3382095.765351355541497, 8443976.357244979590178 ], [ 3382047.858754699118435, 8443976.357244979590178 ], [ 3382034.17115565482527, 8443962.669645935297012 ], [ 3382027.327356132678688, 8443895.942600592970848 ], [ 3382027.327356132678688, 8443776.17610895074904 ], [ 3382003.374057804234326, 8443687.206715160980821 ], [ 3381955.467461148276925, 8443629.034419221803546 ], [ 3381895.584215327631682, 8443569.151173401623964 ], [ 3381823.724320342764258, 8443507.556977700442076 ], [ 3381710.801628224086016, 8443471.627030208706856 ], [ 3381556.816138971596956, 8443461.361330922693014 ], [ 3381419.940148524474353, 8443478.470829728990793 ], [ 3381300.173656883649528, 8443522.955526623874903 ], [ 3381168.430516078602523, 8443587.971622087061405 ], [ 3381024.710726108867675, 8443673.519116116687655 ], [ 3380928.897532796021551, 8443680.362915638834238 ], [ 3380880.99093614006415, 8443608.503020653501153 ], [ 3380821.107690319418907, 8443519.533626863732934 ], [ 3380749.247795335017145, 8443413.454734267666936 ], [ 3380665.411251186393201, 8443353.571488447487354 ], [ 3380569.598057873547077, 8443339.883889401331544 ], [ 3380431.011117545887828, 8443362.126237848773599 ], [ 3380249.650430203415453, 8443420.298533789813519 ], [ 3380070.000692741945386, 8443509.267927579581738 ], [ 3379892.061905161477625, 8443629.034419221803546 ], [ 3379772.295413520652801, 8443707.738113727420568 ], [ 3379710.701217819470912, 8443745.379011102020741 ], [ 3379614.888024507090449, 8443718.003813011571765 ], [ 3379484.85583358258009, 8443625.612519461661577 ], [ 3379395.886439792346209, 8443483.603679371997714 ], [ 3379347.979843135923147, 8443291.977292748168111 ], [ 3379276.119948151055723, 8443161.945101823657751 ], [ 3379180.306754838209599, 8443093.507106598466635 ], [ 3379060.540263197384775, 8443021.647211614996195 ], [ 3378916.820473228115588, 8442946.365416869521141 ], [ 3378749.147384930867702, 8443014.803412092849612 ], [ 3378557.520998305175453, 8443226.961197284981608 ], [ 3378400.113609291147441, 8443370.680987253785133 ], [ 3378276.925217889249325, 8443445.962782001122832 ], [ 3378085.298831263557076, 8443507.556977702304721 ], [ 3377825.234449414536357, 8443555.463574357330799 ], [ 3377513.841571148019284, 8443531.510276028886437 ], [ 3377151.120196463540196, 8443435.697082716971636 ], [ 3376743.914124884176999, 8443387.790486060082912 ], [ 3376292.223356409464031, 8443387.790486060082912 ], [ 3375861.063986501656473, 8443459.650381045415998 ], [ 3375450.436015161685646, 8443603.370171014219522 ], [ 3375067.183241910301149, 8443842.903154296800494 ], [ 3374711.305666748434305, 8444178.249330891296268 ], [ 3374399.912788481917232, 8444475.954610113054514 ], [ 3374133.004607110284269, 8444736.018991962075233 ], [ 3373879.784024783875793, 8444975.55197524279356 ], [ 3373640.251041501760483, 8445194.553559958934784 ], [ 3373400.718058219645172, 8445423.820843957364559 ], [ 3373161.185074937995523, 8445663.353827238082886 ], [ 3372935.339690700639039, 8445902.886810520663857 ], [ 3372723.181905507575721, 8446142.419793805107474 ], [ 3372507.602220553904772, 8446320.358581386506557 ], [ 3372288.600635839160532, 8446436.703173264861107 ], [ 3372025.11435422860086, 8446604.376261562108994 ], [ 3371717.143375723157078, 8446823.377846278250217 ], [ 3371443.391394829377532, 8446991.050934575498104 ], [ 3371203.858411547727883, 8447107.395526453852654 ], [ 3370902.731232564896345, 8447213.474419049918652 ], [ 3370540.009857880417258, 8447309.287612363696098 ], [ 3370119.116187256295234, 8447360.61610878072679 ], [ 3369640.050220692064613, 8447367.459908302873373 ], [ 3369318.391643141862005, 8447346.928509736433625 ], [ 3369154.14045460568741, 8447299.021913081407547 ], [ 3368938.560769652016461, 8447251.115316424518824 ], [ 3368671.652588280383497, 8447203.2087197676301 ], [ 3368394.47870762553066, 8447257.959115946665406 ], [ 3368107.039127688389271, 8447415.366504961624742 ], [ 3367911.990841301623732, 8447565.930094454437494 ], [ 3367809.333848466165364, 8447709.649884423241019 ], [ 3367781.958650377113372, 8447959.448566988110542 ], [ 3367829.865247033070773, 8448315.326142150908709 ], [ 3367857.240445122588426, 8448613.03142137080431 ], [ 3367864.08424464520067, 8448852.564404655247927 ], [ 3367853.818545361515135, 8449057.87839032523334 ], [ 3367826.443347271997482, 8449228.973378382623196 ], [ 3367740.895853242836893, 8449372.693168351426721 ], [ 3367597.176063273567706, 8449489.03776023350656 ], [ 3367429.50297497631982, 8449560.897655218839645 ], [ 3367237.876588350627571, 8449588.272853307425976 ], [ 3367046.250201724935323, 8449601.960452351719141 ], [ 3366854.623815099708736, 8449601.960452351719141 ], [ 3366662.997428474016488, 8449721.726943992078304 ], [ 3366471.371041848324239, 8449961.259927272796631 ], [ 3366341.338850923813879, 8450128.933015570044518 ], [ 3366272.900855700019747, 8450224.746208883821964 ], [ 3366129.181065730750561, 8450426.638294793665409 ], [ 3365910.179481016471982, 8450734.609273299574852 ], [ 3365834.897686270531267, 8451046.002151565626264 ], [ 3365903.335681493859738, 8451360.816929591819644 ], [ 3365831.475786509457976, 8451600.349912874400616 ], [ 3365619.318001316394657, 8451764.601101411506534 ], [ 3365407.160216123796999, 8451846.72669567912817 ], [ 3365195.002430931665003, 8451846.72669567912817 ], [ 3365003.376044305972755, 8451802.241998784244061 ], [ 3364832.281056247185916, 8451713.272604992613196 ], [ 3364603.01377224875614, 8451572.97471478395164 ], [ 3364315.574192310217768, 8451381.348328160122037 ], [ 3364065.775509744882584, 8451223.940939147025347 ], [ 3363853.617724551819265, 8451100.75254774466157 ], [ 3363651.725638642907143, 8451063.111650371924043 ], [ 3363460.099252017214894, 8451111.018247026950121 ], [ 3363326.645161331165582, 8451230.784738669171929 ], [ 3363251.363366586156189, 8451422.411125293001533 ], [ 3363189.769170884974301, 8451600.349912874400616 ], [ 3363141.862574228085577, 8451764.601101411506534 ], [ 3363035.783681632019579, 8451918.586590664461255 ], [ 3362871.532493095844984, 8452062.30638063326478 ], [ 3362703.859404798597097, 8452099.947278006002307 ], [ 3362532.764416739810258, 8452031.509282782673836 ], [ 3362317.184731786139309, 8451925.430390186607838 ], [ 3362057.12034993711859, 8451781.710600215941668 ], [ 3361769.680769998580217, 8451566.130915263667703 ], [ 3361454.865991970524192, 8451278.691335324198008 ], [ 3361215.333008688874543, 8451087.064948700368404 ], [ 3361051.081820152699947, 8450991.251755386590958 ], [ 3360883.408731855452061, 8450789.359669476747513 ], [ 3360712.313743796665221, 8450481.38869097083807 ], [ 3360578.859653110615909, 8450231.590008405968547 ], [ 3360483.046459798701108, 8450039.963621782138944 ], [ 3360376.967567202169448, 8449752.524041842669249 ], [ 3360260.622975322417915, 8449369.271268591284752 ], [ 3360154.544082725886256, 8449020.237492952495813 ], [ 3360058.730889413040131, 8448705.422714922577143 ], [ 3359962.917696100194007, 8448356.388939283788204 ], [ 3359867.104502787347883, 8447973.136166034266353 ], [ 3359665.212416877970099, 8447723.33748346939683 ], [ 3359357.241438372526318, 8447606.99289158731699 ], [ 3359045.848560106009245, 8447511.179698275402188 ], [ 3358731.033782077953219, 8447435.897903529927135 ], [ 3358525.719796407967806, 8447374.303707828745246 ], [ 3358429.906603095121682, 8447326.397111173719168 ], [ 3358347.781008827034384, 8447254.537216188386083 ], [ 3358279.343013603705913, 8447158.724022876471281 ], [ 3358221.170717663597316, 8446991.050934579223394 ], [ 3358173.264121007639915, 8446751.517951294779778 ], [ 3358111.669925306458026, 8446429.859373744577169 ], [ 3358036.388130560517311, 8446026.07520192861557 ], [ 3358027.833381157834083, 8445740.346571870148182 ], [ 3358086.005677097477019, 8445572.673483572900295 ], [ 3358139.045123395510018, 8445434.086543245241046 ], [ 3358186.951720052398741, 8445324.585750889033079 ], [ 3358210.905018380377442, 8445155.201712710782886 ], [ 3358210.905018380377442, 8444925.934428710490465 ], [ 3358157.865572082344443, 8444782.21463874168694 ], [ 3358051.786679485812783, 8444724.042342802509665 ], [ 3357955.118011232931167, 8444675.280271206051111 ], [ 3357867.859567323233932, 8444635.928423952311277 ], [ 3357655.416623817291111, 8444639.065165400505066 ], [ 3357317.789180714637041, 8444684.690495548769832 ], [ 3357053.162265850696713, 8444755.409757278859615 ], [ 3356861.535879225470126, 8444851.222950592637062 ], [ 3356695.003424181602895, 8445074.787068322300911 ], [ 3356553.564900720026344, 8445426.102110467851162 ], [ 3356387.032445676159114, 8445720.38548992946744 ], [ 3356195.406059050466865, 8445957.637206705287099 ], [ 3355994.654606395401061, 8446165.232458882033825 ], [ 3355784.778087709564716, 8446343.171246463432908 ], [ 3355561.213969979900867, 8446409.327975180000067 ], [ 3355323.962253205478191, 8446363.702645029872656 ], [ 3355100.398135475814342, 8446340.88997995480895 ], [ 3354890.521616790443659, 8446340.88997995480895 ], [ 3354641.863567478489131, 8446523.391300551593304 ], [ 3354354.42398754041642, 8446888.39394174143672 ], [ 3354044.171742527745664, 8447262.521648963913321 ], [ 3353711.106832440011203, 8447645.774422215297818 ], [ 3353384.885721875354648, 8447981.120598809793591 ], [ 3353065.508410832379013, 8448268.560178749263287 ], [ 3352650.317906476557255, 8448451.06149934604764 ], [ 3352139.314208809286356, 8448528.624560598284006 ], [ 3351573.560114962048829, 8448655.234851762652397 ], [ 3350953.055624935775995, 8448830.892372839152813 ], [ 3350589.904273091815412, 8448926.059661902487278 ], [ 3350484.106059430167079, 8448940.736718956381083 ], [ 3350351.792601997964084, 8448984.080782597884536 ], [ 3350192.96390079613775, 8449056.091852826997638 ], [ 3350034.378662153612822, 8449126.092007035389543 ], [ 3349876.036886070389301, 8449194.08124521933496 ], [ 3349704.941898012068123, 8449302.441404324024916 ], [ 3349521.093697977717966, 8449451.172484345734119 ], [ 3349336.778304408770055, 8449589.413486564531922 ], [ 3349151.99571730569005, 8449717.16441098228097 ], [ 3348946.234456842299551, 8449884.937151279300451 ], [ 3348719.494523019064218, 8450092.731707457453012 ], [ 3348292.897686126176268, 8450356.217989068478346 ], [ 3347666.443946164101362, 8450675.395996108651161 ], [ 3347154.008642855100334, 8450998.282094568014145 ], [ 3346755.591776199173182, 8451324.876284442842007 ], [ 3346432.792565395589918, 8451576.956233514472842 ], [ 3346185.611010443419218, 8451754.521941786631942 ], [ 3345996.433820878155529, 8451821.062447475269437 ], [ 3345865.260996700264513, 8451776.577750580385327 ], [ 3345771.158753267955035, 8451750.913502372801304 ], [ 3345714.127090581692755, 8451744.069702848792076 ], [ 3345637.704662582371384, 8451684.756773656234145 ], [ 3345541.89146926952526, 8451572.974714791402221 ], [ 3345430.109410404693335, 8451469.177088702097535 ], [ 3345302.358485987409949, 8451373.363895390182734 ], [ 3345147.232363481074572, 8451322.035398971289396 ], [ 3344964.731042885221541, 8451315.191599451005459 ], [ 3344814.420950280502439, 8451345.326231401413679 ], [ 3344696.302085667382926, 8451412.439294822514057 ], [ 3344496.691266265697777, 8451569.846683837473392 ], [ 3344215.588492075446993, 8451817.54839844070375 ], [ 3343939.301747787278146, 8452017.821683742105961 ], [ 3343667.831033401191235, 8452170.666539743542671 ], [ 3343439.213975775521249, 8452316.585036473348737 ], [ 3343253.450574910268188, 8452455.577173931524158 ], [ 3343120.042150645982474, 8452622.331618783995509 ], [ 3343038.988702982198447, 8452816.848371027037501 ], [ 3343001.981693952810019, 8452980.377779124304652 ], [ 3343009.021123557817191, 8453112.919843075796962 ], [ 3342908.59973080875352, 8453346.527670281007886 ], [ 3342700.717515706084669, 8453681.201260743662715 ], [ 3342469.025483737699687, 8453992.257845941931009 ], [ 3342213.523634903132915, 8454279.697425879538059 ], [ 3341973.990651621017605, 8454528.355475191026926 ], [ 3341750.426533891819417, 8454738.23199387639761 ], [ 3341504.049751087091863, 8454881.95178384706378 ], [ 3341234.860303208231926, 8454959.514845099300146 ], [ 3340995.327319926582277, 8454998.296375725418329 ], [ 3340785.450801241211593, 8454998.296375725418329 ], [ 3340545.917817959561944, 8454952.671045577153563 ], [ 3340276.728370079770684, 8454861.420385278761387 ], [ 3340078.258183931931853, 8454742.794526893645525 ], [ 3339950.507259515114129, 8454596.793470416218042 ], [ 3339813.631269068457186, 8454437.104814894497395 ], [ 3339667.630212591495365, 8454263.728560328483582 ], [ 3339523.910422622226179, 8454120.008770359680057 ], [ 3339382.471899160649627, 8454005.945444986224174 ], [ 3339222.783243639394641, 8453948.913782300427556 ], [ 3339044.84445605892688, 8453948.913782300427556 ], [ 3338901.124666089192033, 8453980.851513404399157 ], [ 3338791.623873732052743, 8454044.726975612342358 ], [ 3338663.872949314769357, 8454188.446765583008528 ], [ 3338517.871892837807536, 8454412.010883312672377 ], [ 3338374.152102869004011, 8454594.512203907594085 ], [ 3338232.713579406961799, 8454735.950727369636297 ], [ 3338034.243393259122968, 8454879.670517336577177 ], [ 3337778.741544425487518, 8455025.67157381400466 ], [ 3337436.55156830791384, 8455249.235691543668509 ], [ 3337007.673464907798916, 8455550.362870525568724 ], [ 3336576.514095, 8455796.739653330296278 ], [ 3336143.073458584956825, 8455988.366039957851171 ], [ 3335670.851291543804109, 8456116.116964373737574 ], [ 3335159.847593874670565, 8456179.99242658354342 ], [ 3334808.532551728188992, 8456275.805619895458221 ], [ 3334616.906165102496743, 8456403.556544311344624 ], [ 3334402.467113402206451, 8456586.057864908128977 ], [ 3334165.215396627783775, 8456823.309581683948636 ], [ 3334005.52674110699445, 8457062.842564966529608 ], [ 3333923.401146838907152, 8457304.656814754009247 ], [ 3333850.400618600659072, 8457521.377132963389158 ], [ 3333786.525156391784549, 8457713.003519587218761 ], [ 3333683.868163556326181, 8457911.473705735057592 ], [ 3333542.429640094749629, 8458116.787691406905651 ], [ 3333391.866050602868199, 8458219.444684240967035 ], [ 3333232.177395082078874, 8458219.444684240967035 ], [ 3333015.457076874561608, 8458125.912757435813546 ], [ 3332741.705095980316401, 8457938.848903825506568 ], [ 3332550.078709355089813, 8457749.503783706575632 ], [ 3332440.577916997484863, 8457557.877397082746029 ], [ 3332264.920395923778415, 8457366.251010455191135 ], [ 3332023.106146134901792, 8457174.624623831361532 ], [ 3331831.479759509209543, 8457062.842564966529608 ], [ 3331690.041236047632992, 8457030.904833860695362 ], [ 3331482.445983869954944, 8456996.685836249962449 ], [ 3331208.694002976175398, 8456960.185572128742933 ], [ 3330937.223288590088487, 8456941.935440069064498 ], [ 3330668.033840711228549, 8456941.935440069064498 ], [ 3330437.625923458952457, 8456948.779239591211081 ], [ 3330245.999536833260208, 8456962.466838637366891 ], [ 3330086.310881312005222, 8456907.716442458331585 ], [ 3329958.559956895187497, 8456784.528051055967808 ], [ 3329885.559428656473756, 8456649.933327116072178 ], [ 3329867.309296596795321, 8456503.93227064050734 ], [ 3329835.37156549282372, 8456383.025145746767521 ], [ 3329789.746235343627632, 8456287.211952432990074 ], [ 3329703.058108060620725, 8456191.398759119212627 ], [ 3329575.307183643803, 8456095.585565805435181 ], [ 3329271.898738153278828, 8456095.585565805435181 ], [ 3328792.832771589048207, 8456191.398759119212627 ], [ 3328425.54886388964951, 8456357.931214163079858 ], [ 3328170.047015056014061, 8456595.182930937036872 ], [ 3327921.388965744059533, 8456809.621982637792826 ], [ 3327679.574715954717249, 8457001.248369261622429 ], [ 3327408.104001568630338, 8457154.093225261196494 ], [ 3327106.976822585333139, 8457268.156550634652376 ], [ 3326771.630645990371704, 8457411.876340603455901 ], [ 3326402.065471784211695, 8457585.252595169469714 ], [ 3326194.470219606533647, 8457697.034654034301639 ], [ 3326148.844889457337558, 8457747.222517197951674 ], [ 3325957.21850283164531, 8457868.129642093554139 ], [ 3325619.591059729456902, 8458059.756028717383742 ], [ 3325370.933010417502373, 8458242.257349314168096 ], [ 3325211.244354896247387, 8458415.633603880181909 ], [ 3324973.99263812135905, 8458611.822523519396782 ], [ 3324659.177860093768686, 8458830.824108235538006 ], [ 3324431.051209349185228, 8458972.262631697580218 ], [ 3324289.612685886677355, 8459036.138093905523419 ], [ 3324082.017433708999306, 8459068.07582500949502 ], [ 3323808.265452816151083, 8459068.07582500949502 ], [ 3323520.82587287761271, 8459093.169756591320038 ], [ 3323219.69869389384985, 8459143.357619754970074 ], [ 3322980.165710611734539, 8459239.17081306874752 ], [ 3322802.226923031266779, 8459380.609336530789733 ], [ 3322740.632727330550551, 8459535.735459035262465 ], [ 3322795.383123509585857, 8459704.549180585891008 ], [ 3322822.75832159910351, 8459884.769234674051404 ], [ 3322822.75832159910351, 8460076.395621297881007 ], [ 3322777.132991450373083, 8460363.835201237350702 ], [ 3322685.882331152446568, 8460747.087974488735199 ], [ 3322494.25594452675432, 8461112.09061568044126 ], [ 3322202.253831573296338, 8461458.843124812468886 ], [ 3321832.688657366670668, 8461682.407242542132735 ], [ 3321385.56042190734297, 8461782.782968869432807 ], [ 3321116.370974028483033, 8461691.53230857104063 ], [ 3321025.120313730090857, 8461408.655261648818851 ], [ 3320947.557252476923168, 8461153.153412815183401 ], [ 3320883.681790268514305, 8460925.026762068271637 ], [ 3320723.993134747259319, 8460683.212512280791998 ], [ 3320468.491285912692547, 8460427.710663445293903 ], [ 3320149.113974870182574, 8460345.585069177672267 ], [ 3319765.861201618798077, 8460436.835729476064444 ], [ 3319300.482834099791944, 8460674.087446250021458 ], [ 3318752.978872312698513, 8461057.340219501405954 ], [ 3318415.351429210044444, 8461312.842068336904049 ], [ 3318287.600504792761058, 8461440.592992752790451 ], [ 3318114.224250226747245, 8461522.718587020412087 ], [ 3317895.222665512003005, 8461559.218851139768958 ], [ 3317671.658547782339156, 8461577.468983199447393 ], [ 3317443.531897037755698, 8461577.468983199447393 ], [ 3317219.967779307626188, 8461563.781384155154228 ], [ 3317000.966194592881948, 8461536.406186066567898 ], [ 3316672.463817520532757, 8461527.281120035797358 ], [ 3316234.460648089647293, 8461536.406186068430543 ], [ 3315855.770407853648067, 8461618.531780336052179 ], [ 3315536.393096811138093, 8461773.657902844250202 ], [ 3314961.513936934061348, 8461965.284289468079805 ], [ 3314131.132928223349154, 8462193.410940213128924 ], [ 3313510.628438197541982, 8462467.162921106442809 ], [ 3313100.000466857105494, 8462786.54023214802146 ], [ 3312785.627953504677862, 8463056.395768085494637 ], [ 3312567.51089814119041, 8463276.729528916999698 ], [ 3312434.223764549475163, 8463462.742334708571434 ], [ 3312385.766552729532123, 8463614.434185458347201 ], [ 3312305.100934028159827, 8463755.791890738531947 ], [ 3312192.226908444892615, 8463886.815450547263026 ], [ 3312033.51192908314988, 8464115.993149111047387 ], [ 3311828.955995943397284, 8464443.324986431747675 ], [ 3311671.92763319471851, 8464629.803570166230202 ], [ 3311562.426840837113559, 8464675.428900312632322 ], [ 3311434.675916420295835, 8464730.179296491667628 ], [ 3311288.674859943334013, 8464794.054758701473475 ], [ 3311103.892272839788347, 8464889.867952013388276 ], [ 3310880.32815511059016, 8465017.618876431137323 ], [ 3310649.920237858314067, 8465170.463732428848743 ], [ 3310412.66852108342573, 8465348.402520012110472 ], [ 3310138.51579846534878, 8465467.995919557288289 ], [ 3309827.462070004083216, 8465529.243931069970131 ], [ 3309594.77288624458015, 8465663.838655008003116 ], [ 3309440.448247186839581, 8465871.780091376975179 ], [ 3309347.317062105983496, 8466039.626271769404411 ], [ 3309315.379331001080573, 8466167.377196185290813 ], [ 3309292.56666592694819, 8466336.190917735919356 ], [ 3309278.879066882189363, 8466546.06743642129004 ], [ 3309256.066401807591319, 8466785.600419703871012 ], [ 3309224.128670703619719, 8467054.789867583662271 ], [ 3309160.253208494745195, 8467196.228391043841839 ], [ 3309064.440015182364732, 8467209.915990088135004 ], [ 3308952.657956317532808, 8467232.728655163198709 ], [ 3308824.907031900249422, 8467264.666386265307665 ], [ 3308585.374048618599772, 8467264.666386265307665 ], [ 3308234.059006471186876, 8467232.728655163198709 ], [ 3307921.525494950823486, 8467271.510185789316893 ], [ 3307647.773514057509601, 8467381.010978145524859 ], [ 3307437.896995372138917, 8467438.042640831321478 ], [ 3307291.895938895177096, 8467442.605173848569393 ], [ 3307164.145014478359371, 8467244.134987700730562 ], [ 3307054.644222120754421, 8466842.632082391530275 ], [ 3306894.955566599499434, 8466467.363741915673018 ], [ 3306685.079047914128751, 8466118.329966275021434 ], [ 3306484.327595258597285, 8465844.577985381707549 ], [ 3306292.701208633370697, 8465646.107799233868718 ], [ 3306156.965851440094411, 8465482.997243952006102 ], [ 3306077.121523679699749, 8465355.246319532394409 ], [ 3305952.792499023489654, 8465211.526529563590884 ], [ 3305783.97877747239545, 8465051.837874043732882 ], [ 3305600.336823622696102, 8464884.164785746484995 ], [ 3305401.866637474857271, 8464708.507264671847224 ], [ 3305246.740514968521893, 8464580.756340254098177 ], [ 3305134.958456103689969, 8464500.912012495100498 ], [ 3305039.145262790843844, 8464409.661352196708322 ], [ 3304959.300935029983521, 8464307.004359360784292 ], [ 3304887.441040045581758, 8464211.191166047006845 ], [ 3304823.565577836707234, 8464122.221772257238626 ], [ 3304723.189851509407163, 8464005.877180378884077 ], [ 3304586.313861062284559, 8463862.157390408217907 ], [ 3304451.71913712285459, 8463681.937336321920156 ], [ 3304319.405679691117257, 8463465.217018112540245 ], [ 3304122.076126796659082, 8463233.668467607349157 ], [ 3303859.730478440411389, 8462987.291684802621603 ], [ 3303652.13522626273334, 8462759.165034059435129 ], [ 3303499.290370263159275, 8462549.288515374064445 ], [ 3303379.52387862233445, 8462377.052894061431289 ], [ 3303292.835751339327544, 8462242.458170123398304 ], [ 3303228.96028913045302, 8462103.300913169980049 ], [ 3303187.897491996642202, 8461959.581123199313879 ], [ 3303135.42836232483387, 8461804.455000694841146 ], [ 3303071.552900116425008, 8461637.922545649111271 ], [ 3303004.255538146942854, 8461506.749721471220255 ], [ 3302933.536276415921748, 8461410.936528159305453 ], [ 3302870.801447460893542, 8461255.81040565110743 ], [ 3302816.051051282789558, 8461041.371353946626186 ], [ 3302773.847620895132422, 8460914.761062782257795 ], [ 3302744.191156297922134, 8460875.979532156139612 ], [ 3302704.268992417491972, 8460832.635468514636159 ], [ 3302654.081129254307598, 8460784.728871857747436 ], [ 3302612.733173806685954, 8460751.935665812343359 ], [ 3302580.225126075558364, 8460734.255850378423929 ], [ 3302567.107843657955527, 8460718.572143139317632 ], [ 3302573.381326553411782, 8460704.884544095024467 ], [ 3302576.518068001139909, 8460690.911786736920476 ], [ 3302576.518068001139909, 8460676.65387106500566 ], [ 3302570.244585105683655, 8460660.685005512088537 ], [ 3302557.697619314305484, 8460643.005190080031753 ], [ 3302549.713186538312584, 8460627.03632452711463 ], [ 3302546.291286777239293, 8460612.778408857062459 ], [ 3302546.291286777239293, 8460600.801759693771601 ], [ 3302549.713186538312584, 8460591.10637703537941 ], [ 3302561.404677389189601, 8460578.274252932518721 ], [ 3302581.365759328939021, 8460562.305387377738953 ], [ 3302596.479149940889329, 8460549.188104961067438 ], [ 3302606.744849224574864, 8460538.922405678778887 ], [ 3302613.873807060066611, 8460521.812906872481108 ], [ 3302617.866023448761553, 8460497.859608542174101 ], [ 3302620.717606583144516, 8460479.894634796306491 ], [ 3302622.4285564632155, 8460467.917985633015633 ], [ 3302632.40909743309021, 8460457.081969723105431 ], [ 3302650.659229493234307, 8460447.38658706471324 ], [ 3302661.780403716955334, 8460439.402154289186001 ], [ 3302665.772620105184615, 8460433.128671392798424 ], [ 3302667.768728299066424, 8460420.86686391569674 ], [ 3302667.768728299066424, 8460402.61673185788095 ], [ 3302662.921036970801651, 8460388.643974499776959 ], [ 3302653.225654313806444, 8460378.948591841384768 ], [ 3302640.393530209548771, 8460364.120359543710947 ], [ 3302624.42466465709731, 8460344.15927760489285 ], [ 3302614.444123686756939, 8460325.338828917592764 ], [ 3302610.451907299458981, 8460307.659013485535979 ], [ 3302605.319057657383382, 8460286.557298291474581 ], [ 3302599.045574761927128, 8460262.033683335408568 ], [ 3302590.775983672589064, 8460240.93196814134717 ], [ 3302580.510284388903528, 8460223.252152709290385 ], [ 3302575.377434747293591, 8460208.423920411616564 ], [ 3302575.377434747293591, 8460196.44727124646306 ], [ 3302584.502500777132809, 8460183.615147143602371 ], [ 3302602.752632836345583, 8460169.927548097446561 ], [ 3302628.702039358671755, 8460153.958682544529438 ], [ 3302662.350720343645662, 8460135.708550486713648 ], [ 3302684.307910477742553, 8460122.591268068179488 ], [ 3302694.573609761428088, 8460114.606835292652249 ], [ 3302710.827633626759052, 8460082.669104188680649 ], [ 3302733.069982074666768, 8460026.778074756264687 ], [ 3302751.03495582100004, 8459993.984868712723255 ], [ 3302764.722554865293205, 8459984.289486054331064 ], [ 3302775.558570775669068, 8459978.301161473616958 ], [ 3302783.54300355212763, 8459976.019894964993 ], [ 3302791.52743632812053, 8459966.039353996515274 ], [ 3302799.511869103647768, 8459948.359538562595844 ], [ 3302806.640826939605176, 8459925.261715173721313 ], [ 3302812.914309835061431, 8459896.745883829891682 ], [ 3302842.000457804650068, 8459840.854854397475719 ], [ 3302893.899270849768072, 8459757.588626876473427 ], [ 3302943.231659073382616, 8459684.01778201200068 ], [ 3302989.997622475959361, 8459620.142319802194834 ], [ 3302985.43508946057409, 8459524.329126490280032 ], [ 3302929.544060028158128, 8459396.578202072530985 ], [ 3302845.707515879534185, 8459298.483742251992226 ], [ 3302733.92545701470226, 8459230.0457470305264 ], [ 3302650.088912866078317, 8459192.404849655926228 ], [ 3302594.197883433662355, 8459185.561050131917 ], [ 3302548.572553284466267, 8459174.154717594385147 ], [ 3302513.212922419421375, 8459158.185852043330669 ], [ 3302405.42307994235307, 8459119.974638044834137 ], [ 3302225.203025853727013, 8459059.52107559889555 ], [ 3302099.163051317445934, 8458945.457750225439668 ], [ 3302027.303156333044171, 8458777.784661928191781 ], [ 3301991.373208840377629, 8458634.064871959388256 ], [ 3301991.373208840377629, 8458514.298380317166448 ], [ 3301949.740095079876482, 8458442.438485331833363 ], [ 3301866.473867557942867, 8458418.485187005251646 ], [ 3301726.7462939764373, 8458478.368432825431228 ], [ 3301530.557374336291105, 8458622.088222794234753 ], [ 3301382.845367978792638, 8458697.940334167331457 ], [ 3301283.610274904873222, 8458705.924766942858696 ], [ 3301131.906052160076797, 8458677.408935599029064 ], [ 3300927.73269974347204, 8458612.392840137705207 ], [ 3300739.528212879318744, 8458494.337298376485705 ], [ 3300567.292591566219926, 8458323.242310317233205 ], [ 3300421.861851716414094, 8458196.061702527105808 ], [ 3300303.235993329901248, 8458112.795475006103516 ], [ 3300132.141005271114409, 8458080.857743902131915 ], [ 3299908.57688754145056, 8458100.248509215191007 ], [ 3299682.731503304094076, 8458131.615923691540956 ], [ 3299454.604852559044957, 8458174.959987331181765 ], [ 3299218.493769038468599, 8458169.256821062415838 ], [ 3298974.398252740502357, 8458114.506424885243177 ], [ 3298794.74851527903229, 8458100.818825840950012 ], [ 3298679.544556653127074, 8458128.194023929536343 ], [ 3298534.113816803321242, 8458176.100620586425066 ], [ 3298358.456295729614794, 8458244.538615811616182 ], [ 3298193.064473939593881, 8458281.038879930973053 ], [ 3298037.938351433724165, 8458285.601412944495678 ], [ 3297914.17964340467006, 8458287.882679453119636 ], [ 3297821.788349852431566, 8458287.882679453119636 ], [ 3297691.756158927921206, 8458221.725950736552477 ], [ 3297524.08307063113898, 8458089.412493305280805 ], [ 3297304.511169289238751, 8457951.395869605243206 ], [ 3297033.040454902220517, 8457807.676079634577036 ], [ 3296773.546389680355787, 8457715.855102710425854 ], [ 3296526.028973622247577, 8457675.932938829064369 ], [ 3296276.800607684068382, 8457620.612226024270058 ], [ 3296025.861291865352541, 8457549.892964294180274 ], [ 3295873.50830301688984, 8457471.766315147280693 ], [ 3295819.741641139145941, 8457386.23227858915925 ], [ 3295727.250475112814456, 8457396.792293608188629 ], [ 3295792.858310200273991, 8457343.465260308235884 ], [ 3295632.295085418503731, 8457473.973459873348475 ], [ 3295523.486414045095444, 8457491.837570099160075 ], [ 3295426.045812814496458, 8457534.061830632388592 ], [ 3295309.117091338150203, 8457613.638321636244655 ], [ 3295200.308419964741915, 8457655.862582169473171 ], [ 3295138.596039185300469, 8457693.214812640100718 ], [ 3295078.507668426726013, 8457735.439073173329234 ], [ 3295036.283407893497497, 8457777.663333706557751 ], [ 3295016.795287647750229, 8457819.887594239786267 ], [ 3295005.427217504009604, 8457850.743784630671144 ], [ 3295005.427217504009604, 8457899.464085245504975 ], [ 3295028.163357791025192, 8457912.456165408715606 ], [ 3295070.387618324253708, 8457917.328195471316576 ], [ 3295114.235888877883554, 8457907.584135347977281 ], [ 3295156.46014941111207, 8457883.223985040560365 ], [ 3295198.684409943874925, 8457870.231904875487089 ], [ 3295223.044560251757503, 8457888.09601510129869 ], [ 3295236.036640415433794, 8457930.320275634527206 ], [ 3295200.308419964741915, 8457941.688345778733492 ], [ 3295158.084159431513399, 8457961.176466023549438 ], [ 3295109.363858816213906, 8457979.040576249361038 ], [ 3295029.78736781142652, 8457985.536616330966353 ], [ 3294981.067067196592689, 8457990.408646393567324 ], [ 3294943.71483672503382, 8458027.76087686419487 ], [ 3294901.490576191805303, 8458069.985137397423387 ], [ 3294865.762355740647763, 8458087.849247623234987 ], [ 3294821.914085187017918, 8458094.345287704840302 ], [ 3294761.825714428443462, 8458065.113107336685061 ], [ 3294724.473483956884593, 8458040.752957029268146 ], [ 3294640.024962890893221, 8458016.39280672185123 ], [ 3294597.800702357664704, 8458021.264836782589555 ], [ 3294536.088321578223258, 8458052.121027171611786 ], [ 3294445.14376043016091, 8458107.337367869913578 ], [ 3294432.151680266018957, 8458125.201478095725179 ], [ 3294407.791529958602041, 8458234.010149469599128 ], [ 3294402.919499896932393, 8458289.226490166038275 ], [ 3294402.919499896932393, 8458337.946790780872107 ], [ 3294396.423459814861417, 8458355.810901006683707 ], [ 3294372.063309507444501, 8458393.163131477311254 ], [ 3294305.478898666799068, 8458404.531201621517539 ], [ 3294243.766517887823284, 8458394.787141498178244 ], [ 3294208.038297436665744, 8458388.291101416572928 ], [ 3294115.469726267736405, 8458393.163131477311254 ], [ 3294063.501405611168593, 8458372.86300622113049 ], [ 3294006.661054893862456, 8458411.839246712625027 ], [ 3293978.240879534743726, 8458472.739622481167316 ], [ 3293969.308824422303587, 8458549.068093445152044 ], [ 3293945.760679124854505, 8458564.496188640594482 ], [ 3293912.468473704531789, 8458546.632078414782882 ], [ 3293857.252133007161319, 8458546.632078414782882 ], [ 3293832.891982699744403, 8458606.720449173822999 ], [ 3293838.576017771381885, 8458683.048920137807727 ], [ 3293836.140002741012722, 8458740.701275864616036 ], [ 3293802.847797320690006, 8458759.37739109992981 ], [ 3293766.307571859098971, 8458750.445335987955332 ], [ 3293741.947421551682055, 8458743.949295906350017 ], [ 3293720.023286274634302, 8458762.62541114166379 ], [ 3293722.459301305469126, 8458850.321952249854803 ], [ 3293786.607697115279734, 8458929.898443253710866 ], [ 3293793.103737197350711, 8458975.370723828673363 ], [ 3293774.427621961571276, 8459020.843004401773214 ], [ 3293695.663135967217386, 8459039.519119637086987 ], [ 3293613.650629931595176, 8459081.743380170315504 ], [ 3293592.538499664980918, 8459124.779645714908838 ], [ 3293631.514740157406777, 8459149.139796022325754 ], [ 3293695.663135967217386, 8459140.207740908488631 ], [ 3293854.004112966358662, 8459106.10353047773242 ], [ 3293868.620203150901943, 8459130.463680785149336 ], [ 3293875.11624323297292, 8459151.575811052694917 ], [ 3293811.779852433130145, 8459246.580397251993418 ], [ 3293768.743586889933795, 8459398.425334168598056 ], [ 3293729.767346397973597, 8459443.897614743560553 ], [ 3293681.047045782674104, 8459451.20565983466804 ], [ 3293620.146670013666153, 8459435.777564641088247 ], [ 3293571.426369398832321, 8459426.033504517748952 ], [ 3293546.25421408098191, 8459465.821750020608306 ], [ 3293521.082058763131499, 8459524.692113265395164 ], [ 3293408.213362338021398, 8459536.872188419103622 ], [ 3293310.772761107888073, 8459609.140634331852198 ], [ 3293227.948250061832368, 8459612.388654371723533 ], [ 3293180.03995445696637, 8459579.096448952332139 ], [ 3293119.139578688424081, 8459600.208579218015075 ], [ 3293088.283388298470527, 8459636.748804679140449 ], [ 3293054.991182878147811, 8459624.568729525431991 ], [ 3293054.991182878147811, 8459575.848428910598159 ], [ 3293006.270882263313979, 8459544.992238521575928 ], [ 3292917.762336145620793, 8459549.05226357281208 ], [ 3292860.109980417881161, 8459560.420333715155721 ], [ 3292774.849454341456294, 8459621.32070948369801 ], [ 3292729.37717376742512, 8459734.189405908808112 ], [ 3292686.34090822422877, 8459749.61750110425055 ], [ 3292670.912813029251993, 8459737.437425950542092 ], [ 3292655.484717834740877, 8459676.537050180137157 ], [ 3292595.396347076166421, 8459631.064769607037306 ], [ 3292503.639780917670578, 8459613.200659381225705 ], [ 3292251.106222729198635, 8459664.356975026428699 ], [ 3291983.956574355717748, 8459938.002663481980562 ], [ 3291964.46845410997048, 8460032.195244671776891 ], [ 3292013.188754724804312, 8460120.703790787607431 ], [ 3291998.57266454026103, 8460166.176071362569928 ], [ 3291968.528479161206633, 8460166.988076372072101 ], [ 3291895.448028238490224, 8460160.492036290466785 ], [ 3291801.255447049159557, 8460142.627926064655185 ], [ 3291758.219181505963206, 8460175.920131485909224 ], [ 3291757.407176495529711, 8460242.504542326554656 ], [ 3291781.767326802946627, 8460266.864692633971572 ], [ 3291845.915722613222897, 8460276.608752757310867 ], [ 3291849.975747663527727, 8460296.908878017216921 ], [ 3291827.23960737651214, 8460327.765068406239152 ], [ 3291582.014094280079007, 8460345.629178632050753 ], [ 3291564.149984054733068, 8460394.349479246884584 ], [ 3291515.429683439433575, 8460430.077699698507786 ], [ 3291466.709382824599743, 8460400.8455193284899 ], [ 3291413.117052147630602, 8460382.981409104540944 ], [ 3291344.908631286583841, 8460365.117298878729343 ], [ 3291247.468030056450516, 8460358.621258797124028 ], [ 3290919.41800591442734, 8460218.956397032365203 ], [ 3290803.301289449445903, 8460196.220256745815277 ], [ 3290751.332968793343753, 8460193.784241715446115 ], [ 3290726.972818485461175, 8460153.995996212586761 ], [ 3290718.040763373021036, 8460098.779655516147614 ], [ 3290748.084948752075434, 8459979.414919007569551 ], [ 3290802.489284439012408, 8459916.078528208658099 ], [ 3290778.129134131595492, 8459779.661686485633254 ], [ 3290681.500537911430001, 8459709.017250593751669 ], [ 3290599.488031875807792, 8459675.725045174360275 ], [ 3290556.451766332611442, 8459690.341135358437896 ], [ 3290470.37923524575308, 8459812.14188689738512 ], [ 3290389.178734220564365, 8459928.258603362366557 ], [ 3290285.242092908360064, 8459949.370733629912138 ], [ 3290173.185401493217796, 8459944.498703569173813 ], [ 3289972.620163961313665, 8459795.90178669244051 ], [ 3289859.751467536203563, 8459755.301536180078983 ], [ 3289807.783146880101413, 8459722.821335770189762 ], [ 3289738.762721008621156, 8459695.213165421038866 ], [ 3289701.410490537062287, 8459676.537050185725093 ], [ 3289625.894024583511055, 8459576.660433923825622 ], [ 3289509.777308117598295, 8459497.083942919969559 ], [ 3289458.620992471463978, 8459479.219832694157958 ], [ 3289434.260842164047062, 8459506.015998031944036 ], [ 3289433.448837153613567, 8459560.420333718881011 ], [ 3289473.23708265600726, 8459673.289030143991113 ], [ 3289464.30502754310146, 8459737.437425954267383 ], [ 3289430.20081711281091, 8459807.269856836646795 ], [ 3289403.40465177455917, 8459852.742137409746647 ], [ 3289396.908611692488194, 8459925.822588331997395 ], [ 3289394.47259666165337, 8459981.038929030299187 ], [ 3289370.112446354236454, 8460005.399079337716103 ], [ 3289336.820240933913738, 8460041.939304798841476 ], [ 3289315.708110667299479, 8460045.187324838712811 ], [ 3289257.243749929126352, 8460039.503289768472314 ], [ 3289198.779389190953225, 8460033.007249685004354 ], [ 3289163.051168739795685, 8460020.827174531295896 ], [ 3289129.758963319472969, 8460002.963064305484295 ], [ 3289072.106607591733336, 8460014.33113444969058 ], [ 3289038.002397160977125, 8459978.602913998067379 ], [ 3288962.485931207425892, 8459896.590407963842154 ], [ 3288882.909440202638507, 8459828.381987102329731 ], [ 3288728.628488254733384, 8459807.269856836646795 ], [ 3288685.592222711537033, 8459792.65376665070653 ], [ 3288666.916107475757599, 8459752.865521149709821 ], [ 3288670.164127516560256, 8459698.461185462772846 ], [ 3288683.156207680702209, 8459664.356975032016635 ], [ 3288709.952373018953949, 8459594.524544149637222 ], [ 3288694.524277823977172, 8459450.799657335504889 ], [ 3288632.811897045001388, 8459359.043091177940369 ], [ 3288614.947786819189787, 8459307.886775530874729 ], [ 3288572.723526286426932, 8459246.986399762332439 ], [ 3288529.68726074276492, 8459152.793818572536111 ], [ 3288505.327110435348004, 8459046.42116223089397 ], [ 3288507.763125466182828, 8458970.092691266909242 ], [ 3288557.295431091450155, 8458845.043919689953327 ], [ 3288545.115355937276036, 8458745.167303428053856 ], [ 3288536.183300824835896, 8458577.082266306504607 ], [ 3288569.475506245158613, 8458507.249835424125195 ], [ 3288567.851496225222945, 8458413.057254234328866 ], [ 3288582.467586409766227, 8458306.68459789082408 ], [ 3288571.099516266025603, 8458233.604146968573332 ], [ 3288531.31127076363191, 8458139.411565778777003 ], [ 3288480.154955117963254, 8458102.059335308149457 ], [ 3288056.288339766208082, 8457844.65374705940485 ], [ 3288016.50009426381439, 8457798.369461474940181 ], [ 3288018.936109294649214, 8457756.145200941711664 ], [ 3288027.868164407555014, 8457679.816729977726936 ], [ 3288016.50009426381439, 8457621.352369241416454 ], [ 3287842.731022069696337, 8457387.494926288723946 ], [ 3287818.370871762279421, 8457320.910515448078513 ], [ 3287757.47049599327147, 8457232.401969330385327 ], [ 3287763.154531064908952, 8457186.117683745920658 ], [ 3287796.446736485231668, 8457156.073498368263245 ], [ 3287848.41505714179948, 8457126.029312988743186 ], [ 3287909.315432910341769, 8457110.601217793300748 ], [ 3287932.457575702108443, 8457093.549112575128675 ], [ 3287933.675583217758685, 8457063.504927195608616 ], [ 3287911.345445435959846, 8457034.27274682559073 ], [ 3287807.814806628506631, 8456942.922183172777295 ], [ 3287806.190796608105302, 8456917.344025349244475 ], [ 3287830.144944410771132, 8456892.983875041827559 ], [ 3287917.435483012814075, 8456906.381957711651921 ], [ 3288025.026146871037781, 8456935.208135575056076 ], [ 3288031.11618444789201, 8456959.568285882472992 ], [ 3287994.575958986766636, 8457024.934689207002521 ], [ 3288002.290006584022194, 8457049.294839516282082 ], [ 3288018.936109294183552, 8457063.098924688994884 ], [ 3288044.920269622001797, 8457063.098924688994884 ], [ 3288073.746447486337274, 8457039.1447768881917 ], [ 3288173.217061242088675, 8456846.69958945736289 ], [ 3288191.081171467434615, 8456743.168950650840998 ], [ 3288223.15536937257275, 8456739.108925599604845 ], [ 3288245.891509659588337, 8456750.882998248562217 ], [ 3288276.747700049076229, 8456810.159363996237516 ], [ 3288302.325857872143388, 8456841.015554385259748 ], [ 3288329.528025715611875, 8456833.301506787538528 ], [ 3288343.332110889721662, 8456810.565366500988603 ], [ 3288313.287925510201603, 8456657.09641956537962 ], [ 3288305.573877912946045, 8456562.497835870832205 ], [ 3288288.927775202784687, 8456497.131432546302676 ], [ 3288311.663915489800274, 8456477.237309794872999 ], [ 3288336.02406579721719, 8456486.169364908710122 ], [ 3288358.760206084232777, 8456496.72543004155159 ], [ 3288398.142449081875384, 8456487.793374927714467 ], [ 3288410.322524235583842, 8456465.057234641164541 ], [ 3288418.0365718328394, 8456434.607046756893396 ], [ 3288385.962373928166926, 8456357.872573288157582 ], [ 3288378.654328836128116, 8456317.272322775796056 ], [ 3288399.766459102742374, 8456254.747936986386776 ], [ 3288475.688927561044693, 8456160.555355796590447 ], [ 3288480.560957622714341, 8456139.03722302429378 ], [ 3288464.320857417304069, 8455845.0914093144238 ], [ 3288447.268752201925963, 8455804.085156295448542 ], [ 3288410.728526740800589, 8455772.010958392173052 ], [ 3288362.008226125501096, 8455744.808790547773242 ], [ 3288325.468000663910061, 8455691.216459872201085 ], [ 3288279.995720089878887, 8455604.737926280125976 ], [ 3288253.605557256378233, 8455528.409455314278603 ], [ 3288236.959454546216875, 8455340.836297946050763 ], [ 3288239.395469577051699, 8455277.499907147139311 ], [ 3288245.485507153905928, 8455237.711661644279957 ], [ 3288245.485507153905928, 8455210.509493801742792 ], [ 3288248.733527195174247, 8455184.525333473458886 ], [ 3288253.199554751627147, 8455144.737087970599532 ], [ 3288258.883589823264629, 8455097.234794870018959 ], [ 3288265.379629905335605, 8455045.266474215313792 ], [ 3288269.845657461788505, 8454978.276060868054628 ], [ 3288292.581797748804092, 8454943.765847932547331 ], [ 3288301.513852861709893, 8454902.353592410683632 ], [ 3288307.603890438564122, 8454859.723329372704029 ], [ 3288297.45382781047374, 8454834.145171549171209 ], [ 3288274.311685018241405, 8454809.785021241754293 ], [ 3288259.289592328481376, 8454794.356926046311855 ], [ 3288241.019479597918689, 8454785.424870934337378 ], [ 3288222.749366867356002, 8454767.154758203774691 ], [ 3288208.945281692780554, 8454757.816700585186481 ], [ 3288180.119103828910738, 8454750.102652987465262 ], [ 3288133.022813234478235, 8454737.922577833756804 ], [ 3288090.392550196032971, 8454725.742502680048347 ], [ 3288064.408389868214726, 8454713.562427526339889 ], [ 3288033.95820198347792, 8454684.736249662935734 ], [ 3288015.688089252915233, 8454657.534081818535924 ], [ 3287938.953615784645081, 8454569.025535704568028 ], [ 3287896.729355251416564, 8454492.697064740583301 ], [ 3287767.214556116145104, 8454171.54908318631351 ], [ 3287754.628478457219899, 8454139.068882774561644 ], [ 3287734.734355706255883, 8454123.640787579119205 ], [ 3287713.622225439641625, 8454090.754584664478898 ], [ 3287681.142025029752403, 8454068.830449387431145 ], [ 3287588.573453860823065, 8454017.674133740365505 ], [ 3287482.20079751778394, 8453985.599935837090015 ], [ 3287424.14243928482756, 8453939.721652757376432 ], [ 3287413.586374151520431, 8453886.535324584692717 ], [ 3287426.984456819947809, 8453845.123069064691663 ], [ 3287455.810634683817625, 8453819.544911241158843 ], [ 3287498.440897722262889, 8453792.342743398621678 ], [ 3287524.425058050081134, 8453748.088470339775085 ], [ 3287518.335020473226905, 8453700.992179745808244 ], [ 3287501.688917763065547, 8453693.278132148087025 ], [ 3287469.614719857927412, 8453688.812104592099786 ], [ 3287456.216637189034373, 8453702.210187260061502 ], [ 3287439.164531973656267, 8453734.284385165199637 ], [ 3287430.232476860750467, 8453755.396515432745218 ], [ 3287411.96236413018778, 8453765.952580565586686 ], [ 3287393.692251399625093, 8453761.892555514350533 ], [ 3287383.136186266317964, 8453745.246452804654837 ], [ 3287385.572201297152787, 8453703.834197280928493 ], [ 3287408.714344089385122, 8453650.647869110107422 ], [ 3287448.096587086562067, 8453627.911728821694851 ], [ 3287490.72685012454167, 8453619.791678719222546 ], [ 3287542.695170780643821, 8453625.881716296076775 ], [ 3287575.987376200966537, 8453597.461540937423706 ], [ 3287602.377539034467191, 8453588.123483320698142 ], [ 3287629.579706877935678, 8453549.959247838705778 ], [ 3287642.977789546828717, 8453507.328984797000885 ], [ 3287679.518015008419752, 8453451.300639091059566 ], [ 3287702.254155295435339, 8453341.679962705820799 ], [ 3287705.502175336237997, 8453257.637444145977497 ], [ 3287684.390045069623739, 8453192.271040819585323 ], [ 3287705.502175336237997, 8453137.460702627897263 ], [ 3287707.126185357104987, 8453094.83043958991766 ], [ 3287687.23206260567531, 8453044.486128954216838 ], [ 3287655.563867205753922, 8453000.637858400121331 ], [ 3287628.361699362285435, 8452909.287294747307897 ], [ 3287563.807301046792418, 8452818.748736103996634 ], [ 3287524.425058049615473, 8452730.646192491054535 ], [ 3287496.816887701395899, 8452642.137646373361349 ], [ 3287507.778955339454114, 8452601.537395860999823 ], [ 3287493.974870165344328, 8452575.553235532715917 ], [ 3287506.154945319052786, 8452537.389000052586198 ], [ 3287498.440897721797228, 8452514.246857259422541 ], [ 3287498.440897721797228, 8452471.616594221442938 ], [ 3287522.801048029214144, 8452424.926306132227182 ], [ 3287538.229143224190921, 8452345.349815128371119 ], [ 3287536.605133203789592, 8452249.533223919570446 ], [ 3287498.846900227013975, 8452178.076783018186688 ], [ 3287486.26082256808877, 8452117.176407247781754 ], [ 3287483.41880503250286, 8452106.214339606463909 ], [ 3287507.778955339919776, 8452019.735806016251445 ], [ 3287522.801048029679805, 8451917.829177228733897 ], [ 3287542.695170780643821, 8451797.246433205902576 ], [ 3287562.589293532073498, 8451733.504039902240038 ], [ 3287563.807301047258079, 8451689.249766843393445 ], [ 3287545.94319082191214, 8451658.7995789591223 ], [ 3287517.117012957576662, 8451654.333551401272416 ], [ 3287477.32876745518297, 8451658.7995789591223 ], [ 3287451.750609632581472, 8451649.867523845285177 ], [ 3287424.142439283896238, 8451613.327298384159803 ], [ 3287399.782288976479322, 8451565.82500528357923 ], [ 3287305.589707786682993, 8451435.092198634520173 ], [ 3287252.809382120147347, 8451346.989655021578074 ], [ 3287243.471324502490461, 8451290.555306809023023 ], [ 3287254.02738963579759, 8451255.639091368764639 ], [ 3287275.139519901946187, 8451231.278941061347723 ], [ 3287346.595960804261267, 8451210.978815803304315 ], [ 3287631.609719402622432, 8451057.509868865832686 ], [ 3287672.615972420666367, 8451017.315620858222246 ], [ 3287710.780207902193069, 8450982.805407922714949 ], [ 3287700.22414276888594, 8450950.731210017576814 ], [ 3287684.796047574374825, 8450921.905032154172659 ], [ 3287634.85773944389075, 8450844.358553674072027 ], [ 3287526.455070575233549, 8450771.27810275182128 ], [ 3287330.355860599316657, 8450614.155133267864585 ], [ 3287103.400460233911872, 8450515.496524522081017 ], [ 3286952.367528326809406, 8450434.296023497357965 ], [ 3286903.647227711509913, 8450399.379808055236936 ], [ 3286777.380448617506772, 8450342.945459842681885 ], [ 3286687.653894984629005, 8450275.955046499148011 ], [ 3286627.971526731271297, 8450187.852502886205912 ], [ 3286590.21329375449568, 8450161.868342557922006 ], [ 3286545.959020695649087, 8450164.7103600949049 ], [ 3286445.676401929464191, 8450181.356462804600596 ], [ 3286396.956101314630359, 8450157.402315001934767 ], [ 3286372.595951006747782, 8450114.772051963955164 ], [ 3286328.747680453583598, 8450014.08343069255352 ], [ 3286293.831465012859553, 8449982.415235294029117 ], [ 3286263.381277128588408, 8449967.393142603337765 ], [ 3286209.788946451619267, 8449945.875009832903743 ], [ 3286188.676816185005009, 8449920.296852009370923 ], [ 3286178.12075105169788, 8449886.598644083365798 ], [ 3286164.316665877588093, 8449860.614483755081892 ], [ 3286142.798533105757087, 8449839.502353489398956 ], [ 3286106.258307644631714, 8449819.202228233218193 ], [ 3286105.040300129447132, 8449802.962128028273582 ], [ 3286130.61845795204863, 8449782.662002772092819 ], [ 3286159.444635815918446, 8449755.865837432444096 ], [ 3286165.534673392772675, 8449711.611564373597503 ], [ 3286149.294573187828064, 8449644.621151028200984 ], [ 3286149.294573187828064, 8449601.990887990221381 ], [ 3286190.300826205406338, 8449562.202642487362027 ], [ 3286209.788946451619267, 8449504.550286760553718 ], [ 3286187.05280616460368, 8449448.115938547998667 ], [ 3286129.400450436864048, 8449377.877505160868168 ], [ 3286112.75434772670269, 8449343.36729222536087 ], [ 3286112.348345221485943, 8449264.196803724393249 ], [ 3286111.1303377058357, 8449219.942530667409301 ], [ 3286081.898157336749136, 8449193.552367832511663 ], [ 3286033.583859227132052, 8449204.514435471966863 ], [ 3285990.953596188686788, 8449245.520688489079475 ], [ 3285942.233295573387295, 8449218.318520646542311 ], [ 3285902.85105257621035, 8449175.688257608562708 ], [ 3285818.808534015435725, 8449159.042154897004366 ], [ 3285797.696403747890145, 8449155.794134857133031 ], [ 3285785.516328594181687, 8449136.306014612317085 ], [ 3285785.516328594181687, 8449088.803721511736512 ], [ 3285796.072393727488816, 8449032.775375803932548 ], [ 3285764.404198327567428, 8449011.257243033498526 ], [ 3285740.044048020150512, 8449027.903345743194222 ], [ 3285732.330000422894955, 8449082.713683934882283 ], [ 3285741.262055535800755, 8449221.160538183525205 ], [ 3285714.059887692332268, 8449259.324773665517569 ], [ 3285674.677644695155323, 8449273.128858840093017 ], [ 3285633.26538917189464, 8449250.392718551680446 ], [ 3285613.777268926147372, 8449228.874585781246424 ], [ 3285619.461303997784853, 8449108.291841758415103 ], [ 3285577.237043464556336, 8449008.415225496515632 ], [ 3285516.336667696014047, 8448948.732857244089246 ], [ 3285500.908572501502931, 8448889.456491494551301 ], [ 3285491.570514883380383, 8448775.369787555187941 ], [ 3285522.020702768117189, 8448735.987544557079673 ], [ 3285596.31916120601818, 8448716.093421805649996 ], [ 3285658.843546995427459, 8448696.199299054220319 ], [ 3285748.570100628305227, 8448623.118848131969571 ], [ 3285861.844799558166414, 8448541.106342097744346 ], [ 3285929.444216662086546, 8448485.077996386215091 ], [ 3286068.906077172607183, 8448273.753692466765642 ], [ 3286183.398783618118614, 8448260.355609798803926 ], [ 3286246.735174417961389, 8448248.175534645095468 ], [ 3286279.621377333067358, 8448160.478993536904454 ], [ 3286247.95318193314597, 8448092.270572675392032 ], [ 3286265.005287148524076, 8448047.204294607043266 ], [ 3286338.085738071240485, 8448010.664069145917892 ], [ 3286392.896076263394207, 8448082.526512552052736 ], [ 3286402.640136386267841, 8448187.275158874690533 ], [ 3286416.03821905516088, 8448251.829557189717889 ], [ 3286442.834384393878281, 8448265.227639859542251 ], [ 3286484.246639916673303, 8448248.175534645095468 ], [ 3286530.530925500672311, 8448175.095083720982075 ], [ 3286580.469233631622046, 8448083.74452006816864 ], [ 3286635.279571823310107, 8448032.588204422965646 ], [ 3286694.961940077133477, 8447996.047978961840272 ], [ 3286771.696413545869291, 8447974.123843684792519 ], [ 3286813.108669068664312, 8447964.379783561453223 ], [ 3286831.378781799226999, 8447932.711588161066175 ], [ 3286849.648894529789686, 8447904.697415307164192 ], [ 3286858.783950895536691, 8447845.015047054737806 ], [ 3286803.973612703382969, 8447760.972528493031859 ], [ 3286787.530511245597154, 8447699.463148966431618 ], [ 3286801.537597672548145, 8447628.209709318354726 ], [ 3286853.302917076274753, 8447589.842472583055496 ], [ 3286906.286243995185941, 8447602.631551494821906 ], [ 3286976.930679887067527, 8447683.020047510042787 ], [ 3287068.281243540346622, 8447726.868318062275648 ], [ 3287173.029889862984419, 8447808.474821593612432 ], [ 3287236.975284420419484, 8447838.316005719825625 ], [ 3287275.951524912379682, 8447809.083825351670384 ], [ 3287289.958611339330673, 8447767.67156982794404 ], [ 3287273.515509881544858, 8447657.441889688372612 ], [ 3287266.816468546632677, 8447603.240555254742503 ], [ 3287303.356694008223712, 8447550.257228335365653 ], [ 3287332.588874377310276, 8447518.589032934978604 ], [ 3287353.295002138707787, 8447474.740762382745743 ], [ 3287347.204964561853558, 8447393.134258851408958 ], [ 3287380.700171234551817, 8447333.451890598982573 ], [ 3287444.645565791986883, 8447324.316834233701229 ], [ 3287486.057821314781904, 8447306.046721501275897 ], [ 3287481.794795011170208, 8447257.935424644500017 ], [ 3287456.825640945695341, 8447235.402285609394312 ], [ 3287431.247483122628182, 8447183.027962448075414 ], [ 3287422.1124267578125, 8447113.601534070447087 ], [ 3287474.486749919131398, 8446952.215538283810019 ], [ 3287525.034061807207763, 8446901.668226394802332 ], [ 3287533.560114414896816, 8446821.888734137639403 ], [ 3287545.131185811012983, 8446773.777437280863523 ], [ 3287604.204550306778401, 8446735.410200545564294 ], [ 3287700.427144021727145, 8446762.206365883350372 ], [ 3287780.206636278890073, 8446780.476478615775704 ], [ 3287912.969455454964191, 8446792.04755001142621 ], [ 3287981.177876316010952, 8446821.279730379581451 ], [ 3288022.590131839271635, 8446883.398113664239645 ], [ 3288031.725188204552978, 8447006.416872717440128 ], [ 3288070.701428696513176, 8447109.338507767766714 ], [ 3288143.172875861637294, 8447157.449804624542594 ], [ 3288211.990300480276346, 8447155.622793352231383 ], [ 3288291.769792737439275, 8447073.407286062836647 ], [ 3288340.490093352273107, 8447006.416872721165419 ], [ 3288366.068251175340265, 8446817.625707836821675 ], [ 3288302.1228566179052, 8446717.140087818726897 ], [ 3288308.212894194759429, 8446630.052550468593836 ], [ 3288390.428401482757181, 8446556.972099546343088 ], [ 3288477.515938832424581, 8446483.891648622229695 ], [ 3288520.755205628462136, 8446353.564844477921724 ], [ 3288500.658081624656916, 8446234.809111727401614 ], [ 3288579.828570124227554, 8446143.45854807458818 ], [ 3288648.645994742866606, 8446125.188435344025493 ], [ 3288776.536783857736737, 8446154.420615714043379 ], [ 3288801.505937922745943, 8446143.45854807458818 ], [ 3288888.593475272413343, 8446053.93499569222331 ], [ 3288950.711858556605875, 8445937.615277973935008 ], [ 3289027.446332025807351, 8445856.008774444460869 ], [ 3289021.356294448953122, 8445784.755334794521332 ], [ 3289014.04824935644865, 8445759.177176970988512 ], [ 3288973.244997591245919, 8445723.24595526792109 ], [ 3288959.84691492235288, 8445684.269714776426554 ], [ 3288938.531783402897418, 8445597.791181184351444 ], [ 3288956.801896133925766, 8445583.784094756469131 ], [ 3288980.553042684216052, 8445554.55191438831389 ], [ 3289043.889433484058827, 8445540.544827962294221 ], [ 3289102.962797979824245, 8445490.606519831344485 ], [ 3289126.10494077205658, 8445456.502309400588274 ], [ 3289110.270843071863055, 8445421.789095211774111 ], [ 3289087.737704037688673, 8445403.518982481211424 ], [ 3288852.662253569811583, 8445385.248869750648737 ], [ 3288825.257084473501891, 8445366.97875702008605 ], [ 3288813.686013077385724, 8445328.611520286649466 ], [ 3288717.46341936243698, 8445163.571501951664686 ], [ 3288719.290430635679513, 8445092.927066059783101 ], [ 3288744.868588458746672, 8445056.386840598657727 ], [ 3288803.941952954512089, 8444973.562329554930329 ], [ 3288840.482178416103125, 8444887.08379596285522 ], [ 3288892.856501577422023, 8444850.543570501729846 ], [ 3289057.287516153417528, 8444811.56733001023531 ], [ 3289142.823233022354543, 8444737.436375388875604 ], [ 3289212.583474364131689, 8444676.977499559521675 ], [ 3289386.149545305408537, 8444535.688627775758505 ], [ 3289415.990729432087392, 8444476.006259523332119 ], [ 3289397.720616701524705, 8444430.330977696925402 ], [ 3289381.886519001796842, 8444387.091710900887847 ], [ 3289404.419658035971224, 8444343.852444104850292 ], [ 3289532.310447150375694, 8444235.449775235727429 ], [ 3289619.397984500043094, 8444142.272200308740139 ], [ 3289616.96196946920827, 8444039.959569016471505 ], [ 3289612.698943165596575, 8443939.473948998376727 ], [ 3289467.147045078221709, 8443767.734889330342412 ], [ 3289352.654338632244617, 8443571.635679353028536 ], [ 3289222.327534487005323, 8443505.254269765689969 ], [ 3289133.412985864561051, 8443472.368066851049662 ], [ 3289069.467591307125986, 8443511.344307342544198 ], [ 3288984.816068988293409, 8443606.957897299900651 ], [ 3288893.465505335014313, 8443673.339306887239218 ], [ 3288777.14578761626035, 8443653.24218288436532 ], [ 3288626.112855709623545, 8443557.019589168950915 ], [ 3288487.259998956229538, 8443353.003330344334245 ], [ 3288459.245826102327555, 8443127.671939998865128 ], [ 3288512.658315402921289, 8442991.656414920464158 ] ], [ [ 3293481.699815769214183, 8387820.995685482397676 ], [ 3293423.349109161645174, 8387804.566899791359901 ] ], [ [ 3293423.349109161645174, 8387804.566899791359901 ], [ 3293384.214301136787981, 8387793.548397849313915 ], [ 3293251.604193624574691, 8387830.989421801641583 ], [ 3293176.897683391347528, 8387861.041661192663014 ], [ 3293122.440188521519303, 8387870.533037417568266 ], [ 3293107.111494647338986, 8387872.266826434060931 ], [ 3293073.21470971731469, 8387870.866458354517817 ], [ 3293016.464033335447311, 8387861.48622187692672 ], [ 3292967.839679779950529, 8387866.398619115352631 ], [ 3292889.537549995351583, 8387879.824373074807227 ], [ 3292835.625520629808307, 8387864.842655848711729 ], [ 3292809.24280132073909, 8387846.860189784318209 ], [ 3292766.985922635067254, 8387846.304490055888891 ], [ 3292740.447356044314802, 8387859.574611190706491 ], [ 3292726.242989029735327, 8387892.538851357996464 ], [ 3292697.277657539583743, 8387913.433321347460151 ], [ 3292656.668307320214808, 8387929.571005743928254 ], [ 3292613.376157370395958, 8387926.570193991065025 ], [ 3292584.856103838887066, 8387900.252015837468207 ], [ 3292567.935541245155036, 8387871.688896755687892 ], [ 3292559.47525994386524, 8387833.612319516018033 ], [ 3292549.434241876937449, 8387795.024698838591576 ], [ 3292537.80135509185493, 8387768.573623970150948 ], [ 3292516.650651848874986, 8387745.323429852724075 ], [ 3292481.75199150107801, 8387734.209596248343587 ], [ 3292445.26146243698895, 8387733.164896753616631 ], [ 3292407.190196601673961, 8387742.144871735014021 ], [ 3292373.883404974360019, 8387759.060151364654303 ], [ 3292349.560096249915659, 8387779.68750941939652 ], [ 3292337.927209469489753, 8387800.848393625579774 ], [ 3292306.724356215912849, 8387806.116396312601864 ], [ 3292277.64770523365587, 8387805.071686620824039 ], [ 3292233.754430033266544, 8387779.154042544774711 ], [ 3292191.274912361986935, 8387747.79070320725441 ], [ 3292141.748870932962745, 8387749.01322633959353 ], [ 3292088.304383430164307, 8387752.036193499341607 ], [ 3292062.968067333102226, 8387732.097969780676067 ], [ 3292048.685776669532061, 8387704.60242535546422 ], [ 3292039.702293763868511, 8387668.127087788656354 ], [ 3292034.937819555401802, 8387624.228002587333322 ], [ 3292032.299547622911632, 8387593.798866107128561 ], [ 3291989.341356140095741, 8387519.604756168089807 ], [ 3291973.211161929182708, 8387502.890068777836859 ], [ 3291949.277471419423819, 8387488.331429137848318 ], [ 3291921.759293307550251, 8387480.507561400532722 ], [ 3291888.029487610328943, 8387447.989700113423169 ], [ 3291860.444517799653113, 8387399.513236870989203 ], [ 3291839.52758548874408, 8387397.757332448847592 ], [ 3291823.419655182398856, 8387403.514033319428563 ], [ 3291808.024169609881938, 8387405.381072408519685 ], [ 3291790.647197104990482, 8387398.446358186192811 ], [ 3291778.068094651214778, 8387384.065737650729716 ], [ 3291768.973292253445834, 8387346.925192167051136 ], [ 3291758.832086645998061, 8387327.321460880339146 ], [ 3291745.696386735886335, 8387310.896152477711439 ], [ 3291721.206098773516715, 8387304.939486764371395 ], [ 3291711.053761215880513, 8387295.070991469547153 ], [ 3291712.846005016006529, 8387278.667981226928532 ], [ 3291720.59384156903252, 8387249.195997660979629 ], [ 3291722.107786641456187, 8387229.992596676573157 ], [ 3291708.070398855954409, 8387202.521151714026928 ], [ 3291704.485911251511425, 8387183.717940179631114 ], [ 3291718.523299034219235, 8387160.113976587541401 ], [ 3291741.210211243946105, 8387148.778766705654562 ], [ 3291764.798811332788318, 8387150.556837689131498 ], [ 3291780.739762408658862, 8387171.871497021056712 ], [ 3291796.458074504043907, 8387183.717940174974501 ], [ 3291835.598007449880242, 8387202.943446616642177 ], [ 3291880.537685861811042, 8387216.145730951800942 ], [ 3291897.06863023666665, 8387219.457418775185943 ], [ 3291921.525522351730615, 8387213.50082696788013 ], [ 3291980.346741256769747, 8387179.139387637376785 ], [ 3291997.534470625221729, 8387161.291950358077884 ], [ 3291999.515957558061928, 8387145.422658873721957 ], [ 3291996.866553678177297, 8387124.95265688188374 ], [ 3291998.859172560274601, 8387095.192353674210608 ], [ 3292002.154229483101517, 8387061.498234621249139 ], [ 3292015.378984981682152, 8387052.23015633225441 ], [ 3292033.880284341517836, 8387037.02786610275507 ], [ 3292049.743311769794673, 8387018.536233713850379 ], [ 3292053.717417587991804, 8386988.776360270567238 ], [ 3292047.105039834044874, 8386962.350404614582658 ], [ 3292030.585227406583726, 8386922.700536204501987 ], [ 3292016.703686906490475, 8386883.028656053356826 ], [ 3292020.009875778574497, 8386848.002008298411965 ], [ 3292045.780337880365551, 8386807.019263787195086 ], [ 3292055.698904502671212, 8386762.74748784955591 ], [ 3292075.524905799888074, 8386724.409944954328239 ], [ 3292075.524905798491091, 8386692.673277722671628 ], [ 3292086.100257409736514, 8386614.021160032600164 ], [ 3292099.981797901447862, 8386571.061767813749611 ], [ 3292155.496827924624085, 8386453.40809787530452 ], [ 3292196.484664412681013, 8386426.317350773140788 ], [ 3292225.561315392144024, 8386411.116351714357734 ], [ 3292233.498395080212504, 8386382.025638318620622 ], [ 3292214.985963768325746, 8386370.780519373714924 ], [ 3292205.067397141363472, 8386346.334667830727994 ], [ 3292207.060016021132469, 8386319.244314342737198 ], [ 3292218.948937632609159, 8386291.465138135477901 ], [ 3292235.168187427334487, 8386233.618117682635784 ], [ 3292253.903257715515792, 8386192.527674791403115 ], [ 3292251.687999847345054, 8386172.304771886207163 ], [ 3292238.78607086930424, 8386160.615514858625829 ], [ 3292220.273639557883143, 8386138.792654962278903 ], [ 3292182.603123886976391, 8386103.102862478233874 ], [ 3292172.395126584917307, 8386069.724396024830639 ], [ 3292157.433787022717297, 8386009.879095361568034 ], [ 3292137.028924367856234, 8385984.03443141002208 ], [ 3292087.380431497935206, 8385971.789914606139064 ], [ 3292043.854510617442429, 8385980.634409281425178 ], [ 3291998.959359999280423, 8385966.367666854523122 ], [ 3291977.196399558801204, 8385943.923159115947783 ], [ 3291937.07685509417206, 8385930.300931821577251 ], [ 3291911.228469343855977, 8385930.98982036486268 ], [ 3291874.504169351421297, 8385952.745398070663214 ], [ 3291838.458918250631541, 8385963.634322163648903 ], [ 3291800.365388517733663, 8385957.523189317435026 ], [ 3291766.357284096069634, 8385933.034264165908098 ], [ 3291758.197565420530736, 8385904.456546954810619 ], [ 3291776.565281389746815, 8385865.012368150986731 ], [ 3291832.336346245836467, 8385831.701645801775157 ], [ 3291882.663888004142791, 8385770.480530738830566 ], [ 3291877.899413799867034, 8385739.881274746730924 ], [ 3291862.938074240926653, 8385713.348689390346408 ], [ 3291837.089688490144908, 8385703.837869657203555 ], [ 3291792.205669825896621, 8385717.437456792220473 ], [ 3291725.558690718840808, 8385722.192873898893595 ], [ 3291669.787625855300575, 8385687.505065351724625 ], [ 3291661.627907179296017, 8385641.262315037660301 ], [ 3291692.908684072550386, 8385576.642946249805391 ], [ 3291677.268295617308468, 8385519.512607580050826 ], [ 3291627.61980274040252, 8385447.428129219450057 ], [ 3291590.895502742845565, 8385427.029505327343941 ], [ 3291519.484049433842301, 8385446.739285888150334 ], [ 3291486.154993907082826, 8385441.98404651787132 ], [ 3291395.69677572697401, 8385380.099552312865853 ], [ 3291308.811913193203509, 8385282.374217189848423 ], [ 3291221.671015835367143, 8385202.670588879846036 ], [ 3291169.606890014838427, 8385193.115988206118345 ], [ 3291131.346381049603224, 8385207.981174618005753 ], [ 3291097.338276627939194, 8385210.114298002794385 ], [ 3291064.39883931633085, 8385195.226887295022607 ], [ 3291053.767827946227044, 8385145.298730942420661 ], [ 3291050.584090499673039, 8385025.201458072289824 ], [ 3291014.449783796444535, 8384928.502911535091698 ], [ 3290949.439201198052615, 8384836.116101215593517 ], [ 3290830.828283808659762, 8384786.590315377339721 ], [ 3290752.48162621865049, 8384724.022548516280949 ], [ 3290744.210588051937521, 8384657.389349631033838 ], [ 3290743.230976530816406, 8384649.47961345128715 ], [ 3290688.818009452428669, 8384601.065991810522974 ], [ 3290574.014218651689589, 8384596.155770764686167 ], [ 3290561.501907898113132, 8384635.348757565952837 ], [ 3290597.95904111629352, 8384659.277911505661905 ], [ 3290642.030427500139922, 8384656.567269922234118 ], [ 3290652.372008192352951, 8384687.028717500157654 ], [ 3290650.056562786921859, 8384720.845293283462524 ], [ 3290629.095102684572339, 8384750.81819615047425 ], [ 3290598.626958072185516, 8384789.456536187790334 ], [ 3290511.563984363805503, 8384794.344667250290513 ], [ 3290459.533254390582442, 8384789.945349153131247 ], [ 3290418.612209593411535, 8384762.949591057375073 ], [ 3290366.815250549931079, 8384744.685850300826132 ], [ 3290299.778653225395828, 8384747.285431081429124 ], [ 3290272.794808670412749, 8384759.90563112962991 ], [ 3290262.787186457309872, 8384780.813439678400755 ], [ 3290269.310508614871651, 8384805.609599816612899 ], [ 3290307.615545382257551, 8384839.137873749248683 ], [ 3290322.855183667503297, 8384864.37861003074795 ], [ 3290318.068445565644652, 8384888.308507618494332 ], [ 3290300.658077217172831, 8384910.505390168167651 ], [ 3290277.14740077406168, 8384918.348749042488635 ], [ 3290249.729410202242434, 8384912.26070206053555 ], [ 3290216.645257555413991, 8384914.438178147189319 ], [ 3290177.037782751955092, 8384931.413625976070762 ], [ 3290156.57726035406813, 8384930.547077302820981 ], [ 3290127.845699794590473, 8384938.368238283321261 ], [ 3290112.617193463258445, 8384955.788126654922962 ], [ 3290116.535639537032694, 8384977.985212445259094 ], [ 3290133.511861877981573, 8384996.693919258192182 ], [ 3290134.814299922902137, 8385015.847062605433166 ], [ 3290120.454085617791861, 8385043.265918251127005 ], [ 3290092.590817087795585, 8385067.218616306781769 ], [ 3290052.549196268897504, 8385064.596703084185719 ], [ 3290033.391111912671477, 8385073.751183841377497 ], [ 3290012.941721464972943, 8385074.617749360390007 ], [ 3289996.399645137600601, 8385055.020061847753823 ], [ 3289948.521132168360054, 8385040.66623308416456 ], [ 3289940.250094006303698, 8385030.645232973620296 ], [ 3289945.470978118479252, 8385002.359867163002491 ], [ 3289962.013054441194981, 8384989.294864456169307 ], [ 3289972.888968681450933, 8384934.013272630982101 ], [ 3289961.87947104498744, 8384905.372771771624684 ], [ 3289910.950804029591382, 8384891.885778497904539 ], [ 3289710.720436037983745, 8384913.216125190258026 ], [ 3289694.812880812678486, 8384932.213517187163234 ], [ 3289686.118828589096665, 8384963.587095153518021 ], [ 3289663.576631712727249, 8384971.563826429657638 ], [ 3289624.97103232331574, 8384967.631007977761328 ], [ 3289598.855479795485735, 8384951.077642600983381 ], [ 3289585.363557511940598, 8384898.862572612240911 ], [ 3289592.332157626748085, 8384830.072560030035675 ], [ 3289585.363557498902082, 8384763.482839690521359 ], [ 3289606.692371924873441, 8384741.708553834818304 ], [ 3289631.071340398862958, 8384743.019452896900475 ], [ 3289661.539485012646765, 8384762.171936983242631 ], [ 3289790.814809610601515, 8384752.59568870998919 ], [ 3289837.346356737893075, 8384738.242448946461082 ], [ 3289844.147977620363235, 8384711.046913426369429 ], [ 3289833.26093142433092, 8384683.851478263735771 ], [ 3289808.102726515382528, 8384666.165611858479679 ], [ 3289774.773670986294746, 8384671.609121502377093 ], [ 3289711.521936348639429, 8384667.520934301428497 ], [ 3289621.063718173652887, 8384683.162706305272877 ], [ 3289582.302271496970206, 8384664.810289697721601 ], [ 3289535.369974199682474, 8384658.678015395067632 ], [ 3289483.005285755265504, 8384670.231579921208322 ], [ 3289427.91326978802681, 8384655.27860467787832 ], [ 3289384.387348902411759, 8384614.463580002076924 ], [ 3289363.982486250344664, 8384581.136291461065412 ], [ 3289358.538963147904724, 8384536.255781013518572 ], [ 3289376.227630225010216, 8384513.126872202381492 ], [ 3289418.395453315228224, 8384501.573553954251111 ], [ 3289469.402043970301747, 8384476.400713676586747 ], [ 3289484.363383523654193, 8384454.649493740871549 ], [ 3289493.202151083387434, 8384405.681711589917541 ], [ 3289483.005285727791488, 8384369.622613592073321 ], [ 3289434.03584175137803, 8384346.516445148736238 ], [ 3289391.86801865696907, 8384341.073175631463528 ], [ 3289362.624388440977782, 8384349.915713464841247 ], [ 3289323.183892874512821, 8384383.24195643234998 ], [ 3289289.854837344959378, 8384381.197942536324263 ], [ 3289270.129023585468531, 8384370.31135627720505 ], [ 3289275.572546678595245, 8384328.142649460583925 ], [ 3289302.099981320556253, 8384305.014393742196262 ], [ 3289312.252318875864148, 8384277.953760187141597 ], [ 3289324.7089698840864, 8384244.739078948274255 ], [ 3289324.708969879429787, 8384193.062220355495811 ], [ 3289316.549251205287874, 8384149.539300253614783 ], [ 3289273.023330319672823, 8384084.244293686002493 ], [ 3289235.61998142907396, 8384058.384165201336145 ], [ 3289185.971488556824625, 8384054.318534693680704 ], [ 3289148.557007718831301, 8384038.678097277879715 ], [ 3289139.718240150716156, 8384004.664703773334622 ], [ 3289160.123102797195315, 8383944.125250629149377 ], [ 3289175.084442351944745, 8383921.686900740489364 ], [ 3289207.734448985662311, 8383905.358045488595963 ], [ 3289225.411984113045037, 8383886.318868119269609 ], [ 3289230.176458313595504, 8383853.683566461317241 ], [ 3289225.41198410699144, 8383831.911968394182622 ], [ 3289202.969974773470312, 8383825.113911151885986 ], [ 3289179.169867654331028, 8383836.666169016622007 ], [ 3289117.276230807416141, 8383889.717924183234572 ], [ 3289086.674502804409713, 8383897.893438002094626 ], [ 3289070.343933511059731, 8383897.204739479348063 ], [ 3289054.703545060008764, 8383882.919813625514507 ], [ 3289051.9873494845815, 8383857.082607492804527 ], [ 3289073.7503099180758, 8383782.259635844267905 ], [ 3289068.306786818895489, 8383748.93611029535532 ], [ 3289032.840397065039724, 8383713.70219982881099 ], [ 3288994.746867332607508, 8383694.663517558015883 ], [ 3288918.927162189036608, 8383696.640694648958743 ], [ 3288889.77258756197989, 8383690.686949527822435 ], [ 3288847.370993535965681, 8383666.161124817095697 ], [ 3288842.740102717187256, 8383609.178885210305452 ], [ 3288868.577356515917927, 8383582.676184688694775 ], [ 3288928.767805159091949, 8383558.506160343065858 ], [ 3288947.347028161399066, 8383537.75732399802655 ], [ 3288959.291609513573349, 8383508.700165282003582 ], [ 3288958.81293569970876, 8383473.489618054591119 ], [ 3288956.007684530224651, 8383441.766947313211858 ], [ 3288947.725514418445528, 8383417.086448483169079 ], [ 3288932.419084437191486, 8383377.611150966025889 ], [ 3288922.567309502977878, 8383349.354343014769256 ], [ 3288900.715293468907475, 8383313.056055292487144 ], [ 3288885.38659959146753, 8383296.817405502311885 ], [ 3288873.297302896156907, 8383290.086484546773136 ], [ 3288860.36197807174176, 8383286.22120598424226 ], [ 3288842.840290229767561, 8383281.578431540168822 ], [ 3288823.593150279484689, 8383279.956793307326734 ], [ 3288807.607671410776675, 8383283.22228436358273 ], [ 3288791.488609152380377, 8383291.574839481152594 ], [ 3288778.497624583542347, 8383305.769762045703828 ], [ 3288771.005822858307511, 8383323.94107997789979 ], [ 3288722.092038636561483, 8383435.235826184973121 ], [ 3288665.296834461390972, 8383443.588553582318127 ], [ 3288620.201308761257678, 8383416.864302174188197 ], [ 3288600.163800419308245, 8383330.005600704811513 ], [ 3288616.861724021378905, 8383246.502254069782794 ], [ 3288593.484630962833762, 8383209.760192691348493 ], [ 3288519.991503171157092, 8383152.95919225923717 ], [ 3288476.554637883324176, 8383149.627117439173162 ], [ 3288456.517129553016275, 8383162.977639622986317 ], [ 3288399.721925375517458, 8383144.606794231571257 ], [ 3288341.268060780595988, 8383084.474250535480678 ], [ 3288239.377330894581974, 8382942.508303768932819 ], [ 3288247.726292692590505, 8382857.321163062006235 ], [ 3288207.640144070144743, 8382800.522878645919263 ], [ 3288155.865448923781514, 8382767.137153506278992 ], [ 3288017.228155156597495, 8382780.486982882022858 ], [ 3287922.01659472566098, 8382763.783040459267795 ], [ 3287913.667632916942239, 8382712.649664767086506 ], [ 3287909.760318789631128, 8382688.68240530602634 ], [ 3287969.004551753401756, 8382611.938831883482635 ], [ 3288191.610137383453548, 8382556.297464300878346 ], [ 3288291.786547099240124, 8382529.576429888606071 ], [ 3288295.827444608323276, 8382507.830954674631357 ], [ 3288309.597665608394891, 8382433.865722507238388 ], [ 3288273.986560514662415, 8382367.075533482246101 ], [ 3288182.71571005648002, 8382375.982337817549706 ], [ 3288129.282354508526623, 8382453.900676073506474 ], [ 3288035.785114240832627, 8382525.134039555676281 ], [ 3287940.061484156642109, 8382534.041034899652004 ], [ 3287859.922582768369466, 8382509.541270652785897 ], [ 3287851.017023501452059, 8382436.086889866739511 ], [ 3287978.46670844592154, 8382378.58108326792717 ], [ 3287975.683721169363707, 8382306.238571768626571 ], [ 3288031.332334589213133, 8382267.280080176889896 ], [ 3288086.992079961579293, 8382283.982897421345115 ], [ 3288139.857706112787127, 8382258.928685740567744 ], [ 3288142.640693374443799, 8382192.140081903897226 ], [ 3288123.159782488830388, 8382142.054578877985477 ], [ 3288034.115321838762611, 8382064.139537192881107 ], [ 3287967.334759342949837, 8382058.58690033107996 ], [ 3287933.938912124373019, 8382100.320621459744871 ], [ 3287958.98579754633829, 8382150.405840890482068 ], [ 3287936.721899401862174, 8382206.066355420276523 ], [ 3287858.809387831483036, 8382178.236045622266829 ], [ 3287822.641685285139829, 8382142.054578891955316 ], [ 3287794.811812594067305, 8382078.065568875521421 ], [ 3287844.894451476167887, 8382030.757147374562919 ], [ 3287892.205235039349645, 8382022.406020937487483 ], [ 3288006.296581097412854, 8382004.593277529813349 ], [ 3288028.549347292631865, 8381946.713263871148229 ], [ 3287997.391021824907511, 8381844.324943819083273 ], [ 3287961.768784787505865, 8381853.231116484850645 ], [ 3287948.41044590389356, 8381908.889386923052371 ], [ 3287906.120171373244375, 8381924.458675070665777 ], [ 3287868.271544516086578, 8381857.673101888038218 ], [ 3287790.359032942913473, 8381824.291647141799331 ], [ 3287759.189575530588627, 8381773.075949928723276 ], [ 3287805.943761638831347, 8381735.252963993698359 ], [ 3287794.811812561005354, 8381688.501978307962418 ], [ 3287762.417840752284974, 8381661.339902860112488 ], [ 3287705.433393441140652, 8381655.987453366629779 ], [ 3287682.278939363546669, 8381606.127685176208615 ], [ 3287714.338952692691237, 8381559.821699181571603 ], [ 3287776.666735560167581, 8381575.856640779413283 ], [ 3287798.040077785495669, 8381618.587043290026486 ], [ 3287835.443426675628871, 8381631.06863172724843 ], [ 3287876.397867316845804, 8381606.127685157582164 ], [ 3287876.397867306601256, 8381488.597664108499885 ], [ 3287812.288972585462034, 8381444.069111261516809 ], [ 3287801.6023014690727, 8381387.081839527003467 ], [ 3287742.83674230473116, 8381376.399551196955144 ], [ 3287700.090057861059904, 8381381.729589181952178 ], [ 3287708.995617118664086, 8381333.6483442960307 ], [ 3287799.821189609821886, 8381292.696251863613725 ], [ 3287817.632308119907975, 8381210.770541585981846 ], [ 3287922.70677542546764, 8381174.260705408640206 ], [ 3287938.280372173525393, 8381089.671396628022194 ], [ 3287895.990097636822611, 8381031.798566901125014 ], [ 3287909.348436517175287, 8380942.747249021194875 ], [ 3287947.185931420419365, 8380942.747249016538262 ], [ 3287991.71372772147879, 8380993.957177172414958 ], [ 3288089.663747624494135, 8380998.398644768632948 ], [ 3288216.545703164767474, 8380936.062891745939851 ], [ 3288371.591489851009101, 8380733.469783382490277 ], [ 3288282.057223442010581, 8380676.44359240680933 ], [ 3288091.77881790837273, 8380555.242195374332368 ], [ 3288027.280304962303489, 8380433.709706495516002 ], [ 3287908.224109597038478, 8380235.282746680080891 ], [ 3287749.482515756040812, 8379739.194307218305767 ], [ 3287057.45376959303394, 8379441.561708504334092 ], [ 3286794.639583874028176, 8379124.470209727063775 ], [ 3286649.067085813265294, 8378912.247214479371905 ], [ 3286666.599905575159937, 8378580.748427709564567 ], [ 3286901.628746362868696, 8378426.415208610706031 ], [ 3286931.840856135357171, 8378276.369654358364642 ], [ 3286970.502115254290402, 8378084.416138637810946 ], [ 3287117.165544276125729, 8377753.642698941752315 ], [ 3287185.226280890870839, 8377498.441631665453315 ], [ 3287189.756984152365476, 8377354.407980532385409 ], [ 3287162.539368652738631, 8377198.169388520531356 ], [ 3287129.688986923545599, 8377075.538063779473305 ], [ 3287047.078792823944241, 8376854.984378394670784 ], [ 3286911.513916984666139, 8376680.290655497461557 ], [ 3286851.902329679112881, 8376501.206697925925255 ], [ 3286808.487728266976774, 8376259.098495000973344 ], [ 3286787.23683747369796, 8376128.36026418581605 ], [ 3286684.678190637845546, 8375955.259400515817106 ], [ 3286630.844084907323122, 8375847.2731509860605 ], [ 3286660.109979019034654, 8375807.172618053853512 ], [ 3286650.892725178971887, 8375727.371652975678444 ], [ 3286616.695377614814788, 8375637.873989708721638 ], [ 3286628.272604649886489, 8375610.179420882835984 ], [ 3286643.055833019316196, 8375590.518115450628102 ], [ 3286644.658833683934063, 8375575.694502223283052 ], [ 3286617.129523620475084, 8375541.586990377865732 ], [ 3286584.323669689707458, 8375452.246916758827865 ], [ 3286564.542196176014841, 8375326.227327022701502 ], [ 3286538.871921601239592, 8375223.154268329031765 ], [ 3286509.227541211992502, 8375154.254781823605299 ], [ 3286472.748144082725048, 8375003.610128086991608 ], [ 3286462.306375842075795, 8374899.321185353212059 ], [ 3286537.747594710439444, 8374836.548828633502126 ], [ 3286813.497105217073113, 8374782.985281893052161 ], [ 3286996.951625951100141, 8374692.655923582613468 ], [ 3287185.192884786520153, 8374589.724849766120315 ], [ 3287241.754318019375205, 8374456.486824494786561 ], [ 3287153.132871428038925, 8374320.389052620157599 ], [ 3287494.983895511832088, 8373952.866620326414704 ], [ 3287663.298965480178595, 8373597.120579035952687 ], [ 3287790.670726730488241, 8372988.520720993168652 ], [ 3287867.102689040824771, 8372615.896231759339571 ], [ 3287976.986158318817616, 8372252.806221560575068 ], [ 3288000.875320992898196, 8371822.861917502246797 ], [ 3288043.866908282972872, 8371431.111857928335667 ], [ 3288072.531677115242928, 8371044.150743991136551 ], [ 3288240.296739372424781, 8371036.254778273403645 ], [ 3288115.564705517608672, 8367198.910442616790533 ], [ 3288027.868164410348982, 8363976.874561935663223 ], [ 3288070.092424943577498, 8363702.416868470609188 ], [ 3288125.308765640016645, 8363427.959175005555153 ], [ 3289354.684351162053645, 8360824.671112137846649 ], [ 3290631.156227278057486, 8356689.941599934361875 ], [ 3290939.718131173867732, 8355653.823206852190197 ], [ 3290988.438431788701564, 8355176.364260824397206 ], [ 3290975.446351624559611, 8354971.738998240791261 ], [ 3290627.185946889221668, 8348800.809019591659307 ], [ 3290850.317985414993018, 8348671.888286221772432 ], [ 3291233.341058721300215, 8348501.143060771748424 ], [ 3291584.060981266666204, 8348399.618872665800154 ], [ 3291860.945130644366145, 8348279.635741268284619 ], [ 3292063.9935068548657, 8348141.19366658013314 ], [ 3292165.517694960348308, 8347984.29264859855175 ], [ 3292165.517694960348308, 8347808.932687325403094 ], [ 3292162.492556009907275, 8347574.369115198031068 ], [ 3292156.442278110422194, 8347280.601932216435671 ], [ 3292159.057619161903858, 8347144.721764251589775 ], [ 3292170.338579165749252, 8347166.728611307218671 ], [ 3292241.103744269348681, 8347171.343480378389359 ], [ 3292371.353114471770823, 8347158.566371466964483 ], [ 3292611.011404124088585, 8347156.00446473993361 ], [ 3292960.078613225370646, 8347163.657760197296739 ], [ 3293386.884442765265703, 8347201.325803961604834 ], [ 3293891.428892742842436, 8347269.00859603099525 ], [ 3294294.449154615402222, 8347210.555275605991483 ], [ 3294595.945228382013738, 8347025.965842688456178 ], [ 3294851.293943919241428, 8346924.441654583439231 ], [ 3295060.495301228016615, 8346905.98271129000932 ], [ 3295269.696658535860479, 8346893.676749095320702 ], [ 3295478.89801584277302, 8346887.523767998442054 ], [ 3295697.328844796866179, 8346804.458523185923696 ], [ 3295924.989145396277308, 8346644.481014655902982 ], [ 3296199.470457270741463, 8346500.310890252701938 ], [ 3296520.772780419327319, 8346371.94814997445792 ], [ 3296831.498325832188129, 8346384.254112169146538 ], [ 3297131.647093509323895, 8346537.22877683583647 ], [ 3297490.922834656201303, 8346742.928712212480605 ], [ 3297909.325549271889031, 8347001.353918299078941 ], [ 3298198.515660844277591, 8347173.637389022856951 ], [ 3298358.493169373832643, 8347259.779124384745955 ], [ 3298564.618036132771522, 8347302.849992065690458 ], [ 3298816.890261121559888, 8347302.849992065690458 ], [ 3299001.479694040492177, 8347278.238067676313221 ], [ 3299118.386334888637066, 8347229.014218898490071 ], [ 3299256.828409577719867, 8347136.719502438791096 ], [ 3299416.80591810727492, 8347001.353918299078941 ], [ 3299518.330106212291867, 8346875.217805804684758 ], [ 3299561.40097389370203, 8346758.311164955608547 ], [ 3299536.789049504324794, 8346619.869090266525745 ], [ 3299444.494333044625819, 8346459.891581737436354 ], [ 3299284.516824515070766, 8346275.302148818969727 ], [ 3299056.856523916125298, 8346066.100791511125863 ], [ 3298955.332335810642689, 8345859.975924752652645 ], [ 3298979.944260199554265, 8345656.927548541687429 ], [ 3299038.39758062409237, 8345601.550718666054308 ], [ 3299130.692297083325684, 8345693.845435125753284 ], [ 3299327.58769219648093, 8345773.834189389832318 ], [ 3299629.083765964023769, 8345841.516981460154057 ], [ 3299964.421235766261816, 8345866.128905849531293 ], [ 3300333.60010160272941, 8345847.669962557032704 ], [ 3300610.484250980895013, 8345847.669962557032704 ], [ 3300795.073683899827302, 8345866.128905849531293 ], [ 3300991.969079012982547, 8345933.811697918921709 ], [ 3301201.170436320826411, 8346050.718338767066598 ], [ 3301453.442661309614778, 8346189.160413456149399 ], [ 3301748.785753979347646, 8346349.137921987101436 ], [ 3302047.205337197519839, 8346429.12667625118047 ], [ 3302348.701410965062678, 8346429.12667625118047 ], [ 3302604.050126502290368, 8346416.820714056491852 ], [ 3302813.251483810134232, 8346392.208789667114615 ], [ 3303031.68231276422739, 8346355.290903083980083 ], [ 3303259.342613363172859, 8346306.067054305225611 ], [ 3303477.773442316800356, 8346272.225658270530403 ], [ 3303686.97479962464422, 8346253.766714978963137 ], [ 3303908.482119127176702, 8346198.389885103330016 ], [ 3304142.295400823932141, 8346106.095168643631041 ], [ 3304409.950078556314111, 8346013.800452183932066 ], [ 3304711.446152324322611, 8345921.505735725164413 ], [ 3305009.865735542960465, 8345770.757698841392994 ], [ 3305305.208828212693334, 8345561.55634153354913 ], [ 3305519.381698434706777, 8345358.814749082550406 ], [ 3305652.384346209000796, 8345162.532921488396823 ], [ 3305827.744307481683791, 8345073.314695578068495 ], [ 3306045.461582252755761, 8345091.160071349702775 ], [ 3306222.003011708613485, 8345146.230117466300726 ], [ 3306357.368595848791301, 8345238.524833925068378 ], [ 3306471.379927993286401, 8345306.664488665759563 ], [ 3306564.037008141167462, 8345350.649081688374281 ], [ 3306728.81226940639317, 8345371.563986019231379 ], [ 3306965.705711789429188, 8345369.409201661124825 ], [ 3307128.578529023099691, 8345473.55301764421165 ], [ 3307217.43072110787034, 8345683.995433969423175 ], [ 3307295.698213185649365, 8345856.899434203281999 ], [ 3307363.381005255505443, 8345992.265018343925476 ], [ 3307443.369759520050138, 8346069.177282059565187 ], [ 3307535.664475979749113, 8346087.636225352063775 ], [ 3307649.494626279454678, 8346050.718338767997921 ], [ 3307784.860210419632494, 8345958.423622308298945 ], [ 3307905.704462228342891, 8345791.561552660539746 ], [ 3308012.027381705120206, 8345550.132129824720323 ], [ 3308101.21461165137589, 8345420.787182082422078 ], [ 3308173.266152068041265, 8345403.526709434576333 ], [ 3308270.852729213424027, 8345318.116554093547165 ], [ 3308393.974343086592853, 8345164.556716059334576 ], [ 3308561.674073951784521, 8345050.858910458162427 ], [ 3308773.95192180853337, 8344977.023137289099395 ], [ 3309107.751146336086094, 8344817.045628759078681 ], [ 3309563.071747534908354, 8344570.926384868100286 ], [ 3310033.774801477789879, 8344355.572046463377774 ], [ 3310519.860308163799345, 8344170.982613543979824 ], [ 3310922.88057003589347, 8343974.087218430824578 ], [ 3311242.835587094537914, 8343764.885861123912036 ], [ 3311553.561132507864386, 8343521.843107780441642 ], [ 3311855.057206274475902, 8343244.958958402276039 ], [ 3312248.847996501252055, 8342808.097300495021045 ], [ 3312734.933503186795861, 8342211.258134057745337 ], [ 3313024.12361475918442, 8341820.543834380805492 ], [ 3313116.418331218883395, 8341635.954401462338865 ], [ 3313230.24848151858896, 8341279.081497820094228 ], [ 3313365.614065658766776, 8340749.925123451277614 ], [ 3313491.750178153160959, 8340309.986974995583296 ], [ 3313608.65681900177151, 8339959.267052451148629 ], [ 3313734.792931496165693, 8339682.382903072983027 ], [ 3313870.158515636343509, 8339479.33452686201781 ], [ 3314042.44198636058718, 8339319.357018332928419 ], [ 3314251.643343668431044, 8339202.45037748478353 ], [ 3314494.686097010970116, 8339143.997057060711086 ], [ 3314771.57024638960138, 8339143.997057060711086 ], [ 3314943.853717113379389, 8339211.679849131032825 ], [ 3315011.536509183235466, 8339347.045433270744979 ], [ 3315091.525263448245823, 8339507.022941799834371 ], [ 3315183.819979907013476, 8339691.612374719232321 ], [ 3315186.896470455918461, 8339910.043203672394156 ], [ 3315100.754735094029456, 8340162.315428661182523 ], [ 3315011.536509183235466, 8340460.735011879354715 ], [ 3314919.241792724002153, 8340805.301953328773379 ], [ 3314860.788472299464047, 8341094.4920649016276 ], [ 3314836.176547910552472, 8341328.305346596986055 ], [ 3314937.70073601603508, 8341537.506703904829919 ], [ 3315165.361036614980549, 8341722.09613682422787 ], [ 3315383.791865568608046, 8341869.767683158628643 ], [ 3315592.993222877383232, 8341980.521342909894884 ], [ 3315777.58265579584986, 8342094.351493209600449 ], [ 3315937.560164324939251, 8342211.25813405867666 ], [ 3316076.002239014022052, 8342294.323378872126341 ], [ 3316192.908879862632602, 8342343.547227650880814 ], [ 3316365.192350586876273, 8342368.159152039326727 ], [ 3316592.852651186287403, 8342368.159152039326727 ], [ 3316811.283480140380561, 8342334.317756004631519 ], [ 3317020.484837447293103, 8342266.634963933378458 ], [ 3317217.380232560448349, 8342211.258134057745337 ], [ 3317401.969665479846299, 8342168.187266377732158 ], [ 3317645.012418822385371, 8342146.651832536794245 ], [ 3317946.50849258992821, 8342146.651832536794245 ], [ 3318223.392641967628151, 8342202.028662412427366 ], [ 3318475.664866956416517, 8342312.782322163693607 ], [ 3318647.948337680660188, 8342368.159152039326727 ], [ 3318740.243054139427841, 8342368.159152039326727 ], [ 3318958.673883093055338, 8342368.159152039326727 ], [ 3319303.240824541542679, 8342368.159152039326727 ], [ 3319650.884256538003683, 8342358.929680394008756 ], [ 3320001.604179083369672, 8342340.470737101510167 ], [ 3320336.941648885607719, 8342318.935303261503577 ], [ 3320656.896665944717824, 8342294.323378872126341 ], [ 3320967.622211358044297, 8342257.405492288060486 ], [ 3321269.118285124655813, 8342208.181643510237336 ], [ 3321533.696472308132797, 8342128.192889245226979 ], [ 3321761.356772908009589, 8342017.439229493960738 ], [ 3322096.694242710247636, 8341811.314362734556198 ], [ 3322539.708881714846939, 8341509.818288967944682 ], [ 3322899.658275905996561, 8341186.786781360395253 ], [ 3323176.542425284162164, 8340842.219839911907911 ], [ 3323394.973254237789661, 8340577.641652728430927 ], [ 3323554.950762766879052, 8340393.052219809964299 ], [ 3323690.316346907522529, 8339919.272675318643451 ], [ 3323801.07000665878877, 8339156.303019256331027 ], [ 3323936.435590798966587, 8338510.240004042163491 ], [ 3324096.413099328521639, 8337981.083629673346877 ], [ 3324247.161136211827397, 8337544.221971766091883 ], [ 3324388.679701449815184, 8337199.655030319467187 ], [ 3324505.586342298425734, 8336852.011598322540522 ], [ 3324597.881058757193387, 8336501.29167577624321 ], [ 3324665.563850827515125, 8336178.260168168693781 ], [ 3324708.634718508459628, 8335882.917075499892235 ], [ 3324726.663972388021648, 8335860.103583407588303 ], [ 3325437.871830479241908, 8334938.084842216223478 ], [ 3326657.889252307359129, 8334754.516385685652494 ], [ 3327377.258498538751155, 8335390.750050285831094 ], [ 3327391.334476925432682, 8335676.792208740487695 ], [ 3327557.464966552332044, 8336002.900206895545125 ], [ 3327708.213003435637802, 8336258.248922433704138 ], [ 3327843.578587576746941, 8336442.838355353102088 ], [ 3328062.009416530374438, 8336442.838355353102088 ], [ 3328363.505490296985954, 8336258.248922433704138 ], [ 3328628.083677480462939, 8336098.271413903683424 ], [ 3328855.74397808033973, 8335962.905829763971269 ], [ 3329120.322165263816714, 8335815.234283428639174 ], [ 3329421.818239030893892, 8335655.256774899549782 ], [ 3329677.166954568587244, 8335562.962058439850807 ], [ 3329886.368311875499785, 8335538.350134051404893 ], [ 3330070.957744794432074, 8335522.967681308276951 ], [ 3330230.935253323987126, 8335516.814700210466981 ], [ 3330470.901516118552536, 8335415.290512105450034 ], [ 3330790.85653317719698, 8335218.395116992294788 ], [ 3331030.822795971296728, 8335243.007041381672025 ], [ 3331190.800304501317441, 8335489.126285272650421 ], [ 3331350.777813030406833, 8335787.545868491753936 ], [ 3331510.755321559961885, 8336138.265791037119925 ], [ 3331624.585471860133111, 8336565.897977298125625 ], [ 3331692.268263929523528, 8337070.442427275702357 ], [ 3331726.109659965150058, 8337633.440197678282857 ], [ 3331726.109659965150058, 8338254.891288504004478 ], [ 3331759.951055999845266, 8338787.124153418466449 ], [ 3331827.633848070167005, 8339230.138792423531413 ], [ 3331861.475244105327874, 8339577.782224420458078 ], [ 3331861.475244105327874, 8339830.054449409246445 ], [ 3331852.245772459544241, 8340116.168070432730019 ], [ 3331833.786829167511314, 8340436.123087491840124 ], [ 3331803.02192368125543, 8340746.848632905632257 ], [ 3331759.951055999845266, 8341048.344706672243774 ], [ 3331713.803697769995779, 8341315.999384404160082 ], [ 3331664.579848992172629, 8341549.812666101381183 ], [ 3331593.820566373411566, 8341839.002777673304081 ], [ 3331501.525849913712591, 8342183.569719121791422 ], [ 3331510.755321559961885, 8342460.453868499957025 ], [ 3331621.508981311228126, 8342669.655225806869566 ], [ 3331769.180527646094561, 8342820.403262690640986 ], [ 3331953.769960564561188, 8342912.697979151271284 ], [ 3332196.81271390710026, 8343014.22216725628823 ], [ 3332498.308787674643099, 8343124.975827006623149 ], [ 3332913.635011741425842, 8343192.658619076944888 ], [ 3333442.79138610791415, 8343217.270543466322124 ], [ 3333845.811647980473936, 8343229.576505661010742 ], [ 3334122.695797358173877, 8343229.576505661010742 ], [ 3334574.939908009022474, 8343263.41790169570595 ], [ 3335202.543979932554066, 8343331.100693766027689 ], [ 3335710.164920458570123, 8343435.701372420415282 ], [ 3336097.802729588001966, 8343577.219937657006085 ], [ 3336534.66438749525696, 8343706.432540699839592 ], [ 3337020.749894180800766, 8343823.339181549847126 ], [ 3337414.540684407576919, 8343903.32793581392616 ], [ 3337716.036758174654096, 8343946.398803494870663 ], [ 3338063.6801901711151, 8343967.934237334877253 ], [ 3338457.470980397425592, 8343967.934237334877253 ], [ 3338838.955808429513127, 8343937.169331848621368 ], [ 3339208.134674265980721, 8343875.639520875178277 ], [ 3339565.00757790915668, 8343807.956728804856539 ], [ 3339909.57451935717836, 8343734.120955638587475 ], [ 3340198.76463092956692, 8343777.191823319531977 ], [ 3340432.57791262678802, 8343937.169331848621368 ], [ 3340755.609420234337449, 8344084.840878183953464 ], [ 3341167.859153752215207, 8344220.206462323665619 ], [ 3341524.732057394925505, 8344346.342574818059802 ], [ 3341826.228131162002683, 8344463.249215667136014 ], [ 3342207.712959194090217, 8344613.99725254997611 ], [ 3342669.186541490722448, 8344798.586685469374061 ], [ 3343152.195557627826929, 8344983.176118387840688 ], [ 3343656.740007605403662, 8345167.765551306307316 ], [ 3344025.918873442802578, 8345340.049022030085325 ], [ 3344259.732155139558017, 8345500.026530559174716 ], [ 3344573.534191101323813, 8345663.080529637634754 ], [ 3344967.324981327634305, 8345829.211019264534116 ], [ 3345450.333997464738786, 8345921.505735723301768 ], [ 3346022.561239512171596, 8345939.964679015800357 ], [ 3346610.17093430319801, 8345961.500112855806947 ], [ 3347213.163081837818027, 8345986.112037245184183 ], [ 3347686.942626328673214, 8346010.723961634561419 ], [ 3348031.509567777160555, 8346035.335886023007333 ], [ 3348366.847037578932941, 8346047.641848217695951 ], [ 3348692.955035735387355, 8346047.641848217695951 ], [ 3349212.881938456557691, 8346026.106414377689362 ], [ 3349926.627745741046965, 8345983.035546696744859 ], [ 3350443.478157913312316, 8345869.205396397039294 ], [ 3350763.433174972422421, 8345684.615963477641344 ], [ 3350994.169966120738536, 8345487.720568364486098 ], [ 3351135.688531358260661, 8345278.519211057573557 ], [ 3351252.595172206871212, 8345060.088382104411721 ], [ 3351344.889888666104525, 8344832.428081503137946 ], [ 3351437.184605125337839, 8344567.849894320592284 ], [ 3351529.479321584571153, 8344266.353820553049445 ], [ 3351532.555812133476138, 8343931.016350751742721 ], [ 3351446.414076771587133, 8343561.837484914809465 ], [ 3351320.27796427719295, 8343309.565259926021099 ], [ 3351154.147474650293589, 8343174.199675785377622 ], [ 3350861.880872529000044, 8342943.462884636595845 ], [ 3350443.478157913312316, 8342617.354886480607092 ], [ 3350154.288046340458095, 8342177.416738023981452 ], [ 3349994.310537811368704, 8341623.648439268581569 ], [ 3349846.638991476967931, 8341116.027498742565513 ], [ 3349711.273407336324453, 8340654.55391644500196 ], [ 3349631.284653071779758, 8340146.932975918985903 ], [ 3349606.67272868193686, 8339593.16467716358602 ], [ 3349603.596238133497536, 8339097.849698832258582 ], [ 3349622.055181425530463, 8338660.988040924072266 ], [ 3349711.273407336324453, 8338199.514458627440035 ], [ 3349871.250915865413845, 8337713.428951943293214 ], [ 3350080.452273173257709, 8337264.261331841349602 ], [ 3350338.877479259856045, 8336852.011598321609199 ], [ 3350548.078836567234248, 8336516.674128519371152 ], [ 3350708.0563450967893, 8336258.248922433704138 ], [ 3350871.110344174783677, 8335922.911452632397413 ], [ 3351037.240833801683038, 8335510.661719113588333 ], [ 3351141.84151245560497, 8335187.630211506038904 ], [ 3351184.912380136549473, 8334953.816929809749126 ], [ 3351264.90113440155983, 8334689.238742625340819 ], [ 3351381.807775249704719, 8334393.895649954676628 ], [ 3351474.102491709403694, 8334129.317462771199644 ], [ 3351541.785283779259771, 8333895.504181075841188 ], [ 3351646.385962433181703, 8333480.177957008592784 ], [ 3351787.904527670703828, 8332883.338790571317077 ], [ 3351892.505206324160099, 8332341.876454010605812 ], [ 3351960.18799839541316, 8331855.790947324596345 ], [ 3352120.165506924502552, 8331495.841553132981062 ], [ 3352372.437731913290918, 8331262.028271436691284 ], [ 3352717.004673361778259, 8331142.045140039175749 ], [ 3353544.706886939238757, 8330711.327805198729038 ], [ 3354072.117257244419307, 8330531.825412759557366 ], [ 3354575.136522137094289, 8330459.965517776086926 ], [ 3355257.805524490773678, 8330300.847178881987929 ], [ 3356120.124264305457473, 8330054.470396076329052 ], [ 3356802.793266659136862, 8329874.820658614858985 ], [ 3357305.812531551811844, 8329761.897966496646404 ], [ 3358091.13852674048394, 8329772.163665779866278 ], [ 3358594.639866552315652, 8329993.745042765513062 ], [ 3358820.76192187750712, 8330173.719739860855043 ], [ 3358857.679808461572975, 8330464.448096707463264 ], [ 3358939.083549347240478, 8330657.220529014244676 ], [ 3359064.973144534509629, 8330752.037036783061922 ], [ 3359203.41521922359243, 8330899.708583118394017 ], [ 3359354.409773414023221, 8331100.23516801930964 ], [ 3359429.907050509005785, 8331468.153138202615082 ], [ 3359429.907050509005785, 8332003.462493666447699 ], [ 3359464.517569181509316, 8332340.338208742439747 ], [ 3359533.738606525585055, 8332478.780283432453871 ], [ 3359697.561728240922093, 8332617.222358121536672 ], [ 3359955.98693432752043, 8332755.664432809688151 ], [ 3360232.871083705220371, 8332903.335979145020247 ], [ 3360528.21417637495324, 8333060.236997125670314 ], [ 3360830.47937277937308, 8333182.52749643381685 ], [ 3361139.666672918014228, 8333270.207477070391178 ], [ 3361492.693963374942541, 8333314.047467388212681 ], [ 3361889.561244150158018, 8333314.047467388212681 ], [ 3362364.879033915698528, 8333304.817995741963387 ], [ 3362918.647332671564072, 8333286.359052451327443 ], [ 3363352.432500030379742, 8333311.74009947758168 ], [ 3363922.055719777476043, 8333221.438625042326748 ], [ 3364366.252538364380598, 8333011.092832950875163 ], [ 3364902.430001351982355, 8332923.733345819637179 ], [ 3365508.106259080115706, 8332995.593240804038942 ], [ 3366134.313915374223143, 8332944.26474438700825 ], [ 3366781.052970235235989, 8332769.747856566682458 ], [ 3367017.164053756278008, 8332502.839675195515156 ], [ 3366842.647165936417878, 8332143.540200272575021 ], [ 3366539.809037073049694, 8331727.779379289597273 ], [ 3366108.649667165242136, 8331255.55721224937588 ], [ 3365749.350192242302001, 8330732.006548790261149 ], [ 3365461.910612303763628, 8330157.127388911321759 ], [ 3365405.449266244191676, 8329654.108124019578099 ], [ 3365579.966154064517468, 8329222.948754113167524 ], [ 3365672.35744761582464, 8328755.859436713159084 ], [ 3365682.623146899510175, 8328252.840171820484102 ], [ 3365579.966154064517468, 8327554.772620541974902 ], [ 3365364.386469110846519, 8326661.656782876700163 ], [ 3365343.855070543475449, 8325999.519179089926183 ], [ 3365518.37195836333558, 8325568.359809180721641 ], [ 3365677.490297257900238, 8325008.87919822987169 ], [ 3365821.210087226703763, 8324321.077346234582365 ], [ 3365908.468531136866659, 8323725.666787790134549 ], [ 3365939.265628987457603, 8323222.647522899322212 ], [ 3365816.077237585093826, 8322575.908468037843704 ], [ 3365538.903356930240989, 8321785.449623206630349 ], [ 3365415.714965527877212, 8321030.920725868083537 ], [ 3365446.512063378468156, 8320312.321776022203267 ], [ 3365446.512063378468156, 8319737.442616145126522 ], [ 3365415.714965527877212, 8319306.283246237784624 ], [ 3365415.714965527877212, 8318823.795379912480712 ], [ 3365446.512063378468156, 8318289.979017170146108 ], [ 3365621.028951198328286, 8317858.81964726280421 ], [ 3365939.265628986991942, 8317530.317270189523697 ], [ 3366226.705208925530314, 8316827.116869268938899 ], [ 3366483.347691013477743, 8315749.218444500118494 ], [ 3366770.787270952016115, 8315051.150893220677972 ], [ 3367089.023948741145432, 8314732.914215432479978 ], [ 3367715.231605035252869, 8314430.076086568646133 ], [ 3368649.410239835269749, 8314142.63650663010776 ], [ 3369332.079242188949138, 8313906.525423109531403 ], [ 3369763.238612096291035, 8313721.742836005985737 ], [ 3370084.041714706458151, 8313510.012788283638656 ], [ 3370294.488550018519163, 8313271.33527994249016 ], [ 3370543.431757643818855, 8313044.206683294847608 ], [ 3370830.871337581891567, 8312828.626998340710998 ], [ 3371082.380970027763397, 8312595.082339640706778 ], [ 3371297.960654982365668, 8312343.572707194834948 ], [ 3371416.016196742653847, 8312127.993022240698338 ], [ 3371436.547595309093595, 8311948.343284780159593 ], [ 3371472.477542801760137, 8311743.029299110174179 ], [ 3371523.806039219722152, 8311512.051065228879452 ], [ 3371595.665934204123914, 8311216.912210827693343 ], [ 3371688.057227755896747, 8310857.612735906615853 ], [ 3371824.077743262052536, 8310559.907456684857607 ], [ 3372003.727480723522604, 8310323.796373162418604 ], [ 3372201.342191931325942, 8310097.950988925993443 ], [ 3372416.921876884996891, 8309882.371303971856833 ], [ 3372578.606640600599349, 8309782.280735956504941 ], [ 3372686.396483077201992, 8309797.679284883663058 ], [ 3372901.976168030872941, 8309833.609232375398278 ], [ 3373225.345695462077856, 8309890.070578435435891 ], [ 3373548.71522289281711, 8309990.161146448925138 ], [ 3373872.084750323090702, 8310133.880936417728662 ], [ 3374159.524330261629075, 8310285.300000850111246 ], [ 3374411.033962707966566, 8310444.418339744210243 ], [ 3374649.571766031440347, 8310528.298344964161515 ], [ 3374875.137740232981741, 8310536.94001650903374 ], [ 3374989.482359916903079, 8310545.945750030688941 ], [ 3374987.920727333519608, 8310541.26085228100419 ], [ 3374993.604762405157089, 8310516.900701973587275 ], [ 3375003.348822528496385, 8310485.232506575062871 ], [ 3375139.765664251055568, 8310425.144135816954076 ], [ 3375228.274210368283093, 8310417.836090723983943 ], [ 3375289.174586137291044, 8310457.624336226843297 ], [ 3375323.278796568047255, 8310585.921127846464515 ], [ 3375477.559748515952379, 8310722.337969568558037 ], [ 3375527.092054141219705, 8310729.646014660596848 ], [ 3375590.428444940596819, 8310680.925714045763016 ], [ 3375670.004935945384204, 8310680.113709035329521 ], [ 3375794.24170251423493, 8310765.374235112220049 ], [ 3375846.210023170337081, 8310795.418420491740108 ], [ 3375910.35841898014769, 8310784.050350347533822 ], [ 3375968.010774707887322, 8310747.510124886408448 ], [ 3376101.991601399611682, 8310652.505538687109947 ], [ 3376232.724408050067723, 8310427.580150847323239 ], [ 3376272.512653552461416, 8310409.716040621511638 ], [ 3376324.480974208563566, 8310445.44426107313484 ], [ 3376357.773179628886282, 8310530.704787149094045 ], [ 3376400.809445172548294, 8310534.764812200330198 ], [ 3376418.673555397894233, 8310491.728546657599509 ], [ 3376434.10165059287101, 8310455.188321195542812 ], [ 3376464.145835971925408, 8310443.008246041834354 ], [ 3376491.754006320610642, 8310448.692281113937497 ], [ 3376561.586437202058733, 8310494.164561687968671 ], [ 3376676.891148658003658, 8310540.448847272433341 ], [ 3376745.099569519050419, 8310633.829423450864851 ], [ 3377005.753177809994668, 8310789.734385419636965 ], [ 3377073.961598671041429, 8310889.611001680605114 ], [ 3377086.141673825215548, 8311035.771903526037931 ], [ 3377037.421373209916055, 8311160.820675104856491 ], [ 3377024.429293045774102, 8311233.901126027107239 ], [ 3377115.373854194302112, 8311450.706463764421642 ], [ 3377151.914079655427486, 8311474.254609062336385 ], [ 3377182.770270044915378, 8311469.382579000666738 ], [ 3377316.751096736639738, 8311405.234183190390468 ], [ 3377663.477236114442348, 8311486.434684214182198 ], [ 3377986.655230194795877, 8311474.25460906047374 ], [ 3378050.803626004606485, 8311527.034934726543725 ], [ 3378084.095831424929202, 8311602.551400680094957 ], [ 3378059.735681117512286, 8311940.345484944991767 ], [ 3378096.275906579103321, 8312004.493880755268037 ], [ 3378184.784452696330845, 8312092.190421862527728 ], [ 3378257.864903619047254, 8312120.610597221180797 ], [ 3378348.809464767109603, 8312120.610597221180797 ], [ 3378516.082496879156679, 8312168.518892825581133 ], [ 3378607.839063037652522, 8312217.239193441346288 ], [ 3378744.255904760211706, 8312251.343403871171176 ], [ 3378839.260490959510207, 8312351.220020132139325 ], [ 3378903.313411896117032, 8312449.700297605246305 ], [ 3379056.377711736597121, 8312705.523172065615654 ], [ 3379176.591629844624549, 8312863.947860631160438 ], [ 3379263.955166219267994, 8312924.974363301880658 ], [ 3379384.145591934677213, 8312979.926755020394921 ], [ 3379537.162906991317868, 8313028.805035787634552 ], [ 3379651.091466916259378, 8313016.239742890000343 ], [ 3379700.394869362935424, 8312987.964928572997451 ], [ 3379856.987996980082244, 8312889.300975915975869 ], [ 3379920.117280178703368, 8312862.478866691701114 ], [ 3379985.31710590608418, 8312865.207280245609581 ], [ 3380066.290903474669904, 8312914.560934743843973 ], [ 3380112.677735271397978, 8312959.932262173853815 ], [ 3380166.545236841775477, 8312974.630695650354028 ], [ 3380248.598833467811346, 8312959.602207855321467 ], [ 3380319.865571435540915, 8312918.785605258308351 ], [ 3380360.664164788555354, 8312875.130792856216431 ], [ 3380371.751586061436683, 8312819.506485966965556 ], [ 3380373.454774263314903, 8312760.648151683621109 ], [ 3380391.688906843308359, 8312714.992009438574314 ], [ 3380420.442731301765889, 8312693.517217841930687 ], [ 3380515.609763934276998, 8312672.7905826382339 ], [ 3380572.716662686318159, 8312683.637954534962773 ], [ 3380633.163146160542965, 8312708.963219422847033 ], [ 3380674.19551044749096, 8312733.232429543510079 ], [ 3380746.196957064326853, 8312770.989582082256675 ], [ 3380806.910607317462564, 8312793.322720505297184 ], [ 3380877.16433792328462, 8312803.070111426524818 ], [ 3380994.105462944600731, 8312770.923572890460491 ], [ 3381081.569186820648611, 8312773.365912799723446 ], [ 3381144.498094940558076, 8312809.86908920481801 ], [ 3381193.801497391890734, 8312844.040098181925714 ], [ 3381260.225837521720678, 8312896.540101565420628 ], [ 3381319.603653888218105, 8312943.165521870367229 ], [ 3381362.272414690814912, 8312983.102111392654479 ], [ 3381403.694397201295942, 8313025.745385598391294 ], [ 3381451.561778219882399, 8313052.326044195331633 ], [ 3381513.032401010859758, 8313068.630949115380645 ], [ 3381618.062340523581952, 8313056.704820790328085 ], [ 3381642.686211879830807, 8313090.194846194237471 ], [ 3381633.023680086247623, 8313128.922002928331494 ], [ 3381612.318254809826612, 8313152.664490789175034 ], [ 3381587.349293039646, 8313183.734478848986328 ], [ 3381577.597705653868616, 8313225.146663075312972 ], [ 3381594.651851637754589, 8313275.712970854714513 ], [ 3381609.880357975605875, 8313304.340959854424 ], [ 3381638.18890447402373, 8313321.658636527135968 ], [ 3381672.620022959541529, 8313333.56318746227771 ], [ 3381715.255387912038714, 8313313.472893575206399 ], [ 3381794.359018029645085, 8313280.487962077371776 ], [ 3381865.080290498677641, 8313284.228740771301091 ], [ 3381893.099406321067363, 8313310.414244628511369 ], [ 3381923.556418993510306, 8313370.113139205612242 ], [ 3381954.61455691466108, 8313430.406651346944273 ], [ 3381980.808033091016114, 8313481.568502524867654 ], [ 3382024.300558125134557, 8313511.935704194940627 ], [ 3382069.295896282419562, 8313510.461351664736867 ], [ 3382091.659981972537935, 8313499.238677894696593 ], [ 3382143.111850588582456, 8313448.95690743625164 ], [ 3382207.231877251993865, 8313412.736640462651849 ], [ 3382256.713390890043229, 8313434.059485745616257 ], [ 3382284.732506710570306, 8313476.089216368272901 ], [ 3382285.957021113950759, 8313526.657240323722363 ], [ 3382271.340771984774619, 8313574.760999215766788 ], [ 3382208.901669629849494, 8313602.289869369007647 ], [ 3382147.698213623836637, 8313642.978211278095841 ], [ 3382115.415561312809587, 8313689.872408199124038 ], [ 3382123.942634308245033, 8313748.342032320797443 ], [ 3382159.798642280045897, 8313780.910935760475695 ], [ 3382226.868635451421142, 8313797.085410713218153 ], [ 3382378.786344466730952, 8313788.282970963045955 ], [ 3382428.267858101055026, 8313789.339263182133436 ], [ 3382601.759284420870245, 8313793.058293214067817 ], [ 3382660.335600452497602, 8313821.600260591134429 ], [ 3382704.418118789792061, 8313858.218643769621849 ], [ 3382730.644990814849734, 8313931.543980260379612 ], [ 3382764.686491088010371, 8314001.723082077689469 ], [ 3382837.567361686378717, 8314096.264562073163688 ], [ 3382895.631608059164137, 8314146.682777602225542 ], [ 3383015.622887136880308, 8314223.422118198126554 ], [ 3383108.207307591568679, 8314269.109583067707717 ], [ 3383184.950964515097439, 8314348.293054528534412 ], [ 3383241.590321412310004, 8314448.781137804500759 ], [ 3383332.950227477122098, 8314593.13336103502661 ], [ 3383381.073643327690661, 8314638.206869236193597 ], [ 3383418.833214592654258, 8314691.798043441027403 ], [ 3383499.228150816634297, 8314835.538753696717322 ], [ 3383639.312597976066172, 8314950.053525890223682 ], [ 3383751.389061264693737, 8315062.126974917948246 ], [ 3383790.974272180814296, 8315171.758989746682346 ], [ 3383803.764881681650877, 8315320.373382863588631 ], [ 3383847.012503844685853, 8315449.488964023068547 ], [ 3383855.539576844777912, 8315545.127512838691473 ], [ 3383890.861251259688288, 8315602.379167052917182 ], [ 3383922.687493665609509, 8315626.701899426057935 ], [ 3383962.840433976612985, 8315636.519061126746237 ], [ 3384008.948967043310404, 8315648.053142207674682 ], [ 3384054.311659519094974, 8315632.821115273050964 ], [ 3384099.540768604725599, 8315609.753018626943231 ], [ 3384144.992516671307385, 8315574.842848946340382 ], [ 3384183.475664622150362, 8315575.789339388720691 ], [ 3384238.267117966432124, 8315586.398845240473747 ], [ 3384304.379763517063111, 8315593.420497527346015 ], [ 3384330.740218925755471, 8315596.854286024346948 ], [ 3384362.733440564014018, 8315595.027334254235029 ], [ 3384397.787948200013489, 8315609.466869011521339 ], [ 3384427.131765960715711, 8315648.559409512206912 ], [ 3384432.864719738252461, 8315688.708720334805548 ], [ 3384420.018450511153787, 8315725.996707569807768 ], [ 3384409.754793467465788, 8315762.052212907932699 ], [ 3384432.1077472101897, 8315781.334716496057808 ], [ 3384459.34762659529224, 8315790.711842583492398 ], [ 3384518.925818041432649, 8315808.211440667510033 ], [ 3384575.487251288257539, 8315829.761317115277052 ], [ 3384593.710251925047487, 8315854.481017811223865 ], [ 3384597.483982665929943, 8315882.986919535323977 ], [ 3384592.263098553754389, 8315933.131158540956676 ], [ 3384562.986072493717074, 8315988.492730533704162 ], [ 3384517.055650618858635, 8316045.04340841807425 ], [ 3384479.67456562910229, 8316070.02798347081989 ], [ 3384441.035570396576077, 8316112.556987364776433 ], [ 3384423.658597896806896, 8316169.438811840489507 ], [ 3384413.517392290756106, 8316196.933318108320236 ], [ 3384430.40455904090777, 8316218.330234407447278 ], [ 3384432.797928093932569, 8316245.27458746638149 ], [ 3384420.686367501970381, 8316270.524000905454159 ], [ 3384399.80283104069531, 8316302.201460217125714 ], [ 3384374.366327409632504, 8316320.472745854407549 ], [ 3384324.250292678363621, 8316325.73400395642966 ], [ 3384273.466341001912951, 8316345.37019694596529 ], [ 3384219.687895027454942, 8316349.662869399413466 ], [ 3384153.152235414367169, 8316386.40384482126683 ], [ 3384132.680581069085747, 8316423.761392910964787 ], [ 3384151.27093602437526, 8316457.464799503795803 ], [ 3384131.489462527446449, 8316539.621624452061951 ], [ 3384144.647426342125982, 8316612.885501051321626 ], [ 3384202.811860257294029, 8316677.234150205738842 ], [ 3384278.520245922729373, 8316810.270098870620131 ], [ 3384291.33311930950731, 8316841.641658496111631 ], [ 3384295.507600216660649, 8316888.798316467553377 ], [ 3384324.283688582945615, 8316999.007813340984285 ], [ 3384380.589087006635964, 8317076.084987920708954 ], [ 3384432.141143169254065, 8317086.630599294789135 ], [ 3384487.455798118840903, 8317076.084987917914987 ], [ 3384583.190560151357204, 8317014.440796510316432 ], [ 3384619.157887606881559, 8316986.987280986271799 ], [ 3384658.46479978505522, 8316967.041166044771671 ], [ 3384695.500794358551502, 8316981.703536689281464 ], [ 3384743.601946309674531, 8317021.46380521915853 ], [ 3384757.3053756239824, 8317055.39009490609169 ], [ 3384761.001182720996439, 8317104.617616233415902 ], [ 3384800.719977023545653, 8317178.261367226019502 ], [ 3384855.967840281780809, 8317221.391187151893973 ], [ 3384910.46986295003444, 8317241.205890143290162 ], [ 3385044.053251841105521, 8317269.827221570536494 ], [ 3385139.788013879675418, 8317294.045357776805758 ], [ 3385218.824852308258414, 8317283.037104204297066 ], [ 3385290.069326379802078, 8317269.827221559360623 ], [ 3385333.09430954605341, 8317202.633317215368152 ], [ 3385379.069259214680642, 8317113.027717470191419 ], [ 3385449.456573204137385, 8317028.310694719664752 ], [ 3385493.783994415774941, 8317018.843935943208635 ], [ 3385588.405561547260731, 8317027.650222774595022 ], [ 3385684.140323584433645, 8317051.867565643973649 ], [ 3385758.724382386077195, 8317093.697708385065198 ], [ 3385801.248427854385227, 8317144.53265833016485 ], [ 3385857.052888564299792, 8317146.646202139556408 ], [ 3386019.913303520996124, 8317194.311178877949715 ], [ 3386165.040523604955524, 8317232.399348863400519 ], [ 3386322.001005559228361, 8317349.086871456354856 ], [ 3386424.080978572834283, 8317375.528960374183953 ], [ 3386438.552512369584292, 8317378.809459269978106 ], [ 3386475.755486177746207, 8317401.266604869626462 ], [ 3386531.292780112009495, 8317456.330933918245137 ], [ 3386654.089310354087502, 8317495.25710450578481 ], [ 3386707.656249299179763, 8317517.318294445984066 ], [ 3386753.018941779620945, 8317555.209972932003438 ], [ 3386768.559142690617591, 8317589.909321270883083 ], [ 3386786.704219682142138, 8317601.468467757105827 ], [ 3386815.346724651288241, 8317607.787475487217307 ], [ 3386856.902290544472635, 8317612.983597372658551 ], [ 3386953.182518087793142, 8317633.085577918216586 ], [ 3386991.309443667065352, 8317645.459441973827779 ], [ 3387024.426992164924741, 8317669.480650002136827 ], [ 3387043.262250002939254, 8317700.635678606107831 ], [ 3387052.423844095785171, 8317748.700549187138677 ], [ 3387053.648358495905995, 8317783.753093444742262 ], [ 3387043.607340435497463, 8317836.838638671673834 ], [ 3387032.219356533139944, 8317857.139391746371984 ], [ 3387011.168840836267918, 8317869.777849678881466 ], [ 3386948.462571705691516, 8317916.214459961280227 ], [ 3386928.981660828925669, 8317939.598012829199433 ], [ 3386921.834949526004493, 8317970.754179838113487 ], [ 3386926.554895934648812, 8317998.651721367612481 ], [ 3386939.367769321426749, 8318020.758450995199382 ], [ 3386964.336731095332652, 8318034.938499614596367 ], [ 3386988.715699567459524, 8318043.481771847233176 ], [ 3387023.135686105117202, 8318049.316744381561875 ], [ 3387124.425290732178837, 8318052.575523502193391 ], [ 3387162.084674449637532, 8318044.780878535471857 ], [ 3387198.441620126832277, 8318048.678199986927211 ], [ 3387249.737641461193562, 8318066.865727273747325 ], [ 3387299.085571709554642, 8318087.629508646205068 ], [ 3387325.056408901233226, 8318101.919780184514821 ], [ 3387351.03837804030627, 8318110.353035054169595 ], [ 3387391.937158937565982, 8318107.11624940764159 ], [ 3387455.567379843909293, 8318099.982114623300731 ], [ 3387525.698659011162817, 8318087.629508637823164 ], [ 3387614.854439141694456, 8318049.162612938322127 ], [ 3387680.466146983206272, 8318019.305217697285116 ], [ 3387787.622288769111037, 8317996.846194535493851 ], [ 3387834.921940381638706, 8317964.985324827022851 ], [ 3387846.610486907884479, 8317942.262245253659785 ], [ 3387850.117050864268094, 8317921.586945746093988 ], [ 3387851.163454072549939, 8317872.133801507763565 ], [ 3387855.705289293080568, 8317844.214719256386161 ], [ 3387876.477506261318922, 8317808.501346610486507 ], [ 3387892.975054790731519, 8317796.45747993607074 ], [ 3387908.548651542980224, 8317789.543824939057231 ], [ 3387936.679086852353066, 8317787.672295235097408 ], [ 3387966.445918678306043, 8317798.15286766178906 ], [ 3388014.624994275160134, 8317844.368846385739744 ], [ 3388071.253219217993319, 8317872.309947462752461 ], [ 3388097.981028945650905, 8317884.199809735640883 ], [ 3388126.434290782082826, 8317918.702536871656775 ], [ 3388167.822877439204603, 8317917.227305299602449 ], [ 3388200.773446697741747, 8317908.177756832912564 ], [ 3388299.836661506444216, 8317873.432878069579601 ], [ 3388385.541537426877767, 8317848.772480182349682 ], [ 3388534.375696544535458, 8317821.558065147139132 ], [ 3388621.238295165356249, 8317780.142145198769867 ], [ 3388655.179607892408967, 8317761.250749995931983 ], [ 3388667.703050600364804, 8317739.827349749393761 ], [ 3388672.077906582970172, 8317712.547282464802265 ], [ 3388675.74031782662496, 8317676.262086664326489 ], [ 3388684.990967503748834, 8317653.385771380737424 ], [ 3388699.584952739533037, 8317627.955494357272983 ], [ 3388730.32026412896812, 8317592.441323141567409 ], [ 3388788.373378545045853, 8317531.893687483854592 ], [ 3388833.624751528725028, 8317486.384209241718054 ], [ 3388874.089386408217251, 8317457.035478052683175 ], [ 3388911.225568520370871, 8317441.843757488764822 ], [ 3388936.472829018719494, 8317441.843757488764822 ], [ 3388961.731221469584852, 8317448.272713685408235 ], [ 3388987.90243374556303, 8317464.80748629104346 ], [ 3389014.986465844791383, 8317488.233645557425916 ], [ 3389042.538039804901928, 8317518.529239792376757 ], [ 3389065.948528710752726, 8317550.674410129897296 ], [ 3389086.609426194801927, 8317583.722433028742671 ], [ 3389102.683960660360754, 8317620.447524514049292 ], [ 3389112.780638473108411, 8317659.484647340141237 ], [ 3389116.454181673005223, 8317702.176920075900853 ], [ 3389115.541361857671291, 8317798.593228108249605 ], [ 3389120.127724877092987, 8317829.814855208620429 ], [ 3389129.767992778681219, 8317857.359573644585907 ], [ 3389144.462165557779372, 8317877.109926545992494 ], [ 3389166.503424726426601, 8317889.968601605854928 ], [ 3389190.381455490831286, 8317895.473178239539266 ], [ 3389207.368809779640287, 8317895.935562871396542 ], [ 3389223.632587375119328, 8317890.783278685994446 ], [ 3389259.700102373026311, 8317870.218214351683855 ], [ 3389280.405527648515999, 8317848.948625553399324 ], [ 3389294.598762716166675, 8317821.558065106160939 ], [ 3389307.122205420397222, 8317754.27107419911772 ], [ 3389316.183611962478608, 8317723.291961965151131 ], [ 3389327.660651457961649, 8317704.929137960076332 ], [ 3389347.397597165312618, 8317691.630430585704744 ], [ 3389371.275627926923335, 8317686.103988032788038 ], [ 3389391.480115497484803, 8317687.028731119818985 ], [ 3389436.252814674284309, 8317692.621227486990392 ], [ 3389455.299579539801925, 8317691.630430580116808 ], [ 3389481.470791812054813, 8317685.641616531647742 ], [ 3389503.044509116560221, 8317669.128367622382939 ], [ 3389514.176458190660924, 8317655.191214240156114 ], [ 3389537.475627597421408, 8317606.686602531932294 ], [ 3389564.114381728228182, 8317548.362595241516829 ], [ 3389593.948005242273211, 8317497.414782705716789 ], [ 3389606.348996508400887, 8317484.556790431030095 ], [ 3389623.792760707437992, 8317472.62353678420186 ], [ 3389639.410885257646441, 8317464.345128604210913 ], [ 3389653.63751617539674, 8317461.593000275082886 ], [ 3389670.624870461411774, 8317462.055357763543725 ], [ 3389687.155814836733043, 8317468.021973640657961 ], [ 3389708.740664090961218, 8317480.417578491382301 ], [ 3389726.6408382053487, 8317501.531987010501325 ], [ 3389743.628192496951669, 8317537.353962968103588 ], [ 3389753.736002258956432, 8317579.142818075604737 ], [ 3389755.105232004541904, 8317683.351777121424675 ], [ 3389761.539498573169112, 8317720.539737211540341 ], [ 3389772.56012815842405, 8317747.643690996803343 ], [ 3389794.133845465723425, 8317770.123975004069507 ], [ 3389818.924696053843945, 8317789.411716846749187 ], [ 3389842.34631690941751, 8317806.872010570950806 ], [ 3389867.137167498935014, 8317821.558065083809197 ], [ 3389888.254474893212318, 8317827.987351504154503 ], [ 3389974.571608014870435, 8317823.847947270609438 ], [ 3390055.8459682026878, 8317809.62426742631942 ], [ 3390088.89672500314191, 8317809.62426742631942 ], [ 3390120.578252069186419, 8317819.708545350469649 ], [ 3390148.586235941387713, 8317838.534035502932966 ], [ 3390171.996724846307188, 8317871.605363530106843 ], [ 3390177.974581502377987, 8317895.935562822967768 ], [ 3390178.887401329819113, 8317932.662205371074378 ], [ 3390168.790723524987698, 8317997.396659854799509 ], [ 3390160.987227224744856, 8318022.652058228850365 ], [ 3390152.037140170112252, 8318042.711115282028913 ], [ 3390140.326329746749252, 8318058.476559466682374 ], [ 3390115.991889071185142, 8318074.990678113885224 ], [ 3390082.930000325664878, 8318092.892024392262101 ], [ 3390058.595559650566429, 8318114.470580604858696 ], [ 3390046.194568384904414, 8318139.263979085721076 ], [ 3390045.281748561188579, 8318166.831869694404304 ], [ 3390051.248473268933594, 8318190.700637573376298 ], [ 3390071.452960844151676, 8318263.232218790799379 ], [ 3390085.22318185120821, 8318300.88550603762269 ], [ 3390091.657448418904096, 8318330.722018980421126 ], [ 3390095.787401525769383, 8318364.257962882518768 ], [ 3390108.177260849624872, 8318382.160009660758078 ], [ 3390130.674929927568883, 8318395.922375222668052 ], [ 3390151.803369270637631, 8318397.309623092412949 ], [ 3390172.464266752824187, 8318388.589783661067486 ], [ 3390205.470495756249875, 8318377.403742075897753 ], [ 3390271.171259190421551, 8318372.977773597463965 ], [ 3390355.751808256376535, 8318364.191903731785715 ], [ 3390384.583556360099465, 8318359.1934310561046 ], [ 3390403.407682240009308, 8318347.258765458129346 ], [ 3390417.177903244737536, 8318328.43197975680232 ], [ 3390446.566248798277229, 8318299.520295762456954 ], [ 3390466.303194505628198, 8318291.240961541421711 ], [ 3390489.257273495662957, 8318287.563707034103572 ], [ 3390510.385712838266045, 8318286.660908286459744 ], [ 3390530.122658547479659, 8318291.240961541421711 ], [ 3390545.729651152621955, 8318302.735146124847233 ], [ 3390559.967414017766714, 8318323.389492067508399 ], [ 3390559.511004108469933, 8318362.870721187442541 ], [ 3390556.293870829977095, 8318393.632315793074667 ], [ 3390552.620327636599541, 8318414.286915709264576 ], [ 3390541.655357799027115, 8318434.655314362607896 ], [ 3390505.788217884954065, 8318458.370807075873017 ], [ 3390437.838800741825253, 8318484.530603165738285 ], [ 3390393.767414357513189, 8318499.240024119615555 ], [ 3390355.751808268483728, 8318511.725438820198178 ], [ 3390348.772076199296862, 8318519.432495459914207 ], [ 3390343.261761410161853, 8318532.754712308757007 ], [ 3390343.261761412024498, 8318552.484849474392831 ], [ 3390357.031982416752726, 8318569.484518826007843 ], [ 3390368.052612002938986, 8318574.989601472392678 ], [ 3390385.496376200113446, 8318579.129426324740052 ], [ 3390448.85943033080548, 8318586.462206882424653 ], [ 3390539.3065165579319, 8318589.677182036451995 ], [ 3390587.975397911388427, 8318594.741871753707528 ], [ 3390622.406516398768872, 8318606.676936897449195 ], [ 3390634.807507668621838, 8318620.902150427922606 ], [ 3390676.129302639048547, 8318685.180198054760695 ], [ 3390701.844105000142008, 8318705.373177303932607 ], [ 3390732.145270382985473, 8318719.620601525530219 ], [ 3390784.487694930285215, 8318736.136197197251022 ], [ 3390812.161720328498632, 8318747.344802478328347 ], [ 3390862.533789893146604, 8318773.329453766345978 ], [ 3390896.508498466573656, 8318784.82438796479255 ], [ 3390972.728953776881099, 8318789.867190403863788 ], [ 3391000.280527735128999, 8318790.329630977474153 ], [ 3391016.800340163055807, 8318795.372437175363302 ], [ 3391028.744921519886702, 8318806.382943016476929 ], [ 3391031.038103030994534, 8318824.74850326962769 ], [ 3391018.637111767660826, 8318860.576891810633242 ], [ 3390983.293173460289836, 8318932.652596520259976 ], [ 3390932.319978660903871, 8319032.740556406788528 ], [ 3390892.834955300670117, 8319102.527660774067044 ], [ 3390881.825457667466253, 8319135.582622056826949 ], [ 3390880.901505899149925, 8319161.766836879774928 ], [ 3390888.248592290095985, 8319190.219427783973515 ], [ 3390908.909489773213863, 8319212.263654375448823 ], [ 3390932.319978676270694, 8319226.049587738700211 ], [ 3390957.121961214113981, 8319235.232883495278656 ], [ 3391000.736937687732279, 8319242.56631491985172 ], [ 3391039.25348148541525, 8319242.830582849681377 ], [ 3391066.849583239294589, 8319241.200930735096335 ], [ 3391101.280701726209372, 8319242.566314914263785 ], [ 3391121.028779386077076, 8319255.889835061505437 ], [ 3391134.799000390339643, 8319278.837177303619683 ], [ 3391143.070038555655628, 8319299.494250733405352 ], [ 3391146.743581751361489, 8319328.894342835061252 ], [ 3391152.253896548878402, 8319394.543959345668554 ], [ 3391164.187345961108804, 8319436.321291605010629 ], [ 3391180.718290337827057, 8319469.840228636749089 ], [ 3391201.835597734898329, 8319496.003604414872825 ], [ 3391229.843581605236977, 8319510.693015083670616 ], [ 3391264.274700094945729, 8319518.048742926679552 ], [ 3391304.683675233274698, 8319535.953584135510027 ], [ 3391364.373186173848808, 8319588.302919677458704 ], [ 3391405.694981139153242, 8319626.865919345058501 ], [ 3391447.929595931433141, 8319674.612961817532778 ], [ 3391535.148416937328875, 8319782.815772807225585 ], [ 3391571.561022363137454, 8319818.780949564650655 ], [ 3391618.715958643238991, 8319857.058837582357228 ], [ 3391653.737070431932807, 8319881.814032959751785 ], [ 3391692.487385160755366, 8319895.358948079869151 ], [ 3391739.653453388717026, 8319909.82890921831131 ], [ 3391784.938222222961485, 8319914.498065588995814 ], [ 3391826.961329978890717, 8319912.163487029261887 ], [ 3391859.644732457585633, 8319896.746477365493774 ], [ 3391883.455971525516361, 8319871.528723729774356 ], [ 3391901.200298345182091, 8319826.24710432626307 ], [ 3391918.477083305828273, 8319791.691424759104848 ], [ 3391931.545991516672075, 8319771.627621208317578 ], [ 3391956.292314308695495, 8319764.62402313016355 ], [ 3391974.504182992968708, 8319773.015127271413803 ], [ 3392007.655127340462059, 8319806.645711127668619 ], [ 3392043.132649044506252, 8319855.671315715648234 ], [ 3392050.145776962395757, 8319873.863289440982044 ], [ 3392054.342521765269339, 8319897.20898717828095 ], [ 3392058.550398517865688, 8319934.562256920151412 ], [ 3392061.344517739024013, 8319973.78779820445925 ], [ 3392075.348509675823152, 8319991.055031151510775 ], [ 3392107.107960386667401, 8320008.806845851242542 ], [ 3392139.791362868156284, 8320014.88564083352685 ], [ 3392172.007223488297313, 8320006.009720850735903 ], [ 3392207.017203323543072, 8319973.325283587910235 ], [ 3392235.503861002624035, 8319936.43433023430407 ], [ 3392262.120351235382259, 8319915.885598446242511 ], [ 3392288.258167660795152, 8319901.327528283931315 ], [ 3392357.8328493735753, 8319883.686092888005078 ], [ 3392394.245454793330282, 8319883.201559670269489 ], [ 3392461.949969064444304, 8319906.54728689417243 ], [ 3392492.2956622405909, 8319906.547286888584495 ], [ 3392531.057108915410936, 8319887.87069921195507 ], [ 3392570.274965499993414, 8319855.671315690502524 ], [ 3392588.486834182403982, 8319816.908905990421772 ], [ 3392620.235152937937528, 8319754.338876944035292 ], [ 3392876.025078742299229, 8319526.924076919443905 ], [ 3392905.046069976873696, 8319492.876327263191342 ], [ 3392933.989137566648424, 8319466.734985546208918 ], [ 3392969.010249354876578, 8319456.934759104624391 ], [ 3393019.437978659756482, 8319459.731676337309182 ], [ 3393095.079572618473321, 8319471.403862031176686 ], [ 3393187.051735872868448, 8319502.676601348444819 ], [ 3393249.156879760324955, 8319540.974875706247985 ], [ 3393306.586605038493872, 8319596.055145502090454 ], [ 3393324.642626439221203, 8319626.029027339071035 ], [ 3393330.397844113409519, 8319652.567356276325881 ], [ 3393329.930302259977907, 8319746.872794762253761 ], [ 3393335.529672648757696, 8319784.68780760653317 ], [ 3393342.999210477806628, 8319807.108215239830315 ], [ 3393364.951414053793997, 8319828.581655666232109 ], [ 3393421.913597468752414, 8319844.461029678583145 ], [ 3393455.988493583165109, 8319844.923536224290729 ], [ 3393543.307502121198922, 8319824.837564117275178 ], [ 3393575.05582088092342, 8319827.656644628383219 ], [ 3393594.202773288358003, 8319837.919868698343635 ], [ 3393610.076932667754591, 8319851.927210376597941 ], [ 3393645.554454372264445, 8319903.750200537033379 ], [ 3393668.43060972681269, 8319960.242739286273718 ], [ 3393688.045104000717402, 8320026.074160528369248 ], [ 3393691.317897033877671, 8320089.109011629596353 ], [ 3393683.848359206691384, 8320122.256484766490757 ], [ 3393663.298781219404191, 8320173.156315949745476 ], [ 3393659.102036420721561, 8320197.912569969892502 ], [ 3393657.699410839471966, 8320219.387145726941526 ], [ 3393663.29878122638911, 8320250.200517765246332 ], [ 3393686.174936579074711, 8320289.405708635225892 ], [ 3393727.730502474587411, 8320318.83176376670599 ], [ 3393775.35298061510548, 8320345.438656986691058 ], [ 3393879.013690397143364, 8320383.741298097185791 ], [ 3393929.897829616907984, 8320398.212215312756598 ], [ 3393983.130810089409351, 8320403.344221678562462 ], [ 3394004.13679799484089, 8320412.683160861954093 ], [ 3394019.543415513355285, 8320429.026332822628319 ], [ 3394021.413582960609347, 8320454.708533201366663 ], [ 3394018.151921884156764, 8320480.8533691521734 ], [ 3394005.071881726384163, 8320532.680768880993128 ], [ 3393992.470515376888216, 8320563.957998514175415 ], [ 3393985.936061275191605, 8320609.244137364439666 ], [ 3393988.262638633605093, 8320651.270627280697227 ], [ 3393999.472511353902519, 8320676.00645606033504 ], [ 3394020.478499258402735, 8320690.477945470251143 ], [ 3394041.963160972110927, 8320693.75991580542177 ], [ 3394072.776396009605378, 8320696.094741231761873 ], [ 3394121.33395787095651, 8320706.821731658652425 ], [ 3394158.681647017132491, 8320722.240431007929146 ], [ 3394200.237212911713868, 8320736.712010934017599 ], [ 3394259.069563771598041, 8320769.399823914282024 ], [ 3394320.707165798638016, 8320810.480063412338495 ], [ 3394351.987942698411644, 8320826.361546953208745 ], [ 3394391.20579928625375, 8320833.828719519078732 ], [ 3394451.874921740964055, 8320832.044527156278491 ], [ 3394519.891130586154759, 8320853.168511273339391 ], [ 3394582.61966362176463, 8320887.508881242014468 ], [ 3394654.58771438896656, 8320929.757226875051856 ], [ 3394703.423574979882687, 8320940.286309942603111 ], [ 3394870.792429313063622, 8320976.367256447672844 ], [ 3394953.324699745047837, 8320969.494681621901691 ], [ 3395047.946266879793257, 8320990.971499147824943 ], [ 3395196.602314821444452, 8321066.372143413871527 ], [ 3395493.580452236812562, 8321233.300407752394676 ], [ 3395653.145810272078961, 8321298.944912103004754 ], [ 3395803.983720228075981, 8321340.314466334879398 ], [ 3395968.736566529143602, 8321382.389170589856803 ], [ 3396063.859071367420256, 8321372.586403952911496 ], [ 3396113.574355931021273, 8321344.433811603114009 ], [ 3396145.478521973825991, 8321300.00227799359709 ], [ 3396177.30476437183097, 8321253.852802265435457 ], [ 3396204.299740869086236, 8321166.907532234676182 ], [ 3396262.363987236749381, 8321110.559965747408569 ], [ 3396322.086894009727985, 8321017.206342398189008 ], [ 3396377.023062685504556, 8320954.163576130755246 ], [ 3396452.208246727939695, 8320909.029515048488975 ], [ 3396561.813417308963835, 8320850.745527656748891 ], [ 3396644.379083588719368, 8320815.854653072543442 ], [ 3396739.913470539730042, 8320796.779282432049513 ], [ 3396802.864642553962767, 8320781.272319951094687 ], [ 3396853.55953863542527, 8320770.435087070800364 ], [ 3396929.167736744042486, 8320740.500617834739387 ], [ 3396970.355948319192976, 8320731.689906788989902 ], [ 3397077.222659423016012, 8320665.609908702783287 ], [ 3397181.862980714999139, 8320590.719958358444273 ], [ 3397299.138064204715192, 8320513.5400505149737 ], [ 3397367.065217447467148, 8320434.686981508508325 ], [ 3397421.199885790236294, 8320368.257227613590658 ], [ 3397529.179791804868728, 8320302.180478472262621 ], [ 3397579.273562633432448, 8320253.724571170285344 ], [ 3397621.574969111476094, 8320183.24381850566715 ], [ 3397617.645391079597175, 8320113.776884272694588 ], [ 3397611.478291290812194, 8320088.536365364678204 ], [ 3397614.572973131667823, 8320054.353880299255252 ], [ 3397578.126971856690943, 8319995.746263125911355 ], [ 3397518.125766342040151, 8319933.967598169110715 ], [ 3397509.097755642142147, 8319927.470406727865338 ], [ 3397490.40721314586699, 8319904.565099397674203 ], [ 3397445.434138880111277, 8319844.813415421172976 ], [ 3397446.625257425010204, 8319766.980578706599772 ], [ 3397465.493911103345454, 8319753.391851118765771 ], [ 3397466.840876935049891, 8319687.695000234059989 ], [ 3397514.519014816265553, 8319630.675980748608708 ], [ 3397581.499952386599034, 8319531.328712935559452 ], [ 3397652.744426452554762, 8319447.641072989441454 ], [ 3397771.84514959063381, 8319376.265073982067406 ], [ 3397850.893119961488992, 8319300.088857844471931 ], [ 3397942.175102360546589, 8319214.201611164025962 ], [ 3398034.570279668550938, 8319134.921961469575763 ], [ 3398128.078651882708073, 8319024.812747434712946 ], [ 3398247.190506966318935, 8318925.715857088565826 ], [ 3398272.47116331057623, 8318880.792371075600386 ], [ 3398291.896414442453533, 8318816.842938405461609 ], [ 3398307.737177964765579, 8318727.702228025533259 ], [ 3398306.52379550691694, 8318632.264724172651768 ], [ 3398360.714123593643308, 8318552.154545016586781 ], [ 3398396.581263510044664, 8318533.305217261426151 ], [ 3398474.849997445940971, 8318491.356827420182526 ], [ 3398537.133252510800958, 8318423.359103238210082 ], [ 3398619.164585230406374, 8318343.471384423784912 ], [ 3398664.627465245313942, 8318295.050334505736828 ], [ 3398749.163486509118229, 8318239.583409675396979 ], [ 3398762.288054467178881, 8318230.973852864466608 ], [ 3398832.41933363256976, 8318205.123223349452019 ], [ 3398906.123968450818211, 8318208.139859428629279 ], [ 3399147.8987703952007, 8318221.769785298034549 ], [ 3399387.870196588803083, 8318259.576997149735689 ], [ 3399767.146833495236933, 8318269.551791722886264 ], [ 3399938.1001754286699, 8318274.043756594881415 ], [ 3400027.756893271580338, 8318294.543885848484933 ], [ 3400108.229753131978214, 8318320.83521968126297 ], [ 3400173.529766404535621, 8318366.680130993947387 ], [ 3400427.071038529276848, 8318494.615801307372749 ], [ 3400633.034360317513347, 8318687.998843475244939 ], [ 3400777.449135667644441, 8318819.441423735581338 ], [ 3400950.95169394556433, 8318927.609696176834404 ], [ 3401078.523830343503505, 8319030.890733130276203 ], [ 3401229.940601660404354, 8319146.835876605473459 ], [ 3401275.258766342885792, 8319183.480645840056241 ], [ 3401344.788920271210372, 8319274.520780699327588 ], [ 3401411.435899386648089, 8319393.707093239761889 ], [ 3401456.119542976841331, 8319459.313239420764148 ], [ 3401513.09285834338516, 8319514.128623080439866 ], [ 3401590.727071191184223, 8319578.238251624628901 ], [ 3401640.876501776278019, 8319630.059323037043214 ], [ 3401715.883574638981372, 8319671.309419841505587 ], [ 3401779.035121737513691, 8319682.03492319304496 ], [ 3401943.064391348976642, 8319718.197823301889002 ], [ 3402039.544993978459388, 8319756.6954290503636 ], [ 3402134.289012552704662, 8319819.860127296298742 ], [ 3402200.056567690800875, 8319880.778893603943288 ], [ 3402223.244417611509562, 8319905.622265633195639 ], [ 3402289.58863744745031, 8320019.4942382350564 ], [ 3402619.385473740287125, 8320043.884775194339454 ], [ 3403856.268705202732235, 8320535.279971840791404 ], [ 3404609.061374453827739, 8320325.628523541614413 ], [ 3404730.306715492159128, 8319585.685556252487004 ], [ 3405067.278457121457905, 8319154.052158666774631 ], [ 3405526.061067677102983, 8319091.379558036103845 ], [ 3406082.658521835226566, 8319738.217919793911278 ], [ 3406701.100137566681951, 8320202.304832685738802 ], [ 3407535.996318803634495, 8320174.556760880164802 ], [ 3408463.658742400817573, 8320627.086624275892973 ], [ 3410807.752006278373301, 8321065.571490830741823 ], [ 3413520.60805241111666, 8321003.909576890058815 ], [ 3415080.984030724968761, 8321074.380575702525675 ], [ 3417157.750924907624722, 8321003.909576890058815 ], [ 3417988.395744314417243, 8320880.585749008692801 ], [ 3418915.322048258967698, 8321497.205064592882991 ], [ 3419533.763663989957422, 8321353.326653626747429 ], [ 3420124.719058502465487, 8321435.542974475771189 ], [ 3421165.418806600850075, 8321558.866802357137203 ], [ 3421821.997642195783556, 8321402.212198728695512 ], [ 3423261.497362416703254, 8321502.174604678526521 ], [ 3425903.712306022178382, 8321867.175344420596957 ], [ 3426628.872775235679001, 8322113.824027824215591 ], [ 3429316.822771393228322, 8322483.795511469244957 ], [ 3430236.959809851832688, 8322792.105081173591316 ], [ 3430479.347677989397198, 8322837.043255600146949 ], [ 3430479.348301377613097, 8322837.043551152572036 ], [ 3430560.967751997988671, 8322928.216831444762647 ], [ 3430604.816499405540526, 8322994.603496906347573 ], [ 3430754.318575490266085, 8323217.101223238743842 ], [ 3430766.908809897489846, 8323264.342640408314764 ], [ 3430768.745581499300897, 8323314.867493971250951 ], [ 3430716.803907121997327, 8323359.311141774058342 ], [ 3430659.808327862527221, 8323359.399280157871544 ], [ 3430579.368863859213889, 8323426.296619121916592 ], [ 3430419.202380589209497, 8323554.562281744554639 ], [ 3430325.849855666980147, 8323690.101909251883626 ], [ 3430327.541911930777133, 8323742.304389490745962 ], [ 3430318.636352673172951, 8323790.122096823528409 ], [ 3430286.309172571636736, 8323886.948392741382122 ], [ 3430242.382501528132707, 8323916.322665486484766 ], [ 3430192.589293320663273, 8323931.351408321410418 ], [ 3430123.715924405958503, 8324019.695471941493452 ], [ 3430145.233981969300658, 8324050.414508284069598 ], [ 3430135.081644417252392, 8324087.612479309551418 ], [ 3430087.269923146348447, 8324137.063152488321066 ], [ 3430052.582769831176847, 8324141.845164723694324 ], [ 3430015.257344587240368, 8324151.321050640195608 ], [ 3430001.587311123497784, 8324139.222770538181067 ], [ 3429964.506788757629693, 8324136.468155800364912 ], [ 3429905.763493490405381, 8324130.914855599403381 ], [ 3429740.17575101274997, 8324139.443139768205583 ], [ 3429482.281886815093458, 8324170.140636865980923 ], [ 3429271.375979668460786, 8324309.019205485470593 ], [ 3429062.006281495094299, 8324473.17783251684159 ], [ 3428978.305156416725367, 8324588.348888755775988 ], [ 3428900.99377010576427, 8324702.838543158024549 ], [ 3428795.685531878843904, 8324843.269854087382555 ], [ 3428710.047447659540921, 8324988.750867173075676 ], [ 3428700.585290951654315, 8325012.289043022319674 ], [ 3428701.141888409852982, 8325061.900181656703353 ], [ 3428730.029296263121068, 8325130.642243171110749 ], [ 3428767.866791170090437, 8325189.488953221589327 ], [ 3428792.846884894650429, 8325218.824323409236968 ], [ 3428874.154640941414982, 8325322.215350698679686 ], [ 3428935.758847129065543, 8325417.80540020391345 ], [ 3428976.190086173824966, 8325540.551272878423333 ], [ 3428978.43873989675194, 8325648.311001878231764 ], [ 3428966.393971005454659, 8325723.979592776857316 ], [ 3428938.764473405200988, 8325772.449336141347885 ], [ 3428879.653823831584305, 8325849.573971550911665 ], [ 3428772.152591625694185, 8325912.46013025380671 ], [ 3428697.568532831501216, 8325949.182544022798538 ], [ 3428631.578338723164052, 8325974.399001063778996 ], [ 3428601.121326059103012, 8325993.906546524725854 ], [ 3428543.658204949926585, 8326142.077403353527188 ], [ 3428523.27560619963333, 8326203.114432552829385 ], [ 3428517.687367767095566, 8326219.823104104027152 ], [ 3428481.530797178857028, 8326284.012969381175935 ], [ 3428357.465224760118872, 8326414.642830623313785 ], [ 3428291.341447263490409, 8326470.016833547502756 ], [ 3428164.704394603148103, 8326556.671808612532914 ], [ 3428106.951842806767672, 8326567.252999582327902 ], [ 3428079.489324439782649, 8326557.377220870926976 ], [ 3428005.929404955822974, 8326534.032519664615393 ], [ 3427892.63955922331661, 8326481.898490967229009 ], [ 3427850.171173505950719, 8326489.459555627778172 ], [ 3427737.059438968077302, 8326538.617686523124576 ], [ 3427686.208695598877966, 8326560.61770932469517 ], [ 3427632.27440233528614, 8326568.068633703514934 ], [ 3427578.81878288090229, 8326571.507524408400059 ], [ 3427536.127758180256933, 8326582.507576582953334 ], [ 3427488.405092502944171, 8326594.940521001815796 ], [ 3427395.375394095666707, 8326650.911074144765735 ], [ 3427287.39548808010295, 8326712.50342130754143 ], [ 3427250.994014610070735, 8326740.874872040934861 ], [ 3427185.215327533427626, 8326776.697566432878375 ], [ 3427134.720806535799056, 8326817.458492699079216 ], [ 3427073.906968752853572, 8326893.82245569396764 ], [ 3427063.966138233430684, 8326962.339061831124127 ], [ 3427060.403914532158524, 8326985.22216254286468 ], [ 3427044.897109475918114, 8327024.507188557647169 ], [ 3427042.670719663146883, 8327045.075694571249187 ], [ 3427045.910116847138852, 8327090.070878938771784 ], [ 3427050.051201905589551, 8327117.826496753841639 ], [ 3427070.745495236013085, 8327147.32384426984936 ], [ 3427086.808897751849145, 8327168.950898092240095 ], [ 3427148.824986051768064, 8327249.705686021596193 ], [ 3427167.593452191445976, 8327276.117080356925726 ], [ 3427191.527142704930156, 8327309.693638673052192 ], [ 3427265.988750062417239, 8327324.178123601712286 ], [ 3427318.164195373654366, 8327322.326224397867918 ], [ 3427367.311750533524901, 8327308.944061830639839 ], [ 3427417.605896451044828, 8327283.855328124016523 ], [ 3427451.602868922054768, 8327257.311628791503608 ], [ 3427469.046633112709969, 8327192.738525787368417 ], [ 3427489.863377878442407, 8327159.978198335506022 ], [ 3427531.274228433612734, 8327143.465813775546849 ], [ 3427595.973116454202682, 8327137.028418846428394 ], [ 3427652.512285800650716, 8327151.071647200733423 ], [ 3427685.674362096004188, 8327189.850496455095708 ], [ 3427699.689485982526094, 8327206.230708239600062 ], [ 3427717.266833581961691, 8327320.694789756089449 ], [ 3427730.881207303144038, 8327378.434566835872829 ], [ 3427724.992406244855374, 8327408.440028158947825 ], [ 3427719.849445776548237, 8327434.65356910508126 ], [ 3427709.285226110834628, 8327498.743753433227539 ], [ 3427691.362788105849177, 8327563.495907688513398 ], [ 3427689.782051344402134, 8327623.067508873529732 ], [ 3427643.673518281430006, 8327684.932529779151082 ], [ 3427612.481796979904175, 8327711.676193466410041 ], [ 3427571.58301608171314, 8327733.128517974168062 ], [ 3427517.748910361435264, 8327744.174394864588976 ], [ 3427430.585749111603945, 8327755.308479106985033 ], [ 3427318.219855158124119, 8327784.918610493652523 ], [ 3427243.813907550182194, 8327816.910032499581575 ], [ 3427148.513291528914124, 8327844.580188730731606 ], [ 3427107.280552158597857, 8327863.453279042616487 ], [ 3427067.105347950477153, 8327866.319523611105978 ], [ 3427019.57192540448159, 8327873.970197243615985 ], [ 3426971.092287188861519, 8327880.231849571689963 ], [ 3426904.300592742394656, 8327887.507719858549535 ], [ 3426767.689313707873225, 8327902.412252269685268 ], [ 3426674.503768007270992, 8327918.948381104506552 ], [ 3426595.578249074518681, 8327962.162972494028509 ], [ 3426558.442066967952996, 8328006.766869373619556 ], [ 3426548.145014075562358, 8328020.613314272835851 ], [ 3426528.92013802845031, 8328065.945168917998672 ], [ 3426544.393547248560935, 8328137.228749928995967 ], [ 3426562.204665767028928, 8328149.39972391538322 ], [ 3426564.664826514199376, 8328162.033745303750038 ], [ 3426562.037686533294618, 8328167.634173560887575 ], [ 3426567.158383107744157, 8328183.310985468327999 ], [ 3426571.099093081429601, 8328201.369126481935382 ], [ 3426590.379628882743418, 8328258.079472853802145 ], [ 3426618.53232809714973, 8328316.488056756556034 ], [ 3426659.965442556422204, 8328356.640091734938323 ], [ 3426708.623191958293319, 8328363.18879687320441 ], [ 3426773.27755218045786, 8328351.45846045576036 ], [ 3426832.844611669890583, 8328271.176714237779379 ], [ 3426896.94237443478778, 8328224.542702976614237 ], [ 3426970.958703827578574, 8328202.206990003585815 ], [ 3427143.470518627204001, 8328197.973575205542147 ], [ 3427183.890625717584044, 8328228.445396170020103 ], [ 3427205.631322264205664, 8328268.530804999172688 ], [ 3427224.83393442677334, 8328374.985300571657717 ], [ 3427258.608267932664603, 8328533.56741810683161 ], [ 3427256.660176854580641, 8328637.159187525510788 ], [ 3427207.891107967123389, 8328726.110793043859303 ], [ 3427096.237658776342869, 8329001.704395125620067 ], [ 3427059.925240911077708, 8329180.256961602717638 ], [ 3427018.124772140756249, 8329227.051369899883866 ], [ 3426959.949206284247339, 8329269.501784604042768 ], [ 3426927.789005414582789, 8329347.324502917006612 ], [ 3426919.907585476525128, 8329407.660277375951409 ], [ 3426915.443673902656883, 8329462.351024953648448 ], [ 3426909.777511829510331, 8329516.446747316978872 ], [ 3426904.656815258320421, 8329563.221231777220964 ], [ 3426882.604424145072699, 8329605.739737639203668 ], [ 3426864.715381986927241, 8329636.989231205545366 ], [ 3426853.51664122287184, 8329676.508892918005586 ], [ 3426813.953694215975702, 8329737.861822275444865 ], [ 3426773.811885862145573, 8329805.213899284601212 ], [ 3426718.018557107076049, 8329860.238399554044008 ], [ 3426612.153721420094371, 8329976.88287366554141 ], [ 3426571.288336374796927, 8330029.945801978930831 ], [ 3426526.649220592807978, 8330085.214577222242951 ], [ 3426408.427921434398741, 8330207.266082622110844 ], [ 3426307.639254525303841, 8330322.526547204703093 ], [ 3426225.351886979304254, 8330426.628627027384937 ], [ 3426187.213829455897212, 8330481.790090561844409 ], [ 3426176.104144284967333, 8330532.474597236141562 ], [ 3426181.158049169927835, 8330607.244804561138153 ], [ 3426204.22344765951857, 8330684.177300337702036 ], [ 3426260.072436175774783, 8330813.47333945799619 ], [ 3426350.063112505245954, 8330967.144911495968699 ], [ 3426385.473842514213175, 8331024.030892817303538 ], [ 3426492.429609232116491, 8331163.391266363672912 ], [ 3426522.062857672106475, 8331227.602035054937005 ], [ 3426541.33226152556017, 8331289.453127974644303 ], [ 3426555.614552196115255, 8331414.767147148959339 ], [ 3426546.464090060442686, 8331455.884549501352012 ], [ 3426536.022321835625917, 8331494.509528092108667 ], [ 3426513.658236148301512, 8331531.259695190005004 ], [ 3426503.038356732577085, 8331555.215784897096455 ], [ 3426470.766836368013173, 8331572.774809740483761 ], [ 3426399.589153988286853, 8331579.436661751009524 ], [ 3426351.666113224811852, 8331596.069258872419596 ], [ 3426318.693280067760497, 8331589.605924244970083 ], [ 3426292.433012200985104, 8331584.44408427271992 ], [ 3426226.754512666258961, 8331609.591543815098703 ], [ 3426196.030333220493048, 8331615.349000545218587 ], [ 3426156.745684936642647, 8331597.878111221827567 ], [ 3426138.800983027555048, 8331586.032342349179089 ], [ 3426072.833052812609822, 8331543.745087706483901 ], [ 3426055.567399797029793, 8331548.178951251320541 ], [ 3426032.145778946578503, 8331550.098087037913501 ], [ 3425967.068404656369239, 8331538.847987785935402 ], [ 3425925.356991475448012, 8331535.009722546674311 ], [ 3425867.281613155733794, 8331529.671448928304017 ], [ 3425805.989101553335786, 8331542.862727134488523 ], [ 3425792.519443176686764, 8331546.833350604400039 ], [ 3425782.166730537079275, 8331550.252500294707716 ], [ 3425741.167762097902596, 8331574.473360874690115 ], [ 3425644.175089820753783, 8331641.467174789868295 ], [ 3425515.890508701559156, 8331778.875880687497556 ], [ 3425422.883074199315161, 8331919.44174138456583 ], [ 3425398.181279211305082, 8332002.807472440414131 ], [ 3425398.181279217358679, 8332085.666749629192054 ], [ 3425448.119202774949372, 8332207.089477827772498 ], [ 3425526.822082737926394, 8332302.239169507287443 ], [ 3425611.191124777775258, 8332385.432728132233024 ], [ 3425731.61654986999929, 8332476.084108274430037 ], [ 3425831.904279089067131, 8332576.951346624642611 ], [ 3425856.361171212513, 8332660.434809505008161 ], [ 3425873.415317200589925, 8332743.477963829413056 ], [ 3425862.416951524559408, 8332856.659961595200002 ], [ 3425876.843957528006285, 8332891.144411996006966 ], [ 3425889.423059986438602, 8332941.713071828708053 ], [ 3425921.338357993867248, 8333067.34194746427238 ], [ 3425961.001492549199611, 8333135.496616711840034 ], [ 3426013.343917103484273, 8333209.47680591698736 ], [ 3426089.731351656839252, 8333281.62640668451786 ], [ 3426150.333682421129197, 8333320.878733170218766 ], [ 3426242.973762617912143, 8333352.651426727883518 ], [ 3426384.249328321777284, 8333401.943500957451761 ], [ 3426454.491926983930171, 8333443.160223744809628 ], [ 3426509.216588635463268, 8333486.120296819135547 ], [ 3426511.231471417937428, 8333491.43791954126209 ], [ 3426540.508497487287968, 8333544.261317448690534 ], [ 3426535.654967694543302, 8333571.092394384555519 ], [ 3426537.057593286503106, 8333677.755714946426451 ], [ 3426535.666099659632891, 8333773.78491223230958 ], [ 3426546.330506881233305, 8333868.601730016060174 ], [ 3426608.925456546247005, 8334092.773210016079247 ], [ 3426611.519200686831027, 8334156.4136414648965 ], [ 3426599.608015180565417, 8334219.370543953031301 ], [ 3426587.897204766515642, 8334346.301058338955045 ], [ 3426568.672328724525869, 8334434.703536086715758 ], [ 3426509.216588726267219, 8334511.675901042297482 ], [ 3426430.869931146036834, 8334558.305478983558714 ], [ 3426331.394834219943732, 8334570.773920512758195 ], [ 3426258.380380239337683, 8334544.954339284449816 ], [ 3426204.757781544700265, 8334499.185491441749036 ], [ 3426146.281653050333261, 8334420.205104146152735 ], [ 3426099.371619644574821, 8334336.87829049769789 ], [ 3425977.053763200063258, 8334114.464737950824201 ], [ 3425886.361774087417871, 8334047.47056014277041 ], [ 3425837.826476122718304, 8334037.584777704440057 ], [ 3425789.524949088692665, 8334040.276886792853475 ], [ 3425738.262323604431003, 8334054.244976732879877 ], [ 3425670.435357897542417, 8334082.556368011981249 ], [ 3425609.153978248592466, 8334132.934583560563624 ], [ 3425571.873080806341022, 8334196.001620627939701 ], [ 3425501.12954445136711, 8334353.715703845024109 ], [ 3425489.073643614072353, 8334467.42993388697505 ], [ 3425471.351580692455173, 8334515.957071079872549 ], [ 3425407.242685996927321, 8334759.656832820735872 ], [ 3425383.286731600761414, 8334898.227003855630755 ], [ 3425380.047334423754364, 8334958.431576678529382 ], [ 3425391.424186380580068, 8335002.19495941977948 ], [ 3425442.542096540797502, 8335102.87600031029433 ], [ 3425510.669624880887568, 8335197.091921812854707 ], [ 3425555.486851858440787, 8335245.314871756359935 ], [ 3425613.640153824817389, 8335288.307497166097164 ], [ 3425739.698345148470253, 8335356.129534582607448 ], [ 3425878.591673753689975, 8335448.560961168259382 ], [ 3425926.047172663267702, 8335524.175495473667979 ], [ 3425963.906931473407894, 8335597.1864108229056 ], [ 3425978.946194681338966, 8335710.765285038389266 ], [ 3425974.5824706540443, 8335824.301762139424682 ], [ 3425970.140822979155928, 8335907.755717097781599 ], [ 3425926.314339482691139, 8335991.188542663119733 ], [ 3425921.518870033323765, 8336072.535037900321186 ], [ 3425762.334627903066576, 8336655.571298233233392 ], [ 3425512.116787707433105, 8337479.365418263711035 ], [ 3425050.176159653346986, 8338337.805085397325456 ], [ 3424732.591977865900844, 8338828.6170027051121 ], [ 3424709.494946463499218, 8339123.104153089225292 ], [ 3424717.193956931121647, 8339369.472488051280379 ], [ 3424595.934542066417634, 8339637.013101799413562 ], [ 3424380.362248974386603, 8339796.767569001764059 ], [ 3424068.552325037773699, 8339948.823025736026466 ], [ 3423895.324589517433196, 8340156.696308360435069 ], [ 3423851.055279328953475, 8340418.462664257735014 ], [ 3423931.894889238290489, 8340809.18744548689574 ], [ 3424103.197872141841799, 8341109.448853720910847 ], [ 3424226.382039622869343, 8341500.173634950071573 ], [ 3424268.726597194559872, 8341738.842959444969893 ], [ 3424255.253328876104206, 8341917.844952816143632 ], [ 3424145.542429713532329, 8342148.815266842953861 ], [ 3423995.411725596059114, 8342424.054891058243811 ], [ 3423827.958247926086187, 8343011.104439210146666 ], [ 3423596.987933899275959, 8343378.732189036905766 ], [ 3423086.928490423597395, 8343971.555995039641857 ], [ 3422948.346302007324994, 8344323.785723931156099 ], [ 3423008.013633131049573, 8344627.896637399680912 ], [ 3423258.231473326683044, 8344885.813488063402474 ], [ 3423546.944365860428661, 8344958.954087505117059 ], [ 3423793.312700822949409, 8344906.985766849480569 ], [ 3424045.455293635837734, 8345030.169934330508113 ], [ 3424147.467182330787182, 8345182.22539106477052 ], [ 3424097.423614291939884, 8345384.324415838345885 ], [ 3423829.883000543341041, 8345905.932375015690923 ], [ 3423791.387948205228895, 8346152.30070997774601 ], [ 3423914.572115686256438, 8346483.358160083182156 ], [ 3423985.514490785542876, 8346886.004072808660567 ], [ 3423920.213166040834039, 8347123.611875666305423 ], [ 3423789.610516550950706, 8347598.827481381595135 ], [ 3423495.019277036190033, 8348254.820865771733224 ], [ 3423036.43944749655202, 8349091.592028835788369 ], [ 3422853.771123748272657, 8349645.25201334990561 ], [ 3422947.014305792283267, 8349915.800819312222302 ], [ 3422993.635896814055741, 8350051.075222292914987 ], [ 3423037.847298692446202, 8350090.344564142636955 ], [ 3423052.764131473377347, 8350137.501003256067634 ], [ 3423025.817594836931676, 8350236.625763026066124 ], [ 3423023.41165406582877, 8350283.301013985648751 ], [ 3423043.140368388965726, 8350321.314878169447184 ], [ 3423086.447302268818021, 8350346.817850342951715 ], [ 3423176.910675262566656, 8350384.350526372902095 ], [ 3423224.067114376462996, 8350447.867362730205059 ], [ 3423247.164145779330283, 8350534.481230489909649 ], [ 3423267.781772313639522, 8350688.453434990718961 ], [ 3423299.613654589746147, 8350764.007980053313076 ], [ 3423331.853260922711343, 8350782.293129913508892 ], [ 3423393.445344663225114, 8350789.510952226817608 ], [ 3423429.534456229768693, 8350773.150554983876646 ], [ 3423497.863174129743129, 8350740.429760496132076 ], [ 3423530.583968616556376, 8350740.429760496132076 ], [ 3423566.673080183565617, 8350749.572335426695645 ], [ 3423586.401794506702572, 8350783.736694376915693 ], [ 3423600.837439133320004, 8350828.968380873091519 ], [ 3423606.130508829839528, 8350890.079276459291577 ], [ 3423601.318627287633717, 8350924.243635409511626 ], [ 3423604.686944366898388, 8350944.453537886962295 ], [ 3423625.859223152976483, 8350976.69314421992749 ], [ 3423663.873087336309254, 8350991.128788846544921 ], [ 3423730.75824077334255, 8351016.631761020049453 ], [ 3423795.718641593586653, 8351025.29314779676497 ], [ 3423829.883000543341041, 8351025.293147795833647 ], [ 3423841.67211032146588, 8351033.954534571617842 ], [ 3423843.356268861331046, 8351045.743644350208342 ], [ 3423838.303793242201209, 8351057.532754128798842 ], [ 3423832.770129468757659, 8351119.846620100550354 ], [ 3423839.025575473438948, 8351131.395135802216828 ], [ 3423847.92755632661283, 8351133.319888419471681 ], [ 3423863.325577261857688, 8351127.064442413859069 ], [ 3423898.452312519773841, 8351115.515926713123918 ], [ 3423914.090927532408386, 8351115.515926713123918 ], [ 3423927.323601773474365, 8351126.102066106162965 ], [ 3423929.970136621501297, 8351133.319888419471681 ], [ 3423923.955284693744034, 8351172.055534834042192 ], [ 3423922.992908385582268, 8351195.633754391223192 ], [ 3423927.323601773474365, 8351211.753557557240129 ], [ 3423938.150335243437439, 8351223.542667335830629 ], [ 3423961.728554800152779, 8351229.07633110973984 ], [ 3424031.260243085678667, 8351246.158510584384203 ], [ 3424039.199847630225122, 8351252.413956589065492 ], [ 3424043.771135095506907, 8351260.594155211001635 ], [ 3424041.124600247014314, 8351272.142670912668109 ], [ 3424026.688955620862544, 8351299.32980162743479 ], [ 3424018.508756999392062, 8351320.983268567360938 ], [ 3424020.433509616181254, 8351338.306042119860649 ], [ 3424025.726579312700778, 8351348.170399281196296 ], [ 3424043.771135095972568, 8351358.99713275115937 ], [ 3424078.176088123116642, 8351366.936737296171486 ], [ 3424086.115692667663097, 8351372.470401069149375 ], [ 3424090.686980132479221, 8351377.041688534431159 ], [ 3424116.911734537687153, 8351378.725847074761987 ], [ 3424153.000846104696393, 8351399.416937706060708 ], [ 3424171.285995964892209, 8351419.626840183511376 ], [ 3424197.270156293176115, 8351435.506049272604287 ], [ 3424219.645405464340001, 8351435.506049272604287 ], [ 3424236.968179016374052, 8351439.114960429258645 ], [ 3424249.719665103591979, 8351447.295159051194787 ], [ 3424260.546398573555052, 8351461.730803677812219 ], [ 3424280.395409935154021, 8351497.218430052511394 ], [ 3424292.184519713744521, 8351541.968928394839168 ], [ 3424298.800856834277511, 8351665.995175145566463 ], [ 3424308.665213995147496, 8351679.588740502484143 ], [ 3424314.439471845980734, 8351692.099632511846721 ], [ 3424328.033037202898413, 8351702.084286712110043 ], [ 3424339.220661788713187, 8351715.557555030100048 ], [ 3424346.077592986170202, 8351730.474387811496854 ], [ 3424350.648880451451987, 8351798.562511634081602 ], [ 3424356.904326456133276, 8351806.26152210123837 ], [ 3424432.330569630954415, 8351839.824395856820047 ], [ 3424629.256821744609624, 8351947.369948321953416 ], [ 3424667.751874082256109, 8351958.91846402361989 ], [ 3424722.607323663774878, 8351979.128366501070559 ], [ 3424765.192475312855095, 8352030.37490492593497 ], [ 3424770.004356855060905, 8352079.937284810468554 ], [ 3424816.679607814177871, 8352212.504621298983693 ], [ 3424835.445945829153061, 8352227.902642234228551 ], [ 3424869.850898855831474, 8352241.375910552218556 ], [ 3424981.727144713047892, 8352242.097692783921957 ], [ 3425048.612298150081187, 8352271.209576115012169 ], [ 3425070.987547321245074, 8352289.975914129056036 ], [ 3425085.423191947862506, 8352308.261063990183175 ], [ 3425090.956855721771717, 8352325.343243464827538 ], [ 3425085.423191947862506, 8352341.703640708699822 ], [ 3425077.483587403316051, 8352353.252156409434974 ], [ 3425060.160813851282001, 8352366.003642496652901 ], [ 3425046.687545533291996, 8352380.439287123270333 ], [ 3425040.191505451221019, 8352431.685825548134744 ], [ 3425050.055862612556666, 8352460.557114801369607 ], [ 3425067.378636164590716, 8352471.624442348256707 ], [ 3425085.423191947862506, 8352475.233353504911065 ], [ 3425127.767749519553035, 8352460.557114801369607 ], [ 3425153.270721693523228, 8352459.835332569666207 ], [ 3425181.901416869834065, 8352460.557114801369607 ], [ 3425206.923200889490545, 8352468.977907498367131 ], [ 3425223.283598132897168, 8352489.428404052741826 ], [ 3425240.365777608007193, 8352536.344249089248478 ], [ 3425268.274690553080291, 8352547.411576637066901 ], [ 3425290.289048608392477, 8352570.027419884689152 ], [ 3425339.129646262153983, 8352591.680886825546622 ], [ 3425359.700439854990691, 8352622.837819810956717 ], [ 3425377.384104522876441, 8352674.685843428596854 ], [ 3425348.392518230713904, 8352796.907634602859616 ], [ 3425345.745983382686973, 8352832.034369861707091 ], [ 3425352.963805695995688, 8352861.868035423569381 ], [ 3425373.654896327294409, 8352884.243284594267607 ], [ 3425423.217276212293655, 8352897.95714699011296 ], [ 3425433.32222745148465, 8352918.888831698335707 ], [ 3425431.397474834695458, 8352933.083882248029113 ], [ 3425426.104405138175935, 8352944.872992026619613 ], [ 3425415.037077590823174, 8352950.406655800528824 ], [ 3425391.458858034107834, 8352971.819528663530946 ], [ 3425370.767767402343452, 8352997.081906760111451 ], [ 3425361.144004317931831, 8353022.344284856691957 ], [ 3425361.144004317931831, 8353081.289833748713136 ], [ 3425334.919249912723899, 8353159.723502887412906 ], [ 3425339.009349223226309, 8353216.263111007399857 ], [ 3425374.376678558532149, 8353269.674996126443148 ], [ 3425411.428166433703154, 8353304.079949153587222 ], [ 3425453.532129928003997, 8353331.748268021270633 ], [ 3425460.028170010074973, 8353355.326487578451633 ], [ 3425453.772724005393684, 8353375.295795978978276 ], [ 3425428.510345908347517, 8353390.453222836367786 ], [ 3425373.414302249904722, 8353447.233425035141408 ], [ 3425345.505389305297285, 8353495.111646380275488 ], [ 3425290.649939724244177, 8353559.109670892357826 ], [ 3425252.636075540445745, 8353585.575019374489784 ], [ 3425191.284585876855999, 8353593.514623918570578 ], [ 3425080.130122251342982, 8353597.845317306928337 ], [ 3424950.449914688244462, 8353572.823533287271857 ], [ 3424891.023177641443908, 8353590.146306838840246 ], [ 3424871.053869241382927, 8353607.95026854518801 ], [ 3424861.911294310819358, 8353627.919576945714653 ], [ 3424864.55782915931195, 8353652.219578733667731 ], [ 3424871.775651472620666, 8353669.301758209243417 ], [ 3424904.255851882509887, 8353692.158195534721017 ], [ 3424924.22516028303653, 8353699.135423770174384 ], [ 3424941.307339757680893, 8353717.420573631301522 ], [ 3424948.525162070989609, 8353752.547308889217675 ], [ 3424943.232092374935746, 8353809.327511087991297 ], [ 3424943.232092374935746, 8353831.943354336544871 ], [ 3424952.134073227643967, 8353850.228504196740687 ], [ 3424981.727144712582231, 8353884.392863146960735 ], [ 3424997.125165647827089, 8353947.428511349484324 ], [ 3424996.884571570903063, 8353960.179997436702251 ], [ 3424991.832095951307565, 8353966.435443441383541 ], [ 3424976.434075016528368, 8353971.728513138368726 ], [ 3424950.209320611320436, 8353969.081978290341794 ], [ 3424904.977634114213288, 8353956.571086280047894 ], [ 3424856.137036460451782, 8353960.179997436702251 ], [ 3424822.213271588087082, 8353967.397819750010967 ], [ 3424772.410297625698149, 8354013.351288478821516 ], [ 3424742.817226141225547, 8354093.709710233844817 ], [ 3424731.749898593872786, 8354180.323577994480729 ], [ 3424732.471680824644864, 8354228.923581570386887 ], [ 3424736.802374212536961, 8354248.652295893989503 ], [ 3424744.020196525845677, 8354259.479029363952577 ], [ 3424755.809306304436177, 8354264.050316829234362 ], [ 3424769.282574622891843, 8354258.757247132249177 ], [ 3424778.425149552989751, 8354249.61467220261693 ], [ 3424789.251883022952825, 8354240.712691348977387 ], [ 3424800.078616492915899, 8354243.359226197004318 ], [ 3424808.258815114852041, 8354253.464177436195314 ], [ 3424831.83703467156738, 8354304.710715861059725 ], [ 3424842.663768141530454, 8354353.551313514821231 ], [ 3424842.423174065072089, 8354377.85131530277431 ], [ 3424836.88951029162854, 8354406.000822324305773 ], [ 3424827.025153129827231, 8354426.451318878680468 ], [ 3424788.530100792180747, 8354469.036470527760684 ], [ 3424782.03406071010977, 8354486.118650002405047 ], [ 3424782.996437018737197, 8354499.591918321326375 ], [ 3424791.898417871911079, 8354511.381028098985553 ], [ 3424814.514261120464653, 8354536.643406196497381 ], [ 3424818.123172277119011, 8354551.079050823114812 ], [ 3424821.010301202069968, 8354564.552319141104817 ], [ 3424814.273667043074965, 8354577.544399304315448 ], [ 3424783.958813326898962, 8354597.994895859621465 ], [ 3424732.231086747720838, 8354655.015692134387791 ], [ 3424708.893461267929524, 8354700.96916086319834 ], [ 3424715.148907273076475, 8354736.095896121114492 ], [ 3424744.7419787584804, 8354828.002833577804267 ], [ 3424748.350889915134758, 8354855.911746522411704 ], [ 3424738.245938676409423, 8354874.91867861431092 ], [ 3424709.37464942317456, 8354892.96323439758271 ], [ 3424526.282556741032749, 8354934.5860097380355 ], [ 3424500.298396413214505, 8354955.277100370265543 ], [ 3424484.900375477969646, 8354985.832548162899911 ], [ 3424486.103345863521099, 8355050.792948983609676 ], [ 3424458.194432918448001, 8355135.482064126990736 ], [ 3424451.698392836842686, 8355167.962264536879957 ], [ 3424435.578589669428766, 8355205.013752412050962 ], [ 3424418.496410194784403, 8355223.058308195322752 ], [ 3424392.271655789576471, 8355243.749398826621473 ], [ 3424358.829079071059823, 8355252.891973757185042 ], [ 3424329.957789817359298, 8355273.583064388483763 ], [ 3424306.379570260643959, 8355315.205839728936553 ], [ 3424275.10234023630619, 8355403.50386602897197 ], [ 3424216.397385420743376, 8355500.944467258639634 ], [ 3424184.638967242091894, 8355572.160314084030688 ], [ 3424173.090451540891081, 8355579.378136397339404 ], [ 3424156.008272065781057, 8355580.340512705035508 ], [ 3424147.828073444310576, 8355586.595958710648119 ], [ 3424144.219162287656218, 8355601.031603337265551 ], [ 3424138.926092591136694, 8355620.038535429164767 ], [ 3424092.01024755416438, 8355668.638539005070925 ], [ 3424089.363712706137449, 8355679.465272475033998 ], [ 3424087.438960089348257, 8355689.329629637300968 ], [ 3424089.123118628747761, 8355710.261314345523715 ], [ 3424147.106291213072836, 8355869.775187470018864 ], [ 3424153.361737217754126, 8355901.293011572211981 ], [ 3424159.617183222901076, 8355905.864299037493765 ], [ 3424161.541935839690268, 8355915.728656198829412 ], [ 3424157.93302468303591, 8355924.871231129392982 ], [ 3424154.324113526381552, 8355924.149448897689581 ], [ 3424150.715202369727194, 8355933.773211982101202 ], [ 3424151.436984600964934, 8355946.524698069319129 ], [ 3424160.579559531528503, 8355959.035590078681707 ], [ 3424159.857777299825102, 8355969.862323548644781 ], [ 3424157.692430606111884, 8356008.83856404107064 ], [ 3424149.512231984175742, 8356027.845496132969856 ], [ 3424139.647874822374433, 8356039.394011833705008 ], [ 3424101.634010639041662, 8356055.754409077577293 ], [ 3424083.830048932693899, 8356070.911835935898125 ], [ 3424037.635986127424985, 8356052.867280152626336 ], [ 3424031.380540122278035, 8356053.82965646032244 ], [ 3424027.771628965623677, 8356058.400943925604224 ], [ 3424020.313212575390935, 8356076.445499708876014 ], [ 3424014.298360647633672, 8356084.625698330812156 ], [ 3424006.118162025697529, 8356089.918768027797341 ], [ 3423989.035982550587505, 8356092.565302875824273 ], [ 3423976.284496463835239, 8356100.745501497760415 ], [ 3423970.991426767315716, 8356110.609858659096062 ], [ 3423972.675585307180882, 8356133.225701907649636 ], [ 3423979.893407620489597, 8356149.586099151521921 ], [ 3423975.5627142325975, 8356159.450456312857568 ], [ 3423968.344891919288784, 8356164.743526008911431 ], [ 3423945.488454593345523, 8356159.450456312857568 ], [ 3423926.481522501446307, 8356158.72867408208549 ], [ 3423907.715184486936778, 8356171.239566091448069 ], [ 3423896.888451016973704, 8356197.464320496656001 ], [ 3423885.099341238383204, 8356252.560364155098796 ], [ 3423883.174588621594012, 8356296.589080266654491 ], [ 3423880.768647850491107, 8356308.378190045244992 ], [ 3423873.550825537182391, 8356312.949477510526776 ], [ 3423813.883494413457811, 8356329.069280676543713 ], [ 3423798.72606755560264, 8356328.347498445771635 ], [ 3423785.974581468384713, 8356332.678191833198071 ], [ 3423783.087452542968094, 8356347.113836459815502 ], [ 3423786.696363699622452, 8356356.256411390379071 ], [ 3423814.60527664469555, 8356381.278195410035551 ], [ 3423817.492405570112169, 8356388.736611800268292 ], [ 3423810.274583256803453, 8356400.285127501934767 ], [ 3423793.914186012931168, 8356409.427702431567013 ], [ 3423773.223095381632447, 8356395.713840036652982 ], [ 3423766.967649376485497, 8356386.090076952241361 ], [ 3423760.47160929441452, 8356384.165324334986508 ], [ 3423730.878537809941918, 8356396.676216345280409 ], [ 3423727.029032575897872, 8356405.818791274912655 ], [ 3423726.307250344660133, 8356419.292059593833983 ], [ 3423719.089428031351417, 8356438.298991684801877 ], [ 3423710.909229409415275, 8356442.629685073159635 ], [ 3423687.571603930089623, 8356441.907902841456234 ], [ 3423677.466652691364288, 8356449.847507386468351 ], [ 3423667.60229552956298, 8356460.674240856431425 ], [ 3423664.955760681536049, 8356472.463350635021925 ], [ 3423667.361701452638954, 8356480.643549256958067 ], [ 3423676.504276382736862, 8356483.290084104984999 ], [ 3423708.022100484464318, 8356488.82374787889421 ], [ 3423716.20229910640046, 8356497.72572873160243 ], [ 3423717.886457645799965, 8356508.552462201565504 ], [ 3423706.337941944599152, 8356544.641573768109083 ], [ 3423705.375565635971725, 8356578.084150486625731 ], [ 3423680.353781616780907, 8356664.698018247261643 ], [ 3423663.031008064746857, 8356681.780197721906006 ], [ 3423631.513183963019401, 8356695.253466039896011 ], [ 3423604.56664732657373, 8356702.711882431060076 ], [ 3423518.516671936027706, 8356686.795080517418683 ], [ 3423427.70744495652616, 8356696.539140640757978 ], [ 3423303.335344219580293, 8356791.00239016674459 ], [ 3423208.060089683160186, 8356805.48314618319273 ], [ 3423192.225991982966661, 8356823.347256408073008 ], [ 3423185.053281059022993, 8356846.624733368866146 ], [ 3423185.188615227583796, 8356865.030180267989635 ], [ 3423177.60990179842338, 8356878.157594600692391 ], [ 3423151.084404796827585, 8356893.991692299954593 ], [ 3423145.535703893750906, 8356904.547757433727384 ], [ 3423145.129701388534158, 8356916.186495914123952 ], [ 3423156.768439868465066, 8356952.320718868635595 ], [ 3423139.987002990208566, 8357046.107297552749515 ], [ 3423095.935731184203178, 8357125.954456893727183 ], [ 3423064.402869952376932, 8357152.209285559132695 ], [ 3423048.027435578871518, 8357151.26194638106972 ], [ 3423035.441357919946313, 8357143.683232951909304 ], [ 3423004.043830857146531, 8357083.730196361429989 ], [ 3423000.795810815878212, 8357078.181495458818972 ], [ 3422996.329783259890974, 8357077.098822111263871 ], [ 3422920.27198063256219, 8357070.061445356346667 ], [ 3422882.649081824347377, 8357075.204143752343953 ], [ 3422835.011454556602985, 8357088.872894758358598 ], [ 3422806.591279197484255, 8357090.361570610664785 ], [ 3422770.051053736358881, 8357076.69281960465014 ], [ 3422749.209591806866229, 8357064.512744450941682 ], [ 3422738.653526673559099, 8357051.926666792482138 ], [ 3422730.398142402525991, 8357028.513855663128197 ], [ 3422720.383413942996413, 8357020.935142233967781 ], [ 3422668.144424949772656, 8357024.859833117574453 ], [ 3422651.227653902955353, 8357034.603893239982426 ], [ 3422638.506242075935006, 8357050.843993444927037 ], [ 3422629.574186963029206, 8357068.031432828865945 ], [ 3422622.942812712397426, 8357083.324193855747581 ], [ 3422602.642687456216663, 8357108.767017509788275 ], [ 3422591.003948975820094, 8357117.293070117942989 ], [ 3422577.199863801710308, 8357123.924444368109107 ], [ 3422555.275728524662554, 8357125.413120220415294 ], [ 3422504.119412878993899, 8357139.623207899741828 ], [ 3422477.187913372181356, 8357160.464669830165803 ], [ 3422460.947813167236745, 8357179.817455907352269 ], [ 3422454.857775590382516, 8357197.004895291291177 ], [ 3422456.346451442223042, 8357209.590972949750721 ], [ 3422463.925164870917797, 8357216.493015536107123 ], [ 3422522.254191440995783, 8357226.91374650131911 ], [ 3422528.344229017850012, 8357231.988777815364301 ], [ 3422531.659916142933071, 8357238.552484981715679 ], [ 3422533.419260331895202, 8357251.476898061111569 ], [ 3422531.186246553435922, 8357256.348928122781217 ], [ 3422527.667558175977319, 8357258.852610237896442 ], [ 3422520.291845999192446, 8357259.664615248329937 ], [ 3422507.841102508828044, 8357258.108272311277688 ], [ 3422503.036739531438798, 8357262.032963195815682 ], [ 3422499.247382817324251, 8357269.408675372600555 ], [ 3422497.758706965018064, 8357278.814400075003505 ], [ 3422492.683675650972873, 8357285.445774325169623 ], [ 3422476.375908361747861, 8357300.941536604426801 ], [ 3422418.452884296886623, 8357330.309051142074168 ], [ 3422411.347840457223356, 8357340.188445433974266 ], [ 3422410.806503783911467, 8357351.150513072498143 ], [ 3422419.467890559695661, 8357366.172605762258172 ], [ 3422446.940726739820093, 8357395.269451963715255 ], [ 3422475.902238772250712, 8357421.591947712935507 ], [ 3422487.811645589303225, 8357438.373384591192007 ], [ 3422489.164987273048609, 8357453.73381270095706 ], [ 3422486.052301400341094, 8357467.740899127908051 ], [ 3422487.337975999806076, 8357484.92833851184696 ], [ 3422490.653663124889135, 8357498.664756601676345 ], [ 3422485.104962221812457, 8357513.348513870500028 ], [ 3422470.827207458205521, 8357528.370606560260057 ], [ 3422461.962819429580122, 8357528.844276149757206 ], [ 3422454.113437663763762, 8357526.340594034641981 ], [ 3422439.091344974003732, 8357513.95751762855798 ], [ 3422414.054523824714124, 8357510.100493829697371 ], [ 3422386.040350970812142, 8357512.874844281002879 ], [ 3422364.522218198981136, 8357500.694769126363099 ], [ 3422361.206531073898077, 8357497.717417422682047 ], [ 3422354.10148723423481, 8357497.446749085560441 ], [ 3422349.567792593501508, 8357499.409094527363777 ], [ 3422346.455106721259654, 8357505.296130851842463 ], [ 3422343.680756269488484, 8357515.649194732308388 ], [ 3422346.725775057915598, 8357527.084931960329413 ], [ 3422345.237099205609411, 8357544.137037175707519 ], [ 3422334.54569990420714, 8357551.986418941058218 ], [ 3422321.891955161001533, 8357552.730756866745651 ], [ 3422309.170543333515525, 8357545.625713027082384 ], [ 3422297.058135264087468, 8357546.911387627013028 ], [ 3422281.833041321951896, 8357555.031437729485333 ], [ 3422269.652966168243438, 8357577.632243848405778 ], [ 3422269.855967420618981, 8357620.465508138760924 ], [ 3422281.291704648640007, 8357639.750627132132649 ], [ 3422328.793997748289257, 8357656.261395674198866 ], [ 3422334.342698651365936, 8357661.810096577741206 ], [ 3422335.899041587952524, 8357668.915140417404473 ], [ 3422330.147339431103319, 8357703.526853978633881 ], [ 3422332.854022798594087, 8357722.744305888190866 ], [ 3422356.199166843667626, 8357798.125437673181295 ], [ 3422356.740503516979516, 8357800.426118535920978 ], [ 3422341.616910201031715, 8357918.065344396978617 ], [ 3422316.78309030411765, 8357983.770083142444491 ], [ 3422316.580089051742107, 8357991.619464907795191 ], [ 3422333.801361978054047, 8358052.316839425824583 ], [ 3422334.072030314709991, 8358058.406877002678812 ], [ 3422324.970807490404695, 8358088.349561753682792 ], [ 3422320.77544827060774, 8358121.371098836883903 ], [ 3422321.722787449136376, 8358126.513797235675156 ], [ 3422326.324149174150079, 8358144.242573292925954 ], [ 3422341.075573526788503, 8358163.05402269680053 ], [ 3422342.56424937909469, 8358168.061386927030981 ], [ 3422358.939683752600104, 8358251.29190047737211 ], [ 3422357.315673732198775, 8358258.46461140178144 ], [ 3422314.279408188536763, 8358384.325387990102172 ], [ 3422197.215352544561028, 8358572.981218705885112 ], [ 3422189.095302442088723, 8358689.909940182231367 ], [ 3422213.455452749505639, 8358775.982471268624067 ], [ 3422209.395427698269486, 8358885.061810977756977 ], [ 3422157.427107042167336, 8358976.547708800062537 ], [ 3422086.782671150285751, 8359058.560214835219085 ], [ 3422067.294550904072821, 8359149.775444320403039 ], [ 3422068.106555914506316, 8359154.91814271826297 ], [ 3422092.737374558579177, 8359192.541041526943445 ], [ 3422096.526731273159385, 8359199.849086618982255 ], [ 3422086.512002813164145, 8359250.734733928926289 ], [ 3422081.639972751960158, 8359257.50144234765321 ], [ 3422070.271902608219534, 8359263.726814092136919 ], [ 3422012.348878543823957, 8359282.944266001693904 ], [ 3421985.011376531794667, 8359318.4018181161955 ], [ 3421979.056673123501241, 8359341.679295076988637 ], [ 3421980.13934647012502, 8359367.392787068150938 ], [ 3421985.823381542228162, 8359381.467540578916669 ], [ 3421999.08613004302606, 8359396.624967437237501 ], [ 3422052.949129056185484, 8359433.165192898362875 ], [ 3422086.512002813164145, 8359458.608016553334892 ], [ 3422104.917449712287635, 8359484.862845217809081 ], [ 3422110.872153121046722, 8359517.343045627698302 ], [ 3422114.932178172282875, 8359527.628442424349487 ], [ 3422123.05222827475518, 8359540.62052258849144 ], [ 3422129.006931683048606, 8359545.763220986351371 ], [ 3422223.740849545691162, 8359589.611491540446877 ], [ 3422370.713756401091814, 8359672.97733925934881 ], [ 3422384.788509912323207, 8359685.969419423490763 ], [ 3422393.179228351451457, 8359707.081549690105021 ], [ 3422420.246062026359141, 8359811.830196012742817 ], [ 3422422.41140872053802, 8359822.927597819827497 ], [ 3422421.599403710570186, 8359840.250371371395886 ], [ 3422375.585786462761462, 8360052.183679047040641 ], [ 3422363.676379645708948, 8360076.543829354457557 ], [ 3422253.785034925211221, 8360359.121572921983898 ], [ 3422243.499638128560036, 8360379.151029841974378 ], [ 3422227.259537923615426, 8360393.225783352740109 ], [ 3422211.019437718205154, 8360415.961923640221357 ], [ 3422214.068975270260125, 8360438.615631169639528 ], [ 3422213.297255722805858, 8360459.964036111719906 ], [ 3422190.365440646186471, 8360637.994521298445761 ], [ 3422167.133062947541475, 8360878.106627021916211 ], [ 3422312.715172939933836, 8361706.943529500626028 ], [ 3422339.500162499491125, 8361861.159503288567066 ], [ 3422300.260042029898614, 8362060.045137273147702 ], [ 3422301.618139862082899, 8362560.505779904313385 ], [ 3422340.57996166171506, 8363015.25376346334815 ], [ 3422337.095661601051688, 8363033.906826977618039 ], [ 3422998.50041591282934, 8363817.466709951870143 ], [ 3423108.116718478035182, 8364177.30561316665262 ], [ 3423121.374869831837714, 8364260.371714213863015 ], [ 3423141.590489355381578, 8364296.088874243199825 ], [ 3423156.384849682450294, 8364395.862973938696086 ], [ 3423185.136209968011826, 8364488.188630647026002 ], [ 3423195.01271297968924, 8364514.827016471885145 ], [ 3423277.010649872943759, 8364671.30676198285073 ], [ 3423317.408493069931865, 8364717.573286867700517 ], [ 3423459.57461470272392, 8364808.932799126021564 ], [ 3423687.000334306620061, 8365028.461724914610386 ], [ 3423755.261446037329733, 8365109.919764226302505 ], [ 3423857.107648133300245, 8365306.411070759408176 ], [ 3423886.239958888385445, 8365615.617925412021577 ], [ 3423929.498713002540171, 8365733.693023091182113 ], [ 3424546.787553104106337, 8366212.594681623391807 ], [ 3427193.482495189644396, 8368016.565158434212208 ], [ 3428070.50976789323613, 8368912.017373842187226 ], [ 3428700.305367852095515, 8369161.864364645443857 ], [ 3428796.644784648437053, 8369346.850040461868048 ], [ 3428903.154142318759114, 8370107.879523165524006 ], [ 3428161.024203441105783, 8370778.085328935645521 ], [ 3426824.34700835775584, 8371690.002836218103766 ], [ 3425464.176924568135291, 8372984.903028974309564 ], [ 3424017.465306130237877, 8373971.493652027100325 ], [ 3423801.010812535881996, 8374439.096662760712206 ], [ 3423250.597892493009567, 8374834.760447197593749 ], [ 3422656.893823432736099, 8374664.723037349060178 ], [ 3421048.945622531697154, 8374688.492689503356814 ], [ 3419100.854532978031784, 8374922.848775673657656 ], [ 3417563.447351910173893, 8375389.717672664672136 ], [ 3416225.101019827648997, 8375808.758122 ], [ 3415482.971080950461328, 8376852.05022947024554 ], [ 3415452.049000163562596, 8377945.955259337089956 ], [ 3415972.804979010019451, 8378781.122939408756793 ], [ 3416565.243908480275422, 8379440.382868090644479 ], [ 3417121.841362638399005, 8380153.495576760731637 ], [ 3416812.620554772671312, 8380877.902020347304642 ], [ 3416522.840859706047922, 8381185.937583099119365 ], [ 3416899.230381423141807, 8382049.204378270544112 ], [ 3416843.542635559104383, 8383089.295769421383739 ], [ 3416534.32182769337669, 8383258.978368071839213 ], [ 3416331.656812905799598, 8384145.709452256560326 ], [ 3416613.173163188621402, 8384639.004763782955706 ], [ 3416936.308877918869257, 8384901.776704997755587 ], [ 3416936.308877918869257, 8385293.777222549542785 ], [ 3416658.010150839574635, 8385443.25769558455795 ], [ 3416663.280984436161816, 8385872.243042599409819 ], [ 3417029.075120278634131, 8386455.873067457228899 ], [ 3417684.781962833367288, 8387043.819407474249601 ], [ 3417948.881130955182016, 8387660.438546882010996 ], [ 3418142.270028594881296, 8388395.44938903581351 ], [ 3417815.379441761877388, 8389201.986395401880145 ], [ 3417460.523421165999025, 8389695.281706927344203 ], [ 3416746.911255975719541, 8390311.900846336036921 ], [ 3416688.932231626473367, 8391053.899203289300203 ], [ 3416874.464716345537454, 8391648.938723742961884 ], [ 3416441.555585333611816, 8392709.09984790161252 ], [ 3415304.714461576659232, 8393210.010801551863551 ], [ 3415173.750273084733635, 8393829.226289413869381 ], [ 3414648.074899713043123, 8394147.552199179306626 ], [ 3414153.321607128251344, 8394141.318273410201073 ], [ 3413565.802072183229029, 8393846.270438576117158 ], [ 3413194.737102744635195, 8393977.762119146063924 ], [ 3413024.258778723422438, 8394504.910994309931993 ], [ 3413163.815021958202124, 8395695.070355394855142 ], [ 3413253.704727890901268, 8396786.401810118928552 ], [ 3413596.724152970127761, 8397455.658958850428462 ], [ 3414184.243687914684415, 8398068.238041436299682 ], [ 3415039.754488856997341, 8398327.949658637866378 ], [ 3415668.503565669991076, 8398477.54033038020134 ] ] ] } }
]
}
