{
"type": "FeatureCollection",
"name": "slope",
"crs": { "type": "name", "properties": { "name": "urn:ogc:def:crs:EPSG::3857" } },
"features": [
{ "type": "Feature", "properties": { }, "geometry": { "type": "LineString", "coordinates": [ [ 3292564.63438792899251, 8447266.164783768355846 ], [ 3292280.799064787570387, 8447239.821042919531465 ], [ 3291995.929644309915602, 8447229.530432417988777 ], [ 3291710.933332204353064, 8447235.325724123045802 ], [ 3291426.717737912666053, 8447257.188462255522609 ], [ 3291144.187984787859023, 8447295.049021437764168 ], [ 3290864.2438272559084, 8447348.786830330267549 ], [ 3290587.77678597252816, 8447418.230753149837255 ], [ 3290355.777635000646114, 8447454.671333771198988 ], [ 3290126.298349075950682, 8447504.579041274264455 ], [ 3289900.119981884490699, 8447567.784010885283351 ], [ 3289678.012351989280432, 8447644.07111787609756 ], [ 3289460.731422900687903, 8447733.180712221190333 ], [ 3289249.016730308067054, 8447834.809501646086574 ], [ 3289043.588864021934569, 8447948.611583026126027 ], [ 3288845.147016905248165, 8448074.199621181935072 ], [ 3288654.366603839676827, 8448211.146164923906326 ], [ 3288516.910860489588231, 8448353.447879092767835 ], [ 3288383.708751356229186, 8448499.738881375640631 ], [ 3288254.876001476775855, 8448649.892075536772609 ], [ 3288130.524539350997657, 8448803.777009962126613 ], [ 3288010.76240018568933, 8448961.259990479797125 ], [ 3287895.693632792215794, 8449122.204198138788342 ], [ 3287785.418207375332713, 8449286.469805547967553 ], [ 3287714.392190298996866, 8449585.960552074015141 ], [ 3287663.453690264839679, 8449889.513960085809231 ], [ 3287632.82853603316471, 8450195.784269807860255 ], [ 3287622.652499794494361, 8450503.413674829527736 ], [ 3287632.970695469994098, 8450811.038343630731106 ], [ 3287663.737378797493875, 8451117.294468261301517 ], [ 3287714.816150163300335, 8451420.824304364621639 ] ] } },
{ "type": "Feature", "properties": { }, "geometry": { "type": "LineString", "coordinates": [ [ 3287731.108932596165687, 8451427.612963715568185 ], [ 3287800.927177167963237, 8451778.835302600637078 ], [ 3287867.395624204073101, 8452130.706960948184133 ], [ 3287930.508238911163062, 8452483.195991514250636 ], [ 3287990.259290813934058, 8452836.270389078184962 ], [ 3288046.643354816827923, 8453189.898096831515431 ], [ 3288099.655311800073832, 8453544.047007808461785 ], [ 3288149.290348393842578, 8453898.684966154396534 ], [ 3288209.505393850617111, 8454055.89295270293951 ], [ 3288279.089937279932201, 8454209.184159023687243 ], [ 3288357.790764212142676, 8454358.000766275450587 ], [ 3288445.321485638152808, 8454501.801237581297755 ], [ 3288541.363581608049572, 8454640.062288982793689 ], [ 3288645.56755958776921, 8454772.280796311795712 ], [ 3288757.554225917905569, 8454897.975622085854411 ] ] } },
{ "type": "Feature", "properties": { }, "geometry": { "type": "LineString", "coordinates": [ [ 3295163.333186092786491, 8456671.173443615436554 ], [ 3295360.341647993773222, 8456612.82672280818224 ], [ 3295552.677929731551558, 8456540.553430797532201 ], [ 3295739.35895812464878, 8456454.72297334484756 ], [ 3295919.430565952789038, 8456355.774046896025538 ], [ 3296091.972367763053626, 8456244.212402341887355 ], [ 3296256.102464794646949, 8456120.608255384489894 ], [ 3296410.981952189933509, 8455985.593373296782374 ], [ 3296555.819206952583045, 8455839.85784768871963 ], [ 3296689.87393436068669, 8455684.146563293412328 ], [ 3296812.460951339453459, 8455519.255395598709583 ], [ 3296922.95368893025443, 8455346.027139009907842 ], [ 3297174.46201310865581, 8455196.699574884027243 ], [ 3297417.709594933781773, 8455034.26259489543736 ], [ 3297652.013799786102027, 8454859.172052381560206 ], [ 3297876.717090725433081, 8454671.91931009106338 ], [ 3298091.188874571118504, 8454473.029862122610211 ], [ 3298294.827271206304431, 8454263.061860021203756 ], [ 3298487.060802563093603, 8454042.604544315487146 ], [ 3298487.060802563093603, 8454042.604544315487146 ], [ 3298943.258710706140846, 8453412.616956880316138 ], [ 3298979.125349027570337, 8453395.000575967133045 ], [ 3299013.756667817011476, 8453375.065070098266006 ], [ 3299047.002921580802649, 8453352.896641252562404 ], [ 3299078.720353364478797, 8453328.591145036742091 ], [ 3299108.771817445289344, 8453302.253678796812892 ], [ 3299137.027371048461646, 8453273.9981250744313 ], [ 3299163.364837526809424, 8453243.946660993620753 ], [ 3299187.670333742629737, 8453212.229228971526027 ], [ 3299209.838762724772096, 8453178.982975428923965 ], [ 3299229.774268371518701, 8453144.351656384766102 ], [ 3299247.39064946770668, 8453108.48501811735332 ] ] } },
{ "type": "Feature", "properties": { }, "geometry": { "type": "LineString", "coordinates": [ [ 3374014.969237609300762, 8418317.963594740256667 ], [ 3374028.78799685370177, 8418328.483399150893092 ], [ 3374043.307079240679741, 8418338.013385027647018 ], [ 3374058.455715417396277, 8418346.507101533934474 ], [ 3374074.160066723357886, 8418353.923147199675441 ], [ 3374090.343586444389075, 8418360.225375173613429 ], [ 3374106.927392005454749, 8418365.383066652342677 ], [ 3374123.830649852287024, 8418369.371081350371242 ], [ 3374140.970969199668616, 8418372.169981000944972 ], [ 3374158.264803885947913, 8418373.766123292967677 ], [ 3374175.627859353553504, 8418374.151728151366115 ], [ 3374192.975503801833838, 8418373.32491540722549 ], [ 3374210.223180531989783, 8418371.289716241881251 ], [ 3374227.286819934379309, 8418368.056049345061183 ], [ 3374244.083249568473548, 8418363.639677999541163 ], [ 3374260.530599355231971, 8418358.062127588316798 ], [ 3374276.548701047431678, 8418351.35058450512588 ], [ 3374292.059478163253516, 8418343.537763116881251 ], [ 3374306.987327456008643, 8418334.661744592711329 ], [ 3374321.259486794006079, 8418324.765792844817042 ], [ 3374334.806389927398413, 8418313.898143766447902 ], [ 3374347.562006234657019, 8418302.111768243834376 ], [ 3374359.46416127635166, 8418289.464117048308253 ], [ 3374370.454841136466712, 8418276.016836641356349 ], [ 3374380.480474590789527, 8418261.835473535582423 ], [ 3374389.492193936835974, 8418246.989150522276759 ], [ 3374397.446074008475989, 8418231.550232885405421 ], [ 3374404.303345560561866, 8418215.593973634764552 ], [ 3374410.030584454070777, 8418199.198147295042872 ], [ 3374414.599874734412879, 8418182.442671297118068 ], [ 3374417.988944649230689, 8418165.409216402098536 ], [ 3374420.181274890433997, 8418148.180807111784816 ], [ 3374421.166179418098181, 8418130.841420171782374 ], [ 3374420.938857719302177, 8418113.475570887327194 ], [ 3374419.50041791331023, 8418096.167905567213893 ], [ 3374416.857870973646641, 8418079.002785712480545 ], [ 3374443.308508037123829, 8418070.473414523527026 ], [ 3374469.137080684304237, 8418060.213238932192326 ], [ 3374494.230473517905921, 8418048.267193315550685 ], [ 3374518.478790640365332, 8418034.687594888731837 ], [ 3374541.775836944114417, 8418019.53391551785171 ], [ 3374564.019583701621741, 8418002.87251996807754 ], [ 3374585.11261486960575, 8417984.776376245543361 ], [ 3374604.962554096709937, 8417965.324736593291163 ], [ 3374623.482469081413001, 8417944.602788923308253 ], [ 3374640.591252326499671, 8417922.701284406706691 ], [ 3374656.213976144324988, 8417899.716139791533351 ], [ 3374670.282221436034888, 8417875.748018262907863 ], [ 3374682.734376430045813, 8417850.901887414976954 ], [ 3374693.515907406341285, 8417825.286561010405421 ], [ 3374702.579596757423133, 8417799.01421975903213 ], [ 3374709.885750293266028, 8417772.199923513457179 ], [ 3374715.402371048461646, 8417744.961104391142726 ], [ 3374719.105298995506018, 8417717.417054174467921 ], [ 3374720.978317260276526, 8417689.688401220366359 ], [ 3374721.01322293234989, 8417661.896583555266261 ], [ 3374719.20986308157444, 8417634.163313128054142 ], [ 3374715.576135991606861, 8417606.610048396512866 ], [ 3374710.127954779658467, 8417579.357457747682929 ], [ 3374701.732768188230693, 8417484.93023631349206 ], [ 3374686.70172874815762, 8417391.329770762473345 ], [ 3374665.109628915321082, 8417299.021805284544826 ], [ 3374637.063908338081092, 8417208.465651987120509 ], [ 3374602.704118728172034, 8417120.111907480284572 ], [ 3374562.201230287086219, 8417034.400208471342921 ], [ 3374515.756780074909329, 8416951.757045466452837 ], [ 3374463.60186983179301, 8416872.593640778213739 ], [ 3374405.996016017626971, 8416797.303900931030512 ], [ 3374379.603445453103632, 8416766.17996733635664 ], [ 3374351.265217796899378, 8416736.816522847861052 ], [ 3374321.098495006095618, 8416709.334968565031886 ], [ 3374289.227998613845557, 8416683.848923681303859 ], [ 3374255.785494684707373, 8416660.463758466765285 ], [ 3374220.90924823237583, 8416639.276156900450587 ], [ 3374184.743452190887183, 8416620.373717306181788 ], [ 3374147.437630891334265, 8416603.834590433165431 ], [ 3374109.14602220011875, 8416589.72715568356216 ], [ 3374070.026939272414893, 8416578.109738824889064 ], [ 3374030.242116689216346, 8416569.030371664091945 ], [ 3373989.956041335593909, 8416562.52659129910171 ], [ 3373949.335272669326514, 8416558.625287530943751 ], [ 3373908.547753571998328, 8416557.342589853331447 ], [ 3373867.762116686441004, 8416558.683801423758268 ], [ 3373827.146986765321344, 8416562.643377713859081 ], [ 3373786.870283538009971, 8416569.204946858808398 ], [ 3373728.090336807072163, 8416575.683287009596825 ], [ 3373669.006040091626346, 8416578.152478968724608 ], [ 3373609.89052379084751, 8416576.601109025999904 ], [ 3373551.017062305938452, 8416571.036347864195704 ], [ 3373492.657811522018164, 8416561.483919618651271 ], [ 3373435.082550048362464, 8416547.987983701750636 ], [ 3373378.557432293426245, 8416530.610927103087306 ], [ 3373323.343758224975318, 8416509.433079717680812 ], [ 3373269.696765422355384, 8416484.552340028807521 ], [ 3373217.864448904525489, 8416456.083725927397609 ], [ 3373168.086415290366858, 8416424.158839223906398 ], [ 3373120.592774509917945, 8416388.925260065123439 ], [ 3373075.603076453320682, 8416350.545862948521972 ], [ 3373033.325295932590961, 8416309.198066100478172 ], [ 3372993.954871765803546, 8416265.073008097708225 ], [ 3372990.213270022533834, 8416238.46838416904211 ], [ 3372984.665401373524219, 8416212.180996207520366 ], [ 3372977.337116240989417, 8416186.3333301525563 ], [ 3372968.262560367118567, 8416161.045822618529201 ], [ 3372957.48401653720066, 8416136.436300275847316 ], [ 3372945.05170714808628, 8416112.619430063292384 ], [ 3372931.023560285102576, 8416089.706187246367335 ], [ 3372915.464939951431006, 8416067.803335187956691 ], [ 3372898.448341130744666, 8416047.012929437682033 ], [ 3372880.053052186500281, 8416027.431842802092433 ], [ 3372860.364785789977759, 8416009.15131282620132 ], [ 3372839.475278973113745, 8415992.256517408415675 ], [ 3372817.481866001617163, 8415976.826177118346095 ], [ 3372794.487024664413184, 8415962.932190416380763 ], [ 3372770.597898959647864, 8415950.639294622465968 ], [ 3372745.925799846183509, 8415940.004769323393703 ], [ 3372720.585686444770545, 8415931.078165052458644 ], [ 3372694.69563054991886, 8415923.901075838133693 ], [ 3372668.376266240607947, 8415918.506942747160792 ], [ 3372641.750228166114539, 8415914.920899866148829 ], [ 3372614.941579818259925, 8415913.1596560459584 ], [ 3372588.075235485564917, 8415913.231418130919337 ], [ 3372561.276378392707556, 8415915.135851381346583 ], [ 3372534.669877290260047, 8415918.864082334563136 ], [ 3372508.37970471335575, 8415924.398739336058497 ], [ 3372482.528358935844153, 8415931.714034078642726 ], [ 3372457.236294030677527, 8415940.775880334898829 ], [ 3372432.621357798110694, 8415951.542055128142238 ], [ 3372408.798242960590869, 8415963.96239355020225 ], [ 3372385.877953006885946, 8415977.979023359715939 ], [ 3372363.967284330166876, 8415993.526634203270078 ], [ 3372355.149427083786577, 8416077.518087081611156 ], [ 3372340.613606291357428, 8416160.710807409137487 ], [ 3372320.427755712997168, 8416242.715991972014308 ], [ 3372294.686214208137244, 8416323.150386808440089 ], [ 3372263.509285687934607, 8416401.638079641386867 ], [ 3372227.042676209937781, 8416477.812256334349513 ], [ 3372185.456813573371619, 8416551.316915033385158 ], [ 3372138.946050405036658, 8416621.808529851958156 ], [ 3372087.727755903732032, 8416688.957655427977443 ], [ 3372032.041300296317786, 8416752.45046996884048 ], [ 3371972.146935462485999, 8416811.990237234160304 ], [ 3371908.324579476844519, 8416867.298696516081691 ], [ 3371840.872507690917701, 8416918.117362497374415 ], [ 3371770.105959176551551, 8416964.208733079954982 ], [ 3371696.355663299094886, 8417005.357398508116603 ], [ 3371619.966294049751014, 8417041.371049402281642 ], [ 3371541.294859051238745, 8417072.081375597044826 ], [ 3371460.709031462203711, 8417097.344851015135646 ], [ 3371378.585431217681617, 8417117.043406484648585 ], [ 3371295.307865142356604, 8417131.084980485960841 ], [ 3371211.265533089172095, 8417139.403948305174708 ], [ 3371126.85120916320011, 8417141.96143245510757 ], [ 3371042.45940589858219, 8417138.745479105040431 ], [ 3370958.484530686866492, 8417129.771119115874171 ], [ 3370875.31904216343537, 8417115.080293264240026 ], [ 3370793.351616648491472, 8417094.741661243140697 ], [ 3370712.96533105103299, 8417068.850274825468659 ], [ 3370634.10119934566319, 8417049.135896477848291 ], [ 3370554.045177216175944, 8417035.020610552281141 ], [ 3370473.194266438018531, 8417026.574415681883693 ], [ 3370391.949410795699805, 8417023.839196680113673 ], [ 3370310.713507651817054, 8417026.828518388792872 ], [ 3370229.889410137664527, 8417035.527555463835597 ], [ 3370149.877929090987891, 8417049.893169878050685 ], [ 3370071.075845360290259, 8417069.854121683165431 ], [ 3369993.873942493926734, 8417095.311422822996974 ], [ 3369918.65506887389347, 8417126.138830183073878 ], [ 3369845.79223859263584, 8417162.183468339964747 ], [ 3369775.646782159339637, 8417203.266590593382716 ], [ 3369708.56655454589054, 8417249.184463499113917 ], [ 3369644.884209870826453, 8417299.709377763792872 ], [ 3369584.915552258025855, 8417354.590778348967433 ], [ 3369528.957969307433814, 8417413.556504724547267 ], [ 3369477.288957471493632, 8417476.314142923802137 ], [ 3369430.164746003225446, 8417542.552475724369287 ], [ 3369387.819026445504278, 8417611.943022614344954 ], [ 3369321.919066829141229, 8417621.96654617972672 ], [ 3369256.834806451573968, 8417636.364976085722446 ], [ 3369192.856348037254065, 8417655.074133394286036 ], [ 3369130.268864631187171, 8417678.010624406859279 ], [ 3369069.351329683791846, 8417705.072214124724269 ], [ 3369010.3752731080167, 8417736.13828038983047 ], [ 3368953.603570699226111, 8417771.070350645110011 ], [ 3368899.289273261558264, 8417809.712720869109035 ], [ 3368847.674477576743811, 8417851.89314985089004 ], [ 3368798.989248036872596, 8417897.423624513670802 ], [ 3368753.450591206084937, 8417946.101201055571437 ], [ 3368711.261487841140479, 8417997.708906648680568 ], [ 3368672.609989165794104, 8418052.016708372160792 ], [ 3368637.668377637397498, 8418108.782538888975978 ], [ 3368606.592399835120887, 8418167.753373144194484 ], [ 3368579.520571827422827, 8418228.666358945891261 ], [ 3368556.573561667930335, 8418291.249986646696925 ], [ 3368537.853651880752295, 8418355.225299833342433 ], [ 3368523.444283484946936, 8418420.307138917967677 ], [ 3368513.409683823119849, 8418486.205412862822413 ], [ 3368507.794580339919776, 8418552.626390932127833 ], [ 3368506.624001502525061, 8418619.274012563750148 ], [ 3368509.903164992108941, 8418685.851206459105015 ], [ 3368517.617454571183771, 8418752.061216475442052 ], [ 3368529.732484938111156, 8418817.608922706916928 ], [ 3367215.448035288602114, 8421717.724195901304483 ], [ 3367215.448035288602114, 8421717.724195901304483 ] ] } },
{ "type": "Feature", "properties": { }, "geometry": { "type": "LineString", "coordinates": [ [ 3364337.056472006253898, 8424813.352858297526836 ], [ 3364539.507513723801821, 8424709.527889151126146 ], [ 3364745.17344500310719, 8424612.226434050127864 ], [ 3364953.844127654563636, 8424521.547910211607814 ], [ 3365165.306353091727942, 8424437.58496761135757 ], [ 3365379.344060676172376, 8424360.42339545302093 ], [ 3365595.738558493088931, 8424290.142033476382494 ], [ 3365814.268745993264019, 8424226.812690684571862 ], [ 3365814.268745993264019, 8424226.812690684571862 ], [ 3366379.085203693713993, 8423879.23333209939301 ], [ 3366626.003286502324045, 8423790.099475108087063 ], [ 3366878.662058152258396, 8423718.846901642158628 ], [ 3367135.76842153025791, 8423665.840279577299953 ], [ 3367396.006516932975501, 8423631.350893018767238 ], [ 3367658.044456876814365, 8423615.555258499458432 ], [ 3367920.541142365895212, 8423618.534217558801174 ], [ 3368182.153126353863627, 8423640.272523073479533 ], [ 3368243.180004891008139, 8423573.727632014080882 ], [ 3368308.445170663297176, 8423511.334037998691201 ], [ 3368377.666858076583594, 8423453.361109731718898 ], [ 3368450.546219944488257, 8423400.059129713103175 ], [ 3368526.768618344794959, 8423351.658216474577785 ], [ 3368606.004982709418982, 8423308.367328165099025 ], [ 3368687.913230061065406, 8423270.373362062498927 ], [ 3368772.139742612373084, 8423237.840347765013576 ], [ 3368858.320893883239478, 8423210.908738134428859 ], [ 3368946.084618687164038, 8423189.694803236052394 ], [ 3369035.052019834052771, 8423174.290129182860255 ], [ 3369124.839002966415137, 8423164.761221406981349 ], [ 3369215.057935952674598, 8423161.149218557402492 ], [ 3369305.319321631919593, 8423163.4697146397084 ], [ 3369395.233479283750057, 8423171.712691524997354 ], [ 3369484.412227924913168, 8423185.842562643811107 ], [ 3369572.470560694579035, 8423205.798324842005968 ], [ 3369621.29192903637886, 8423142.187450099736452 ], [ 3369674.142803462222219, 8423081.88276980817318 ], [ 3369730.799875616561621, 8423025.13908719830215 ], [ 3369791.023754596244544, 8422972.196157453581691 ], [ 3369854.559979319106787, 8422923.277678964659572 ], [ 3369921.140092968475074, 8422878.590344903990626 ], [ 3369990.482777595054358, 8422838.322969911620021 ], [ 3370062.295042633544654, 8422802.64569473080337 ], [ 3370136.273463010322303, 8422771.70926427654922 ], [ 3370212.105460762511939, 8422745.644393442198634 ], [ 3370289.470626472961158, 8422724.561212537810206 ], [ 3370368.042072653304785, 8422708.548803804442286 ], [ 3370447.487814783584327, 8422697.674823282286525 ], [ 3370527.472174286376685, 8422691.985216615721583 ], [ 3370607.65719667263329, 8422691.504023775458336 ], [ 3370687.704080134630203, 8422696.233277965337038 ], [ 3370767.274605830665678, 8422706.152996875345707 ], [ 3370868.047590097412467, 8422718.016775352880359 ], [ 3370967.877509832382202, 8422736.180769644677639 ], [ 3371066.370879530441016, 8422760.573385713621974 ], [ 3371163.139481544028968, 8422791.098478315398097 ], [ 3371257.801896214019507, 8422827.635730741545558 ], [ 3371349.985006093513221, 8422870.041129587218165 ], [ 3371439.325465797912329, 8422918.147530553862453 ], [ 3371525.471134304534644, 8422971.765320299193263 ], [ 3371608.082463263999671, 8423030.683160779997706 ], [ 3371686.833835124503821, 8423094.668823240324855 ], [ 3371761.414846301078796, 8423163.470104895532131 ], [ 3371831.531531533226371, 8423236.815820438787341 ], [ 3371896.907521232496947, 8423314.416874399408698 ], [ 3371943.496993122622371, 8423332.992954632267356 ], [ 3371991.182488799095154, 8423348.541045967489481 ], [ 3372039.76743984175846, 8423360.997056482359767 ], [ 3372089.051569461356848, 8423370.309639452025294 ], [ 3372138.831719517242163, 8423376.440407274290919 ], [ 3372188.902686476241797, 8423379.364087102934718 ], [ 3372239.058068632613868, 8423379.068627832457423 ], [ 3372289.091115712653846, 8423375.555246828123927 ], [ 3372338.795582055579871, 8423368.838427064940333 ], [ 3372387.966576456557959, 8423358.945856569334865 ], [ 3372436.40140676451847, 8423345.918313978239894 ], [ 3372483.900415420066565, 8423329.809502122923732 ], [ 3372530.267802476417273, 8423310.685823915526271 ], [ 3372575.312432765495032, 8423288.626111505553126 ], [ 3372618.848623633384705, 8423263.721298042684793 ], [ 3372660.696911035105586, 8423236.074046989902854 ], [ 3372700.684787960257381, 8423205.798324842005968 ], [ 3373352.396085307467729, 8422901.66638607904315 ], [ 3373352.396085307467729, 8422901.66638607904315 ], [ 3373508.122765467036515, 8422946.169601498171687 ], [ 3373661.265605993568897, 8422998.882081700488925 ], [ 3373811.392184018623084, 8423059.654984949156642 ], [ 3373958.078593730460852, 8423128.316708562895656 ], [ 3374100.910643525421619, 8423204.673375798389316 ], [ 3374239.485024735797197, 8423288.509382305666804 ], [ 3374373.410451151430607, 8423379.588004134595394 ], [ 3374373.410451151430607, 8423379.588004134595394 ], [ 3374938.22690885188058, 8423032.008645549416542 ], [ 3374938.22690885188058, 8423032.008645549416542 ], [ 3375459.595946729648858, 8422662.705577051267028 ], [ 3376241.649503546301275, 8423097.179775282740593 ], [ 3376241.649503546301275, 8423097.179775282740593 ], [ 3376338.432857711333781, 8423094.768902933225036 ], [ 3376434.862011267803609, 8423086.152158247306943 ], [ 3376530.53944706870243, 8423071.365061281248927 ], [ 3376625.070746778976172, 8423050.46857070736587 ], [ 3376718.066216945182532, 8423023.548829076811671 ], [ 3376809.14249539328739, 8422990.716810224577785 ], [ 3376897.924131467007101, 8422952.107860075309873 ], [ 3376984.045134146232158, 8422907.881138956174254 ], [ 3377067.150480185635388, 8422858.218966256827116 ], [ 3377067.150480185635388, 8422858.218966256827116 ], [ 3377371.282418947666883, 8422271.678798643872142 ], [ 3377371.282418947666883, 8422271.678798643872142 ], [ 3378001.270006383303553, 8422315.126218466088176 ], [ 3378001.270006383303553, 8422315.126218466088176 ], [ 3378370.573074880056083, 8422532.363317582756281 ], [ 3378370.573074880056083, 8422532.363317582756281 ], [ 3379044.008082138374448, 8422184.783958997577429 ], [ 3379146.183731641620398, 8422135.719966357573867 ], [ 3379251.460936357267201, 8422093.721765123307705 ], [ 3379359.351748346816748, 8422058.984013078734279 ], [ 3379469.356105446349829, 8422031.667715070769191 ], [ 3379580.964149951469153, 8422011.899479387328029 ], [ 3379693.658590912353247, 8421999.770929811522365 ], [ 3379806.917102097999305, 8421995.338280675932765 ], [ 3379920.214742898475379, 8421998.622076509520411 ], [ 3380033.026391317136586, 8422009.60709723085165 ], [ 3380144.829178180545568, 8422028.242429679259658 ], [ 3380255.104909708723426, 8422054.441699530929327 ], [ 3381319.566695375367999, 8421940.392222495749593 ], [ 3381319.566695375367999, 8421940.392222495749593 ], [ 3381889.814080554060638, 8422331.419000903144479 ], [ 3381889.814080554060638, 8422331.419000903144479 ], [ 3382001.566522477194667, 8422371.286150280386209 ], [ 3382115.852669025305659, 8422403.171484135091305 ], [ 3382232.103208422195166, 8422426.916167734190822 ], [ 3382349.73904240084812, 8422442.401916978880763 ], [ 3382468.174172400962561, 8422449.551589963957667 ], [ 3382586.818618297111243, 8422448.329571722075343 ], [ 3382705.08135688258335, 8422438.741948602721095 ], [ 3382822.37326669646427, 8422420.836482046172023 ], [ 3382938.110062479507178, 8422394.702366827055812 ], [ 3383051.715205311309546, 8422360.469789503142238 ], [ 3383162.622775554191321, 8422318.309278009459376 ], [ 3383270.280291080009192, 8422268.43085384182632 ], [ 3383374.15145981265232, 8422211.082983968779445 ], [ 3383473.718851446639746, 8422146.551345346495509 ], [ 3383568.486474419478327, 8422075.157399319112301 ], [ 3383657.982247469946742, 8421997.256793323904276 ], [ 3383741.760350515134633, 8421913.237585105001926 ], [ 3383741.760350515134633, 8421913.237585105001926 ], [ 3384480.366487508639693, 8421989.270569795742631 ], [ 3384480.366487508639693, 8421989.270569795742631 ], [ 3384480.366487508639693, 8421989.270569795742631 ], [ 3385164.663349722977728, 8422119.612829264253378 ], [ 3385164.663349722977728, 8422119.612829264253378 ], [ 3385207.47544591454789, 8422083.042872961610556 ], [ 3385252.67177182296291, 8422049.464169032871723 ], [ 3385300.043725251685828, 8422019.031698225066066 ], [ 3385349.372662186156958, 8421991.885920999571681 ], [ 3385400.430906414519995, 8421968.152127264067531 ], [ 3385452.982800125610083, 8421947.939860818907619 ], [ 3385506.785791396629065, 8421931.342409608885646 ], [ 3385561.591554283630103, 8421918.436379430815578 ], [ 3385617.147134243045002, 8421909.281337268650532 ], [ 3385673.196116018574685, 8421903.919538553804159 ], [ 3385729.479807423893362, 8421902.375730149447918 ], [ 3385918.317883462645113, 8421872.060272131115198 ], [ 3386108.644940030761063, 8421853.233231706544757 ], [ 3386299.762703775893897, 8421845.963682172819972 ], [ 3386490.969999789725989, 8421850.278294084593654 ], [ 3386681.565325140487403, 8421866.161238191649318 ], [ 3386870.849421858321875, 8421893.554242132231593 ], [ 3387058.127842557616532, 8421932.356806917116046 ], [ 3387242.713498682714999, 8421982.426573190838099 ], [ 3387423.929180526174605, 8422043.579844575375319 ], [ 3387700.906481896992773, 8422190.214886479079723 ], [ 3387700.906481896992773, 8422190.214886479079723 ] ] } },
{ "type": "Feature", "properties": { }, "geometry": { "type": "LineString", "coordinates": [ [ 3383752.622205469757318, 8420028.705750273540616 ], [ 3383752.622205469757318, 8420028.705750273540616 ], [ 3384284.853098303545266, 8420050.429460186511278 ], [ 3384306.046656352933496, 8420050.778226386755705 ], [ 3384327.168448061216623, 8420052.555429445579648 ], [ 3384348.122307657729834, 8420055.752976415678859 ], [ 3384368.812833547126502, 8420060.356309412047267 ], [ 3384389.14582323981449, 8420066.344470022246242 ], [ 3384409.028701900970191, 8420073.690195081755519 ], [ 3384428.370944261085242, 8420082.360038755461574 ], [ 3384447.084486484061927, 8420092.314528940245509 ], [ 3384465.084127068053931, 8420103.508343217894435 ], [ 3384482.287914871703833, 8420115.890517232939601 ], [ 3384498.617522239219397, 8420129.40467500500381 ], [ 3384513.998601555358618, 8420143.989287851378322 ], [ 3384528.361123919021338, 8420159.577953336760402 ], [ 3384541.639697670470923, 8420176.099697111174464 ], [ 3384553.773866414558142, 8420193.479296682402492 ], [ 3384564.708384155761451, 8420211.637624261900783 ], [ 3384574.39346682978794, 8420230.492005823180079 ], [ 3384582.785018682014197, 8420249.956599233672023 ], [ 3384589.844833821523935, 8420269.942782865837216 ], [ 3384595.54076944058761, 8420290.359561454504728 ], [ 3384599.84689202113077, 8420311.113979125395417 ], [ 3384599.84689202113077, 8420311.113979125395417 ], [ 3384936.564395650289953, 8420408.870673727244139 ], [ 3385096.865246279165149, 8420419.103726893663406 ], [ 3385256.317657789681107, 8420438.494614381343126 ], [ 3385414.398884415160865, 8420466.979766367003322 ], [ 3385570.590675591956824, 8420504.465795991942286 ], [ 3385724.380974969360977, 8420550.829810876399279 ], [ 3385875.26559935323894, 8420605.919811278581619 ], [ 3386022.749891228973866, 8420669.555192666128278 ] ] } },
{ "type": "Feature", "properties": { }, "geometry": { "type": "LineString", "coordinates": [ [ 3388238.568302209023386, 8428935.426814021542668 ], [ 3388306.667670048773289, 8428891.52513394318521 ], [ 3388371.59764561150223, 8428843.058860059827566 ], [ 3388433.052804588805884, 8428790.255973814055324 ], [ 3388490.744067906867713, 8428733.364853380247951 ], [ 3388544.400061487685889, 8428672.653110025450587 ], [ 3388593.768392800819129, 8428608.406325815245509 ], [ 3388638.616837858688086, 8428540.926711080595851 ], [ 3388678.734434127341956, 8428470.53168391995132 ], [ 3388713.932472347747535, 8428397.55237483792007 ], [ 3388744.045384287368506, 8428322.33207225613296 ], [ 3388768.931521653663367, 8428245.224604604765773 ], [ 3388788.473822712432593, 8428166.592677591368556 ], [ 3388802.580362171866, 8428086.806168790906668 ], [ 3388811.184784330427647, 8428006.24038634262979 ], [ 3388814.246614865493029, 8427925.274303132668138 ], [ 3388830.919032372999936, 8427797.696820372715592 ], [ 3388839.09189677098766, 8427669.294375643134117 ], [ 3388838.729205011855811, 8427540.632602689787745 ], [ 3388829.832554935943335, 8427412.278275964781642 ], [ 3388812.44113779021427, 8427284.79681777767837 ], [ 3388786.631565331947058, 8427158.749804494902492 ], [ 3388752.517533182632178, 8427034.692493913695216 ], [ 3388710.249318956863135, 8426913.171378133818507 ], [ 3388660.013121008407325, 8426794.721776960417628 ], [ 3388602.030237912666053, 8426679.865480897948146 ], [ 3388536.55609369231388, 8426569.108449457213283 ], [ 3388463.879112362395972, 8426462.938585756346583 ], [ 3388384.319447873625904, 8426361.823585256934166 ], [ 3388298.227573313284665, 8426266.208875292912126 ], [ 3388205.982737341430038, 8426176.515655251219869 ], [ 3388205.982737341430038, 8426176.515655251219869 ], [ 3387641.166279640514404, 8425883.245571445673704 ], [ 3387592.991312725935131, 8425819.069581873714924 ], [ 3387540.534879427403212, 8425758.34308217652142 ], [ 3387484.043238520156592, 8425701.351156232878566 ], [ 3387423.781592249404639, 8425648.361354349181056 ], [ 3387360.032841085921973, 8425599.622438905760646 ], [ 3387293.096256136428565, 8425555.363217351958156 ], [ 3387223.286073565017432, 8425515.791465757414699 ], [ 3387150.930019974242896, 8425481.09295511059463 ], [ 3387076.36777365161106, 8425451.430579183623195 ], [ 3386999.949369906913489, 8425426.943588731810451 ], [ 3386922.033557772170752, 8425407.746939180418849 ], [ 3386842.986116051208228, 8425393.93075036816299 ], [ 3386763.178135871421546, 8425385.55988216213882 ], [ 3386682.984278916846961, 8425382.673632143065333 ], [ 3386602.781018375884742, 8425385.285550115630031 ], [ 3386522.944871305953711, 8425393.383374212309718 ], [ 3386443.850631713401526, 8425406.929088590666652 ], [ 3386365.869610428344458, 8425425.859102724120021 ], [ 3386289.367892246693373, 8425450.084549175575376 ], [ 3386214.704617484007031, 8425479.491700060665607 ], [ 3386142.230295742396265, 8425513.942502949386835 ], [ 3385620.861257864627987, 8425416.185808347538114 ], [ 3385620.861257864627987, 8425416.185808347538114 ], [ 3385504.001843082718551, 8425274.00547399930656 ], [ 3385393.204123419243842, 8425127.052298789843917 ], [ 3385288.662810563575476, 8424975.584532735869288 ], [ 3385190.561620831023902, 8424819.868358610197902 ], [ 3385099.072953265625983, 8424660.177425628527999 ], [ 3385014.357586490921676, 8424496.79236832074821 ], [ 3384936.564395650289953, 8424330.000312767922878 ], [ 3384914.862980902194977, 8424303.2317746989429 ], [ 3384891.422299309633672, 8424277.972311194986105 ], [ 3384866.34701633406803, 8424254.334709165617824 ], [ 3384839.749096035491675, 8424232.424513338133693 ], [ 3384811.747301339637488, 8424212.3395557384938 ], [ 3384782.466663479339331, 8424194.16951703839004 ], [ 3384752.037924170028418, 8424177.995529649779201 ], [ 3384720.596951365005225, 8424163.889811990782619 ], [ 3384688.284132718574256, 8424151.915347574278712 ], [ 3384655.243748783599585, 8424142.125604627653956 ], [ 3384621.623328923713416, 8424134.564294336363673 ], [ 3384587.572992205154151, 8424129.265179632231593 ], [ 3384553.244777559768409, 8424126.251921175047755 ], [ 3384518.791964530479163, 8424125.537974355742335 ], [ 3384484.368389009963721, 8424127.126526353880763 ], [ 3384450.127756595145911, 8424131.010484216734767 ], [ 3384416.222955389879644, 8424137.172505553811789 ], [ 3384382.805374801158905, 8424145.585076224058867 ], [ 3384350.02422803780064, 8424156.210633475333452 ], [ 3384360.442852009087801, 8424283.505380189046264 ], [ 3384365.837850388605148, 8424411.111784735694528 ], [ 3384366.200844764243811, 8424538.831668375059962 ], [ 3384361.531271337997168, 8424666.466677187010646 ], [ 3384351.836381968576461, 8424793.818589011207223 ], [ 3384337.131233442574739, 8424920.689621483907104 ], [ 3384317.438663170672953, 8425046.882739849388599 ], [ 3384325.157008089125156, 8425067.944357443600893 ], [ 3384331.413540620356798, 8425089.485490111634135 ], [ 3384336.178830623161048, 8425111.40481042675674 ], [ 3384339.430462598334998, 8425133.59921264462173 ], [ 3384341.153141378890723, 8425155.964296339079738 ], [ 3384341.33876347495243, 8425178.39485883526504 ], [ 3384339.986456036102027, 8425200.785389421507716 ], [ 3384337.102579950820655, 8425223.030565259978175 ], [ 3384332.700700759422034, 8425245.025747297331691 ], [ 3384326.801524281036109, 8425266.66747379116714 ], [ 3384319.432799696456641, 8425287.853942869231105 ], [ 3384310.629188656341285, 8425308.485496995970607 ], [ 3384300.432102322112769, 8425328.465087411925197 ], [ 3384288.889506697189063, 8425347.698731420561671 ], [ 3384276.055696963798255, 8425366.095957277342677 ], [ 3384261.991041659843177, 8425383.57022619061172 ], [ 3384246.761699676048011, 8425400.039340494200587 ], [ 3384230.439307927619666, 8425415.425831792876124 ], [ 3384213.100645184051245, 8425429.657323835417628 ], [ 3384194.827270626556128, 8425442.666872976347804 ], [ 3384175.705140113364905, 8425454.393284318968654 ], [ 3384155.824202179443091, 8425464.78139734081924 ], [ 3384135.277974366676062, 8425473.782347677275538 ], [ 3384114.163103818427771, 8425481.353796480223536 ], [ 3384092.57891273451969, 8425487.460127828642726 ], [ 3384070.626930593978614, 8425492.072618482634425 ], [ 3384048.410417198669165, 8425495.169571874663234 ], [ 3384026.033876418601722, 8425496.736420629546046 ], [ 3384003.602564949542284, 8425496.765793113037944 ], [ 3383981.221997536718845, 8425495.257552195340395 ], [ 3383958.997449629940093, 8425492.218793036416173 ], [ 3383921.193669996224344, 8425409.05981126986444 ], [ 3383877.802223498467356, 8425328.674959920346737 ], [ 3383829.025482296478003, 8425251.439142225310206 ], [ 3383775.09093415690586, 8425177.712576387450099 ], [ 3383716.250122785102576, 8425107.839113233610988 ], [ 3383652.77747356845066, 8425042.144632337614894 ], [ 3383584.969014579895884, 8424980.935524247586727 ], [ 3383513.140995225869119, 8424924.497260248288512 ], [ 3383437.628411752171814, 8424873.093060556799173 ], [ 3383403.980729158967733, 8424857.072461720556021 ], [ 3383369.354516636114568, 8424843.29380015656352 ], [ 3383333.898962258826941, 8424831.816440580412745 ], [ 3383297.766827463638037, 8424822.689833639189601 ], [ 3383261.113788485061377, 8424815.953301904723048 ], [ 3383224.097766160499305, 8424811.635870454832911 ], [ 3383186.87824523402378, 8424809.756139753386378 ], [ 3383149.615587234031409, 8424810.322209833189845 ], [ 3383112.47033929778263, 8424813.331641672179103 ], [ 3383075.602542876731604, 8424818.771468160673976 ], [ 3383039.171044229995459, 8424826.618252752348781 ], [ 3383003.332809447776526, 8424836.838186262175441 ], [ 3382968.242248534690589, 8424849.387236593291163 ], [ 3382934.050550579559058, 8424864.211335657164454 ], [ 3382900.905031322967261, 8424881.246613023802638 ], [ 3382868.948499440681189, 8424900.419672010466456 ], [ 3382838.318640470039099, 8424921.647904871031642 ], [ 3382809.147424220573157, 8424944.839848516508937 ], [ 3382781.560535560827702, 8424969.895580571144819 ], [ 3382755.676833923906088, 8424996.707146760076284 ], [ 3382731.607839626260102, 8425025.159029938280582 ], [ 3382731.11643151473254, 8425113.057933732867241 ], [ 3382724.30430998140946, 8425200.693849874660373 ], [ 3382711.206759929191321, 8425287.612852094694972 ], [ 3382691.891622066032141, 8425373.364727972075343 ], [ 3382666.458942770492285, 8425457.505310533568263 ], [ 3382635.04045522166416, 8425539.598777769133449 ], [ 3382597.798897027503699, 8425619.219912527129054 ], [ 3382554.927167653571814, 8425695.956303117796779 ], [ 3382506.647328632418066, 8425769.410478426143527 ], [ 3382453.209454457275569, 8425839.201970502734184 ], [ 3382394.890335996635258, 8425904.969281356781721 ], [ 3382321.365608624648303, 8425942.370192369446158 ], [ 3382245.501651389058679, 8425974.76422948949039 ], [ 3382167.63895535422489, 8426002.006003377959132 ], [ 3382088.126982330810279, 8426023.973247049376369 ], [ 3382007.322596311103553, 8426040.567368505522609 ], [ 3381925.588461994659156, 8426051.71388959698379 ], [ 3381843.291416644584388, 8426057.362783430144191 ], [ 3381760.800824403297156, 8426057.488696096464992 ], [ 3381678.486917852889746, 8426052.09106302075088 ], [ 3381596.719136476051062, 8426041.194109437987208 ], [ 3381515.864468931686133, 8426024.846742628142238 ], [ 3381436.285805344115943, 8426003.122333047911525 ], [ 3381358.340309261810035, 8425976.118383405730128 ], [ 3381282.377813934814185, 8425943.956092355772853 ], [ 3381208.739252669271082, 8425906.779809666797519 ], [ 3381137.755128673743457, 8425864.756390413269401 ], [ 3381069.744031391106546, 8425818.074441710487008 ], [ 3381069.744031391106546, 8425818.074441710487008 ], [ 3380591.822413336485624, 8425318.429113743826747 ], [ 3380545.779699864331633, 8425139.132699033245444 ], [ 3380507.744925457984209, 8424957.968432201072574 ], [ 3380477.793140410911292, 8424775.293786523863673 ], [ 3380455.983445643913001, 8424591.469215868040919 ], [ 3380442.358875829726458, 8424406.857442630454898 ], [ 3380436.946315231267363, 8424221.822742959484458 ], [ 3380439.756443955469877, 8424036.730228962376714 ], [ 3380483.203863778617233, 8423515.361191084608436 ], [ 3380483.203863778617233, 8423515.361191084608436 ], [ 3380520.084035295527428, 8423418.954286634922028 ], [ 3380563.371243529953063, 8423325.249133389443159 ], [ 3380612.869052290450782, 8423234.670961854979396 ], [ 3380668.352841496001929, 8423147.630814073607326 ], [ 3380729.570827364455909, 8423064.523675916716456 ], [ 3380796.245203971397132, 8422985.726685045287013 ], [ 3380868.073404788505286, 8422911.597421167418361 ], [ 3380944.729475259315223, 8422842.472280500456691 ], [ 3381025.86555188242346, 8422778.664950650185347 ], [ 3381111.113441366236657, 8422720.464988768100739 ], [ 3381200.086290860548615, 8422668.136504532769322 ] ] } },
{ "type": "Feature", "properties": { }, "geometry": { "type": "LineString", "coordinates": [ [ 3289621.071694900281727, 8444565.636095397174358 ], [ 3289583.128157520666718, 8444574.125734694302082 ], [ 3289545.829785093665123, 8444585.108330992981791 ], [ 3289509.34017765475437, 8444598.535711763426661 ], [ 3289473.819387554656714, 8444614.348980901762843 ], [ 3289439.423218130599707, 8444632.478777883574367 ], [ 3289406.302539348136634, 8444652.845580099150538 ], [ 3289374.602626800071448, 8444675.360054491087794 ], [ 3289344.462524413596839, 8444699.923446653410792 ], [ 3289316.014434098731726, 8444726.428015707060695 ], [ 3289289.383136391174048, 8444754.757504938170314 ], [ 3289264.685442566405982, 8444784.787655351683497 ], [ 3289242.029683231841773, 8444816.386746881529689 ], [ 3289221.5152318472974, 8444849.416177270933986 ], [ 3289203.232070207130164, 8444883.73107242397964 ], [ 3289187.260392784606665, 8444919.180917738005519 ], [ 3289173.670255183707923, 8444955.610221384093165 ], [ 3289162.521267294418067, 8444992.859195230528712 ], [ 3289153.862331389915198, 8445030.764456747099757 ], [ 3289147.731427654623985, 8445069.159743098542094 ], [ 3289144.15544774569571, 8445107.876643545925617 ], [ 3289143.150076845660806, 8445146.745335532352328 ], [ 3289142.78523098770529, 8445248.591252943500876 ], [ 3289146.441143591888249, 8445350.372185979038477 ], [ 3289154.112115621101111, 8445451.929461477324367 ], [ 3289165.786187886726111, 8445553.104754922911525 ], [ 3289181.445161183364689, 8445653.740337643772364 ], [ 3289201.0646235877648, 8445753.679322382435203 ], [ 3289224.613989014178514, 8445852.765907658264041 ], [ 3289181.544959777966142, 8445927.714443599805236 ], [ 3289139.6269970391877, 8446003.31278115324676 ], [ 3289098.869902491103858, 8446079.543244360014796 ], [ 3289059.283205866347998, 8446156.388008115813136 ], [ 3289020.876163885463029, 8446233.82910424284637 ], [ 3288983.657756919041276, 8446311.84842530451715 ], [ 3288947.636687641497701, 8446390.427727969363332 ] ] } },
{ "type": "Feature", "properties": { }, "geometry": { "type": "LineString", "coordinates": [ [ 3337114.532489069737494, 8444549.343312960118055 ], [ 3337435.122255966998637, 8444418.119636077433825 ], [ 3337749.262873644940555, 8444272.129484813660383 ], [ 3338056.27463138056919, 8444111.688740728422999 ], [ 3338355.493243097793311, 8443937.144550321623683 ], [ 3338646.271285052411258, 8443748.874578159302473 ], [ 3338927.979596302844584, 8443547.286187667399645 ], [ 3339200.008640580344945, 8443332.815557913854718 ], [ 3339413.126747068017721, 8443301.283774266019464 ], [ 3339623.802239623386413, 8443256.23471662029624 ], [ 3339831.178668617736548, 8443197.851521966978908 ], [ 3340034.412995695602149, 8443126.371531484648585 ], [ 3340232.679021834861487, 8443042.08533096127212 ], [ 3340425.170744776260108, 8442945.335564134642482 ], [ 3340611.105636596214026, 8442836.515544412657619 ], [ 3340789.727824687492102, 8442716.067652700468898 ], [ 3340960.311164107639343, 8442584.481539931148291 ], [ 3341122.16219013556838, 8442442.292137989774346 ], [ 3341274.622937134932727, 8442290.077482158318162 ], [ 3341570.342687927186489, 8442154.189770940691233 ], [ 3341867.361188846174628, 8442021.164768977090716 ], [ 3342165.650728344451636, 8441891.014887807890773 ], [ 3342465.183476209174842, 8441763.752269266173244 ], [ 3342765.931486206594855, 8441639.388787550851703 ], [ 3343067.866698823869228, 8441517.93604588881135 ], [ 3343370.960943601559848, 8441399.405375784263015 ], [ 3343370.960943601559848, 8441399.405375784263015 ], [ 3344055.257805815897882, 8441062.687872154638171 ] ] } },
{ "type": "Feature", "properties": { }, "geometry": { "type": "LineString", "coordinates": [ [ 3413755.781057083979249, 8398386.459750879555941 ], [ 3413610.897957830689847, 8398211.433295249938965 ], [ 3413477.475420649163425, 8398027.520818484947085 ], [ 3413356.056967734824866, 8397835.471523283049464 ], [ 3413247.137220263015479, 8397636.067759035155177 ], [ 3413151.159883856307715, 8397430.121835229918361 ], [ 3413068.515940665733069, 8397218.472712038084865 ], [ 3412999.542056560050696, 8397001.982583520933986 ], [ 3412944.51920974208042, 8396781.533362386748195 ], [ 3412903.67154651414603, 8396558.023092044517398 ], [ 3412877.165467648766935, 8396332.362283229827881 ], [ 3412865.108950709458441, 8396105.470210164785385 ], [ 3412821.456730470992625, 8395825.069374253973365 ], [ 3412784.053868587128818, 8395543.766742480918765 ], [ 3412752.918882011901587, 8395261.701577184721828 ], [ 3412728.067184686195105, 8394979.01351928524673 ], [ 3412709.511079604737461, 8394695.84251762740314 ], [ 3412697.259753451682627, 8394412.328761270269752 ], [ 3412691.319271416869015, 8394128.612608212977648 ], [ 3412649.91329985903576, 8394053.231763364747167 ], [ 3412614.043610416352749, 8393975.064688427373767 ], [ 3412583.896485566627234, 8393894.517329214140773 ], [ 3412559.628488778602332, 8393812.007993219420314 ], [ 3412541.365651130210608, 8393727.965176580473781 ], [ 3412529.202817439567298, 8393642.825340269133449 ], [ 3412523.203152894508094, 8393557.030642030760646 ], [ 3412523.397815703880042, 8393471.026639936491847 ], [ 3412529.78579493612051, 8393385.259979946538806 ], [ 3412542.333915770519525, 8393300.17607450671494 ], [ 3412560.977011947426945, 8393216.216791925951838 ], [ 3412590.333821433596313, 8393163.13544530980289 ], [ 3412616.168043287470937, 8393108.253348072990775 ], [ 3412638.369786381255835, 8393051.803952692076564 ], [ 3412656.844610571395606, 8392994.027379034087062 ], [ 3412671.513929485809058, 8392935.169391153380275 ], [ 3412682.315343975555152, 8392875.480354784056544 ], [ 3412689.202908038627356, 8392815.214169500395656 ], [ 3412692.147323846351355, 8392754.62719058804214 ], [ 3412691.136066793929785, 8392693.97713708691299 ], [ 3412686.173438429366797, 8392633.521996973082423 ], [ 3412677.280548365786672, 8392573.51892920397222 ], [ 3412664.495224374346435, 8392514.223169518634677 ], [ 3412647.871851593721658, 8392455.886945022270083 ], [ 3412581.569515059236437, 8392447.812120528891683 ], [ 3412514.863192797638476, 8392444.425500646233559 ], [ 3412448.083971142303199, 8392445.743894098326564 ], [ 3412381.563297867309302, 8392451.760756490752101 ], [ 3412315.631337642204016, 8392462.446225164458156 ], [ 3412250.615333199035376, 8392477.747264383360744 ], [ 3412186.837981223594397, 8392497.587929246947169 ], [ 3412124.615830182563514, 8392521.86974429897964 ], [ 3412064.257709860336035, 8392550.47219037823379 ], [ 3412006.063198089133948, 8392583.253304002806544 ], [ 3411950.321133970748633, 8392620.050381658598781 ], [ 3411897.308184265624732, 8392660.680786607787013 ], [ 3411847.287470222450793, 8392704.94285561144352 ], [ 3411800.507261941675097, 8392752.616901965811849 ], [ 3411757.199745219666511, 8392803.466303607448936 ], [ 3411687.581064689904451, 8392784.015107220038772 ], [ 3411619.529135500546545, 8392759.642075667157769 ], [ 3411553.391428231727332, 8392730.471656320616603 ], [ 3411489.50563871813938, 8392696.652791021391749 ], [ 3411428.197965025436133, 8392658.358159063383937 ], [ 3411369.781441449653357, 8392615.78328943066299 ], [ 3411314.554340123664588, 8392569.145568845793605 ], [ 3411262.798647999297827, 8392518.683126447722316 ], [ 3411214.778627514373511, 8392464.653622148558497 ], [ 3411170.739466666709632, 8392407.332927701994777 ], [ 3411130.906027555000037, 8392347.013719556853175 ], [ 3411095.481697678100318, 8392284.003985403105617 ], [ 3411064.647352337371558, 8392218.625450132414699 ], [ 3411038.560430168639868, 8392151.211933610960841 ], [ 3411017.354129910003394, 8392082.107646463438869 ], [ 3411001.136729835998267, 8392011.665431020781398 ], [ 3410989.99103546096012, 8391940.244963644072413 ], [ 3410983.9739561076276, 8391868.210912702605128 ], [ 3410983.116214548703283, 8391795.931080946698785 ], [ 3410987.422190774232149, 8391723.774526661261916 ], [ 3410996.869898314587772, 8391652.109678292647004 ], [ 3411008.20415672659874, 8391631.208077695220709 ], [ 3411018.104056369978935, 8391609.59016109444201 ], [ 3411026.524584650527686, 8391587.354220865294337 ], [ 3411033.427454947959632, 8391564.60135936550796 ], [ 3411038.78128158999607, 8391541.435029027983546 ], [ 3411042.561721682082862, 8391517.960561750456691 ], [ 3411044.751586436759681, 8391494.284691808745265 ], [ 3411045.340919017326087, 8391470.515068052336574 ], [ 3411044.327039837371558, 8391446.759766099974513 ], [ 3411041.714558720123023, 8391423.126795766875148 ], [ 3411037.51535403681919, 8391399.723612306639552 ], [ 3411031.74851894332096, 8391376.656623838469386 ], [ 3411024.440273761283606, 8391354.030712125822902 ], [ 3411015.623847722541541, 8391331.948751924559474 ], [ 3411005.339327096473426, 8391310.511145589873195 ], [ 3410993.633473634254187, 8391289.815365312620997 ], [ 3410980.559511303436011, 8391269.955510614439845 ], [ 3410966.176884650718421, 8391251.021879671141505 ], [ 3410950.550988435279578, 8391233.100559709593654 ], [ 3410933.752870559226722, 8391216.273036001250148 ], [ 3410915.858908295165747, 8391200.615818975493312 ], [ 3410896.950461744796485, 8391186.200098989531398 ], [ 3410877.11350381327793, 8391173.091421125456691 ], [ 3410856.438228964339942, 8391161.349388597533107 ], [ 3410835.018643140327185, 8391151.027388570830226 ], [ 3410812.952136992942542, 8391142.172354219481349 ], [ 3410790.33904206706211, 8391134.824547288939357 ], [ 3410767.282175540458411, 8391129.017376421019435 ], [ 3410743.886372088920325, 8391124.777245519682765 ], [ 3410720.258007525932044, 8391122.123433588072658 ], [ 3410696.504514932166785, 8391121.068007467314601 ], [ 3410672.733896731864661, 8391121.615765569731593 ], [ 3410649.054232835303992, 8391123.764217374846339 ], [ 3410625.573189615737647, 8391127.50359439663589 ], [ 3410602.397530555259436, 8391132.816894529387355 ], [ 3410579.632630466949195, 8391139.679959295317531 ], [ 3410557.381996750365943, 8391148.061583517119288 ], [ 3410535.746798038017005, 8391157.923657892271876 ], [ 3410514.825405251700431, 8391169.221341380849481 ], [ 3410494.712943762540817, 8391181.903266217559576 ], [ 3410475.500860436819494, 8391195.911770150065422 ], [ 3410488.414332106243819, 8391233.32382027246058 ], [ 3410498.814112397842109, 8391271.511041004210711 ], [ 3410506.654260992538184, 8391310.304743288084865 ], [ 3410511.900144695769995, 8391349.533558843657374 ], [ 3410514.528590201865882, 8391389.024197576567531 ], [ 3410514.527986526023597, 8391428.602211950346828 ], [ 3410511.8983364100568, 8391468.092770574614406 ], [ 3410506.651256083976477, 8391507.321425912901759 ], [ 3410498.809924244415015, 8391546.114888666197658 ], [ 3410488.408979057800025, 8391584.301792142912745 ], [ 3410475.494366168510169, 8391621.713448522612453 ], [ 3410460.123134850990027, 8391658.184594629332423 ], [ 3410442.363186120521277, 8391693.554121969267726 ], [ 3410422.292973160278052, 8391727.665789125487208 ], [ 3410400.001154779922217, 8391760.368909357115626 ], [ 3410375.586203217040747, 8391791.519020078703761 ], [ 3410349.155969619285315, 8391820.978517530485988 ], [ 3410320.827207326423377, 8391848.617267606779933 ], [ 3410290.725056647788733, 8391874.313177106902003 ], [ 3410258.982491254340857, 8391897.952737329527736 ], [ 3410225.739731668960303, 8391919.431521890684962 ], [ 3410191.143624901305884, 8391938.654649732634425 ], [ 3410155.346996783744544, 8391955.537204740568995 ], [ 3410118.507975935470313, 8391970.004609582945704 ], [ 3410080.789295911323279, 8391981.992955205962062 ], [ 3410042.357576012145728, 8391991.449284551665187 ], [ 3410003.382585286628455, 8391998.331824300810695 ], [ 3409964.036492824088782, 8392002.610171793028712 ], [ 3409924.493106695823371, 8392004.265427906066179 ], [ 3409884.927106931339949, 8392003.29028002358973 ], [ 3409845.513273001648486, 8391999.689036877825856 ], [ 3409640.688557816203684, 8391648.383856017142534 ], [ 3409433.783044656738639, 8391298.300147654488683 ], [ 3409224.804017662536353, 8390949.450236795470119 ], [ 3409013.758833527099341, 8390601.846404073759913 ], [ 3408800.654922207817435, 8390255.500887038186193 ], [ 3408585.499785972293466, 8389910.425878722220659 ], [ 3408368.300999014172703, 8389566.633526781573892 ], [ 3408368.300999014172703, 8389566.633526781573892 ], [ 3408020.721640428993851, 8389544.909816870465875 ], [ 3408005.339530365075916, 8389547.27998055331409 ], [ 3407989.831849446520209, 8389548.598621563985944 ], [ 3407974.270395278465003, 8389548.859635828062892 ], [ 3407958.727214574348181, 8389548.061814306303859 ], [ 3407943.274269580375403, 8389546.2088503818959 ], [ 3407927.983104586135596, 8389543.309323308989406 ], [ 3407912.924514889251441, 8389539.376657007262111 ], [ 3407898.168219089042395, 8389534.42905998043716 ], [ 3407883.782536148559302, 8389528.489437578245997 ], [ 3407869.834069132339209, 8389521.585289953276515 ], [ 3407856.387397050391883, 8389513.748581884428859 ], [ 3407843.504775523673743, 8389505.015595911070704 ], [ 3407831.245848655235022, 8389495.426764009520411 ], [ 3407819.667373179923743, 8389485.026480672881007 ], [ 3407808.82295536948368, 8389473.86289787106216 ], [ 3407798.762802838813514, 8389461.987699983641505 ], [ 3407789.533492207061499, 8389449.455868242308497 ], [ 3407781.177753805648535, 8389436.325421808287501 ], [ 3407773.734272837173194, 8389422.657153127714992 ], [ 3407767.237511515151709, 8389408.514342783018947 ], [ 3407761.717548489104956, 8389393.962470529600978 ], [ 3407757.199940442573279, 8389379.068908212706447 ], [ 3407753.705602883826941, 8389363.90261030010879 ], [ 3407751.250713943969458, 8389348.533794401213527 ], [ 3407749.84663951350376, 8389333.033615110442042 ], [ 3407749.499880074989051, 8389317.473835466429591 ], [ 3407750.21204101992771, 8389301.926494119688869 ], [ 3407751.979825138580054, 8389286.463573453947902 ], [ 3407754.795048117171973, 8389271.156662939116359 ], [ 3407758.644675850402564, 8389256.076631544157863 ], [ 3407763.5108852381818, 8389241.29329633526504 ], [ 3407769.371146678458899, 8389226.875102518126369 ], [ 3407776.19832812808454, 8389212.888802723959088 ], [ 3407783.960820929612964, 8389199.399151695892215 ], [ 3407792.62268635770306, 8389186.468603329733014 ], [ 3407818.573268570937216, 8389164.691619483754039 ], [ 3407843.003037592861801, 8389141.221295112743974 ], [ 3407865.801723837386817, 8389116.163568494841456 ], [ 3407886.8664201493375, 8389089.631544111296535 ], [ 3407906.102045893203467, 8389061.744980333372951 ], [ 3407923.421776890289038, 8389032.629749296233058 ], [ 3407938.74743616534397, 8389002.417270181700587 ], [ 3407952.009847998153418, 8388971.243913171812892 ], [ 3407963.149149417411536, 8388939.250387189909816 ], [ 3407972.115060328971595, 8388906.581101892516017 ], [ 3407978.867111205589026, 8388873.383518217131495 ], [ 3407983.374825119506568, 8388839.807481287047267 ], [ 3407985.617855309974402, 8388806.004544256255031 ], [ 3407985.586077332030982, 8388772.127284048125148 ], [ 3407983.279634832870215, 8388738.328614709898829 ], [ 3407978.708938240539283, 8388704.761093137785792 ], [ 3407971.89461851073429, 8388671.576235292479396 ], [ 3407962.867433785926551, 8388638.923828123137355 ], [ 3407951.66813018033281, 8388606.951256391592324 ], [ 3407938.347258605994284, 8388575.802835269831121 ], [ 3407922.964945827145129, 8388545.619160938076675 ], [ 3407888.830359056591988, 8388500.044763796031475 ], [ 3407857.674248279538006, 8388452.38458691444248 ], [ 3407829.623669266235083, 8388402.832990645430982 ], [ 3407804.79301345301792, 8388351.592047928832471 ], [ 3407783.283540963660926, 8388298.870721339248121 ], [ 3407765.182968377601355, 8388244.884010314010084 ], [ 3407750.565110563766211, 8388189.852074860595167 ], [ 3407739.489579557906836, 8388133.999337195418775 ], [ 3407732.001541852485389, 8388077.5535669317469 ], [ 3407728.131533979903907, 8388020.74495196249336 ], [ 3407727.895338000264019, 8387963.805159910582006 ], [ 3407731.293917015194893, 8387906.966393940150738 ], [ 3407738.313411579001695, 8387850.460443767718971 ], [ 3407795.18727917317301, 8387749.303965751081705 ], [ 3407845.581439144443721, 8387644.768332787789404 ], [ 3407889.296050548087806, 8387537.268088101409376 ], [ 3407926.157760381232947, 8387427.229530333541334 ], [ 3407956.020390986930579, 8387315.089023827575147 ], [ 3407978.765520452987403, 8387201.291269301436841 ], [ 3407994.3029515738599, 8387086.287538289092481 ], [ 3408002.571069597732276, 8386970.533885716460645 ], [ 3408003.537086843978614, 8386854.489339589141309 ], [ 3407997.1971725220792, 8386738.6140818586573 ], [ 3407983.576467990409583, 8386623.367622851394117 ], [ 3407962.728986858855933, 8386509.206979989074171 ], [ 3407934.737401134800166, 8386396.584863730706275 ], [ 3407899.712713428772986, 8386285.947884742170572 ], [ 3407857.793816092424095, 8386177.734780577011406 ], [ 3407817.386516649276018, 8386122.042295995168388 ], [ 3407780.984603084623814, 8386063.653055790811777 ], [ 3407748.767344593536109, 8386002.854610680602491 ], [ 3407720.893401979934424, 8385939.946375607512891 ], [ 3407697.500046848785132, 8385875.238156556151807 ], [ 3407678.702484726440161, 8385809.04862308409065 ], [ 3407664.593288421165198, 8385741.703740119002759 ], [ 3407655.241941809188575, 8385673.535162209533155 ], [ 3407650.69449758483097, 8385604.878600596450269 ], [ 3407650.973350762855262, 8385536.072169779799879 ], [ 3407656.077127813827246, 8385467.4547219267115 ], [ 3407665.980694293510169, 8385399.364178656600416 ], [ 3407680.635277866851538, 8385332.135867117904127 ], [ 3407699.968708753120154, 8385266.100867985747755 ], [ 3407723.885775208007544, 8385201.58438444044441 ], [ 3407752.268692492973059, 8385138.904142855666578 ], [ 3407784.977682590018958, 8385078.368825434707105 ], [ 3407821.85166299296543, 8385020.276551722548902 ], [ 3407862.709039486944675, 8384964.913409832865 ], [ 3407907.348601300269365, 8384912.5520477918908 ], [ 3407955.550510694738477, 8384863.450330928899348 ], [ 3408067.900728510692716, 8384594.475512735545635 ], [ 3408199.456812635529786, 8384334.354346421547234 ], [ 3408349.52629792643711, 8384084.456019162200391 ], [ 3408517.319270848762244, 8383846.095907925628126 ], [ 3408701.952528134454042, 8383620.528657105751336 ], [ 3408902.454225109890103, 8383408.941573612391949 ], [ 3409117.768990963697433, 8383212.4483776492998 ], [ 3409291.006280226632953, 8383060.19728478975594 ], [ 3409453.795387374702841, 8382896.822683999314904 ], [ 3409605.423547148238868, 8382723.039903639815748 ], [ 3409745.226862310897559, 8382539.60984396841377 ], [ 3409872.593209862243384, 8382347.335646389983594 ], [ 3409986.964921831618994, 8382147.059174536727369 ], [ 3410087.841226445976645, 8381939.657330701127648 ], [ 3410174.780441088601947, 8381726.038215013220906 ], [ 3410247.401906365063041, 8381507.137149591930211 ] ] } },
{ "type": "Feature", "properties": { }, "geometry": { "type": "LineString", "coordinates": [ [ 3411257.55441725300625, 8379247.871318788267672 ], [ 3410899.113203712273389, 8380312.333104455843568 ], [ 3410899.113203712273389, 8380312.333104455843568 ], [ 3410821.83311476232484, 8380493.873591504059732 ], [ 3410737.493721450679004, 8380672.244069034233689 ], [ 3410646.224758386146277, 8380847.170159100554883 ], [ 3410548.166620134841651, 8381018.382781504653394 ], [ 3410443.47014435660094, 8381185.618568593636155 ], [ 3410332.296380538959056, 8381348.620270333252847 ], [ 3410214.816341497935355, 8381507.137149591930211 ], [ 3410214.816341497935355, 8381507.137149591930211 ], [ 3410214.816341497935355, 8381507.137149591930211 ] ] } },
{ "type": "Feature", "properties": { }, "geometry": { "type": "LineString", "coordinates": [ [ 3413125.793469647876918, 8404805.816029749810696 ], [ 3413040.523353052325547, 8404811.354855220764875 ], [ 3412955.823483760934323, 8404822.651027921587229 ], [ 3412872.082141875755042, 8404839.652763841673732 ], [ 3412789.683213233482093, 8404862.282124040648341 ], [ 3412709.004429935943335, 8404890.435370920225978 ], [ 3412630.415638803970069, 8404923.983445165678859 ], [ 3412554.277105330955237, 8404962.772555349394679 ], [ 3412480.937862872611731, 8405006.624886034056544 ], [ 3412410.734112262260169, 8405055.339409349486232 ], [ 3412343.987680553924292, 8405108.69280862621963 ], [ 3412281.004545926582068, 8405166.44050264172256 ], [ 3412222.073434829246253, 8405228.317764280363917 ], [ 3412167.464498336892575, 8405294.040936712175608 ], [ 3412117.428074312396348, 8405363.308733146637678 ], [ 3412072.193538936786354, 8405435.803617184981704 ], [ 3411984.17304959660396, 8405499.136609070003033 ], [ 3411900.706949101295322, 8405568.361491445451975 ], [ 3411822.188884019386023, 8405643.151783464476466 ], [ 3411748.989165305625647, 8405723.154755590483546 ], [ 3411681.453020929824561, 8405807.993093488737941 ], [ 3411619.898968457709998, 8405897.266678331419826 ], [ 3411564.61731183482334, 8405990.55447387509048 ], [ 3411515.868773340713233, 8406087.416511533781886 ], [ 3411473.883263110648841, 8406187.39596557430923 ], [ 3411438.858795284759253, 8406290.021308420225978 ], [ 3411410.960553990211338, 8406394.808532956987619 ], [ 3411390.320114282425493, 8406501.263437263667583 ], [ 3411377.034821766894311, 8406608.883952409029007 ], [ 3411377.034821766894311, 8406608.883952409029007 ], [ 3411377.034821766894311, 8406608.883952409029007 ], [ 3411350.767566794063896, 8406758.881326081231236 ], [ 3411317.596870068926364, 8406907.504626985639334 ], [ 3411277.593603968154639, 8407054.436310289427638 ], [ 3411230.843238472472876, 8407199.362443445250392 ], [ 3411177.445659403223544, 8407341.973380323499441 ], [ 3411117.514955395366997, 8407481.964421154931188 ], [ 3411051.179173093289137, 8407619.036463297903538 ], [ 3411051.179173093289137, 8407619.036463297903538 ], [ 3410866.527638844680041, 8408162.129211086779833 ] ] } },
{ "type": "Feature", "properties": { }, "geometry": { "type": "LineString", "coordinates": [ [ 3410540.671990171540529, 8407488.694203827530146 ], [ 3410441.282895732205361, 8407578.232368171215057 ], [ 3410348.079241704661399, 8407674.192536180838943 ], [ 3410261.475096106063575, 8407776.1483936291188 ], [ 3410181.855207561980933, 8407883.646990297362208 ], [ 3410109.573296546470374, 8407996.210751531645656 ], [ 3410044.950483917724341, 8408113.339599607512355 ], [ 3409988.273863672744483, 8408234.513175962492824 ], [ 3409939.795228361617774, 8408359.193153856322169 ], [ 3409899.729949783999473, 8408486.825627630576491 ], [ 3409868.256022382061929, 8408616.843575656414032 ], [ 3409845.513273001182824, 8408748.669378699734807 ], [ 3409874.464358875527978, 8408874.933983145281672 ], [ 3409911.110865138471127, 8408999.183527743443847 ], [ 3409955.314599990379065, 8409120.949473856016994 ], [ 3410006.908872961532325, 8409239.772648332640529 ], [ 3410065.699124954640865, 8409355.204974448308349 ], [ 3410131.463661024346948, 8409466.811164198443294 ], [ 3410203.954486541915685, 8409574.170355338603258 ], [ 3410203.954486541915685, 8409574.170355338603258 ], [ 3410356.020455922931433, 8410008.644553570076823 ] ] } },
{ "type": "Feature", "properties": { }, "geometry": { "type": "LineString", "coordinates": [ [ 3406532.64751148596406, 8414842.170008895918727 ], [ 3406515.157168368343264, 8414732.765511320903897 ], [ 3406499.867527895607054, 8414623.031819121912122 ], [ 3406486.78475773287937, 8414513.013196943327785 ], [ 3406475.914134740363806, 8414402.754021165892482 ], [ 3406467.260044031776488, 8414292.298767821863294 ], [ 3406460.825976232532412, 8414181.691991614177823 ], [ 3406456.614526795689017, 8414070.978307036682963 ], [ 3406428.262503977399319, 8414043.124422086402774 ], [ 3406401.9035978121683, 8414013.377420198172331 ], [ 3406377.663896798621863, 8413981.879595277830958 ], [ 3406355.65935194445774, 8413948.781618116423488 ], [ 3406335.995222210418433, 8413914.241813657805324 ], [ 3406318.76557147456333, 8413878.425403593108058 ], [ 3406304.052818178664893, 8413841.503716943785548 ], [ 3406291.927340864669532, 8413803.653367994353175 ], [ 3406282.447142004501075, 8413765.055416105315089 ], [ 3406275.657570480834693, 8413725.894494054839015 ], [ 3406271.591104149352759, 8413686.357929704710841 ], [ 3406270.267195105087012, 8413646.634846208617091 ], [ 3406271.692176222335547, 8413606.915260313078761 ], [ 3406275.859231113921851, 8413567.389170644804835 ], [ 3406282.748426656238735, 8413528.245651494711637 ], [ 3406292.32680820999667, 8413489.671947015449405 ], [ 3406304.548557414673269, 8413451.852574557065964 ], [ 3406304.548557414673269, 8413451.852574557065964 ], [ 3406304.548557414673269, 8413451.852574557065964 ], [ 3406354.557090742979199, 8413313.365804700180888 ], [ 3406411.437058046925813, 8413177.55671812966466 ], [ 3406475.045765995513648, 8413044.766015050932765 ], [ 3406545.223641395103186, 8412915.326822279021144 ], [ 3406621.794630960095674, 8412789.563861627131701 ], [ 3406704.566643221769482, 8412667.792630223557353 ], [ 3406793.332030424848199, 8412550.318613225594163 ], [ 3406880.91531803784892, 8412441.184860935434699 ], [ 3406973.239873425103724, 8412336.031712250784039 ], [ 3407070.124995111953467, 8412235.064978597685695 ], [ 3407171.381054877769202, 8412138.482275007292628 ], [ 3407276.809869901277125, 8412046.472638802602887 ], [ 3407386.205090190749615, 8411959.216154804453254 ], [ 3407499.352602550759912, 8411876.883605968207121 ], [ 3407576.63817390287295, 8411882.667697010561824 ], [ 3407653.668486205860972, 8411891.202698417007923 ], [ 3407730.345654725562781, 8411902.477764127776027 ], [ 3407806.572243213187903, 8411916.478566167876124 ], [ 3407882.25138839893043, 8411933.187313266098499 ], [ 3407957.286922419909388, 8411952.582773266360164 ], [ 3408031.583495384082198, 8411974.640300570055842 ], [ 3408031.583495384082198, 8411974.640300570055842 ], [ 3408433.472128748428077, 8411627.06094198487699 ], [ 3408433.472128748428077, 8411627.06094198487699 ], [ 3408433.472128748428077, 8411627.06094198487699 ], [ 3408482.317346827592701, 8411551.157477643340826 ], [ 3408536.333975461311638, 8411478.842920981347561 ], [ 3408595.259305476676673, 8411410.468973634764552 ], [ 3408658.80675435019657, 8411346.368170259520411 ], [ 3408726.66725981188938, 8411286.85226440243423 ], [ 3408798.510783552657813, 8411232.210711000487208 ], [ 3408873.987915634643286, 8411182.709258554503322 ], [ 3408952.731573938857764, 8411138.588656423613429 ], [ 3409034.35878982860595, 8411100.063484869897366 ], [ 3409118.472570793237537, 8411067.321110036224127 ], [ 3409204.663830609060824, 8411040.520774371922016 ], [ 3409204.663830609060824, 8411040.520774371922016 ], [ 3409432.762784680351615, 8410866.73109507933259 ] ] } },
{ "type": "Feature", "properties": { }, "geometry": { "type": "LineString", "coordinates": [ [ 3405434.333940209355205, 8428826.08031652495265 ], [ 3405104.267625575885177, 8428997.714800134301186 ], [ 3405104.267625575885177, 8428997.714800134301186 ], [ 3404747.796005771495402, 8429024.120105305686593 ], [ 3404747.796005771495402, 8429024.120105305686593 ], [ 3404716.636752612888813, 8428989.212721673771739 ], [ 3404687.87876735907048, 8428952.301981156691909 ], [ 3404661.650503277312964, 8428913.552753446623683 ], [ 3404638.069114565383643, 8428873.138120172545314 ], [ 3404617.239932536613196, 8428831.238601205870509 ], [ 3404599.255995153915137, 8428788.041350362822413 ], [ 3404584.197631239425391, 8428743.739316938444972 ], [ 3404572.132102369796485, 8428698.530385015532374 ], [ 3404563.113301634322852, 8428652.616490362212062 ], [ 3404557.181513428222388, 8428606.202716825529933 ], [ 3404554.363233327399939, 8428559.496381280943751 ], [ 3404554.671049832832068, 8428512.706107137724757 ], [ 3404558.103587984573096, 8428466.040893552824855 ], [ 3404564.645515679847449, 8428419.709179876372218 ], [ 3404574.267611849121749, 8428373.917916959151626 ], [ 3404586.926897414028645, 8428328.87164100818336 ], [ 3404602.566827332600951, 8428284.771560525521636 ], [ 3404607.400243159383535, 8428203.643608372658491 ], [ 3404606.619692304171622, 8428122.375550417229533 ], [ 3404600.228901505004615, 8428041.355402944609523 ], [ 3404588.258383631240577, 8427960.969998834654689 ], [ 3404570.765292405616492, 8427881.603139875456691 ], [ 3404547.833149075042456, 8427803.633765695616603 ], [ 3404519.571443557273597, 8427727.434143064543605 ], [ 3404486.115112304221839, 8427653.368088243529201 ], [ 3404447.623893260490149, 8427581.789232729002833 ], [ 3404404.281563877593726, 8427513.039330957457423 ], [ 3404356.295063137542456, 8427447.446630952879786 ], [ 3404303.89350390387699, 8427385.324307439848781 ], [ 3404247.327078699599952, 8427326.968964574858546 ], [ 3404186.865865349303931, 8427272.659221170470119 ], [ 3404122.798537730704993, 8427222.654380796477199 ], [ 3404055.430986642371863, 8427177.1931934338063 ], [ 3403985.0848603034392, 8427136.492713598534465 ], [ 3403912.096028324216604, 8427100.74726752564311 ], [ 3403836.812977382447571, 8427070.127522673457861 ], [ 3403685.66711776284501, 8426975.968990644440055 ], [ 3403529.298878476489335, 8426890.764097480103374 ], [ 3403368.238056659232825, 8426814.801529405638576 ], [ 3403203.030348538886756, 8426748.338658330962062 ], [ 3403034.235500619281083, 8426691.600669650360942 ], [ 3402862.42541317967698, 8426644.77979882620275 ], [ 3402688.18220245745033, 8426608.034682186320424 ], [ 3402688.18220245745033, 8426608.034682186320424 ], [ 3402305.305277482140809, 8426634.439987357705832 ], [ 3402283.920303129125386, 8426635.008297123014927 ], [ 3402262.544432721100748, 8426634.164341913536191 ], [ 3402241.270830630790442, 8426631.911798952147365 ], [ 3402220.192215442191809, 8426628.2604861240834 ], [ 3402199.400456428062171, 8426623.22631692700088 ], [ 3402178.986172198783606, 8426616.831233022734523 ], [ 3402159.038336276542395, 8426609.103106496855617 ], [ 3402139.643889188300818, 8426600.075619218870997 ], [ 3402120.887359737884253, 8426589.788116930052638 ], [ 3402102.850496291648597, 8426578.285436628386378 ], [ 3402085.611910700332373, 8426565.617711065337062 ], [ 3402069.246735453139991, 8426551.840151784941554 ], [ 3402053.826296448241919, 8426537.012806890532374 ], [ 3402039.417802333366126, 8426521.200299261137843 ], [ 3402026.084050654899329, 8426504.471546648070216 ], [ 3402013.883155464660376, 8426486.899458883330226 ], [ 3402002.868293046485633, 8426468.560623167082667 ], [ 3401993.087470530997962, 8426449.53496646694839 ], [ 3401984.583316564094275, 8426429.905410287901759 ], [ 3401977.392895698081702, 8426409.757508752867579 ], [ 3401971.547546505462378, 8426389.179073331877589 ], [ 3401967.07274556113407, 8426368.259793756529689 ], [ 3401963.987995586358011, 8426347.090844618156552 ], [ 3401962.306741260457784, 8426325.764487899839878 ], [ 3401962.036310263443738, 8426304.373672723770142 ], [ 3401926.116460840217769, 8426226.172348747029901 ], [ 3401884.894768661353737, 8426150.631268750876188 ], [ 3401838.567089318763465, 8426078.10934972576797 ], [ 3401787.353538274299353, 8426008.951162813231349 ], [ 3401731.497445344459265, 8425943.48529720120132 ], [ 3401671.264197945129126, 8425882.022799966856837 ], [ 3401606.939981102477759, 8425824.855696199461818 ], [ 3401538.830416559707373, 8425772.255601881071925 ], [ 3401467.259111827705055, 8425724.472435247153044 ], [ 3401392.566121856682003, 8425681.73322750069201 ], [ 3401315.106333581265062, 8425644.241043455898762 ], [ 3401279.693126262165606, 8425656.300420636311173 ], [ 3401245.179521946702152, 8425670.734233113005757 ], [ 3401211.724515914451331, 8425687.475989339873195 ], [ 3401179.482226013671607, 8425706.448563573881984 ], [ 3401148.601184010040015, 8425727.564554689452052 ], [ 3401119.223650693427771, 8425750.726686952635646 ], [ 3401091.484960317146033, 8425775.828258035704494 ], [ 3401065.512897610198706, 8425802.753632543608546 ], [ 3401041.427109002601355, 8425831.3787722568959 ], [ 3401019.33855116320774, 8425861.571808336302638 ], [ 3400999.348980307113379, 8425893.193650243803859 ], [ 3400981.550482868682593, 8425926.098624227568507 ], [ 3400966.025051831733435, 8425960.135146139189601 ], [ 3400952.84420871688053, 8425995.146419046446681 ], [ 3400942.068674087058753, 8426030.971154211089015 ], [ 3400933.748088001739234, 8426067.444318292662501 ], [ 3400927.920781015884131, 8426104.397888181731105 ], [ 3400924.613598227035254, 8426141.661628721281886 ], [ 3400923.841774701606482, 8426179.063876150175929 ], [ 3400925.608866214286536, 8426216.432328222319484 ], [ 3400929.906732081901282, 8426253.594838617369533 ], [ 3400936.715573310386389, 8426290.380209444090724 ], [ 3400946.004023222718388, 8426326.618980618193746 ], [ 3400957.729292691685259, 8426362.144209260120988 ], [ 3400971.83736636210233, 8426396.7922408208251 ], [ 3400971.83736636210233, 8426396.7922408208251 ], [ 3400998.242671533022076, 8426713.655902869999409 ], [ 3401002.837101453915238, 8426728.124595878645778 ], [ 3401006.431775742210448, 8426742.87350008264184 ], [ 3401009.009878992568702, 8426757.83362197689712 ], [ 3401010.559350966941565, 8426772.934979436919093 ], [ 3401011.072943567764014, 8426788.106929777190089 ], [ 3401010.548254012595862, 8426803.278500555083156 ], [ 3401008.98773693991825, 8426818.378720758482814 ], [ 3401006.398692249786109, 8426833.336952684447169 ], [ 3401002.79323124838993, 8426848.083223817870021 ], [ 3400998.188219785224646, 8426862.548552034422755 ], [ 3400992.605199813377112, 8426876.665270803496242 ], [ 3400986.070287942420691, 8426890.367342947050929 ], [ 3400978.614053844939917, 8426903.590672014281154 ], [ 3400970.271376966964453, 8426916.273400781676173 ], [ 3400961.081283688079566, 8426928.356200216338038 ], [ 3400951.086764096748084, 8426939.782548425719142 ], [ 3400940.334571480285376, 8426950.498994348570704 ], [ 3400928.875003695022315, 8426960.455407617613673 ], [ 3400916.761667131911963, 8426969.605213163420558 ], [ 3400904.05122685385868, 8426977.905608652159572 ], [ 3400890.803140997420996, 8426985.31776618771255 ], [ 3400877.079382776748389, 8426991.807012556120753 ], [ 3400862.944150208961219, 8426997.342991350218654 ], [ 3400848.463566779624671, 8427001.899806020781398 ], [ 3400833.705370902549475, 8427005.456140516325831 ], [ 3400818.738600015174598, 8427007.995357988402247 ], [ 3400803.633266925346106, 8427009.505580900236964 ], [ 3400788.460033058654517, 8427009.979744432494044 ], [ 3400773.289877056609839, 8427009.415630815550685 ], [ 3400758.193763255607337, 8427007.815877912566066 ], [ 3400743.242309808265418, 8427005.187970159575343 ], [ 3400728.505458116065711, 8427001.544200418516994 ], [ 3400714.052145480643958, 8426996.901613710448146 ], [ 3400699.949983000289649, 8426991.281927583739161 ], [ 3400686.264939188491553, 8426984.711430070921779 ], [ 3400673.061031221877784, 8426977.220858095213771 ], [ 3400660.400025486480445, 8426968.84525060467422 ], [ 3400648.34114909125492, 8426959.623788831755519 ], [ 3400636.940811991225928, 8426949.599609373137355 ], [ 3400626.252343892585486, 8426938.819604394957423 ], [ 3400616.325744151603431, 8426927.334201810881495 ], [ 3400607.207448601257056, 8426915.197128770872951 ], [ 3400598.940111517440528, 8426902.465161321684718 ], [ 3400591.56240665866062, 8426889.197858331725001 ], [ 3400585.108846187125891, 8426875.457282541319728 ], [ 3400579.609619140159339, 8426861.307711599394679 ], [ 3400575.090450286399573, 8426846.815335271880031 ], [ 3400571.572479962836951, 8426832.047947404906154 ], [ 3400569.072164892684668, 8426817.074628351256251 ], [ 3400567.601201056968421, 8426801.965421674773097 ], [ 3400567.166469692718238, 8426786.791007040068507 ], [ 3400567.770004271995276, 8426771.622367857024074 ], [ 3400569.408981614746153, 8426756.530462000519037 ], [ 3400572.075734728947282, 8426741.585888622328639 ], [ 3400575.757788801565766, 8426726.85855545476079 ], [ 3400469.048358611296862, 8426631.98532497510314 ], [ 3400363.912462790496647, 8426535.371269447728992 ], [ 3400260.378497004043311, 8426437.042482851073146 ], [ 3400158.474424242507666, 8426337.025522707030177 ], [ 3400058.227767665870488, 8426235.347401840612292 ], [ 3399959.665602616500109, 8426132.035582657903433 ], [ 3399862.814549193251878, 8426027.117968430742621 ], [ 3399819.442365386988968, 8426007.7473832257092 ], [ 3399777.574012937024236, 8425985.310651144012809 ], [ 3399737.425902127753943, 8425959.923743246123195 ], [ 3399699.205551623832434, 8425931.717880247160792 ], [ 3399663.110515951644629, 8425900.838853357359767 ], [ 3399629.327363967429847, 8425867.446271417662501 ], [ 3399598.030715107452124, 8425831.712734220549464 ], [ 3399569.382336258422583, 8425793.822942731902003 ], [ 3399543.530305981170386, 8425753.972743032500148 ], [ 3399520.608249067794532, 8425712.368113515898585 ], [ 3399500.734645723830909, 8425669.22410106472671 ], [ 3399484.012218951713294, 8425624.763710496947169 ], [ 3399470.527404250577092, 8425579.216749032959342 ], [ 3399460.349902489688247, 8425532.818641770631075 ], [ 3399453.532319047488272, 8425485.809212431311607 ] ] } },
{ "type": "Feature", "properties": { }, "geometry": { "type": "LineString", "coordinates": [ [ 3399928.827812119852751, 8425050.121677115559578 ], [ 3399955.606213429011405, 8425068.716448942199349 ], [ 3399983.60516301356256, 8425085.416961835697293 ], [ 3400012.690890907775611, 8425100.143426416441798 ], [ 3400042.724434494506568, 8425112.825483797118068 ], [ 3400073.562302946578711, 8425123.402543066069484 ], [ 3400105.057162642013282, 8425131.824070928618312 ], [ 3400137.058541059028357, 8425138.049830911681056 ], [ 3400169.413545727264136, 8425142.05007934384048 ], [ 3400201.967594623100013, 8425143.805704114958644 ], [ 3400234.565154671203345, 8425143.308317182585597 ], [ 3400267.050485014449805, 8425140.560294626280665 ], [ 3400299.268380999099463, 8425135.574766157194972 ], [ 3400331.064915656577796, 8425128.375550745055079 ], [ 3400362.288174986373633, 8425118.997044084593654 ], [ 3400392.788984298240393, 8425107.484053609892726 ], [ 3400422.421620249282569, 8425093.891584871336818 ], [ 3400451.044507383834571, 8425078.284578798338771 ], [ 3400478.520894646178931, 8425060.737599847838283 ], [ 3400504.719508409034461, 8425041.334483144804835 ], [ 3400529.515179872047156, 8425020.167929647490382 ], [ 3400552.789443373214453, 8424997.339066503569484 ], [ 3400574.43110156012699, 8424972.95696353726089 ], [ 3400594.336757456883788, 8424947.138110326603055 ], [ 3400612.41130814794451, 8424920.00586144067347 ], [ 3400628.568399143405259, 8424891.689846090972424 ], [ 3400628.168707704171538, 8424852.316085245460272 ], [ 3400624.985545301344246, 8424813.069170203059912 ], [ 3400619.034851550590247, 8424774.145629404112697 ], [ 3400610.346424102317542, 8424735.740368841215968 ], [ 3400598.963769673835486, 8424698.045700548216701 ], [ 3400584.943886398803443, 8424661.250379083678126 ], [ 3400568.356977939140052, 8424625.538654325529933 ], [ 3400549.286102175246924, 8424591.089350698515773 ], [ 3400527.82675540400669, 8424558.074971197172999 ], [ 3400504.086394190322608, 8424526.660833356902003 ], [ 3400478.183896779548377, 8424497.004241464659572 ], [ 3400450.248968481551856, 8424469.253698823973536 ], [ 3400420.421491860877723, 8424443.548165319487453 ], [ 3400388.850826143752784, 8424420.016359327360988 ], [ 3400355.695059442427009, 8424398.776115145534277 ], [ 3400321.120217656716704, 8424379.933792497962713 ], [ 3400285.299431924242526, 8424363.583742678165436 ] ] } },
{ "type": "Feature", "properties": { }, "geometry": { "type": "LineString", "coordinates": [ [ 3394423.321684030815959, 8428390.39278120547533 ], [ 3394447.620301910676062, 8428399.050248792394996 ], [ 3394472.455798361916095, 8428406.019659336656332 ], [ 3394497.711054324638098, 8428411.268146989867091 ], [ 3394523.266970872413367, 8428414.770960805937648 ], [ 3394549.003031372558326, 8428416.511581419035792 ], [ 3394574.79786968184635, 8428416.481801507994533 ], [ 3394600.529842495452613, 8428414.681760786101222 ], [ 3394626.077602982055396, 8428411.119948385283351 ], [ 3394651.320672869216651, 8428405.813160417601466 ], [ 3394676.140010833274573, 8428398.786423204466701 ], [ 3394700.418573855888098, 8428390.072873590514064 ], [ 3394724.041868924628943, 8428379.713602541014552 ], [ 3394746.898493527900428, 8428367.757462499663234 ], [ 3394768.88066005660221, 8428354.260835645720363 ], [ 3394789.884705185424536, 8428339.28737067990005 ], [ 3394809.811577915679663, 8428322.907678602263331 ], [ 3394828.567306994926184, 8428305.199002740904689 ], [ 3394846.06344425631687, 8428286.244853971526027 ], [ 3394862.217481374274939, 8428266.134616373106837 ], [ 3394876.953238963615149, 8428244.963125703856349 ], [ 3394890.201226353179663, 8428222.83022260479629 ], [ 3394901.898968457709998, 8428199.840281007811427 ], [ 3394911.991301059257239, 8428176.101717470213771 ], [ 3394920.430630802642554, 8428151.726478574797511 ], [ 3394927.177159428130835, 8428126.829512117430568 ], [ 3394932.199071645271033, 8428101.528228281065822 ], [ 3394935.4726852173917, 8428075.941942689940333 ], [ 3394936.98256230307743, 8428050.19131469540298 ], [ 3394936.721582650672644, 8428024.397778986021876 ], [ 3394934.690976976882666, 8427998.682973859831691 ], [ 3394930.90032124472782, 8427973.168164251372218 ], [ 3394925.367491483222693, 8427947.97367381863296 ], [ 3394918.118579242844135, 8427923.21831351146102 ], [ 3394909.187769123353064, 8427899.018825700506568 ], [ 3394898.617177103180438, 8427875.489330377429724 ], [ 3394936.50919605139643, 8427808.77304095774889 ], [ 3394969.498888038098812, 8427739.501483669504523 ], [ 3394997.414983987342566, 8427668.034288881346583 ], [ 3395020.112554788123816, 8427594.742484090849757 ], [ 3395037.473764299880713, 8427520.006570337340236 ], [ 3395049.408480047713965, 8427444.214546201750636 ], [ 3395055.854741930495948, 8427367.759891984984279 ], [ 3395056.779083609115332, 8427291.039529798552394 ], [ 3395052.176706432830542, 8427214.451759813353419 ], [ 3395042.07150375796482, 8427138.394194601103663 ], [ 3395026.51593780471012, 8427063.261692998930812 ], [ 3395005.59076678706333, 8426989.444313047453761 ], [ 3394979.404625318944454, 8426917.325283279642463 ], [ 3394948.093461402691901, 8426847.27901715785265 ], [ 3394911.819829688407481, 8426779.669165793806314 ], [ 3394890.302793256007135, 8426762.429437637329102 ], [ 3394870.03695708187297, 8426743.734867403283715 ], [ 3394851.120481132995337, 8426723.676003931090236 ], [ 3394833.644989132415503, 8426702.350004194304347 ], [ 3394817.695125817786902, 8426679.860163686797023 ], [ 3394803.348145961295813, 8426656.315413473173976 ], [ 3394790.673540710937232, 8426631.829796312376857 ], [ 3394779.732700943481177, 8426606.521909711882472 ], [ 3394770.578619837295264, 8426580.51433658413589 ], [ 3394763.2556362147443, 8426553.933046339079738 ], [ 3394757.799219607841223, 8426526.906788824126124 ], [ 3394754.235798954498023, 8426499.566468236967921 ], [ 3394752.582633971702307, 8426472.044511316344142 ], [ 3394752.847731947433203, 8426444.474222658202052 ], [ 3394755.029808878432959, 8426416.989142892882228 ], [ 3394759.118295549880713, 8426389.722398279234767 ], [ 3394765.093389033805579, 8426362.806058881804347 ], [ 3394772.926148294936866, 8426336.370496271178126 ], [ 3394782.578634500037879, 8426310.543754575774074 ], [ 3394794.004094719421118, 8426285.450928209349513 ], [ 3394807.147188543807715, 8426261.213556764647365 ], [ 3394821.94425594760105, 8426237.949037073180079 ], [ 3394838.323625683318824, 8426215.770053384825587 ], [ 3394856.205962538253516, 8426194.784031389281154 ], [ 3394875.504651307594031, 8426175.092619894072413 ], [ 3394896.126216887962073, 8426156.791196344420314 ], [ 3394917.970776438247412, 8426139.968405244871974 ], [ 3394940.932523250114173, 8426124.705729959532619 ], [ 3394964.900239824783057, 8426111.077096460387111 ], [ 3394989.757835745345801, 8426099.148517129942775 ], [ 3395015.384910583030432, 8426088.977769372984767 ], [ 3395041.657336830627173, 8426080.61411571316421 ], [ 3395068.447860893327743, 8426074.098067114129663 ], [ 3395095.626720420084894, 8426069.461183547973633 ], [ 3395123.062271054368466, 8426066.725926185026765 ], [ 3395168.728997136931866, 8426064.402084201574326 ], [ 3395214.132450019475073, 8426058.982068218290806 ], [ 3395259.062955498229712, 8426050.490908144041896 ], [ 3395303.313022851478308, 8426038.967816350981593 ], [ 3395346.678304194938391, 8426024.466006753966212 ], [ 3395388.958537458907813, 8426007.052448747679591 ], [ 3395429.958471059333533, 8425986.807559011504054 ], [ 3395469.488766312133521, 8425963.824829576537013 ], [ 3395507.366871118079871, 8425938.210394380614161 ], [ 3395543.417863368522376, 8425910.08254194073379 ], [ 3395577.475258469115943, 8425879.571167943999171 ], [ 3395609.381778358947486, 8425846.817173955962062 ], [ 3395638.990077649708837, 8425811.971819557249546 ], [ 3395666.163424755912274, 8425775.196021884679794 ], [ 3395690.776332224253565, 8425736.659611551091075 ], [ 3395753.630300944671035, 8425676.196753883734345 ], [ 3395812.347969192545861, 8425611.70943745598197 ], [ 3395866.672236442100257, 8425543.480026720091701 ], [ 3395916.365238308440894, 8425471.807269571349025 ], [ 3395961.209389447700232, 8425397.004992483183742 ], [ 3396001.008335470687598, 8425319.400724409148097 ], [ 3396035.587812918704003, 8425239.334262456744909 ], [ 3396064.796412533149123, 8425157.156186008825898 ], [ 3396088.506241356953979, 8425073.226319141685963 ], [ 3396096.152984960470349, 8425065.881138989701867 ], [ 3396104.289311819244176, 8425059.082275170832872 ], [ 3396112.876274942886084, 8425052.862273214384913 ], [ 3396121.872770189773291, 8425047.250906465575099 ], [ 3396131.235733031760901, 8425042.275035856291652 ], [ 3396140.920344709884375, 8425037.958479879423976 ], [ 3396150.880247115623206, 8425034.321900842711329 ], [ 3396161.067763804923743, 8425031.382706163451076 ], [ 3396171.43412935687229, 8425029.154965875670314 ], [ 3396181.929721951019019, 8425027.649343488737941 ], [ 3396192.504301070701331, 8425026.87304544262588 ], [ 3396203.107248305808753, 8425026.829788682982326 ], [ 3396213.687809466850013, 8425027.519780157133937 ], [ 3396224.195337295066565, 8425028.939716337248683 ], [ 3396234.579534530173987, 8425031.082800386473536 ], [ 3396244.790693878661841, 8425033.938774583861232 ], [ 3396254.779936432372779, 8425037.493967054411769 ], [ 3396264.499445795547217, 8425041.731359956786036 ], [ 3396273.90269637061283, 8425046.630670068785548 ], [ 3396282.944676637183875, 8425052.1684451084584 ], [ 3396291.582104563247412, 8425058.318177221342921 ], [ 3396299.773634314071387, 8425065.050427911803126 ], [ 3396307.480054616462439, 8425072.33297204785049 ], [ 3396314.664476394187659, 8425080.130949018523097 ], [ 3396321.292509012389928, 8425088.407031316310167 ], [ 3396327.332425697240978, 8425097.121603677049279 ], [ 3396332.755314185749739, 8425106.232950603589416 ] ] } },
{ "type": "Feature", "properties": { }, "geometry": { "type": "LineString", "coordinates": [ [ 3388562.994267713744193, 8421983.805614169687033 ], [ 3388662.223187617491931, 8421906.143385885283351 ], [ 3388756.476430807262659, 8421822.512491470202804 ], [ 3388845.39555799914524, 8421733.230975626036525 ], [ 3388928.642414688598365, 8421638.638369081541896 ], [ 3389005.900418281089514, 8421539.094403265044093 ], [ 3389076.875761031638831, 8421434.977636812254786 ], [ 3389141.298528108745813, 8421326.684020286425948 ], [ 3389198.923723510932177, 8421214.625387666746974 ], [ 3389249.532202151603997, 8421099.227890953421593 ], [ 3389263.030727352481335, 8421071.655810259282589 ], [ 3389278.390977022238076, 8421045.07588218152523 ], [ 3389295.540416121017188, 8421019.613625047728419 ], [ 3389314.398060798179358, 8420995.389276025816798 ], [ 3389334.874860643874854, 8420972.517230032011867 ], [ 3389356.874119281303138, 8420951.10549402050674 ], [ 3389380.291950702201575, 8420931.255178926512599 ], [ 3389405.017770170699805, 8420913.060023782774806 ], [ 3389430.934816121589392, 8420896.605949399992824 ], [ 3389457.920702218543738, 8420881.970657346770167 ], [ 3389485.847994207870215, 8420869.223258016631007 ], [ 3389514.584812640678138, 8420858.423947809264064 ], [ 3389543.995455145370215, 8420849.623724458739161 ], [ 3389573.941037535201758, 8420842.864144323393703 ], [ 3389604.280149340163916, 8420838.17712783627212 ], [ 3389634.869521736633033, 8420835.584807870909572 ], [ 3389665.564704298507422, 8420835.099426744505763 ], [ 3389696.220746755134314, 8420836.723276136443019 ], [ 3389726.692883848678321, 8420840.448687551543117 ], [ 3389756.837218522559851, 8420846.258069513365626 ], [ 3389786.511401891242713, 8420854.12398767285049 ], [ 3389815.575304984580725, 8420864.009297845885158 ], [ 3389843.891681193839759, 8420875.867319105193019 ], [ 3389871.326813458930701, 8420889.642055032774806 ], [ 3389897.751146316062659, 8420905.26845788769424 ], [ 3389923.039897679816931, 8420922.672735689207911 ], [ 3389947.073647617828101, 8420941.772701261565089 ], [ 3389969.738903164397925, 8420962.478159902617335 ], [ 3389990.928633210249245, 8420984.691334947943687 ], [ 3390010.542774643283337, 8421008.307331465184689 ], [ 3390028.488704686518759, 8421033.214628025889397 ], [ 3390028.488704686518759, 8421033.214628025889397 ], [ 3390464.176240002270788, 8421323.672984903678298 ], [ 3390464.176240002270788, 8421323.672984903678298 ], [ 3390939.471733074635267, 8421666.941952122375369 ] ] } },
{ "type": "Feature", "properties": { }, "geometry": { "type": "LineString", "coordinates": [ [ 3387071.094525570981205, 8423924.595544215291739 ], [ 3387056.849498040508479, 8423909.484331918880343 ], [ 3387043.706706882454455, 8423893.405259383842349 ], [ 3387031.731723904144019, 8423876.438547132536769 ], [ 3387020.984294175636023, 8423858.66884565167129 ], [ 3387011.518038510810584, 8423840.184810636565089 ], [ 3387003.380185722839087, 8423821.078662870451808 ], [ 3386996.611337065231055, 8423801.445725439116359 ], [ 3386991.245263576041907, 8423781.383950708433986 ], [ 3386987.308737396728247, 8423760.99343061260879 ], [ 3386984.821398615371436, 8423740.375897405669093 ], [ 3386983.795656919013709, 8423719.63421487621963 ], [ 3386984.236629962455481, 8423698.87186717800796 ], [ 3386986.142117619048804, 8423678.192440984770656 ], [ 3386989.502613186370581, 8423657.699110029265285 ], [ 3386994.301350473891944, 8423637.494119165465236 ], [ 3387000.514387845527381, 8423617.678274152800441 ], [ 3387008.110727190505713, 8423598.350440023466945 ], [ 3387017.052469133865088, 8423579.607046602293849 ], [ 3387027.295001863967627, 8423561.541608331725001 ], [ 3387038.787223338615149, 8423544.244256494566798 ], [ 3387051.471797108184546, 8423527.801290510222316 ], [ 3387065.285437583457679, 8423512.294747350737453 ], [ 3387080.159225940238684, 8423497.801991460844874 ], [ 3387096.018954395782202, 8423484.395330904051661 ], [ 3387112.785495876800269, 8423472.141652582213283 ], [ 3387130.375199198257178, 8423461.102092741057277 ], [ 3387148.70030629588291, 8423451.33172988705337 ], [ 3387167.669390081893653, 8423442.879310129210353 ], [ 3387187.187810301315039, 8423435.787003515288234 ], [ 3387207.158186316024512, 8423430.090195177122951 ], [ 3387227.48088228655979, 8423425.817307470366359 ], [ 3387248.054504751693457, 8423422.989658353850245 ], [ 3387268.776408433448523, 8423421.621355531737208 ], [ 3387289.543208002578467, 8423421.719225881621242 ], [ 3387310.251294254790992, 8423423.282781122252345 ], [ 3387330.797351002227515, 8423426.304220197722316 ], [ 3387351.07887029601261, 8423430.768468854948878 ], [ 3387370.994664191734046, 8423436.653254507109523 ], [ 3387390.445369125343859, 8423443.929215682670474 ], [ 3387409.333942301105708, 8423452.560052705928683 ], [ 3387427.566145374905318, 8423462.502703728154302 ], [ 3387501.679938037879765, 8423422.463548710569739 ], [ 3387572.979536111466587, 8423377.604263501241803 ], [ 3387641.151914834510535, 8423328.121792314574122 ], [ 3387705.897778510581702, 8423274.233376977965236 ], [ 3387766.932874917518348, 8423216.175602434203029 ], [ 3387823.989243030082434, 8423154.203358171507716 ], [ 3387876.816389734856784, 8423088.588720040395856 ], [ 3387925.182389219291508, 8423019.619753887876868 ], [ 3387968.874901373870671, 8422947.599252900108695 ] ] } },
{ "type": "Feature", "properties": { }, "geometry": { "type": "LineString", "coordinates": [ [ 3392312.54760194895789, 8431199.257118735462427 ], [ 3392326.300868395715952, 8431211.438545033335686 ], [ 3392340.851466208230704, 8431222.655478063970804 ], [ 3392356.131888985168189, 8431232.855878351256251 ], [ 3392372.071244716178626, 8431241.992421625182033 ], [ 3392388.595584034454077, 8431250.022720335051417 ], [ 3392405.628243922721595, 8431256.909517763182521 ], [ 3392423.090202927123755, 8431262.620863912627101 ], [ 3392440.900447725784034, 8431267.13026094250381 ], [ 3392458.976349353324622, 8431270.416788576170802 ], [ 3392477.234046339523047, 8431272.465198991820216 ], [ 3392495.588833689223975, 8431273.265988348051906 ], [ 3392513.955556034576148, 8431272.815442560240626 ], [ 3392532.249002694617957, 8431271.115650651976466 ], [ 3392550.384302854072303, 8431268.174499033018947 ], [ 3392568.277319341432303, 8431264.005632940679789 ], [ 3392585.845039252191782, 8431258.628394410014153 ], [ 3392603.00595882628113, 8431252.067729076370597 ], [ 3392633.819005212746561, 8431241.245399033650756 ], [ 3392663.822776497341692, 8431228.348099045455456 ], [ 3392692.87773036910221, 8431213.435811994597316 ], [ 3392720.848736643325537, 8431196.577892301604152 ], [ 3392747.605706810485572, 8431177.852743623778224 ], [ 3392773.02419865084812, 8431157.347453592345119 ], [ 3392796.985994815360755, 8431135.157388685271144 ], [ 3392819.379652857314795, 8431111.385751722380519 ], [ 3392840.101023673545569, 8431086.143100259825587 ], [ 3392859.053735494147986, 8431059.546834466978908 ], [ 3392876.149642228614539, 8431031.72064876370132 ], [ 3392891.309233665000647, 8431002.793957708403468 ], [ 3392904.462005018722266, 8430972.901295660063624 ], [ 3392915.546784877311438, 8430942.181687830016017 ], [ 3392924.512019872199744, 8430910.778006551787257 ], [ 3392931.316013931762427, 8430878.836304662749171 ], [ 3392935.927122830878943, 8430846.505137918516994 ], [ 3392938.323901295196265, 8430813.93487405590713 ], [ 3392938.495201944839209, 8430781.276991365477443 ], [ 3392936.440228342544287, 8430748.683376310393214 ], [ 3392932.168537735473365, 8430716.305616853758693 ], [ 3392925.699997066985816, 8430684.294296739622951 ], [ 3392917.064690531231463, 8430652.798294834792614 ], [ 3392906.302779397927225, 8430621.964093720540404 ], [ 3392893.46431570360437, 8430591.935099810361862 ], [ 3392891.635226204525679, 8430499.27920544333756 ], [ 3392884.696611096616834, 8430406.865376014262438 ], [ 3392872.669609903823584, 8430314.975161550566554 ], [ 3392855.590864061843604, 8430223.888517377898097 ], [ 3392833.512406399007887, 8430133.88295080140233 ], [ 3392806.501501872669905, 8430045.232675196602941 ], [ 3392774.640442435629666, 8429958.20777571387589 ], [ 3392774.640442435629666, 8429958.20777571387589 ], [ 3392774.640442435629666, 8429562.128198154270649 ], [ 3392779.910288117825985, 8429509.627168511971831 ], [ 3392788.650977032724768, 8429457.591317841783166 ], [ 3392800.824009656440467, 8429406.24984741024673 ], [ 3392816.375767707359046, 8429355.828896997496486 ], [ 3392835.237751006614417, 8429306.550555227324367 ], [ 3392857.326879024039954, 8429258.631876466795802 ], [ 3392882.545856475364417, 8429212.283925531432033 ], [ 3392910.783602356445044, 8429167.710849760100245 ], [ 3392941.91573917819187, 8429125.10897826962173 ], [ 3392975.805140137206763, 8429084.66595840267837 ], [ 3393012.302534222137183, 8429046.559926984831691 ], [ 3393051.247162580024451, 8429010.958729265257716 ], [ 3393092.467487453948706, 8428978.019175527617335 ], [ 3393135.781947254668921, 8428947.886353490874171 ], [ 3393180.999756472650915, 8428920.69298810698092 ], [ 3393227.921746157109737, 8428896.558857774361968 ], [ 3393276.34124067844823, 8428875.590263716876507 ] ] } },
{ "type": "Feature", "properties": { }, "geometry": { "type": "LineString", "coordinates": [ [ 3393329.151851019822061, 8430882.393456688150764 ], [ 3393329.151851019822061, 8430789.97488858923316 ], [ 3393329.151851019822061, 8430261.868785176426172 ], [ 3393314.574640185572207, 8430249.202803758904338 ], [ 3393300.896004659123719, 8430235.571329768747091 ], [ 3393288.179752468597144, 8430221.037951467558742 ], [ 3393276.485202788840979, 8430205.670464036986232 ], [ 3393265.8669084305875, 8430189.540554521605372 ], [ 3393256.374401926528662, 8430172.723465440794826 ], [ 3393248.051964044105262, 8430155.297646043822169 ], [ 3393240.938417434226722, 8430137.344384191557765 ], [ 3393235.066945433150977, 8430118.94742870144546 ], [ 3393230.464937328826636, 8430100.192597387358546 ], [ 3393227.153860806953162, 8430081.167379377409816 ], [ 3393225.149161338340491, 8430061.960522649809718 ], [ 3393224.460190534126014, 8430042.661624429747462 ], [ 3393225.090162157546729, 8430023.360710142180324 ], [ 3393227.03613769961521, 8430004.147814748808742 ], [ 3393230.289039492141455, 8429985.112563608214259 ], [ 3393234.833693265449256, 8429966.343752382323146 ], [ 3393240.648899077903479, 8429947.928933618590236 ], [ 3393247.707530140411109, 8429929.95401000790298 ], [ 3393255.976659059058875, 8429912.502830503508449 ], [ 3393265.417712091933936, 8429895.656801698729396 ], [ 3393275.986648320686072, 8429879.494507787749171 ], [ 3393287.63416552497074, 8429864.091342447325587 ], [ 3393300.305930375587195, 8429849.519158838316798 ], [ 3393313.942831277381629, 8429835.845933435484767 ], [ 3393328.481254577171057, 8429823.135449407622218 ], [ 3393343.853381275665015, 8429811.446998594328761 ], [ 3393359.987503051292151, 8429800.835105894133449 ], [ 3393376.808357476722449, 8429791.349273202940822 ], [ 3393394.237478017341346, 8429783.033750532194972 ], [ 3393412.193561315070838, 8429775.927328584715724 ], [ 3393430.592845320235938, 8429770.063157556578517 ], [ 3393449.34950087685138, 8429765.468591388314962 ], [ 3393468.376031429506838, 8429762.165064482018352 ], [ 3393487.583682043943554, 8429760.167986933141947 ], [ 3393532.958136359695345, 8429720.695751896128058 ], [ 3393575.434622469823807, 8429678.120564693585038 ], [ 3393614.801438569556922, 8429632.6546192150563 ], [ 3393650.86238121939823, 8429584.52451610378921 ], [ 3393683.437723636161536, 8429533.970134256407619 ], [ 3393712.365111231338233, 8429481.243436334654689 ], [ 3393737.500370502006263, 8429426.607210634276271 ], [ 3393758.718227982055396, 8429370.333762167021632 ], [ 3393775.91293442202732, 8429312.703557489439845 ], [ 3393788.998791694175452, 8429254.003823278471828 ], [ 3393797.910580276977271, 8429194.527118204161525 ], [ 3393802.60388410044834, 8429134.569872377440333 ], [ 3393803.055311623495072, 8429074.430910820141435 ], [ 3393799.262613216880709, 8429014.409965744242072 ], [ 3393791.244691506493837, 8428954.806179227307439 ], [ 3393836.235044635366648, 8428859.146008148789406 ], [ 3393874.332039486151189, 8428760.537595074623823 ], [ 3393905.344047307502478, 8428659.476942060515285 ], [ 3393929.115076660644263, 8428556.472387311980128 ], [ 3393945.525558948051184, 8428452.042045591399074 ], [ 3393954.492949008475989, 8428346.71120405010879 ], [ 3393955.972140442114323, 8428241.009680073708296 ], [ 3393949.955693162512034, 8428135.469154015183449 ], [ 3393936.473869945388287, 8428030.62049825489521 ], [ 3393874.064603742212057, 8427908.505836131051183 ], [ 3393814.793942486867309, 8427784.837344450876117 ], [ 3393758.700540661346167, 8427659.695675371214747 ], [ 3393705.820980309974402, 8427533.162441728636622 ], [ 3393656.189747607335448, 8427405.320164008066058 ], [ 3393609.83921068534255, 8427276.252217413857579 ], [ 3393566.79959755577147, 8427146.042775036767125 ], [ 3393585.892340251710266, 8427129.796940146014094 ], [ 3393606.087653694674373, 8427114.944018183276057 ], [ 3393627.284125327598304, 8427101.558595178648829 ], [ 3393649.375315188895911, 8427089.707886217162013 ], [ 3393672.250290274154395, 8427079.451400754973292 ], [ 3393695.794181823264807, 8427070.840643404051661 ], [ 3393719.888762115966529, 8427063.91885375790298 ], [ 3393744.41303789569065, 8427058.720789907500148 ], [ 3393769.243858336936682, 8427055.272554395720363 ], [ 3393794.256533264648169, 8427053.591462610289454 ], [ 3393819.325459122192115, 8427053.68595695309341 ], [ 3393844.324749946128577, 8427055.555562494322658 ], [ 3393869.128869771491736, 8427059.190891264006495 ], [ 3393893.6132622952573, 8427064.573687551543117 ], [ 3393917.654976963531226, 8427071.676921365782619 ], [ 3393941.133285998832434, 8427080.464923379942775 ], [ 3393963.930290936958045, 8427090.893563268706203 ], [ 3393985.931514620315284, 8427102.91047334484756 ], [ 3394007.026475905906409, 8427116.455309389159083 ], [ 3394027.109244465362281, 8427131.460054872557521 ], [ 3394046.078972816001624, 8427147.849361417815089 ], [ 3394063.840402841102332, 8427165.54092931561172 ], [ 3394080.304343819152564, 8427184.445918558165431 ], [ 3394095.388120531570166, 8427204.46939611248672 ], [ 3394109.015988468658179, 8427225.510812280699611 ], [ 3394121.119513988029212, 8427247.464505193755031 ], [ 3394131.63791817240417, 8427270.220232782885432 ], [ 3394140.51838202169165, 8427293.663725195452571 ], [ 3394147.716311310883611, 8427317.677258646115661 ] ] } },
{ "type": "Feature", "properties": { }, "geometry": { "type": "LineString", "coordinates": [ [ 3391295.943352879025042, 8429628.141461081802845 ], [ 3391398.837568609975278, 8429578.332368690520525 ], [ 3391504.557517567649484, 8429534.84147609770298 ], [ 3391612.715658425819129, 8429497.828209875151515 ], [ 3391722.915512203704566, 8429467.428250310942531 ], [ 3391834.753115573897958, 8429443.753035202622414 ], [ 3391947.818501680158079, 8429426.889352638274431 ], [ 3392061.697202828712761, 8429416.899019716307521 ] ] } },
{ "type": "Feature", "properties": { }, "geometry": { "type": "LineString", "coordinates": [ [ 3365095.27929727640003, 8429572.030187588185072 ], [ 3365113.467125829309225, 8429581.111078498885036 ], [ 3365130.983767589088529, 8429591.427422549575567 ], [ 3365147.745431303512305, 8429602.929871080443263 ], [ 3365163.671937465202063, 8429615.563401697203517 ], [ 3365178.687101125251502, 8429629.267581460997462 ], [ 3365192.719097017776221, 8429643.976856706663966 ], [ 3365205.700802921783179, 8429659.620865343138576 ], [ 3365217.570120572578162, 8429676.124773500487208 ], [ 3365228.270272850524634, 8429693.409635065123439 ], [ 3365237.750075339805335, 8429711.392766950652003 ], [ 3365245.964181303512305, 8429729.988146780058742 ], [ 3365252.873298286926001, 8429749.10682344250381 ], [ 3365258.444376587402076, 8429768.65734195522964 ], [ 3365262.650766849052161, 8429788.546182153746486 ], [ 3365265.472347458358854, 8429808.678205516189337 ], [ 3365266.895621594041586, 8429828.957110164687037 ], [ 3365266.913780885748565, 8429849.285891881212592 ], [ 3365292.739329096861184, 8429947.063978929072618 ], [ 3365321.968009819276631, 8430043.879253586754203 ], [ 3365354.564076423179358, 8430139.613310812041163 ], [ 3365390.487663626205176, 8430234.149066446349025 ], [ 3365429.694836487062275, 8430327.370902737602592 ], [ 3365472.137644645757973, 8430419.164809484034777 ], [ 3365517.764180006925017, 8430509.418521147221327 ], [ 3365519.346873449161649, 8430559.555099094286561 ], [ 3365524.565937541425228, 8430609.444404115900397 ], [ 3365533.393818139564246, 8430658.823042390868068 ], [ 3365545.783907413017005, 8430707.430315969511867 ], [ 3365561.670791409909725, 8430755.009600153192878 ], [ 3365580.970594452694058, 8430801.309696758165956 ], [ 3365603.581421811599284, 8430846.086162073537707 ], [ 3365603.581421811599284, 8430846.086162073537707 ], [ 3365742.209273957647383, 8431090.335234902799129 ], [ 3365742.209273957647383, 8431090.335234902799129 ], [ 3365742.209273957647383, 8431090.335234902799129 ], [ 3365841.229168348014355, 8431235.564413340762258 ], [ 3365841.229168348014355, 8431235.564413340762258 ] ] } },
{ "type": "Feature", "properties": { }, "geometry": { "type": "LineString", "coordinates": [ [ 3367966.856234586797655, 8432337.985904218629003 ], [ 3367966.856234586797655, 8432337.985904218629003 ], [ 3367960.254908294416964, 8432331.384577926248312 ], [ 3367920.75393411051482, 8432305.168650601059198 ], [ 3367879.516520692966878, 8432281.77896093018353 ], [ 3367836.744540571700782, 8432261.330010889098048 ], [ 3367792.64737844420597, 8432243.921905992552638 ], [ 3367747.440906166564673, 8432229.639864442870021 ], [ 3367701.346426367294043, 8432218.553802965208888 ], [ 3367654.589588403236121, 8432210.717991350218654 ], [ 3367607.399284481536597, 8432206.170788763090968 ], [ 3367560.006528496276587, 8432204.934455869719386 ], [ 3367512.643325685989112, 8432207.01504516415298 ], [ 3367465.541536330711097, 8432212.402370927855372 ], [ 3367418.93174123717472, 8432221.070060251280665 ], [ 3367373.042112588416785, 8432232.975681303068995 ], [ 3367328.097297191154212, 8432248.060952661558986 ], [ 3367284.317316486500204, 8432266.252024875953794 ], [ 3367241.916489685885608, 8432287.459847424179316 ], [ 3367201.102384637109935, 8432311.58059904910624 ], [ 3367172.287064445205033, 8432321.704019697383046 ], [ 3367144.234188242815435, 8432333.780544511973858 ], [ 3367117.075957655441016, 8432347.753261564299464 ], [ 3367090.940358280669898, 8432363.55632352642715 ], [ 3367065.950556754600257, 8432381.11525678448379 ], [ 3367042.22431969596073, 8432400.347313402220607 ], [ 3367019.873459338676184, 8432421.161859987303615 ], [ 3366999.00330614997074, 8432443.460806844756007 ], [ 3366979.712212562095374, 8432467.139067647978663 ], [ 3366962.091089725028723, 8432492.085055826231837 ], [ 3366946.222978949081153, 8432518.181212423369288 ], [ 3366932.182659983169287, 8432545.304555891081691 ], [ 3366920.036299108993262, 8432573.327265260741115 ], [ 3366909.841137408744544, 8432602.117280958220363 ], [ 3366901.645220398437232, 8432631.538927076384425 ], [ 3366895.487172126304358, 8432661.453551290556788 ], [ 3366891.396012901794165, 8432691.720178602263331 ], [ 3366889.39102280093357, 8432722.196174619719386 ], [ 3366889.481650471221656, 8432752.737918375059962 ], [ 3366891.667468785773963, 8432783.201478956267238 ], [ 3366895.93817691411823, 8432813.443293325603008 ], [ 3366902.273648631758988, 8432843.32084527797997 ], [ 3366910.644027759786695, 8432872.693333925679326 ], [ 3366910.644027759786695, 8432872.693333925679326 ], [ 3366910.644027759786695, 8432872.693333925679326 ], [ 3366907.285011331550777, 8432914.069290466606617 ], [ 3366901.058000594843179, 8432955.111671639606357 ], [ 3366891.993120193015784, 8432995.621926305815578 ], [ 3366880.134223699104041, 8433035.404074190184474 ], [ 3366865.538681625854224, 8433074.26566076092422 ], [ 3366848.277103423606604, 8433112.018682954832911 ], [ 3366828.43299627257511, 8433148.480500696226954 ], [ 3366806.10236096335575, 8433183.474720953032374 ], [ 3366781.393227457534522, 8433216.832051275297999 ], [ 3366754.425132512580603, 8433248.391116617247462 ], [ 3366725.328540920745581, 8433277.99924230389297 ], [ 3366694.24421453429386, 8433305.513191221281886 ], [ 3366661.322531699668616, 8433330.799858568236232 ], [ 3366626.722759127151221, 8433353.736913679167628 ], [ 3366590.61228182958439, 8433374.213391972705722 ], [ 3366553.165793220512569, 8433392.1302345469594 ], [ 3366514.564450199715793, 8433407.400763630867004 ], [ 3366505.750535001512617, 8433414.165698252618313 ], [ 3366496.490793539211154, 8433420.306270830333233 ], [ 3366486.829374908935279, 8433425.793203828856349 ], [ 3366476.812343358527869, 8433430.600336072966456 ], [ 3366466.487458705436438, 8433434.704748628661036 ], [ 3366455.903948425780982, 8433438.086871145293117 ], [ 3366445.112273334991187, 8433440.7305788975209 ], [ 3366434.163886427413672, 8433442.623266695067286 ], [ 3366423.11098813964054, 8433443.755910871550441 ], [ 3366412.006277083884925, 8433444.123110769316554 ], [ 3366400.9026989932172, 8433443.723115919157863 ], [ 3366389.85319411708042, 8433442.557833192870021 ], [ 3366378.910444855224341, 8433440.632818220183253 ], [ 3366368.126624702941626, 8433437.95725011639297 ], [ 3366357.553149342071265, 8433434.543885229155421 ], [ 3366347.240431546699256, 8433430.408997533842921 ], [ 3366337.237641095649451, 8433425.572301862761378 ], [ 3366327.592469691764563, 8433420.056858537718654 ], [ 3366318.35090410662815, 8433413.888965604826808 ], [ 3366309.557006835471839, 8433407.09802913479507 ], [ 3366301.252705931197852, 8433399.716428278014064 ], [ 3366293.477595209609717, 8433391.779357431456447 ], [ 3366286.268745183479041, 8433383.324659345671535 ], [ 3366279.660526513587683, 8433374.392644403502345 ], [ 3366273.684446453582495, 8433365.025899408385158 ], [ 3366268.368997931014746, 8433355.26908397488296 ], [ 3366263.739524364005774, 8433345.168716905638576 ], [ 3366259.818098425399512, 8433334.772954938933253 ], [ 3366256.623416780959815, 8433324.131364343687892 ], [ 3366254.170711278449744, 8433313.294682024046779 ], [ 3366252.471676110755652, 8433302.314576623961329 ], [ 3366251.534412025939673, 8433291.243398664519191 ], [ 3366251.363387703429908, 8433280.133934495970607 ], [ 3366251.959418653976172, 8433269.039152620360255 ], [ 3366253.319663047324866, 8433258.011950490996242 ], [ 3366255.437635302077979, 8433247.104905603453517 ], [ 3366258.303237437736243, 8433236.370019910857081 ], [ 3366261.902806519996375, 8433225.8584766369313 ], [ 3366266.219180418178439, 8433215.620392553508282 ], [ 3366271.231779327150434, 8433205.704581938683987 ], [ 3366276.916703663766384, 8433196.15832226537168 ], [ 3366273.475600543897599, 8433150.288319347426295 ], [ 3366267.328105955384672, 8433104.70206430926919 ], [ 3366258.495734571944922, 8433059.559096334502101 ], [ 3366247.009397267829627, 8433015.017403123900294 ], [ 3366232.909293174277991, 8432971.232869146391749 ], [ 3366216.244768619071692, 8432928.358727930113673 ], [ 3366197.074144869111478, 8432886.545027051120996 ], [ 3366175.464514199178666, 8432845.938103912398219 ], [ 3366151.491504102945328, 8432806.68007099814713 ], [ 3365933.647736445069313, 8432833.085376169532537 ], [ 3365933.647736445069313, 8432833.085376169532537 ], [ 3365814.823863176628947, 8433064.131796412169933 ], [ 3365814.823863176628947, 8433064.131796412169933 ] ] } },
{ "type": "Feature", "properties": { }, "geometry": { "type": "LineString", "coordinates": [ [ 3351793.606817547697574, 8439170.358617128804326 ], [ 3352015.494223935995251, 8439121.409275883808732 ], [ 3352237.978371099103242, 8439075.248000849038363 ], [ 3352461.024228214751929, 8439031.882061002776027 ], [ 3352684.596675157081336, 8438991.318283556029201 ], [ 3352908.660509542096406, 8438953.563055742532015 ], [ 3353133.180451496038586, 8438918.622323388233781 ], [ 3353358.121148910373449, 8438886.50158654525876 ], [ 3353580.157721953466535, 8438836.919776106253266 ], [ 3353802.373351232614368, 8438788.146732527762651 ], [ 3354024.765091061126441, 8438740.183102605864406 ], [ 3354247.32999288989231, 8438693.029521940276027 ], [ 3354470.065106050577015, 8438646.686615187674761 ], [ 3354692.967478232458234, 8438601.154997492209077 ], [ 3354916.034153980202973, 8438556.435271911323071 ], [ 3355058.277963332366198, 8438482.914250968024135 ], [ 3355198.808010771404952, 8438406.168256981298327 ], [ 3355337.551191329490393, 8438326.237214086577296 ], [ 3355474.435329794418067, 8438243.16270255856216 ], [ 3355609.389217689167708, 8438156.987938625738025 ], [ 3355742.342651061248034, 8438067.757750628516078 ], [ 3355873.226466417312622, 8437975.518558155745268 ] ] } },
{ "type": "Feature", "properties": { }, "geometry": { "type": "LineString", "coordinates": [ [ 3332603.551284759771079, 8446524.236107157543302 ], [ 3332022.634571005124599, 8446801.491811450570822 ], [ 3332022.634571005124599, 8446801.491811450570822 ], [ 3332011.993717122357339, 8446871.168298356235027 ], [ 3331996.460644504521042, 8446939.919765759259462 ], [ 3331976.112860202323645, 8447007.403158662840724 ], [ 3331951.051895021926612, 8447073.281748769804835 ], [ 3331921.402797936927527, 8447137.226816652342677 ], [ 3331887.313511609565467, 8447198.919289110228419 ], [ 3331848.954134344588965, 8447258.05133437924087 ], [ 3331806.516071319114417, 8447314.327896593138576 ], [ 3331760.211079358588904, 8447367.468166826292872 ], [ 3331710.27021038485691, 8447417.206986902281642 ], [ 3331656.942658900748938, 8447463.296170709654689 ], [ 3331600.494517921935767, 8447505.505743024870753 ], [ 3331541.207451602909714, 8447543.625087071210146 ], [ 3331479.377289939206094, 8447577.463995091617107 ], [ 3331415.312552079558372, 8447606.853619154542685 ], [ 3331389.633284681942314, 8447579.253013169392943 ], [ 3331362.126272055786103, 8447553.473516261205077 ], [ 3331332.920359253417701, 8447529.635880945250392 ], [ 3331302.152348517905921, 8447507.851764200255275 ], [ 3331269.966359734069556, 8447488.223205087706447 ], [ 3331236.513154267799109, 8447470.842144487425685 ], [ 3331201.949429511558264, 8447455.789997098967433 ], [ 3331166.437084197532386, 8447443.137268064543605 ], [ 3331130.142461061012, 8447432.943223951384425 ], [ 3331093.235566377174109, 8447425.25561380200088 ], [ 3331055.889275073539466, 8447420.110447404906154 ], [ 3331018.278519629966468, 8447417.531825063750148 ], [ 3330980.579471706878394, 8447417.531825063750148 ], [ 3330942.968716382514685, 8447420.110447404906154 ], [ 3330905.622424959670752, 8447425.25561380200088 ], [ 3330868.715530395042151, 8447432.943223951384425 ], [ 3330832.420907139312476, 8447443.137268064543605 ], [ 3330796.908561944495887, 8447455.789997098967433 ], [ 3330762.344837069045752, 8447470.842144487425685 ], [ 3330728.891631721984595, 8447488.223205087706447 ], [ 3330696.705642818938941, 8447507.851764200255275 ], [ 3330665.937632202636451, 8447529.635880945250392 ], [ 3330636.731719228904694, 8447553.473516261205077 ], [ 3330609.224706643726677, 8447579.253013169392943 ], [ 3330583.54543920326978, 8447606.853619154542685 ] ] } },
{ "type": "Feature", "properties": { }, "geometry": { "type": "LineString", "coordinates": [ [ 3324206.664240485522896, 8449059.145403539761901 ], [ 3324241.990193598903716, 8449145.360606636852026 ], [ 3324271.980445547029376, 8449233.573808211833239 ], [ 3324296.522851109039038, 8449323.455144880339503 ], [ 3324315.525635957252234, 8449414.668511865660548 ], [ 3324328.917741103097796, 8449506.872826594859362 ], [ 3324336.64908813778311, 8449599.723300900310278 ], [ 3324338.690766339190304, 8449692.872727636247873 ], [ 3324324.597670495975763, 8449824.434370907023549 ], [ 3324312.68304292531684, 8449956.211163036525249 ], [ 3324302.950144767295569, 8450088.167034147307277 ], [ 3324295.40164005709812, 8450220.265865800902247 ], [ 3324290.039595049340278, 8450352.471500389277935 ], [ 3324286.865477383602411, 8450484.747750194743276 ], [ 3324285.880155997816473, 8450617.058408610522747 ], [ 3324285.880155997816473, 8450617.058408610522747 ], [ 3324391.501376680564135, 8451277.191037876531482 ], [ 3324388.881976921577007, 8451363.575883831828833 ], [ 3324380.093271324876696, 8451449.552400121465325 ], [ 3324365.180240392219275, 8451534.680564878508449 ], [ 3324344.219208240043372, 8451618.524693487212062 ], [ 3324317.31745238089934, 8451700.655675897374749 ], [ 3324284.612655241508037, 8451780.653170552104712 ], [ 3324246.272198241204023, 8451858.107751632109284 ], [ 3324294.712865948211402, 8451973.14943647198379 ], [ 3324335.54014742327854, 8452091.10799097828567 ], [ 3324368.579866170417517, 8452211.480182645842433 ], [ 3324393.691068648826331, 8452333.752481458708644 ], [ 3324410.766625880729407, 8452457.403251169249415 ], [ 3324419.733690261375159, 8452581.90497493557632 ], [ 3324420.554006814491004, 8452706.726505754515529 ], [ 3324413.224075793754309, 8452831.335332391783595 ], [ 3324397.775168180000037, 8452955.199850080534816 ], [ 3324374.273191689979285, 8453077.791630266234279 ], [ 3324342.818410276900977, 8453198.587674139067531 ], [ 3324303.545015573035926, 8453317.07264375500381 ], [ 3324256.620555161964148, 8453432.741059539839625 ], [ 3324202.245217442046851, 8453545.099460599943995 ], [ 3324140.650977558456361, 8453653.668503237888217 ] ] } },
{ "type": "Feature", "properties": { }, "geometry": { "type": "LineString", "coordinates": [ [ 3337356.506215481553227, 8457139.168785769492388 ], [ 3337108.558457285631448, 8457206.599917789921165 ], [ 3336858.58914039330557, 8457266.101084884256124 ], [ 3336606.851815342437476, 8457317.611934183165431 ], [ 3336353.601826548110694, 8457361.080215929076076 ], [ 3336099.096052386332303, 8457396.461838897317648 ], [ 3335843.592645079363137, 8457423.720915695652366 ], [ 3335587.35076904669404, 8457442.82979523204267 ], [ 3335487.063002830836922, 8457439.70008023455739 ], [ 3335387.206103514414281, 8457429.900549210608006 ], [ 3335288.223164915572852, 8457413.474685667082667 ], [ 3335190.553402542602271, 8457390.495375154539943 ], [ 3335094.630205630790442, 8457361.064584730193019 ], [ 3335000.879212855827063, 8457325.312906263396144 ], [ 3334909.716424464713782, 8457283.39898013882339 ], [ 3334821.546355962287635, 8457235.508791444823146 ], [ 3334736.760243296157569, 8457181.854842184111476 ], [ 3334655.734307050239295, 8457122.675210950896144 ], [ 3334578.828082393389195, 8457058.232493676245213 ], [ 3334506.382824546191841, 8456988.812641937285662 ], [ 3334438.719994122162461, 8456914.723691819235682 ], [ 3334372.92976917559281, 8456945.945372955873609 ], [ 3334309.416221702937037, 8456981.570873903110623 ], [ 3334248.47369873477146, 8457021.435093400999904 ], [ 3334190.384632229339331, 8457065.35328340344131 ], [ 3334135.418229937087744, 8457113.121910093352199 ], [ 3334083.829228162299842, 8457164.519594190642238 ], [ 3334035.856710791122168, 8457219.308139322325587 ], [ 3333991.723001598846167, 8457277.233632562682033 ], [ 3333951.632633685600013, 8457338.027624605223536 ], [ 3333915.77140188170597, 8457401.408371923491359 ], [ 3333884.305501460563391, 8457467.082142351195216 ], [ 3333857.380757689010352, 8457534.744578359648585 ], [ 3333835.121950829867274, 8457604.082104848697782 ], [ 3333817.632236736360937, 8457674.773384468629956 ], [ 3333804.99267002614215, 8457746.490804694592953 ] ] } },
{ "type": "Feature", "properties": { }, "geometry": { "type": "LineString", "coordinates": [ [ 3333290.089219197630882, 8458565.055264985188842 ], [ 3333237.894902684725821, 8458404.894425809383392 ], [ 3333181.005303762387484, 8458246.340603107586503 ], [ 3333119.469799160491675, 8458089.531411645933986 ], [ 3333053.341796993743628, 8457934.60294914059341 ], [ 3332982.678691885899752, 8457781.689683670178056 ], [ 3332907.54181466344744, 8457630.924333989620209 ], [ 3332827.996378710959107, 8457482.437752988189459 ], [ 3332822.402379752602428, 8457431.867053745314479 ], [ 3332813.297449660487473, 8457381.809200534597039 ], [ 3332800.725868701469153, 8457332.50764131359756 ], [ 3332784.748776554595679, 8457284.202145097777247 ], [ 3332765.443875193130225, 8457237.127637861296535 ], [ 3332742.905050634872168, 8457191.513059137389064 ], [ 3332717.241916656028479, 8457147.580246923491359 ], [ 3332688.57928168727085, 8457105.542861459776759 ], [ 3332657.056541442405432, 8457065.605343816801906 ], [ 3332622.827001690398902, 8457027.961924551054835 ], [ 3332586.057131766807288, 8456992.795674799010158 ], [ 3332546.925755857955664, 8456960.277620790526271 ], [ 3332505.623182773124427, 8456930.565907953307033 ], [ 3332462.35028052283451, 8456903.805034158751369 ], [ 3332417.317499637138098, 8456880.125146387144923 ], [ 3332370.743849396239966, 8456859.641408441588283 ], [ 3332322.855832814704627, 8456842.453438280150294 ], [ 3332273.886345386039466, 8456828.644827840849757 ], [ 3332224.07354164076969, 8456818.282732484862208 ], [ 3332173.659677981864661, 8456811.417546747252345 ], [ 3332122.889933585654944, 8456808.082657812163234 ], [ 3332072.011218547355384, 8456808.294284818693995 ], [ 3332021.270972847472876, 8456812.051397798582911 ], [ 3331970.915963172446936, 8456819.335725782439113 ], [ 3331921.191082549281418, 8456830.11184192635119 ], [ 3331872.33815956255421, 8456844.327338932082057 ], [ 3331824.594782225321978, 8456861.913081476464868 ], [ 3331626.593287205323577, 8456803.814762225374579 ], [ 3331425.545216520316899, 8456757.342405060306191 ], [ 3331222.132587670814246, 8456722.653658388182521 ], [ 3331017.045439481269568, 8456699.866197584196925 ], [ 3330810.979491312988102, 8456689.057324150577188 ], [ 3330604.633782839402556, 8456690.263705840334296 ], [ 3330398.708303008694202, 8456703.481250453740358 ] ] } },
{ "type": "Feature", "properties": { }, "geometry": { "type": "LineString", "coordinates": [ [ 3323058.033465557731688, 8448309.894869321957231 ], [ 3323171.824657490942627, 8448449.555949050933123 ], [ 3323276.795955469366163, 8448595.961820393800735 ], [ 3323372.548601626884192, 8448748.556326864287257 ], [ 3323458.718857168685645, 8448906.759801862761378 ], [ 3323534.979384302627295, 8449069.971273897215724 ], [ 3323601.04048991156742, 8449237.570745466277003 ], [ 3323656.651225447189063, 8449408.921551225706935 ], [ 3323701.600340485107154, 8449583.372775552794337 ], [ 3323735.717085411306471, 8449760.261724263429642 ], [ 3323758.871859839651734, 8449938.916444141417742 ], [ 3323770.976705166045576, 8450118.658273512497544 ], [ 3323770.674572886899114, 8450422.996642395853996 ], [ 3323764.808506506960839, 8450727.278621915727854 ], [ 3323753.380466818343848, 8451031.402501104399562 ], [ 3323736.394273757468909, 8451335.266620634123683 ], [ 3323713.855605382006615, 8451638.769408468157053 ], [ 3323685.771995605900884, 8451941.809413716197014 ], [ 3323652.152831898070872, 8452244.285339752212167 ], [ 3323643.685531733557582, 8452321.807983230799437 ], [ 3323630.109365379903466, 8452398.600841255858541 ], [ 3323611.483788609039038, 8452474.327608583495021 ], [ 3323587.89036977244541, 8452548.656647203490138 ], [ 3323559.432434081565589, 8452621.262441156432033 ], [ 3323526.234609841834754, 8452691.827020166441798 ], [ 3323488.442283749114722, 8452760.041355131193995 ], [ 3323446.220963119994849, 8452825.606707571074367 ], [ 3323399.755551814567298, 8452888.235941408202052 ], [ 3323349.249540328513831, 8452947.65477847866714 ], [ 3323294.92411446524784, 8453003.603000162169337 ], [ 3323237.017186760436743, 8453055.835586545988917 ], [ 3323175.782354473602027, 8453104.12379121594131 ], [ 3323111.487789272796363, 8453148.256140707060695 ], [ 3323044.415062307845801, 8453188.039361951872706 ], [ 3322974.857911824714392, 8453223.299228666350245 ], [ 3322903.120955741498619, 8453253.881323071196675 ], [ 3322829.518358943983912, 8453279.651715587824583 ], [ 3322754.372456094715744, 8453300.497546579688787 ], [ 3322644.164546426385641, 8453406.453813578933477 ], [ 3322542.167070233263075, 8453520.335457557812333 ], [ 3322448.94831883860752, 8453641.507972238585353 ], [ 3322365.027671694289893, 8453769.296230314299464 ], [ 3322290.872703039087355, 8453902.988243812695146 ], [ 3322226.896576341241598, 8454041.839131858199835 ], [ 3322173.455742340069264, 8454185.075269795954227 ] ] } },
{ "type": "Feature", "properties": { }, "geometry": { "type": "LineString", "coordinates": [ [ 3297887.176311610732228, 8450858.006818294525146 ], [ 3298119.324822572059929, 8450812.829395776614547 ], [ 3298352.700559637043625, 8450774.492781901732087 ], [ 3298587.101987242233008, 8450743.030082700774074 ], [ 3298822.326683520805091, 8450718.468467710539699 ], [ 3299058.171515962574631, 8450700.829148078337312 ], [ 3299294.432816890068352, 8450690.127356057986617 ], [ 3299530.906558485236019, 8450686.372334685176611 ], [ 3299537.507884778082371, 8450686.372334685176611 ], [ 3300521.105502385646105, 8450686.372334685176611 ] ] } },
{ "type": "Feature", "properties": { }, "geometry": { "type": "LineString", "coordinates": [ [ 3303524.708965549245477, 8450785.39222907833755 ], [ 3303594.977242245338857, 8450768.22108156606555 ], [ 3303666.16768012335524, 8450755.399203225970268 ], [ 3303738.011345982085913, 8450746.975030420348048 ], [ 3303810.236838936340064, 8450742.980386255308986 ], [ 3303882.571315764915198, 8450743.430361745879054 ], [ 3303954.741521358024329, 8450748.323257444426417 ], [ 3304026.474821567069739, 8450757.640588758513331 ], [ 3304097.500232219230384, 8450771.347157953307033 ], [ 3304167.549443581607193, 8450789.391187116503716 ], [ 3304236.357833757065237, 8450811.704511474817991 ], [ 3304303.665468084160239, 8450838.20283941924572 ], [ 3304303.665468084160239, 8450838.20283941924572 ], [ 3304805.366266326978803, 8451155.066501466557384 ], [ 3305359.877674911171198, 8451973.630961759015918 ], [ 3305359.877674911171198, 8451973.630961759015918 ], [ 3305901.186430910136551, 8452369.710539318621159 ], [ 3305901.186430910136551, 8452369.710539318621159 ], [ 3306044.677062577567995, 8452371.960774524137378 ], [ 3306187.935661900788546, 8452380.422375181689858 ], [ 3306330.693480014335364, 8452395.079466817900538 ], [ 3306472.682707428466529, 8452415.904553411528468 ], [ 3306613.636976707726717, 8452442.858567694202065 ], [ 3306753.291861957870424, 8452475.890945060178638 ], [ 3306891.385374810546637, 8452514.939717756584287 ] ] } },
{ "type": "Feature", "properties": { }, "geometry": { "type": "LineString", "coordinates": [ [ 3293952.785841177683324, 8454072.852722825482488 ], [ 3293941.342114438302815, 8454031.371277440339327 ], [ 3293932.660045178607106, 8453989.225211817771196 ], [ 3293926.777464985381812, 8453946.598173616454005 ], [ 3293923.720006465446204, 8453903.675905225798488 ], [ 3293923.500992297660559, 8453860.645436761900783 ], [ 3293926.121376752387732, 8453817.694269655272365 ], [ 3293931.56974172545597, 8453775.009559152647853 ], [ 3293939.822346567641944, 8453732.777300355955958 ], [ 3293950.843231319915503, 8453691.181515691801906 ], [ 3293964.584373473655432, 8453650.403455732390285 ], [ 3293980.985897421371192, 8453610.620806215330958 ], [ 3293999.976334809791297, 8453572.006916997954249 ], [ 3294021.472936868201941, 8453534.730043409392238 ], [ 3294045.382034062873572, 8453498.952617166563869 ], [ 3294071.599444746505469, 8453464.830533979460597 ], [ 3294100.010929107200354, 8453432.512477872893214 ], [ 3294130.492686867248267, 8453402.139272211119533 ], [ 3294162.911896347533911, 8453373.843265054747462 ], [ 3294197.127294182311743, 8453347.747753141447902 ], [ 3294232.989789962302893, 8453323.966445920988917 ], [ 3294270.343116076663136, 8453302.602967459708452 ], [ 3294309.024509300477803, 8453283.750407803803682 ], [ 3294348.865418737754226, 8453267.49091511964798 ], [ 3294379.848755572456867, 8453261.111579433083534 ], [ 3294410.34525168966502, 8453252.707604732364416 ], [ 3294440.22275686217472, 8453242.315407274290919 ], [ 3294469.351802110206336, 8453229.980019090697169 ], [ 3294497.606162786018103, 8453215.754894254729152 ], [ 3294524.863403915893286, 8453199.701673982664943 ], [ 3294551.005411505233496, 8453181.889921663329005 ], [ 3294575.918904184829444, 8453162.396821497008204 ], [ 3294599.495924353133887, 8453141.306842802092433 ], [ 3294621.634305357467383, 8453118.711374757811427 ], [ 3294642.238114952575415, 8453094.708331106230617 ], [ 3294661.21807038737461, 8453069.401723859831691 ], [ 3294678.491925715934485, 8453042.90121459774673 ], [ 3294693.984828114043921, 8453015.321637628600001 ], [ 3294707.629642009269446, 8452986.782504079863429 ], [ 3294719.36724019004032, 8452957.407483099028468 ], [ 3294729.146760224830359, 8452927.323865411803126 ], [ 3294736.925824403297156, 8452896.662012098357081 ], [ 3294742.670723437797278, 8452865.554790971800685 ], [ 3294746.356563210021704, 8452834.13699865154922 ], [ 3294747.967371593229473, 8452802.544778194278479 ], [ 3294747.496168707031757, 8452770.915028586983681 ], [ 3294744.944996297825128, 8452739.384811706840992 ], [ 3294847.178032767958939, 8452605.423481229692698 ], [ 3294953.896948148496449, 8452475.007589051499963 ], [ 3295064.97887873603031, 8452348.287281034514308 ], [ 3295180.29593777609989, 8452225.408447740599513 ], [ 3295299.715362717397511, 8452106.512556741014123 ], [ 3295423.099668276496232, 8451991.736492399126291 ], [ 3295550.306804003193974, 8451881.212393660098314 ] ] } },
{ "type": "Feature", "properties": { }, "geometry": { "type": "LineString", "coordinates": [ [ 3383387.554454254452139, 8344913.321147252805531 ], [ 3382912.058983094058931, 8345267.638530509546399 ], [ 3382436.630143489222974, 8345622.045315845869482 ], [ 3381961.26795184565708, 8345976.541490792296827 ], [ 3381485.972425221931189, 8346331.127042292617261 ], [ 3381010.743580188136548, 8346685.801958187483251 ], [ 3380535.58143377956003, 8347040.566226022318006 ], [ 3380060.486002749763429, 8347395.419833295978606 ], [ 3379626.165700243320316, 8347677.537344134412706 ], [ 3379192.018080491106957, 8347959.920522343367338 ], [ 3378758.043306111823767, 8348242.569262503646314 ], [ 3378324.241539239417762, 8348525.483458041213453 ], [ 3377890.612942356150597, 8348808.66300381347537 ], [ 3377457.157677934970707, 8349092.10779348667711 ], [ 3377023.875908121932298, 8349375.817721096798778 ], [ 3375756.421259929426014, 8350062.35565553419292 ], [ 3375756.421259929426014, 8350062.35565553419292 ], [ 3375071.537405136507004, 8350293.670378973707557 ], [ 3374386.09548786887899, 8350523.326151754707098 ], [ 3373700.099526524078101, 8350751.321626662276685 ], [ 3373013.553542375098914, 8350977.655467747710645 ], [ 3372326.461560404393822, 8351202.32634749636054 ], [ 3371638.827608827035874, 8351425.33294921182096 ], [ 3370950.655718866735697, 8351646.673965774476528 ], [ 3370429.302537086419761, 8351715.099070005118847 ], [ 3369906.438687471207231, 8351770.817377925850451 ], [ 3369382.373822927009314, 8351813.795891999267042 ], [ 3368857.418307184707373, 8351844.009159087203443 ], [ 3368331.88303163414821, 8351861.439286113716662 ], [ 3367806.079231384210289, 8351866.075951032340527 ], [ 3367280.318300142884254, 8351857.916407139971852 ] ] } },
{ "type": "Feature", "properties": { }, "geometry": { "type": "LineString", "coordinates": [ [ 3386873.054736782796681, 8333182.764325181953609 ], [ 3386756.558245731983334, 8333404.682472120970488 ], [ 3386653.825225499458611, 8333633.29791965521872 ], [ 3386565.238824367057532, 8333867.758035420440137 ], [ 3386491.129429339896888, 8334107.188388585112989 ], [ 3386431.773435262031853, 8334350.696011209860444 ], [ 3386387.392213536892086, 8334597.372729670256376 ], [ 3386358.151285954751074, 8334846.298550934530795 ], [ 3386303.599738102871925, 8334930.25267388112843 ], [ 3386254.783201874233782, 8335017.666128252632916 ], [ 3386211.920127510558814, 8335108.147745369933546 ], [ 3386175.202323555480689, 8335201.292627333663404 ], [ 3386144.794099211227149, 8335296.683958529494703 ], [ 3386120.831528901588172, 8335393.894870518706739 ], [ 3386103.421843289863318, 8335492.490352152846754 ], [ 3386092.642949103843421, 8335592.029196976684034 ], [ 3386088.543081044685096, 8335692.065976380370557 ], [ 3386091.140585779678077, 8335792.153034209273756 ], [ 3386100.423839687835425, 8335891.84248876478523 ], [ 3386116.351300835143775, 8335990.688238142989576 ], [ 3386138.851695298682898, 8336088.247955321334302 ], [ 3386167.824335574638098, 8336184.085068701766431 ], [ 3386203.139571369625628, 8336277.770714615471661 ], [ 3386244.639369946438819, 8336368.885657804086804 ], [ 3386292.138023028150201, 8336457.022166346199811 ] ] } },
{ "type": "Feature", "properties": { }, "geometry": { "type": "LineString", "coordinates": [ [ 3385991.777676712255925, 8327753.173449461348355 ], [ 3386005.412753115873784, 8327639.219417999498546 ], [ 3386011.025093507952988, 8327524.589847938157618 ], [ 3386008.587077497970313, 8327409.848867177031934 ], [ 3385998.110703467857093, 8327295.561150311492383 ], [ 3385979.647528720088303, 8327182.289142028428614 ], [ 3385953.288416277151555, 8327070.590288828127086 ], [ 3385919.1630874928087, 8326961.014294341206551 ], [ 3385921.538361322134733, 8326914.420643956400454 ], [ 3385920.660395227372646, 8326867.774750830605626 ], [ 3385916.533459305297583, 8326821.30348467733711 ], [ 3385909.177625417243689, 8326775.232866286300123 ], [ 3385898.628669976722449, 8326729.786967515014112 ], [ 3385884.937899708282202, 8326685.186821936629713 ], [ 3385868.171901583205909, 8326641.64934968855232 ], [ 3385848.412220119964331, 8326599.386302231810987 ], [ 3385825.75495946360752, 8326558.603233336471021 ], [ 3385800.310317158233374, 8326519.498497485183179 ], [ 3385772.20204722834751, 8326482.262287377379835 ], [ 3385741.566858887206763, 8326447.075707434676588 ], [ 3385708.553751468192786, 8326414.109893082641065 ], [ 3385673.32328951312229, 8326383.525179146789014 ], [ 3385636.046822153031826, 8326355.470319153741002 ], [ 3385596.905649553984404, 8326330.081762940622866 ], [ 3385556.090141396038234, 8326307.482991366647184 ], [ 3385507.458285035565495, 8326257.32567183393985 ], [ 3385456.999491623137146, 8326209.006686612963676 ], [ 3385404.783204435836524, 8326162.592534779570997 ], [ 3385350.881285547744483, 8326118.147092818282545 ], [ 3385295.367916992399842, 8326075.73152868449688 ], [ 3385238.319498600438237, 8326035.40421621222049 ], [ 3385179.814542714040726, 8325997.220655610784888 ], [ 3385100.269748603459448, 8326021.969393509440124 ], [ 3385020.509874466340989, 8326046.015948408283293 ], [ 3384940.541119098197669, 8326069.358451365493238 ], [ 3384860.369696616660804, 8326091.995088099502027 ], [ 3384780.001837614458054, 8326113.924099796451628 ], [ 3384699.443787967320532, 8326135.143782394938171 ], [ 3384618.701807837001979, 8326155.652486635372043 ], [ 3384494.976272787433118, 8326158.638436585664749 ], [ 3384371.330057882703841, 8326153.29639161657542 ], [ 3384248.32308781100437, 8326139.650542019866407 ], [ 3384126.512392282020301, 8326117.762682675383985 ], [ 3384006.449584149755538, 8326087.731931339018047 ], [ 3383888.678360785823315, 8326049.694280654191971 ], [ 3383773.732042375486344, 8326003.821981904096901 ] ] } },
{ "type": "Feature", "properties": { }, "geometry": { "type": "LineString", "coordinates": [ [ 3384955.36944876331836, 8319580.731499137356877 ], [ 3384967.731907437089831, 8319677.853927380405366 ], [ 3384986.251166924834251, 8319773.992543569765985 ], [ 3385010.852122902404517, 8319868.757460593245924 ], [ 3385041.435007094871253, 8319961.764361857436597 ], [ 3385077.875791549216956, 8320052.636060952208936 ], [ 3385120.026691793929785, 8320141.004030703566968 ], [ 3385167.716766237746924, 8320226.5098977079615 ], [ 3385220.752609252464026, 8320308.806895493529737 ], [ 3385278.919135689269751, 8320387.561271189711988 ], [ 3385341.980452894698828, 8320462.453638791106641 ], [ 3385409.680817961227149, 8320533.180274962447584 ], [ 3385481.745673894416541, 8320599.454349993728101 ], [ 3385557.882764205336571, 8320661.007091156207025 ], [ 3385637.783317158464342, 8320717.588873631320894 ], [ 3385721.123298713006079, 8320768.970231818035245 ], [ 3385753.855610542465001, 8320919.425929113291204 ], [ 3385780.758891734294593, 8321071.032441250048578 ], [ 3385801.793083071243018, 8321223.564024685882032 ], [ 3385816.926864146720618, 8321376.793557642959058 ], [ 3385826.137700471095741, 8321530.49287926312536 ], [ 3385829.41187732713297, 8321684.433130308054388 ], [ 3385826.744519395753741, 8321838.385091230273247 ], [ 3385846.94262026110664, 8321980.389984156936407 ], [ 3385871.133122645784169, 8322121.769517760723829 ], [ 3385899.296825050842017, 8322262.411470173858106 ], [ 3385931.411372303497046, 8322402.204205273650587 ], [ 3385967.451272927690297, 8322541.036760430783033 ], [ 3386007.387920124921948, 8322678.798936393111944 ], [ 3386051.189613346476108, 8322815.381382544524968 ], [ 3386067.322702692355961, 8322874.415019833482802 ], [ 3386087.521453768014908, 8322932.184019923210144 ], [ 3386111.68809413863346, 8322988.408751248382032 ], [ 3386139.705644726287574, 8323042.817057131789625 ], [ 3386171.438486575614661, 8323095.145573853515089 ], [ 3386206.733016252052039, 8323145.141004323028028 ], [ 3386245.41839027358219, 8323192.561345337890089 ], [ 3386287.30735158873722, 8323237.177058218978345 ], [ 3386332.197136282455176, 8323278.772179841063917 ], [ 3386379.870454787742347, 8323317.145368575118482 ], [ 3386430.096543669234961, 8323352.110878466628492 ], [ 3386482.632283210288733, 8323383.499458788894117 ], [ 3386537.223373531829566, 8323411.159172772429883 ], [ 3386593.605565547477454, 8323434.956133126281202 ], [ 3386651.505940824747086, 8323454.775150179862976 ], [ 3386710.644231961574405, 8323470.52028998080641 ], [ 3386770.734179247636348, 8323482.115338104777038 ] ] } },
{ "type": "Feature", "properties": { }, "geometry": { "type": "LineString", "coordinates": [ [ 3384064.190399253275245, 8325898.200761219486594 ], [ 3384099.592907333746552, 8325891.128102265298367 ], [ 3384135.196239910554141, 8325885.147902255877852 ], [ 3384170.966693877708167, 8325880.265822648070753 ], [ 3384206.870407938491553, 8325876.486484288237989 ], [ 3384242.873394570779055, 8325873.813464885577559 ], [ 3384278.941572451964021, 8325872.249295435845852 ], [ 3384315.040798374451697, 8325871.795456048101187 ], [ 3384539.485892325174063, 8325918.004740097559988 ], [ 3384539.485892325174063, 8325918.004740097559988 ], [ 3384559.584431569557637, 8325917.562294102273881 ], [ 3384579.610846876632422, 8325915.804530615918338 ], [ 3384599.479151844512671, 8325912.738996266387403 ], [ 3384619.104038953315467, 8325908.378853796981275 ], [ 3384638.401246308814734, 8325902.742824076674879 ], [ 3384657.287918209563941, 8325895.855105875991285 ], [ 3384675.682962417136878, 8325887.745272873900831 ], [ 3384693.507396935950965, 8325878.44814586546272 ], [ 3384710.684690236579627, 8325868.003643034957349 ], [ 3384727.14108908129856, 8325856.456609725020826 ], [ 3384742.805935501586646, 8325843.856624602340162 ], [ 3384757.611970304977149, 8325830.257787465117872 ], [ 3384771.495621680747718, 8325815.718486784957349 ], [ 3384784.397278308402747, 8325800.30114936735481 ], [ 3384796.261544942390174, 8325784.071971415542066 ], [ 3384807.037480830680579, 8325767.100635289214551 ], [ 3384816.678817867767066, 8325749.460010050795972 ], [ 3384825.144159554969519, 8325731.225837945006788 ], [ 3384832.397158741485327, 8325712.476410145871341 ], [ 3384838.406673710327595, 8325693.29222974833101 ], [ 3384843.146901788190007, 8325673.755667268298566 ], [ 3384874.070526862516999, 8325667.134822255931795 ], [ 3384905.35443970374763, 8325662.506325614638627 ], [ 3384936.870412945281714, 8325659.889148711226881 ], [ 3384968.48926806403324, 8325659.29401898290962 ], [ 3385000.081405043136328, 8325660.723375796340406 ], [ 3385031.517333268653601, 8325664.171360253356397 ], [ 3385062.668202280532569, 8325669.623839854262769 ], [ 3385093.406330346595496, 8325677.0584657182917 ], [ 3385123.605727195274085, 8325686.444764613173902 ], [ 3385153.142610907088965, 8325697.744264124892652 ], [ 3385181.895914792548865, 8325710.91064906027168 ], [ 3385209.747784137260169, 8325725.889953135512769 ], [ 3385236.584059237968177, 8325742.620778559707105 ], [ 3385262.294742822181433, 8325761.034548520110548 ], [ 3385286.774451224133372, 8325781.055788648314774 ], [ 3385309.922846460714936, 8325802.60243499930948 ], [ 3385331.645047445781529, 8325825.586171999573708 ], [ 3385331.645047445781529, 8325825.586171999573708 ], [ 3385635.306056908331811, 8325957.612697852775455 ], [ 3385653.848405638244003, 8325965.438908045180142 ], [ 3385672.897310859058052, 8325971.935635722242296 ], [ 3385692.357585548888892, 8325977.070417164824903 ], [ 3385712.131986379157752, 8325980.817593812011182 ], [ 3385732.121701240073889, 8325983.158440588973463 ], [ 3385752.226841568481177, 8325984.0812609186396 ], [ 3385772.34694206668064, 8325983.581443308852613 ], [ 3385792.381462931167334, 8325981.66148519422859 ], [ 3385812.230291604530066, 8325978.330980538390577 ], [ 3385831.794243931304663, 8325973.60657191183418 ], [ 3385850.975558757316321, 8325967.511867522262037 ], [ 3385869.678387283813208, 8325960.077322005294263 ], [ 3385887.809271811973304, 8325951.340085982345045 ], [ 3385905.277612208854407, 8325941.343819378875196 ], [ 3385921.996119379531592, 8325930.138473271392286 ], [ 3385937.881251215469092, 8325917.780040978454053 ], [ 3385952.853629707824439, 8325904.330277203582227 ], [ 3385966.838438152801245, 8325889.856390475295484 ], [ 3385979.76579439593479, 8325874.430706500075758 ], [ 3385991.571100592147559, 8325858.130307435058057 ], [ 3386002.195365905296057, 8325841.036646365188062 ], [ 3386011.585500716697425, 8325823.235139845870435 ], [ 3386019.694582700263709, 8325804.814742087386549 ], [ 3386026.482090949546546, 8325785.8674998274073 ], [ 3386031.914108156692237, 8325766.488091944716871 ], [ 3386035.963490724097937, 8325746.77335715200752 ], [ 3386038.610003947746009, 8325726.821810006164014 ], [ 3386039.840422987472266, 8325706.7331483354792 ], [ 3386039.648599743377417, 8325686.607754706405103 ], [ 3386038.035492538940161, 8325666.546195744536817 ], [ 3386035.009162074420601, 8325646.648718751035631 ], [ 3386030.584731021430343, 8325627.01475137937814 ], [ 3386024.784308176022023, 8325607.742404341697693 ], [ 3386044.947493341285735, 8325453.966130134649575 ], [ 3386059.666254696436226, 8325299.573596123605967 ], [ 3386068.922221898566931, 8325144.757499932311475 ], [ 3386072.703842162620276, 8324989.711068629287183 ], [ 3386071.006395754404366, 8324834.627816084772348 ], [ 3386063.832001355011016, 8324679.70130240637809 ], [ 3386051.189613346476108, 8324525.124892343766987 ], [ 3385952.169718956574798, 8324082.836030735634267 ], [ 3385952.169718956574798, 8324082.836030735634267 ], [ 3385952.169718956574798, 8324082.836030735634267 ], [ 3385556.090141396503896, 8323647.148495418950915 ], [ 3385514.851326762698591, 8323594.96979134529829 ], [ 3385477.238631482236087, 8323540.119612318463624 ], [ 3385443.424551367294043, 8323482.849506854079664 ], [ 3385413.564161300193518, 8323423.422121762298048 ], [ 3385387.79440414858982, 8323362.109997271560133 ], [ 3385366.233462690841407, 8323299.194317339919508 ], [ 3385348.980217694770545, 8323234.96361970808357 ], [ 3385336.113794445525855, 8323169.712472914718091 ], [ 3385327.693199634086341, 8323103.740125893615186 ], [ 3385323.757050871383399, 8323037.349134444259107 ], [ 3385324.323399900924414, 8322970.843975066207349 ], [ 3385329.389649390708655, 8322904.529646872542799 ], [ 3385338.932564969174564, 8322838.710274559445679 ], [ 3385352.908381759189069, 8322773.687712840735912 ], [ 3385371.253005201462656, 8322709.76016185991466 ], [ 3385379.905153292231262, 8322685.949119876138866 ], [ 3385386.942223349120468, 8322661.611802455969155 ], [ 3385392.332579016219825, 8322636.857621907256544 ], [ 3385396.051986813079566, 8322611.797865628264844 ], [ 3385398.083725332748145, 8322586.545193909667432 ], [ 3385398.418660759460181, 8322561.213135241530836 ], [ 3385397.055287241470069, 8322535.915574072860181 ], [ 3385393.99973416281864, 8322510.766240595839918 ], [ 3385389.265738129150122, 8322485.878197907470167 ], [ 3385382.874581932555884, 8322461.363335131667554 ], [ 3385374.854997992049903, 8322437.331862925551832 ], [ 3385365.243039845954627, 8322413.891819237731397 ], [ 3385354.081919788848609, 8322391.148583172820508 ], [ 3385341.421814798843116, 8322369.204401253722608 ], [ 3385327.319640516769141, 8322348.157927273772657 ], [ 3385311.838796019088477, 8322328.103779553435743 ], [ 3385295.04887819243595, 8322309.132115363143384 ], [ 3385277.025369286071509, 8322291.3282251348719 ], [ 3385257.849297046195716, 8322274.772149561904371 ], [ 3385237.606871127616614, 8322259.538319586776197 ], [ 3385216.389095067512244, 8322245.695221423171461 ], [ 3385194.291357397567481, 8322233.305089472793043 ], [ 3385171.413002252113074, 8322222.42362570669502 ], [ 3385147.856883644592017, 8322213.099750041030347 ], [ 3385123.7289022593759, 8322205.375379201956093 ], [ 3385099.137530106119812, 8322199.285239766351879 ], [ 3385074.193322031758726, 8322194.856711032800376 ] ] } },
{ "type": "Feature", "properties": { }, "geometry": { "type": "LineString", "coordinates": [ [ 3421896.391382536385208, 8332400.507159494794905 ], [ 3421170.245490342844278, 8332479.723075007088482 ], [ 3421170.245490342844278, 8332479.723075007088482 ], [ 3420483.707555905450135, 8332281.683286227285862 ], [ 3420483.707555905450135, 8332281.683286227285862 ], [ 3420483.707555905450135, 8332281.683286227285862 ], [ 3420483.707555905450135, 8332281.683286227285862 ], [ 3419744.359011126682162, 8332268.480633641593158 ], [ 3419744.359011126682162, 8332268.480633641593158 ], [ 3419536.239509892649949, 8332286.0771215967834 ], [ 3419327.388825156260282, 8332288.257642157375813 ], [ 3419118.947296618949622, 8332275.010289668105543 ], [ 3418912.053029894363135, 8332246.40739583875984 ], [ 3418707.835682251024991, 8332202.605133898556232 ], [ 3418507.410295200534165, 8332143.842667918652296 ], [ 3418311.871205617673695, 8332070.440844861790538 ] ] } },
{ "type": "Feature", "properties": { }, "geometry": { "type": "LineString", "coordinates": [ [ 3414318.068798553198576, 8331496.125457399524748 ], [ 3414416.150473658461124, 8331520.753439957275987 ], [ 3414515.101816746406257, 8331541.614509347826242 ], [ 3414614.778211950790137, 8331558.678177594207227 ], [ 3414715.033983587753028, 8331571.919505833648145 ], [ 3414815.722609254531562, 8331581.31914234533906 ], [ 3414916.696934048552066, 8331586.863349730148911 ], [ 3415017.809385575819761, 8331588.544025496579707 ], [ 3415127.058905528858304, 8331581.425290832296014 ], [ 3415236.375350811518729, 8331575.421224839985371 ], [ 3415345.74734854651615, 8331570.532452105544508 ], [ 3415455.163520454894751, 8331566.759480713866651 ], [ 3415564.612483599223197, 8331564.102703101933002 ], [ 3415674.082851456478238, 8331562.562396297231317 ], [ 3415783.56323552550748, 8331562.138720326125622 ], [ 3415865.738162721507251, 8331547.517082836478949 ], [ 3415948.29609359940514, 8331535.241132757626474 ], [ 3416031.170084833633155, 8331525.320824383758008 ], [ 3416114.292935966979712, 8331517.764201640151441 ], [ 3416197.597245113458484, 8331512.577391645871103 ], [ 3416281.015463436953723, 8331509.764600899070501 ], [ 3416364.47994928015396, 8331509.328109984286129 ] ] } },
{ "type": "Feature", "properties": { }, "geometry": { "type": "LineString", "coordinates": [ [ 3431164.65349744213745, 8337846.601350945420563 ], [ 3431587.138380172662437, 8338387.910106943920255 ], [ 3431587.138380172662437, 8338387.910106943920255 ], [ 3431587.138380172662437, 8338387.910106943920255 ], [ 3431613.543685343582183, 8338387.910106943920255 ], [ 3432313.284272366203368, 8338968.826820699498057 ], [ 3432313.284272366203368, 8338968.826820699498057 ], [ 3432313.284272366203368, 8338968.826820699498057 ], [ 3432801.782418023794889, 8339219.677219820208848 ] ] } },
{ "type": "Feature", "properties": { }, "geometry": { "type": "LineString", "coordinates": [ [ 3469967.24944574944675, 8308804.066326346248388 ], [ 3469513.460434777196497, 8308946.427240906283259 ], [ 3469069.994783978909254, 8309118.268193872645497 ], [ 3468638.76532208872959, 8309318.847972630523145 ], [ 3468221.63209831668064, 8309547.301403759978712 ], [ 3467820.394359945785254, 8309802.64308428671211 ], [ 3467436.78279137564823, 8310083.771632908843458 ], [ 3467072.452048539649695, 8310389.474440096877515 ], [ 3466728.973622440826148, 8310718.432898520492017 ], [ 3466407.829060434829444, 8311069.228090762160718 ], [ 3466110.403575658332556, 8311440.346909283660352 ], [ 3465837.980072479695082, 8311830.188584001734853 ], [ 3465591.733612520154566, 8312237.071585951372981 ], [ 3465372.726346052251756, 8312659.24088126514107 ], [ 3465401.371135363355279, 8312843.858778268098831 ], [ 3465417.703671227674931, 8313029.970411898568273 ], [ 3465421.651976108085364, 8313216.755590199492872 ], [ 3465413.198649882804602, 8313403.391152619384229 ], [ 3465392.380946397315711, 8313589.054598568938673 ], [ 3465359.290608763229102, 8313772.927711009047925 ], [ 3465314.073466062080115, 8313954.200163125060499 ], [ 3465256.928789495956153, 8314132.073089121840894 ], [ 3465188.108415245544165, 8314305.762605189345777 ], [ 3465107.915633797179908, 8314474.503263234160841 ], [ 3465016.703854083549231, 8314637.551425217650831 ], [ 3464914.875045179855078, 8314794.18853950407356 ], [ 3464802.877965688239783, 8314943.724308251403272 ], [ 3464681.206185578834265, 8315085.499728440307081 ], [ 3464550.395910869818181, 8315218.889997603371739 ], [ 3464411.023621210828424, 8315343.307266503572464 ], [ 3464263.703528883866966, 8315458.203229356557131 ], [ 3464007.917631212621927, 8315975.606662602163851 ], [ 3463783.444073513150215, 8316507.343777999281883 ], [ 3463591.081957816611975, 8317051.521648406051099 ], [ 3463431.516072868835181, 8317606.203058480285108 ], [ 3463305.314455941319466, 8318169.413400754332542 ], [ 3463212.926371637731791, 8318739.147707314230502 ], [ 3463154.680711715482175, 8319313.37778427451849 ], [ 3463015.86908168066293, 8319472.638334857299924 ], [ 3462888.368490928318352, 8319641.090675251558423 ], [ 3462772.785777687560767, 8319817.93305706884712 ], [ 3462669.67105722380802, 8320002.323800086043775 ], [ 3462579.515103816520423, 8320193.385297297500074 ], [ 3462502.74701416445896, 8320390.208192347548902 ], [ 3462439.732165574561805, 8320591.855707644484937 ], [ 3462390.770476936828345, 8320797.368103026412427 ], [ 3462356.094981312286109, 8321005.76724314596504 ], [ 3462335.870716332923621, 8321216.061253546737134 ], [ 3462330.193939322140068, 8321427.249240295961499 ], [ 3462339.09166902769357, 8321638.326055632904172 ], [ 3462362.521556595340371, 8321848.287080659531057 ], [ 3462362.521556595340371, 8321848.287080659531057 ], [ 3462309.71094625396654, 8323379.794780558906496 ], [ 3461570.362401475198567, 8325069.734311481937766 ], [ 3461570.362401475198567, 8325069.734311481937766 ], [ 3461570.362401475198567, 8325069.734311481937766 ], [ 3461570.362401475198567, 8325069.734311481937766 ], [ 3461992.847284205723554, 8327182.158725135959685 ], [ 3461992.847284205723554, 8327182.158725135959685 ] ] } },
{ "type": "Feature", "properties": { }, "geometry": { "type": "LineString", "coordinates": [ [ 3461979.644631620496511, 8327525.427692354656756 ], [ 3461961.158870944287628, 8327632.05443599447608 ], [ 3461950.089786485303193, 8327739.704151282086968 ], [ 3461946.490359186660498, 8327847.861582755111158 ], [ 3461950.377817272674292, 8327956.009044646285474 ], [ 3461961.733554005157202, 8328063.628899096511304 ], [ 3461980.50321602774784, 8328170.206033705733716 ], [ 3462006.596964120399207, 8328275.230326651595533 ], [ 3462039.889903068076819, 8328378.199089049361646 ], [ 3462080.222679256927222, 8328478.619470595382154 ], [ 3462127.402243375312537, 8328576.010817765258253 ], [ 3462181.202775120269507, 8328669.906976698897779 ], [ 3462241.366762876044959, 8328759.858521222136915 ], [ 3462307.606237530242652, 8328845.434907197020948 ], [ 3462379.604149817954749, 8328926.226530789397657 ], [ 3462457.015888289082795, 8329001.846690544858575 ], [ 3462539.470928916241974, 8329071.933437373489141 ], [ 3462626.574608301743865, 8329136.151307765394449 ], [ 3462626.574608301743865, 8329136.151307765394449 ], [ 3462917.032965179067105, 8330033.931683568283916 ] ] } },
{ "type": "Feature", "properties": { }, "geometry": { "type": "LineString", "coordinates": [ [ 3466877.828740781638771, 8364809.718593350611627 ], [ 3466781.764678677543998, 8364946.755596850067377 ], [ 3466676.51635768217966, 8365076.871834413148463 ], [ 3466562.580747246276587, 8365199.452913998626173 ], [ 3466440.495836853515357, 8365313.920022963546216 ], [ 3466310.838096022140235, 8365419.732661961577833 ], [ 3466174.219752072822303, 8365516.3911974420771 ], [ 3466031.285899661015719, 8365603.439219848252833 ], [ 3465882.711454352363944, 8365680.465699408203363 ], [ 3465729.197965857107192, 8365747.106926909647882 ], [ 3465520.308869624044746, 8365760.585636633448303 ], [ 3465311.743845799006522, 8365778.38903246447444 ], [ 3465103.592419504653662, 8365800.509472130797803 ], [ 3464895.943938850890845, 8365826.937460660003126 ], [ 3464688.887535669840872, 8365857.661653619259596 ], [ 3464482.512087964918464, 8365892.668863314203918 ], [ 3464276.906181470025331, 8365931.944063103757799 ], [ 3464157.165447060484439, 8365957.364684715867043 ], [ 3464035.956134462263435, 8365974.463047629222274 ], [ 3463913.855949401389807, 8365983.157658099196851 ], [ 3463791.44684326602146, 8365983.407075881026685 ], [ 3463669.312240123283118, 8365975.210112093947828 ], [ 3463548.034255980979651, 8365958.605835198424757 ], [ 3463428.190923451911658, 8365933.673383950255811 ], [ 3463310.353437661658973, 8365900.531590937636793 ], [ 3463195.083433627616614, 8365859.338416337035596 ], [ 3463082.930309056770056, 8365810.290194033645093 ], [ 3462974.428606032859534, 8365753.620696543715894 ], [ 3462870.095463513862342, 8365689.600021599791944 ], [ 3462770.428151988890022, 8365618.53330267034471 ], [ 3462675.901704375166446, 8365540.759257212281227 ], [ 3462586.966650546528399, 8365456.648570031858981 ], [ 3462397.446462707594037, 8365292.496660348959267 ], [ 3462204.292892998084426, 8365132.63594114407897 ], [ 3462007.603083371650428, 8364977.146810292266309 ], [ 3461807.475953936111182, 8364826.107467412017286 ], [ 3461604.012153690680861, 8364679.593873616307974 ], [ 3461397.314009981229901, 8364537.679714796133339 ], [ 3461187.485476500820369, 8364400.43636320438236 ] ] } },
{ "type": "Feature", "properties": { }, "geometry": { "type": "LineString", "coordinates": [ [ 3447971.630238577257842, 8346392.018236804753542 ], [ 3447850.745148008689284, 8346413.458547513000667 ], [ 3447728.720243245363235, 8346426.979445090517402 ], [ 3447606.073778032790869, 8346432.523504733107984 ], [ 3447483.326645731460303, 8346430.067179917357862 ], [ 3447361.000167250167578, 8346419.620903252623975 ], [ 3447239.613876938354224, 8346401.229041098617017 ], [ 3447119.683316468726844, 8346374.969705819152296 ], [ 3447001.717844247352332, 8346340.954423665069044 ], [ 3446886.218473106622696, 8346299.32766162417829 ], [ 3446773.675741976127028, 8346250.266213337890804 ], [ 3446664.567632629070431, 8346193.978448024019599 ] ] } },
{ "type": "Feature", "properties": { }, "geometry": { "type": "LineString", "coordinates": [ [ 3453411.123103735968471, 8354049.556736298836768 ], [ 3453428.515271648298949, 8354042.653643763624132 ], [ 3453445.399552405811846, 8354034.587587991729379 ], [ 3453461.698288678657264, 8354025.395668267272413 ], [ 3453477.336516141425818, 8354015.120161770842969 ], [ 3453492.242308377753943, 8354003.808329342864454 ], [ 3453506.347107886802405, 8353991.512198924086988 ], [ 3453519.586040973197669, 8353978.288325070403516 ], [ 3453531.89821684313938, 8353964.197529553435743 ], [ 3453543.227006792556494, 8353949.304621457122266 ], [ 3453553.520305275451392, 8353933.678099154494703 ], [ 3453562.730769395362586, 8353917.389835118316114 ], [ 3453570.816036581527442, 8353900.514745711348951 ], [ 3453577.738919615279883, 8353883.130445717833936 ], [ 3453583.467577337753028, 8353865.316892861388624 ], [ 3453587.975661396514624, 8353847.156018017791212 ], [ 3453591.242437362205237, 8353828.731350659392774 ], [ 3453593.252880095969886, 8353810.127633093856275 ], [ 3453593.997742771636695, 8353791.430430649779737 ], [ 3453593.473599433433264, 8353772.725739716552198 ], [ 3453591.682860850822181, 8353754.09959006216377 ], [ 3453588.633763193618506, 8353735.637650965712965 ], [ 3453584.340330719482154, 8353717.424836157821119 ], [ 3453578.82231044722721, 8353699.544913052581251 ], [ 3453572.105081915389746, 8353682.080119132064283 ], [ 3453564.21954035712406, 8353665.110781191848218 ], [ 3453555.20195448352024, 8353648.714948176406324 ], [ 3453545.093799709808081, 8353632.968031167052686 ], [ 3453533.941567301284522, 8353617.942456244491041 ], [ 3453521.79655086947605, 8353603.707331656478345 ], [ 3453508.714610099326819, 8353590.328130721114576 ], [ 3453494.755913853179663, 8353577.866389512084424 ], [ 3453479.98466384364292, 8353566.379424571059644 ], [ 3453464.468798875343055, 8353555.920068739913404 ], [ 3453448.279682278167456, 8353546.536428927443922 ], [ 3453431.491774320136756, 8353538.271663903258741 ], [ 3453414.182289242278785, 8353531.163786887191236 ], [ 3453396.430840014945716, 8353525.245489596389234 ], [ 3453378.319072603713721, 8353520.543992756865919 ], [ 3453359.930290102493018, 8353517.080920218490064 ], [ 3453341.349069833289832, 8353514.872200011275709 ], [ 3453322.660874008666724, 8353513.92799115087837 ], [ 3453303.95165705634281, 8353514.252636193297803 ], [ 3453285.307470082771033, 8353515.844641922973096 ], [ 3453266.814064979087561, 8353518.69668650534004 ], [ 3453248.556500018574297, 8353522.795651594176888 ], [ 3453230.618749126326293, 8353528.122685111127794 ], [ 3453213.083314955700189, 8353534.653285470791161 ], [ 3453129.127329805865884, 8353574.52086649928242 ], [ 3453048.096865117549896, 8353620.0411392217502 ], [ 3452970.371946572791785, 8353671.000618456862867 ], [ 3452896.317097067367285, 8353727.160307883284986 ], [ 3452826.279627322684973, 8353788.256824015639722 ], [ 3452760.588006853591651, 8353854.00362968351692 ], [ 3452699.550323188304901, 8353924.092377997003496 ], [ 3452643.452838161960244, 8353998.194359169341624 ], [ 3452592.55864344490692, 8354075.962041469290853 ], [ 3452543.675488473381847, 8354074.733293040655553 ], [ 3452494.997439881321043, 8354070.094302771613002 ], [ 3452446.762115239631385, 8354062.067715405486524 ], [ 3452399.204971193801612, 8354050.692712067626417 ], [ 3452352.558153986465186, 8354036.024818657897413 ], [ 3452307.049365996848792, 8354018.135635613463819 ], [ 3452262.900754570495337, 8353997.112487315200269 ], [ 3452220.32782745314762, 8353973.057996510528028 ], [ 3452179.538400649558753, 8353946.089583157561719 ], [ 3452140.731584548484534, 8353916.338891266845167 ], [ 3452104.096810956951231, 8353883.951146004721522 ], [ 3452069.81290972372517, 8353849.084446175955236 ], [ 3452038.047234860714525, 8353811.908989762887359 ], [ 3452010.136413087137043, 8353850.069829675368965 ], [ 3451979.698923000134528, 8353886.24748651497066 ], [ 3451946.875252127181739, 8353920.274979828856885 ], [ 3451911.816900729667395, 8353951.99525189306587 ], [ 3451874.685683965217322, 8353981.261895178817213 ], [ 3451835.652984380256385, 8354007.93982672598213 ], [ 3451794.898961185943335, 8354031.905912159942091 ], [ 3451752.611718058120459, 8354053.049533604644239 ], [ 3451708.986435651313514, 8354071.273101090453565 ], [ 3451664.224470734130591, 8354086.492501734755933 ], [ 3451618.532426118385047, 8354098.637489079497755 ], [ 3451572.121197580825537, 8354107.652007102034986 ], [ 3451525.205000408925116, 8354113.494447870180011 ], [ 3451478.000380863435566, 8354116.137845727615058 ], [ 3451430.725215935148299, 8354115.569999225437641 ], [ 3451299.937372183427215, 8354078.896670096553862 ], [ 3451170.400567558128387, 8354038.023580448701978 ], [ 3451042.249623775016516, 8353992.993271349929273 ], [ 3450915.617919325362891, 8353943.852609871886671 ], [ 3450790.637252118904144, 8353890.652741568163037 ], [ 3450667.437701439484954, 8353833.449036591686308 ], [ 3450546.147492717485875, 8353772.30103200674057 ], [ 3450502.949681949336082, 8353739.065316575579345 ], [ 3450462.181238639168441, 8353702.890772245824337 ], [ 3450424.041685103904456, 8353663.954438685439527 ], [ 3450388.717677711974829, 8353622.446871518157423 ], [ 3450356.382093548309058, 8353578.571210621856153 ], [ 3450327.193184136878699, 8353532.542185067199171 ], [ 3450301.293801307212561, 8353484.585062502883375 ], [ 3450278.810697435867041, 8353434.934547184966505 ], [ 3450259.853905796539038, 8353383.833630560897291 ], [ 3450244.516201614867896, 8353331.532402514480054 ], [ 3450232.872648238670081, 8353278.286827086471021 ], [ 3450224.9802296156995, 8353224.357490538619459 ], [ 3450220.877571582328528, 8353170.008324622176588 ], [ 3450220.584752678405493, 8353115.505316494964063 ], [ 3450224.103206026367843, 8353061.115205906331539 ], [ 3450231.415712070185691, 8353007.104180472902954 ], [ 3450242.486483254935592, 8352953.736571716144681 ] ] } },
{ "type": "Feature", "properties": { }, "geometry": { "type": "LineString", "coordinates": [ [ 3437792.385095281526446, 8335625.25505346339196 ], [ 3437788.973597652278841, 8335694.720602108165622 ], [ 3437790.135010726284236, 8335764.260172689333558 ], [ 3437795.864312290679663, 8335833.573056696914136 ], [ 3437806.136726974975318, 8335902.359525202773511 ], [ 3437820.907834171783179, 8335970.322126387618482 ], [ 3437840.113759278785437, 8336037.166970728896558 ], [ 3437863.671450614463538, 8336102.605002163909376 ], [ 3437891.479037880431861, 8336166.353247880004346 ], [ 3437923.416273355018348, 8336228.136042832396924 ], [ 3437959.345051288139075, 8336287.686220644973218 ], [ 3437999.110005504917353, 8336344.74626930989325 ], [ 3438042.539181238971651, 8336399.069445444270968 ], [ 3438089.444778451696038, 8336450.420840046368539 ], [ 3438096.648570541292429, 8336459.807802451774478 ], [ 3438104.471129623241723, 8336468.685711265541613 ], [ 3438112.876585244666785, 8336477.013856648467481 ], [ 3438121.826394795905799, 8336484.754050492309034 ], [ 3438131.279519199859351, 8336491.870800255797803 ], [ 3438141.192611574660987, 8336498.331472634337842 ], [ 3438151.520216106902808, 8336504.106442212127149 ], [ 3438162.214975714217871, 8336509.16922855284065 ], [ 3438173.227850198280066, 8336513.496616362594068 ], [ 3438184.508340596687049, 8336517.068762301467359 ], [ 3438196.00472056819126, 8336519.869286536239088 ], [ 3438207.664273976814002, 8336521.885347603820264 ], [ 3438219.433536529075354, 8336523.107700823806226 ], [ 3438231.258540868293494, 8336523.530741213820875 ], [ 3438243.085063695441931, 8336523.152529000304639 ], [ 3438254.858875274192542, 8336521.974798201583326 ], [ 3438266.52598726702854, 8336520.002949236892164 ], [ 3438278.032900571357459, 8336517.246024369262159 ], [ 3438289.32685077143833, 8336513.716664790175855 ], [ 3438300.356049894820899, 8336509.431054591201246 ], [ 3438311.069924234878272, 8336504.408845423720777 ], [ 3438321.41934561682865, 8336498.67306589987129 ], [ 3438331.356857180129737, 8336492.250017403624952 ], [ 3438340.836891173850745, 8336485.169152497313917 ], [ 3438349.815976976882666, 8336477.46294045355171 ], [ 3438358.252941727172583, 8336469.166717528365552 ], [ 3438366.109097837936133, 8336460.318525551818311 ], [ 3438373.348421334754676, 8336450.958937882445753 ], [ 3438379.937716722022742, 8336441.13087201025337 ], [ 3438385.846768855582923, 8336430.879394530318677 ], [ 3438391.048482298385352, 8336420.251513003371656 ], [ 3438395.519004702102393, 8336409.295960902236402 ], [ 3438399.237836598884314, 8336398.062974928878248 ], [ 3438402.187925576698035, 8336386.604062794707716 ], [ 3438404.355743971653283, 8336374.971769214607775 ], [ 3438405.731351498514414, 8336363.2194335591048 ], [ 3438406.308440499939024, 8336351.40094565693289 ] ] } },
{ "type": "Feature", "properties": { }, "geometry": { "type": "LineString", "coordinates": [ [ 3438709.969449962489307, 8335889.308105169795454 ], [ 3438715.087874242570251, 8336028.81452227011323 ], [ 3438719.129149314947426, 8336168.356296896003187 ], [ 3438722.093034147750586, 8336307.92511176969856 ], [ 3438723.979352235328406, 8336447.512649058364332 ], [ 3438724.78799104411155, 8336587.110588668845594 ], [ 3438724.518902489449829, 8336726.710611347109079 ], [ 3438723.172102548182011, 8336866.304396484978497 ], [ 3438722.779786064755172, 8336890.730992808938026 ], [ 3438723.983950226102024, 8336915.131044480018318 ], [ 3438726.779451131355017, 8336939.400319336913526 ], [ 3438731.15434682322666, 8336963.435144423507154 ], [ 3438737.089948892127723, 8336987.132848023436964 ], [ 3438744.560901641380042, 8337010.392198561690748 ], [ 3438753.535290717612952, 8337033.113837479613721 ], [ 3438763.974779486190528, 8337055.200702189467847 ], [ 3438775.834772705566138, 8337076.558442830108106 ], [ 3438789.064607023727149, 8337097.095823763869703 ], [ 3438803.607767581474036, 8337116.725113390944898 ], [ 3438819.402128815185279, 8337135.362459658645093 ], [ 3438836.380220770370215, 8337152.928247927688062 ], [ 3438854.469516753684729, 8337169.347440957091749 ], [ 3438873.592743038665503, 8337184.549899338744581 ], [ 3438893.668209433089942, 8337198.470681427977979 ], [ 3438914.610157727729529, 8337211.050320862792432 ], [ 3438936.329128503333777, 8337222.235080002807081 ], [ 3438958.732342957984656, 8337231.977179764769971 ], [ 3438981.724099277984351, 8337240.235004185698926 ], [ 3439005.206181733403355, 8337246.973277661018074 ], [ 3439029.078279807697982, 8337252.163215413689613 ], [ 3439053.238417181652039, 8337255.782647752203047 ] ] } },
{ "type": "Feature", "properties": { }, "geometry": { "type": "LineString", "coordinates": [ [ 3436082.64158547995612, 8333162.960346298292279 ], [ 3436107.560803798492998, 8333282.244272795505822 ], [ 3436125.206662609241903, 8333402.818923123180866 ], [ 3436135.514318823348731, 8333524.241222619079053 ], [ 3436138.445895075332373, 8333646.064982413314283 ], [ 3436133.990618586074561, 8333767.842538355849683 ], [ 3436122.164861320983618, 8333889.126395701430738 ], [ 3436103.012079074047506, 8334009.470873959362507 ], [ 3436076.602652338799089, 8334128.433745470829308 ], [ 3436043.033627724274993, 8334245.577858295291662 ], [ 3436030.221949635073543, 8334275.882105192169547 ], [ 3436019.459187855478376, 8334306.973091715946794 ], [ 3436010.793236255180091, 8334338.712464331649244 ], [ 3436004.26265788031742, 8334370.958984135650098 ], [ 3435999.896513580810279, 8334403.569155215285718 ], [ 3435997.714232444297522, 8334436.397864102385938 ], [ 3435997.725525617133826, 8334469.299024580977857 ], [ 3435999.93034267378971, 8334502.126227616332471 ], [ 3436004.318872570525855, 8334534.733393906615674 ], [ 3436010.871586203109473, 8334566.975422858260572 ], [ 3436019.559324502479285, 8334598.708838700316846 ], [ 3436030.343427419196814, 8334629.79242944624275 ], [ 3436043.175906061660498, 8334660.087874173186719 ], [ 3436057.999656557571143, 8334689.460359810851514 ], [ 3436074.748713850509375, 8334717.779179572127759 ], [ 3436093.348545193206519, 8334744.918316601775587 ], [ 3436113.71638250304386, 8334770.757002591155469 ], [ 3436135.761589407455176, 8334795.180256365798414 ], [ 3436159.386066078674048, 8334818.079396008513868 ], [ 3436184.484684347640723, 8334839.352520703338087 ], [ 3436210.945756664033979, 8334858.904966467991471 ], [ 3436238.651532230898738, 8334876.649725755676627 ], [ 3436267.47872167499736, 8334892.507834977470338 ] ] } },
{ "type": "Feature", "properties": { }, "geometry": { "type": "LineString", "coordinates": [ [ 3427910.199635155964643, 8370064.374322316609323 ], [ 3427966.611096360720694, 8370068.855004203505814 ], [ 3428023.193489123135805, 8370069.728100402280688 ], [ 3428079.716339110862464, 8370066.990054844878614 ], [ 3428135.949414610397071, 8370060.652020215056837 ], [ 3428191.66366422129795, 8370050.739812611602247 ], [ 3428246.632149815093726, 8370037.293807267211378 ], [ 3428300.630970835220069, 8370020.368772982619703 ], [ 3428353.440176724921912, 8370000.033649682067335 ], [ 3428404.844662308227271, 8369976.371267317794263 ], [ 3428454.635044097434729, 8369949.478008984588087 ], [ 3428502.608513473998755, 8369919.463417529128492 ], [ 3428548.569662451278418, 8369886.449749945662916 ], [ 3428592.331279754173011, 8369850.571479081176221 ], [ 3428633.715113281738013, 8369811.974746226333082 ], [ 3428672.552596259862185, 8369770.81676541082561 ], [ 3428708.685534098185599, 8369727.265183580107987 ], [ 3428741.966748032253236, 8369681.497397341765463 ], [ 3428727.74652603873983, 8369679.426038539968431 ], [ 3428713.702131592668593, 8369676.382977303117514 ], [ 3428699.899882554542273, 8369672.382582425139844 ], [ 3428686.404953240882605, 8369667.443744181655347 ], [ 3428673.281067251693457, 8369661.589783429168165 ], [ 3428660.590195655357093, 8369654.848343132995069 ], [ 3428648.392264961730689, 8369647.251256464980543 ], [ 3428636.744874119292945, 8369638.834396838210523 ], [ 3428625.703022360336035, 8369629.63750886823982 ], [ 3428615.318849443923682, 8369619.704020260833204 ], [ 3428605.641389607917517, 8369609.080837487243116 ], [ 3428596.71634018374607, 8369597.818123339675367 ], [ 3428588.585845231544226, 8369585.969060420058668 ], [ 3428581.288297175895423, 8369573.589600323699415 ], [ 3428574.858155130874366, 8369560.738199233077466 ], [ 3428569.325782417785376, 8369547.475541352294385 ], [ 3428564.717303037177771, 8369533.864253520034254 ], [ 3428561.054478168021888, 8369519.968608378432691 ], [ 3428558.354603886138648, 8369505.854221343062818 ], [ 3428556.63042902899906, 8369491.587741135619581 ], [ 3428555.890095114242285, 8369477.236533879302442 ], [ 3428556.137098073493689, 8369462.868366717360914 ], [ 3428557.370271563064307, 8369448.551086186431348 ], [ 3428559.583792447578162, 8369434.352298735640943 ], [ 3428562.767208456527442, 8369420.339051245711744 ], [ 3428566.905487536918372, 8369406.577514885924757 ], [ 3428571.97908854437992, 8369393.132671593688428 ], [ 3428577.964053868781775, 8369380.068008183501661 ], [ 3428584.832122325431556, 8369367.44521617796272 ], [ 3428592.550862907897681, 8369355.323900937102735 ], [ 3428601.0838273759, 8369343.761299370788038 ], [ 3428610.390723108779639, 8369332.812010287307203 ], [ 3428620.427602648269385, 8369322.527736424468458 ], [ 3428631.147071837913245, 8369312.957040308974683 ], [ 3428642.498512863647193, 8369304.145115136168897 ], [ 3428654.428324102889746, 8369296.133570908568799 ], [ 3428666.880172848235816, 8369288.960237978957593 ], [ 3428679.7952611441724, 8369282.658989428542554 ], [ 3428693.112603663932532, 8369277.259579657576978 ], [ 3428706.76931583834812, 8369272.787504672072828 ], [ 3428720.700910210143775, 8369269.263881920836866 ], [ 3428734.841601609718055, 8369266.705349921248853 ], [ 3428749.12461745692417, 8369265.123990057967603 ], [ 3428763.482512950431556, 8369264.527269600890577 ], [ 3428777.847489952575415, 8369264.918006180785596 ], [ 3428792.151716827880591, 8369266.294354914687574 ], [ 3428806.327648520004004, 8369268.649816512130201 ], [ 3428820.308346151839942, 8369271.97326850797981 ], [ 3428834.027792572509497, 8369276.2490174761042 ], [ 3428847.421204328071326, 8369281.456873177550733 ], [ 3428860.425337433349341, 8369287.572244166396558 ], [ 3428872.978786110412329, 8369294.566253422759473 ], [ 3428885.022272824775428, 8369302.40587520506233 ], [ 3428896.498927831184119, 8369311.054090498946607 ], [ 3428907.354558348190039, 8369320.470062493346632 ], [ 3428917.537903666030616, 8369330.609328507445753 ], [ 3428927.00087797595188, 8369341.424010991118848 ], [ 3428935.698796987067908, 8369352.863042592070997 ], [ 3428943.590588807594031, 8369364.872408150695264 ], [ 3428950.638988255988806, 8369377.395399331115186 ], [ 3428956.810712778009474, 8369390.372881706804037 ], [ 3428962.076619184110314, 8369403.743576086126268 ], [ 3428966.411841982975602, 8369417.444345634430647 ], [ 3429015.248520675115287, 8369536.563189649023116 ], [ 3429058.020251903217286, 8369657.99176612123847 ], [ 3429094.618344664108008, 8369781.421502589248121 ], [ 3429124.949796318542212, 8369906.53874063398689 ], [ 3429148.937528881710023, 8370033.025533821433783 ], [ 3429166.520585241727531, 8370160.560455703176558 ], [ 3429177.654283348470926, 8370288.819416266866028 ], [ 3429225.336418208666146, 8370446.359616722911596 ], [ 3429282.631015586666763, 8370600.663958217017353 ], [ 3429349.320527910720557, 8370751.146547554992139 ], [ 3429425.151735066901892, 8370897.236001967452466 ], [ 3429509.836706041824073, 8371038.377620219253004 ], [ 3429603.053892015945166, 8371174.035487412475049 ], [ 3429704.449347185902297, 8371303.694510842673481 ], [ 3429813.638073262758553, 8371426.862375225871801 ], [ 3429930.205480712465942, 8371543.071411874145269 ], [ 3429930.205480712465942, 8371543.071411874145269 ], [ 3430141.447922077961266, 8372084.380167872644961 ], [ 3430161.989967636298388, 8372163.736766062676907 ], [ 3430176.957926656585187, 8372244.330844736658037 ], [ 3430186.279176830779761, 8372325.771373032592237 ], [ 3430189.908492445480078, 8372407.66321253683418 ], [ 3430187.828264832030982, 8372489.609035967849195 ], [ 3430180.048586844932288, 8372571.211253403685987 ], [ 3430166.607204436790198, 8372652.073943137191236 ], [ 3430147.569333195220679, 8372731.804769991897047 ], [ 3430123.027342319022864, 8372810.016891955398023 ], [ 3430093.100306152831763, 8372886.330834387801588 ], [ 3430057.93342614127323, 8372960.376332997344434 ], [ 3430017.697327374946326, 8373031.794129609130323 ], [ 3429972.587229370605201, 8373100.237715004943311 ], [ 3429922.822000145446509, 8373165.375010489486158 ], [ 3429868.643093585502356, 8373226.88997936155647 ], [ 3429810.31337809516117, 8373284.484159707091749 ], [ 3429748.11586096463725, 8373337.878112173639238 ], [ 3429682.352316073607653, 8373386.81277772039175 ], [ 3429613.341818664688617, 8373431.05073157697916 ] ] } },
{ "type": "Feature", "properties": { }, "geometry": { "type": "LineString", "coordinates": [ [ 3415413.888963135425001, 8374236.412539286538959 ], [ 3415344.576906029134989, 8374264.48633914347738 ], [ 3415273.467423117719591, 8374287.632417811080813 ], [ 3415200.910361408721656, 8374305.736900328658521 ], [ 3415127.262689232360572, 8374318.710715531371534 ], [ 3415052.886740803252906, 8374326.490034340880811 ], [ 3414978.148433446418494, 8374329.036584137938917 ], [ 3414903.415467023383826, 8374326.337836264632642 ], [ 3414829.055515288840979, 8374318.407068013213575 ], [ 3414755.434416770469397, 8374305.283297299407423 ], [ 3414682.914374947082251, 8374287.031090973876417 ], [ 3414611.852176188956946, 8374263.74024701025337 ], [ 3414542.597434639465064, 8374235.525352477096021 ], [ 3414475.490872144233435, 8374202.525219677947462 ], [ 3414410.862641691695899, 8374164.902203797362745 ], [ 3414349.030703186523169, 8374122.841403721831739 ], [ 3414290.299259662162513, 8374076.549751757644117 ], [ 3414234.957259773742408, 8374026.254995106719434 ], [ 3414183.27697718096897, 8373972.204575060866773 ], [ 3414135.512669920455664, 8373914.664411305449903 ], [ 3414091.899330496322364, 8373853.91759133245796 ], [ 3414052.65152911003679, 8373790.262979401275516 ], [ 3414017.96235865727067, 8373724.013745835982263 ], [ 3413988.002483919262886, 8373655.495825530961156 ], [ 3413964.493630412500352, 8373631.225549023598433 ], [ 3413939.34790686937049, 8373608.655545110814273 ], [ 3413912.68799591017887, 8373587.895929574035108 ], [ 3413884.643967628013343, 8373569.047985791228712 ], [ 3413855.352645515929908, 8373552.203670500777662 ], [ 3413824.956938266288489, 8373537.445165394805372 ], [ 3413793.605142354499549, 8373524.844475029967725 ], [ 3413761.450219511520118, 8373514.463076352141798 ], [ 3413728.649049281608313, 8373506.351619481109083 ], [ 3413695.361664533149451, 8373500.549678563140333 ], [ 3413661.750470041763037, 8373497.085560797713697 ], [ 3413627.979450702201575, 8373495.976167439483106 ], [ 3413594.213370918761939, 8373497.226910590194166 ], [ 3413560.616971134673804, 8373500.83168816473335 ], [ 3413527.354163884650916, 8373506.772913216613233 ], [ 3413494.587234138976783, 8373515.021599053405225 ], [ 3413462.476047515403479, 8373525.53750133421272 ], [ 3413431.177270531188697, 8373538.269314288161695 ], [ 3413400.843605994712561, 8373553.154921053908765 ], [ 3413371.623047708999366, 8373570.121696948073804 ], [ 3413343.658159255515784, 8373589.086862801574171 ], [ 3413317.085377811919898, 8373609.95789027120918 ], [ 3413292.034348368179053, 8373632.632951973937452 ], [ 3413268.627291917335242, 8373657.001419543288648 ], [ 3413246.978408455383033, 8373682.944402216933668 ], [ 3413227.193320035468787, 8373710.335327147506177 ], [ 3413209.368555664550513, 8373739.040558098815382 ], [ 3413193.59108006907627, 8373768.920045374892652 ], [ 3413179.937869548331946, 8373799.828011034987867 ], [ 3413168.475536345969886, 8373831.613659142516553 ], [ 3413159.260003685485572, 8373864.121911286376417 ], [ 3413152.336233138572425, 8373897.194164036773145 ], [ 3413147.73800480319187, 8373930.669062136672437 ], [ 3413145.48775291396305, 8373964.383285759948194 ], [ 3413145.596456050407141, 8373998.172347306273878 ], [ 3413148.063583850394934, 8374031.871394633315504 ], [ 3413152.877099555451423, 8374065.316013927571476 ], [ 3413160.013518694322556, 8374098.343033354729414 ], [ 3413169.438023628201336, 8374130.791318603791296 ] ] } },
{ "type": "Feature", "properties": { }, "geometry": { "type": "LineString", "coordinates": [ [ 3416813.370137180667371, 8418280.461563970893621 ], [ 3417111.03350569633767, 8418247.031329544261098 ], [ 3417408.816570999100804, 8418214.684652104973793 ], [ 3417706.715389012824744, 8418183.421960828825831 ], [ 3418004.726013540755957, 8418153.243669984862208 ], [ 3418302.84449708648026, 8418124.150178208947182 ], [ 3418601.066891211550683, 8418096.141872318461537 ], [ 3418899.389245663769543, 8418069.219122605398297 ], [ 3418950.994154733605683, 8418019.148821683600545 ], [ 3419005.63921716529876, 8417972.41533419676125 ], [ 3419063.109061240684241, 8417929.202850816771388 ], [ 3419123.177181243430823, 8417889.681684015318751 ], [ 3419185.606831907760352, 8417854.007597921416163 ], [ 3419250.151959776412696, 8417822.321194646880031 ], [ 3419316.558174041099846, 8417794.747359247878194 ], [ 3419384.563748640008271, 8417771.39476809091866 ], [ 3419453.900654247961938, 8417752.355460558086634 ], [ 3419455.002446623519063, 8417692.785794600844383 ], [ 3419460.055513897445053, 8417633.420607076957822 ], [ 3419469.037572264205664, 8417574.521696565672755 ], [ 3419481.909010886680335, 8417516.348806856200099 ], [ 3419498.613066911231726, 8417459.158479211851954 ], [ 3419519.076075791846961, 8417403.202922819182277 ], [ 3419543.207795857917517, 8417348.728900430724025 ], [ 3419570.901806592475623, 8417295.976641653105617 ], [ 3419602.035977839957923, 8417245.178783414885402 ], [ 3419636.473008393775672, 8417196.55934333615005 ], [ 3419674.061031341087073, 8417150.332732198759913 ], [ 3419714.634284138213843, 8417106.702808855101466 ], [ 3419758.013839363586158, 8417065.861981390044093 ], [ 3419804.008393883239478, 8417027.990355966612697 ], [ 3419852.415112057235092, 8416993.254946695640683 ], [ 3419903.020521374419332, 8416961.808935984969139 ], [ 3419955.601452490780503, 8416933.791000267490745 ], [ 3420144.175303448457271, 8416820.643276870250702 ], [ 3420330.376338695641607, 8416703.631828987970948 ], [ 3420514.125405311118811, 8416582.806397436186671 ], [ 3420695.344392537605017, 8416458.218343256041408 ], [ 3420873.956265424843878, 8416329.920629227533937 ], [ 3421049.885096896905452, 8416197.967794120311737 ], [ 3421223.056100683286786, 8416062.415929634124041 ], [ 3421351.066946906968951, 8415961.153558861464262 ], [ 3421485.068159820977598, 8415867.962789699435234 ], [ 3421624.551540493499488, 8415783.197048185393214 ], [ 3421768.988098978530616, 8415707.177806852385402 ], [ 3421917.830060484353453, 8415640.193368598818779 ], [ 3422070.512942833825946, 8415582.497771393507719 ], [ 3422226.457697168923914, 8415534.309826221317053 ], [ 3422267.704997488763183, 8415508.514119673520327 ], [ 3422307.13270871900022, 8415480.01475409977138 ], [ 3422344.563901423942298, 8415448.939618108794093 ], [ 3422379.830605506431311, 8415415.42816018871963 ], [ 3422412.774563908111304, 8415379.63075971417129 ], [ 3422443.247942566405982, 8415341.708055971190333 ], [ 3422471.113994359504431, 8415301.830224988982081 ], [ 3422496.247671842109412, 8415260.17621516995132 ], [ 3422518.536189436446875, 8415216.932947156950831 ], [ 3422537.879528760444373, 8415172.294471738860011 ], [ 3422554.190887808334082, 8415126.461101530119777 ], [ 3422567.39707040740177, 8415079.638510702177882 ], [ 3422577.438814520370215, 8415032.036813257262111 ], [ 3422584.271058678161353, 8414983.869617937132716 ], [ 3422587.863143562804908, 8414935.353072164580226 ], [ 3422588.198949694167823, 8414886.704891679808497 ], [ 3422585.276970317587256, 8414838.143380923196673 ], [ 3422579.110317775513977, 8414789.886457491666079 ], [ 3422569.726664387620986, 8414742.150671100243926 ], [ 3422531.018853757996112, 8414571.150374930351973 ], [ 3422497.624466274864972, 8414399.033523300662637 ], [ 3422469.575527190696448, 8414225.965176580473781 ], [ 3422446.898935555946082, 8414052.111306665465236 ], [ 3422429.616438125260174, 8413877.638641098514199 ], [ 3422417.744609091896564, 8413702.714498560875654 ], [ 3422411.294833363499492, 8413527.506633250042796 ], [ 3422411.294833363499492, 8413527.506633250042796 ], [ 3422437.700138534419239, 8412999.400529837235808 ] ] } },
{ "type": "Feature", "properties": { }, "geometry": { "type": "LineString", "coordinates": [ [ 3427296.276289938483387, 8403889.570245953276753 ], [ 3427053.096258485224098, 8404056.894367855042219 ], [ 3426807.929020478390157, 8404221.293014347553253 ], [ 3426560.809767961036414, 8404382.742587087675929 ], [ 3426311.773972868453711, 8404541.219911096617579 ], [ 3426060.857382371090353, 8404696.702238380908966 ], [ 3425808.096013629343361, 8404849.167250793427229 ], [ 3425553.526148673612624, 8404998.593063121661544 ], [ 3425465.784500807523727, 8405048.674425126984715 ], [ 3425381.755666107870638, 8405104.762700337916613 ], [ 3425301.850192069541663, 8405166.583852289244533 ], [ 3425226.45848, 8405233.835836408659816 ], [ 3425155.948877810966223, 8405306.190073488280177 ], [ 3425090.665880560409278, 8405383.293056009337306 ], [ 3425030.928447484504431, 8405464.768074987456203 ], [ 3424977.028442859183997, 8405550.217060564085841 ], [ 3424929.229210853110999, 8405639.222526548430324 ], [ 3424887.764288544189185, 8405731.349611757323146 ], [ 3424852.836264848243445, 8405826.148202417418361 ], [ 3424824.615790485870093, 8405923.155132291838527 ], [ 3424803.240745067130774, 8406021.896446226164699 ], [ 3424788.815562366973609, 8406121.889714716002345 ], [ 3424781.410720796324313, 8406222.646391171962023 ], [ 3424781.062399, 8406323.674200536683202 ], [ 3424787.772298723924905, 8406424.479542339220643 ], [ 3424710.316792181693017, 8406633.710256578400731 ], [ 3424634.779001914896071, 8406843.640934705734253 ], [ 3424561.165252327453345, 8407054.253999708220363 ], [ 3424489.481706857215613, 8407265.531818388029933 ], [ 3424419.73436697665602, 8407477.456700563430786 ], [ 3424351.929072550497949, 8407690.010903837159276 ], [ 3424286.071500481106341, 8407903.176631895825267 ] ] } },
{ "type": "Feature", "properties": { }, "geometry": { "type": "LineString", "coordinates": [ [ 3375172.203883022535592, 8407434.482465112581849 ], [ 3375168.476284321863204, 8407380.810980213806033 ], [ 3375165.361977170221508, 8407327.100418984889984 ], [ 3375162.86136770201847, 8407273.357789037749171 ], [ 3375160.974782228004187, 8407219.590102670714259 ], [ 3375159.702466796152294, 8407165.804375112056732 ], [ 3375159.044587668497115, 8407112.00762308947742 ], [ 3375159.00123043730855, 8407058.20686643011868 ], [ 3375163.522098550572991, 8406922.333934308961034 ], [ 3375173.493021984118968, 8406786.751957200467587 ], [ 3375188.89793038321659, 8406651.67945527844131 ], [ 3375209.711995005141944, 8406517.334129331633449 ], [ 3375235.901669282931834, 8406383.932506822049618 ], [ 3375267.424742707982659, 8406251.689594747498631 ], [ 3375304.230408875737339, 8406120.818532871082425 ], [ 3375400.62634166283533, 8405978.194307073950768 ], [ 3375493.581421968061477, 8405833.30400818400085 ], [ 3375583.042404293548316, 8405686.230631349608302 ], [ 3375668.95804452849552, 8405537.058421133086085 ], [ 3375751.279129382688552, 8405385.87282389216125 ], [ 3375829.958504400681704, 8405232.76044200360775 ], [ 3375904.951101508922875, 8405077.808978628367186 ], [ 3375966.130591636989266, 8404976.789587391540408 ], [ 3376022.214758674614131, 8404872.854926833882928 ], [ 3376073.065034865867347, 8404766.261790273711085 ], [ 3376118.555783748161048, 8404657.273537633940578 ], [ 3376158.574610869400203, 8404546.159447917714715 ], [ 3376193.022641068790108, 8404433.194052113220096 ], [ 3376221.8147635567002, 8404318.656454972922802 ] ] } },
{ "type": "Feature", "properties": { }, "geometry": { "type": "LineString", "coordinates": [ [ 3373673.70281458646059, 8412134.626785492524505 ], [ 3373665.1274294978939, 8412045.161105323582888 ], [ 3373652.108548956923187, 8411956.233303867280483 ], [ 3373634.678461789619178, 8411868.063937662169337 ], [ 3373612.880397796165198, 8411780.871681211516261 ], [ 3373586.768419819884002, 8411694.872787319123745 ], [ 3373556.407290113624185, 8411610.28054778650403 ], [ 3373521.872309855185449, 8411527.30476656742394 ] ] } },
{ "type": "Feature", "properties": { }, "geometry": { "type": "LineString", "coordinates": [ [ 3373805.729340440127999, 8410108.019613642245531 ], [ 3373826.373199836350977, 8410024.622509328648448 ], [ 3373850.264034363441169, 8409942.096913084387779 ], [ 3373877.365261435043067, 8409860.569190977141261 ], [ 3373907.635383009444922, 8409780.164180753752589 ], [ 3373941.028048607520759, 8409701.004999861121178 ], [ 3373977.492126480676234, 8409623.212860433384776 ], [ 3374016.971781805157661, 8409546.906878765672445 ], [ 3374064.120781873818487, 8409504.187943050637841 ], [ 3374108.621310919523239, 8409458.71664928086102 ], [ 3374150.312976598273963, 8409410.656888006255031 ], [ 3374189.045510887634009, 8409360.181879995390773 ], [ 3374224.679310798179358, 8409307.473550794646144 ], [ 3374257.0859425063245, 8409252.721876142546535 ], [ 3374286.148603409528732, 8409196.124195801094174 ], [ 3374311.762543772812933, 8409137.884503433480859 ], [ 3374333.835443853400648, 8409078.212711986154318 ] ] } },
{ "type": "Feature", "properties": { }, "geometry": { "type": "LineString", "coordinates": [ [ 3374444.407659256830812, 8402244.18966749869287 ], [ 3374449.335722708608955, 8402250.910115823149681 ], [ 3374454.713938689325005, 8402257.276043185964227 ], [ 3374460.516881823074073, 8402263.257355211302638 ], [ 3374466.717118978034705, 8402268.825774667784572 ], [ 3374473.28533899737522, 8402273.954977987334132 ], [ 3374480.190490841399878, 8402278.620716569945216 ], [ 3374487.399930715095252, 8402282.800933359190822 ], [ 3374494.879576563369483, 8402286.475866792723536 ], [ 3374502.594068407546729, 8402289.628144262358546 ], [ 3374510.506936788093299, 8402292.24286269955337 ], [ 3374518.580773710738868, 8402294.307661531493068 ], [ 3374526.777410625945777, 8402295.81277990154922 ], [ 3374535.058098315726966, 8402296.751101968809962 ], [ 3374543.383690356742591, 8402297.118191717192531 ], [ 3374551.714827894698828, 8402296.912314413115382 ], [ 3374560.012125849258155, 8402296.134442804381251 ], [ 3374568.236359238158911, 8402294.788254259154201 ], [ 3374576.34864830924198, 8402292.880112646147609 ], [ 3374584.310642718803138, 8402290.419039247557521 ], [ 3374592.084702610503882, 8402287.416668413206935 ], [ 3374599.634076356422156, 8402283.887193201109767 ], [ 3374606.923074721824378, 8402279.847300050780177 ], [ 3374613.917239427100867, 8402275.316086290404201 ], [ 3374620.583505868446082, 8402270.314973352476954 ], [ 3374626.890359520446509, 8402264.867603776976466 ], [ 3374632.807985186111182, 8402258.999729631468654 ], [ 3374638.30840754462406, 8402252.739091394469142 ], [ 3374643.365623592864722, 8402246.115285871550441 ], [ 3374647.955725646112114, 8402239.159625777974725 ], [ 3374652.057014131452888, 8402231.90499459207058 ], [ 3374655.650100622326136, 8402224.385688621550798 ], [ 3374677.073431176599115, 8402181.342808706685901 ], [ 3374698.585829966701567, 8402138.344374943524599 ], [ 3374720.187204718124121, 8402095.390571592375636 ], [ 3374741.877462744247168, 8402052.481583116576076 ], [ 3374763.656511181034148, 8402009.617592621594667 ], [ 3374785.524256629403681, 8401966.798784716054797 ], [ 3374807.480605353601277, 8401924.025342304259539 ] ] } },
{ "type": "Feature", "properties": { }, "geometry": { "type": "LineString", "coordinates": [ [ 3375055.03034132765606, 8400435.426263306289911 ], [ 3375043.581198632717133, 8400481.637583466246724 ], [ 3375035.140160984359682, 8400528.491802893579006 ], [ 3375029.742466210853308, 8400575.793323991820216 ], [ 3375027.410647630225867, 8400623.344681261107326 ], [ 3375028.154439687263221, 8400670.94736766628921 ], [ 3375031.970737099181861, 8400718.40266084484756 ], [ 3375038.843608564697206, 8400765.512454234063625 ], [ 3375048.744362652301788, 8400812.080082627013326 ], [ 3375061.631667620502412, 8400857.91114603728056 ] ] } },
{ "type": "Feature", "properties": { }, "geometry": { "type": "LineString", "coordinates": [ [ 3374678.754742645658553, 8401207.781439548358321 ], [ 3374678.402049689088017, 8401164.8729761056602 ], [ 3374680.764335529413074, 8401122.028136909008026 ], [ 3374685.832137822639197, 8401079.418537614867091 ], [ 3374693.585157632362098, 8401037.214848993346095 ], [ 3374703.992340087424964, 8400995.58611917309463 ], [ 3374717.01199960662052, 8400954.699090478941798 ], [ 3374732.591985599603504, 8400914.717536628246307 ], [ 3374750.669893054757267, 8400875.801603119820356 ], [ 3374771.173310743179172, 8400838.107167158275843 ] ] } },
{ "type": "Feature", "properties": { }, "geometry": { "type": "LineString", "coordinates": [ [ 3376438.008199640084058, 8398997.98746307939291 ], [ 3376464.066166662145406, 8398978.966020844876766 ], [ 3376491.326590892858803, 8398961.711972484365106 ], [ 3376519.669790267478675, 8398946.30106925778091 ], [ 3376548.971329450141639, 8398932.800968645140529 ], [ 3376579.10256528807804, 8398921.270941255614161 ], [ 3376609.931212305556983, 8398911.761607645079494 ], [ 3376641.32192301703617, 8398904.314715860411525 ], [ 3376673.136882185470313, 8398898.962961195036769 ], [ 3376705.236412164755166, 8398895.72983861900866 ], [ 3376737.47958590881899, 8398894.62954356521368 ], [ 3376769.724845846649259, 8398895.666905542835593 ], [ 3376834.113099994603544, 8398889.211988143622875 ], [ 3376898.604461537208408, 8398883.88493325561285 ], [ 3376963.179175734054297, 8398879.687373159453273 ], [ 3377027.81746220542118, 8398876.6205935459584 ], [ 3377092.499521241988987, 8398874.685532830655575 ], [ 3377157.205539646092802, 8398873.88278453797102 ], [ 3377221.915696894284338, 8398874.212595092132688 ], [ 3377260.003692214377224, 8398875.666430180892348 ], [ 3377298.11899290047586, 8398875.847754685208201 ], [ 3377336.219096540939063, 8398874.756367204710841 ], [ 3377374.261517643462867, 8398872.393483636900783 ], [ 3377412.203835105523467, 8398868.761739460751414 ], [ 3377450.003739540465176, 8398863.865184968337417 ], [ 3377487.619080174248666, 8398857.709279360249639 ] ] } },
{ "type": "Feature", "properties": { }, "geometry": { "type": "LineString", "coordinates": [ [ 3377355.59255432151258, 8398367.560802126303315 ], [ 3377363.203341204673052, 8398332.099019641056657 ], [ 3377373.25656929332763, 8398297.250853696838021 ], [ 3377385.703770517837256, 8398263.184312341734767 ], [ 3377400.484934925567359, 8398230.063634870573878 ], [ 3377417.52880024863407, 8398198.048501966521144 ], [ 3377436.753195404540747, 8398167.293262956663966 ], [ 3377458.065436601173133, 8398137.946194170042872 ], [ 3377481.362774371635169, 8398110.148781774565578 ], [ 3377506.532888769637793, 8398084.035041807219386 ], [ 3377533.454430579673499, 8398059.730871675536036 ], [ 3377561.997607111465186, 8398037.353446958586574 ], [ 3377592.024807333480567, 8398017.010651109740138 ], [ 3377623.391265391837806, 8397998.800560949370265 ], [ 3377655.945759057532996, 8397982.810969827696681 ], [ 3377689.531337856780738, 8397969.118965623900294 ], [ 3377723.986080765258521, 8397957.790559766814113 ], [ 3377759.143875983543694, 8397948.880368391051888 ], [ 3377794.83522279933095, 8397942.431348914280534 ], [ 3377830.888047393411398, 8397938.474593102931976 ], [ 3377899.364786354824901, 8397933.183094820007682 ], [ 3377968.033131503034383, 8397931.870805967599154 ], [ 3378036.662044643890113, 8397934.542141912505031 ], [ 3378105.020619749557227, 8397941.188114641234279 ], [ 3378172.878860496450216, 8397951.786362875252962 ], [ 3378240.008454648777843, 8397966.301229318603873 ], [ 3378306.183540465775877, 8397984.683877151459455 ] ] } },
{ "type": "Feature", "properties": { }, "geometry": { "type": "LineString", "coordinates": [ [ 3371711.458574090152979, 8403767.445709530264139 ], [ 3371744.606262349989265, 8403729.359337421134114 ], [ 3371779.033421207219362, 8403692.425454376265407 ], [ 3371814.700006842147559, 8403656.687020776793361 ], [ 3371851.564533113967627, 8403622.185605047270656 ], [ 3371889.584121037274599, 8403588.961337802931666 ], [ 3371928.71454801550135, 8403557.052864642813802 ], [ 3371968.910299504175782, 8403526.497299848124385 ], [ 3372027.46712049189955, 8403493.598198425024748 ], [ 3372084.205485540442169, 8403457.653657138347626 ], [ 3372138.967156648170203, 8403418.763921735808253 ], [ 3372191.599407910834998, 8403377.037452219054103 ], [ 3372241.955452757887542, 8403332.590620219707489 ], [ 3372289.894852721132338, 8403285.547383796423674 ], [ 3372335.283908747136593, 8403236.038942970335484 ], [ 3372382.062287876848131, 8403192.936721060425043 ], [ 3372431.526160536333919, 8403152.944927031174302 ], [ 3372483.469082355033606, 8403116.23047256283462 ], [ 3372537.674261807929724, 8403082.946590421721339 ], [ 3372593.915465889498591, 8403053.232195669785142 ], [ 3372651.957964012864977, 8403027.21130583062768 ], [ 3372711.559507429599762, 8403004.992522725835443 ], [ 3372836.219401074573398, 8402917.266320314258337 ], [ 3372954.232751993928105, 8402820.784069873392582 ], [ 3373064.985800265800208, 8402716.04755306057632 ], [ 3373167.90254509402439, 8402603.601480005308986 ], [ 3373262.447740106377751, 8402484.030656673014164 ], [ 3373348.129678083583713, 8402357.956943120807409 ], [ 3373424.50274703791365, 8402226.036020191386342 ], [ 3373436.537620812188834, 8402198.432938391342759 ], [ 3373450.436681082006544, 8402171.719936482608318 ], [ 3373466.134516119491309, 8402146.022732732817531 ], [ 3373483.557248591911048, 8402121.462262151762843 ], [ 3373502.622883677016944, 8402098.154111383482814 ], [ 3373523.241694569122046, 8402076.207973478361964 ], [ 3373545.316645144950598, 8402055.727131841704249 ], [ 3373568.743846177589148, 8402036.807972906157374 ], [ 3373593.413044571410865, 8402019.539534090086818 ], [ 3373619.208142041694373, 8402004.003084180876613 ], [ 3373646.007741570007056, 8401990.271740911528468 ], [ 3373673.68571901274845, 8401978.410126684233546 ], [ 3373702.11181616736576, 8401968.474064825102687 ], [ 3373731.152254104148597, 8401960.510315893217921 ], [ 3373760.670362641569227, 8401954.556359402835369 ], [ 3373790.527223497163504, 8401950.64021616615355 ], [ 3373820.582324597984552, 8401948.780315900221467 ] ] } },
{ "type": "Feature", "properties": { }, "geometry": { "type": "LineString", "coordinates": [ [ 3359396.684375112876296, 8437097.542161213234067 ], [ 3359499.647274453192949, 8437150.023266369476914 ], [ 3359602.871915640775114, 8437201.987662989646196 ], [ 3359706.355705737601966, 8437253.434045312926173 ], [ 3359810.09604513598606, 8437304.361121175810695 ], [ 3359914.090327801648527, 8437354.767610747367144 ], [ 3360018.335941392928362, 8437404.652248436585069 ], [ 3360122.830267306417227, 8437454.013781016692519 ], [ 3360161.240147650241852, 8437569.731774862855673 ], [ 3360204.59933500783518, 8437683.687704849988222 ], [ 3360252.827327608596534, 8437795.669997690245509 ], [ 3360305.834584354888648, 8437905.470743654295802 ], [ 3360363.522690468002111, 8438012.886084366589785 ], [ 3360425.784541189670563, 8438117.716590460389853 ], [ 3360492.504539696034044, 8438219.767630966380239 ] ] } },
{ "type": "Feature", "properties": { }, "geometry": { "type": "LineString", "coordinates": [ [ 3346765.046514091547579, 8438506.925324698910117 ], [ 3346789.405644713435322, 8438472.619982151314616 ], [ 3346815.514872100669891, 8438439.627073030918837 ], [ 3346843.303617119323462, 8438408.035785673186183 ], [ 3346872.696760296355933, 8438377.931518075987697 ], [ 3346903.614845064003021, 8438349.395649176090956 ], [ 3346935.974293051753193, 8438322.505318073555827 ], [ 3346969.687629164196551, 8438297.333214906975627 ], [ 3346995.431584635283798, 8438288.436478367075324 ], [ 3347021.722784364130348, 8438281.317772176116705 ], [ 3347048.438583731185645, 8438276.010303972288966 ], [ 3347075.454357623588294, 8438272.538831232115626 ], [ 3347102.644081592094153, 8438270.91954898647964 ], [ 3347129.880919456016272, 8438271.160010812804103 ], [ 3347157.037815570365638, 8438273.259094236418605 ], [ 3347183.98808717681095, 8438277.207008359953761 ], [ 3347210.60601508570835, 8438282.985336301848292 ], [ 3347236.767430781852454, 8438290.567122934386134 ], [ 3347262.350295269396156, 8438299.917000081390142 ], [ 3347287.235268035437912, 8438310.99135278724134 ], [ 3347311.306264809798449, 8438323.738520078361034 ] ] } },
{ "type": "Feature", "properties": { }, "geometry": { "type": "LineString", "coordinates": [ [ 3311129.436854691710323, 8446717.324901210144162 ], [ 3311180.792535999789834, 8446645.266541695222259 ], [ 3311229.879605751484632, 8446571.644040351733565 ], [ 3311276.650460600387305, 8446496.528793809935451 ], [ 3311321.059743403922766, 8446419.993646619841456 ], [ 3311363.064387422055006, 8446342.11282086931169 ], [ 3311402.623657682910562, 8446262.961842751130462 ], [ 3311439.699190447106957, 8446182.617471504956484 ], [ 3311464.796565058175474, 8446155.153916604816914 ], [ 3311491.757259404752403, 8446129.517106734216213 ], [ 3311520.448645352851599, 8446105.833157537505031 ], [ 3311550.729580401908606, 8446084.218578336760402 ], [ 3311582.451102971564978, 8446064.779697893187404 ], [ 3311615.457164644729346, 8446047.612142561003566 ], [ 3311649.585398077499121, 8446032.800364969298244 ], [ 3311684.66791522456333, 8446020.417228696867824 ], [ 3311720.532134055625647, 8446010.52365112118423 ], [ 3311757.001626729499549, 8446003.168301580473781 ], [ 3311793.89698815299198, 8445998.387363431975245 ], [ 3311831.036718248855323, 8445996.204355714842677 ], [ 3311868.238114356528968, 8445996.630017278715968 ], [ 3311905.318171143066138, 8445999.66225385479629 ], [ 3311942.09447959670797, 8446005.286149226129055 ], [ 3311978.386125209275633, 8446013.474037893116474 ], [ 3312014.014577909372747, 8446024.185640480369329 ], [ 3312029.250063002109528, 8445999.449417782947421 ], [ 3312046.145222363993526, 8445975.815664071589708 ], [ 3312064.620585798751563, 8445953.395546911284328 ], [ 3312084.589249729644507, 8445932.294523237273097 ], [ 3312105.957287072669715, 8445912.611848352476954 ], [ 3312128.624188065063208, 8445894.440103052183986 ], [ 3312152.483333706390113, 8445877.86476325802505 ], [ 3312177.422496914397925, 8445862.963794706389308 ], [ 3312203.324370264541358, 8445849.807287691161036 ], [ 3312230.067118286620826, 8445838.457126615568995 ], [ 3312257.524950027000159, 8445828.96670007519424 ], [ 3312285.568711280357093, 8445821.380648611113429 ], [ 3312314.066491484176368, 8445815.734654424712062 ], [ 3312342.884244560729712, 8445812.055275438353419 ], [ 3312371.886419354006648, 8445810.359817761927843 ], [ 3312400.936597406864166, 8445810.656257344409823 ], [ 3312429.898134347517043, 8445812.943199114874005 ] ] } },
{ "type": "Feature", "properties": { }, "geometry": { "type": "LineString", "coordinates": [ [ 3312726.957817517686635, 8445106.601285800337791 ], [ 3312720.215628836769611, 8445072.142816673964262 ], [ 3312715.87983216997236, 8445037.299681376665831 ], [ 3312713.971313714515418, 8445002.239721773192286 ], [ 3312714.499266623985022, 8444967.131824491545558 ], [ 3312717.461147903930396, 8444932.14510583691299 ], [ 3312722.842689871322364, 8444897.44810008816421 ], [ 3312730.617969393264502, 8444863.207944868132472 ], [ 3312740.749532222282141, 8444829.589577196165919 ], [ 3312753.188574075233191, 8444796.754939077422023 ], [ 3312767.875175117980689, 8444764.862197397276759 ], [ 3312784.738588928710669, 8444734.064981935545802 ], [ 3312803.697583436500281, 8444704.511644838377833 ], [ 3312824.660831711255014, 8444676.344546508044004 ], [ 3312847.527352545876056, 8444649.699369560927153 ], [ 3312872.186995956581086, 8444624.704466436058283 ] ] } },
{ "type": "Feature", "properties": { }, "geometry": { "type": "LineString", "coordinates": [ [ 3291662.125617610756308, 8444169.212952246889472 ], [ 3291820.481969765387475, 8444255.777755614370108 ], [ 3291984.804008917417377, 8444330.399915965273976 ], [ 3292154.19260537577793, 8444392.671120164915919 ], [ 3292327.720906018745154, 8444442.250634191557765 ], [ 3292504.439406828489155, 8444478.867172511294484 ], [ 3292683.381147555075586, 8444502.320377703756094 ], [ 3292863.567002876661718, 8444512.481919465586543 ], [ 3293065.52792556816712, 8444523.286328269168735 ], [ 3293267.444475883152336, 8444534.890475451946259 ], [ 3293469.313487052451819, 8444547.294180391356349 ], [ 3293671.131792783271521, 8444560.497247217223048 ], [ 3293872.89622794976458, 8444574.499468505382538 ], [ 3294074.603628116194159, 8444589.300626708194613 ], [ 3294276.250829507596791, 8444604.900487562641501 ], [ 3294397.590991541277617, 8444568.122423462569714 ], [ 3294517.916797465644777, 8444528.1504160836339 ], [ 3294637.144191860686988, 8444485.012389181181788 ], [ 3294755.189886331092566, 8444438.738476751372218 ], [ 3294871.971418208442628, 8444389.361004538834095 ], [ 3294987.407207890879363, 8444336.914466194808483 ], [ 3295101.416616091039032, 8444281.435499221086502 ], [ 3295113.934420439880341, 8444253.438537461683154 ], [ 3295128.369718877598643, 8444226.380313593894243 ], [ 3295144.652554511558264, 8444200.391959665343165 ], [ 3295162.704016685020179, 8444175.599420068785548 ], [ 3295182.43662381125614, 8444152.122846124693751 ], [ 3295203.754746794234961, 8444130.07601117901504 ], [ 3295226.555072783958167, 8444109.565759180113673 ], [ 3295250.727105974685401, 8444090.691487787291408 ], [ 3295276.153702854644507, 8444073.544666765257716 ], [ 3295302.711639880668372, 8444058.208393095061183 ], [ 3295330.272210835944861, 8444044.756990430876613 ], [ 3295358.701850652229041, 8444033.255647657439113 ], [ 3295387.862782239448279, 8444023.760103223845363 ], [ 3295417.613684772979468, 8444016.316374300047755 ], [ 3295447.810378193389624, 8444010.960535047575831 ], [ 3295478.306521892081946, 8444007.71854162029922 ], [ 3295508.954324213787913, 8444006.606105048209429 ], [ 3295539.605258557479829, 8444007.628616673871875 ], [ 3295570.110782870557159, 8444010.781121222302318 ] ] } },
{ "type": "Feature", "properties": { }, "geometry": { "type": "LineString", "coordinates": [ [ 3303798.664006682578474, 8443839.146637614816427 ], [ 3303844.177266554441303, 8443909.865034492686391 ], [ 3303887.473613560199738, 8443981.962016297504306 ], [ 3303928.511326908599585, 8444055.36810970120132 ], [ 3303967.250861882697791, 8444130.01257991604507 ], [ 3304003.654888689517975, 8444205.823497487232089 ], [ 3304037.68832798441872, 8444282.727811248973012 ], [ 3304069.318384682293981, 8444360.651414735242724 ], [ 3304096.977658778429031, 8444404.976424414664507 ], [ 3304127.517612498253584, 8444447.368088511750102 ], [ 3304160.803587436210364, 8444487.63949060253799 ], [ 3304196.688816904556006, 8444525.613063810393214 ], [ 3304235.015073656570166, 8444561.121372221037745 ], [ 3304275.613367199432105, 8444594.007851598784328 ], [ 3304318.304689168464392, 8444624.12749576382339 ], [ 3304362.900802254211158, 8444651.347499845549464 ], [ 3304409.205070852767676, 8444675.547843931242824 ], [ 3304457.013327240478247, 8444696.621822355315089 ], [ 3304506.114772360771894, 8444714.47651412896812 ], [ 3304556.292905241250992, 8444729.033193785697222 ], [ 3304607.326477534603328, 8444740.227676564827561 ] ] } },
{ "type": "Feature", "properties": { }, "geometry": { "type": "LineString", "coordinates": [ [ 3316598.635688165668398, 8459807.754939580336213 ], [ 3316684.183701941743493, 8459726.670866379514337 ], [ 3316763.713972811587155, 8459639.676466649398208 ], [ 3316836.819234251510352, 8459547.217230318114161 ], [ 3316903.125120639335364, 8459449.766632555052638 ], [ 3316962.292086243163794, 8459347.823708532378078 ], [ 3317014.01714253379032, 8459241.910498140379786 ], [ 3317058.035410403739661, 8459132.569372652098536 ], [ 3317094.121476530563086, 8459020.360258100554347 ], [ 3317122.090547566302121, 8458905.857765858992934 ], [ 3317141.799396703019738, 8458789.64825333096087 ], [ 3317153.147096749860793, 8458672.326817240566015 ], [ 3317054.714383129961789, 8458490.941092969849706 ], [ 3316961.318131876178086, 8458306.911421531811357 ], [ 3316873.029297828208655, 8458120.377613542601466 ], [ 3316789.914956211578101, 8457931.481382368132472 ], [ 3316712.038250756449997, 8457740.366236919537187 ], [ 3316639.458346013911068, 8457547.177372457459569 ], [ 3316572.230382995214313, 8457352.061558706685901 ], [ 3316546.169610091485083, 8457279.626053303480148 ], [ 3316515.525029821321368, 8457209.00752804428339 ], [ 3316480.422367214690894, 8457140.495708940550685 ], [ 3316441.005636691581458, 8457074.371675966307521 ], [ 3316397.43655216647312, 8457010.906715391203761 ], [ 3316349.893863439094275, 8456950.361202238127589 ], [ 3316298.572622537147254, 8456892.983536241576076 ], [ 3316243.68338370276615, 8456839.009118078276515 ], [ 3316185.451339482795447, 8456788.659387109801173 ], [ 3316124.115396737586707, 8456742.140912530943751 ], [ 3316059.927196979057044, 8456699.644543645903468 ], [ 3315993.150083064567298, 8456661.344629285857081 ], [ 3315924.058019800111651, 8456627.398301340639591 ], [ 3315852.934469171799719, 8456597.944831341505051 ], [ 3315780.071227874606848, 8456573.1050561722368 ], [ 3315694.625049044378102, 8456402.018930930644274 ], [ 3315617.885910182725638, 8456226.854390949010849 ], [ 3315550.047793864738196, 8456048.054219244047999 ], [ 3315491.282181977760047, 8455866.070388792082667 ], [ 3315441.737623244058341, 8455681.362921565771103 ], [ 3315401.539357234723866, 8455494.398724097758532 ], [ 3315370.788997729308903, 8455305.650407981127501 ], [ 3315344.794564858078957, 8455278.51797297783196 ], [ 3315316.963390341028571, 8455253.273066755384207 ], [ 3315287.432204722892493, 8455230.039715288206935 ], [ 3315256.346091269981116, 8455208.932059762999415 ], [ 3315223.857772230636328, 8455190.053800104185939 ], [ 3315190.126858353149146, 8455173.497683046385646 ], [ 3315155.319065570365638, 8455159.345046518370509 ], [ 3315119.605400204192847, 8455147.665420053526759 ], [ 3315083.161318897735327, 8455138.516185281798244 ], [ 3315046.165866851340979, 8455131.942290304228663 ], [ 3315008.800798177253455, 8455127.976032255217433 ], [ 3314971.249682545196265, 8455126.636896608397365 ], [ 3314933.697004079353064, 8455127.931462762877345 ], [ 3314896.32725417567417, 8455131.853370664641261 ], [ 3314859.324025868903846, 8455138.383352277800441 ], [ 3314822.869111299049109, 8455147.489326475188136 ], [ 3314787.141608833801001, 8455159.126556871458888 ], [ 3314752.317043303977698, 8455173.2378711681813 ], [ 3314718.566503285896033, 8455189.753942487761378 ], [ 3314686.055800914298743, 8455208.593629358336329 ], [ 3314654.944657325278968, 8455229.664374826475978 ], [ 3314625.385917663108557, 8455252.862660882994533 ], [ 3314597.524800061713904, 8455278.074516771361232 ], [ 3314571.498182892333716, 8455305.176080701872706 ], [ 3314547.433931707870215, 8455334.034205911681056 ], [ 3314525.450270890723914, 8455364.507115362212062 ], [ 3314505.655203571543097, 8455396.44510006532073 ], [ 3314488.145980253815651, 8455429.691252263262868 ], [ 3314473.008621926419437, 8455464.08223900385201 ] ] } },
{ "type": "Feature", "properties": { }, "geometry": { "type": "LineString", "coordinates": [ [ 3309290.967482181731611, 8452216.229703009128571 ], [ 3309572.509700091555715, 8452206.192886210978031 ], [ 3309854.230197761207819, 8452206.758033506572247 ], [ 3310135.729881047736853, 8452217.924345014616847 ], [ 3310416.609968661796302, 8452239.676001546904445 ], [ 3310696.472557161003351, 8452271.982188932597637 ], [ 3310974.921184213832021, 8452314.797142364084721 ], [ 3311251.561391104478389, 8452368.060207739472389 ] ] } },
{ "type": "Feature", "properties": { }, "geometry": { "type": "LineString", "coordinates": [ [ 3322166.854416030924767, 8453747.737402904778719 ], [ 3322085.671815948095173, 8453850.520968925207853 ], [ 3322001.567131496034563, 8453950.927532915025949 ], [ 3321914.609924435149878, 8454048.874050138518214 ], [ 3321824.872115969192237, 8454144.279509542509913 ], [ 3321732.427926636300981, 8454237.065003160387278 ], [ 3321637.353815869893879, 8454327.153790008276701 ], [ 3321539.728418227285147, 8454414.471358465030789 ] ] } },
{ "type": "Feature", "properties": { }, "geometry": { "type": "LineString", "coordinates": [ [ 3318844.736959245521575, 8455553.20014395006001 ], [ 3318826.03901855321601, 8455554.129964269697666 ], [ 3318807.447686715517193, 8455556.329949168488383 ], [ 3318789.049146413337439, 8455559.789900777861476 ], [ 3318770.928686141502112, 8455564.493779180571437 ], [ 3318753.170305728446692, 8455570.419779298827052 ], [ 3318735.856326460372657, 8455577.54043054394424 ], [ 3318719.067009448539466, 8455585.822723863646388 ], [ 3318702.880183696281165, 8455595.228266237303615 ], [ 3318687.370885490905493, 8455605.713456628844142 ], [ 3318672.611009835731238, 8455617.229689596220851 ], [ 3318658.668978333007544, 8455629.723580358549953 ], [ 3318645.609420775901526, 8455643.137212274596095 ], [ 3318633.492876648437232, 8455657.408403871580958 ], [ 3318622.375513672363013, 8455672.470999239012599 ], [ 3318612.308867692481726, 8455688.255174634978175 ], [ 3318603.339604138862342, 8455704.687760351225734 ], [ 3318595.50930094672367, 8455721.692580221220851 ], [ 3318588.854256629478186, 8455739.190806863829494 ], [ 3318583.405321359168738, 8455757.10132503323257 ], [ 3318579.187754630576819, 8455775.341107843443751 ], [ 3318576.221107244025916, 8455793.825603006407619 ], [ 3318574.519131659995764, 8455812.46912288479507 ], [ 3318574.089717506896704, 8455831.185242651030421 ], [ 3318574.934855341445655, 8455849.887202737852931 ], [ 3318577.050627588760108, 8455868.488306043669581 ], [ 3318580.427226066123694, 8455886.902326105162501 ], [ 3318585.048998474609107, 8455905.043901918455958 ], [ 3318590.894519567023963, 8455922.828936098143458 ], [ 3318597.936692118179053, 8455940.174983499571681 ], [ 3318606.142870902549475, 8455957.001634119078517 ], [ 3318615.475015282165259, 8455973.230886934325099 ], [ 3318625.889864921104163, 8455988.787508009001613 ], [ 3318637.3391402955167, 8456003.599382875487208 ], [ 3318649.76976704550907, 8456017.597849844023585 ], [ 3318663.12412130786106, 8456030.71801614575088 ], [ 3318677.34029722167179, 8456042.899062631651759 ], [ 3318692.352393984328955, 8456054.084522245451808 ], [ 3318708.090821027290076, 8456064.222543237730861 ], [ 3318724.48262087861076, 8456073.266128806397319 ], [ 3318741.45180730195716, 8456081.173357404768467 ], [ 3318758.919717440847307, 8456087.907573655247688 ], [ 3318817.852427321020514, 8456101.889459382742643 ], [ 3318877.53683097474277, 8456112.201072938740253 ], [ 3318937.74457538081333, 8456118.802962301298976 ], [ 3318998.245304822456092, 8456121.669867990538478 ], [ 3319058.807543038856238, 8456120.790821550413966 ], [ 3319119.199578165542334, 8456116.169186113402247 ], [ 3319179.190349578391761, 8456107.82264375500381 ], [ 3319238.550331949722022, 8456095.783129213377833 ], [ 3319297.052413224708289, 8456080.09670495800674 ], [ 3319354.472764014732093, 8456060.823388097807765 ], [ 3319410.591693116351962, 8456038.03691840916872 ], [ 3319465.194489198271185, 8456011.824476968497038 ], [ 3319518.072241097688675, 8455982.286352973431349 ], [ 3319573.746131113730371, 8455949.691423781216145 ], [ 3319631.386234301608056, 8455920.715054662898183 ], [ 3319690.757670521270484, 8455895.475324152037501 ], [ 3319751.618504166137427, 8455874.075081346556544 ], [ 3319813.720730423461646, 8455856.601531503722072 ], [ 3319876.811286329757422, 8455843.125878809019923 ], [ 3319940.633080958854407, 8455833.703035829588771 ], [ 3320004.926044106017798, 8455828.371399400755763 ], [ 3320069.428185242693871, 8455827.152696283534169 ], [ 3320133.87666170950979, 8455830.051893122494221 ], [ 3320198.008849242702127, 8455837.057174533605576 ] ] } },
{ "type": "Feature", "properties": { }, "geometry": { "type": "LineString", "coordinates": [ [ 3320673.304342315066606, 8456332.15664648450911 ], [ 3320735.294084928464144, 8456300.180599145591259 ], [ 3320796.76484855171293, 8456267.217877248302102 ], [ 3320857.700929522048682, 8456233.276901720091701 ], [ 3320918.086761235725135, 8456198.366343019530177 ], [ 3320977.906917533837259, 8456162.495118955150247 ], [ 3321037.146116397809237, 8456125.6723937317729 ], [ 3321095.789225045591593, 8456087.907573655247688 ], [ 3321123.614485882222652, 8456032.781542515382171 ], [ 3321155.186034146696329, 8455979.712136944755912 ], [ 3321190.352646231185645, 8455928.953553674742579 ], [ 3321228.945878266822547, 8455880.748918054625392 ], [ 3321270.780873894225806, 8455835.329124925658107 ], [ 3321315.657248615752906, 8455792.911729810759425 ], [ 3321363.360050558578223, 8455753.699905870482326 ], [ 3321413.660789250861853, 8455717.881473062559962 ], [ 3321466.31853062286973, 8455685.627996644005179 ], [ 3321521.081050775945187, 8455657.093967651948333 ], [ 3321577.686044410336763, 8455632.416059462353587 ] ] } },
{ "type": "Feature", "properties": { }, "geometry": { "type": "LineString", "coordinates": [ [ 3377055.232207994908094, 8437326.938249891623855 ], [ 3377144.122604507487267, 8437177.639070531353354 ], [ 3377234.198696441017091, 8437029.052243936806917 ], [ 3377325.45477533293888, 8436881.187185762450099 ], [ 3377417.885058044921607, 8436734.05326652340591 ], [ 3377511.483687228523195, 8436587.659809816628695 ], [ 3377606.244731086771935, 8436442.01609375141561 ], [ 3377702.162184676621109, 8436297.131348235532641 ], [ 3377772.217634823173285, 8436252.89164418913424 ], [ 3377845.216388538014144, 8436213.698538998141885 ], [ 3377920.795508622657508, 8436179.746895311400294 ], [ 3377998.579228400718421, 8436151.205513952299953 ], [ 3378078.180820583831519, 8436128.216297624632716 ], [ 3378159.204519390594214, 8436110.893545625731349 ], [ 3378241.247489094268531, 8436099.323383329436183 ], [ 3378323.901825785171241, 8436093.563335416838527 ], [ 3378406.75658619357273, 8436093.642040250822902 ], [ 3378489.399830579292029, 8436099.559106348082423 ], [ 3378571.420670821797103, 8436111.285114506259561 ], [ 3378652.411313321441412, 8436128.761766145005822 ], [ 3378731.969086332712322, 8436151.902169797569513 ], [ 3378760.988802757114172, 8436185.837287425994873 ], [ 3378787.628120178822428, 8436221.671390289440751 ], [ 3378811.763144850265235, 8436259.237821577116847 ], [ 3378833.281629800330848, 8436298.361867425963283 ], [ 3378852.083497285377234, 8436338.861569879576564 ], [ 3378868.08130371524021, 8436380.548574445769191 ], [ 3378881.200646757613868, 8436423.229003427550197 ], [ 3378891.380511044990271, 8436466.704358575865626 ], [ 3378898.57355236960575, 8436510.772445676848292 ], [ 3378902.746317147742957, 8436555.228313444182277 ], [ 3378903.879398941528052, 8436599.865207193419337 ], [ 3378901.967527985107154, 8436644.475530145689845 ], [ 3378897.019595980178565, 8436688.851809022948146 ], [ 3378889.05861461116001, 8436732.787659166380763 ], [ 3378878.121608852874488, 8436776.078744409605861 ], [ 3378864.259444355498999, 8436818.523726938292384 ], [ 3378847.536591052543372, 8436859.925204275175929 ], [ 3378828.030823468696326, 8436900.090626714751124 ], [ 3378805.832858681213111, 8436938.833194253966212 ], [ 3378781.045934795867652, 8436975.972722528502345 ], [ 3378753.78533040964976, 8437011.336483234539628 ], [ 3378724.177828993648291, 8437044.760007858276367 ], [ 3378692.361128577031195, 8437076.087850771844387 ], [ 3378667.776970915030688, 8437107.552126370370388 ], [ 3378645.449225701391697, 8437140.655800068750978 ], [ 3378625.486830591689795, 8437175.23735904507339 ], [ 3378607.98718237830326, 8437211.128078458830714 ], [ 3378593.035662292968482, 8437248.152846811339259 ], [ 3378580.705219268333167, 8437286.131019590422511 ], [ 3378571.056013822089881, 8437324.877300260588527 ], [ 3378564.135124563705176, 8437364.202644823119044 ], [ 3378559.976318716537207, 8437403.915184019133449 ], [ 3378558.599887251388282, 8437443.821159360930324 ], [ 3378560.012545704375952, 8437483.725868700072169 ], [ 3378564.207401752006263, 8437523.434615610167384 ], [ 3378571.163988470565528, 8437562.753661153838038 ], [ 3378580.848364710342139, 8437601.491166112944484 ], [ 3378593.213280081283301, 8437639.458129404112697 ], [ 3378608.198405861388892, 8437676.469309328123927 ], [ 3378625.730629205238074, 8437712.344127176329494 ], [ 3378645.724410175811499, 8437746.907549379393458 ], [ 3378668.082198380958289, 8437779.990940092131495 ], [ 3378692.694909929763526, 8437811.432884691283107 ], [ 3378719.442458509933203, 8437841.079976556822658 ], [ 3378748.194342493545264, 8437868.787567613646388 ], [ 3378778.810280560981482, 8437894.420471666380763 ], [ 3378811.140897035133094, 8437917.853624818846583 ], [ 3378845.028449811041355, 8437938.972696030512452 ], [ 3378880.307600907515734, 8437957.674646340310574 ], [ 3378916.806222527753562, 8437973.868226574733853 ] ] } },
{ "type": "Feature", "properties": { }, "geometry": { "type": "LineString", "coordinates": [ [ 3379458.114978526253253, 8437907.854963647201657 ], [ 3379500.357991739641875, 8437758.359581278637052 ], [ 3379550.82391012692824, 8437611.436021074652672 ], [ 3379609.357508539687842, 8437467.536197183653712 ], [ 3379675.778746246825904, 8437327.102723119780421 ], [ 3379749.883322010282427, 8437190.567550405859947 ], [ 3379831.44330160273239, 8437058.350640581920743 ], [ 3379920.20781901339069, 8436930.858672332018614 ], [ 3379928.79269146034494, 8436918.506642244756222 ], [ 3379938.211722179781646, 8436906.778277220204473 ], [ 3379948.419755339156836, 8436895.729804990813136 ], [ 3379959.367852329742163, 8436885.414192674681544 ], [ 3379971.003526567947119, 8436875.88089513592422 ], [ 3379983.270995378028601, 8436867.1756153088063 ], [ 3379996.11144709540531, 8436859.340088365599513 ], [ 3380009.46332275820896, 8436852.411878107115626 ], [ 3380023.262612103950232, 8436846.424199102446437 ], [ 3380037.443159698974341, 8436841.405757902190089 ], [ 3380051.93698215438053, 8436837.380612371489406 ], [ 3380066.674594282638282, 8436834.368060110136867 ], [ 3380081.585342406760901, 8436832.382544038817286 ], [ 3380096.597742437850684, 8436831.433582304045558 ], [ 3380111.63982319785282, 8436831.525724409148097 ], [ 3380126.639471053611487, 8436832.658529279753566 ], [ 3380141.524775981437415, 8436834.826565263792872 ], [ 3380156.224376081954688, 8436838.019438741728663 ], [ 3380170.667799472343177, 8436842.221843240782619 ], [ 3380184.785802959930152, 8436847.413631437346339 ], [ 3380198.510702847968787, 8436853.569913385435939 ], [ 3380211.776700376998633, 8436860.661174772307277 ], [ 3380224.520196794997901, 8436868.653419969603419 ], [ 3380236.680098294746131, 8436877.508332727476954 ], [ 3380248.198108791839331, 8436887.183461664244533 ], [ 3380259.019009589683264, 8436897.632422922179103 ], [ 3380269.090923904906958, 8436908.805122850462794 ], [ 3380278.365565895568579, 8436920.64799833111465 ], [ 3380286.798471569549292, 8436933.10427331738174 ], [ 3380294.349212884437293, 8436946.114230630919337 ], [ 3380300.981590389739722, 8436959.615499017760158 ], [ 3380306.663807868491858, 8436973.54335212521255 ], [ 3380311.368623971473426, 8436987.831017492339015 ], [ 3380315.07348322821781, 8437002.409998891875148 ], [ 3380317.760624289046973, 8437017.210402963683009 ], [ 3380319.41716444445774, 8437032.161274431273341 ], [ 3380320.035162090789527, 8437047.190937040373683 ], [ 3380319.611654519569129, 8437062.227337358519435 ], [ 3380318.148672103416175, 8437077.198388097807765 ], [ 3380315.653228520881385, 8437092.032317159697413 ], [ 3380312.137287139426917, 8437106.65800809673965 ], [ 3380307.617704033385962, 8437121.005343912169337 ], [ 3380302.116146444808692, 8437135.00554227642715 ], [ 3380295.658989548217505, 8437148.591483591124415 ], [ 3380288.277189731132239, 8437161.698036191985011 ], [ 3380280.006136178504676, 8437174.26236486248672 ], [ 3380270.885481401812285, 8437186.224234880879521 ], [ 3380260.958950987551361, 8437197.526300333440304 ], [ 3380250.274133646860719, 8437208.114376625046134 ], [ 3380249.81037431396544, 8437293.246366363018751 ], [ 3380247.612389208283275, 8437378.351240189746022 ], [ 3380243.681091188918799, 8437463.393674848601222 ], [ 3380238.018111466895789, 8437548.338371274992824 ], [ 3380230.625800610985607, 8437633.150070698931813 ], [ 3380221.507227236405015, 8437717.793572764843702 ], [ 3380210.66617589071393, 8437802.233742965385318 ], [ 3380215.167609104886651, 8437847.39696179702878 ], [ 3380222.659260226879269, 8437892.161394845694304 ], [ 3380233.108033298980445, 8437936.329283712431788 ], [ 3380246.467768311034888, 8437979.705507276579738 ], [ 3380262.679445504676551, 8438022.098440645262599 ], [ 3380281.671446203719825, 8438063.320803163573146 ], [ 3380303.359868645202368, 8438103.190485475584865 ], [ 3380327.648899554740638, 8438141.53135490231216 ], [ 3380354.431236147414893, 8438178.174030778929591 ], [ 3380383.588561534415931, 8438212.956636426970363 ], [ 3380414.992066502105445, 8438245.725511072203517 ], [ 3380448.503018617164344, 8438276.335890768095851 ], [ 3380483.973375677596778, 8438304.652547357603908 ], [ 3380521.246439098846167, 8438330.550385473296046 ], [ 3380560.157546638976783, 8438353.914994714781642 ], [ 3380600.534799336921424, 8438374.643157480284572 ], [ 3380642.199821471702307, 8438392.643301961943507 ], [ 3380684.968548178207129, 8438407.835907934233546 ], [ 3380728.652038647327572, 8438420.153858911246061 ], [ 3380773.05731094814837, 8438429.542738068848848 ], [ 3380817.988194816280156, 8438435.961067060008645 ], [ 3380817.988194816280156, 8438435.961067060008645 ], [ 3381293.283687888178974, 8438647.203508425503969 ], [ 3381414.835404941346496, 8438710.290733773261309 ], [ 3381532.869362262543291, 8438779.737135380506516 ], [ 3381647.053175329696387, 8438855.347152708098292 ], [ 3381757.065301060210913, 8438936.907866476103663 ], [ 3381862.595944193657488, 8439024.189601391553879 ], [ 3381963.347929307725281, 8439116.946570832282305 ], [ 3382059.037537837866694, 8439214.917569596320391 ], [ 3382128.672772735357285, 8439285.731354421004653 ], [ 3382193.48709513572976, 8439360.982677210122347 ], [ 3382253.198392152320594, 8439440.343997476622462 ], [ 3382307.546761631499976, 8439523.469882486388087 ], [ 3382356.295644878875464, 8439609.998516080901027 ], [ 3382399.232855796348304, 8439699.553269861266017 ], [ 3382436.171503901015967, 8439791.744344709441066 ], [ 3382466.950808763038367, 8439886.170466421172023 ], [ 3382491.436799067538232, 8439982.420631635934114 ], [ 3382509.522896498441696, 8440080.075898354873061 ], [ 3382521.130378324538469, 8440178.711208324879408 ], [ 3382521.130378324538469, 8440178.711208324879408 ], [ 3382521.130378324538469, 8440178.711208324879408 ], [ 3382520.73666056105867, 8440222.311761759221554 ], [ 3382519.213823565281928, 8440265.887491723522544 ], [ 3382516.562889337074012, 8440309.40916251949966 ], [ 3382512.78563618613407, 8440352.847574708983302 ], [ 3382507.884598144330084, 8440396.173583528026938 ], [ 3382501.863064012024552, 8440439.358123205602169 ], [ 3382494.725073154084384, 8440482.37221778742969 ] ] } },
{ "type": "Feature", "properties": { }, "geometry": { "type": "LineString", "coordinates": [ [ 3383920.611552371177822, 8437551.38334384188056 ], [ 3384036.102514167781919, 8437417.162307046353817 ], [ 3384150.209453333169222, 8437281.762692648917437 ], [ 3384262.920343160163611, 8437145.198772428557277 ], [ 3384374.223304271232337, 8437007.484939096495509 ], [ 3384484.106605757027864, 8436868.635707575827837 ], [ 3384592.558666010852903, 8436728.665712140500546 ], [ 3384699.568054906092584, 8436587.589705111458898 ] ] } },
{ "type": "Feature", "properties": { }, "geometry": { "type": "LineString", "coordinates": [ [ 3393096.455099180340767, 8431669.601617075502872 ], [ 3393055.104092146735638, 8431657.63851854391396 ], [ 3393013.015559715684503, 8431648.606522802263498 ], [ 3392970.39699625922367, 8431642.550158021971583 ], [ 3392927.458509325515479, 8431639.499281404539943 ], [ 3392884.411783694755286, 8431639.468933103606105 ], [ 3392841.469037651550025, 8431642.459263799712062 ], [ 3392798.841977118980139, 8431648.455530164763331 ], [ 3392756.740751266013831, 8431657.428171632811427 ], [ 3392715.372917413245887, 8431669.33295345120132 ], [ 3392674.94241690589115, 8431684.111185548827052 ], [ 3392635.648570179473609, 8431701.690011499449611 ], [ 3392597.685094356071204, 8431721.982769010588527 ], [ 3392561.239147305022925, 8431744.889415739104152 ], [ 3392526.490406035911292, 8431770.297022817656398 ], [ 3392493.610180139075965, 8431798.080331323668361 ], [ 3392462.760567664634436, 8431828.102372167631984 ], [ 3392434.093655585777014, 8431860.21513700298965 ], [ 3392407.750770687591285, 8431894.260311601683497 ], [ 3392383.861781997140497, 8431930.070054773241282 ], [ 3392362.544461275916547, 8431967.467827053740621 ], [ 3392343.90390181588009, 8432006.269258 ], [ 3392310.614761764649302, 8432083.645292513072491 ], [ 3392282.335565982852131, 8432162.989508373662829 ], [ 3392259.181792497169226, 8432243.977904794737697 ], [ 3392241.247989534866065, 8432326.27976512722671 ], [ 3392228.60738980723545, 8432409.559010980650783 ], [ 3392221.311610936652869, 8432493.475571630522609 ], [ 3392219.390445290599018, 8432577.686773998662829 ], [ 3392222.851738030556589, 8432661.848742716014385 ], [ 3392231.681354840751737, 8432745.617802780121565 ] ] } },
{ "type": "Feature", "properties": { }, "geometry": { "type": "LineString", "coordinates": [ [ 3375979.216022288426757, 8435868.045139212161303 ], [ 3376048.105053133796901, 8435703.575397351756692 ], [ 3376117.293273729272187, 8435539.231292992830276 ], [ 3376186.780454873573035, 8435375.013370035216212 ], [ 3376256.566366552840918, 8435210.922172544524074 ], [ 3376326.650777381844819, 8435046.958243638277054 ], [ 3376397.033455557655543, 8434883.12212691642344 ], [ 3376467.714167946018279, 8434719.414364287629724 ], [ 3376475.56108026066795, 8434683.306811371818185 ], [ 3376480.827810810413212, 8434646.733720982447267 ], [ 3376483.487842797767371, 8434609.879229066893458 ], [ 3376483.52778387023136, 8434572.928886411711574 ], [ 3376480.947432755958289, 8434536.06872939877212 ], [ 3376475.759780883323401, 8434499.484338758513331 ], [ 3376467.990946769248694, 8434463.359906194731593 ], [ 3376457.680044292937964, 8434427.877309320494533 ], [ 3376444.878986119758338, 8434393.215193269774318 ], [ 3376429.652222036849707, 8434359.548071859404445 ], [ 3376412.076414703857154, 8434327.045450685545802 ], [ 3376392.24005365325138, 8434295.870971200987697 ], [ 3376370.243009447585791, 8434266.181588647887111 ], [ 3376346.196031450759619, 8434238.126780984923244 ], [ 3376320.220189451705664, 8434211.847796438261867 ], [ 3376292.446264981757849, 8434187.476942537352443 ], [ 3376263.014092087280005, 8434165.136920450255275 ], [ 3376232.07185387564823, 8434144.940205572172999 ], [ 3376199.775336145889014, 8434126.988483427092433 ], [ 3376166.287143110763282, 8434111.372135637328029 ], [ 3376131.775878786575049, 8434098.169785974547267 ], [ 3376096.415298103820533, 8434087.447905538603663 ], [ 3376060.383431791793555, 8434079.260476110503078 ], [ 3376023.861690759193152, 8434073.648718355223536 ], [ 3375987.033952043857425, 8434070.640886032953858 ], [ 3375950.085633321199566, 8434070.252123394981027 ], [ 3375913.202759361825883, 8434072.48438760638237 ], [ 3375860.582004416268319, 8434043.388099091127515 ], [ 3375806.065162572078407, 8434018.02174649387598 ], [ 3375749.916221737395972, 8433996.508162496611476 ], [ 3375692.407072543632239, 8433978.951522348448634 ], [ 3375633.816192388068885, 8433965.436840055510402 ], [ 3375574.427296757232398, 8433956.029559133574367 ], [ 3375514.527965306770056, 8433950.775231836363673 ], [ 3375454.408249377738684, 8433949.699301240965724 ], [ 3375394.359267591964453, 8433952.806977747008204 ], [ 3375334.671795963775367, 8433960.083212850615382 ], [ 3375275.634859832935035, 8433971.492772914469242 ], [ 3375217.534335005562752, 8433986.980408566072583 ], [ 3375160.651561997830868, 8434006.471124678850174 ] ] } },
{ "type": "Feature", "properties": { }, "geometry": { "type": "LineString", "coordinates": [ [ 3373893.196913806721568, 8439393.153379499912262 ], [ 3373903.850589011795819, 8439401.358745601028204 ], [ 3373915.039381974842399, 8439408.817950781434774 ], [ 3373926.71112549258396, 8439415.496217248961329 ], [ 3373938.811400413047522, 8439421.36240672878921 ], [ 3373951.283789753448218, 8439426.389168737456203 ], [ 3373964.070141434203833, 8439430.553066251799464 ], [ 3373977.11083960486576, 8439433.834684846922755 ], [ 3373990.345082520972937, 8439436.218725202605128 ], [ 3374003.711165904533118, 8439437.694070814177394 ], [ 3374017.146771072875708, 8439438.253843305632472 ], [ 3374030.589254974853247, 8439437.895432470366359 ], [ 3374043.975942611228675, 8439436.620510099455714 ], [ 3374057.24441885901615, 8439434.435019491240382 ], [ 3374070.332820176612586, 8439431.349151132628322 ], [ 3374083.18012225581333, 8439427.377292631193995 ], [ 3374095.726425170432776, 8439422.53796243481338 ], [ 3374107.913232087623328, 8439416.85372400097549 ], [ 3374119.683722614776343, 8439410.351079938933253 ], [ 3374130.983017324935645, 8439403.060348032042384 ], [ 3374141.758433579932898, 8439395.015521047636867 ], [ 3374151.959731453564018, 8439386.254108007997274 ], [ 3374161.539347861893475, 8439376.81695893034339 ], [ 3374170.452618098817766, 8439366.748074328526855 ], [ 3374211.593173772096634, 8439235.72502464056015 ], [ 3374251.599011153914034, 8439104.351063024252653 ], [ 3374290.467137813102454, 8438972.636016367003322 ], [ 3374328.194646238815039, 8438840.589736459776759 ], [ 3374364.778714508749545, 8438708.222101461142302 ], [ 3374400.216605931520462, 8438575.543012082576752 ], [ 3374434.50566980522126, 8438442.562393354251981 ] ] } },
{ "type": "Feature", "properties": { }, "geometry": { "type": "LineString", "coordinates": [ [ 3388564.64459926309064, 8434626.99579619243741 ], [ 3388614.834278387483209, 8434601.115761918947101 ], [ 3388665.632954817730933, 8434576.452539637684822 ], [ 3388717.011132955085486, 8434553.020449159666896 ], [ 3388768.938981174957007, 8434530.833095548674464 ], [ 3388821.386348348576576, 8434509.903361991047859 ], [ 3388874.322781962808222, 8434490.243401212617755 ], [ 3388927.717545359861106, 8434471.864628314971924 ] ] } },
{ "type": "Feature", "properties": { }, "geometry": { "type": "LineString", "coordinates": [ [ 3390145.662246356718242, 8432613.591276928782463 ], [ 3390174.900744327809662, 8432574.771514024585485 ], [ 3390206.772950362879783, 8432538.083283670246601 ], [ 3390241.123949288856238, 8432503.704909322783351 ], [ 3390277.786778091918677, 8432471.803486822172999 ], [ 3390316.583236646372825, 8432442.534073121845722 ], [ 3390357.324754962231964, 8432416.038932885974646 ], [ 3390399.8133086245507, 8432392.446846123784781 ], [ 3390413.907463082112372, 8432387.339060064405203 ], [ 3390428.329766457900405, 8432383.248603112995625 ], [ 3390443.006890058051795, 8432380.196273325011134 ], [ 3390457.864209293853492, 8432378.197589395567775 ], [ 3390472.826183676254004, 8432377.262713907286525 ], [ 3390487.816740750800818, 8432377.396399496123195 ], [ 3390502.759662389289588, 8432378.597967622801661 ], [ 3390517.578972816001624, 8432380.861307619139552 ], [ 3390532.199324845802039, 8432384.174912927672267 ], [ 3390546.546382665168494, 8432388.521935461089015 ], [ 3390560.547200202476233, 8432393.880272863432765 ], [ 3390574.130591511260718, 8432400.222681997343898 ], [ 3390587.22749352408573, 8432407.516914365813136 ], [ 3390599.771316170226783, 8432415.72588443569839 ], [ 3390611.69828164530918, 8432424.807853696867824 ], [ 3390622.947748660575598, 8432434.716646192595363 ], [ 3390633.462520122062415, 8432445.401881216093898 ], [ 3390643.189135074149817, 8432456.809231279417872 ], [ 3390652.078139370307326, 8432468.880696065723896 ], [ 3390660.084337600506842, 8432481.554900880903006 ], [ 3390667.167023477610201, 8432494.767403660342097 ] ] } },
{ "type": "Feature", "properties": { }, "geometry": { "type": "LineString", "coordinates": [ [ 3359670.639416249003261, 8447172.816415404900908 ], [ 3359627.337360446341336, 8447206.639936905354261 ], [ 3359581.848213297780603, 8447237.45934802107513 ], [ 3359534.380022286903113, 8447265.133695123717189 ], [ 3359485.149886488448828, 8447289.53640746884048 ], [ 3359434.382963060867041, 8447310.555877206847072 ], [ 3359382.311437725555152, 8447328.095970628783107 ], [ 3359329.173463224899024, 8447342.076467512175441 ], [ 3359275.212069272529334, 8447352.433426378294826 ], [ 3359220.674052118789405, 8447359.119479654356837 ], [ 3359165.808844685088843, 8447362.10404777340591 ], [ 3359110.867376684676856, 8447361.37348079495132 ], [ 3359056.100926637183875, 8447356.931120393797755 ], [ 3359001.75997221423313, 8447348.797283170744777 ], [ 3358948.093045472633094, 8447337.009170530363917 ], [ 3358895.345595597755164, 8447321.620695589110255 ], [ 3358843.758866428863257, 8447302.702238557860255 ], [ 3358793.568793296348304, 8447280.340324876829982 ], [ 3358745.004923700820655, 8447254.637228010222316 ], [ 3358698.289367794524878, 8447225.710502145811915 ], [ 3358653.635782002937049, 8447193.692446229979396 ], [ 3358611.248392700683326, 8447158.729496477171779 ], [ 3358571.321061133872718, 8447120.981558321043849 ], [ 3358534.036397695075721, 8447080.621274469420314 ], [ 3358499.564926146995276, 8447037.833235738798976 ], [ 3358468.0643041129224, 8446992.813135145232081 ], [ 3358439.678601622115821, 8446945.766875742003322 ], [ 3358414.537642597686499, 8446896.909626482054591 ], [ 3358392.756410836707801, 8446846.464838979765773 ], [ 3358374.434524297248572, 8446794.663226125761867 ], [ 3358359.655779122840613, 8446741.74170589260757 ], [ 3358348.4877670831047, 8446687.942317781969905 ], [ 3358340.981565658934414, 8446633.511117439717054 ], [ 3358337.171505129896104, 8446578.697049064561725 ], [ 3358364.795102523174137, 8446364.04369736276567 ], [ 3358380.716579517815262, 8446148.206650530919433 ], [ 3358384.888911365997046, 8445931.823389051482081 ], [ 3358377.29977524233982, 8445715.533006666228175 ], [ 3358357.971585592720658, 8445499.974324500188231 ], [ 3358326.961428926791996, 8445285.784000879153609 ], [ 3358284.360894788522273, 8445073.594654336571693 ], [ 3358209.531406464055181, 8445002.355995474383235 ], [ 3358129.903735121712089, 8444936.524143435060978 ], [ 3358045.867695092689246, 8444876.4213747959584 ], [ 3357957.834681510459632, 8444822.341920850798488 ], [ 3357866.235656737815589, 8444774.550525663420558 ], [ 3357771.519040345679969, 8444733.281149385496974 ], [ 3357674.148513912688941, 8444698.735826013609767 ], [ 3357574.600751161109656, 8444671.083669660612941 ], [ 3357473.36308443499729, 8444650.460050581023097 ], [ 3357370.931118845473975, 8444636.965931890532374 ], [ 3357267.806306242477149, 8444630.667372224852443 ], [ 3357164.49349021865055, 8444631.595206735655665 ], [ 3357061.49843486212194, 8444639.744893290102482 ], [ 3356959.325348438695073, 8444655.076535044237971 ], [ 3356858.474415571894497, 8444677.515076775103807 ], [ 3356760.288065866101533, 8444766.755326399579644 ], [ 3356668.798514638561755, 8444862.849256264045835 ], [ 3356584.482948660384864, 8444965.295665739104152 ], [ 3356507.781136512290686, 8445073.560218809172511 ], [ 3356439.093135952483863, 8445187.078234670683742 ], [ 3356378.777206182014197, 8445305.257632253691554 ], [ 3356327.147940158378333, 8445427.48201703839004 ], [ 3356284.474623083602637, 8445553.113897798582911 ], [ 3356250.979828357230872, 8445681.498009679839015 ], [ 3356226.83825647784397, 8445811.964732645079494 ], [ 3356212.175823841709644, 8445943.833585964515805 ], [ 3356207.069006041157991, 8446076.416773924604058 ], [ 3356211.544438890181482, 8446209.022776674479246 ], [ 3356023.314165060874075, 8446320.514092432335019 ], [ 3355832.219847628381103, 8446427.021891813725233 ], [ 3355638.393398165237159, 8446528.472653387114406 ], [ 3355441.968613981734961, 8446624.796345708891749 ], [ 3355243.08108634641394, 8446715.926476698368788 ], [ 3355041.868106191512197, 8446801.800140844658017 ], [ 3354838.468570015393198, 8446882.358058527112007 ], [ 3354822.18237180961296, 8446972.166040025651455 ], [ 3354799.547178831882775, 8447060.587541835382581 ], [ 3354770.677738785278052, 8447147.17431497387588 ], [ 3354735.720403551589698, 8447231.487413404509425 ], [ 3354694.852387308608741, 8447313.099416730925441 ], [ 3354648.280868052970618, 8447391.596598146483302 ], [ 3354596.241937398444861, 8447466.581020353361964 ], [ 3354538.999403595458716, 8447537.672554014250636 ], [ 3354476.843454360496253, 8447604.510805128142238 ], [ 3354410.089185714256018, 8447666.756941316649318 ], [ 3354339.075004338752478, 8447724.095409391447902 ], [ 3354264.160912394057959, 8447776.235535142943263 ], [ 3354185.726682630367577, 8447822.912996547296643 ], [ 3354104.169932677876204, 8447863.891166292130947 ], [ 3354019.904109724331647, 8447898.962307598441839 ] ] } },
{ "type": "Feature", "properties": { }, "geometry": { "type": "LineString", "coordinates": [ [ 3346217.136431790422648, 8451780.542167689651251 ], [ 3346385.959858629386872, 8451633.429468736052513 ], [ 3346556.383342871442437, 8451488.173379378393292 ], [ 3346728.386467933189124, 8451344.79130077175796 ], [ 3346901.948627709876746, 8451203.300409315153956 ], [ 3347077.049029478803277, 8451063.717656569555402 ], [ 3347253.666696402709931, 8450926.059764012694359 ], [ 3347431.780469641555101, 8450790.343223787844181 ], [ 3347625.278496189042926, 8450687.052015446126461 ], [ 3347819.687490914016962, 8450585.485767627134919 ], [ 3348014.992076754104346, 8450485.652513502165675 ], [ 3348211.176805972587317, 8450387.560148714110255 ], [ 3348408.226160977035761, 8450291.216432834044099 ], [ 3348606.124556107446551, 8450196.628985546529293 ], [ 3348804.856338516343385, 8450103.805289350450039 ], [ 3348882.898116276133806, 8450026.619052594527602 ], [ 3348962.657416145317256, 8449951.20891853608191 ], [ 3349044.093826770316809, 8449877.613095281645656 ], [ 3349127.16608703089878, 8449805.868870256468654 ], [ 3349211.832107226364315, 8449736.012594664469361 ], [ 3349298.048990056384355, 8449668.0796615537256 ], [ 3349385.773052271455526, 8449602.104491109028459 ], [ 3349478.215451810508966, 8449497.774254014715552 ], [ 3349577.892072943039238, 8449400.332133488729596 ], [ 3349684.291050552856177, 8449310.278521059080958 ], [ 3349796.865998029243201, 8449228.075864313170314 ], [ 3349915.038814186584204, 8449154.146295545622706 ], [ 3350038.202650665771216, 8449088.869462011381984 ], [ 3350165.725029587280005, 8449032.580577371641994 ], [ 3350296.951090096961707, 8448985.568699834868312 ], [ 3350431.206952598877251, 8448948.075247483327985 ], [ 3350567.803178641945124, 8448920.292758634313941 ], [ 3350706.03831080486998, 8448902.36390408501029 ] ] } },
{ "type": "Feature", "properties": { }, "geometry": { "type": "LineString", "coordinates": [ [ 3335760.635584203526378, 8456031.796300167217851 ], [ 3336060.622487806715071, 8455784.429101640358567 ], [ 3336365.155473081860691, 8455542.680608047172427 ], [ 3336674.129317402373999, 8455306.634348867461085 ], [ 3336987.437264203559607, 8455076.371881959959865 ], [ 3337304.971059052739292, 8454851.972768081352115 ], [ 3337626.620987677015364, 8454633.514541799202561 ], [ 3337952.275913369376212, 8454421.072684755548835 ], [ 3338103.841779100243002, 8454289.856293722987175 ], [ 3338262.901592353824526, 8454167.831999022513628 ], [ 3338428.898687242995948, 8454055.426851270720363 ], [ 3338601.252119302283973, 8453953.034237859770656 ], [ 3338779.358698486816138, 8453861.01250552944839 ], [ 3338962.59510028315708, 8453779.683704374358058 ], [ 3339150.320047358516604, 8453709.332463938742876 ], [ 3339341.87655376130715, 8453650.204993769526482 ], [ 3339536.594223610125482, 8453602.508224464952946 ] ] } },
{ "type": "Feature", "properties": { }, "geometry": { "type": "LineString", "coordinates": [ [ 3344910.073825842700899, 8451107.206885835155845 ], [ 3344778.834094621706754, 8451280.769540267065167 ], [ 3344637.242653360590339, 8451445.995826534926891 ], [ 3344485.827773808967322, 8451602.269292352721095 ], [ 3344325.154378652106971, 8451749.006888387724757 ], [ 3344155.821933745872229, 8451885.661142347380519 ], [ 3343978.462211608421057, 8452011.722202299162745 ], [ 3343793.736933937296271, 8452126.719740204513073 ], [ 3343602.33530316548422, 8452230.22470517642796 ], [ 3343404.971431114245206, 8452321.850923685356975 ], [ 3343358.715237164404243, 8452348.421528147533536 ], [ 3343314.398166210856289, 8452378.113778378814459 ], [ 3343272.230539440643042, 8452410.786760805174708 ], [ 3343232.412476658355445, 8452446.285413740202785 ], [ 3343195.132947682868689, 8452484.441268442198634 ], [ 3343160.568874477874488, 8452525.073242662474513 ], [ 3343128.884292006026953, 8452567.988504884764552 ], [ 3343100.229569792281836, 8452612.983386991545558 ], [ 3343074.740698098670691, 8452659.844350812956691 ], [ 3343052.538642525207251, 8452708.349002359434962 ], [ 3343033.728770255576819, 8452758.267147539183497 ], [ 3343018.400349497329444, 8452809.361883161589503 ], [ 3343006.626126408111304, 8452861.390722749754786 ], [ 3342998.461979150306433, 8452914.106747148558497 ], [ 3342993.946653484832495, 8452967.259774683043361 ], [ 3342993.101578354369849, 8453020.597550867125392 ], [ 3342995.930764197837561, 8453073.866943357512355 ], [ 3343002.420784353744239, 8453126.815145967528224 ], [ 3343012.540838360320777, 8453179.190875051543117 ], [ 3343026.242897986900061, 8453230.745565412566066 ], [ 3343043.461935789790004, 8453281.234546449035406 ], [ 3343064.116233372595161, 8453330.418206976726651 ], [ 3343088.10776906600222, 8453378.063130512833595 ], [ 3343126.490386594086885, 8453417.218441616743803 ], [ 3343162.353408824652433, 8453458.693824244663119 ], [ 3343195.556895493995398, 8453502.327437875792384 ], [ 3343225.971283435355872, 8453547.949019430205226 ], [ 3343253.477893006056547, 8453595.380550814792514 ], [ 3343277.969391454011202, 8453644.436948906630278 ], [ 3343299.350210431497544, 8453694.926792562007904 ] ] } },
{ "type": "Feature", "properties": { }, "geometry": { "type": "LineString", "coordinates": [ [ 3316313.128326002042741, 8462778.351771270856261 ], [ 3316529.997068922966719, 8462982.531736187636852 ], [ 3316739.16224792227149, 8463194.596437210217118 ], [ 3316940.337388038169593, 8463414.255429266020656 ], [ 3317133.246957540046424, 8463641.207863805815578 ], [ 3317317.626745250076056, 8463875.142904514446855 ], [ 3317493.22422282025218, 8464115.740152172744274 ], [ 3317659.79888970637694, 8464362.67008151113987 ], [ 3317668.374513532035053, 8464447.323106436058879 ], [ 3317682.835792843718082, 8464531.171465570107102 ], [ 3317703.112238764297217, 8464613.80645608715713 ], [ 3317729.105017542373389, 8464694.825289724394679 ], [ 3317760.687432288657874, 8464773.833055494353175 ], [ 3317797.705540656577796, 8464850.444644449278712 ], [ 3317839.978904842864722, 8464924.286628244444728 ], [ 3317887.301471471320838, 8464994.999078748747706 ], [ 3317939.442575454246253, 8465062.237320898100734 ], [ 3317996.148064970504493, 8465125.67361450009048 ], [ 3318057.141540050040931, 8465184.998752115294337 ], [ 3318122.125699281226844, 8465239.92356395535171 ], [ 3318190.783789991866797, 8465290.180330274626613 ], [ 3318262.781151175033301, 8465335.524082658812404 ], [ 3318337.76684534503147, 8465375.733802793547511 ], [ 3318415.375369190704077, 8465410.613495824858546 ], [ 3318495.228434443008155, 8465439.99314689449966 ], [ 3318576.936812638770789, 8465463.729550359770656 ], [ 3318660.102231740485877, 8465481.707008359953761 ], [ 3318744.319317698013037, 8465493.837893007323146 ], [ 3318829.177570461761206, 8465500.063073633238673 ], [ 3318914.263364433776587, 8465500.352208135649562 ], [ 3318999.161965012084693, 8465494.703886507079005 ], [ 3319083.459550261031836, 8465483.145640371367335 ], [ 3319166.745227574836463, 8465465.733808038756251 ], [ 3319248.613036512862891, 8465442.553260801360011 ], [ 3319328.663928214926273, 8465413.716987306252122 ], [ 3319406.507709766738117, 8465379.365544943138957 ], [ 3319481.764946483075619, 8465339.666372826322913 ], [ 3319689.499663919676095, 8465059.368202758952975 ], [ 3319900.983208241406828, 8464781.887595908716321 ], [ 3320116.177368878852576, 8464507.274686811491847 ], [ 3320335.043264865409583, 8464235.579092023894191 ], [ 3320557.541351737920195, 8463966.849900500848889 ], [ 3320783.631428808439523, 8463701.135667396709323 ], [ 3321013.272646381985396, 8463438.484400536864996 ], [ 3321135.823939421214163, 8463225.48239890486002 ], [ 3321272.612153736874461, 8463021.331335309892893 ], [ 3321423.000721930991858, 8462826.981262682005763 ], [ 3321586.289785265456885, 8462643.336622236296535 ], [ 3321761.719449758064002, 8462471.252035615965724 ], [ 3321948.473323463927954, 8462311.528327463194728 ], [ 3322145.682315349113196, 8462164.908800600096583 ], [ 3322352.428679465781897, 8462032.075773237273097 ], [ 3322567.750285951420665, 8461913.647406343370676 ], [ 3322790.645099022425711, 8461810.174827970564365 ], [ 3323020.075839353259653, 8461722.139564443379641 ] ] } },
{ "type": "Feature", "properties": { }, "geometry": { "type": "LineString", "coordinates": [ [ 3325264.526778860483319, 8462065.408531662076712 ], [ 3325440.706840304657817, 8461884.228332120925188 ], [ 3325629.692448396235704, 8461716.448361607268453 ], [ 3325830.46700620604679, 8461562.971146104857326 ], [ 3326041.950501203071326, 8461424.622275350615382 ], [ 3326263.005315184127539, 8461302.145959852263331 ], [ 3326492.442343472968787, 8461196.201026914641261 ], [ 3326729.027391452342272, 8461107.357379646971822 ], [ 3326971.487814335152507, 8461036.092927534133196 ], [ 3327218.519361490383744, 8460982.791019665077329 ] ] } },
{ "type": "Feature", "properties": { }, "geometry": { "type": "LineString", "coordinates": [ [ 3367988.310545011889189, 8443436.465733747929335 ], [ 3367932.756607871968299, 8443552.371901914477348 ], [ 3367869.490274485200644, 8443664.255103437229991 ], [ 3367798.801310538779944, 8443771.602903364226222 ], [ 3367721.013478040229529, 8443873.923638818785548 ], [ 3367636.483052372466773, 8443970.748671052977443 ], [ 3367545.597190618049353, 8444061.634532449766994 ], [ 3367448.772158383857459, 8444146.164958475157619 ], [ 3367346.451423167716712, 8444223.952790735289454 ], [ 3367239.103623326867819, 8444294.641754476353526 ], [ 3367127.22042177291587, 8444357.908088132739067 ], [ 3367011.314253697171807, 8444413.462025061249733 ], [ 3366900.822181679308414, 8444454.078368339687586 ], [ 3366792.914276833645999, 8444501.132266772910953 ], [ 3366687.965229749213904, 8444554.460335252806544 ], [ 3366586.339457034599036, 8444613.877400396391749 ], [ 3366488.389835834037513, 8444679.177147863432765 ], [ 3366394.456478476058692, 8444750.132836339995265 ], [ 3366304.865551347844303, 8444826.498083842918277 ], [ 3366219.928143002092838, 8444908.007727298885584 ], [ 3366139.939183064736426, 8444994.378738816827536 ] ] } },
{ "type": "Feature", "properties": { }, "geometry": { "type": "LineString", "coordinates": [ [ 3368344.782164816278964, 8441271.230709752067924 ], [ 3368224.192806993611157, 8441257.761318990960717 ], [ 3368102.957279370166361, 8441252.74489239603281 ], [ 3367981.667382835876197, 8441256.205917833372951 ], [ 3367860.915183662902564, 8441268.127499578520656 ], [ 3367741.29012370062992, 8441288.451443670317531 ], [ 3367623.376142262946814, 8441317.078541276976466 ], [ 3367507.74882674170658, 8441353.869050500914454 ], [ 3367394.972601770889014, 8441398.643382547423244 ], [ 3367285.597975253593177, 8441451.182974813506007 ], [ 3367180.158849954139441, 8441511.231359956786036 ], [ 3367079.169917986728251, 8441578.495416916906834 ], [ 3366983.124148403294384, 8441652.646801302209496 ], [ 3366892.490380429197103, 8441733.32355023920536 ], [ 3366835.817523425444961, 8441776.693727623671293 ], [ 3366782.350045321509242, 8441823.959083395078778 ], [ 3366732.355104445945472, 8441874.88344812206924 ], [ 3366686.082507848273963, 8441929.212370870634913 ], [ 3366643.763463735114783, 8441986.674388883635402 ], [ 3366605.609425425063819, 8442046.982384679839015 ], [ 3366571.811035274993628, 8442109.835021017119288 ], [ 3366542.537172078620642, 8442174.918244360014796 ], [ 3366517.934107063338161, 8442241.906856851652265 ], [ 3366498.124772971495986, 8442310.466139923781157 ], [ 3366483.208150283433497, 8442380.253526920452714 ] ] } },
{ "type": "Feature", "properties": { }, "geometry": { "type": "LineString", "coordinates": [ [ 3359961.097773127257824, 8449654.915101444348693 ], [ 3360129.150859071873128, 8449707.319267768412828 ], [ 3360300.063104692380875, 8449749.474228600040078 ], [ 3360473.210047840606421, 8449781.225960729643703 ], [ 3360647.95906102610752, 8449802.458453653380275 ], [ 3360823.671663879882544, 8449813.094130037352443 ], [ 3360999.705854773055762, 8449813.094130037352443 ], [ 3361175.418457626830786, 8449802.458453653380275 ], [ 3361350.167470812331885, 8449781.225960729643703 ], [ 3361523.314413848798722, 8449749.474228600040078 ], [ 3361694.226659490726888, 8449707.319267768412828 ], [ 3361862.279745415784419, 8449654.915101444348693 ], [ 3362016.039223511237651, 8449500.444479262456298 ], [ 3362164.120676135178655, 8449340.522518452256918 ], [ 3362306.330964922439307, 8449175.357801435515285 ], [ 3362442.484608649741858, 8449005.165746686980128 ], [ 3362572.404025768395513, 8448830.168331440538168 ], [ 3362695.919766266364604, 8448650.593800818547606 ], [ 3362812.870731560047716, 8448466.676368763670325 ] ] } },
{ "type": "Feature", "properties": { }, "geometry": { "type": "LineString", "coordinates": [ [ 3309229.905213967896998, 8465979.99502320587635 ], [ 3309266.313604313880205, 8465921.778943391516805 ], [ 3309306.313696459401399, 8465865.969665264710784 ], [ 3309349.746896028053015, 8465812.788465498015285 ], [ 3309396.440996646415442, 8465762.446198938414454 ], [ 3309446.210863351356238, 8465715.142465112730861 ], [ 3309498.859165787231177, 8465671.064816473051906 ], [ 3309554.177161335479468, 8465630.388014791533351 ], [ 3309611.945522307883948, 8465593.273336885496974 ], [ 3309671.935205772984773, 8465559.867936825379729 ], [ 3309733.90836151316762, 8465530.304262967780232 ], [ 3309797.619275137316436, 8465504.699530133977532 ], [ 3309848.199548678938299, 8465490.798962265253067 ], [ 3309897.693266582209617, 8465473.421916699036956 ], [ 3309945.861800431739539, 8465452.652173994109035 ], [ 3309992.472910284530371, 8465428.58987426571548 ], [ 3310037.301865577232093, 8465401.3510303478688 ], [ 3310080.132528423797339, 8465371.066972253844142 ], [ 3310120.758394956123084, 8465337.883711336180568 ], [ 3310158.983592032920569, 8465301.961236951872706 ], [ 3310194.623820662032813, 8465263.472745893523097 ], [ 3310227.507245182525367, 8465222.603806016966701 ], [ 3310257.475321769248694, 8465179.551463125273585 ], [ 3310284.383562325965613, 8465134.523289678618312 ], [ 3310308.102231573779136, 8465087.736383175477386 ], [ 3310328.516972499433905, 8465039.416323333978653 ], [ 3310345.529357428662479, 8464989.796079305931926 ], [ 3310459.130821235012263, 8464939.436789780855179 ], [ 3310569.238882383797318, 8464881.838477838784456 ], [ 3310675.392843484412879, 8464817.242137907072902 ], [ 3310777.148551821243018, 8464745.918043611571193 ], [ 3310874.08025666186586, 8464668.164617288857698 ], [ 3310965.782391555141658, 8464584.307184487581253 ], [ 3311051.871270744130015, 8464494.696607355028391 ], [ 3311109.486865886952728, 8464423.290518924593925 ], [ 3311171.358193213120103, 8464355.538580602034926 ], [ 3311237.254005908500403, 8464291.694018362089992 ], [ 3311306.928015589248389, 8464231.995453355833888 ], [ 3311380.119812726508826, 8464176.666011808440089 ], [ 3311456.555840014945716, 8464125.912489412352443 ], [ 3311535.950414657127112, 8464079.924580095335841 ], [ 3311618.006796121131629, 8464038.874165533110499 ], [ 3311702.418295199051499, 8464002.91467303596437 ], [ 3311788.86942041805014, 8463972.180502578616142 ], [ 3311877.037057328037918, 8463946.786525063216686 ], [ 3311899.568784721195698, 8463955.274965321645141 ], [ 3311922.623652354348451, 8463962.217979565262794 ], [ 3311946.095796584617347, 8463967.583687303587794 ], [ 3311969.877437829505652, 8463971.347448823973536 ], [ 3311993.859375476371497, 8463973.491982934996486 ], [ 3312017.931489347945899, 8463974.007441995665431 ], [ 3312041.983245014678687, 8463972.89145946316421 ], [ 3312065.904201268684119, 8463970.149158952757716 ], [ 3312089.584518074523658, 8463965.793132780119777 ], [ 3312112.915459870826453, 8463959.843383310362697 ], [ 3312135.789895653259009, 8463952.327230451628566 ], [ 3312158.102790355216712, 8463943.279187200590968 ], [ 3312179.751687764655799, 8463932.740799902006984 ], [ 3312200.63718020869419, 8463920.760458944365382 ], [ 3312220.663365721236914, 8463907.393176076933742 ], [ 3312239.738287925254554, 8463892.700330255553126 ], [ 3312257.774358510505408, 8463876.749389169737697 ], [ 3312274.688759326469153, 8463859.613595960661769 ], [ 3312290.403822898399085, 8463841.371634958311915 ], [ 3312304.847388624679297, 8463822.107269762083888 ], [ 3312317.953134655486792, 8463801.908958433195949 ], [ 3312329.660881757270545, 8463780.869447229430079 ], [ 3312339.916870235931128, 8463759.085346220061183 ], [ 3312348.674006819259375, 8463736.656683443114161 ], [ 3312355.892080425750464, 8463713.686446188017726 ], [ 3312361.537946819793433, 8463690.280110834166408 ], [ 3312365.585681557189673, 8463666.545153139159083 ], [ 3312368.016698240768164, 8463642.590560434386134 ], [ 3312368.819833770859987, 8463618.526326313614845 ], [ 3312367.991400726139545, 8463594.462950265035033 ], [ 3312365.535202985163778, 8463570.510926382616162 ], [ 3312409.422724991571158, 8463477.402595248073339 ], [ 3312458.452370459213853, 8463386.896409332752228 ], [ 3312512.4704480166547, 8463299.27607393078506 ], [ 3312571.307629346381873, 8463214.816248891875148 ], [ 3312634.77947979606688, 8463133.781687557697296 ], [ 3312702.687036662828177, 8463056.426406111568213 ], [ 3312774.817433130927384, 8462982.992886334657669 ], [ 3312871.065954742953181, 8462898.103018214926124 ], [ 3312972.506280765868723, 8462819.490500722080469 ], [ 3313078.729695319663733, 8462747.472073553130031 ], [ 3313189.308210968505591, 8462682.337908266112208 ], [ 3313303.796293138992041, 8462624.350438116118312 ], [ 3313421.73265492869541, 8462573.743301866576076 ], [ 3313542.642115936614573, 8462530.720402035862207 ], [ 3313666.037516770884395, 8462495.455084254965186 ], [ 3313791.421682201791555, 8462468.089435506612062 ] ] } },
{ "type": "Feature", "properties": { }, "geometry": { "type": "LineString", "coordinates": [ [ 3338374.760796097572893, 8446195.820124069228768 ], [ 3338438.909609966911376, 8446099.519789269194007 ], [ 3338509.141840673983097, 8446007.561872266232967 ], [ 3338585.164445757400244, 8445920.330064771696925 ], [ 3338666.660222887527198, 8445838.188339231535792 ], [ 3338753.289132713805884, 8445761.479430196806788 ], [ 3338844.6897182459943, 8445690.523403642699122 ], [ 3338940.480612992774695, 8445625.616322038695216 ], [ 3339040.262131452094764, 8445567.029008386656642 ], [ 3339143.617937922012061, 8445515.005917070433497 ], [ 3339250.116782545577735, 8445469.764112947508693 ], [ 3339359.314301728736609, 8445431.492366312071681 ], [ 3339470.754871248733252, 8445400.350365636870265 ], [ 3339583.973508097231388, 8445376.468049310147762 ], [ 3339698.497810297645628, 8445359.945066502317786 ], [ 3339813.849927899427712, 8445350.850358607247472 ], [ 3339885.393573211506009, 8445345.711919354274869 ], [ 3339957.12144861696288, 8445345.618888150900602 ], [ 3340028.678182363044471, 8445350.571725843474269 ], [ 3340099.709251045715064, 8445360.545893667265773 ], [ 3340169.862735628616065, 8445375.491975305601954 ], [ 3340238.791064738761634, 8445395.335921285673976 ], [ 3340306.152737140189856, 8445419.979415891692042 ], [ 3340371.614013552200049, 8445449.300364969298244 ], [ 3340434.850569843780249, 8445483.153499124571681 ], [ 3340495.549104570876807, 8445521.371094701811671 ], [ 3340553.408890246879309, 8445563.76380586437881 ], [ 3340608.143264173995703, 8445610.121599672362208 ], [ 3340659.481048225890845, 8445660.2147998791188 ], [ 3340707.167892336379737, 8445713.795221803709865 ], [ 3340750.967534899245948, 8445770.59740543179214 ], [ 3340790.662973284255713, 8445830.339927671477199 ], [ 3340826.057538728695363, 8445892.726796876639128 ], [ 3340856.975871013477445, 8445957.448921727016568 ], [ 3340883.264787311665714, 8446024.185640459880233 ], [ 3340918.225509160198271, 8446169.928216155618429 ], [ 3340956.018380667548627, 8446314.96217511408031 ], [ 3340996.629062175285071, 8446459.232487676665187 ], [ 3341040.042144655715674, 8446602.68441247753799 ], [ 3341086.241155769210309, 8446745.26351903192699 ], [ 3341135.208566539920866, 8446886.915709670633078 ], [ 3341186.925796774215996, 8447027.587236946448684 ], [ 3341182.575400052592158, 8447206.926850605756044 ], [ 3341181.562569867353886, 8447386.316363088786602 ], [ 3341183.887657284270972, 8447565.693666456267238 ], [ 3341189.549857019912452, 8447744.996657369658351 ], [ 3341198.547208677511662, 8447924.163257353007793 ], [ 3341210.87659746222198, 8448103.131436634808779 ], [ 3341226.533754530362785, 8448281.839232552796602 ], [ 3341007.38297495432198, 8448517.262835312634706 ], [ 3340788.353420357685536, 8448752.799225546419621 ], [ 3340569.445149063598365, 8448988.448341367766261 ], [ 3340350.65821874095127, 8449224.210119722411036 ], [ 3340131.992687683086842, 8449460.084498144686222 ], [ 3339913.448613615706563, 8449696.071414280682802 ], [ 3339695.026054631453007, 8449932.170805716887116 ], [ 3339651.250003207474947, 8449991.384389901533723 ], [ 3339611.796075056772679, 8450053.561385914683342 ], [ 3339576.864083528053015, 8450118.386899469420314 ], [ 3339546.630940794479102, 8450185.532623765990138 ], [ 3339521.249761580955237, 8450254.65850162319839 ], [ 3339500.849088191520423, 8450325.414446828886867 ], [ 3339485.532239317428321, 8450397.442117689177394 ], [ 3339475.376786589156836, 8450470.376732347533107 ], [ 3339470.434162139426917, 8450543.848915575072169 ], [ 3339470.729397654067725, 8450617.486569402739406 ], [ 3339476.260998010169715, 8450690.916758535429835 ], [ 3339487.000948428642005, 8450763.767597196623683 ], [ 3339502.894856761675328, 8450835.670134827494621 ], [ 3339523.862228978425264, 8450906.260222459211946 ], [ 3339549.796876193024218, 8450975.180359959602356 ] ] } },
{ "type": "Feature", "properties": { }, "geometry": { "type": "LineString", "coordinates": [ [ 3342216.732698430307209, 8442631.10392602533102 ], [ 3342228.695084696169943, 8442829.21187499165535 ], [ 3342234.784225062467158, 8443027.587228087708354 ], [ 3342234.994775890838355, 8443226.055901048704982 ], [ 3342229.326552271377295, 8443424.443727014586329 ], [ 3342217.784528450109065, 8443622.576611308380961 ], [ 3342200.37883306061849, 8443820.280683070421219 ], [ 3342177.124740674160421, 8444017.382447486743331 ], [ 3342116.237079630605876, 8444213.411391500383615 ], [ 3342060.498904245439917, 8444410.966219674795866 ], [ 3342009.948373078834265, 8444609.911684511229396 ], [ 3341964.620093106757849, 8444810.111587999388576 ], [ 3341924.545096176210791, 8445011.428871881216764 ], [ 3341889.750817905180156, 8445213.725713972002268 ], [ 3341860.261078626383096, 8445416.863621532917023 ], [ 3341867.955040632747114, 8445576.014658262953162 ], [ 3341884.533057884778827, 8445734.486797569319606 ], [ 3341909.943292140495032, 8445891.784507749602199 ], [ 3341944.106287002097815, 8446047.415928838774562 ], [ 3341986.915217356290668, 8446200.894412754103541 ], [ 3342038.236222445033491, 8446351.740042498335242 ], [ 3342097.908825162332505, 8446499.481133529916406 ] ] } },
{ "type": "Feature", "properties": { }, "geometry": { "type": "LineString", "coordinates": [ [ 3343616.213872476946563, 8448334.649842893704772 ], [ 3343567.898313098587096, 8448354.991153864189982 ], [ 3343521.046686046291143, 8448378.508961016312242 ], [ 3343475.867547511588782, 8448405.098576543852687 ], [ 3343432.5620087380521, 8448434.641638753935695 ], [ 3343391.322840928565711, 8448467.006639478728175 ], [ 3343352.333616852294654, 8448502.049507616087794 ], [ 3343315.767894029151648, 8448539.614253519102931 ], [ 3343281.788441895972937, 8448579.533660409972072 ], [ 3343250.546517133247107, 8448621.63003015331924 ], [ 3343222.181190609466285, 8448665.715974329039454 ], [ 3343196.818728565704077, 8448711.595247743651271 ], [ 3343174.572029709350318, 8448759.063622472807765 ], [ 3343155.54012370062992, 8448807.90979671292007 ], [ 3343139.807729243766516, 8448857.916336057707667 ], [ 3343127.444878100883216, 8448908.860640523955226 ], [ 3343118.506602286826819, 8448960.515934942290187 ], [ 3343113.032689928542823, 8449012.652279851958156 ], [ 3343111.047507762443274, 8449065.037595270201564 ], [ 3343112.559892653953284, 8449117.438691614195704 ], [ 3343117.563112258445472, 8449169.622310159727931 ], [ 3343126.034895181190223, 8449221.356158731505275 ], [ 3343137.937530040275306, 8449272.409948823973536 ], [ 3343153.21803307486698, 8449322.55641889385879 ], [ 3343171.808384418021888, 8449371.572345254942775 ], [ 3343193.625830524135381, 8449419.239537531509995 ], [ 3343218.573252850212157, 8449465.345809606835246 ], [ 3343246.539600087329745, 8449509.685922987759113 ] ] } },
{ "type": "Feature", "properties": { }, "geometry": { "type": "LineString", "coordinates": [ [ 3302635.180247583426535, 8381317.985319699160755 ], [ 3303125.258833447936922, 8381173.22360223159194 ], [ 3303612.57263017212972, 8381019.41125325486064 ], [ 3304096.954509138595313, 8380856.601024626754224 ], [ 3304578.238346814643592, 8380684.848753212951124 ], [ 3305056.259082441683859, 8380504.213342946022749 ], [ 3305530.852774659637362, 8380314.756744798272848 ], [ 3306001.856656844262034, 8380116.543934431858361 ], [ 3306132.200357055291533, 8380035.271152036264539 ], [ 3306257.250894133001566, 8379946.068526156246662 ], [ 3306376.526504396926612, 8379849.279714106582105 ], [ 3306489.567672132980078, 8379745.277600287459791 ], [ 3306595.938900470267981, 8379634.462857960723341 ], [ 3306695.230388521682471, 8379517.262407063506544 ], [ 3306787.059610723983496, 8379394.127768038772047 ], [ 3306871.072790145408362, 8379265.533324240706861 ], [ 3306946.946261405479163, 8379131.97449183370918 ], [ 3307014.387718200217932, 8378993.965813874267042 ], [ 3307073.13733858242631, 8378852.038975603878498 ], [ 3307122.968786811456084, 8378706.740757482126355 ], [ 3307163.690084354020655, 8378558.630929362028837 ], [ 3307146.548172479961067, 8378441.061974788084626 ], [ 3307122.0556097230874, 8378324.801841838285327 ], [ 3307090.309116601478308, 8378210.309639691375196 ], [ 3307051.434059619437903, 8378098.037496565841138 ], [ 3307005.583955764304847, 8377988.428773402236402 ], [ 3306952.939866423141211, 8377881.916313885711133 ], [ 3306893.709682583343238, 8377778.920733689330518 ], [ 3306828.127303242217749, 8377679.848761319182813 ], [ 3306756.451712151523679, 8377585.091630322858691 ], [ 3306678.965955382678658, 8377495.023535514250398 ], [ 3306595.976023184601218, 8377410.000154437497258 ], [ 3306537.328998315613717, 8377338.612412027083337 ], [ 3306473.66804942348972, 8377271.657450309023261 ], [ 3306405.327222585212439, 8377209.486599921248853 ], [ 3306332.665119766723365, 8377152.426087140105665 ], [ 3306256.063018440734595, 8377100.775323866866529 ], [ 3306175.92286980105564, 8377054.805335043929517 ], [ 3306092.665190457832068, 8377014.757337330840528 ], [ 3306006.726855277549475, 8376980.841473101638258 ], [ 3305918.558805346023291, 8376953.235707997344434 ], [ 3305828.623681664001197, 8376932.084896801970899 ], [ 3305737.393397419247776, 8376917.500022759661078 ], [ 3305645.346662032883614, 8376909.557617477141321 ], [ 3305552.966468942817301, 8376908.299356195144355 ] ] } },
{ "type": "Feature", "properties": { }, "geometry": { "type": "LineString", "coordinates": [ [ 3298083.565768789034337, 8382172.857074595987797 ], [ 3298355.422841995023191, 8382136.845107780769467 ], [ 3298625.854503843467683, 8382091.349544370546937 ], [ 3298894.530027508269995, 8382036.426024436019361 ], [ 3299161.12083339644596, 8381972.141716717742383 ], [ 3299425.30089173046872, 8381898.575238073244691 ], [ 3299686.747121184132993, 8381815.816558109596372 ], [ 3299945.139783321414143, 8381723.966886694543064 ] ] } },
{ "type": "Feature", "properties": { }, "geometry": { "type": "LineString", "coordinates": [ [ 3326258.026385898236185, 8362170.838407809846103 ], [ 3326328.576649241615087, 8362528.241216034628451 ], [ 3326381.410257241223007, 8362888.689155453816056 ], [ 3326416.398562669288367, 8363251.304551838897169 ], [ 3326433.456370591651648, 8363615.204453228972852 ], [ 3326432.542145869228989, 8363979.502780312672257 ], [ 3326413.658114843536168, 8364343.312483877874911 ], [ 3326376.85025916621089, 8364705.74770419485867 ], [ 3326330.481115955393761, 8364832.411162684671581 ], [ 3326292.402616033796221, 8364961.808832799084485 ], [ 3326262.774264215957373, 8365093.398687838576734 ], [ 3326241.720168947707862, 8365226.62951850797981 ], [ 3326229.328522562514991, 8365360.943241595290601 ], [ 3326225.651231765281409, 8365495.777238368056715 ], [ 3326230.703700065147132, 8365630.566710232757032 ], [ 3326244.464763521682471, 8365764.747045277617872 ], [ 3326266.876779208425432, 8365897.756182824261487 ], [ 3326297.845866698306054, 8366029.036968777887523 ], [ 3326337.242301410064101, 8366158.039488581940532 ], [ 3326334.026505598798394, 8366258.96046038903296 ], [ 3326324.569137521088123, 8366359.488775156438351 ], [ 3326308.906477212440223, 8366459.23878741171211 ], [ 3326287.098609566222876, 8366557.827837466262281 ], [ 3326259.229193686973304, 8366654.877719162963331 ], [ 3326225.405141829978675, 8366750.016130923293531 ], [ 3326185.756209492217749, 8366842.878103970550001 ], [ 3326140.434497475158423, 8366933.107402323745191 ], [ 3326089.613868236076087, 8367020.357889412902296 ], [ 3326033.489279269706458, 8367104.294856308959424 ], [ 3325972.276035018265247, 8367184.596304558217525 ], [ 3325906.208961019292474, 8367260.954183066263795 ], [ 3325835.541503167245537, 8367333.075568676926196 ] ] } },
{ "type": "Feature", "properties": { }, "geometry": { "type": "LineString", "coordinates": [ [ 3320039.577018203213811, 8370178.247200817801058 ], [ 3320094.447640810161829, 8370250.377911480143666 ], [ 3320154.288790357299149, 8370318.441568976268172 ], [ 3320218.799957513343543, 8370382.096372365020216 ], [ 3320287.657180904876441, 8370441.022660731337965 ], [ 3320360.514674424659461, 8370494.924518584273756 ], [ 3320437.006563305389136, 8370543.531262873671949 ], [ 3320516.748721837531775, 8370586.598800896666944 ], [ 3320599.340701818000525, 8370623.910856484435499 ], [ 3320684.36774432612583, 8370655.280056475661695 ], [ 3320771.402861475478858, 8370680.548871754668653 ], [ 3320860.008981942664832, 8370699.590407609008253 ], [ 3320949.741144537460059, 8370712.309041737578809 ], [ 3321040.148733734618872, 8370718.640903471969068 ], [ 3321130.777741908561438, 8370718.55419587995857 ], [ 3321221.173049819655716, 8370712.049354201182723 ], [ 3321310.88071158900857, 8370699.159044416621327 ], [ 3321399.450234492775053, 8370679.947999060153961 ], [ 3321489.295897953677922, 8370696.241100518964231 ], [ 3321580.040523045230657, 8370706.395972363650799 ], [ 3321671.265241860877723, 8370710.365741013549268 ], [ 3321762.548970818053931, 8370708.132082222960889 ], [ 3321853.470353602897376, 8370699.705306290648878 ], [ 3321943.609706520568579, 8370685.124310730956495 ], [ 3322032.550955891143531, 8370664.456399439834058 ], [ 3322119.883558034431189, 8370637.796973465941846 ], [ 3322205.204394936095923, 8370605.26908993627876 ], [ 3322288.119634270202368, 8370567.022894381545484 ], [ 3322368.246548056136817, 8370523.234927176497877 ], [ 3322445.21527874423191, 8370474.107308625243604 ], [ 3322518.670546763110906, 8370419.866807095706463 ], [ 3322588.273290269542485, 8370360.763791291974485 ], [ 3322653.702230100054294, 8370297.071074085310102 ] ] } },
{ "type": "Feature", "properties": { }, "geometry": { "type": "LineString", "coordinates": [ [ 3324188.510593146085739, 8367917.292945575900376 ], [ 3324192.445396676193923, 8367933.243535724468529 ], [ 3324195.241085668560117, 8367949.432671945542097 ], [ 3324196.883630156051368, 8367965.77911043073982 ], [ 3324197.364787220489234, 8367982.200818537734449 ], [ 3324196.682142138015479, 8367998.615385293029249 ], [ 3324194.839120745193213, 8368014.940435885451734 ], [ 3324191.844972133170813, 8368031.094044684432447 ], [ 3324187.714722036849707, 8368046.995146512053907 ], [ 3324182.469097733031958, 8368062.563943146727979 ], [ 3324176.134423851501197, 8368077.722304343245924 ], [ 3324168.742490410339087, 8368092.394159316085279 ], [ 3324160.330393075477332, 8368106.505878685973585 ], [ 3324150.94034695578739, 8368119.986644028685987 ], [ 3324140.619475245010108, 8368132.768804072402418 ], [ 3324129.419572114478797, 8368144.788212298415601 ], [ 3324117.396843075286597, 8368155.984550713561475 ], [ 3324104.611623286735266, 8368166.301631449721754 ], [ 3324091.128073691856116, 8368175.687679528258741 ], [ 3324077.013860463630408, 8368184.095592021010816 ], [ 3324062.33981430483982, 8368191.483174323104322 ], [ 3324047.179575323592871, 8368197.813352822326124 ], [ 3324031.609223722945899, 8368203.054359911940992 ], [ 3324015.706897854339331, 8368207.179894684813917 ], [ 3323999.552401780616492, 8368210.169252871535718 ], [ 3323983.226805328857154, 8368212.007433175109327 ], [ 3323966.812036871444434, 8368212.685210703872144 ], [ 3323950.390472193714231, 8368212.199183862656355 ], [ 3323934.044521465431899, 8368210.551792112179101 ], [ 3323917.856215146370232, 8368207.751302453689277 ], [ 3323885.605731166433543, 8368208.648893249221146 ], [ 3323853.369521443732083, 8368207.335056184791028 ], [ 3323821.299046396743506, 8368203.815963744185865 ], [ 3323789.544987558852881, 8368198.108150481246412 ], [ 3323758.256540059577674, 8368190.238434313796461 ], [ 3323727.580711006652564, 8368180.243790625594556 ], [ 3323697.661629676353186, 8368168.171178816817701 ], [ 3323668.639869331847876, 8368154.077321528457105 ], [ 3323640.651787518989295, 8368138.028438090346754 ], [ 3323613.828884720336646, 8368120.099933623336256 ], [ 3323588.297187392599881, 8368100.376044153235853 ], [ 3323564.17665485246107, 8368078.949441564269364 ], [ 3323541.580616464372724, 8368055.920797722414136 ] ] } },
{ "type": "Feature", "properties": { }, "geometry": { "type": "LineString", "coordinates": [ [ 3363875.684264668729156, 8333768.632033601403236 ], [ 3363822.656747112050653, 8333893.990975267253816 ], [ 3363761.016383782494813, 8334015.346846495755017 ], [ 3363691.063297509681433, 8334132.108773468993604 ], [ 3363613.138085245620459, 8334243.708250044845045 ], [ 3363527.620159625541419, 8334349.601905583404005 ], [ 3363434.925902008544654, 8334449.274150847457349 ], [ 3363335.506634592544287, 8334542.239688157103956 ], [ 3363229.846423387061805, 8334628.045874594710767 ], [ 3363118.459720849525183, 8334706.274925231002271 ], [ 3363001.888861655723304, 8334776.545948027633131 ], [ 3362880.701421617995948, 8334838.516798018477857 ], [ 3362755.487454413902014, 8334891.885743140242994 ], [ 3362626.856618880759925, 8334936.392933606170118 ], [ 3362495.435209869872779, 8334971.821666716597974 ], [ 3362361.863109707366675, 8334997.999442338012159 ], [ 3362226.790672182571143, 8335014.798802613280714 ], [ 3362090.875556230079383, 8335022.137952326796949 ], [ 3361954.779523610603064, 8335019.98115801718086 ], [ 3361819.165216818917543, 8335008.338920508511364 ], [ 3361684.692933211103082, 8334987.267925626598299 ], [ 3361552.017409649677575, 8334956.870766281150281 ], [ 3361416.516223690938205, 8334952.814422589726746 ], [ 3361281.556057066656649, 8334940.055945262312889 ], [ 3361147.695196389686316, 8334918.648112534545362 ], [ 3361015.487380980979651, 8334888.679481505416334 ], [ 3360885.479511856567115, 8334850.274022339843214 ], [ 3360758.209389686118811, 8334803.590606450103223 ], [ 3360634.203489779960364, 8334748.822348116897047 ], [ 3360513.974784850608557, 8334686.195805548690259 ], [ 3360398.020622014533728, 8334615.970045088790357 ], [ 3360286.820666312705725, 8334538.435567616485059 ], [ 3360180.834916233550757, 8334453.913108586333692 ], [ 3360080.501800536643714, 8334362.752309798263013 ], [ 3359986.23636496020481, 8334265.330274580977857 ], [ 3359898.428555130492896, 8334162.050005911849439 ], [ 3359817.441603870131075, 8334053.338741168379784 ], [ 3359743.610527775716037, 8333939.646184188313782 ], [ 3359677.240742531605065, 8333821.442643942311406 ], [ 3359406.063199477735907, 8333623.628307018429041 ], [ 3359129.330482186749578, 8333433.663112759590149 ], [ 3358847.269711732398719, 8333251.702970026992261 ], [ 3358560.112381577026099, 8333077.897217511199415 ], [ 3358268.094168366864324, 8332912.388501763343811 ], [ 3357971.454738097731024, 8332755.312659416347742 ], [ 3357670.437549560330808, 8332606.798606091178954 ], [ 3357545.761506399139762, 8332511.691018302924931 ], [ 3357414.485491702333093, 8332425.922859814949334 ], [ 3357277.307723283302039, 8332349.950306653045118 ], [ 3357134.957808613311499, 8332284.17743372824043 ], [ 3356988.192864536773413, 8332228.954067229293287 ], [ 3356837.793489932548255, 8332184.573923825286329 ], [ 3356684.559614061843604, 8332151.273048399947584 ], [ 3356529.30624222708866, 8332129.228558300994337 ], [ 3356372.859120676293969, 8332118.557701257057488 ], [ 3356216.050344904884696, 8332119.317232807166874 ], [ 3356059.713934149127454, 8332131.503113019280136 ], [ 3355986.281395700294524, 8332123.434924924746156 ], [ 3355912.467099170200527, 8332120.454495809972286 ], [ 3355838.623125910293311, 8332122.576041697524488 ], [ 3355765.101699113380164, 8332129.789443015120924 ], [ 3355692.253503679763526, 8332142.060293196700513 ], [ 3355620.426012992393225, 8332159.330062150023878 ], [ 3355549.961831926833838, 8332181.516376494430006 ], [ 3355481.197062730323523, 8332208.513410805724561 ], [ 3355414.459701656829566, 8332240.192394255660474 ], [ 3355350.068074464332312, 8332276.402222870849073 ], [ 3355288.329318403732032, 8332316.970182656310499 ], [ 3355229.537916779052466, 8332361.702770709060133 ], [ 3355173.974294662009925, 8332410.386620759032667 ], [ 3355121.903480886947364, 8332462.789518593810499 ], [ 3355073.573844670783728, 8332518.66151165869087 ], [ 3355029.215909838210791, 8332577.736099719069898 ], [ 3354989.041256427299231, 8332639.731507538817823 ], [ 3354953.241510629188269, 8332704.352026938460767 ], [ 3354921.987431048881263, 8332771.289429663680494 ], [ 3354895.428094505798072, 8332840.224435090087354 ], [ 3354873.69018445443362, 8332910.828235290944576 ], [ 3354856.877386954147369, 8332982.764062011614442 ], [ 3354845.069896297995001, 8333055.688793992623687 ], [ 3354850.707255496177822, 8333110.130893685854971 ], [ 3354852.66333244368434, 8333164.82911837566644 ], [ 3354850.929235457908362, 8333219.534830807708204 ], [ 3354845.512847065459937, 8333273.999358414672315 ], [ 3354836.438788294326514, 8333327.975126027129591 ], [ 3354823.748306273948401, 8333381.216779946349561 ], [ 3354807.499087333213538, 8333433.482303141616285 ], [ 3354787.764994382392615, 8333484.534116028808057 ], [ 3354764.6357312197797, 8333534.140156268142164 ], [ 3354738.216434955131263, 8333582.074933051131666 ], [ 3354708.627197861205786, 8333628.120552538894117 ], [ 3354676.002521633636206, 8333672.067708729766309 ], [ 3354640.490705847274512, 8333713.716634034179151 ], [ 3354602.253174185287207, 8333752.878007887862623 ], [ 3354561.463740109931678, 8333789.373817442916334 ], [ 3354518.307817339431494, 8333823.038166045211256 ], [ 3354472.981576561462134, 8333853.718028067611158 ], [ 3354425.691054224502295, 8333881.273944376967847 ], [ 3354376.651215195190161, 8333905.58065605070442 ], [ 3354326.08497655345127, 8333926.527673720382154 ], [ 3354274.222193717490882, 8333944.01977991964668 ], [ 3354221.298615335952491, 8333957.977462290786207 ], [ 3354167.554812669288367, 8333968.337274073623121 ], [ 3354113.235084890853614, 8333975.052123784087598 ], [ 3354058.586349248420447, 8333978.091488122008741 ], [ 3354003.857018708717078, 8333977.441550969146192 ], [ 3353949.295872550457716, 8333973.105266933329403 ], [ 3353895.150925172958523, 8333965.102347114123404 ], [ 3353841.668299812357873, 8333953.469169795513153 ], [ 3353716.223230826668441, 8333940.058670580387115 ], [ 3353591.933707330841571, 8333918.415630899369717 ], [ 3353469.339405297767371, 8333888.634027003310621 ], [ 3353348.972640156280249, 8333850.843172549270093 ], [ 3353231.356055020820349, 8333805.207159279845655 ], [ 3353117.000351309310645, 8333751.924142359755933 ], [ 3353006.402071833144873, 8333691.225481986068189 ], [ 3352900.041443824302405, 8333623.37473654653877 ], [ 3352798.380294680129737, 8333548.666520117782056 ], [ 3352701.86004614783451, 8333467.425222395919263 ], [ 3352610.899797439109534, 8333380.003600596450269 ], [ 3352525.894506215583533, 8333286.781246422789991 ], [ 3352447.213272784370929, 8333188.162940107285976 ], [ 3352375.197738158516586, 8333084.576890766620636 ], [ 3352310.160599913448095, 8332976.472878481261432 ], [ 3352256.438264601863921, 8332977.059477915987372 ], [ 3352202.878184066154063, 8332981.272693488746881 ], [ 3352149.724899053107947, 8332989.093288897536695 ], [ 3352097.221093058120459, 8333000.485556839965284 ], [ 3352045.606484174262732, 8333015.39748406317085 ], [ 3351995.11673068953678, 8333033.760986088775098 ], [ 3351945.98235511733219, 8333055.492220639251173 ], [ 3351898.42769169760868, 8333080.491968630813062 ], [ 3351852.669862031470984, 8333108.646087883971632 ], [ 3351808.917783855926245, 8333139.826034544967115 ], [ 3351767.371217369567603, 8333173.889449357055128 ], [ 3351728.219852923881263, 8333210.680808304809034 ], [ 3351691.64244496775791, 8333250.032131432555616 ], [ 3351657.805996059905738, 8333291.763751744292676 ], [ 3351626.864994167815894, 8333335.685134171508253 ], [ 3351598.960707425605506, 8333381.595745085738599 ], [ 3351574.220539450179785, 8333429.285969494841993 ], [ 3351552.757446884643286, 8333478.53806662466377 ], [ 3351534.669424414169043, 8333529.12716483976692 ], [ 3351520.039057254325598, 8333580.822288035415113 ], [ 3351508.933143376838416, 8333633.387410401366651 ], [ 3351501.402389645110816, 8333686.582534073852003 ], [ 3351497.481179117690772, 8333740.164783953689039 ], [ 3351497.187415360938758, 8333793.889518736861646 ], [ 3351500.522439227439463, 8333847.511445377022028 ], [ 3351507.471024268306792, 8333900.7857412006706 ], [ 3351518.001444793306291, 8333953.469169795513153 ], [ 3351523.335897490382195, 8334210.577227595262229 ], [ 3351514.19393666042015, 8334467.578072912059724 ], [ 3351490.604533314239234, 8334723.657259940169752 ], [ 3351452.642443179618567, 8334978.00326347257942 ], [ 3351400.427969648968428, 8335229.810051566921175 ], [ 3351334.126582428812981, 8335478.279639008454978 ], [ 3351253.948393086437136, 8335722.624616230838001 ], [ 3351106.742334838956594, 8335988.826007748953998 ], [ 3350950.436939222738147, 8336249.788509984500706 ], [ 3350785.218428968917578, 8336505.201211928389966 ], [ 3350611.28364598704502, 8336754.759813784621656 ], [ 3350428.839816791936755, 8336998.166990180499852 ], [ 3350238.104305502027273, 8337235.132745410315692 ], [ 3350039.304355235304683, 8337465.374757495708764 ], [ 3349918.573527907021344, 8337771.959391068667173 ], [ 3349818.520293365232646, 8338085.901138203218579 ], [ 3349739.588555335532874, 8338405.80714154150337 ], [ 3349682.128508090507239, 8338730.258082627318799 ], [ 3349646.395083069335669, 8339057.814478634856641 ], [ 3349632.546817898284644, 8339387.023068903945386 ], [ 3349640.645152579061687, 8339716.423261778429151 ], [ 3349670.654157851822674, 8340044.553616713732481 ], [ 3349722.440693187061697, 8340369.958326269872487 ], [ 3349816.627935633063316, 8340702.91245367564261 ], [ 3349925.063862346578389, 8341031.502376687712967 ], [ 3350047.54734969092533, 8341355.11863565351814 ], [ 3350183.851218461524695, 8341673.160996197722852 ], [ 3350333.722656034398824, 8341985.039561879821122 ], [ 3350496.88368521630764, 8342290.175869489088655 ], [ 3350673.031679331324995, 8342588.003960606642067 ], [ 3350766.584209369495511, 8342639.60969683341682 ], [ 3350856.551080569624901, 8342697.239462936297059 ], [ 3350942.544959187041968, 8342760.645146607421339 ], [ 3351024.195616602431983, 8342829.553767441771924 ], [ 3351101.151522755157202, 8342903.668653725646436 ], [ 3351173.081360101234168, 8342982.670719384215772 ], [ 3351239.675449728500098, 8343066.219837187789381 ], [ 3351300.647084474097937, 8343153.956304072402418 ], [ 3351355.733763694297522, 8343245.502388953231275 ], [ 3351404.698323249351233, 8343340.463958977721632 ], [ 3351447.329956292640418, 8343438.432176827453077 ], [ 3351483.445121287833899, 8343538.985260962508619 ], [ 3351512.88833188964054, 8343641.690300940535963 ], [ 3351535.532826423179358, 8343746.105121373198926 ], [ 3351551.281113743316382, 8343851.780186175368726 ], [ 3351560.065392851363868, 8343958.260533093474805 ], [ 3351561.847844943404198, 8344065.087733352556825 ], [ 3351556.620796011760831, 8344171.801864830777049 ], [ 3351544.406749964226037, 8344277.943491529673338 ], [ 3351524.97903908835724, 8344405.895588718354702 ], [ 3351496.947973686270416, 8344532.242074850015342 ], [ 3351460.441742658149451, 8344656.405154227279127 ], [ 3351415.627292632590979, 8344777.817016362212598 ], [ 3351362.709564804565161, 8344895.922431944869459 ], [ 3351301.930557369720191, 8345010.181293486617506 ], [ 3351233.568219065200537, 8345120.071083067916334 ], [ 3351157.9351776833646, 8345225.089263438247144 ], [ 3351075.37731099082157, 8345324.755575655959547 ], [ 3350986.272164582740515, 8345418.614235638640821 ], [ 3350891.027225374709815, 8345506.236017941497266 ], [ 3350790.07805836154148, 8345587.220219134353101 ], [ 3350683.886314391624182, 8345661.19649004843086 ], [ 3350572.937619328033179, 8345727.826529978774488 ], [ 3350457.739352821838111, 8345786.805632590316236 ], [ 3350338.818328260909766, 8345837.864080428145826 ], [ 3350216.718384027015418, 8345880.768378018401563 ], [ 3350091.99789535952732, 8345915.322319745086133 ], [ 3349965.227222084533423, 8345941.367886542342603 ], [ 3349836.98609948111698, 8345958.785969733260572 ], [ 3349707.860987185966223, 8345967.496914385817945 ], [ 3349578.4423878188245, 8345967.460884570144117 ], [ 3349449.322145777754486, 8345958.678044917993248 ], [ 3349321.09074129210785, 8345941.188560329377651 ], [ 3349194.334589774720371, 8345915.072412109933794 ], [ 3348692.529905571602285, 8345950.63139233738184 ], [ 3348189.813833981286734, 8345969.311150942929089 ], [ 3347686.753981112968177, 8345971.090596436522901 ], [ 3347183.918341278564185, 8345955.967720030806959 ], [ 3346681.874655752908438, 8345923.959596549160779 ], [ 3346181.189771666191518, 8345875.102365829050541 ], [ 3345682.429002074990422, 8345809.451191427186131 ], [ 3344934.307257295120507, 8345714.851205522194505 ], [ 3344194.573050016071647, 8345568.466081452555954 ], [ 3343466.806506633292884, 8345371.004286526702344 ], [ 3342754.529833673965186, 8345123.421485899947584 ], [ 3342061.190270298626274, 8344826.915917468257248 ], [ 3341390.143404841888696, 8344482.922593766823411 ], [ 3340744.636935158632696, 8344093.106355333700776 ], [ 3339826.801635863259435, 8343864.936901121400297 ], [ 3338900.620751891285181, 8343673.437797672115266 ], [ 3337967.558767914306372, 8343518.911844729445875 ], [ 3337029.091048478614539, 8343401.603379963897169 ], [ 3336086.701506052166224, 8343321.697892076335847 ], [ 3335141.880254628136754, 8343279.321728496812284 ], [ 3334196.121252831071615, 8343274.541895041242242 ] ] } },
{ "type": "Feature", "properties": { }, "geometry": { "type": "LineString", "coordinates": [ [ 3323396.351438023149967, 8340660.41668314486742 ], [ 3323134.249508319888264, 8340950.388417919166386 ], [ 3322857.658267082646489, 8341226.573706760071218 ], [ 3322567.301876306068152, 8341488.249450444243848 ], [ 3322263.940537452232093, 8341734.730538367293775 ], [ 3321948.36850124783814, 8341965.371641292236745 ], [ 3321621.411987958941609, 8342179.56890316773206 ], [ 3321283.927024369128048, 8342376.761519238352776 ], [ 3320718.163832552731037, 8342366.435831447131932 ], [ 3320152.36499241553247, 8342358.294496176764369 ], [ 3319586.53893732978031, 8342352.337634800933301 ], [ 3319020.694101094733924, 8342348.565335988067091 ], [ 3318454.838917886838317, 8342346.977655766531825 ], [ 3317888.98182237893343, 8342347.574618239887059 ], [ 3317323.131248767953366, 8342350.356214067898691 ] ] } },
{ "type": "Feature", "properties": { }, "geometry": { "type": "LineString", "coordinates": [ [ 3315527.570497162174433, 8342139.113772702403367 ], [ 3315783.928651278838515, 8342183.441303430125117 ], [ 3316041.150241257622838, 8342222.447544134221971 ], [ 3316299.124823927413672, 8342256.115747450850904 ], [ 3316557.741632818710059, 8342284.431456326507032 ], [ 3316816.889625431969762, 8342307.382513321004808 ], [ 3317076.457531874999404, 8342324.959064183756709 ], [ 3317336.333901353180408, 8342337.153561482205987 ] ] } },
{ "type": "Feature", "properties": { }, "geometry": { "type": "LineString", "coordinates": [ [ 3307949.24791317852214, 8345188.926519913598895 ], [ 3307741.063392523210496, 8345216.398727797903121 ], [ 3307531.53729661507532, 8345230.339027299545705 ], [ 3307321.54826259566471, 8345230.688960551284254 ], [ 3307111.976869344245642, 8345217.447060345672071 ], [ 3306903.70194375468418, 8345190.668855666182935 ], [ 3306697.596876739989966, 8345150.46663951780647 ], [ 3306494.525959454011172, 8345097.008998050354421 ], [ 3306295.340759876649827, 8345030.520103597082198 ], [ 3306100.876551231369376, 8344951.278773377649486 ], [ 3306022.756135689560324, 8344770.552282341755927 ], [ 3305950.140875122975558, 8344587.544392460025847 ], [ 3305883.097290753852576, 8344402.422752379439771 ], [ 3305821.68679916812107, 8344215.356947421096265 ], [ 3305765.965657136868685, 8344026.518343799747527 ], [ 3305715.984909521881491, 8343836.079931744374335 ], [ 3305671.790342207998037, 8343644.216167429462075 ], [ 3305693.067392426077276, 8343548.33523581083864 ], [ 3305713.854301835875958, 8343452.346849310211837 ], [ 3305734.150527953635901, 8343356.253513812087476 ], [ 3305753.955540656577796, 8343260.057737349532545 ], [ 3305773.268823291640729, 8343163.76203094702214 ], [ 3305792.089871602598578, 8343067.368908382020891 ], [ 3305810.418194354046136, 8342970.880885576829314 ], [ 3305819.737761609256268, 8342955.384195446968079 ], [ 3305827.973260262981057, 8342939.285180217586458 ], [ 3305835.085956334602088, 8342922.659558772109449 ], [ 3305841.042396068107337, 8342905.585526942275465 ], [ 3305845.814564585220069, 8342888.143389939330518 ], [ 3305849.380016564857215, 8342870.415184020064771 ], [ 3305851.721982597839087, 8342852.484290837310255 ], [ 3305852.829447507392615, 8342834.435045479796827 ], [ 3305852.697202562820166, 8342816.352339743636549 ], [ 3305851.325869798194617, 8342798.321222781203687 ], [ 3305848.721899032127112, 8342780.426500796340406 ], [ 3305844.897537707816809, 8342762.752339123748243 ], [ 3305839.870772838126868, 8342745.381865023635328 ], [ 3305833.665247320663184, 8342728.396777628920972 ], [ 3305826.310147642623633, 8342711.876964091323316 ], [ 3305817.840067386161536, 8342695.900122164748609 ], [ 3305808.294844150077552, 8342680.541396616958082 ], [ 3305797.719372510444373, 8342665.873024701140821 ], [ 3305786.163392304908484, 8342651.963996886275709 ], [ 3305773.6812554593198, 8342638.879731654189527 ], [ 3305760.331669449340552, 8342626.681769131682813 ], [ 3305746.177422046195716, 8342615.427480458281934 ], [ 3305731.285085558425635, 8342605.169798134826124 ], [ 3305715.724703549873084, 8342595.956967591308057 ], [ 3305699.569461702834815, 8342587.832319973967969 ], [ 3305682.895343899261206, 8342580.834068058989942 ], [ 3305665.780773877631873, 8342574.995127438567579 ], [ 3305648.306247353088111, 8342570.342960118316114 ], [ 3305630.553953051101416, 8342566.899447201751173 ], [ 3305612.607385992538184, 8342564.680784462951124 ], [ 3305594.550954818259925, 8342563.697407244704664 ], [ 3305576.469585299026221, 8342563.953940390609205 ], [ 3305558.448320030700415, 8342565.449177502654493 ], [ 3305540.571919202338904, 8342568.176086186431348 ], [ 3305522.924461721908301, 8342572.121840476058424 ], [ 3305505.588949441444129, 8342577.26788258459419 ], [ 3305488.646917104255408, 8342583.590008496306837 ], [ 3305472.178048967849463, 8342591.058483361266553 ], [ 3305456.259803533088416, 8342599.63818025495857 ], [ 3305440.967049955856055, 8342609.28874611761421 ], [ 3305426.371715068351477, 8342619.964791058562696 ], [ 3305412.54244565917179, 8342631.616101979278028 ], [ 3305399.544285654556006, 8342644.187878607772291 ], [ 3305387.438369631301612, 8342657.620991944335401 ], [ 3305376.281635880004615, 8342671.852261303924024 ], [ 3305366.126558303367347, 8342686.81475233938545 ], [ 3305357.020899652969092, 8342702.43809103872627 ], [ 3305349.007486938964576, 8342718.648795842193067 ], [ 3305342.124010085593909, 8342735.370622395537794 ], [ 3305336.402844190131873, 8342752.524922131560743 ], [ 3305331.870898007880896, 8342770.031012295745313 ], [ 3305328.549486755859107, 8342787.806556462310255 ], [ 3305326.454232215415686, 8342805.767949580214918 ], [ 3305325.59498894168064, 8342823.830713271163404 ], [ 3305325.975798367988318, 8342841.909892558120191 ], [ 3305327.59486949397251, 8342859.92045450117439 ], [ 3305330.444586991798133, 8342877.777689694426954 ], [ 3305334.511548041831702, 8342895.397608994506299 ], [ 3305339.776623963844031, 8342912.697340487502515 ], [ 3305346.215051650535315, 8342929.595517634414136 ], [ 3305353.796548842918128, 8342946.012662171386182 ], [ 3305362.485457181464881, 8342961.871558903716505 ], [ 3305372.240909814368933, 8342977.097618102096021 ], [ 3305383.017023562919348, 8342991.619226454757154 ], [ 3305394.763114551082253, 8343005.36808384116739 ], [ 3305407.423937194049358, 8343018.279524683952332 ], [ 3305420.939943086355925, 8343030.292822211049497 ], [ 3305434.678011319600046, 8343204.016830871812999 ], [ 3305449.181147933006287, 8343377.678642136976123 ], [ 3305464.449071645271033, 8343551.274886845611036 ], [ 3305480.481486200820655, 8343724.802196978591383 ], [ 3305497.278080344200134, 8343898.25720582716167 ], [ 3305514.838528654538095, 8344071.636548231355846 ], [ 3305533.162490061949939, 8344244.93686006218195 ], [ 3305586.668708244338632, 8344349.394060892984271 ], [ 3305632.712986737955362, 8344457.348434077575803 ], [ 3305671.068314432632178, 8344568.26773404981941 ], [ 3305701.545588612090796, 8344681.605097531341016 ], [ 3305723.994547993410379, 8344796.801739798858762 ], [ 3305738.304513016715646, 8344913.289709849283099 ], [ 3305744.404931426979601, 8345030.494688889943063 ], [ 3305655.935074441600591, 8345150.559530056081712 ], [ 3305560.113500111270696, 8345264.84298284444958 ], [ 3305457.317042469512671, 8345372.895609139464796 ], [ 3305347.949965357314795, 8345474.292473553679883 ], [ 3305232.442372798454016, 8345568.634816884063184 ], [ 3305111.248517274390906, 8345655.551622389815748 ], [ 3304984.845013498794287, 8345734.70107555296272 ], [ 3304853.72896385146305, 8345805.771907805465162 ], [ 3304718.416003697086126, 8345868.484621838666499 ], [ 3304579.438273303676397, 8345922.592589414678514 ], [ 3304437.342325477395207, 8345967.883022448047996 ], [ 3304194.96457809349522, 8346014.784092794172466 ], [ 3303951.269651684910059, 8346054.274164101108909 ], [ 3303706.484092711936682, 8346086.316525219939649 ], [ 3303460.835460781585425, 8346110.881388424895704 ], [ 3303214.552118454128504, 8346127.945917507633567 ], [ 3302967.863018096890301, 8346137.494248758070171 ], [ 3302720.99748938344419, 8346139.517506057396531 ], [ 3300621.775728315114975, 8345367.162329815328121 ], [ 3300621.775728315114975, 8345367.162329815328121 ], [ 3300575.127772792708129, 8345338.629545748233795 ], [ 3300526.678621081635356, 8345313.275429412722588 ], [ 3300476.644553660880774, 8345291.213162898086011 ], [ 3300425.248925566207618, 8345272.541233538649976 ], [ 3300372.721170544158667, 8345257.342994450591505 ], [ 3300319.295775889884681, 8345245.686291216872633 ], [ 3300265.211236118804663, 8345237.623160599730909 ], [ 3300210.708988189231604, 8345233.189596413634717 ], [ 3300156.032333731185645, 8345232.405390738509595 ], [ 3300101.425352930556983, 8345235.274044035933912 ], [ 3300047.131814956199378, 8345241.782750844024122 ], [ 3299993.394089936744422, 8345251.902455567382276 ], [ 3299940.452066421043128, 8345265.587983130477369 ], [ 3299888.542081117164344, 8345282.778240679763258 ], [ 3299837.895863770972937, 8345303.396489619277418 ], [ 3299788.739502429496497, 8345327.35068869497627 ], [ 3299741.292434215079993, 8345354.533904789946973 ], [ 3299695.766466021072119, 8345384.824790476821363 ], [ 3299652.364828824531287, 8345418.088124751113355 ], [ 3299611.281270503532141, 8345454.175418375991285 ], [ 3299572.699190616142005, 8345492.925575016997755 ], [ 3299536.790822147857398, 8345534.165611266158521 ], [ 3299503.716462611686438, 8345577.711429118178785 ], [ 3299473.62375783873722, 8345623.368637322448194 ], [ 3299446.64704394293949, 8345670.933418511413038 ], [ 3299422.906746625434607, 8345720.19344091322273 ], [ 3299402.508844017516822, 8345770.928804396651685 ], [ 3299385.544394015800208, 8345822.913022755645216 ], [ 3299372.08912682486698, 8345875.914034842513502 ], [ 3299362.203107594978064, 8345929.695241211913526 ], [ 3299355.930468348786235, 8345984.016558572649956 ], [ 3299353.299210533034056, 8346038.635492861270905 ], [ 3299354.321080122608691, 8346093.308222008869052 ] ] } },
{ "type": "Feature", "properties": { }, "geometry": { "type": "LineString", "coordinates": [ [ 3273147.055698226206005, 8367745.65846195910126 ], [ 3273089.821285154204816, 8367835.290389591827989 ], [ 3273038.939716467633843, 8367928.675219702534378 ], [ 3272994.655928134452552, 8368025.363412379287183 ], [ 3272957.183094977866858, 8368124.889525889419019 ], [ 3272926.701605319511145, 8368226.774457453750074 ], [ 3272903.358192324172705, 8368330.527749299071729 ], [ 3272887.265227317344397, 8368435.64994954969734 ], [ 3272878.500179409515113, 8368541.635016678832471 ], [ 3272877.105242132674903, 8368647.972755192779005 ], [ 3272883.087130426894873, 8368754.151272295974195 ], [ 3272896.417048453819007, 8368859.65944170858711 ], [ 3272917.030828117858618, 8368963.989363430999219 ], [ 3272944.829238056670874, 8369066.638810156844556 ], [ 3272979.678460955154151, 8369167.113643645308912 ], [ 3273021.410738229285926, 8369264.930194138549268 ], [ 3273069.825177430640906, 8369359.617588042281568 ], [ 3273124.688719043508172, 8369450.720015454106033 ], [ 3273185.737258936744183, 8369537.798923784866929 ], [ 3273252.676918908953667, 8369620.435129077173769 ], [ 3273322.605200075078756, 8369865.917915096506476 ], [ 3273402.812032038811594, 8370108.237181291915476 ], [ 3273493.155032753478736, 8370346.962766646407545 ], [ 3273593.473826646339148, 8370581.670887946151197 ], [ 3273703.590329105500132, 8370811.944895611144602 ], [ 3273823.309063218999654, 8371037.376010170206428 ], [ 3273952.417505931574851, 8371257.56404965929687 ], [ 3273958.55028889188543, 8371375.113341951742768 ], [ 3273971.933135097846389, 8371492.059254735708237 ], [ 3273992.514922379981726, 8371607.955058096908033 ], [ 3274020.217028855811805, 8371722.358031987212598 ], [ 3274054.933632969390601, 8371834.831159829162061 ], [ 3274096.532118200790137, 8371944.944797276519239 ], [ 3274144.853579401504248, 8372052.278312682174146 ], [ 3274199.713429569732398, 8372156.421694516204298 ], [ 3274260.902105396613479, 8372256.977117389440536 ], [ 3274328.185867643449455, 8372353.560462141409516 ], [ 3274401.307693833019584, 8372445.802782339043915 ] ] } },
{ "type": "Feature", "properties": { }, "geometry": { "type": "LineString", "coordinates": [ [ 3296835.915099468547851, 8341406.36655421089381 ], [ 3296760.812333628535271, 8341792.534573753364384 ], [ 3296696.217454447876662, 8342180.598571449518204 ], [ 3296642.178046583663672, 8342570.27267527487129 ], [ 3296598.733918666373938, 8342961.269826888106763 ], [ 3296565.917074217926711, 8343353.301993280649185 ], [ 3296543.75168864428997, 8343746.080379207618535 ], [ 3296532.254090005531907, 8344139.315639375708997 ], [ 3296513.967748621478677, 8344233.221148007549345 ], [ 3296501.645847923588008, 8344328.093723394908011 ], [ 3296495.33753991080448, 8344423.554919957183301 ], [ 3296495.067988276015967, 8344519.223943947814405 ], [ 3296500.838268160354346, 8344614.719172476790845 ], [ 3296512.625362276565284, 8344709.659676074050367 ], [ 3296530.382251739036292, 8344803.666738032363355 ], [ 3296554.038104533683509, 8344896.365365027450025 ], [ 3296583.498557805549353, 8344987.385782956145704 ], [ 3296618.646094083320349, 8345076.36491250898689 ], [ 3296659.340510017704219, 8345162.947816708125174 ], [ 3296705.419476250186563, 8345246.789117329753935 ], [ 3296756.699183956254274, 8345327.554372056387365 ], [ 3296781.940802987199277, 8345368.705952623859048 ], [ 3296809.938777302857488, 8345408.034127544611692 ], [ 3296840.56189453555271, 8345445.354585646651685 ], [ 3296873.666639804374427, 8345480.492424963973463 ], [ 3296909.097867965232581, 8345513.282972096465528 ], [ 3296946.689530610572547, 8345543.572554587386549 ], [ 3296986.26545488787815, 8345571.219220398925245 ], [ 3297027.640168427955359, 8345596.093403576873243 ], [ 3297070.619768976699561, 8345618.078531264327466 ], [ 3297115.002832889091223, 8345637.071570872329175 ], [ 3297160.581359147559851, 8345652.983511208556592 ], [ 3297207.14174449397251, 8345665.739781140349805 ], [ 3297254.465783953201026, 8345675.280598639510572 ], [ 3297302.33169376803562, 8345681.561250447295606 ], [ 3297350.515150665771216, 8345684.552302598021924 ], [ 3297398.790343164931983, 8345684.239737748168409 ], [ 3297446.93102991534397, 8345680.625020264647901 ], [ 3297494.711600064765662, 8345673.725090502761304 ], [ 3297541.908130168449134, 8345663.572285412810743 ], [ 3297588.299434065353125, 8345650.214185475371778 ], [ 3297633.66809914028272, 8345633.71339375898242 ], [ 3297677.801505740266293, 8345614.147241095080972 ], [ 3297720.492822686210275, 8345591.607423762790859 ] ] } },
{ "type": "Feature", "properties": { }, "geometry": { "type": "LineString", "coordinates": [ [ 3296413.430216737557203, 8341630.811648162081838 ], [ 3296399.804160792846233, 8342089.088029190897942 ], [ 3296377.498945811763406, 8342547.024038026109338 ], [ 3296346.52257740451023, 8343004.455317496322095 ], [ 3296306.886173009406775, 8343461.217691658996046 ], [ 3296258.603958586230874, 8343917.147223899140954 ], [ 3296201.69326325180009, 8344372.080277726054192 ], [ 3296136.174512445461005, 8344825.853573814034462 ], [ 3295965.165657809004188, 8344947.751612813211977 ], [ 3295790.530613019131124, 8345064.395349388942122 ], [ 3295612.430762767326087, 8345175.676990508101881 ], [ 3295431.030694365035743, 8345281.493697165511549 ], [ 3295246.498044325970113, 8345381.747681265696883 ], [ 3295059.003344705328345, 8345476.346295506693423 ], [ 3294868.719864253420383, 8345565.202118592336774 ] ] } },
{ "type": "Feature", "properties": { }, "geometry": { "type": "LineString", "coordinates": [ [ 3289310.403125826269388, 8351625.219655263237655 ], [ 3289487.182443748228252, 8351682.27560396771878 ], [ 3289667.359105484094471, 8351727.471611358225346 ], [ 3289850.138389348518103, 8351760.608327387832105 ], [ 3290034.714093684684485, 8351781.539592980407178 ], [ 3290220.27209355076775, 8351790.173084117472172 ], [ 3290405.993931303732097, 8351786.470721202902496 ], [ 3290591.060426604002714, 8351770.448833701200783 ], [ 3290701.567447490524501, 8351677.24519082903862 ], [ 3290818.082348183263093, 8351591.670669908635318 ], [ 3290940.079396247398108, 8351514.111395834945142 ], [ 3291067.008122801315039, 8351444.917327403090894 ], [ 3291198.295806765090674, 8351384.400678872130811 ], [ 3291333.350058674346656, 8351332.834510087035596 ], [ 3291471.561493634711951, 8351290.45149493124336 ], [ 3291612.306481360923499, 8351257.442872523330152 ], [ 3291754.949959472287446, 8351233.957581873051822 ], [ 3291898.84829956991598, 8351220.101592749357224 ], [ 3292043.352210991084576, 8351215.937425117008388 ], [ 3292123.238115297630429, 8351212.280355961062014 ], [ 3292203.183916034642607, 8351214.229923132807016 ], [ 3292282.796605944167823, 8351221.776542424224317 ], [ 3292361.684815525542945, 8351234.883115529082716 ], [ 3292439.460736512672156, 8351253.485211133025587 ], [ 3292515.742028951179236, 8351277.491383313201368 ], [ 3292590.153699874412268, 8351306.783619402907789 ], [ 3292662.329947471152991, 8351341.217921017669141 ], [ 3292731.915959238540381, 8351380.625012158416212 ], [ 3292798.569655775558203, 8351424.811170577071607 ], [ 3292861.963372945319861, 8351473.559180735610425 ], [ 3292921.785472273360938, 8351526.629401206038892 ], [ 3292977.741873025428504, 8351583.760942935012281 ], [ 3293029.557498096954077, 8351644.672951935790479 ], [ 3293076.977626084815711, 8351709.065989970229566 ], [ 3293119.76914334250614, 8351776.623505591414869 ], [ 3293157.721690120641142, 8351847.013391379266977 ], [ 3293190.648694979026914, 8351919.889616520144045 ], [ 3293218.388291086535901, 8351994.893927652388811 ], [ 3293276.281513097230345, 8352040.094131504185498 ], [ 3293337.204828507266939, 8352081.118919942528009 ], [ 3293400.857662081252784, 8352117.765890120528638 ], [ 3293466.925971745979041, 8352149.854237793944776 ], [ 3293535.083798765670508, 8352177.225650309585035 ], [ 3293604.99487531138584, 8352199.745086192153394 ], [ 3293676.314283370506018, 8352217.301441906951368 ], [ 3293748.690157174598426, 8352229.808100461028516 ], [ 3293821.765418171416968, 8352237.20335793402046 ], [ 3293895.179537653457373, 8352239.450729130767286 ], [ 3293968.57031476451084, 8352236.539125679992139 ], [ 3294041.575664281379431, 8352228.482912777923048 ], [ 3294113.835401892196387, 8352215.321836947463453 ], [ 3294184.993022560607642, 8352197.120830773375928 ], [ 3294254.697458385955542, 8352173.969691514037549 ], [ 3294322.604810833465308, 8352145.982639550231397 ], [ 3294388.380047923885286, 8352113.297753188759089 ], [ 3294451.698656680528075, 8352076.076288972981274 ], [ 3294512.248244449496269, 8352034.5018854085356 ], [ 3294559.794926952105016, 8351967.614377537742257 ], [ 3294611.91241369349882, 8351904.223579726181924 ], [ 3294668.344403981696814, 8351844.641231774352491 ], [ 3294728.813378810416907, 8351789.160345315001905 ], [ 3294793.02196693373844, 8351738.053761481307447 ], [ 3294860.654406189452857, 8351691.572809933684766 ], [ 3294931.378096937667578, 8351649.946072339080274 ], [ 3295004.845237493049353, 8351613.378259181044996 ], [ 3295080.69453453971073, 8351582.04920172598213 ], [ 3295158.552979826461524, 8351556.112968682311475 ], [ 3295238.037684797775, 8351535.697107790969312 ], [ 3295318.757763266097754, 8351520.902019499801099 ], [ 3295400.316253661643714, 8351511.80046224500984 ], [ 3295482.312071442138404, 8351508.437195300124586 ], [ 3295564.341981388162822, 8351510.828758320771158 ], [ 3295646.00258059380576, 8351518.963390151038766 ], [ 3295726.892282300628722, 8351532.801087165251374 ], [ 3295862.792301194742322, 8351513.458866247907281 ], [ 3295997.779776860028505, 8351488.532613170333207 ], [ 3296131.625365614425391, 8351458.064678191207349 ], [ 3296264.101663589011878, 8351422.106825827620924 ], [ 3296394.983593631535769, 8351380.720148694701493 ], [ 3296524.04878737218678, 8351333.974962839856744 ], [ 3296651.077963273972273, 8351281.950688044540584 ] ] } },
{ "type": "Feature", "properties": { }, "geometry": { "type": "LineString", "coordinates": [ [ 3273038.133814397733659, 8340752.835251234471798 ], [ 3273130.270121267531067, 8340945.943499214947224 ], [ 3273232.803279721178114, 8341133.738190040923655 ], [ 3273345.427955269347876, 8341315.660088061355054 ], [ 3273467.808761715423316, 8341491.167446135543287 ], [ 3273599.581259929575026, 8341659.737619028426707 ], [ 3273740.353043249342591, 8341820.868620045483112 ], [ 3273889.704906152095646, 8341974.080615377984941 ], [ 3274022.686033117119223, 8341982.8755785189569 ], [ 3274154.761725185904652, 8342000.689703610725701 ], [ 3274285.32099151564762, 8342027.440581559203565 ], [ 3274413.759856462012976, 8342063.004460572265089 ], [ 3274539.484153031837195, 8342107.21682000067085 ], [ 3274661.912272452842444, 8342159.873130797408521 ], [ 3274780.477854251395911, 8342220.729800938628614 ], [ 3274894.632405995856971, 8342289.505303858779371 ], [ 3275003.847841381561011, 8342365.881479262374341 ], [ 3275107.618922471534461, 8342449.505006073974073 ], [ 3275205.465597270522267, 8342539.98903622943908 ], [ 3275296.935220705810934, 8342636.914984580129385 ], [ 3275381.604648294392973, 8342739.83446532767266 ], [ 3275477.507888705469668, 8342840.783986518159509 ], [ 3275566.706165752373636, 8342947.704072116874158 ], [ 3275648.828648805152625, 8343060.150215386413038 ], [ 3275723.533923983108252, 8343177.654935359023511 ], [ 3275790.51141321612522, 8343299.729720829986036 ], [ 3275849.482666134368628, 8343425.867061375640333 ], [ 3275900.20251703215763, 8343555.542556523345411 ], [ 3275942.460104584228247, 8343688.217096804641187 ], [ 3275976.079748153220862, 8343823.339104413054883 ], [ 3276000.921678065788001, 8343960.346826313994825 ], [ 3276016.88261731620878, 8344098.670669912360609 ], [ 3276023.896210224367678, 8344237.735571572557092 ], [ 3276021.933298682328314, 8344376.963385907001793 ], [ 3276087.706952362786978, 8344468.970653365366161 ], [ 3276146.945179607719183, 8344565.315571464598179 ], [ 3276199.363044976722449, 8344665.534722327254713 ], [ 3276244.708419203292578, 8344769.146053074859083 ], [ 3276282.763191699516028, 8344875.65119409468025 ], [ 3276313.344319343101233, 8344984.537857293151319 ], [ 3276336.304707288276404, 8345095.282299279235303 ], [ 3276351.533916353713721, 8345207.351840018294752 ], [ 3276358.958694338332862, 8345320.207426785491407 ], [ 3276358.543328046333045, 8345433.306225537322462 ], [ 3276350.289815306197852, 8345546.104232310317457 ], [ 3276334.237855553161353, 8345658.058889864943922 ], [ 3276310.464658498298377, 8345768.631698130629957 ], [ 3276279.084572910796851, 8345877.29080271627754 ], [ 3276240.248536586295813, 8345983.513555048964918 ], [ 3276194.143350481521338, 8346086.7890245905146 ], [ 3276140.990779876243323, 8346186.620457648299634 ], [ 3276081.046488165389746, 8346282.527666329406202 ], [ 3276014.598806407302618, 8346374.049338020384312 ], [ 3275941.967347412835807, 8346460.745254586450756 ], [ 3275863.50146765820682, 8346542.198409902863204 ], [ 3275538.435838031582534, 8346761.235309658572078 ], [ 3275229.733283593785018, 8347002.787705545313656 ], [ 3274938.950323938857764, 8347265.637657879851758 ], [ 3274667.553125500213355, 8347548.459841965697706 ], [ 3274416.910109400283545, 8347849.82823038008064 ], [ 3274188.285051226150244, 8348168.223283528350294 ], [ 3273982.830709173809737, 8348502.039610748179257 ], [ 3273801.583011436276138, 8348849.594065485522151 ], [ 3273645.455833322834224, 8349209.134232141077518 ], [ 3273600.41870736470446, 8349241.943494939245284 ], [ 3273553.290814549196512, 8349271.671464298851788 ], [ 3273504.282623171340674, 8349298.185378312133253 ], [ 3273453.612998842727393, 8349321.366828202269971 ], [ 3273401.508226871024817, 8349341.11228799726814 ], [ 3273348.201001882087439, 8349357.333576678298414 ], [ 3273293.929388403426856, 8349369.958251475356519 ], [ 3273238.935757874976844, 8349378.929932116530836 ], [ 3273183.465706347953528, 8349384.208551882766187 ], [ 3273127.766957282554358, 8349385.770536898635328 ], [ 3273072.088255643378943, 8349383.608911513350904 ], [ 3273016.678256630431861, 8349377.733329533599317 ], [ 3272961.784415840636939, 8349368.170030592940748 ], [ 3272907.651883482467383, 8349354.961723326705396 ], [ 3272854.522409796249121, 8349338.167394637130201 ], [ 3272802.633265614043921, 8349317.86204647924751 ], [ 3272752.216182589065284, 8349294.136360405944288 ], [ 3272703.496318101417273, 8349267.096292733214796 ], [ 3272656.691250323783606, 8349236.862601756118238 ], [ 3272612.010005592834204, 8349203.570308207534254 ], [ 3272569.652125954162329, 8349167.368091582320631 ], [ 3272529.806777357589453, 8349128.417627810500562 ], [ 3272492.651904940139502, 8349086.892865180037916 ], [ 3272458.353438734542578, 8349042.979249476455152 ], [ 3272427.064551829826087, 8348996.872894047759473 ], [ 3272398.924977540504187, 8348948.779705285094678 ], [ 3272374.060384153854102, 8348898.914462327025831 ], [ 3272352.581814527045935, 8348847.49985861685127 ], [ 3272334.585189461242408, 8348794.765506028197706 ], [ 3272320.150880336295813, 8348740.946911095641553 ], [ 3272309.343349129427224, 8348686.284421776421368 ], [ 3272302.21086131921038, 8348631.022155665792525 ], [ 3272298.785269618500024, 8348575.406908045522869 ], [ 3272204.918024573940784, 8348456.217135398648679 ], [ 3272103.546762176323682, 8348343.340526663698256 ], [ 3271995.095012425910681, 8348237.248681782744825 ], [ 3271880.015887617599219, 8348138.384852885268629 ], [ 3271758.790189265739173, 8348047.162094353698194 ], [ 3271631.924399613868445, 8347963.961535214446485 ], [ 3271499.948564767371863, 8347889.130788563750684 ], [ 3271363.414081096183509, 8347822.982497691176832 ], [ 3271222.891390800010413, 8347765.793030737899244 ], [ 3271078.967598914634436, 8347717.801325797103345 ], [ 3270932.244020223151892, 8347679.207892416976392 ], [ 3270783.333667277824134, 8347650.173974751494825 ], [ 3270632.858688592445105, 8347630.820876597426832 ], [ 3270481.447769999038428, 8347621.229455231688917 ], [ 3270329.733507700730115, 8347621.439783417619765 ], [ 3270178.349765096325427, 8347631.450983255170286 ], [ 3270027.929024939890951, 8347651.221227070316672 ], [ 3269766.323815724346787, 8347705.697875728830695 ], [ 3269505.135498356074095, 8347762.139469062909484 ], [ 3269244.378831147681922, 8347820.542818306945264 ], [ 3268984.068548559676856, 8347880.904623030684888 ], [ 3268724.219359587877989, 8347943.22147217951715 ], [ 3268464.845947405789047, 8348007.489845266565681 ], [ 3268205.962968163192272, 8348073.706109801307321 ] ] } },
{ "type": "Feature", "properties": { }, "geometry": { "type": "LineString", "coordinates": [ [ 3298598.469219608232379, 8349578.808504527434707 ], [ 3298611.206747727002949, 8349591.033688831143081 ], [ 3298624.743180059362203, 8349602.367918134666979 ], [ 3298639.016326188575476, 8349612.759119271300733 ], [ 3298653.960610389243811, 8349622.159551381133497 ], [ 3298669.507373928558081, 8349630.526026248000562 ], [ 3298685.585189818870276, 8349637.820105313323438 ], [ 3298702.120191573631018, 8349644.008277415297925 ], [ 3298719.036412000190467, 8349649.0621118536219 ], [ 3298736.2561324830167, 8349652.958389758132398 ], [ 3298753.70024013472721, 8349655.679210661910474 ], [ 3298771.288590907584876, 8349657.212073802016675 ], [ 3298788.940378546249121, 8349657.549937247298658 ], [ 3298806.574504732619971, 8349656.691248177550733 ], [ 3298824.109952806960791, 8349654.639951943419874 ], [ 3298841.466159224044532, 8349651.405472754500806 ], [ 3298858.563383936416358, 8349647.002671002410352 ], [ 3298875.323076843749732, 8349641.451774596236646 ], [ 3298891.668238400947303, 8349634.778286217711866 ], [ 3298907.523773669730872, 8349627.012865542434156 ], [ 3298922.816837310325354, 8349618.191190003417432 ], [ 3298937.477167963515967, 8349608.353788851760328 ], [ 3298951.437411427032202, 8349597.545858620665967 ], [ 3298964.633429646026343, 8349585.817054032348096 ], [ 3298977.004596113692969, 8349573.221261261962354 ], [ 3298988.494073509704322, 8349559.816349267028272 ], [ 3298999.049075603019446, 8349545.663904665969312 ], [ 3299008.621109127532691, 8349530.828948258422315 ], [ 3299017.166197299491614, 8349515.379637002013624 ], [ 3299024.645081042777747, 8349499.386949299834669 ], [ 3299031.02340006781742, 8349482.924361466430128 ], [ 3299036.27185022784397, 8349466.067507504485548 ], [ 3299040.366318463813514, 8349448.893833159469068 ], [ 3299043.287993549834937, 8349431.482240199111402 ], [ 3299045.023452281486243, 8349413.912722825072706 ], [ 3299045.564721345435828, 8349396.2660012235865 ], [ 3299044.909314155112952, 8349378.623150109313428 ], [ 3299043.060241817962378, 8349361.065226315520704 ], [ 3299040.025999426376075, 8349343.672896861098707 ], [ 3299035.820527433883399, 8349326.526067255996168 ], [ 3299030.463147043716162, 8349309.703516005538404 ], [ 3299023.978471659589559, 8349293.282531143166125 ], [ 3299016.396294312085956, 8349277.338556098751724 ], [ 3299007.751449753530324, 8349261.944842480123043 ], [ 3299015.454747212119401, 8349192.876518255099654 ], [ 3299027.246391220483929, 8349124.387604805640876 ], [ 3299043.084754585754126, 8349056.719884156249464 ], [ 3299062.913923620712012, 8348990.11224031355232 ], [ 3299086.663896560203284, 8348924.799814461730421 ], [ 3299114.25083029223606, 8348861.013175963424146 ], [ 3299145.577335877809674, 8348798.977506968192756 ], [ 3299180.532823336310685, 8348738.911808973178267 ], [ 3299218.993891119025648, 8348681.02812872454524 ] ] } },
{ "type": "Feature", "properties": { }, "geometry": { "type": "LineString", "coordinates": [ [ 3315458.256571084260941, 8366847.878086148761213 ], [ 3315434.777141301427037, 8367173.287124492228031 ], [ 3315407.801763615105301, 8367498.425026066601276 ], [ 3315377.333553790580481, 8367823.254233836196363 ], [ 3315343.376031279098243, 8368147.737226485274732 ], [ 3315305.933118543121964, 8368471.836523182690144 ], [ 3315265.009140579495579, 8368795.514687396585941 ], [ 3315220.608824548311532, 8369118.734330827370286 ], [ 3315233.991777455899864, 8369209.840894446708262 ], [ 3315240.686533198226243, 8369301.681460848078132 ], [ 3315240.657349705230445, 8369393.765707491897047 ], [ 3315233.904382466804236, 8369485.602011918090284 ], [ 3315220.463684677612036, 8369576.700074433349073 ], [ 3315200.407014131080359, 8369666.573537348769605 ], [ 3315173.841450080741197, 8369754.742580404505134 ], [ 3315140.908821737859398, 8369840.736483321525156 ], [ 3315101.784951280336827, 8369924.096138533204794 ], [ 3315099.918285144492984, 8369958.573919055983424 ], [ 3315095.653159570880234, 8369992.837755496613681 ], [ 3315089.010318159591407, 8370026.721002816222608 ], [ 3315080.022068976890296, 8370060.058866738341749 ], [ 3315068.732127308379859, 8370092.689205407164991 ], [ 3315055.195402621757239, 8370124.453318356536329 ], [ 3315039.477732181083411, 8370155.196717976592481 ], [ 3315021.655560135375708, 8370184.769881009124219 ], [ 3315001.815566300880164, 8370213.028975724242628 ], [ 3314980.054244279395789, 8370239.836561440490186 ], [ 3314956.477432250510901, 8370265.062257050536573 ], [ 3314931.199797987472266, 8370288.583374976180494 ], [ 3314904.344281672965735, 8370310.285518406890333 ], [ 3314876.041497587691993, 8370330.063137053512037 ], [ 3314846.429098724853247, 8370347.820040463469923 ], [ 3314815.651107549201697, 8370363.46986651327461 ], [ 3314783.857215880881995, 8370376.936500548385084 ], [ 3314751.202055930625647, 8370388.154446839354932 ], [ 3314717.844449162017554, 8370397.069145678542554 ], [ 3314683.946633100043982, 8370403.637239455245435 ], [ 3314649.673473, 8370407.82678413297981 ], [ 3314615.191659450065345, 8370409.617403029464185 ], [ 3314580.668897628318518, 8370409.000387429259717 ], [ 3314546.273092388641089, 8370405.978738307021558 ], [ 3314512.171530603896827, 8370400.567151545546949 ], [ 3314478.530068277847022, 8370392.791947125457227 ], [ 3314445.512323855888098, 8370382.690940379165113 ], [ 3314413.278881906997412, 8370370.313258646987379 ], [ 3314381.986512732692063, 8370355.719101245515049 ], [ 3314351.787409676238894, 8370338.979449031874537 ], [ 3314322.828448745422065, 8370320.175716092810035 ], [ 3314171.401599224191159, 8370216.150738078169525 ], [ 3314025.251459191553295, 8370104.83396802842617 ], [ 3313884.728835701476783, 8369986.492601393721998 ], [ 3313750.171027898322791, 8369861.410695790313184 ], [ 3313621.90101773571223, 8369729.888487204909325 ], [ 3313500.226694400887936, 8369592.241671639494598 ], [ 3313385.44011518638581, 8369448.800645460374653 ], [ 3313050.370936003513634, 8369444.090838963165879 ], [ 3312715.297825174406171, 8369448.51209843531251 ], [ 3312380.469569801818579, 8369462.061141251586378 ], [ 3312046.134775161277503, 8369484.727906941436231 ], [ 3311712.541680173948407, 8369516.495566014200449 ], [ 3311379.937973228283226, 8369557.340531403198838 ], [ 3311048.570607581641525, 8369607.232476484961808 ], [ 3310864.325388988945633, 8369640.765439760871232 ], [ 3310681.387627395801246, 8369680.822095075622201 ], [ 3310499.98823583079502, 8369727.35188031103462 ], [ 3310320.356185078155249, 8369780.296063660643995 ], [ 3310142.718215378932655, 8369839.587816396728158 ], [ 3309967.298549971077591, 8369905.152297508902848 ], [ 3309794.318611974827945, 8369976.906748874112964 ], [ 3309666.638997392263263, 8369949.919922768138349 ], [ 3309541.030943604651839, 8369914.522329962812364 ], [ 3309418.047854184638709, 8369870.869924782775342 ], [ 3309298.231567620765418, 8369819.155030964873731 ], [ 3309182.109970092307776, 8369759.605493783019483 ], [ 3309070.19466996146366, 8369692.48367643263191 ], [ 3308962.978743168059736, 8369618.085303938947618 ], [ 3308860.934561328496784, 8369536.738160788081586 ], [ 3308764.511710318271071, 8369448.800645460374653 ] ] } },
{ "type": "Feature", "properties": { }, "geometry": { "type": "LineString", "coordinates": [ [ 3292564.63438792899251, 8447266.164783768355846 ], [ 3292280.799064787570387, 8447239.821042919531465 ], [ 3291995.929644309915602, 8447229.530432417988777 ], [ 3291710.933332204353064, 8447235.325724123045802 ], [ 3291426.717737912666053, 8447257.188462255522609 ], [ 3291144.187984787859023, 8447295.049021437764168 ], [ 3290864.2438272559084, 8447348.786830330267549 ], [ 3290587.77678597252816, 8447418.230753149837255 ], [ 3290355.777635000646114, 8447454.671333771198988 ], [ 3290126.298349075950682, 8447504.579041274264455 ], [ 3289900.119981884490699, 8447567.784010885283351 ], [ 3289678.012351989280432, 8447644.07111787609756 ], [ 3289460.731422900687903, 8447733.180712221190333 ], [ 3289249.016730308067054, 8447834.809501646086574 ], [ 3289043.588864021934569, 8447948.611583026126027 ], [ 3288845.147016905248165, 8448074.199621181935072 ], [ 3288654.366603839676827, 8448211.146164923906326 ], [ 3288516.910860489588231, 8448353.447879092767835 ], [ 3288383.708751356229186, 8448499.738881375640631 ], [ 3288254.876001476775855, 8448649.892075536772609 ], [ 3288130.524539350997657, 8448803.777009962126613 ], [ 3288010.76240018568933, 8448961.259990479797125 ], [ 3287895.693632792215794, 8449122.204198138788342 ], [ 3287785.418207375332713, 8449286.469805547967553 ], [ 3287714.392190298996866, 8449585.960552074015141 ], [ 3287663.453690264839679, 8449889.513960085809231 ], [ 3287632.82853603316471, 8450195.784269807860255 ], [ 3287622.652499794494361, 8450503.413674829527736 ], [ 3287632.970695469994098, 8450811.038343630731106 ], [ 3287663.737378797493875, 8451117.294468261301517 ], [ 3287714.816150163300335, 8451420.824304364621639 ] ] } },
{ "type": "Feature", "properties": { }, "geometry": { "type": "LineString", "coordinates": [ [ 3287731.108932596165687, 8451427.612963715568185 ], [ 3287800.927177167963237, 8451778.835302600637078 ], [ 3287867.395624204073101, 8452130.706960948184133 ], [ 3287930.508238911163062, 8452483.195991514250636 ], [ 3287990.259290813934058, 8452836.270389078184962 ], [ 3288046.643354816827923, 8453189.898096831515431 ], [ 3288099.655311800073832, 8453544.047007808461785 ], [ 3288149.290348393842578, 8453898.684966154396534 ], [ 3288209.505393850617111, 8454055.89295270293951 ], [ 3288279.089937279932201, 8454209.184159023687243 ], [ 3288357.790764212142676, 8454358.000766275450587 ], [ 3288445.321485638152808, 8454501.801237581297755 ], [ 3288541.363581608049572, 8454640.062288982793689 ], [ 3288645.56755958776921, 8454772.280796311795712 ], [ 3288757.554225917905569, 8454897.975622085854411 ] ] } },
{ "type": "Feature", "properties": { }, "geometry": { "type": "LineString", "coordinates": [ [ 3295163.333186092786491, 8456671.173443615436554 ], [ 3295360.341647993773222, 8456612.82672280818224 ], [ 3295552.677929731551558, 8456540.553430797532201 ], [ 3295739.35895812464878, 8456454.72297334484756 ], [ 3295919.430565952789038, 8456355.774046896025538 ], [ 3296091.972367763053626, 8456244.212402341887355 ], [ 3296256.102464794646949, 8456120.608255384489894 ], [ 3296410.981952189933509, 8455985.593373296782374 ], [ 3296555.819206952583045, 8455839.85784768871963 ], [ 3296689.87393436068669, 8455684.146563293412328 ], [ 3296812.460951339453459, 8455519.255395598709583 ], [ 3296922.95368893025443, 8455346.027139009907842 ], [ 3297174.46201310865581, 8455196.699574884027243 ], [ 3297417.709594933781773, 8455034.26259489543736 ], [ 3297652.013799786102027, 8454859.172052381560206 ], [ 3297876.717090725433081, 8454671.91931009106338 ], [ 3298091.188874571118504, 8454473.029862122610211 ], [ 3298294.827271206304431, 8454263.061860021203756 ], [ 3298487.060802563093603, 8454042.604544315487146 ], [ 3298487.060802563093603, 8454042.604544315487146 ], [ 3298943.258710706140846, 8453412.616956880316138 ], [ 3298979.125349027570337, 8453395.000575967133045 ], [ 3299013.756667817011476, 8453375.065070098266006 ], [ 3299047.002921580802649, 8453352.896641252562404 ], [ 3299078.720353364478797, 8453328.591145036742091 ], [ 3299108.771817445289344, 8453302.253678796812892 ], [ 3299137.027371048461646, 8453273.9981250744313 ], [ 3299163.364837526809424, 8453243.946660993620753 ], [ 3299187.670333742629737, 8453212.229228971526027 ], [ 3299209.838762724772096, 8453178.982975428923965 ], [ 3299229.774268371518701, 8453144.351656384766102 ], [ 3299247.39064946770668, 8453108.48501811735332 ] ] } },
{ "type": "Feature", "properties": { }, "geometry": { "type": "LineString", "coordinates": [ [ 3374014.969237609300762, 8418317.963594740256667 ], [ 3374028.78799685370177, 8418328.483399150893092 ], [ 3374043.307079240679741, 8418338.013385027647018 ], [ 3374058.455715417396277, 8418346.507101533934474 ], [ 3374074.160066723357886, 8418353.923147199675441 ], [ 3374090.343586444389075, 8418360.225375173613429 ], [ 3374106.927392005454749, 8418365.383066652342677 ], [ 3374123.830649852287024, 8418369.371081350371242 ], [ 3374140.970969199668616, 8418372.169981000944972 ], [ 3374158.264803885947913, 8418373.766123292967677 ], [ 3374175.627859353553504, 8418374.151728151366115 ], [ 3374192.975503801833838, 8418373.32491540722549 ], [ 3374210.223180531989783, 8418371.289716241881251 ], [ 3374227.286819934379309, 8418368.056049345061183 ], [ 3374244.083249568473548, 8418363.639677999541163 ], [ 3374260.530599355231971, 8418358.062127588316798 ], [ 3374276.548701047431678, 8418351.35058450512588 ], [ 3374292.059478163253516, 8418343.537763116881251 ], [ 3374306.987327456008643, 8418334.661744592711329 ], [ 3374321.259486794006079, 8418324.765792844817042 ], [ 3374334.806389927398413, 8418313.898143766447902 ], [ 3374347.562006234657019, 8418302.111768243834376 ], [ 3374359.46416127635166, 8418289.464117048308253 ], [ 3374370.454841136466712, 8418276.016836641356349 ], [ 3374380.480474590789527, 8418261.835473535582423 ], [ 3374389.492193936835974, 8418246.989150522276759 ], [ 3374397.446074008475989, 8418231.550232885405421 ], [ 3374404.303345560561866, 8418215.593973634764552 ], [ 3374410.030584454070777, 8418199.198147295042872 ], [ 3374414.599874734412879, 8418182.442671297118068 ], [ 3374417.988944649230689, 8418165.409216402098536 ], [ 3374420.181274890433997, 8418148.180807111784816 ], [ 3374421.166179418098181, 8418130.841420171782374 ], [ 3374420.938857719302177, 8418113.475570887327194 ], [ 3374419.50041791331023, 8418096.167905567213893 ], [ 3374416.857870973646641, 8418079.002785712480545 ], [ 3374443.308508037123829, 8418070.473414523527026 ], [ 3374469.137080684304237, 8418060.213238932192326 ], [ 3374494.230473517905921, 8418048.267193315550685 ], [ 3374518.478790640365332, 8418034.687594888731837 ], [ 3374541.775836944114417, 8418019.53391551785171 ], [ 3374564.019583701621741, 8418002.87251996807754 ], [ 3374585.11261486960575, 8417984.776376245543361 ], [ 3374604.962554096709937, 8417965.324736593291163 ], [ 3374623.482469081413001, 8417944.602788923308253 ], [ 3374640.591252326499671, 8417922.701284406706691 ], [ 3374656.213976144324988, 8417899.716139791533351 ], [ 3374670.282221436034888, 8417875.748018262907863 ], [ 3374682.734376430045813, 8417850.901887414976954 ], [ 3374693.515907406341285, 8417825.286561010405421 ], [ 3374702.579596757423133, 8417799.01421975903213 ], [ 3374709.885750293266028, 8417772.199923513457179 ], [ 3374715.402371048461646, 8417744.961104391142726 ], [ 3374719.105298995506018, 8417717.417054174467921 ], [ 3374720.978317260276526, 8417689.688401220366359 ], [ 3374721.01322293234989, 8417661.896583555266261 ], [ 3374719.20986308157444, 8417634.163313128054142 ], [ 3374715.576135991606861, 8417606.610048396512866 ], [ 3374710.127954779658467, 8417579.357457747682929 ], [ 3374701.732768188230693, 8417484.93023631349206 ], [ 3374686.70172874815762, 8417391.329770762473345 ], [ 3374665.109628915321082, 8417299.021805284544826 ], [ 3374637.063908338081092, 8417208.465651987120509 ], [ 3374602.704118728172034, 8417120.111907480284572 ], [ 3374562.201230287086219, 8417034.400208471342921 ], [ 3374515.756780074909329, 8416951.757045466452837 ], [ 3374463.60186983179301, 8416872.593640778213739 ], [ 3374405.996016017626971, 8416797.303900931030512 ], [ 3374379.603445453103632, 8416766.17996733635664 ], [ 3374351.265217796899378, 8416736.816522847861052 ], [ 3374321.098495006095618, 8416709.334968565031886 ], [ 3374289.227998613845557, 8416683.848923681303859 ], [ 3374255.785494684707373, 8416660.463758466765285 ], [ 3374220.90924823237583, 8416639.276156900450587 ], [ 3374184.743452190887183, 8416620.373717306181788 ], [ 3374147.437630891334265, 8416603.834590433165431 ], [ 3374109.14602220011875, 8416589.72715568356216 ], [ 3374070.026939272414893, 8416578.109738824889064 ], [ 3374030.242116689216346, 8416569.030371664091945 ], [ 3373989.956041335593909, 8416562.52659129910171 ], [ 3373949.335272669326514, 8416558.625287530943751 ], [ 3373908.547753571998328, 8416557.342589853331447 ], [ 3373867.762116686441004, 8416558.683801423758268 ], [ 3373827.146986765321344, 8416562.643377713859081 ], [ 3373786.870283538009971, 8416569.204946858808398 ], [ 3373728.090336807072163, 8416575.683287009596825 ], [ 3373669.006040091626346, 8416578.152478968724608 ], [ 3373609.89052379084751, 8416576.601109025999904 ], [ 3373551.017062305938452, 8416571.036347864195704 ], [ 3373492.657811522018164, 8416561.483919618651271 ], [ 3373435.082550048362464, 8416547.987983701750636 ], [ 3373378.557432293426245, 8416530.610927103087306 ], [ 3373323.343758224975318, 8416509.433079717680812 ], [ 3373269.696765422355384, 8416484.552340028807521 ], [ 3373217.864448904525489, 8416456.083725927397609 ], [ 3373168.086415290366858, 8416424.158839223906398 ], [ 3373120.592774509917945, 8416388.925260065123439 ], [ 3373075.603076453320682, 8416350.545862948521972 ], [ 3373033.325295932590961, 8416309.198066100478172 ], [ 3372993.954871765803546, 8416265.073008097708225 ], [ 3372990.213270022533834, 8416238.46838416904211 ], [ 3372984.665401373524219, 8416212.180996207520366 ], [ 3372977.337116240989417, 8416186.3333301525563 ], [ 3372968.262560367118567, 8416161.045822618529201 ], [ 3372957.48401653720066, 8416136.436300275847316 ], [ 3372945.05170714808628, 8416112.619430063292384 ], [ 3372931.023560285102576, 8416089.706187246367335 ], [ 3372915.464939951431006, 8416067.803335187956691 ], [ 3372898.448341130744666, 8416047.012929437682033 ], [ 3372880.053052186500281, 8416027.431842802092433 ], [ 3372860.364785789977759, 8416009.15131282620132 ], [ 3372839.475278973113745, 8415992.256517408415675 ], [ 3372817.481866001617163, 8415976.826177118346095 ], [ 3372794.487024664413184, 8415962.932190416380763 ], [ 3372770.597898959647864, 8415950.639294622465968 ], [ 3372745.925799846183509, 8415940.004769323393703 ], [ 3372720.585686444770545, 8415931.078165052458644 ], [ 3372694.69563054991886, 8415923.901075838133693 ], [ 3372668.376266240607947, 8415918.506942747160792 ], [ 3372641.750228166114539, 8415914.920899866148829 ], [ 3372614.941579818259925, 8415913.1596560459584 ], [ 3372588.075235485564917, 8415913.231418130919337 ], [ 3372561.276378392707556, 8415915.135851381346583 ], [ 3372534.669877290260047, 8415918.864082334563136 ], [ 3372508.37970471335575, 8415924.398739336058497 ], [ 3372482.528358935844153, 8415931.714034078642726 ], [ 3372457.236294030677527, 8415940.775880334898829 ], [ 3372432.621357798110694, 8415951.542055128142238 ], [ 3372408.798242960590869, 8415963.96239355020225 ], [ 3372385.877953006885946, 8415977.979023359715939 ], [ 3372363.967284330166876, 8415993.526634203270078 ], [ 3372355.149427083786577, 8416077.518087081611156 ], [ 3372340.613606291357428, 8416160.710807409137487 ], [ 3372320.427755712997168, 8416242.715991972014308 ], [ 3372294.686214208137244, 8416323.150386808440089 ], [ 3372263.509285687934607, 8416401.638079641386867 ], [ 3372227.042676209937781, 8416477.812256334349513 ], [ 3372185.456813573371619, 8416551.316915033385158 ], [ 3372138.946050405036658, 8416621.808529851958156 ], [ 3372087.727755903732032, 8416688.957655427977443 ], [ 3372032.041300296317786, 8416752.45046996884048 ], [ 3371972.146935462485999, 8416811.990237234160304 ], [ 3371908.324579476844519, 8416867.298696516081691 ], [ 3371840.872507690917701, 8416918.117362497374415 ], [ 3371770.105959176551551, 8416964.208733079954982 ], [ 3371696.355663299094886, 8417005.357398508116603 ], [ 3371619.966294049751014, 8417041.371049402281642 ], [ 3371541.294859051238745, 8417072.081375597044826 ], [ 3371460.709031462203711, 8417097.344851015135646 ], [ 3371378.585431217681617, 8417117.043406484648585 ], [ 3371295.307865142356604, 8417131.084980485960841 ], [ 3371211.265533089172095, 8417139.403948305174708 ], [ 3371126.85120916320011, 8417141.96143245510757 ], [ 3371042.45940589858219, 8417138.745479105040431 ], [ 3370958.484530686866492, 8417129.771119115874171 ], [ 3370875.31904216343537, 8417115.080293264240026 ], [ 3370793.351616648491472, 8417094.741661243140697 ], [ 3370712.96533105103299, 8417068.850274825468659 ], [ 3370634.10119934566319, 8417049.135896477848291 ], [ 3370554.045177216175944, 8417035.020610552281141 ], [ 3370473.194266438018531, 8417026.574415681883693 ], [ 3370391.949410795699805, 8417023.839196680113673 ], [ 3370310.713507651817054, 8417026.828518388792872 ], [ 3370229.889410137664527, 8417035.527555463835597 ], [ 3370149.877929090987891, 8417049.893169878050685 ], [ 3370071.075845360290259, 8417069.854121683165431 ], [ 3369993.873942493926734, 8417095.311422822996974 ], [ 3369918.65506887389347, 8417126.138830183073878 ], [ 3369845.79223859263584, 8417162.183468339964747 ], [ 3369775.646782159339637, 8417203.266590593382716 ], [ 3369708.56655454589054, 8417249.184463499113917 ], [ 3369644.884209870826453, 8417299.709377763792872 ], [ 3369584.915552258025855, 8417354.590778348967433 ], [ 3369528.957969307433814, 8417413.556504724547267 ], [ 3369477.288957471493632, 8417476.314142923802137 ], [ 3369430.164746003225446, 8417542.552475724369287 ], [ 3369387.819026445504278, 8417611.943022614344954 ], [ 3369321.919066829141229, 8417621.96654617972672 ], [ 3369256.834806451573968, 8417636.364976085722446 ], [ 3369192.856348037254065, 8417655.074133394286036 ], [ 3369130.268864631187171, 8417678.010624406859279 ], [ 3369069.351329683791846, 8417705.072214124724269 ], [ 3369010.3752731080167, 8417736.13828038983047 ], [ 3368953.603570699226111, 8417771.070350645110011 ], [ 3368899.289273261558264, 8417809.712720869109035 ], [ 3368847.674477576743811, 8417851.89314985089004 ], [ 3368798.989248036872596, 8417897.423624513670802 ], [ 3368753.450591206084937, 8417946.101201055571437 ], [ 3368711.261487841140479, 8417997.708906648680568 ], [ 3368672.609989165794104, 8418052.016708372160792 ], [ 3368637.668377637397498, 8418108.782538888975978 ], [ 3368606.592399835120887, 8418167.753373144194484 ], [ 3368579.520571827422827, 8418228.666358945891261 ], [ 3368556.573561667930335, 8418291.249986646696925 ], [ 3368537.853651880752295, 8418355.225299833342433 ], [ 3368523.444283484946936, 8418420.307138917967677 ], [ 3368513.409683823119849, 8418486.205412862822413 ], [ 3368507.794580339919776, 8418552.626390932127833 ], [ 3368506.624001502525061, 8418619.274012563750148 ], [ 3368509.903164992108941, 8418685.851206459105015 ], [ 3368517.617454571183771, 8418752.061216475442052 ], [ 3368529.732484938111156, 8418817.608922706916928 ], [ 3367215.448035288602114, 8421717.724195901304483 ], [ 3367215.448035288602114, 8421717.724195901304483 ] ] } },
{ "type": "Feature", "properties": { }, "geometry": { "type": "LineString", "coordinates": [ [ 3364337.056472006253898, 8424813.352858297526836 ], [ 3364539.507513723801821, 8424709.527889151126146 ], [ 3364745.17344500310719, 8424612.226434050127864 ], [ 3364953.844127654563636, 8424521.547910211607814 ], [ 3365165.306353091727942, 8424437.58496761135757 ], [ 3365379.344060676172376, 8424360.42339545302093 ], [ 3365595.738558493088931, 8424290.142033476382494 ], [ 3365814.268745993264019, 8424226.812690684571862 ], [ 3365814.268745993264019, 8424226.812690684571862 ], [ 3366379.085203693713993, 8423879.23333209939301 ], [ 3366626.003286502324045, 8423790.099475108087063 ], [ 3366878.662058152258396, 8423718.846901642158628 ], [ 3367135.76842153025791, 8423665.840279577299953 ], [ 3367396.006516932975501, 8423631.350893018767238 ], [ 3367658.044456876814365, 8423615.555258499458432 ], [ 3367920.541142365895212, 8423618.534217558801174 ], [ 3368182.153126353863627, 8423640.272523073479533 ], [ 3368243.180004891008139, 8423573.727632014080882 ], [ 3368308.445170663297176, 8423511.334037998691201 ], [ 3368377.666858076583594, 8423453.361109731718898 ], [ 3368450.546219944488257, 8423400.059129713103175 ], [ 3368526.768618344794959, 8423351.658216474577785 ], [ 3368606.004982709418982, 8423308.367328165099025 ], [ 3368687.913230061065406, 8423270.373362062498927 ], [ 3368772.139742612373084, 8423237.840347765013576 ], [ 3368858.320893883239478, 8423210.908738134428859 ], [ 3368946.084618687164038, 8423189.694803236052394 ], [ 3369035.052019834052771, 8423174.290129182860255 ], [ 3369124.839002966415137, 8423164.761221406981349 ], [ 3369215.057935952674598, 8423161.149218557402492 ], [ 3369305.319321631919593, 8423163.4697146397084 ], [ 3369395.233479283750057, 8423171.712691524997354 ], [ 3369484.412227924913168, 8423185.842562643811107 ], [ 3369572.470560694579035, 8423205.798324842005968 ], [ 3369621.29192903637886, 8423142.187450099736452 ], [ 3369674.142803462222219, 8423081.88276980817318 ], [ 3369730.799875616561621, 8423025.13908719830215 ], [ 3369791.023754596244544, 8422972.196157453581691 ], [ 3369854.559979319106787, 8422923.277678964659572 ], [ 3369921.140092968475074, 8422878.590344903990626 ], [ 3369990.482777595054358, 8422838.322969911620021 ], [ 3370062.295042633544654, 8422802.64569473080337 ], [ 3370136.273463010322303, 8422771.70926427654922 ], [ 3370212.105460762511939, 8422745.644393442198634 ], [ 3370289.470626472961158, 8422724.561212537810206 ], [ 3370368.042072653304785, 8422708.548803804442286 ], [ 3370447.487814783584327, 8422697.674823282286525 ], [ 3370527.472174286376685, 8422691.985216615721583 ], [ 3370607.65719667263329, 8422691.504023775458336 ], [ 3370687.704080134630203, 8422696.233277965337038 ], [ 3370767.274605830665678, 8422706.152996875345707 ], [ 3370868.047590097412467, 8422718.016775352880359 ], [ 3370967.877509832382202, 8422736.180769644677639 ], [ 3371066.370879530441016, 8422760.573385713621974 ], [ 3371163.139481544028968, 8422791.098478315398097 ], [ 3371257.801896214019507, 8422827.635730741545558 ], [ 3371349.985006093513221, 8422870.041129587218165 ], [ 3371439.325465797912329, 8422918.147530553862453 ], [ 3371525.471134304534644, 8422971.765320299193263 ], [ 3371608.082463263999671, 8423030.683160779997706 ], [ 3371686.833835124503821, 8423094.668823240324855 ], [ 3371761.414846301078796, 8423163.470104895532131 ], [ 3371831.531531533226371, 8423236.815820438787341 ], [ 3371896.907521232496947, 8423314.416874399408698 ], [ 3371943.496993122622371, 8423332.992954632267356 ], [ 3371991.182488799095154, 8423348.541045967489481 ], [ 3372039.76743984175846, 8423360.997056482359767 ], [ 3372089.051569461356848, 8423370.309639452025294 ], [ 3372138.831719517242163, 8423376.440407274290919 ], [ 3372188.902686476241797, 8423379.364087102934718 ], [ 3372239.058068632613868, 8423379.068627832457423 ], [ 3372289.091115712653846, 8423375.555246828123927 ], [ 3372338.795582055579871, 8423368.838427064940333 ], [ 3372387.966576456557959, 8423358.945856569334865 ], [ 3372436.40140676451847, 8423345.918313978239894 ], [ 3372483.900415420066565, 8423329.809502122923732 ], [ 3372530.267802476417273, 8423310.685823915526271 ], [ 3372575.312432765495032, 8423288.626111505553126 ], [ 3372618.848623633384705, 8423263.721298042684793 ], [ 3372660.696911035105586, 8423236.074046989902854 ], [ 3372700.684787960257381, 8423205.798324842005968 ], [ 3373352.396085307467729, 8422901.66638607904315 ], [ 3373352.396085307467729, 8422901.66638607904315 ], [ 3373508.122765467036515, 8422946.169601498171687 ], [ 3373661.265605993568897, 8422998.882081700488925 ], [ 3373811.392184018623084, 8423059.654984949156642 ], [ 3373958.078593730460852, 8423128.316708562895656 ], [ 3374100.910643525421619, 8423204.673375798389316 ], [ 3374239.485024735797197, 8423288.509382305666804 ], [ 3374373.410451151430607, 8423379.588004134595394 ], [ 3374373.410451151430607, 8423379.588004134595394 ], [ 3374938.22690885188058, 8423032.008645549416542 ], [ 3374938.22690885188058, 8423032.008645549416542 ], [ 3375459.595946729648858, 8422662.705577051267028 ], [ 3376241.649503546301275, 8423097.179775282740593 ], [ 3376241.649503546301275, 8423097.179775282740593 ], [ 3376338.432857711333781, 8423094.768902933225036 ], [ 3376434.862011267803609, 8423086.152158247306943 ], [ 3376530.53944706870243, 8423071.365061281248927 ], [ 3376625.070746778976172, 8423050.46857070736587 ], [ 3376718.066216945182532, 8423023.548829076811671 ], [ 3376809.14249539328739, 8422990.716810224577785 ], [ 3376897.924131467007101, 8422952.107860075309873 ], [ 3376984.045134146232158, 8422907.881138956174254 ], [ 3377067.150480185635388, 8422858.218966256827116 ], [ 3377067.150480185635388, 8422858.218966256827116 ], [ 3377371.282418947666883, 8422271.678798643872142 ], [ 3377371.282418947666883, 8422271.678798643872142 ], [ 3378001.270006383303553, 8422315.126218466088176 ], [ 3378001.270006383303553, 8422315.126218466088176 ], [ 3378370.573074880056083, 8422532.363317582756281 ], [ 3378370.573074880056083, 8422532.363317582756281 ], [ 3379044.008082138374448, 8422184.783958997577429 ], [ 3379146.183731641620398, 8422135.719966357573867 ], [ 3379251.460936357267201, 8422093.721765123307705 ], [ 3379359.351748346816748, 8422058.984013078734279 ], [ 3379469.356105446349829, 8422031.667715070769191 ], [ 3379580.964149951469153, 8422011.899479387328029 ], [ 3379693.658590912353247, 8421999.770929811522365 ], [ 3379806.917102097999305, 8421995.338280675932765 ], [ 3379920.214742898475379, 8421998.622076509520411 ], [ 3380033.026391317136586, 8422009.60709723085165 ], [ 3380144.829178180545568, 8422028.242429679259658 ], [ 3380255.104909708723426, 8422054.441699530929327 ], [ 3381319.566695375367999, 8421940.392222495749593 ], [ 3381319.566695375367999, 8421940.392222495749593 ], [ 3381889.814080554060638, 8422331.419000903144479 ], [ 3381889.814080554060638, 8422331.419000903144479 ], [ 3382001.566522477194667, 8422371.286150280386209 ], [ 3382115.852669025305659, 8422403.171484135091305 ], [ 3382232.103208422195166, 8422426.916167734190822 ], [ 3382349.73904240084812, 8422442.401916978880763 ], [ 3382468.174172400962561, 8422449.551589963957667 ], [ 3382586.818618297111243, 8422448.329571722075343 ], [ 3382705.08135688258335, 8422438.741948602721095 ], [ 3382822.37326669646427, 8422420.836482046172023 ], [ 3382938.110062479507178, 8422394.702366827055812 ], [ 3383051.715205311309546, 8422360.469789503142238 ], [ 3383162.622775554191321, 8422318.309278009459376 ], [ 3383270.280291080009192, 8422268.43085384182632 ], [ 3383374.15145981265232, 8422211.082983968779445 ], [ 3383473.718851446639746, 8422146.551345346495509 ], [ 3383568.486474419478327, 8422075.157399319112301 ], [ 3383657.982247469946742, 8421997.256793323904276 ], [ 3383741.760350515134633, 8421913.237585105001926 ], [ 3383741.760350515134633, 8421913.237585105001926 ], [ 3384480.366487508639693, 8421989.270569795742631 ], [ 3384480.366487508639693, 8421989.270569795742631 ], [ 3384480.366487508639693, 8421989.270569795742631 ], [ 3385164.663349722977728, 8422119.612829264253378 ], [ 3385164.663349722977728, 8422119.612829264253378 ], [ 3385207.47544591454789, 8422083.042872961610556 ], [ 3385252.67177182296291, 8422049.464169032871723 ], [ 3385300.043725251685828, 8422019.031698225066066 ], [ 3385349.372662186156958, 8421991.885920999571681 ], [ 3385400.430906414519995, 8421968.152127264067531 ], [ 3385452.982800125610083, 8421947.939860818907619 ], [ 3385506.785791396629065, 8421931.342409608885646 ], [ 3385561.591554283630103, 8421918.436379430815578 ], [ 3385617.147134243045002, 8421909.281337268650532 ], [ 3385673.196116018574685, 8421903.919538553804159 ], [ 3385729.479807423893362, 8421902.375730149447918 ], [ 3385918.317883462645113, 8421872.060272131115198 ], [ 3386108.644940030761063, 8421853.233231706544757 ], [ 3386299.762703775893897, 8421845.963682172819972 ], [ 3386490.969999789725989, 8421850.278294084593654 ], [ 3386681.565325140487403, 8421866.161238191649318 ], [ 3386870.849421858321875, 8421893.554242132231593 ], [ 3387058.127842557616532, 8421932.356806917116046 ], [ 3387242.713498682714999, 8421982.426573190838099 ], [ 3387423.929180526174605, 8422043.579844575375319 ], [ 3387700.906481896992773, 8422190.214886479079723 ], [ 3387700.906481896992773, 8422190.214886479079723 ] ] } },
{ "type": "Feature", "properties": { }, "geometry": { "type": "LineString", "coordinates": [ [ 3383752.622205469757318, 8420028.705750273540616 ], [ 3383752.622205469757318, 8420028.705750273540616 ], [ 3384284.853098303545266, 8420050.429460186511278 ], [ 3384306.046656352933496, 8420050.778226386755705 ], [ 3384327.168448061216623, 8420052.555429445579648 ], [ 3384348.122307657729834, 8420055.752976415678859 ], [ 3384368.812833547126502, 8420060.356309412047267 ], [ 3384389.14582323981449, 8420066.344470022246242 ], [ 3384409.028701900970191, 8420073.690195081755519 ], [ 3384428.370944261085242, 8420082.360038755461574 ], [ 3384447.084486484061927, 8420092.314528940245509 ], [ 3384465.084127068053931, 8420103.508343217894435 ], [ 3384482.287914871703833, 8420115.890517232939601 ], [ 3384498.617522239219397, 8420129.40467500500381 ], [ 3384513.998601555358618, 8420143.989287851378322 ], [ 3384528.361123919021338, 8420159.577953336760402 ], [ 3384541.639697670470923, 8420176.099697111174464 ], [ 3384553.773866414558142, 8420193.479296682402492 ], [ 3384564.708384155761451, 8420211.637624261900783 ], [ 3384574.39346682978794, 8420230.492005823180079 ], [ 3384582.785018682014197, 8420249.956599233672023 ], [ 3384589.844833821523935, 8420269.942782865837216 ], [ 3384595.54076944058761, 8420290.359561454504728 ], [ 3384599.84689202113077, 8420311.113979125395417 ], [ 3384599.84689202113077, 8420311.113979125395417 ], [ 3384936.564395650289953, 8420408.870673727244139 ], [ 3385096.865246279165149, 8420419.103726893663406 ], [ 3385256.317657789681107, 8420438.494614381343126 ], [ 3385414.398884415160865, 8420466.979766367003322 ], [ 3385570.590675591956824, 8420504.465795991942286 ], [ 3385724.380974969360977, 8420550.829810876399279 ], [ 3385875.26559935323894, 8420605.919811278581619 ], [ 3386022.749891228973866, 8420669.555192666128278 ] ] } },
{ "type": "Feature", "properties": { }, "geometry": { "type": "LineString", "coordinates": [ [ 3388238.568302209023386, 8428935.426814021542668 ], [ 3388306.667670048773289, 8428891.52513394318521 ], [ 3388371.59764561150223, 8428843.058860059827566 ], [ 3388433.052804588805884, 8428790.255973814055324 ], [ 3388490.744067906867713, 8428733.364853380247951 ], [ 3388544.400061487685889, 8428672.653110025450587 ], [ 3388593.768392800819129, 8428608.406325815245509 ], [ 3388638.616837858688086, 8428540.926711080595851 ], [ 3388678.734434127341956, 8428470.53168391995132 ], [ 3388713.932472347747535, 8428397.55237483792007 ], [ 3388744.045384287368506, 8428322.33207225613296 ], [ 3388768.931521653663367, 8428245.224604604765773 ], [ 3388788.473822712432593, 8428166.592677591368556 ], [ 3388802.580362171866, 8428086.806168790906668 ], [ 3388811.184784330427647, 8428006.24038634262979 ], [ 3388814.246614865493029, 8427925.274303132668138 ], [ 3388830.919032372999936, 8427797.696820372715592 ], [ 3388839.09189677098766, 8427669.294375643134117 ], [ 3388838.729205011855811, 8427540.632602689787745 ], [ 3388829.832554935943335, 8427412.278275964781642 ], [ 3388812.44113779021427, 8427284.79681777767837 ], [ 3388786.631565331947058, 8427158.749804494902492 ], [ 3388752.517533182632178, 8427034.692493913695216 ], [ 3388710.249318956863135, 8426913.171378133818507 ], [ 3388660.013121008407325, 8426794.721776960417628 ], [ 3388602.030237912666053, 8426679.865480897948146 ], [ 3388536.55609369231388, 8426569.108449457213283 ], [ 3388463.879112362395972, 8426462.938585756346583 ], [ 3388384.319447873625904, 8426361.823585256934166 ], [ 3388298.227573313284665, 8426266.208875292912126 ], [ 3388205.982737341430038, 8426176.515655251219869 ], [ 3388205.982737341430038, 8426176.515655251219869 ], [ 3387641.166279640514404, 8425883.245571445673704 ], [ 3387592.991312725935131, 8425819.069581873714924 ], [ 3387540.534879427403212, 8425758.34308217652142 ], [ 3387484.043238520156592, 8425701.351156232878566 ], [ 3387423.781592249404639, 8425648.361354349181056 ], [ 3387360.032841085921973, 8425599.622438905760646 ], [ 3387293.096256136428565, 8425555.363217351958156 ], [ 3387223.286073565017432, 8425515.791465757414699 ], [ 3387150.930019974242896, 8425481.09295511059463 ], [ 3387076.36777365161106, 8425451.430579183623195 ], [ 3386999.949369906913489, 8425426.943588731810451 ], [ 3386922.033557772170752, 8425407.746939180418849 ], [ 3386842.986116051208228, 8425393.93075036816299 ], [ 3386763.178135871421546, 8425385.55988216213882 ], [ 3386682.984278916846961, 8425382.673632143065333 ], [ 3386602.781018375884742, 8425385.285550115630031 ], [ 3386522.944871305953711, 8425393.383374212309718 ], [ 3386443.850631713401526, 8425406.929088590666652 ], [ 3386365.869610428344458, 8425425.859102724120021 ], [ 3386289.367892246693373, 8425450.084549175575376 ], [ 3386214.704617484007031, 8425479.491700060665607 ], [ 3386142.230295742396265, 8425513.942502949386835 ], [ 3385620.861257864627987, 8425416.185808347538114 ], [ 3385620.861257864627987, 8425416.185808347538114 ], [ 3385504.001843082718551, 8425274.00547399930656 ], [ 3385393.204123419243842, 8425127.052298789843917 ], [ 3385288.662810563575476, 8424975.584532735869288 ], [ 3385190.561620831023902, 8424819.868358610197902 ], [ 3385099.072953265625983, 8424660.177425628527999 ], [ 3385014.357586490921676, 8424496.79236832074821 ], [ 3384936.564395650289953, 8424330.000312767922878 ], [ 3384914.862980902194977, 8424303.2317746989429 ], [ 3384891.422299309633672, 8424277.972311194986105 ], [ 3384866.34701633406803, 8424254.334709165617824 ], [ 3384839.749096035491675, 8424232.424513338133693 ], [ 3384811.747301339637488, 8424212.3395557384938 ], [ 3384782.466663479339331, 8424194.16951703839004 ], [ 3384752.037924170028418, 8424177.995529649779201 ], [ 3384720.596951365005225, 8424163.889811990782619 ], [ 3384688.284132718574256, 8424151.915347574278712 ], [ 3384655.243748783599585, 8424142.125604627653956 ], [ 3384621.623328923713416, 8424134.564294336363673 ], [ 3384587.572992205154151, 8424129.265179632231593 ], [ 3384553.244777559768409, 8424126.251921175047755 ], [ 3384518.791964530479163, 8424125.537974355742335 ], [ 3384484.368389009963721, 8424127.126526353880763 ], [ 3384450.127756595145911, 8424131.010484216734767 ], [ 3384416.222955389879644, 8424137.172505553811789 ], [ 3384382.805374801158905, 8424145.585076224058867 ], [ 3384350.02422803780064, 8424156.210633475333452 ], [ 3384360.442852009087801, 8424283.505380189046264 ], [ 3384365.837850388605148, 8424411.111784735694528 ], [ 3384366.200844764243811, 8424538.831668375059962 ], [ 3384361.531271337997168, 8424666.466677187010646 ], [ 3384351.836381968576461, 8424793.818589011207223 ], [ 3384337.131233442574739, 8424920.689621483907104 ], [ 3384317.438663170672953, 8425046.882739849388599 ], [ 3384325.157008089125156, 8425067.944357443600893 ], [ 3384331.413540620356798, 8425089.485490111634135 ], [ 3384336.178830623161048, 8425111.40481042675674 ], [ 3384339.430462598334998, 8425133.59921264462173 ], [ 3384341.153141378890723, 8425155.964296339079738 ], [ 3384341.33876347495243, 8425178.39485883526504 ], [ 3384339.986456036102027, 8425200.785389421507716 ], [ 3384337.102579950820655, 8425223.030565259978175 ], [ 3384332.700700759422034, 8425245.025747297331691 ], [ 3384326.801524281036109, 8425266.66747379116714 ], [ 3384319.432799696456641, 8425287.853942869231105 ], [ 3384310.629188656341285, 8425308.485496995970607 ], [ 3384300.432102322112769, 8425328.465087411925197 ], [ 3384288.889506697189063, 8425347.698731420561671 ], [ 3384276.055696963798255, 8425366.095957277342677 ], [ 3384261.991041659843177, 8425383.57022619061172 ], [ 3384246.761699676048011, 8425400.039340494200587 ], [ 3384230.439307927619666, 8425415.425831792876124 ], [ 3384213.100645184051245, 8425429.657323835417628 ], [ 3384194.827270626556128, 8425442.666872976347804 ], [ 3384175.705140113364905, 8425454.393284318968654 ], [ 3384155.824202179443091, 8425464.78139734081924 ], [ 3384135.277974366676062, 8425473.782347677275538 ], [ 3384114.163103818427771, 8425481.353796480223536 ], [ 3384092.57891273451969, 8425487.460127828642726 ], [ 3384070.626930593978614, 8425492.072618482634425 ], [ 3384048.410417198669165, 8425495.169571874663234 ], [ 3384026.033876418601722, 8425496.736420629546046 ], [ 3384003.602564949542284, 8425496.765793113037944 ], [ 3383981.221997536718845, 8425495.257552195340395 ], [ 3383958.997449629940093, 8425492.218793036416173 ], [ 3383921.193669996224344, 8425409.05981126986444 ], [ 3383877.802223498467356, 8425328.674959920346737 ], [ 3383829.025482296478003, 8425251.439142225310206 ], [ 3383775.09093415690586, 8425177.712576387450099 ], [ 3383716.250122785102576, 8425107.839113233610988 ], [ 3383652.77747356845066, 8425042.144632337614894 ], [ 3383584.969014579895884, 8424980.935524247586727 ], [ 3383513.140995225869119, 8424924.497260248288512 ], [ 3383437.628411752171814, 8424873.093060556799173 ], [ 3383403.980729158967733, 8424857.072461720556021 ], [ 3383369.354516636114568, 8424843.29380015656352 ], [ 3383333.898962258826941, 8424831.816440580412745 ], [ 3383297.766827463638037, 8424822.689833639189601 ], [ 3383261.113788485061377, 8424815.953301904723048 ], [ 3383224.097766160499305, 8424811.635870454832911 ], [ 3383186.87824523402378, 8424809.756139753386378 ], [ 3383149.615587234031409, 8424810.322209833189845 ], [ 3383112.47033929778263, 8424813.331641672179103 ], [ 3383075.602542876731604, 8424818.771468160673976 ], [ 3383039.171044229995459, 8424826.618252752348781 ], [ 3383003.332809447776526, 8424836.838186262175441 ], [ 3382968.242248534690589, 8424849.387236593291163 ], [ 3382934.050550579559058, 8424864.211335657164454 ], [ 3382900.905031322967261, 8424881.246613023802638 ], [ 3382868.948499440681189, 8424900.419672010466456 ], [ 3382838.318640470039099, 8424921.647904871031642 ], [ 3382809.147424220573157, 8424944.839848516508937 ], [ 3382781.560535560827702, 8424969.895580571144819 ], [ 3382755.676833923906088, 8424996.707146760076284 ], [ 3382731.607839626260102, 8425025.159029938280582 ], [ 3382731.11643151473254, 8425113.057933732867241 ], [ 3382724.30430998140946, 8425200.693849874660373 ], [ 3382711.206759929191321, 8425287.612852094694972 ], [ 3382691.891622066032141, 8425373.364727972075343 ], [ 3382666.458942770492285, 8425457.505310533568263 ], [ 3382635.04045522166416, 8425539.598777769133449 ], [ 3382597.798897027503699, 8425619.219912527129054 ], [ 3382554.927167653571814, 8425695.956303117796779 ], [ 3382506.647328632418066, 8425769.410478426143527 ], [ 3382453.209454457275569, 8425839.201970502734184 ], [ 3382394.890335996635258, 8425904.969281356781721 ], [ 3382321.365608624648303, 8425942.370192369446158 ], [ 3382245.501651389058679, 8425974.76422948949039 ], [ 3382167.63895535422489, 8426002.006003377959132 ], [ 3382088.126982330810279, 8426023.973247049376369 ], [ 3382007.322596311103553, 8426040.567368505522609 ], [ 3381925.588461994659156, 8426051.71388959698379 ], [ 3381843.291416644584388, 8426057.362783430144191 ], [ 3381760.800824403297156, 8426057.488696096464992 ], [ 3381678.486917852889746, 8426052.09106302075088 ], [ 3381596.719136476051062, 8426041.194109437987208 ], [ 3381515.864468931686133, 8426024.846742628142238 ], [ 3381436.285805344115943, 8426003.122333047911525 ], [ 3381358.340309261810035, 8425976.118383405730128 ], [ 3381282.377813934814185, 8425943.956092355772853 ], [ 3381208.739252669271082, 8425906.779809666797519 ], [ 3381137.755128673743457, 8425864.756390413269401 ], [ 3381069.744031391106546, 8425818.074441710487008 ], [ 3381069.744031391106546, 8425818.074441710487008 ], [ 3380591.822413336485624, 8425318.429113743826747 ], [ 3380545.779699864331633, 8425139.132699033245444 ], [ 3380507.744925457984209, 8424957.968432201072574 ], [ 3380477.793140410911292, 8424775.293786523863673 ], [ 3380455.983445643913001, 8424591.469215868040919 ], [ 3380442.358875829726458, 8424406.857442630454898 ], [ 3380436.946315231267363, 8424221.822742959484458 ], [ 3380439.756443955469877, 8424036.730228962376714 ], [ 3380483.203863778617233, 8423515.361191084608436 ], [ 3380483.203863778617233, 8423515.361191084608436 ], [ 3380520.084035295527428, 8423418.954286634922028 ], [ 3380563.371243529953063, 8423325.249133389443159 ], [ 3380612.869052290450782, 8423234.670961854979396 ], [ 3380668.352841496001929, 8423147.630814073607326 ], [ 3380729.570827364455909, 8423064.523675916716456 ], [ 3380796.245203971397132, 8422985.726685045287013 ], [ 3380868.073404788505286, 8422911.597421167418361 ], [ 3380944.729475259315223, 8422842.472280500456691 ], [ 3381025.86555188242346, 8422778.664950650185347 ], [ 3381111.113441366236657, 8422720.464988768100739 ], [ 3381200.086290860548615, 8422668.136504532769322 ] ] } },
{ "type": "Feature", "properties": { }, "geometry": { "type": "LineString", "coordinates": [ [ 3289621.071694900281727, 8444565.636095397174358 ], [ 3289583.128157520666718, 8444574.125734694302082 ], [ 3289545.829785093665123, 8444585.108330992981791 ], [ 3289509.34017765475437, 8444598.535711763426661 ], [ 3289473.819387554656714, 8444614.348980901762843 ], [ 3289439.423218130599707, 8444632.478777883574367 ], [ 3289406.302539348136634, 8444652.845580099150538 ], [ 3289374.602626800071448, 8444675.360054491087794 ], [ 3289344.462524413596839, 8444699.923446653410792 ], [ 3289316.014434098731726, 8444726.428015707060695 ], [ 3289289.383136391174048, 8444754.757504938170314 ], [ 3289264.685442566405982, 8444784.787655351683497 ], [ 3289242.029683231841773, 8444816.386746881529689 ], [ 3289221.5152318472974, 8444849.416177270933986 ], [ 3289203.232070207130164, 8444883.73107242397964 ], [ 3289187.260392784606665, 8444919.180917738005519 ], [ 3289173.670255183707923, 8444955.610221384093165 ], [ 3289162.521267294418067, 8444992.859195230528712 ], [ 3289153.862331389915198, 8445030.764456747099757 ], [ 3289147.731427654623985, 8445069.159743098542094 ], [ 3289144.15544774569571, 8445107.876643545925617 ], [ 3289143.150076845660806, 8445146.745335532352328 ], [ 3289142.78523098770529, 8445248.591252943500876 ], [ 3289146.441143591888249, 8445350.372185979038477 ], [ 3289154.112115621101111, 8445451.929461477324367 ], [ 3289165.786187886726111, 8445553.104754922911525 ], [ 3289181.445161183364689, 8445653.740337643772364 ], [ 3289201.0646235877648, 8445753.679322382435203 ], [ 3289224.613989014178514, 8445852.765907658264041 ], [ 3289181.544959777966142, 8445927.714443599805236 ], [ 3289139.6269970391877, 8446003.31278115324676 ], [ 3289098.869902491103858, 8446079.543244360014796 ], [ 3289059.283205866347998, 8446156.388008115813136 ], [ 3289020.876163885463029, 8446233.82910424284637 ], [ 3288983.657756919041276, 8446311.84842530451715 ], [ 3288947.636687641497701, 8446390.427727969363332 ] ] } },
{ "type": "Feature", "properties": { }, "geometry": { "type": "LineString", "coordinates": [ [ 3337114.532489069737494, 8444549.343312960118055 ], [ 3337435.122255966998637, 8444418.119636077433825 ], [ 3337749.262873644940555, 8444272.129484813660383 ], [ 3338056.27463138056919, 8444111.688740728422999 ], [ 3338355.493243097793311, 8443937.144550321623683 ], [ 3338646.271285052411258, 8443748.874578159302473 ], [ 3338927.979596302844584, 8443547.286187667399645 ], [ 3339200.008640580344945, 8443332.815557913854718 ], [ 3339413.126747068017721, 8443301.283774266019464 ], [ 3339623.802239623386413, 8443256.23471662029624 ], [ 3339831.178668617736548, 8443197.851521966978908 ], [ 3340034.412995695602149, 8443126.371531484648585 ], [ 3340232.679021834861487, 8443042.08533096127212 ], [ 3340425.170744776260108, 8442945.335564134642482 ], [ 3340611.105636596214026, 8442836.515544412657619 ], [ 3340789.727824687492102, 8442716.067652700468898 ], [ 3340960.311164107639343, 8442584.481539931148291 ], [ 3341122.16219013556838, 8442442.292137989774346 ], [ 3341274.622937134932727, 8442290.077482158318162 ], [ 3341570.342687927186489, 8442154.189770940691233 ], [ 3341867.361188846174628, 8442021.164768977090716 ], [ 3342165.650728344451636, 8441891.014887807890773 ], [ 3342465.183476209174842, 8441763.752269266173244 ], [ 3342765.931486206594855, 8441639.388787550851703 ], [ 3343067.866698823869228, 8441517.93604588881135 ], [ 3343370.960943601559848, 8441399.405375784263015 ], [ 3343370.960943601559848, 8441399.405375784263015 ], [ 3344055.257805815897882, 8441062.687872154638171 ] ] } },
{ "type": "Feature", "properties": { }, "geometry": { "type": "LineString", "coordinates": [ [ 3413755.781057083979249, 8398386.459750879555941 ], [ 3413610.897957830689847, 8398211.433295249938965 ], [ 3413477.475420649163425, 8398027.520818484947085 ], [ 3413356.056967734824866, 8397835.471523283049464 ], [ 3413247.137220263015479, 8397636.067759035155177 ], [ 3413151.159883856307715, 8397430.121835229918361 ], [ 3413068.515940665733069, 8397218.472712038084865 ], [ 3412999.542056560050696, 8397001.982583520933986 ], [ 3412944.51920974208042, 8396781.533362386748195 ], [ 3412903.67154651414603, 8396558.023092044517398 ], [ 3412877.165467648766935, 8396332.362283229827881 ], [ 3412865.108950709458441, 8396105.470210164785385 ], [ 3412821.456730470992625, 8395825.069374253973365 ], [ 3412784.053868587128818, 8395543.766742480918765 ], [ 3412752.918882011901587, 8395261.701577184721828 ], [ 3412728.067184686195105, 8394979.01351928524673 ], [ 3412709.511079604737461, 8394695.84251762740314 ], [ 3412697.259753451682627, 8394412.328761270269752 ], [ 3412691.319271416869015, 8394128.612608212977648 ], [ 3412649.91329985903576, 8394053.231763364747167 ], [ 3412614.043610416352749, 8393975.064688427373767 ], [ 3412583.896485566627234, 8393894.517329214140773 ], [ 3412559.628488778602332, 8393812.007993219420314 ], [ 3412541.365651130210608, 8393727.965176580473781 ], [ 3412529.202817439567298, 8393642.825340269133449 ], [ 3412523.203152894508094, 8393557.030642030760646 ], [ 3412523.397815703880042, 8393471.026639936491847 ], [ 3412529.78579493612051, 8393385.259979946538806 ], [ 3412542.333915770519525, 8393300.17607450671494 ], [ 3412560.977011947426945, 8393216.216791925951838 ], [ 3412590.333821433596313, 8393163.13544530980289 ], [ 3412616.168043287470937, 8393108.253348072990775 ], [ 3412638.369786381255835, 8393051.803952692076564 ], [ 3412656.844610571395606, 8392994.027379034087062 ], [ 3412671.513929485809058, 8392935.169391153380275 ], [ 3412682.315343975555152, 8392875.480354784056544 ], [ 3412689.202908038627356, 8392815.214169500395656 ], [ 3412692.147323846351355, 8392754.62719058804214 ], [ 3412691.136066793929785, 8392693.97713708691299 ], [ 3412686.173438429366797, 8392633.521996973082423 ], [ 3412677.280548365786672, 8392573.51892920397222 ], [ 3412664.495224374346435, 8392514.223169518634677 ], [ 3412647.871851593721658, 8392455.886945022270083 ], [ 3412581.569515059236437, 8392447.812120528891683 ], [ 3412514.863192797638476, 8392444.425500646233559 ], [ 3412448.083971142303199, 8392445.743894098326564 ], [ 3412381.563297867309302, 8392451.760756490752101 ], [ 3412315.631337642204016, 8392462.446225164458156 ], [ 3412250.615333199035376, 8392477.747264383360744 ], [ 3412186.837981223594397, 8392497.587929246947169 ], [ 3412124.615830182563514, 8392521.86974429897964 ], [ 3412064.257709860336035, 8392550.47219037823379 ], [ 3412006.063198089133948, 8392583.253304002806544 ], [ 3411950.321133970748633, 8392620.050381658598781 ], [ 3411897.308184265624732, 8392660.680786607787013 ], [ 3411847.287470222450793, 8392704.94285561144352 ], [ 3411800.507261941675097, 8392752.616901965811849 ], [ 3411757.199745219666511, 8392803.466303607448936 ], [ 3411687.581064689904451, 8392784.015107220038772 ], [ 3411619.529135500546545, 8392759.642075667157769 ], [ 3411553.391428231727332, 8392730.471656320616603 ], [ 3411489.50563871813938, 8392696.652791021391749 ], [ 3411428.197965025436133, 8392658.358159063383937 ], [ 3411369.781441449653357, 8392615.78328943066299 ], [ 3411314.554340123664588, 8392569.145568845793605 ], [ 3411262.798647999297827, 8392518.683126447722316 ], [ 3411214.778627514373511, 8392464.653622148558497 ], [ 3411170.739466666709632, 8392407.332927701994777 ], [ 3411130.906027555000037, 8392347.013719556853175 ], [ 3411095.481697678100318, 8392284.003985403105617 ], [ 3411064.647352337371558, 8392218.625450132414699 ], [ 3411038.560430168639868, 8392151.211933610960841 ], [ 3411017.354129910003394, 8392082.107646463438869 ], [ 3411001.136729835998267, 8392011.665431020781398 ], [ 3410989.99103546096012, 8391940.244963644072413 ], [ 3410983.9739561076276, 8391868.210912702605128 ], [ 3410983.116214548703283, 8391795.931080946698785 ], [ 3410987.422190774232149, 8391723.774526661261916 ], [ 3410996.869898314587772, 8391652.109678292647004 ], [ 3411008.20415672659874, 8391631.208077695220709 ], [ 3411018.104056369978935, 8391609.59016109444201 ], [ 3411026.524584650527686, 8391587.354220865294337 ], [ 3411033.427454947959632, 8391564.60135936550796 ], [ 3411038.78128158999607, 8391541.435029027983546 ], [ 3411042.561721682082862, 8391517.960561750456691 ], [ 3411044.751586436759681, 8391494.284691808745265 ], [ 3411045.340919017326087, 8391470.515068052336574 ], [ 3411044.327039837371558, 8391446.759766099974513 ], [ 3411041.714558720123023, 8391423.126795766875148 ], [ 3411037.51535403681919, 8391399.723612306639552 ], [ 3411031.74851894332096, 8391376.656623838469386 ], [ 3411024.440273761283606, 8391354.030712125822902 ], [ 3411015.623847722541541, 8391331.948751924559474 ], [ 3411005.339327096473426, 8391310.511145589873195 ], [ 3410993.633473634254187, 8391289.815365312620997 ], [ 3410980.559511303436011, 8391269.955510614439845 ], [ 3410966.176884650718421, 8391251.021879671141505 ], [ 3410950.550988435279578, 8391233.100559709593654 ], [ 3410933.752870559226722, 8391216.273036001250148 ], [ 3410915.858908295165747, 8391200.615818975493312 ], [ 3410896.950461744796485, 8391186.200098989531398 ], [ 3410877.11350381327793, 8391173.091421125456691 ], [ 3410856.438228964339942, 8391161.349388597533107 ], [ 3410835.018643140327185, 8391151.027388570830226 ], [ 3410812.952136992942542, 8391142.172354219481349 ], [ 3410790.33904206706211, 8391134.824547288939357 ], [ 3410767.282175540458411, 8391129.017376421019435 ], [ 3410743.886372088920325, 8391124.777245519682765 ], [ 3410720.258007525932044, 8391122.123433588072658 ], [ 3410696.504514932166785, 8391121.068007467314601 ], [ 3410672.733896731864661, 8391121.615765569731593 ], [ 3410649.054232835303992, 8391123.764217374846339 ], [ 3410625.573189615737647, 8391127.50359439663589 ], [ 3410602.397530555259436, 8391132.816894529387355 ], [ 3410579.632630466949195, 8391139.679959295317531 ], [ 3410557.381996750365943, 8391148.061583517119288 ], [ 3410535.746798038017005, 8391157.923657892271876 ], [ 3410514.825405251700431, 8391169.221341380849481 ], [ 3410494.712943762540817, 8391181.903266217559576 ], [ 3410475.500860436819494, 8391195.911770150065422 ], [ 3410488.414332106243819, 8391233.32382027246058 ], [ 3410498.814112397842109, 8391271.511041004210711 ], [ 3410506.654260992538184, 8391310.304743288084865 ], [ 3410511.900144695769995, 8391349.533558843657374 ], [ 3410514.528590201865882, 8391389.024197576567531 ], [ 3410514.527986526023597, 8391428.602211950346828 ], [ 3410511.8983364100568, 8391468.092770574614406 ], [ 3410506.651256083976477, 8391507.321425912901759 ], [ 3410498.809924244415015, 8391546.114888666197658 ], [ 3410488.408979057800025, 8391584.301792142912745 ], [ 3410475.494366168510169, 8391621.713448522612453 ], [ 3410460.123134850990027, 8391658.184594629332423 ], [ 3410442.363186120521277, 8391693.554121969267726 ], [ 3410422.292973160278052, 8391727.665789125487208 ], [ 3410400.001154779922217, 8391760.368909357115626 ], [ 3410375.586203217040747, 8391791.519020078703761 ], [ 3410349.155969619285315, 8391820.978517530485988 ], [ 3410320.827207326423377, 8391848.617267606779933 ], [ 3410290.725056647788733, 8391874.313177106902003 ], [ 3410258.982491254340857, 8391897.952737329527736 ], [ 3410225.739731668960303, 8391919.431521890684962 ], [ 3410191.143624901305884, 8391938.654649732634425 ], [ 3410155.346996783744544, 8391955.537204740568995 ], [ 3410118.507975935470313, 8391970.004609582945704 ], [ 3410080.789295911323279, 8391981.992955205962062 ], [ 3410042.357576012145728, 8391991.449284551665187 ], [ 3410003.382585286628455, 8391998.331824300810695 ], [ 3409964.036492824088782, 8392002.610171793028712 ], [ 3409924.493106695823371, 8392004.265427906066179 ], [ 3409884.927106931339949, 8392003.29028002358973 ], [ 3409845.513273001648486, 8391999.689036877825856 ], [ 3409640.688557816203684, 8391648.383856017142534 ], [ 3409433.783044656738639, 8391298.300147654488683 ], [ 3409224.804017662536353, 8390949.450236795470119 ], [ 3409013.758833527099341, 8390601.846404073759913 ], [ 3408800.654922207817435, 8390255.500887038186193 ], [ 3408585.499785972293466, 8389910.425878722220659 ], [ 3408368.300999014172703, 8389566.633526781573892 ], [ 3408368.300999014172703, 8389566.633526781573892 ], [ 3408020.721640428993851, 8389544.909816870465875 ], [ 3408005.339530365075916, 8389547.27998055331409 ], [ 3407989.831849446520209, 8389548.598621563985944 ], [ 3407974.270395278465003, 8389548.859635828062892 ], [ 3407958.727214574348181, 8389548.061814306303859 ], [ 3407943.274269580375403, 8389546.2088503818959 ], [ 3407927.983104586135596, 8389543.309323308989406 ], [ 3407912.924514889251441, 8389539.376657007262111 ], [ 3407898.168219089042395, 8389534.42905998043716 ], [ 3407883.782536148559302, 8389528.489437578245997 ], [ 3407869.834069132339209, 8389521.585289953276515 ], [ 3407856.387397050391883, 8389513.748581884428859 ], [ 3407843.504775523673743, 8389505.015595911070704 ], [ 3407831.245848655235022, 8389495.426764009520411 ], [ 3407819.667373179923743, 8389485.026480672881007 ], [ 3407808.82295536948368, 8389473.86289787106216 ], [ 3407798.762802838813514, 8389461.987699983641505 ], [ 3407789.533492207061499, 8389449.455868242308497 ], [ 3407781.177753805648535, 8389436.325421808287501 ], [ 3407773.734272837173194, 8389422.657153127714992 ], [ 3407767.237511515151709, 8389408.514342783018947 ], [ 3407761.717548489104956, 8389393.962470529600978 ], [ 3407757.199940442573279, 8389379.068908212706447 ], [ 3407753.705602883826941, 8389363.90261030010879 ], [ 3407751.250713943969458, 8389348.533794401213527 ], [ 3407749.84663951350376, 8389333.033615110442042 ], [ 3407749.499880074989051, 8389317.473835466429591 ], [ 3407750.21204101992771, 8389301.926494119688869 ], [ 3407751.979825138580054, 8389286.463573453947902 ], [ 3407754.795048117171973, 8389271.156662939116359 ], [ 3407758.644675850402564, 8389256.076631544157863 ], [ 3407763.5108852381818, 8389241.29329633526504 ], [ 3407769.371146678458899, 8389226.875102518126369 ], [ 3407776.19832812808454, 8389212.888802723959088 ], [ 3407783.960820929612964, 8389199.399151695892215 ], [ 3407792.62268635770306, 8389186.468603329733014 ], [ 3407818.573268570937216, 8389164.691619483754039 ], [ 3407843.003037592861801, 8389141.221295112743974 ], [ 3407865.801723837386817, 8389116.163568494841456 ], [ 3407886.8664201493375, 8389089.631544111296535 ], [ 3407906.102045893203467, 8389061.744980333372951 ], [ 3407923.421776890289038, 8389032.629749296233058 ], [ 3407938.74743616534397, 8389002.417270181700587 ], [ 3407952.009847998153418, 8388971.243913171812892 ], [ 3407963.149149417411536, 8388939.250387189909816 ], [ 3407972.115060328971595, 8388906.581101892516017 ], [ 3407978.867111205589026, 8388873.383518217131495 ], [ 3407983.374825119506568, 8388839.807481287047267 ], [ 3407985.617855309974402, 8388806.004544256255031 ], [ 3407985.586077332030982, 8388772.127284048125148 ], [ 3407983.279634832870215, 8388738.328614709898829 ], [ 3407978.708938240539283, 8388704.761093137785792 ], [ 3407971.89461851073429, 8388671.576235292479396 ], [ 3407962.867433785926551, 8388638.923828123137355 ], [ 3407951.66813018033281, 8388606.951256391592324 ], [ 3407938.347258605994284, 8388575.802835269831121 ], [ 3407922.964945827145129, 8388545.619160938076675 ], [ 3407888.830359056591988, 8388500.044763796031475 ], [ 3407857.674248279538006, 8388452.38458691444248 ], [ 3407829.623669266235083, 8388402.832990645430982 ], [ 3407804.79301345301792, 8388351.592047928832471 ], [ 3407783.283540963660926, 8388298.870721339248121 ], [ 3407765.182968377601355, 8388244.884010314010084 ], [ 3407750.565110563766211, 8388189.852074860595167 ], [ 3407739.489579557906836, 8388133.999337195418775 ], [ 3407732.001541852485389, 8388077.5535669317469 ], [ 3407728.131533979903907, 8388020.74495196249336 ], [ 3407727.895338000264019, 8387963.805159910582006 ], [ 3407731.293917015194893, 8387906.966393940150738 ], [ 3407738.313411579001695, 8387850.460443767718971 ], [ 3407795.18727917317301, 8387749.303965751081705 ], [ 3407845.581439144443721, 8387644.768332787789404 ], [ 3407889.296050548087806, 8387537.268088101409376 ], [ 3407926.157760381232947, 8387427.229530333541334 ], [ 3407956.020390986930579, 8387315.089023827575147 ], [ 3407978.765520452987403, 8387201.291269301436841 ], [ 3407994.3029515738599, 8387086.287538289092481 ], [ 3408002.571069597732276, 8386970.533885716460645 ], [ 3408003.537086843978614, 8386854.489339589141309 ], [ 3407997.1971725220792, 8386738.6140818586573 ], [ 3407983.576467990409583, 8386623.367622851394117 ], [ 3407962.728986858855933, 8386509.206979989074171 ], [ 3407934.737401134800166, 8386396.584863730706275 ], [ 3407899.712713428772986, 8386285.947884742170572 ], [ 3407857.793816092424095, 8386177.734780577011406 ], [ 3407817.386516649276018, 8386122.042295995168388 ], [ 3407780.984603084623814, 8386063.653055790811777 ], [ 3407748.767344593536109, 8386002.854610680602491 ], [ 3407720.893401979934424, 8385939.946375607512891 ], [ 3407697.500046848785132, 8385875.238156556151807 ], [ 3407678.702484726440161, 8385809.04862308409065 ], [ 3407664.593288421165198, 8385741.703740119002759 ], [ 3407655.241941809188575, 8385673.535162209533155 ], [ 3407650.69449758483097, 8385604.878600596450269 ], [ 3407650.973350762855262, 8385536.072169779799879 ], [ 3407656.077127813827246, 8385467.4547219267115 ], [ 3407665.980694293510169, 8385399.364178656600416 ], [ 3407680.635277866851538, 8385332.135867117904127 ], [ 3407699.968708753120154, 8385266.100867985747755 ], [ 3407723.885775208007544, 8385201.58438444044441 ], [ 3407752.268692492973059, 8385138.904142855666578 ], [ 3407784.977682590018958, 8385078.368825434707105 ], [ 3407821.85166299296543, 8385020.276551722548902 ], [ 3407862.709039486944675, 8384964.913409832865 ], [ 3407907.348601300269365, 8384912.5520477918908 ], [ 3407955.550510694738477, 8384863.450330928899348 ], [ 3408067.900728510692716, 8384594.475512735545635 ], [ 3408199.456812635529786, 8384334.354346421547234 ], [ 3408349.52629792643711, 8384084.456019162200391 ], [ 3408517.319270848762244, 8383846.095907925628126 ], [ 3408701.952528134454042, 8383620.528657105751336 ], [ 3408902.454225109890103, 8383408.941573612391949 ], [ 3409117.768990963697433, 8383212.4483776492998 ], [ 3409291.006280226632953, 8383060.19728478975594 ], [ 3409453.795387374702841, 8382896.822683999314904 ], [ 3409605.423547148238868, 8382723.039903639815748 ], [ 3409745.226862310897559, 8382539.60984396841377 ], [ 3409872.593209862243384, 8382347.335646389983594 ], [ 3409986.964921831618994, 8382147.059174536727369 ], [ 3410087.841226445976645, 8381939.657330701127648 ], [ 3410174.780441088601947, 8381726.038215013220906 ], [ 3410247.401906365063041, 8381507.137149591930211 ] ] } },
{ "type": "Feature", "properties": { }, "geometry": { "type": "LineString", "coordinates": [ [ 3411257.55441725300625, 8379247.871318788267672 ], [ 3410899.113203712273389, 8380312.333104455843568 ], [ 3410899.113203712273389, 8380312.333104455843568 ], [ 3410821.83311476232484, 8380493.873591504059732 ], [ 3410737.493721450679004, 8380672.244069034233689 ], [ 3410646.224758386146277, 8380847.170159100554883 ], [ 3410548.166620134841651, 8381018.382781504653394 ], [ 3410443.47014435660094, 8381185.618568593636155 ], [ 3410332.296380538959056, 8381348.620270333252847 ], [ 3410214.816341497935355, 8381507.137149591930211 ], [ 3410214.816341497935355, 8381507.137149591930211 ], [ 3410214.816341497935355, 8381507.137149591930211 ] ] } },
{ "type": "Feature", "properties": { }, "geometry": { "type": "LineString", "coordinates": [ [ 3413125.793469647876918, 8404805.816029749810696 ], [ 3413040.523353052325547, 8404811.354855220764875 ], [ 3412955.823483760934323, 8404822.651027921587229 ], [ 3412872.082141875755042, 8404839.652763841673732 ], [ 3412789.683213233482093, 8404862.282124040648341 ], [ 3412709.004429935943335, 8404890.435370920225978 ], [ 3412630.415638803970069, 8404923.983445165678859 ], [ 3412554.277105330955237, 8404962.772555349394679 ], [ 3412480.937862872611731, 8405006.624886034056544 ], [ 3412410.734112262260169, 8405055.339409349486232 ], [ 3412343.987680553924292, 8405108.69280862621963 ], [ 3412281.004545926582068, 8405166.44050264172256 ], [ 3412222.073434829246253, 8405228.317764280363917 ], [ 3412167.464498336892575, 8405294.040936712175608 ], [ 3412117.428074312396348, 8405363.308733146637678 ], [ 3412072.193538936786354, 8405435.803617184981704 ], [ 3411984.17304959660396, 8405499.136609070003033 ], [ 3411900.706949101295322, 8405568.361491445451975 ], [ 3411822.188884019386023, 8405643.151783464476466 ], [ 3411748.989165305625647, 8405723.154755590483546 ], [ 3411681.453020929824561, 8405807.993093488737941 ], [ 3411619.898968457709998, 8405897.266678331419826 ], [ 3411564.61731183482334, 8405990.55447387509048 ], [ 3411515.868773340713233, 8406087.416511533781886 ], [ 3411473.883263110648841, 8406187.39596557430923 ], [ 3411438.858795284759253, 8406290.021308420225978 ], [ 3411410.960553990211338, 8406394.808532956987619 ], [ 3411390.320114282425493, 8406501.263437263667583 ], [ 3411377.034821766894311, 8406608.883952409029007 ], [ 3411377.034821766894311, 8406608.883952409029007 ], [ 3411377.034821766894311, 8406608.883952409029007 ], [ 3411350.767566794063896, 8406758.881326081231236 ], [ 3411317.596870068926364, 8406907.504626985639334 ], [ 3411277.593603968154639, 8407054.436310289427638 ], [ 3411230.843238472472876, 8407199.362443445250392 ], [ 3411177.445659403223544, 8407341.973380323499441 ], [ 3411117.514955395366997, 8407481.964421154931188 ], [ 3411051.179173093289137, 8407619.036463297903538 ], [ 3411051.179173093289137, 8407619.036463297903538 ], [ 3410866.527638844680041, 8408162.129211086779833 ] ] } },
{ "type": "Feature", "properties": { }, "geometry": { "type": "LineString", "coordinates": [ [ 3410540.671990171540529, 8407488.694203827530146 ], [ 3410441.282895732205361, 8407578.232368171215057 ], [ 3410348.079241704661399, 8407674.192536180838943 ], [ 3410261.475096106063575, 8407776.1483936291188 ], [ 3410181.855207561980933, 8407883.646990297362208 ], [ 3410109.573296546470374, 8407996.210751531645656 ], [ 3410044.950483917724341, 8408113.339599607512355 ], [ 3409988.273863672744483, 8408234.513175962492824 ], [ 3409939.795228361617774, 8408359.193153856322169 ], [ 3409899.729949783999473, 8408486.825627630576491 ], [ 3409868.256022382061929, 8408616.843575656414032 ], [ 3409845.513273001182824, 8408748.669378699734807 ], [ 3409874.464358875527978, 8408874.933983145281672 ], [ 3409911.110865138471127, 8408999.183527743443847 ], [ 3409955.314599990379065, 8409120.949473856016994 ], [ 3410006.908872961532325, 8409239.772648332640529 ], [ 3410065.699124954640865, 8409355.204974448308349 ], [ 3410131.463661024346948, 8409466.811164198443294 ], [ 3410203.954486541915685, 8409574.170355338603258 ], [ 3410203.954486541915685, 8409574.170355338603258 ], [ 3410356.020455922931433, 8410008.644553570076823 ] ] } },
{ "type": "Feature", "properties": { }, "geometry": { "type": "LineString", "coordinates": [ [ 3406532.64751148596406, 8414842.170008895918727 ], [ 3406515.157168368343264, 8414732.765511320903897 ], [ 3406499.867527895607054, 8414623.031819121912122 ], [ 3406486.78475773287937, 8414513.013196943327785 ], [ 3406475.914134740363806, 8414402.754021165892482 ], [ 3406467.260044031776488, 8414292.298767821863294 ], [ 3406460.825976232532412, 8414181.691991614177823 ], [ 3406456.614526795689017, 8414070.978307036682963 ], [ 3406428.262503977399319, 8414043.124422086402774 ], [ 3406401.9035978121683, 8414013.377420198172331 ], [ 3406377.663896798621863, 8413981.879595277830958 ], [ 3406355.65935194445774, 8413948.781618116423488 ], [ 3406335.995222210418433, 8413914.241813657805324 ], [ 3406318.76557147456333, 8413878.425403593108058 ], [ 3406304.052818178664893, 8413841.503716943785548 ], [ 3406291.927340864669532, 8413803.653367994353175 ], [ 3406282.447142004501075, 8413765.055416105315089 ], [ 3406275.657570480834693, 8413725.894494054839015 ], [ 3406271.591104149352759, 8413686.357929704710841 ], [ 3406270.267195105087012, 8413646.634846208617091 ], [ 3406271.692176222335547, 8413606.915260313078761 ], [ 3406275.859231113921851, 8413567.389170644804835 ], [ 3406282.748426656238735, 8413528.245651494711637 ], [ 3406292.32680820999667, 8413489.671947015449405 ], [ 3406304.548557414673269, 8413451.852574557065964 ], [ 3406304.548557414673269, 8413451.852574557065964 ], [ 3406304.548557414673269, 8413451.852574557065964 ], [ 3406354.557090742979199, 8413313.365804700180888 ], [ 3406411.437058046925813, 8413177.55671812966466 ], [ 3406475.045765995513648, 8413044.766015050932765 ], [ 3406545.223641395103186, 8412915.326822279021144 ], [ 3406621.794630960095674, 8412789.563861627131701 ], [ 3406704.566643221769482, 8412667.792630223557353 ], [ 3406793.332030424848199, 8412550.318613225594163 ], [ 3406880.91531803784892, 8412441.184860935434699 ], [ 3406973.239873425103724, 8412336.031712250784039 ], [ 3407070.124995111953467, 8412235.064978597685695 ], [ 3407171.381054877769202, 8412138.482275007292628 ], [ 3407276.809869901277125, 8412046.472638802602887 ], [ 3407386.205090190749615, 8411959.216154804453254 ], [ 3407499.352602550759912, 8411876.883605968207121 ], [ 3407576.63817390287295, 8411882.667697010561824 ], [ 3407653.668486205860972, 8411891.202698417007923 ], [ 3407730.345654725562781, 8411902.477764127776027 ], [ 3407806.572243213187903, 8411916.478566167876124 ], [ 3407882.25138839893043, 8411933.187313266098499 ], [ 3407957.286922419909388, 8411952.582773266360164 ], [ 3408031.583495384082198, 8411974.640300570055842 ], [ 3408031.583495384082198, 8411974.640300570055842 ], [ 3408433.472128748428077, 8411627.06094198487699 ], [ 3408433.472128748428077, 8411627.06094198487699 ], [ 3408433.472128748428077, 8411627.06094198487699 ], [ 3408482.317346827592701, 8411551.157477643340826 ], [ 3408536.333975461311638, 8411478.842920981347561 ], [ 3408595.259305476676673, 8411410.468973634764552 ], [ 3408658.80675435019657, 8411346.368170259520411 ], [ 3408726.66725981188938, 8411286.85226440243423 ], [ 3408798.510783552657813, 8411232.210711000487208 ], [ 3408873.987915634643286, 8411182.709258554503322 ], [ 3408952.731573938857764, 8411138.588656423613429 ], [ 3409034.35878982860595, 8411100.063484869897366 ], [ 3409118.472570793237537, 8411067.321110036224127 ], [ 3409204.663830609060824, 8411040.520774371922016 ], [ 3409204.663830609060824, 8411040.520774371922016 ], [ 3409432.762784680351615, 8410866.73109507933259 ] ] } },
{ "type": "Feature", "properties": { }, "geometry": { "type": "LineString", "coordinates": [ [ 3405434.333940209355205, 8428826.08031652495265 ], [ 3405104.267625575885177, 8428997.714800134301186 ], [ 3405104.267625575885177, 8428997.714800134301186 ], [ 3404747.796005771495402, 8429024.120105305686593 ], [ 3404747.796005771495402, 8429024.120105305686593 ], [ 3404716.636752612888813, 8428989.212721673771739 ], [ 3404687.87876735907048, 8428952.301981156691909 ], [ 3404661.650503277312964, 8428913.552753446623683 ], [ 3404638.069114565383643, 8428873.138120172545314 ], [ 3404617.239932536613196, 8428831.238601205870509 ], [ 3404599.255995153915137, 8428788.041350362822413 ], [ 3404584.197631239425391, 8428743.739316938444972 ], [ 3404572.132102369796485, 8428698.530385015532374 ], [ 3404563.113301634322852, 8428652.616490362212062 ], [ 3404557.181513428222388, 8428606.202716825529933 ], [ 3404554.363233327399939, 8428559.496381280943751 ], [ 3404554.671049832832068, 8428512.706107137724757 ], [ 3404558.103587984573096, 8428466.040893552824855 ], [ 3404564.645515679847449, 8428419.709179876372218 ], [ 3404574.267611849121749, 8428373.917916959151626 ], [ 3404586.926897414028645, 8428328.87164100818336 ], [ 3404602.566827332600951, 8428284.771560525521636 ], [ 3404607.400243159383535, 8428203.643608372658491 ], [ 3404606.619692304171622, 8428122.375550417229533 ], [ 3404600.228901505004615, 8428041.355402944609523 ], [ 3404588.258383631240577, 8427960.969998834654689 ], [ 3404570.765292405616492, 8427881.603139875456691 ], [ 3404547.833149075042456, 8427803.633765695616603 ], [ 3404519.571443557273597, 8427727.434143064543605 ], [ 3404486.115112304221839, 8427653.368088243529201 ], [ 3404447.623893260490149, 8427581.789232729002833 ], [ 3404404.281563877593726, 8427513.039330957457423 ], [ 3404356.295063137542456, 8427447.446630952879786 ], [ 3404303.89350390387699, 8427385.324307439848781 ], [ 3404247.327078699599952, 8427326.968964574858546 ], [ 3404186.865865349303931, 8427272.659221170470119 ], [ 3404122.798537730704993, 8427222.654380796477199 ], [ 3404055.430986642371863, 8427177.1931934338063 ], [ 3403985.0848603034392, 8427136.492713598534465 ], [ 3403912.096028324216604, 8427100.74726752564311 ], [ 3403836.812977382447571, 8427070.127522673457861 ], [ 3403685.66711776284501, 8426975.968990644440055 ], [ 3403529.298878476489335, 8426890.764097480103374 ], [ 3403368.238056659232825, 8426814.801529405638576 ], [ 3403203.030348538886756, 8426748.338658330962062 ], [ 3403034.235500619281083, 8426691.600669650360942 ], [ 3402862.42541317967698, 8426644.77979882620275 ], [ 3402688.18220245745033, 8426608.034682186320424 ], [ 3402688.18220245745033, 8426608.034682186320424 ], [ 3402305.305277482140809, 8426634.439987357705832 ], [ 3402283.920303129125386, 8426635.008297123014927 ], [ 3402262.544432721100748, 8426634.164341913536191 ], [ 3402241.270830630790442, 8426631.911798952147365 ], [ 3402220.192215442191809, 8426628.2604861240834 ], [ 3402199.400456428062171, 8426623.22631692700088 ], [ 3402178.986172198783606, 8426616.831233022734523 ], [ 3402159.038336276542395, 8426609.103106496855617 ], [ 3402139.643889188300818, 8426600.075619218870997 ], [ 3402120.887359737884253, 8426589.788116930052638 ], [ 3402102.850496291648597, 8426578.285436628386378 ], [ 3402085.611910700332373, 8426565.617711065337062 ], [ 3402069.246735453139991, 8426551.840151784941554 ], [ 3402053.826296448241919, 8426537.012806890532374 ], [ 3402039.417802333366126, 8426521.200299261137843 ], [ 3402026.084050654899329, 8426504.471546648070216 ], [ 3402013.883155464660376, 8426486.899458883330226 ], [ 3402002.868293046485633, 8426468.560623167082667 ], [ 3401993.087470530997962, 8426449.53496646694839 ], [ 3401984.583316564094275, 8426429.905410287901759 ], [ 3401977.392895698081702, 8426409.757508752867579 ], [ 3401971.547546505462378, 8426389.179073331877589 ], [ 3401967.07274556113407, 8426368.259793756529689 ], [ 3401963.987995586358011, 8426347.090844618156552 ], [ 3401962.306741260457784, 8426325.764487899839878 ], [ 3401962.036310263443738, 8426304.373672723770142 ], [ 3401926.116460840217769, 8426226.172348747029901 ], [ 3401884.894768661353737, 8426150.631268750876188 ], [ 3401838.567089318763465, 8426078.10934972576797 ], [ 3401787.353538274299353, 8426008.951162813231349 ], [ 3401731.497445344459265, 8425943.48529720120132 ], [ 3401671.264197945129126, 8425882.022799966856837 ], [ 3401606.939981102477759, 8425824.855696199461818 ], [ 3401538.830416559707373, 8425772.255601881071925 ], [ 3401467.259111827705055, 8425724.472435247153044 ], [ 3401392.566121856682003, 8425681.73322750069201 ], [ 3401315.106333581265062, 8425644.241043455898762 ], [ 3401279.693126262165606, 8425656.300420636311173 ], [ 3401245.179521946702152, 8425670.734233113005757 ], [ 3401211.724515914451331, 8425687.475989339873195 ], [ 3401179.482226013671607, 8425706.448563573881984 ], [ 3401148.601184010040015, 8425727.564554689452052 ], [ 3401119.223650693427771, 8425750.726686952635646 ], [ 3401091.484960317146033, 8425775.828258035704494 ], [ 3401065.512897610198706, 8425802.753632543608546 ], [ 3401041.427109002601355, 8425831.3787722568959 ], [ 3401019.33855116320774, 8425861.571808336302638 ], [ 3400999.348980307113379, 8425893.193650243803859 ], [ 3400981.550482868682593, 8425926.098624227568507 ], [ 3400966.025051831733435, 8425960.135146139189601 ], [ 3400952.84420871688053, 8425995.146419046446681 ], [ 3400942.068674087058753, 8426030.971154211089015 ], [ 3400933.748088001739234, 8426067.444318292662501 ], [ 3400927.920781015884131, 8426104.397888181731105 ], [ 3400924.613598227035254, 8426141.661628721281886 ], [ 3400923.841774701606482, 8426179.063876150175929 ], [ 3400925.608866214286536, 8426216.432328222319484 ], [ 3400929.906732081901282, 8426253.594838617369533 ], [ 3400936.715573310386389, 8426290.380209444090724 ], [ 3400946.004023222718388, 8426326.618980618193746 ], [ 3400957.729292691685259, 8426362.144209260120988 ], [ 3400971.83736636210233, 8426396.7922408208251 ], [ 3400971.83736636210233, 8426396.7922408208251 ], [ 3400998.242671533022076, 8426713.655902869999409 ], [ 3401002.837101453915238, 8426728.124595878645778 ], [ 3401006.431775742210448, 8426742.87350008264184 ], [ 3401009.009878992568702, 8426757.83362197689712 ], [ 3401010.559350966941565, 8426772.934979436919093 ], [ 3401011.072943567764014, 8426788.106929777190089 ], [ 3401010.548254012595862, 8426803.278500555083156 ], [ 3401008.98773693991825, 8426818.378720758482814 ], [ 3401006.398692249786109, 8426833.336952684447169 ], [ 3401002.79323124838993, 8426848.083223817870021 ], [ 3400998.188219785224646, 8426862.548552034422755 ], [ 3400992.605199813377112, 8426876.665270803496242 ], [ 3400986.070287942420691, 8426890.367342947050929 ], [ 3400978.614053844939917, 8426903.590672014281154 ], [ 3400970.271376966964453, 8426916.273400781676173 ], [ 3400961.081283688079566, 8426928.356200216338038 ], [ 3400951.086764096748084, 8426939.782548425719142 ], [ 3400940.334571480285376, 8426950.498994348570704 ], [ 3400928.875003695022315, 8426960.455407617613673 ], [ 3400916.761667131911963, 8426969.605213163420558 ], [ 3400904.05122685385868, 8426977.905608652159572 ], [ 3400890.803140997420996, 8426985.31776618771255 ], [ 3400877.079382776748389, 8426991.807012556120753 ], [ 3400862.944150208961219, 8426997.342991350218654 ], [ 3400848.463566779624671, 8427001.899806020781398 ], [ 3400833.705370902549475, 8427005.456140516325831 ], [ 3400818.738600015174598, 8427007.995357988402247 ], [ 3400803.633266925346106, 8427009.505580900236964 ], [ 3400788.460033058654517, 8427009.979744432494044 ], [ 3400773.289877056609839, 8427009.415630815550685 ], [ 3400758.193763255607337, 8427007.815877912566066 ], [ 3400743.242309808265418, 8427005.187970159575343 ], [ 3400728.505458116065711, 8427001.544200418516994 ], [ 3400714.052145480643958, 8426996.901613710448146 ], [ 3400699.949983000289649, 8426991.281927583739161 ], [ 3400686.264939188491553, 8426984.711430070921779 ], [ 3400673.061031221877784, 8426977.220858095213771 ], [ 3400660.400025486480445, 8426968.84525060467422 ], [ 3400648.34114909125492, 8426959.623788831755519 ], [ 3400636.940811991225928, 8426949.599609373137355 ], [ 3400626.252343892585486, 8426938.819604394957423 ], [ 3400616.325744151603431, 8426927.334201810881495 ], [ 3400607.207448601257056, 8426915.197128770872951 ], [ 3400598.940111517440528, 8426902.465161321684718 ], [ 3400591.56240665866062, 8426889.197858331725001 ], [ 3400585.108846187125891, 8426875.457282541319728 ], [ 3400579.609619140159339, 8426861.307711599394679 ], [ 3400575.090450286399573, 8426846.815335271880031 ], [ 3400571.572479962836951, 8426832.047947404906154 ], [ 3400569.072164892684668, 8426817.074628351256251 ], [ 3400567.601201056968421, 8426801.965421674773097 ], [ 3400567.166469692718238, 8426786.791007040068507 ], [ 3400567.770004271995276, 8426771.622367857024074 ], [ 3400569.408981614746153, 8426756.530462000519037 ], [ 3400572.075734728947282, 8426741.585888622328639 ], [ 3400575.757788801565766, 8426726.85855545476079 ], [ 3400469.048358611296862, 8426631.98532497510314 ], [ 3400363.912462790496647, 8426535.371269447728992 ], [ 3400260.378497004043311, 8426437.042482851073146 ], [ 3400158.474424242507666, 8426337.025522707030177 ], [ 3400058.227767665870488, 8426235.347401840612292 ], [ 3399959.665602616500109, 8426132.035582657903433 ], [ 3399862.814549193251878, 8426027.117968430742621 ], [ 3399819.442365386988968, 8426007.7473832257092 ], [ 3399777.574012937024236, 8425985.310651144012809 ], [ 3399737.425902127753943, 8425959.923743246123195 ], [ 3399699.205551623832434, 8425931.717880247160792 ], [ 3399663.110515951644629, 8425900.838853357359767 ], [ 3399629.327363967429847, 8425867.446271417662501 ], [ 3399598.030715107452124, 8425831.712734220549464 ], [ 3399569.382336258422583, 8425793.822942731902003 ], [ 3399543.530305981170386, 8425753.972743032500148 ], [ 3399520.608249067794532, 8425712.368113515898585 ], [ 3399500.734645723830909, 8425669.22410106472671 ], [ 3399484.012218951713294, 8425624.763710496947169 ], [ 3399470.527404250577092, 8425579.216749032959342 ], [ 3399460.349902489688247, 8425532.818641770631075 ], [ 3399453.532319047488272, 8425485.809212431311607 ] ] } },
{ "type": "Feature", "properties": { }, "geometry": { "type": "LineString", "coordinates": [ [ 3399928.827812119852751, 8425050.121677115559578 ], [ 3399955.606213429011405, 8425068.716448942199349 ], [ 3399983.60516301356256, 8425085.416961835697293 ], [ 3400012.690890907775611, 8425100.143426416441798 ], [ 3400042.724434494506568, 8425112.825483797118068 ], [ 3400073.562302946578711, 8425123.402543066069484 ], [ 3400105.057162642013282, 8425131.824070928618312 ], [ 3400137.058541059028357, 8425138.049830911681056 ], [ 3400169.413545727264136, 8425142.05007934384048 ], [ 3400201.967594623100013, 8425143.805704114958644 ], [ 3400234.565154671203345, 8425143.308317182585597 ], [ 3400267.050485014449805, 8425140.560294626280665 ], [ 3400299.268380999099463, 8425135.574766157194972 ], [ 3400331.064915656577796, 8425128.375550745055079 ], [ 3400362.288174986373633, 8425118.997044084593654 ], [ 3400392.788984298240393, 8425107.484053609892726 ], [ 3400422.421620249282569, 8425093.891584871336818 ], [ 3400451.044507383834571, 8425078.284578798338771 ], [ 3400478.520894646178931, 8425060.737599847838283 ], [ 3400504.719508409034461, 8425041.334483144804835 ], [ 3400529.515179872047156, 8425020.167929647490382 ], [ 3400552.789443373214453, 8424997.339066503569484 ], [ 3400574.43110156012699, 8424972.95696353726089 ], [ 3400594.336757456883788, 8424947.138110326603055 ], [ 3400612.41130814794451, 8424920.00586144067347 ], [ 3400628.568399143405259, 8424891.689846090972424 ], [ 3400628.168707704171538, 8424852.316085245460272 ], [ 3400624.985545301344246, 8424813.069170203059912 ], [ 3400619.034851550590247, 8424774.145629404112697 ], [ 3400610.346424102317542, 8424735.740368841215968 ], [ 3400598.963769673835486, 8424698.045700548216701 ], [ 3400584.943886398803443, 8424661.250379083678126 ], [ 3400568.356977939140052, 8424625.538654325529933 ], [ 3400549.286102175246924, 8424591.089350698515773 ], [ 3400527.82675540400669, 8424558.074971197172999 ], [ 3400504.086394190322608, 8424526.660833356902003 ], [ 3400478.183896779548377, 8424497.004241464659572 ], [ 3400450.248968481551856, 8424469.253698823973536 ], [ 3400420.421491860877723, 8424443.548165319487453 ], [ 3400388.850826143752784, 8424420.016359327360988 ], [ 3400355.695059442427009, 8424398.776115145534277 ], [ 3400321.120217656716704, 8424379.933792497962713 ], [ 3400285.299431924242526, 8424363.583742678165436 ] ] } },
{ "type": "Feature", "properties": { }, "geometry": { "type": "LineString", "coordinates": [ [ 3394423.321684030815959, 8428390.39278120547533 ], [ 3394447.620301910676062, 8428399.050248792394996 ], [ 3394472.455798361916095, 8428406.019659336656332 ], [ 3394497.711054324638098, 8428411.268146989867091 ], [ 3394523.266970872413367, 8428414.770960805937648 ], [ 3394549.003031372558326, 8428416.511581419035792 ], [ 3394574.79786968184635, 8428416.481801507994533 ], [ 3394600.529842495452613, 8428414.681760786101222 ], [ 3394626.077602982055396, 8428411.119948385283351 ], [ 3394651.320672869216651, 8428405.813160417601466 ], [ 3394676.140010833274573, 8428398.786423204466701 ], [ 3394700.418573855888098, 8428390.072873590514064 ], [ 3394724.041868924628943, 8428379.713602541014552 ], [ 3394746.898493527900428, 8428367.757462499663234 ], [ 3394768.88066005660221, 8428354.260835645720363 ], [ 3394789.884705185424536, 8428339.28737067990005 ], [ 3394809.811577915679663, 8428322.907678602263331 ], [ 3394828.567306994926184, 8428305.199002740904689 ], [ 3394846.06344425631687, 8428286.244853971526027 ], [ 3394862.217481374274939, 8428266.134616373106837 ], [ 3394876.953238963615149, 8428244.963125703856349 ], [ 3394890.201226353179663, 8428222.83022260479629 ], [ 3394901.898968457709998, 8428199.840281007811427 ], [ 3394911.991301059257239, 8428176.101717470213771 ], [ 3394920.430630802642554, 8428151.726478574797511 ], [ 3394927.177159428130835, 8428126.829512117430568 ], [ 3394932.199071645271033, 8428101.528228281065822 ], [ 3394935.4726852173917, 8428075.941942689940333 ], [ 3394936.98256230307743, 8428050.19131469540298 ], [ 3394936.721582650672644, 8428024.397778986021876 ], [ 3394934.690976976882666, 8427998.682973859831691 ], [ 3394930.90032124472782, 8427973.168164251372218 ], [ 3394925.367491483222693, 8427947.97367381863296 ], [ 3394918.118579242844135, 8427923.21831351146102 ], [ 3394909.187769123353064, 8427899.018825700506568 ], [ 3394898.617177103180438, 8427875.489330377429724 ], [ 3394936.50919605139643, 8427808.77304095774889 ], [ 3394969.498888038098812, 8427739.501483669504523 ], [ 3394997.414983987342566, 8427668.034288881346583 ], [ 3395020.112554788123816, 8427594.742484090849757 ], [ 3395037.473764299880713, 8427520.006570337340236 ], [ 3395049.408480047713965, 8427444.214546201750636 ], [ 3395055.854741930495948, 8427367.759891984984279 ], [ 3395056.779083609115332, 8427291.039529798552394 ], [ 3395052.176706432830542, 8427214.451759813353419 ], [ 3395042.07150375796482, 8427138.394194601103663 ], [ 3395026.51593780471012, 8427063.261692998930812 ], [ 3395005.59076678706333, 8426989.444313047453761 ], [ 3394979.404625318944454, 8426917.325283279642463 ], [ 3394948.093461402691901, 8426847.27901715785265 ], [ 3394911.819829688407481, 8426779.669165793806314 ], [ 3394890.302793256007135, 8426762.429437637329102 ], [ 3394870.03695708187297, 8426743.734867403283715 ], [ 3394851.120481132995337, 8426723.676003931090236 ], [ 3394833.644989132415503, 8426702.350004194304347 ], [ 3394817.695125817786902, 8426679.860163686797023 ], [ 3394803.348145961295813, 8426656.315413473173976 ], [ 3394790.673540710937232, 8426631.829796312376857 ], [ 3394779.732700943481177, 8426606.521909711882472 ], [ 3394770.578619837295264, 8426580.51433658413589 ], [ 3394763.2556362147443, 8426553.933046339079738 ], [ 3394757.799219607841223, 8426526.906788824126124 ], [ 3394754.235798954498023, 8426499.566468236967921 ], [ 3394752.582633971702307, 8426472.044511316344142 ], [ 3394752.847731947433203, 8426444.474222658202052 ], [ 3394755.029808878432959, 8426416.989142892882228 ], [ 3394759.118295549880713, 8426389.722398279234767 ], [ 3394765.093389033805579, 8426362.806058881804347 ], [ 3394772.926148294936866, 8426336.370496271178126 ], [ 3394782.578634500037879, 8426310.543754575774074 ], [ 3394794.004094719421118, 8426285.450928209349513 ], [ 3394807.147188543807715, 8426261.213556764647365 ], [ 3394821.94425594760105, 8426237.949037073180079 ], [ 3394838.323625683318824, 8426215.770053384825587 ], [ 3394856.205962538253516, 8426194.784031389281154 ], [ 3394875.504651307594031, 8426175.092619894072413 ], [ 3394896.126216887962073, 8426156.791196344420314 ], [ 3394917.970776438247412, 8426139.968405244871974 ], [ 3394940.932523250114173, 8426124.705729959532619 ], [ 3394964.900239824783057, 8426111.077096460387111 ], [ 3394989.757835745345801, 8426099.148517129942775 ], [ 3395015.384910583030432, 8426088.977769372984767 ], [ 3395041.657336830627173, 8426080.61411571316421 ], [ 3395068.447860893327743, 8426074.098067114129663 ], [ 3395095.626720420084894, 8426069.461183547973633 ], [ 3395123.062271054368466, 8426066.725926185026765 ], [ 3395168.728997136931866, 8426064.402084201574326 ], [ 3395214.132450019475073, 8426058.982068218290806 ], [ 3395259.062955498229712, 8426050.490908144041896 ], [ 3395303.313022851478308, 8426038.967816350981593 ], [ 3395346.678304194938391, 8426024.466006753966212 ], [ 3395388.958537458907813, 8426007.052448747679591 ], [ 3395429.958471059333533, 8425986.807559011504054 ], [ 3395469.488766312133521, 8425963.824829576537013 ], [ 3395507.366871118079871, 8425938.210394380614161 ], [ 3395543.417863368522376, 8425910.08254194073379 ], [ 3395577.475258469115943, 8425879.571167943999171 ], [ 3395609.381778358947486, 8425846.817173955962062 ], [ 3395638.990077649708837, 8425811.971819557249546 ], [ 3395666.163424755912274, 8425775.196021884679794 ], [ 3395690.776332224253565, 8425736.659611551091075 ], [ 3395753.630300944671035, 8425676.196753883734345 ], [ 3395812.347969192545861, 8425611.70943745598197 ], [ 3395866.672236442100257, 8425543.480026720091701 ], [ 3395916.365238308440894, 8425471.807269571349025 ], [ 3395961.209389447700232, 8425397.004992483183742 ], [ 3396001.008335470687598, 8425319.400724409148097 ], [ 3396035.587812918704003, 8425239.334262456744909 ], [ 3396064.796412533149123, 8425157.156186008825898 ], [ 3396088.506241356953979, 8425073.226319141685963 ], [ 3396096.152984960470349, 8425065.881138989701867 ], [ 3396104.289311819244176, 8425059.082275170832872 ], [ 3396112.876274942886084, 8425052.862273214384913 ], [ 3396121.872770189773291, 8425047.250906465575099 ], [ 3396131.235733031760901, 8425042.275035856291652 ], [ 3396140.920344709884375, 8425037.958479879423976 ], [ 3396150.880247115623206, 8425034.321900842711329 ], [ 3396161.067763804923743, 8425031.382706163451076 ], [ 3396171.43412935687229, 8425029.154965875670314 ], [ 3396181.929721951019019, 8425027.649343488737941 ], [ 3396192.504301070701331, 8425026.87304544262588 ], [ 3396203.107248305808753, 8425026.829788682982326 ], [ 3396213.687809466850013, 8425027.519780157133937 ], [ 3396224.195337295066565, 8425028.939716337248683 ], [ 3396234.579534530173987, 8425031.082800386473536 ], [ 3396244.790693878661841, 8425033.938774583861232 ], [ 3396254.779936432372779, 8425037.493967054411769 ], [ 3396264.499445795547217, 8425041.731359956786036 ], [ 3396273.90269637061283, 8425046.630670068785548 ], [ 3396282.944676637183875, 8425052.1684451084584 ], [ 3396291.582104563247412, 8425058.318177221342921 ], [ 3396299.773634314071387, 8425065.050427911803126 ], [ 3396307.480054616462439, 8425072.33297204785049 ], [ 3396314.664476394187659, 8425080.130949018523097 ], [ 3396321.292509012389928, 8425088.407031316310167 ], [ 3396327.332425697240978, 8425097.121603677049279 ], [ 3396332.755314185749739, 8425106.232950603589416 ] ] } },
{ "type": "Feature", "properties": { }, "geometry": { "type": "LineString", "coordinates": [ [ 3388562.994267713744193, 8421983.805614169687033 ], [ 3388662.223187617491931, 8421906.143385885283351 ], [ 3388756.476430807262659, 8421822.512491470202804 ], [ 3388845.39555799914524, 8421733.230975626036525 ], [ 3388928.642414688598365, 8421638.638369081541896 ], [ 3389005.900418281089514, 8421539.094403265044093 ], [ 3389076.875761031638831, 8421434.977636812254786 ], [ 3389141.298528108745813, 8421326.684020286425948 ], [ 3389198.923723510932177, 8421214.625387666746974 ], [ 3389249.532202151603997, 8421099.227890953421593 ], [ 3389263.030727352481335, 8421071.655810259282589 ], [ 3389278.390977022238076, 8421045.07588218152523 ], [ 3389295.540416121017188, 8421019.613625047728419 ], [ 3389314.398060798179358, 8420995.389276025816798 ], [ 3389334.874860643874854, 8420972.517230032011867 ], [ 3389356.874119281303138, 8420951.10549402050674 ], [ 3389380.291950702201575, 8420931.255178926512599 ], [ 3389405.017770170699805, 8420913.060023782774806 ], [ 3389430.934816121589392, 8420896.605949399992824 ], [ 3389457.920702218543738, 8420881.970657346770167 ], [ 3389485.847994207870215, 8420869.223258016631007 ], [ 3389514.584812640678138, 8420858.423947809264064 ], [ 3389543.995455145370215, 8420849.623724458739161 ], [ 3389573.941037535201758, 8420842.864144323393703 ], [ 3389604.280149340163916, 8420838.17712783627212 ], [ 3389634.869521736633033, 8420835.584807870909572 ], [ 3389665.564704298507422, 8420835.099426744505763 ], [ 3389696.220746755134314, 8420836.723276136443019 ], [ 3389726.692883848678321, 8420840.448687551543117 ], [ 3389756.837218522559851, 8420846.258069513365626 ], [ 3389786.511401891242713, 8420854.12398767285049 ], [ 3389815.575304984580725, 8420864.009297845885158 ], [ 3389843.891681193839759, 8420875.867319105193019 ], [ 3389871.326813458930701, 8420889.642055032774806 ], [ 3389897.751146316062659, 8420905.26845788769424 ], [ 3389923.039897679816931, 8420922.672735689207911 ], [ 3389947.073647617828101, 8420941.772701261565089 ], [ 3389969.738903164397925, 8420962.478159902617335 ], [ 3389990.928633210249245, 8420984.691334947943687 ], [ 3390010.542774643283337, 8421008.307331465184689 ], [ 3390028.488704686518759, 8421033.214628025889397 ], [ 3390028.488704686518759, 8421033.214628025889397 ], [ 3390464.176240002270788, 8421323.672984903678298 ], [ 3390464.176240002270788, 8421323.672984903678298 ], [ 3390939.471733074635267, 8421666.941952122375369 ] ] } },
{ "type": "Feature", "properties": { }, "geometry": { "type": "LineString", "coordinates": [ [ 3387071.094525570981205, 8423924.595544215291739 ], [ 3387056.849498040508479, 8423909.484331918880343 ], [ 3387043.706706882454455, 8423893.405259383842349 ], [ 3387031.731723904144019, 8423876.438547132536769 ], [ 3387020.984294175636023, 8423858.66884565167129 ], [ 3387011.518038510810584, 8423840.184810636565089 ], [ 3387003.380185722839087, 8423821.078662870451808 ], [ 3386996.611337065231055, 8423801.445725439116359 ], [ 3386991.245263576041907, 8423781.383950708433986 ], [ 3386987.308737396728247, 8423760.99343061260879 ], [ 3386984.821398615371436, 8423740.375897405669093 ], [ 3386983.795656919013709, 8423719.63421487621963 ], [ 3386984.236629962455481, 8423698.87186717800796 ], [ 3386986.142117619048804, 8423678.192440984770656 ], [ 3386989.502613186370581, 8423657.699110029265285 ], [ 3386994.301350473891944, 8423637.494119165465236 ], [ 3387000.514387845527381, 8423617.678274152800441 ], [ 3387008.110727190505713, 8423598.350440023466945 ], [ 3387017.052469133865088, 8423579.607046602293849 ], [ 3387027.295001863967627, 8423561.541608331725001 ], [ 3387038.787223338615149, 8423544.244256494566798 ], [ 3387051.471797108184546, 8423527.801290510222316 ], [ 3387065.285437583457679, 8423512.294747350737453 ], [ 3387080.159225940238684, 8423497.801991460844874 ], [ 3387096.018954395782202, 8423484.395330904051661 ], [ 3387112.785495876800269, 8423472.141652582213283 ], [ 3387130.375199198257178, 8423461.102092741057277 ], [ 3387148.70030629588291, 8423451.33172988705337 ], [ 3387167.669390081893653, 8423442.879310129210353 ], [ 3387187.187810301315039, 8423435.787003515288234 ], [ 3387207.158186316024512, 8423430.090195177122951 ], [ 3387227.48088228655979, 8423425.817307470366359 ], [ 3387248.054504751693457, 8423422.989658353850245 ], [ 3387268.776408433448523, 8423421.621355531737208 ], [ 3387289.543208002578467, 8423421.719225881621242 ], [ 3387310.251294254790992, 8423423.282781122252345 ], [ 3387330.797351002227515, 8423426.304220197722316 ], [ 3387351.07887029601261, 8423430.768468854948878 ], [ 3387370.994664191734046, 8423436.653254507109523 ], [ 3387390.445369125343859, 8423443.929215682670474 ], [ 3387409.333942301105708, 8423452.560052705928683 ], [ 3387427.566145374905318, 8423462.502703728154302 ], [ 3387501.679938037879765, 8423422.463548710569739 ], [ 3387572.979536111466587, 8423377.604263501241803 ], [ 3387641.151914834510535, 8423328.121792314574122 ], [ 3387705.897778510581702, 8423274.233376977965236 ], [ 3387766.932874917518348, 8423216.175602434203029 ], [ 3387823.989243030082434, 8423154.203358171507716 ], [ 3387876.816389734856784, 8423088.588720040395856 ], [ 3387925.182389219291508, 8423019.619753887876868 ], [ 3387968.874901373870671, 8422947.599252900108695 ] ] } },
{ "type": "Feature", "properties": { }, "geometry": { "type": "LineString", "coordinates": [ [ 3392312.54760194895789, 8431199.257118735462427 ], [ 3392326.300868395715952, 8431211.438545033335686 ], [ 3392340.851466208230704, 8431222.655478063970804 ], [ 3392356.131888985168189, 8431232.855878351256251 ], [ 3392372.071244716178626, 8431241.992421625182033 ], [ 3392388.595584034454077, 8431250.022720335051417 ], [ 3392405.628243922721595, 8431256.909517763182521 ], [ 3392423.090202927123755, 8431262.620863912627101 ], [ 3392440.900447725784034, 8431267.13026094250381 ], [ 3392458.976349353324622, 8431270.416788576170802 ], [ 3392477.234046339523047, 8431272.465198991820216 ], [ 3392495.588833689223975, 8431273.265988348051906 ], [ 3392513.955556034576148, 8431272.815442560240626 ], [ 3392532.249002694617957, 8431271.115650651976466 ], [ 3392550.384302854072303, 8431268.174499033018947 ], [ 3392568.277319341432303, 8431264.005632940679789 ], [ 3392585.845039252191782, 8431258.628394410014153 ], [ 3392603.00595882628113, 8431252.067729076370597 ], [ 3392633.819005212746561, 8431241.245399033650756 ], [ 3392663.822776497341692, 8431228.348099045455456 ], [ 3392692.87773036910221, 8431213.435811994597316 ], [ 3392720.848736643325537, 8431196.577892301604152 ], [ 3392747.605706810485572, 8431177.852743623778224 ], [ 3392773.02419865084812, 8431157.347453592345119 ], [ 3392796.985994815360755, 8431135.157388685271144 ], [ 3392819.379652857314795, 8431111.385751722380519 ], [ 3392840.101023673545569, 8431086.143100259825587 ], [ 3392859.053735494147986, 8431059.546834466978908 ], [ 3392876.149642228614539, 8431031.72064876370132 ], [ 3392891.309233665000647, 8431002.793957708403468 ], [ 3392904.462005018722266, 8430972.901295660063624 ], [ 3392915.546784877311438, 8430942.181687830016017 ], [ 3392924.512019872199744, 8430910.778006551787257 ], [ 3392931.316013931762427, 8430878.836304662749171 ], [ 3392935.927122830878943, 8430846.505137918516994 ], [ 3392938.323901295196265, 8430813.93487405590713 ], [ 3392938.495201944839209, 8430781.276991365477443 ], [ 3392936.440228342544287, 8430748.683376310393214 ], [ 3392932.168537735473365, 8430716.305616853758693 ], [ 3392925.699997066985816, 8430684.294296739622951 ], [ 3392917.064690531231463, 8430652.798294834792614 ], [ 3392906.302779397927225, 8430621.964093720540404 ], [ 3392893.46431570360437, 8430591.935099810361862 ], [ 3392891.635226204525679, 8430499.27920544333756 ], [ 3392884.696611096616834, 8430406.865376014262438 ], [ 3392872.669609903823584, 8430314.975161550566554 ], [ 3392855.590864061843604, 8430223.888517377898097 ], [ 3392833.512406399007887, 8430133.88295080140233 ], [ 3392806.501501872669905, 8430045.232675196602941 ], [ 3392774.640442435629666, 8429958.20777571387589 ], [ 3392774.640442435629666, 8429958.20777571387589 ], [ 3392774.640442435629666, 8429562.128198154270649 ], [ 3392779.910288117825985, 8429509.627168511971831 ], [ 3392788.650977032724768, 8429457.591317841783166 ], [ 3392800.824009656440467, 8429406.24984741024673 ], [ 3392816.375767707359046, 8429355.828896997496486 ], [ 3392835.237751006614417, 8429306.550555227324367 ], [ 3392857.326879024039954, 8429258.631876466795802 ], [ 3392882.545856475364417, 8429212.283925531432033 ], [ 3392910.783602356445044, 8429167.710849760100245 ], [ 3392941.91573917819187, 8429125.10897826962173 ], [ 3392975.805140137206763, 8429084.66595840267837 ], [ 3393012.302534222137183, 8429046.559926984831691 ], [ 3393051.247162580024451, 8429010.958729265257716 ], [ 3393092.467487453948706, 8428978.019175527617335 ], [ 3393135.781947254668921, 8428947.886353490874171 ], [ 3393180.999756472650915, 8428920.69298810698092 ], [ 3393227.921746157109737, 8428896.558857774361968 ], [ 3393276.34124067844823, 8428875.590263716876507 ] ] } },
{ "type": "Feature", "properties": { }, "geometry": { "type": "LineString", "coordinates": [ [ 3393329.151851019822061, 8430882.393456688150764 ], [ 3393329.151851019822061, 8430789.97488858923316 ], [ 3393329.151851019822061, 8430261.868785176426172 ], [ 3393314.574640185572207, 8430249.202803758904338 ], [ 3393300.896004659123719, 8430235.571329768747091 ], [ 3393288.179752468597144, 8430221.037951467558742 ], [ 3393276.485202788840979, 8430205.670464036986232 ], [ 3393265.8669084305875, 8430189.540554521605372 ], [ 3393256.374401926528662, 8430172.723465440794826 ], [ 3393248.051964044105262, 8430155.297646043822169 ], [ 3393240.938417434226722, 8430137.344384191557765 ], [ 3393235.066945433150977, 8430118.94742870144546 ], [ 3393230.464937328826636, 8430100.192597387358546 ], [ 3393227.153860806953162, 8430081.167379377409816 ], [ 3393225.149161338340491, 8430061.960522649809718 ], [ 3393224.460190534126014, 8430042.661624429747462 ], [ 3393225.090162157546729, 8430023.360710142180324 ], [ 3393227.03613769961521, 8430004.147814748808742 ], [ 3393230.289039492141455, 8429985.112563608214259 ], [ 3393234.833693265449256, 8429966.343752382323146 ], [ 3393240.648899077903479, 8429947.928933618590236 ], [ 3393247.707530140411109, 8429929.95401000790298 ], [ 3393255.976659059058875, 8429912.502830503508449 ], [ 3393265.417712091933936, 8429895.656801698729396 ], [ 3393275.986648320686072, 8429879.494507787749171 ], [ 3393287.63416552497074, 8429864.091342447325587 ], [ 3393300.305930375587195, 8429849.519158838316798 ], [ 3393313.942831277381629, 8429835.845933435484767 ], [ 3393328.481254577171057, 8429823.135449407622218 ], [ 3393343.853381275665015, 8429811.446998594328761 ], [ 3393359.987503051292151, 8429800.835105894133449 ], [ 3393376.808357476722449, 8429791.349273202940822 ], [ 3393394.237478017341346, 8429783.033750532194972 ], [ 3393412.193561315070838, 8429775.927328584715724 ], [ 3393430.592845320235938, 8429770.063157556578517 ], [ 3393449.34950087685138, 8429765.468591388314962 ], [ 3393468.376031429506838, 8429762.165064482018352 ], [ 3393487.583682043943554, 8429760.167986933141947 ], [ 3393532.958136359695345, 8429720.695751896128058 ], [ 3393575.434622469823807, 8429678.120564693585038 ], [ 3393614.801438569556922, 8429632.6546192150563 ], [ 3393650.86238121939823, 8429584.52451610378921 ], [ 3393683.437723636161536, 8429533.970134256407619 ], [ 3393712.365111231338233, 8429481.243436334654689 ], [ 3393737.500370502006263, 8429426.607210634276271 ], [ 3393758.718227982055396, 8429370.333762167021632 ], [ 3393775.91293442202732, 8429312.703557489439845 ], [ 3393788.998791694175452, 8429254.003823278471828 ], [ 3393797.910580276977271, 8429194.527118204161525 ], [ 3393802.60388410044834, 8429134.569872377440333 ], [ 3393803.055311623495072, 8429074.430910820141435 ], [ 3393799.262613216880709, 8429014.409965744242072 ], [ 3393791.244691506493837, 8428954.806179227307439 ], [ 3393836.235044635366648, 8428859.146008148789406 ], [ 3393874.332039486151189, 8428760.537595074623823 ], [ 3393905.344047307502478, 8428659.476942060515285 ], [ 3393929.115076660644263, 8428556.472387311980128 ], [ 3393945.525558948051184, 8428452.042045591399074 ], [ 3393954.492949008475989, 8428346.71120405010879 ], [ 3393955.972140442114323, 8428241.009680073708296 ], [ 3393949.955693162512034, 8428135.469154015183449 ], [ 3393936.473869945388287, 8428030.62049825489521 ], [ 3393874.064603742212057, 8427908.505836131051183 ], [ 3393814.793942486867309, 8427784.837344450876117 ], [ 3393758.700540661346167, 8427659.695675371214747 ], [ 3393705.820980309974402, 8427533.162441728636622 ], [ 3393656.189747607335448, 8427405.320164008066058 ], [ 3393609.83921068534255, 8427276.252217413857579 ], [ 3393566.79959755577147, 8427146.042775036767125 ], [ 3393585.892340251710266, 8427129.796940146014094 ], [ 3393606.087653694674373, 8427114.944018183276057 ], [ 3393627.284125327598304, 8427101.558595178648829 ], [ 3393649.375315188895911, 8427089.707886217162013 ], [ 3393672.250290274154395, 8427079.451400754973292 ], [ 3393695.794181823264807, 8427070.840643404051661 ], [ 3393719.888762115966529, 8427063.91885375790298 ], [ 3393744.41303789569065, 8427058.720789907500148 ], [ 3393769.243858336936682, 8427055.272554395720363 ], [ 3393794.256533264648169, 8427053.591462610289454 ], [ 3393819.325459122192115, 8427053.68595695309341 ], [ 3393844.324749946128577, 8427055.555562494322658 ], [ 3393869.128869771491736, 8427059.190891264006495 ], [ 3393893.6132622952573, 8427064.573687551543117 ], [ 3393917.654976963531226, 8427071.676921365782619 ], [ 3393941.133285998832434, 8427080.464923379942775 ], [ 3393963.930290936958045, 8427090.893563268706203 ], [ 3393985.931514620315284, 8427102.91047334484756 ], [ 3394007.026475905906409, 8427116.455309389159083 ], [ 3394027.109244465362281, 8427131.460054872557521 ], [ 3394046.078972816001624, 8427147.849361417815089 ], [ 3394063.840402841102332, 8427165.54092931561172 ], [ 3394080.304343819152564, 8427184.445918558165431 ], [ 3394095.388120531570166, 8427204.46939611248672 ], [ 3394109.015988468658179, 8427225.510812280699611 ], [ 3394121.119513988029212, 8427247.464505193755031 ], [ 3394131.63791817240417, 8427270.220232782885432 ], [ 3394140.51838202169165, 8427293.663725195452571 ], [ 3394147.716311310883611, 8427317.677258646115661 ] ] } },
{ "type": "Feature", "properties": { }, "geometry": { "type": "LineString", "coordinates": [ [ 3391295.943352879025042, 8429628.141461081802845 ], [ 3391398.837568609975278, 8429578.332368690520525 ], [ 3391504.557517567649484, 8429534.84147609770298 ], [ 3391612.715658425819129, 8429497.828209875151515 ], [ 3391722.915512203704566, 8429467.428250310942531 ], [ 3391834.753115573897958, 8429443.753035202622414 ], [ 3391947.818501680158079, 8429426.889352638274431 ], [ 3392061.697202828712761, 8429416.899019716307521 ] ] } },
{ "type": "Feature", "properties": { }, "geometry": { "type": "LineString", "coordinates": [ [ 3365095.27929727640003, 8429572.030187588185072 ], [ 3365113.467125829309225, 8429581.111078498885036 ], [ 3365130.983767589088529, 8429591.427422549575567 ], [ 3365147.745431303512305, 8429602.929871080443263 ], [ 3365163.671937465202063, 8429615.563401697203517 ], [ 3365178.687101125251502, 8429629.267581460997462 ], [ 3365192.719097017776221, 8429643.976856706663966 ], [ 3365205.700802921783179, 8429659.620865343138576 ], [ 3365217.570120572578162, 8429676.124773500487208 ], [ 3365228.270272850524634, 8429693.409635065123439 ], [ 3365237.750075339805335, 8429711.392766950652003 ], [ 3365245.964181303512305, 8429729.988146780058742 ], [ 3365252.873298286926001, 8429749.10682344250381 ], [ 3365258.444376587402076, 8429768.65734195522964 ], [ 3365262.650766849052161, 8429788.546182153746486 ], [ 3365265.472347458358854, 8429808.678205516189337 ], [ 3365266.895621594041586, 8429828.957110164687037 ], [ 3365266.913780885748565, 8429849.285891881212592 ], [ 3365292.739329096861184, 8429947.063978929072618 ], [ 3365321.968009819276631, 8430043.879253586754203 ], [ 3365354.564076423179358, 8430139.613310812041163 ], [ 3365390.487663626205176, 8430234.149066446349025 ], [ 3365429.694836487062275, 8430327.370902737602592 ], [ 3365472.137644645757973, 8430419.164809484034777 ], [ 3365517.764180006925017, 8430509.418521147221327 ], [ 3365519.346873449161649, 8430559.555099094286561 ], [ 3365524.565937541425228, 8430609.444404115900397 ], [ 3365533.393818139564246, 8430658.823042390868068 ], [ 3365545.783907413017005, 8430707.430315969511867 ], [ 3365561.670791409909725, 8430755.009600153192878 ], [ 3365580.970594452694058, 8430801.309696758165956 ], [ 3365603.581421811599284, 8430846.086162073537707 ], [ 3365603.581421811599284, 8430846.086162073537707 ], [ 3365742.209273957647383, 8431090.335234902799129 ], [ 3365742.209273957647383, 8431090.335234902799129 ], [ 3365742.209273957647383, 8431090.335234902799129 ], [ 3365841.229168348014355, 8431235.564413340762258 ], [ 3365841.229168348014355, 8431235.564413340762258 ] ] } },
{ "type": "Feature", "properties": { }, "geometry": { "type": "LineString", "coordinates": [ [ 3367966.856234586797655, 8432337.985904218629003 ], [ 3367966.856234586797655, 8432337.985904218629003 ], [ 3367960.254908294416964, 8432331.384577926248312 ], [ 3367920.75393411051482, 8432305.168650601059198 ], [ 3367879.516520692966878, 8432281.77896093018353 ], [ 3367836.744540571700782, 8432261.330010889098048 ], [ 3367792.64737844420597, 8432243.921905992552638 ], [ 3367747.440906166564673, 8432229.639864442870021 ], [ 3367701.346426367294043, 8432218.553802965208888 ], [ 3367654.589588403236121, 8432210.717991350218654 ], [ 3367607.399284481536597, 8432206.170788763090968 ], [ 3367560.006528496276587, 8432204.934455869719386 ], [ 3367512.643325685989112, 8432207.01504516415298 ], [ 3367465.541536330711097, 8432212.402370927855372 ], [ 3367418.93174123717472, 8432221.070060251280665 ], [ 3367373.042112588416785, 8432232.975681303068995 ], [ 3367328.097297191154212, 8432248.060952661558986 ], [ 3367284.317316486500204, 8432266.252024875953794 ], [ 3367241.916489685885608, 8432287.459847424179316 ], [ 3367201.102384637109935, 8432311.58059904910624 ], [ 3367172.287064445205033, 8432321.704019697383046 ], [ 3367144.234188242815435, 8432333.780544511973858 ], [ 3367117.075957655441016, 8432347.753261564299464 ], [ 3367090.940358280669898, 8432363.55632352642715 ], [ 3367065.950556754600257, 8432381.11525678448379 ], [ 3367042.22431969596073, 8432400.347313402220607 ], [ 3367019.873459338676184, 8432421.161859987303615 ], [ 3366999.00330614997074, 8432443.460806844756007 ], [ 3366979.712212562095374, 8432467.139067647978663 ], [ 3366962.091089725028723, 8432492.085055826231837 ], [ 3366946.222978949081153, 8432518.181212423369288 ], [ 3366932.182659983169287, 8432545.304555891081691 ], [ 3366920.036299108993262, 8432573.327265260741115 ], [ 3366909.841137408744544, 8432602.117280958220363 ], [ 3366901.645220398437232, 8432631.538927076384425 ], [ 3366895.487172126304358, 8432661.453551290556788 ], [ 3366891.396012901794165, 8432691.720178602263331 ], [ 3366889.39102280093357, 8432722.196174619719386 ], [ 3366889.481650471221656, 8432752.737918375059962 ], [ 3366891.667468785773963, 8432783.201478956267238 ], [ 3366895.93817691411823, 8432813.443293325603008 ], [ 3366902.273648631758988, 8432843.32084527797997 ], [ 3366910.644027759786695, 8432872.693333925679326 ], [ 3366910.644027759786695, 8432872.693333925679326 ], [ 3366910.644027759786695, 8432872.693333925679326 ], [ 3366907.285011331550777, 8432914.069290466606617 ], [ 3366901.058000594843179, 8432955.111671639606357 ], [ 3366891.993120193015784, 8432995.621926305815578 ], [ 3366880.134223699104041, 8433035.404074190184474 ], [ 3366865.538681625854224, 8433074.26566076092422 ], [ 3366848.277103423606604, 8433112.018682954832911 ], [ 3366828.43299627257511, 8433148.480500696226954 ], [ 3366806.10236096335575, 8433183.474720953032374 ], [ 3366781.393227457534522, 8433216.832051275297999 ], [ 3366754.425132512580603, 8433248.391116617247462 ], [ 3366725.328540920745581, 8433277.99924230389297 ], [ 3366694.24421453429386, 8433305.513191221281886 ], [ 3366661.322531699668616, 8433330.799858568236232 ], [ 3366626.722759127151221, 8433353.736913679167628 ], [ 3366590.61228182958439, 8433374.213391972705722 ], [ 3366553.165793220512569, 8433392.1302345469594 ], [ 3366514.564450199715793, 8433407.400763630867004 ], [ 3366505.750535001512617, 8433414.165698252618313 ], [ 3366496.490793539211154, 8433420.306270830333233 ], [ 3366486.829374908935279, 8433425.793203828856349 ], [ 3366476.812343358527869, 8433430.600336072966456 ], [ 3366466.487458705436438, 8433434.704748628661036 ], [ 3366455.903948425780982, 8433438.086871145293117 ], [ 3366445.112273334991187, 8433440.7305788975209 ], [ 3366434.163886427413672, 8433442.623266695067286 ], [ 3366423.11098813964054, 8433443.755910871550441 ], [ 3366412.006277083884925, 8433444.123110769316554 ], [ 3366400.9026989932172, 8433443.723115919157863 ], [ 3366389.85319411708042, 8433442.557833192870021 ], [ 3366378.910444855224341, 8433440.632818220183253 ], [ 3366368.126624702941626, 8433437.95725011639297 ], [ 3366357.553149342071265, 8433434.543885229155421 ], [ 3366347.240431546699256, 8433430.408997533842921 ], [ 3366337.237641095649451, 8433425.572301862761378 ], [ 3366327.592469691764563, 8433420.056858537718654 ], [ 3366318.35090410662815, 8433413.888965604826808 ], [ 3366309.557006835471839, 8433407.09802913479507 ], [ 3366301.252705931197852, 8433399.716428278014064 ], [ 3366293.477595209609717, 8433391.779357431456447 ], [ 3366286.268745183479041, 8433383.324659345671535 ], [ 3366279.660526513587683, 8433374.392644403502345 ], [ 3366273.684446453582495, 8433365.025899408385158 ], [ 3366268.368997931014746, 8433355.26908397488296 ], [ 3366263.739524364005774, 8433345.168716905638576 ], [ 3366259.818098425399512, 8433334.772954938933253 ], [ 3366256.623416780959815, 8433324.131364343687892 ], [ 3366254.170711278449744, 8433313.294682024046779 ], [ 3366252.471676110755652, 8433302.314576623961329 ], [ 3366251.534412025939673, 8433291.243398664519191 ], [ 3366251.363387703429908, 8433280.133934495970607 ], [ 3366251.959418653976172, 8433269.039152620360255 ], [ 3366253.319663047324866, 8433258.011950490996242 ], [ 3366255.437635302077979, 8433247.104905603453517 ], [ 3366258.303237437736243, 8433236.370019910857081 ], [ 3366261.902806519996375, 8433225.8584766369313 ], [ 3366266.219180418178439, 8433215.620392553508282 ], [ 3366271.231779327150434, 8433205.704581938683987 ], [ 3366276.916703663766384, 8433196.15832226537168 ], [ 3366273.475600543897599, 8433150.288319347426295 ], [ 3366267.328105955384672, 8433104.70206430926919 ], [ 3366258.495734571944922, 8433059.559096334502101 ], [ 3366247.009397267829627, 8433015.017403123900294 ], [ 3366232.909293174277991, 8432971.232869146391749 ], [ 3366216.244768619071692, 8432928.358727930113673 ], [ 3366197.074144869111478, 8432886.545027051120996 ], [ 3366175.464514199178666, 8432845.938103912398219 ], [ 3366151.491504102945328, 8432806.68007099814713 ], [ 3365933.647736445069313, 8432833.085376169532537 ], [ 3365933.647736445069313, 8432833.085376169532537 ], [ 3365814.823863176628947, 8433064.131796412169933 ], [ 3365814.823863176628947, 8433064.131796412169933 ] ] } },
{ "type": "Feature", "properties": { }, "geometry": { "type": "LineString", "coordinates": [ [ 3351793.606817547697574, 8439170.358617128804326 ], [ 3352015.494223935995251, 8439121.409275883808732 ], [ 3352237.978371099103242, 8439075.248000849038363 ], [ 3352461.024228214751929, 8439031.882061002776027 ], [ 3352684.596675157081336, 8438991.318283556029201 ], [ 3352908.660509542096406, 8438953.563055742532015 ], [ 3353133.180451496038586, 8438918.622323388233781 ], [ 3353358.121148910373449, 8438886.50158654525876 ], [ 3353580.157721953466535, 8438836.919776106253266 ], [ 3353802.373351232614368, 8438788.146732527762651 ], [ 3354024.765091061126441, 8438740.183102605864406 ], [ 3354247.32999288989231, 8438693.029521940276027 ], [ 3354470.065106050577015, 8438646.686615187674761 ], [ 3354692.967478232458234, 8438601.154997492209077 ], [ 3354916.034153980202973, 8438556.435271911323071 ], [ 3355058.277963332366198, 8438482.914250968024135 ], [ 3355198.808010771404952, 8438406.168256981298327 ], [ 3355337.551191329490393, 8438326.237214086577296 ], [ 3355474.435329794418067, 8438243.16270255856216 ], [ 3355609.389217689167708, 8438156.987938625738025 ], [ 3355742.342651061248034, 8438067.757750628516078 ], [ 3355873.226466417312622, 8437975.518558155745268 ] ] } },
{ "type": "Feature", "properties": { }, "geometry": { "type": "LineString", "coordinates": [ [ 3332603.551284759771079, 8446524.236107157543302 ], [ 3332022.634571005124599, 8446801.491811450570822 ], [ 3332022.634571005124599, 8446801.491811450570822 ], [ 3332011.993717122357339, 8446871.168298356235027 ], [ 3331996.460644504521042, 8446939.919765759259462 ], [ 3331976.112860202323645, 8447007.403158662840724 ], [ 3331951.051895021926612, 8447073.281748769804835 ], [ 3331921.402797936927527, 8447137.226816652342677 ], [ 3331887.313511609565467, 8447198.919289110228419 ], [ 3331848.954134344588965, 8447258.05133437924087 ], [ 3331806.516071319114417, 8447314.327896593138576 ], [ 3331760.211079358588904, 8447367.468166826292872 ], [ 3331710.27021038485691, 8447417.206986902281642 ], [ 3331656.942658900748938, 8447463.296170709654689 ], [ 3331600.494517921935767, 8447505.505743024870753 ], [ 3331541.207451602909714, 8447543.625087071210146 ], [ 3331479.377289939206094, 8447577.463995091617107 ], [ 3331415.312552079558372, 8447606.853619154542685 ], [ 3331389.633284681942314, 8447579.253013169392943 ], [ 3331362.126272055786103, 8447553.473516261205077 ], [ 3331332.920359253417701, 8447529.635880945250392 ], [ 3331302.152348517905921, 8447507.851764200255275 ], [ 3331269.966359734069556, 8447488.223205087706447 ], [ 3331236.513154267799109, 8447470.842144487425685 ], [ 3331201.949429511558264, 8447455.789997098967433 ], [ 3331166.437084197532386, 8447443.137268064543605 ], [ 3331130.142461061012, 8447432.943223951384425 ], [ 3331093.235566377174109, 8447425.25561380200088 ], [ 3331055.889275073539466, 8447420.110447404906154 ], [ 3331018.278519629966468, 8447417.531825063750148 ], [ 3330980.579471706878394, 8447417.531825063750148 ], [ 3330942.968716382514685, 8447420.110447404906154 ], [ 3330905.622424959670752, 8447425.25561380200088 ], [ 3330868.715530395042151, 8447432.943223951384425 ], [ 3330832.420907139312476, 8447443.137268064543605 ], [ 3330796.908561944495887, 8447455.789997098967433 ], [ 3330762.344837069045752, 8447470.842144487425685 ], [ 3330728.891631721984595, 8447488.223205087706447 ], [ 3330696.705642818938941, 8447507.851764200255275 ], [ 3330665.937632202636451, 8447529.635880945250392 ], [ 3330636.731719228904694, 8447553.473516261205077 ], [ 3330609.224706643726677, 8447579.253013169392943 ], [ 3330583.54543920326978, 8447606.853619154542685 ] ] } },
{ "type": "Feature", "properties": { }, "geometry": { "type": "LineString", "coordinates": [ [ 3324206.664240485522896, 8449059.145403539761901 ], [ 3324241.990193598903716, 8449145.360606636852026 ], [ 3324271.980445547029376, 8449233.573808211833239 ], [ 3324296.522851109039038, 8449323.455144880339503 ], [ 3324315.525635957252234, 8449414.668511865660548 ], [ 3324328.917741103097796, 8449506.872826594859362 ], [ 3324336.64908813778311, 8449599.723300900310278 ], [ 3324338.690766339190304, 8449692.872727636247873 ], [ 3324324.597670495975763, 8449824.434370907023549 ], [ 3324312.68304292531684, 8449956.211163036525249 ], [ 3324302.950144767295569, 8450088.167034147307277 ], [ 3324295.40164005709812, 8450220.265865800902247 ], [ 3324290.039595049340278, 8450352.471500389277935 ], [ 3324286.865477383602411, 8450484.747750194743276 ], [ 3324285.880155997816473, 8450617.058408610522747 ], [ 3324285.880155997816473, 8450617.058408610522747 ], [ 3324391.501376680564135, 8451277.191037876531482 ], [ 3324388.881976921577007, 8451363.575883831828833 ], [ 3324380.093271324876696, 8451449.552400121465325 ], [ 3324365.180240392219275, 8451534.680564878508449 ], [ 3324344.219208240043372, 8451618.524693487212062 ], [ 3324317.31745238089934, 8451700.655675897374749 ], [ 3324284.612655241508037, 8451780.653170552104712 ], [ 3324246.272198241204023, 8451858.107751632109284 ], [ 3324294.712865948211402, 8451973.14943647198379 ], [ 3324335.54014742327854, 8452091.10799097828567 ], [ 3324368.579866170417517, 8452211.480182645842433 ], [ 3324393.691068648826331, 8452333.752481458708644 ], [ 3324410.766625880729407, 8452457.403251169249415 ], [ 3324419.733690261375159, 8452581.90497493557632 ], [ 3324420.554006814491004, 8452706.726505754515529 ], [ 3324413.224075793754309, 8452831.335332391783595 ], [ 3324397.775168180000037, 8452955.199850080534816 ], [ 3324374.273191689979285, 8453077.791630266234279 ], [ 3324342.818410276900977, 8453198.587674139067531 ], [ 3324303.545015573035926, 8453317.07264375500381 ], [ 3324256.620555161964148, 8453432.741059539839625 ], [ 3324202.245217442046851, 8453545.099460599943995 ], [ 3324140.650977558456361, 8453653.668503237888217 ] ] } },
{ "type": "Feature", "properties": { }, "geometry": { "type": "LineString", "coordinates": [ [ 3337356.506215481553227, 8457139.168785769492388 ], [ 3337108.558457285631448, 8457206.599917789921165 ], [ 3336858.58914039330557, 8457266.101084884256124 ], [ 3336606.851815342437476, 8457317.611934183165431 ], [ 3336353.601826548110694, 8457361.080215929076076 ], [ 3336099.096052386332303, 8457396.461838897317648 ], [ 3335843.592645079363137, 8457423.720915695652366 ], [ 3335587.35076904669404, 8457442.82979523204267 ], [ 3335487.063002830836922, 8457439.70008023455739 ], [ 3335387.206103514414281, 8457429.900549210608006 ], [ 3335288.223164915572852, 8457413.474685667082667 ], [ 3335190.553402542602271, 8457390.495375154539943 ], [ 3335094.630205630790442, 8457361.064584730193019 ], [ 3335000.879212855827063, 8457325.312906263396144 ], [ 3334909.716424464713782, 8457283.39898013882339 ], [ 3334821.546355962287635, 8457235.508791444823146 ], [ 3334736.760243296157569, 8457181.854842184111476 ], [ 3334655.734307050239295, 8457122.675210950896144 ], [ 3334578.828082393389195, 8457058.232493676245213 ], [ 3334506.382824546191841, 8456988.812641937285662 ], [ 3334438.719994122162461, 8456914.723691819235682 ], [ 3334372.92976917559281, 8456945.945372955873609 ], [ 3334309.416221702937037, 8456981.570873903110623 ], [ 3334248.47369873477146, 8457021.435093400999904 ], [ 3334190.384632229339331, 8457065.35328340344131 ], [ 3334135.418229937087744, 8457113.121910093352199 ], [ 3334083.829228162299842, 8457164.519594190642238 ], [ 3334035.856710791122168, 8457219.308139322325587 ], [ 3333991.723001598846167, 8457277.233632562682033 ], [ 3333951.632633685600013, 8457338.027624605223536 ], [ 3333915.77140188170597, 8457401.408371923491359 ], [ 3333884.305501460563391, 8457467.082142351195216 ], [ 3333857.380757689010352, 8457534.744578359648585 ], [ 3333835.121950829867274, 8457604.082104848697782 ], [ 3333817.632236736360937, 8457674.773384468629956 ], [ 3333804.99267002614215, 8457746.490804694592953 ] ] } },
{ "type": "Feature", "properties": { }, "geometry": { "type": "LineString", "coordinates": [ [ 3333290.089219197630882, 8458565.055264985188842 ], [ 3333237.894902684725821, 8458404.894425809383392 ], [ 3333181.005303762387484, 8458246.340603107586503 ], [ 3333119.469799160491675, 8458089.531411645933986 ], [ 3333053.341796993743628, 8457934.60294914059341 ], [ 3332982.678691885899752, 8457781.689683670178056 ], [ 3332907.54181466344744, 8457630.924333989620209 ], [ 3332827.996378710959107, 8457482.437752988189459 ], [ 3332822.402379752602428, 8457431.867053745314479 ], [ 3332813.297449660487473, 8457381.809200534597039 ], [ 3332800.725868701469153, 8457332.50764131359756 ], [ 3332784.748776554595679, 8457284.202145097777247 ], [ 3332765.443875193130225, 8457237.127637861296535 ], [ 3332742.905050634872168, 8457191.513059137389064 ], [ 3332717.241916656028479, 8457147.580246923491359 ], [ 3332688.57928168727085, 8457105.542861459776759 ], [ 3332657.056541442405432, 8457065.605343816801906 ], [ 3332622.827001690398902, 8457027.961924551054835 ], [ 3332586.057131766807288, 8456992.795674799010158 ], [ 3332546.925755857955664, 8456960.277620790526271 ], [ 3332505.623182773124427, 8456930.565907953307033 ], [ 3332462.35028052283451, 8456903.805034158751369 ], [ 3332417.317499637138098, 8456880.125146387144923 ], [ 3332370.743849396239966, 8456859.641408441588283 ], [ 3332322.855832814704627, 8456842.453438280150294 ], [ 3332273.886345386039466, 8456828.644827840849757 ], [ 3332224.07354164076969, 8456818.282732484862208 ], [ 3332173.659677981864661, 8456811.417546747252345 ], [ 3332122.889933585654944, 8456808.082657812163234 ], [ 3332072.011218547355384, 8456808.294284818693995 ], [ 3332021.270972847472876, 8456812.051397798582911 ], [ 3331970.915963172446936, 8456819.335725782439113 ], [ 3331921.191082549281418, 8456830.11184192635119 ], [ 3331872.33815956255421, 8456844.327338932082057 ], [ 3331824.594782225321978, 8456861.913081476464868 ], [ 3331626.593287205323577, 8456803.814762225374579 ], [ 3331425.545216520316899, 8456757.342405060306191 ], [ 3331222.132587670814246, 8456722.653658388182521 ], [ 3331017.045439481269568, 8456699.866197584196925 ], [ 3330810.979491312988102, 8456689.057324150577188 ], [ 3330604.633782839402556, 8456690.263705840334296 ], [ 3330398.708303008694202, 8456703.481250453740358 ] ] } },
{ "type": "Feature", "properties": { }, "geometry": { "type": "LineString", "coordinates": [ [ 3323058.033465557731688, 8448309.894869321957231 ], [ 3323171.824657490942627, 8448449.555949050933123 ], [ 3323276.795955469366163, 8448595.961820393800735 ], [ 3323372.548601626884192, 8448748.556326864287257 ], [ 3323458.718857168685645, 8448906.759801862761378 ], [ 3323534.979384302627295, 8449069.971273897215724 ], [ 3323601.04048991156742, 8449237.570745466277003 ], [ 3323656.651225447189063, 8449408.921551225706935 ], [ 3323701.600340485107154, 8449583.372775552794337 ], [ 3323735.717085411306471, 8449760.261724263429642 ], [ 3323758.871859839651734, 8449938.916444141417742 ], [ 3323770.976705166045576, 8450118.658273512497544 ], [ 3323770.674572886899114, 8450422.996642395853996 ], [ 3323764.808506506960839, 8450727.278621915727854 ], [ 3323753.380466818343848, 8451031.402501104399562 ], [ 3323736.394273757468909, 8451335.266620634123683 ], [ 3323713.855605382006615, 8451638.769408468157053 ], [ 3323685.771995605900884, 8451941.809413716197014 ], [ 3323652.152831898070872, 8452244.285339752212167 ], [ 3323643.685531733557582, 8452321.807983230799437 ], [ 3323630.109365379903466, 8452398.600841255858541 ], [ 3323611.483788609039038, 8452474.327608583495021 ], [ 3323587.89036977244541, 8452548.656647203490138 ], [ 3323559.432434081565589, 8452621.262441156432033 ], [ 3323526.234609841834754, 8452691.827020166441798 ], [ 3323488.442283749114722, 8452760.041355131193995 ], [ 3323446.220963119994849, 8452825.606707571074367 ], [ 3323399.755551814567298, 8452888.235941408202052 ], [ 3323349.249540328513831, 8452947.65477847866714 ], [ 3323294.92411446524784, 8453003.603000162169337 ], [ 3323237.017186760436743, 8453055.835586545988917 ], [ 3323175.782354473602027, 8453104.12379121594131 ], [ 3323111.487789272796363, 8453148.256140707060695 ], [ 3323044.415062307845801, 8453188.039361951872706 ], [ 3322974.857911824714392, 8453223.299228666350245 ], [ 3322903.120955741498619, 8453253.881323071196675 ], [ 3322829.518358943983912, 8453279.651715587824583 ], [ 3322754.372456094715744, 8453300.497546579688787 ], [ 3322644.164546426385641, 8453406.453813578933477 ], [ 3322542.167070233263075, 8453520.335457557812333 ], [ 3322448.94831883860752, 8453641.507972238585353 ], [ 3322365.027671694289893, 8453769.296230314299464 ], [ 3322290.872703039087355, 8453902.988243812695146 ], [ 3322226.896576341241598, 8454041.839131858199835 ], [ 3322173.455742340069264, 8454185.075269795954227 ] ] } },
{ "type": "Feature", "properties": { }, "geometry": { "type": "LineString", "coordinates": [ [ 3297887.176311610732228, 8450858.006818294525146 ], [ 3298119.324822572059929, 8450812.829395776614547 ], [ 3298352.700559637043625, 8450774.492781901732087 ], [ 3298587.101987242233008, 8450743.030082700774074 ], [ 3298822.326683520805091, 8450718.468467710539699 ], [ 3299058.171515962574631, 8450700.829148078337312 ], [ 3299294.432816890068352, 8450690.127356057986617 ], [ 3299530.906558485236019, 8450686.372334685176611 ], [ 3299537.507884778082371, 8450686.372334685176611 ], [ 3300521.105502385646105, 8450686.372334685176611 ] ] } },
{ "type": "Feature", "properties": { }, "geometry": { "type": "LineString", "coordinates": [ [ 3303524.708965549245477, 8450785.39222907833755 ], [ 3303594.977242245338857, 8450768.22108156606555 ], [ 3303666.16768012335524, 8450755.399203225970268 ], [ 3303738.011345982085913, 8450746.975030420348048 ], [ 3303810.236838936340064, 8450742.980386255308986 ], [ 3303882.571315764915198, 8450743.430361745879054 ], [ 3303954.741521358024329, 8450748.323257444426417 ], [ 3304026.474821567069739, 8450757.640588758513331 ], [ 3304097.500232219230384, 8450771.347157953307033 ], [ 3304167.549443581607193, 8450789.391187116503716 ], [ 3304236.357833757065237, 8450811.704511474817991 ], [ 3304303.665468084160239, 8450838.20283941924572 ], [ 3304303.665468084160239, 8450838.20283941924572 ], [ 3304805.366266326978803, 8451155.066501466557384 ], [ 3305359.877674911171198, 8451973.630961759015918 ], [ 3305359.877674911171198, 8451973.630961759015918 ], [ 3305901.186430910136551, 8452369.710539318621159 ], [ 3305901.186430910136551, 8452369.710539318621159 ], [ 3306044.677062577567995, 8452371.960774524137378 ], [ 3306187.935661900788546, 8452380.422375181689858 ], [ 3306330.693480014335364, 8452395.079466817900538 ], [ 3306472.682707428466529, 8452415.904553411528468 ], [ 3306613.636976707726717, 8452442.858567694202065 ], [ 3306753.291861957870424, 8452475.890945060178638 ], [ 3306891.385374810546637, 8452514.939717756584287 ] ] } },
{ "type": "Feature", "properties": { }, "geometry": { "type": "LineString", "coordinates": [ [ 3293952.785841177683324, 8454072.852722825482488 ], [ 3293941.342114438302815, 8454031.371277440339327 ], [ 3293932.660045178607106, 8453989.225211817771196 ], [ 3293926.777464985381812, 8453946.598173616454005 ], [ 3293923.720006465446204, 8453903.675905225798488 ], [ 3293923.500992297660559, 8453860.645436761900783 ], [ 3293926.121376752387732, 8453817.694269655272365 ], [ 3293931.56974172545597, 8453775.009559152647853 ], [ 3293939.822346567641944, 8453732.777300355955958 ], [ 3293950.843231319915503, 8453691.181515691801906 ], [ 3293964.584373473655432, 8453650.403455732390285 ], [ 3293980.985897421371192, 8453610.620806215330958 ], [ 3293999.976334809791297, 8453572.006916997954249 ], [ 3294021.472936868201941, 8453534.730043409392238 ], [ 3294045.382034062873572, 8453498.952617166563869 ], [ 3294071.599444746505469, 8453464.830533979460597 ], [ 3294100.010929107200354, 8453432.512477872893214 ], [ 3294130.492686867248267, 8453402.139272211119533 ], [ 3294162.911896347533911, 8453373.843265054747462 ], [ 3294197.127294182311743, 8453347.747753141447902 ], [ 3294232.989789962302893, 8453323.966445920988917 ], [ 3294270.343116076663136, 8453302.602967459708452 ], [ 3294309.024509300477803, 8453283.750407803803682 ], [ 3294348.865418737754226, 8453267.49091511964798 ], [ 3294379.848755572456867, 8453261.111579433083534 ], [ 3294410.34525168966502, 8453252.707604732364416 ], [ 3294440.22275686217472, 8453242.315407274290919 ], [ 3294469.351802110206336, 8453229.980019090697169 ], [ 3294497.606162786018103, 8453215.754894254729152 ], [ 3294524.863403915893286, 8453199.701673982664943 ], [ 3294551.005411505233496, 8453181.889921663329005 ], [ 3294575.918904184829444, 8453162.396821497008204 ], [ 3294599.495924353133887, 8453141.306842802092433 ], [ 3294621.634305357467383, 8453118.711374757811427 ], [ 3294642.238114952575415, 8453094.708331106230617 ], [ 3294661.21807038737461, 8453069.401723859831691 ], [ 3294678.491925715934485, 8453042.90121459774673 ], [ 3294693.984828114043921, 8453015.321637628600001 ], [ 3294707.629642009269446, 8452986.782504079863429 ], [ 3294719.36724019004032, 8452957.407483099028468 ], [ 3294729.146760224830359, 8452927.323865411803126 ], [ 3294736.925824403297156, 8452896.662012098357081 ], [ 3294742.670723437797278, 8452865.554790971800685 ], [ 3294746.356563210021704, 8452834.13699865154922 ], [ 3294747.967371593229473, 8452802.544778194278479 ], [ 3294747.496168707031757, 8452770.915028586983681 ], [ 3294744.944996297825128, 8452739.384811706840992 ], [ 3294847.178032767958939, 8452605.423481229692698 ], [ 3294953.896948148496449, 8452475.007589051499963 ], [ 3295064.97887873603031, 8452348.287281034514308 ], [ 3295180.29593777609989, 8452225.408447740599513 ], [ 3295299.715362717397511, 8452106.512556741014123 ], [ 3295423.099668276496232, 8451991.736492399126291 ], [ 3295550.306804003193974, 8451881.212393660098314 ] ] } },
{ "type": "Feature", "properties": { }, "geometry": { "type": "LineString", "coordinates": [ [ 3383387.554454254452139, 8344913.321147252805531 ], [ 3382912.058983094058931, 8345267.638530509546399 ], [ 3382436.630143489222974, 8345622.045315845869482 ], [ 3381961.26795184565708, 8345976.541490792296827 ], [ 3381485.972425221931189, 8346331.127042292617261 ], [ 3381010.743580188136548, 8346685.801958187483251 ], [ 3380535.58143377956003, 8347040.566226022318006 ], [ 3380060.486002749763429, 8347395.419833295978606 ], [ 3379626.165700243320316, 8347677.537344134412706 ], [ 3379192.018080491106957, 8347959.920522343367338 ], [ 3378758.043306111823767, 8348242.569262503646314 ], [ 3378324.241539239417762, 8348525.483458041213453 ], [ 3377890.612942356150597, 8348808.66300381347537 ], [ 3377457.157677934970707, 8349092.10779348667711 ], [ 3377023.875908121932298, 8349375.817721096798778 ], [ 3375756.421259929426014, 8350062.35565553419292 ], [ 3375756.421259929426014, 8350062.35565553419292 ], [ 3375071.537405136507004, 8350293.670378973707557 ], [ 3374386.09548786887899, 8350523.326151754707098 ], [ 3373700.099526524078101, 8350751.321626662276685 ], [ 3373013.553542375098914, 8350977.655467747710645 ], [ 3372326.461560404393822, 8351202.32634749636054 ], [ 3371638.827608827035874, 8351425.33294921182096 ], [ 3370950.655718866735697, 8351646.673965774476528 ], [ 3370429.302537086419761, 8351715.099070005118847 ], [ 3369906.438687471207231, 8351770.817377925850451 ], [ 3369382.373822927009314, 8351813.795891999267042 ], [ 3368857.418307184707373, 8351844.009159087203443 ], [ 3368331.88303163414821, 8351861.439286113716662 ], [ 3367806.079231384210289, 8351866.075951032340527 ], [ 3367280.318300142884254, 8351857.916407139971852 ] ] } },
{ "type": "Feature", "properties": { }, "geometry": { "type": "LineString", "coordinates": [ [ 3386873.054736782796681, 8333182.764325181953609 ], [ 3386756.558245731983334, 8333404.682472120970488 ], [ 3386653.825225499458611, 8333633.29791965521872 ], [ 3386565.238824367057532, 8333867.758035420440137 ], [ 3386491.129429339896888, 8334107.188388585112989 ], [ 3386431.773435262031853, 8334350.696011209860444 ], [ 3386387.392213536892086, 8334597.372729670256376 ], [ 3386358.151285954751074, 8334846.298550934530795 ], [ 3386303.599738102871925, 8334930.25267388112843 ], [ 3386254.783201874233782, 8335017.666128252632916 ], [ 3386211.920127510558814, 8335108.147745369933546 ], [ 3386175.202323555480689, 8335201.292627333663404 ], [ 3386144.794099211227149, 8335296.683958529494703 ], [ 3386120.831528901588172, 8335393.894870518706739 ], [ 3386103.421843289863318, 8335492.490352152846754 ], [ 3386092.642949103843421, 8335592.029196976684034 ], [ 3386088.543081044685096, 8335692.065976380370557 ], [ 3386091.140585779678077, 8335792.153034209273756 ], [ 3386100.423839687835425, 8335891.84248876478523 ], [ 3386116.351300835143775, 8335990.688238142989576 ], [ 3386138.851695298682898, 8336088.247955321334302 ], [ 3386167.824335574638098, 8336184.085068701766431 ], [ 3386203.139571369625628, 8336277.770714615471661 ], [ 3386244.639369946438819, 8336368.885657804086804 ], [ 3386292.138023028150201, 8336457.022166346199811 ] ] } },
{ "type": "Feature", "properties": { }, "geometry": { "type": "LineString", "coordinates": [ [ 3385991.777676712255925, 8327753.173449461348355 ], [ 3386005.412753115873784, 8327639.219417999498546 ], [ 3386011.025093507952988, 8327524.589847938157618 ], [ 3386008.587077497970313, 8327409.848867177031934 ], [ 3385998.110703467857093, 8327295.561150311492383 ], [ 3385979.647528720088303, 8327182.289142028428614 ], [ 3385953.288416277151555, 8327070.590288828127086 ], [ 3385919.1630874928087, 8326961.014294341206551 ], [ 3385921.538361322134733, 8326914.420643956400454 ], [ 3385920.660395227372646, 8326867.774750830605626 ], [ 3385916.533459305297583, 8326821.30348467733711 ], [ 3385909.177625417243689, 8326775.232866286300123 ], [ 3385898.628669976722449, 8326729.786967515014112 ], [ 3385884.937899708282202, 8326685.186821936629713 ], [ 3385868.171901583205909, 8326641.64934968855232 ], [ 3385848.412220119964331, 8326599.386302231810987 ], [ 3385825.75495946360752, 8326558.603233336471021 ], [ 3385800.310317158233374, 8326519.498497485183179 ], [ 3385772.20204722834751, 8326482.262287377379835 ], [ 3385741.566858887206763, 8326447.075707434676588 ], [ 3385708.553751468192786, 8326414.109893082641065 ], [ 3385673.32328951312229, 8326383.525179146789014 ], [ 3385636.046822153031826, 8326355.470319153741002 ], [ 3385596.905649553984404, 8326330.081762940622866 ], [ 3385556.090141396038234, 8326307.482991366647184 ], [ 3385507.458285035565495, 8326257.32567183393985 ], [ 3385456.999491623137146, 8326209.006686612963676 ], [ 3385404.783204435836524, 8326162.592534779570997 ], [ 3385350.881285547744483, 8326118.147092818282545 ], [ 3385295.367916992399842, 8326075.73152868449688 ], [ 3385238.319498600438237, 8326035.40421621222049 ], [ 3385179.814542714040726, 8325997.220655610784888 ], [ 3385100.269748603459448, 8326021.969393509440124 ], [ 3385020.509874466340989, 8326046.015948408283293 ], [ 3384940.541119098197669, 8326069.358451365493238 ], [ 3384860.369696616660804, 8326091.995088099502027 ], [ 3384780.001837614458054, 8326113.924099796451628 ], [ 3384699.443787967320532, 8326135.143782394938171 ], [ 3384618.701807837001979, 8326155.652486635372043 ], [ 3384494.976272787433118, 8326158.638436585664749 ], [ 3384371.330057882703841, 8326153.29639161657542 ], [ 3384248.32308781100437, 8326139.650542019866407 ], [ 3384126.512392282020301, 8326117.762682675383985 ], [ 3384006.449584149755538, 8326087.731931339018047 ], [ 3383888.678360785823315, 8326049.694280654191971 ], [ 3383773.732042375486344, 8326003.821981904096901 ] ] } },
{ "type": "Feature", "properties": { }, "geometry": { "type": "LineString", "coordinates": [ [ 3384955.36944876331836, 8319580.731499137356877 ], [ 3384967.731907437089831, 8319677.853927380405366 ], [ 3384986.251166924834251, 8319773.992543569765985 ], [ 3385010.852122902404517, 8319868.757460593245924 ], [ 3385041.435007094871253, 8319961.764361857436597 ], [ 3385077.875791549216956, 8320052.636060952208936 ], [ 3385120.026691793929785, 8320141.004030703566968 ], [ 3385167.716766237746924, 8320226.5098977079615 ], [ 3385220.752609252464026, 8320308.806895493529737 ], [ 3385278.919135689269751, 8320387.561271189711988 ], [ 3385341.980452894698828, 8320462.453638791106641 ], [ 3385409.680817961227149, 8320533.180274962447584 ], [ 3385481.745673894416541, 8320599.454349993728101 ], [ 3385557.882764205336571, 8320661.007091156207025 ], [ 3385637.783317158464342, 8320717.588873631320894 ], [ 3385721.123298713006079, 8320768.970231818035245 ], [ 3385753.855610542465001, 8320919.425929113291204 ], [ 3385780.758891734294593, 8321071.032441250048578 ], [ 3385801.793083071243018, 8321223.564024685882032 ], [ 3385816.926864146720618, 8321376.793557642959058 ], [ 3385826.137700471095741, 8321530.49287926312536 ], [ 3385829.41187732713297, 8321684.433130308054388 ], [ 3385826.744519395753741, 8321838.385091230273247 ], [ 3385846.94262026110664, 8321980.389984156936407 ], [ 3385871.133122645784169, 8322121.769517760723829 ], [ 3385899.296825050842017, 8322262.411470173858106 ], [ 3385931.411372303497046, 8322402.204205273650587 ], [ 3385967.451272927690297, 8322541.036760430783033 ], [ 3386007.387920124921948, 8322678.798936393111944 ], [ 3386051.189613346476108, 8322815.381382544524968 ], [ 3386067.322702692355961, 8322874.415019833482802 ], [ 3386087.521453768014908, 8322932.184019923210144 ], [ 3386111.68809413863346, 8322988.408751248382032 ], [ 3386139.705644726287574, 8323042.817057131789625 ], [ 3386171.438486575614661, 8323095.145573853515089 ], [ 3386206.733016252052039, 8323145.141004323028028 ], [ 3386245.41839027358219, 8323192.561345337890089 ], [ 3386287.30735158873722, 8323237.177058218978345 ], [ 3386332.197136282455176, 8323278.772179841063917 ], [ 3386379.870454787742347, 8323317.145368575118482 ], [ 3386430.096543669234961, 8323352.110878466628492 ], [ 3386482.632283210288733, 8323383.499458788894117 ], [ 3386537.223373531829566, 8323411.159172772429883 ], [ 3386593.605565547477454, 8323434.956133126281202 ], [ 3386651.505940824747086, 8323454.775150179862976 ], [ 3386710.644231961574405, 8323470.52028998080641 ], [ 3386770.734179247636348, 8323482.115338104777038 ] ] } },
{ "type": "Feature", "properties": { }, "geometry": { "type": "LineString", "coordinates": [ [ 3384064.190399253275245, 8325898.200761219486594 ], [ 3384099.592907333746552, 8325891.128102265298367 ], [ 3384135.196239910554141, 8325885.147902255877852 ], [ 3384170.966693877708167, 8325880.265822648070753 ], [ 3384206.870407938491553, 8325876.486484288237989 ], [ 3384242.873394570779055, 8325873.813464885577559 ], [ 3384278.941572451964021, 8325872.249295435845852 ], [ 3384315.040798374451697, 8325871.795456048101187 ], [ 3384539.485892325174063, 8325918.004740097559988 ], [ 3384539.485892325174063, 8325918.004740097559988 ], [ 3384559.584431569557637, 8325917.562294102273881 ], [ 3384579.610846876632422, 8325915.804530615918338 ], [ 3384599.479151844512671, 8325912.738996266387403 ], [ 3384619.104038953315467, 8325908.378853796981275 ], [ 3384638.401246308814734, 8325902.742824076674879 ], [ 3384657.287918209563941, 8325895.855105875991285 ], [ 3384675.682962417136878, 8325887.745272873900831 ], [ 3384693.507396935950965, 8325878.44814586546272 ], [ 3384710.684690236579627, 8325868.003643034957349 ], [ 3384727.14108908129856, 8325856.456609725020826 ], [ 3384742.805935501586646, 8325843.856624602340162 ], [ 3384757.611970304977149, 8325830.257787465117872 ], [ 3384771.495621680747718, 8325815.718486784957349 ], [ 3384784.397278308402747, 8325800.30114936735481 ], [ 3384796.261544942390174, 8325784.071971415542066 ], [ 3384807.037480830680579, 8325767.100635289214551 ], [ 3384816.678817867767066, 8325749.460010050795972 ], [ 3384825.144159554969519, 8325731.225837945006788 ], [ 3384832.397158741485327, 8325712.476410145871341 ], [ 3384838.406673710327595, 8325693.29222974833101 ], [ 3384843.146901788190007, 8325673.755667268298566 ], [ 3384874.070526862516999, 8325667.134822255931795 ], [ 3384905.35443970374763, 8325662.506325614638627 ], [ 3384936.870412945281714, 8325659.889148711226881 ], [ 3384968.48926806403324, 8325659.29401898290962 ], [ 3385000.081405043136328, 8325660.723375796340406 ], [ 3385031.517333268653601, 8325664.171360253356397 ], [ 3385062.668202280532569, 8325669.623839854262769 ], [ 3385093.406330346595496, 8325677.0584657182917 ], [ 3385123.605727195274085, 8325686.444764613173902 ], [ 3385153.142610907088965, 8325697.744264124892652 ], [ 3385181.895914792548865, 8325710.91064906027168 ], [ 3385209.747784137260169, 8325725.889953135512769 ], [ 3385236.584059237968177, 8325742.620778559707105 ], [ 3385262.294742822181433, 8325761.034548520110548 ], [ 3385286.774451224133372, 8325781.055788648314774 ], [ 3385309.922846460714936, 8325802.60243499930948 ], [ 3385331.645047445781529, 8325825.586171999573708 ], [ 3385331.645047445781529, 8325825.586171999573708 ], [ 3385635.306056908331811, 8325957.612697852775455 ], [ 3385653.848405638244003, 8325965.438908045180142 ], [ 3385672.897310859058052, 8325971.935635722242296 ], [ 3385692.357585548888892, 8325977.070417164824903 ], [ 3385712.131986379157752, 8325980.817593812011182 ], [ 3385732.121701240073889, 8325983.158440588973463 ], [ 3385752.226841568481177, 8325984.0812609186396 ], [ 3385772.34694206668064, 8325983.581443308852613 ], [ 3385792.381462931167334, 8325981.66148519422859 ], [ 3385812.230291604530066, 8325978.330980538390577 ], [ 3385831.794243931304663, 8325973.60657191183418 ], [ 3385850.975558757316321, 8325967.511867522262037 ], [ 3385869.678387283813208, 8325960.077322005294263 ], [ 3385887.809271811973304, 8325951.340085982345045 ], [ 3385905.277612208854407, 8325941.343819378875196 ], [ 3385921.996119379531592, 8325930.138473271392286 ], [ 3385937.881251215469092, 8325917.780040978454053 ], [ 3385952.853629707824439, 8325904.330277203582227 ], [ 3385966.838438152801245, 8325889.856390475295484 ], [ 3385979.76579439593479, 8325874.430706500075758 ], [ 3385991.571100592147559, 8325858.130307435058057 ], [ 3386002.195365905296057, 8325841.036646365188062 ], [ 3386011.585500716697425, 8325823.235139845870435 ], [ 3386019.694582700263709, 8325804.814742087386549 ], [ 3386026.482090949546546, 8325785.8674998274073 ], [ 3386031.914108156692237, 8325766.488091944716871 ], [ 3386035.963490724097937, 8325746.77335715200752 ], [ 3386038.610003947746009, 8325726.821810006164014 ], [ 3386039.840422987472266, 8325706.7331483354792 ], [ 3386039.648599743377417, 8325686.607754706405103 ], [ 3386038.035492538940161, 8325666.546195744536817 ], [ 3386035.009162074420601, 8325646.648718751035631 ], [ 3386030.584731021430343, 8325627.01475137937814 ], [ 3386024.784308176022023, 8325607.742404341697693 ], [ 3386044.947493341285735, 8325453.966130134649575 ], [ 3386059.666254696436226, 8325299.573596123605967 ], [ 3386068.922221898566931, 8325144.757499932311475 ], [ 3386072.703842162620276, 8324989.711068629287183 ], [ 3386071.006395754404366, 8324834.627816084772348 ], [ 3386063.832001355011016, 8324679.70130240637809 ], [ 3386051.189613346476108, 8324525.124892343766987 ], [ 3385952.169718956574798, 8324082.836030735634267 ], [ 3385952.169718956574798, 8324082.836030735634267 ], [ 3385952.169718956574798, 8324082.836030735634267 ], [ 3385556.090141396503896, 8323647.148495418950915 ], [ 3385514.851326762698591, 8323594.96979134529829 ], [ 3385477.238631482236087, 8323540.119612318463624 ], [ 3385443.424551367294043, 8323482.849506854079664 ], [ 3385413.564161300193518, 8323423.422121762298048 ], [ 3385387.79440414858982, 8323362.109997271560133 ], [ 3385366.233462690841407, 8323299.194317339919508 ], [ 3385348.980217694770545, 8323234.96361970808357 ], [ 3385336.113794445525855, 8323169.712472914718091 ], [ 3385327.693199634086341, 8323103.740125893615186 ], [ 3385323.757050871383399, 8323037.349134444259107 ], [ 3385324.323399900924414, 8322970.843975066207349 ], [ 3385329.389649390708655, 8322904.529646872542799 ], [ 3385338.932564969174564, 8322838.710274559445679 ], [ 3385352.908381759189069, 8322773.687712840735912 ], [ 3385371.253005201462656, 8322709.76016185991466 ], [ 3385379.905153292231262, 8322685.949119876138866 ], [ 3385386.942223349120468, 8322661.611802455969155 ], [ 3385392.332579016219825, 8322636.857621907256544 ], [ 3385396.051986813079566, 8322611.797865628264844 ], [ 3385398.083725332748145, 8322586.545193909667432 ], [ 3385398.418660759460181, 8322561.213135241530836 ], [ 3385397.055287241470069, 8322535.915574072860181 ], [ 3385393.99973416281864, 8322510.766240595839918 ], [ 3385389.265738129150122, 8322485.878197907470167 ], [ 3385382.874581932555884, 8322461.363335131667554 ], [ 3385374.854997992049903, 8322437.331862925551832 ], [ 3385365.243039845954627, 8322413.891819237731397 ], [ 3385354.081919788848609, 8322391.148583172820508 ], [ 3385341.421814798843116, 8322369.204401253722608 ], [ 3385327.319640516769141, 8322348.157927273772657 ], [ 3385311.838796019088477, 8322328.103779553435743 ], [ 3385295.04887819243595, 8322309.132115363143384 ], [ 3385277.025369286071509, 8322291.3282251348719 ], [ 3385257.849297046195716, 8322274.772149561904371 ], [ 3385237.606871127616614, 8322259.538319586776197 ], [ 3385216.389095067512244, 8322245.695221423171461 ], [ 3385194.291357397567481, 8322233.305089472793043 ], [ 3385171.413002252113074, 8322222.42362570669502 ], [ 3385147.856883644592017, 8322213.099750041030347 ], [ 3385123.7289022593759, 8322205.375379201956093 ], [ 3385099.137530106119812, 8322199.285239766351879 ], [ 3385074.193322031758726, 8322194.856711032800376 ] ] } },
{ "type": "Feature", "properties": { }, "geometry": { "type": "LineString", "coordinates": [ [ 3421896.391382536385208, 8332400.507159494794905 ], [ 3421170.245490342844278, 8332479.723075007088482 ], [ 3421170.245490342844278, 8332479.723075007088482 ], [ 3420483.707555905450135, 8332281.683286227285862 ], [ 3420483.707555905450135, 8332281.683286227285862 ], [ 3420483.707555905450135, 8332281.683286227285862 ], [ 3420483.707555905450135, 8332281.683286227285862 ], [ 3419744.359011126682162, 8332268.480633641593158 ], [ 3419744.359011126682162, 8332268.480633641593158 ], [ 3419536.239509892649949, 8332286.0771215967834 ], [ 3419327.388825156260282, 8332288.257642157375813 ], [ 3419118.947296618949622, 8332275.010289668105543 ], [ 3418912.053029894363135, 8332246.40739583875984 ], [ 3418707.835682251024991, 8332202.605133898556232 ], [ 3418507.410295200534165, 8332143.842667918652296 ], [ 3418311.871205617673695, 8332070.440844861790538 ] ] } },
{ "type": "Feature", "properties": { }, "geometry": { "type": "LineString", "coordinates": [ [ 3414318.068798553198576, 8331496.125457399524748 ], [ 3414416.150473658461124, 8331520.753439957275987 ], [ 3414515.101816746406257, 8331541.614509347826242 ], [ 3414614.778211950790137, 8331558.678177594207227 ], [ 3414715.033983587753028, 8331571.919505833648145 ], [ 3414815.722609254531562, 8331581.31914234533906 ], [ 3414916.696934048552066, 8331586.863349730148911 ], [ 3415017.809385575819761, 8331588.544025496579707 ], [ 3415127.058905528858304, 8331581.425290832296014 ], [ 3415236.375350811518729, 8331575.421224839985371 ], [ 3415345.74734854651615, 8331570.532452105544508 ], [ 3415455.163520454894751, 8331566.759480713866651 ], [ 3415564.612483599223197, 8331564.102703101933002 ], [ 3415674.082851456478238, 8331562.562396297231317 ], [ 3415783.56323552550748, 8331562.138720326125622 ], [ 3415865.738162721507251, 8331547.517082836478949 ], [ 3415948.29609359940514, 8331535.241132757626474 ], [ 3416031.170084833633155, 8331525.320824383758008 ], [ 3416114.292935966979712, 8331517.764201640151441 ], [ 3416197.597245113458484, 8331512.577391645871103 ], [ 3416281.015463436953723, 8331509.764600899070501 ], [ 3416364.47994928015396, 8331509.328109984286129 ] ] } },
{ "type": "Feature", "properties": { }, "geometry": { "type": "LineString", "coordinates": [ [ 3431164.65349744213745, 8337846.601350945420563 ], [ 3431587.138380172662437, 8338387.910106943920255 ], [ 3431587.138380172662437, 8338387.910106943920255 ], [ 3431587.138380172662437, 8338387.910106943920255 ], [ 3431613.543685343582183, 8338387.910106943920255 ], [ 3432313.284272366203368, 8338968.826820699498057 ], [ 3432313.284272366203368, 8338968.826820699498057 ], [ 3432313.284272366203368, 8338968.826820699498057 ], [ 3432801.782418023794889, 8339219.677219820208848 ] ] } },
{ "type": "Feature", "properties": { }, "geometry": { "type": "LineString", "coordinates": [ [ 3469967.24944574944675, 8308804.066326346248388 ], [ 3469513.460434777196497, 8308946.427240906283259 ], [ 3469069.994783978909254, 8309118.268193872645497 ], [ 3468638.76532208872959, 8309318.847972630523145 ], [ 3468221.63209831668064, 8309547.301403759978712 ], [ 3467820.394359945785254, 8309802.64308428671211 ], [ 3467436.78279137564823, 8310083.771632908843458 ], [ 3467072.452048539649695, 8310389.474440096877515 ], [ 3466728.973622440826148, 8310718.432898520492017 ], [ 3466407.829060434829444, 8311069.228090762160718 ], [ 3466110.403575658332556, 8311440.346909283660352 ], [ 3465837.980072479695082, 8311830.188584001734853 ], [ 3465591.733612520154566, 8312237.071585951372981 ], [ 3465372.726346052251756, 8312659.24088126514107 ], [ 3465401.371135363355279, 8312843.858778268098831 ], [ 3465417.703671227674931, 8313029.970411898568273 ], [ 3465421.651976108085364, 8313216.755590199492872 ], [ 3465413.198649882804602, 8313403.391152619384229 ], [ 3465392.380946397315711, 8313589.054598568938673 ], [ 3465359.290608763229102, 8313772.927711009047925 ], [ 3465314.073466062080115, 8313954.200163125060499 ], [ 3465256.928789495956153, 8314132.073089121840894 ], [ 3465188.108415245544165, 8314305.762605189345777 ], [ 3465107.915633797179908, 8314474.503263234160841 ], [ 3465016.703854083549231, 8314637.551425217650831 ], [ 3464914.875045179855078, 8314794.18853950407356 ], [ 3464802.877965688239783, 8314943.724308251403272 ], [ 3464681.206185578834265, 8315085.499728440307081 ], [ 3464550.395910869818181, 8315218.889997603371739 ], [ 3464411.023621210828424, 8315343.307266503572464 ], [ 3464263.703528883866966, 8315458.203229356557131 ], [ 3464007.917631212621927, 8315975.606662602163851 ], [ 3463783.444073513150215, 8316507.343777999281883 ], [ 3463591.081957816611975, 8317051.521648406051099 ], [ 3463431.516072868835181, 8317606.203058480285108 ], [ 3463305.314455941319466, 8318169.413400754332542 ], [ 3463212.926371637731791, 8318739.147707314230502 ], [ 3463154.680711715482175, 8319313.37778427451849 ], [ 3463015.86908168066293, 8319472.638334857299924 ], [ 3462888.368490928318352, 8319641.090675251558423 ], [ 3462772.785777687560767, 8319817.93305706884712 ], [ 3462669.67105722380802, 8320002.323800086043775 ], [ 3462579.515103816520423, 8320193.385297297500074 ], [ 3462502.74701416445896, 8320390.208192347548902 ], [ 3462439.732165574561805, 8320591.855707644484937 ], [ 3462390.770476936828345, 8320797.368103026412427 ], [ 3462356.094981312286109, 8321005.76724314596504 ], [ 3462335.870716332923621, 8321216.061253546737134 ], [ 3462330.193939322140068, 8321427.249240295961499 ], [ 3462339.09166902769357, 8321638.326055632904172 ], [ 3462362.521556595340371, 8321848.287080659531057 ], [ 3462362.521556595340371, 8321848.287080659531057 ], [ 3462309.71094625396654, 8323379.794780558906496 ], [ 3461570.362401475198567, 8325069.734311481937766 ], [ 3461570.362401475198567, 8325069.734311481937766 ], [ 3461570.362401475198567, 8325069.734311481937766 ], [ 3461570.362401475198567, 8325069.734311481937766 ], [ 3461992.847284205723554, 8327182.158725135959685 ], [ 3461992.847284205723554, 8327182.158725135959685 ] ] } },
{ "type": "Feature", "properties": { }, "geometry": { "type": "LineString", "coordinates": [ [ 3461979.644631620496511, 8327525.427692354656756 ], [ 3461961.158870944287628, 8327632.05443599447608 ], [ 3461950.089786485303193, 8327739.704151282086968 ], [ 3461946.490359186660498, 8327847.861582755111158 ], [ 3461950.377817272674292, 8327956.009044646285474 ], [ 3461961.733554005157202, 8328063.628899096511304 ], [ 3461980.50321602774784, 8328170.206033705733716 ], [ 3462006.596964120399207, 8328275.230326651595533 ], [ 3462039.889903068076819, 8328378.199089049361646 ], [ 3462080.222679256927222, 8328478.619470595382154 ], [ 3462127.402243375312537, 8328576.010817765258253 ], [ 3462181.202775120269507, 8328669.906976698897779 ], [ 3462241.366762876044959, 8328759.858521222136915 ], [ 3462307.606237530242652, 8328845.434907197020948 ], [ 3462379.604149817954749, 8328926.226530789397657 ], [ 3462457.015888289082795, 8329001.846690544858575 ], [ 3462539.470928916241974, 8329071.933437373489141 ], [ 3462626.574608301743865, 8329136.151307765394449 ], [ 3462626.574608301743865, 8329136.151307765394449 ], [ 3462917.032965179067105, 8330033.931683568283916 ] ] } },
{ "type": "Feature", "properties": { }, "geometry": { "type": "LineString", "coordinates": [ [ 3466877.828740781638771, 8364809.718593350611627 ], [ 3466781.764678677543998, 8364946.755596850067377 ], [ 3466676.51635768217966, 8365076.871834413148463 ], [ 3466562.580747246276587, 8365199.452913998626173 ], [ 3466440.495836853515357, 8365313.920022963546216 ], [ 3466310.838096022140235, 8365419.732661961577833 ], [ 3466174.219752072822303, 8365516.3911974420771 ], [ 3466031.285899661015719, 8365603.439219848252833 ], [ 3465882.711454352363944, 8365680.465699408203363 ], [ 3465729.197965857107192, 8365747.106926909647882 ], [ 3465520.308869624044746, 8365760.585636633448303 ], [ 3465311.743845799006522, 8365778.38903246447444 ], [ 3465103.592419504653662, 8365800.509472130797803 ], [ 3464895.943938850890845, 8365826.937460660003126 ], [ 3464688.887535669840872, 8365857.661653619259596 ], [ 3464482.512087964918464, 8365892.668863314203918 ], [ 3464276.906181470025331, 8365931.944063103757799 ], [ 3464157.165447060484439, 8365957.364684715867043 ], [ 3464035.956134462263435, 8365974.463047629222274 ], [ 3463913.855949401389807, 8365983.157658099196851 ], [ 3463791.44684326602146, 8365983.407075881026685 ], [ 3463669.312240123283118, 8365975.210112093947828 ], [ 3463548.034255980979651, 8365958.605835198424757 ], [ 3463428.190923451911658, 8365933.673383950255811 ], [ 3463310.353437661658973, 8365900.531590937636793 ], [ 3463195.083433627616614, 8365859.338416337035596 ], [ 3463082.930309056770056, 8365810.290194033645093 ], [ 3462974.428606032859534, 8365753.620696543715894 ], [ 3462870.095463513862342, 8365689.600021599791944 ], [ 3462770.428151988890022, 8365618.53330267034471 ], [ 3462675.901704375166446, 8365540.759257212281227 ], [ 3462586.966650546528399, 8365456.648570031858981 ], [ 3462397.446462707594037, 8365292.496660348959267 ], [ 3462204.292892998084426, 8365132.63594114407897 ], [ 3462007.603083371650428, 8364977.146810292266309 ], [ 3461807.475953936111182, 8364826.107467412017286 ], [ 3461604.012153690680861, 8364679.593873616307974 ], [ 3461397.314009981229901, 8364537.679714796133339 ], [ 3461187.485476500820369, 8364400.43636320438236 ] ] } },
{ "type": "Feature", "properties": { }, "geometry": { "type": "LineString", "coordinates": [ [ 3447971.630238577257842, 8346392.018236804753542 ], [ 3447850.745148008689284, 8346413.458547513000667 ], [ 3447728.720243245363235, 8346426.979445090517402 ], [ 3447606.073778032790869, 8346432.523504733107984 ], [ 3447483.326645731460303, 8346430.067179917357862 ], [ 3447361.000167250167578, 8346419.620903252623975 ], [ 3447239.613876938354224, 8346401.229041098617017 ], [ 3447119.683316468726844, 8346374.969705819152296 ], [ 3447001.717844247352332, 8346340.954423665069044 ], [ 3446886.218473106622696, 8346299.32766162417829 ], [ 3446773.675741976127028, 8346250.266213337890804 ], [ 3446664.567632629070431, 8346193.978448024019599 ] ] } },
{ "type": "Feature", "properties": { }, "geometry": { "type": "LineString", "coordinates": [ [ 3453411.123103735968471, 8354049.556736298836768 ], [ 3453428.515271648298949, 8354042.653643763624132 ], [ 3453445.399552405811846, 8354034.587587991729379 ], [ 3453461.698288678657264, 8354025.395668267272413 ], [ 3453477.336516141425818, 8354015.120161770842969 ], [ 3453492.242308377753943, 8354003.808329342864454 ], [ 3453506.347107886802405, 8353991.512198924086988 ], [ 3453519.586040973197669, 8353978.288325070403516 ], [ 3453531.89821684313938, 8353964.197529553435743 ], [ 3453543.227006792556494, 8353949.304621457122266 ], [ 3453553.520305275451392, 8353933.678099154494703 ], [ 3453562.730769395362586, 8353917.389835118316114 ], [ 3453570.816036581527442, 8353900.514745711348951 ], [ 3453577.738919615279883, 8353883.130445717833936 ], [ 3453583.467577337753028, 8353865.316892861388624 ], [ 3453587.975661396514624, 8353847.156018017791212 ], [ 3453591.242437362205237, 8353828.731350659392774 ], [ 3453593.252880095969886, 8353810.127633093856275 ], [ 3453593.997742771636695, 8353791.430430649779737 ], [ 3453593.473599433433264, 8353772.725739716552198 ], [ 3453591.682860850822181, 8353754.09959006216377 ], [ 3453588.633763193618506, 8353735.637650965712965 ], [ 3453584.340330719482154, 8353717.424836157821119 ], [ 3453578.82231044722721, 8353699.544913052581251 ], [ 3453572.105081915389746, 8353682.080119132064283 ], [ 3453564.21954035712406, 8353665.110781191848218 ], [ 3453555.20195448352024, 8353648.714948176406324 ], [ 3453545.093799709808081, 8353632.968031167052686 ], [ 3453533.941567301284522, 8353617.942456244491041 ], [ 3453521.79655086947605, 8353603.707331656478345 ], [ 3453508.714610099326819, 8353590.328130721114576 ], [ 3453494.755913853179663, 8353577.866389512084424 ], [ 3453479.98466384364292, 8353566.379424571059644 ], [ 3453464.468798875343055, 8353555.920068739913404 ], [ 3453448.279682278167456, 8353546.536428927443922 ], [ 3453431.491774320136756, 8353538.271663903258741 ], [ 3453414.182289242278785, 8353531.163786887191236 ], [ 3453396.430840014945716, 8353525.245489596389234 ], [ 3453378.319072603713721, 8353520.543992756865919 ], [ 3453359.930290102493018, 8353517.080920218490064 ], [ 3453341.349069833289832, 8353514.872200011275709 ], [ 3453322.660874008666724, 8353513.92799115087837 ], [ 3453303.95165705634281, 8353514.252636193297803 ], [ 3453285.307470082771033, 8353515.844641922973096 ], [ 3453266.814064979087561, 8353518.69668650534004 ], [ 3453248.556500018574297, 8353522.795651594176888 ], [ 3453230.618749126326293, 8353528.122685111127794 ], [ 3453213.083314955700189, 8353534.653285470791161 ], [ 3453129.127329805865884, 8353574.52086649928242 ], [ 3453048.096865117549896, 8353620.0411392217502 ], [ 3452970.371946572791785, 8353671.000618456862867 ], [ 3452896.317097067367285, 8353727.160307883284986 ], [ 3452826.279627322684973, 8353788.256824015639722 ], [ 3452760.588006853591651, 8353854.00362968351692 ], [ 3452699.550323188304901, 8353924.092377997003496 ], [ 3452643.452838161960244, 8353998.194359169341624 ], [ 3452592.55864344490692, 8354075.962041469290853 ], [ 3452543.675488473381847, 8354074.733293040655553 ], [ 3452494.997439881321043, 8354070.094302771613002 ], [ 3452446.762115239631385, 8354062.067715405486524 ], [ 3452399.204971193801612, 8354050.692712067626417 ], [ 3452352.558153986465186, 8354036.024818657897413 ], [ 3452307.049365996848792, 8354018.135635613463819 ], [ 3452262.900754570495337, 8353997.112487315200269 ], [ 3452220.32782745314762, 8353973.057996510528028 ], [ 3452179.538400649558753, 8353946.089583157561719 ], [ 3452140.731584548484534, 8353916.338891266845167 ], [ 3452104.096810956951231, 8353883.951146004721522 ], [ 3452069.81290972372517, 8353849.084446175955236 ], [ 3452038.047234860714525, 8353811.908989762887359 ], [ 3452010.136413087137043, 8353850.069829675368965 ], [ 3451979.698923000134528, 8353886.24748651497066 ], [ 3451946.875252127181739, 8353920.274979828856885 ], [ 3451911.816900729667395, 8353951.99525189306587 ], [ 3451874.685683965217322, 8353981.261895178817213 ], [ 3451835.652984380256385, 8354007.93982672598213 ], [ 3451794.898961185943335, 8354031.905912159942091 ], [ 3451752.611718058120459, 8354053.049533604644239 ], [ 3451708.986435651313514, 8354071.273101090453565 ], [ 3451664.224470734130591, 8354086.492501734755933 ], [ 3451618.532426118385047, 8354098.637489079497755 ], [ 3451572.121197580825537, 8354107.652007102034986 ], [ 3451525.205000408925116, 8354113.494447870180011 ], [ 3451478.000380863435566, 8354116.137845727615058 ], [ 3451430.725215935148299, 8354115.569999225437641 ], [ 3451299.937372183427215, 8354078.896670096553862 ], [ 3451170.400567558128387, 8354038.023580448701978 ], [ 3451042.249623775016516, 8353992.993271349929273 ], [ 3450915.617919325362891, 8353943.852609871886671 ], [ 3450790.637252118904144, 8353890.652741568163037 ], [ 3450667.437701439484954, 8353833.449036591686308 ], [ 3450546.147492717485875, 8353772.30103200674057 ], [ 3450502.949681949336082, 8353739.065316575579345 ], [ 3450462.181238639168441, 8353702.890772245824337 ], [ 3450424.041685103904456, 8353663.954438685439527 ], [ 3450388.717677711974829, 8353622.446871518157423 ], [ 3450356.382093548309058, 8353578.571210621856153 ], [ 3450327.193184136878699, 8353532.542185067199171 ], [ 3450301.293801307212561, 8353484.585062502883375 ], [ 3450278.810697435867041, 8353434.934547184966505 ], [ 3450259.853905796539038, 8353383.833630560897291 ], [ 3450244.516201614867896, 8353331.532402514480054 ], [ 3450232.872648238670081, 8353278.286827086471021 ], [ 3450224.9802296156995, 8353224.357490538619459 ], [ 3450220.877571582328528, 8353170.008324622176588 ], [ 3450220.584752678405493, 8353115.505316494964063 ], [ 3450224.103206026367843, 8353061.115205906331539 ], [ 3450231.415712070185691, 8353007.104180472902954 ], [ 3450242.486483254935592, 8352953.736571716144681 ] ] } },
{ "type": "Feature", "properties": { }, "geometry": { "type": "LineString", "coordinates": [ [ 3437792.385095281526446, 8335625.25505346339196 ], [ 3437788.973597652278841, 8335694.720602108165622 ], [ 3437790.135010726284236, 8335764.260172689333558 ], [ 3437795.864312290679663, 8335833.573056696914136 ], [ 3437806.136726974975318, 8335902.359525202773511 ], [ 3437820.907834171783179, 8335970.322126387618482 ], [ 3437840.113759278785437, 8336037.166970728896558 ], [ 3437863.671450614463538, 8336102.605002163909376 ], [ 3437891.479037880431861, 8336166.353247880004346 ], [ 3437923.416273355018348, 8336228.136042832396924 ], [ 3437959.345051288139075, 8336287.686220644973218 ], [ 3437999.110005504917353, 8336344.74626930989325 ], [ 3438042.539181238971651, 8336399.069445444270968 ], [ 3438089.444778451696038, 8336450.420840046368539 ], [ 3438096.648570541292429, 8336459.807802451774478 ], [ 3438104.471129623241723, 8336468.685711265541613 ], [ 3438112.876585244666785, 8336477.013856648467481 ], [ 3438121.826394795905799, 8336484.754050492309034 ], [ 3438131.279519199859351, 8336491.870800255797803 ], [ 3438141.192611574660987, 8336498.331472634337842 ], [ 3438151.520216106902808, 8336504.106442212127149 ], [ 3438162.214975714217871, 8336509.16922855284065 ], [ 3438173.227850198280066, 8336513.496616362594068 ], [ 3438184.508340596687049, 8336517.068762301467359 ], [ 3438196.00472056819126, 8336519.869286536239088 ], [ 3438207.664273976814002, 8336521.885347603820264 ], [ 3438219.433536529075354, 8336523.107700823806226 ], [ 3438231.258540868293494, 8336523.530741213820875 ], [ 3438243.085063695441931, 8336523.152529000304639 ], [ 3438254.858875274192542, 8336521.974798201583326 ], [ 3438266.52598726702854, 8336520.002949236892164 ], [ 3438278.032900571357459, 8336517.246024369262159 ], [ 3438289.32685077143833, 8336513.716664790175855 ], [ 3438300.356049894820899, 8336509.431054591201246 ], [ 3438311.069924234878272, 8336504.408845423720777 ], [ 3438321.41934561682865, 8336498.67306589987129 ], [ 3438331.356857180129737, 8336492.250017403624952 ], [ 3438340.836891173850745, 8336485.169152497313917 ], [ 3438349.815976976882666, 8336477.46294045355171 ], [ 3438358.252941727172583, 8336469.166717528365552 ], [ 3438366.109097837936133, 8336460.318525551818311 ], [ 3438373.348421334754676, 8336450.958937882445753 ], [ 3438379.937716722022742, 8336441.13087201025337 ], [ 3438385.846768855582923, 8336430.879394530318677 ], [ 3438391.048482298385352, 8336420.251513003371656 ], [ 3438395.519004702102393, 8336409.295960902236402 ], [ 3438399.237836598884314, 8336398.062974928878248 ], [ 3438402.187925576698035, 8336386.604062794707716 ], [ 3438404.355743971653283, 8336374.971769214607775 ], [ 3438405.731351498514414, 8336363.2194335591048 ], [ 3438406.308440499939024, 8336351.40094565693289 ] ] } },
{ "type": "Feature", "properties": { }, "geometry": { "type": "LineString", "coordinates": [ [ 3438709.969449962489307, 8335889.308105169795454 ], [ 3438715.087874242570251, 8336028.81452227011323 ], [ 3438719.129149314947426, 8336168.356296896003187 ], [ 3438722.093034147750586, 8336307.92511176969856 ], [ 3438723.979352235328406, 8336447.512649058364332 ], [ 3438724.78799104411155, 8336587.110588668845594 ], [ 3438724.518902489449829, 8336726.710611347109079 ], [ 3438723.172102548182011, 8336866.304396484978497 ], [ 3438722.779786064755172, 8336890.730992808938026 ], [ 3438723.983950226102024, 8336915.131044480018318 ], [ 3438726.779451131355017, 8336939.400319336913526 ], [ 3438731.15434682322666, 8336963.435144423507154 ], [ 3438737.089948892127723, 8336987.132848023436964 ], [ 3438744.560901641380042, 8337010.392198561690748 ], [ 3438753.535290717612952, 8337033.113837479613721 ], [ 3438763.974779486190528, 8337055.200702189467847 ], [ 3438775.834772705566138, 8337076.558442830108106 ], [ 3438789.064607023727149, 8337097.095823763869703 ], [ 3438803.607767581474036, 8337116.725113390944898 ], [ 3438819.402128815185279, 8337135.362459658645093 ], [ 3438836.380220770370215, 8337152.928247927688062 ], [ 3438854.469516753684729, 8337169.347440957091749 ], [ 3438873.592743038665503, 8337184.549899338744581 ], [ 3438893.668209433089942, 8337198.470681427977979 ], [ 3438914.610157727729529, 8337211.050320862792432 ], [ 3438936.329128503333777, 8337222.235080002807081 ], [ 3438958.732342957984656, 8337231.977179764769971 ], [ 3438981.724099277984351, 8337240.235004185698926 ], [ 3439005.206181733403355, 8337246.973277661018074 ], [ 3439029.078279807697982, 8337252.163215413689613 ], [ 3439053.238417181652039, 8337255.782647752203047 ] ] } },
{ "type": "Feature", "properties": { }, "geometry": { "type": "LineString", "coordinates": [ [ 3436082.64158547995612, 8333162.960346298292279 ], [ 3436107.560803798492998, 8333282.244272795505822 ], [ 3436125.206662609241903, 8333402.818923123180866 ], [ 3436135.514318823348731, 8333524.241222619079053 ], [ 3436138.445895075332373, 8333646.064982413314283 ], [ 3436133.990618586074561, 8333767.842538355849683 ], [ 3436122.164861320983618, 8333889.126395701430738 ], [ 3436103.012079074047506, 8334009.470873959362507 ], [ 3436076.602652338799089, 8334128.433745470829308 ], [ 3436043.033627724274993, 8334245.577858295291662 ], [ 3436030.221949635073543, 8334275.882105192169547 ], [ 3436019.459187855478376, 8334306.973091715946794 ], [ 3436010.793236255180091, 8334338.712464331649244 ], [ 3436004.26265788031742, 8334370.958984135650098 ], [ 3435999.896513580810279, 8334403.569155215285718 ], [ 3435997.714232444297522, 8334436.397864102385938 ], [ 3435997.725525617133826, 8334469.299024580977857 ], [ 3435999.93034267378971, 8334502.126227616332471 ], [ 3436004.318872570525855, 8334534.733393906615674 ], [ 3436010.871586203109473, 8334566.975422858260572 ], [ 3436019.559324502479285, 8334598.708838700316846 ], [ 3436030.343427419196814, 8334629.79242944624275 ], [ 3436043.175906061660498, 8334660.087874173186719 ], [ 3436057.999656557571143, 8334689.460359810851514 ], [ 3436074.748713850509375, 8334717.779179572127759 ], [ 3436093.348545193206519, 8334744.918316601775587 ], [ 3436113.71638250304386, 8334770.757002591155469 ], [ 3436135.761589407455176, 8334795.180256365798414 ], [ 3436159.386066078674048, 8334818.079396008513868 ], [ 3436184.484684347640723, 8334839.352520703338087 ], [ 3436210.945756664033979, 8334858.904966467991471 ], [ 3436238.651532230898738, 8334876.649725755676627 ], [ 3436267.47872167499736, 8334892.507834977470338 ] ] } },
{ "type": "Feature", "properties": { }, "geometry": { "type": "LineString", "coordinates": [ [ 3427910.199635155964643, 8370064.374322316609323 ], [ 3427966.611096360720694, 8370068.855004203505814 ], [ 3428023.193489123135805, 8370069.728100402280688 ], [ 3428079.716339110862464, 8370066.990054844878614 ], [ 3428135.949414610397071, 8370060.652020215056837 ], [ 3428191.66366422129795, 8370050.739812611602247 ], [ 3428246.632149815093726, 8370037.293807267211378 ], [ 3428300.630970835220069, 8370020.368772982619703 ], [ 3428353.440176724921912, 8370000.033649682067335 ], [ 3428404.844662308227271, 8369976.371267317794263 ], [ 3428454.635044097434729, 8369949.478008984588087 ], [ 3428502.608513473998755, 8369919.463417529128492 ], [ 3428548.569662451278418, 8369886.449749945662916 ], [ 3428592.331279754173011, 8369850.571479081176221 ], [ 3428633.715113281738013, 8369811.974746226333082 ], [ 3428672.552596259862185, 8369770.81676541082561 ], [ 3428708.685534098185599, 8369727.265183580107987 ], [ 3428741.966748032253236, 8369681.497397341765463 ], [ 3428727.74652603873983, 8369679.426038539968431 ], [ 3428713.702131592668593, 8369676.382977303117514 ], [ 3428699.899882554542273, 8369672.382582425139844 ], [ 3428686.404953240882605, 8369667.443744181655347 ], [ 3428673.281067251693457, 8369661.589783429168165 ], [ 3428660.590195655357093, 8369654.848343132995069 ], [ 3428648.392264961730689, 8369647.251256464980543 ], [ 3428636.744874119292945, 8369638.834396838210523 ], [ 3428625.703022360336035, 8369629.63750886823982 ], [ 3428615.318849443923682, 8369619.704020260833204 ], [ 3428605.641389607917517, 8369609.080837487243116 ], [ 3428596.71634018374607, 8369597.818123339675367 ], [ 3428588.585845231544226, 8369585.969060420058668 ], [ 3428581.288297175895423, 8369573.589600323699415 ], [ 3428574.858155130874366, 8369560.738199233077466 ], [ 3428569.325782417785376, 8369547.475541352294385 ], [ 3428564.717303037177771, 8369533.864253520034254 ], [ 3428561.054478168021888, 8369519.968608378432691 ], [ 3428558.354603886138648, 8369505.854221343062818 ], [ 3428556.63042902899906, 8369491.587741135619581 ], [ 3428555.890095114242285, 8369477.236533879302442 ], [ 3428556.137098073493689, 8369462.868366717360914 ], [ 3428557.370271563064307, 8369448.551086186431348 ], [ 3428559.583792447578162, 8369434.352298735640943 ], [ 3428562.767208456527442, 8369420.339051245711744 ], [ 3428566.905487536918372, 8369406.577514885924757 ], [ 3428571.97908854437992, 8369393.132671593688428 ], [ 3428577.964053868781775, 8369380.068008183501661 ], [ 3428584.832122325431556, 8369367.44521617796272 ], [ 3428592.550862907897681, 8369355.323900937102735 ], [ 3428601.0838273759, 8369343.761299370788038 ], [ 3428610.390723108779639, 8369332.812010287307203 ], [ 3428620.427602648269385, 8369322.527736424468458 ], [ 3428631.147071837913245, 8369312.957040308974683 ], [ 3428642.498512863647193, 8369304.145115136168897 ], [ 3428654.428324102889746, 8369296.133570908568799 ], [ 3428666.880172848235816, 8369288.960237978957593 ], [ 3428679.7952611441724, 8369282.658989428542554 ], [ 3428693.112603663932532, 8369277.259579657576978 ], [ 3428706.76931583834812, 8369272.787504672072828 ], [ 3428720.700910210143775, 8369269.263881920836866 ], [ 3428734.841601609718055, 8369266.705349921248853 ], [ 3428749.12461745692417, 8369265.123990057967603 ], [ 3428763.482512950431556, 8369264.527269600890577 ], [ 3428777.847489952575415, 8369264.918006180785596 ], [ 3428792.151716827880591, 8369266.294354914687574 ], [ 3428806.327648520004004, 8369268.649816512130201 ], [ 3428820.308346151839942, 8369271.97326850797981 ], [ 3428834.027792572509497, 8369276.2490174761042 ], [ 3428847.421204328071326, 8369281.456873177550733 ], [ 3428860.425337433349341, 8369287.572244166396558 ], [ 3428872.978786110412329, 8369294.566253422759473 ], [ 3428885.022272824775428, 8369302.40587520506233 ], [ 3428896.498927831184119, 8369311.054090498946607 ], [ 3428907.354558348190039, 8369320.470062493346632 ], [ 3428917.537903666030616, 8369330.609328507445753 ], [ 3428927.00087797595188, 8369341.424010991118848 ], [ 3428935.698796987067908, 8369352.863042592070997 ], [ 3428943.590588807594031, 8369364.872408150695264 ], [ 3428950.638988255988806, 8369377.395399331115186 ], [ 3428956.810712778009474, 8369390.372881706804037 ], [ 3428962.076619184110314, 8369403.743576086126268 ], [ 3428966.411841982975602, 8369417.444345634430647 ], [ 3429015.248520675115287, 8369536.563189649023116 ], [ 3429058.020251903217286, 8369657.99176612123847 ], [ 3429094.618344664108008, 8369781.421502589248121 ], [ 3429124.949796318542212, 8369906.53874063398689 ], [ 3429148.937528881710023, 8370033.025533821433783 ], [ 3429166.520585241727531, 8370160.560455703176558 ], [ 3429177.654283348470926, 8370288.819416266866028 ], [ 3429225.336418208666146, 8370446.359616722911596 ], [ 3429282.631015586666763, 8370600.663958217017353 ], [ 3429349.320527910720557, 8370751.146547554992139 ], [ 3429425.151735066901892, 8370897.236001967452466 ], [ 3429509.836706041824073, 8371038.377620219253004 ], [ 3429603.053892015945166, 8371174.035487412475049 ], [ 3429704.449347185902297, 8371303.694510842673481 ], [ 3429813.638073262758553, 8371426.862375225871801 ], [ 3429930.205480712465942, 8371543.071411874145269 ], [ 3429930.205480712465942, 8371543.071411874145269 ], [ 3430141.447922077961266, 8372084.380167872644961 ], [ 3430161.989967636298388, 8372163.736766062676907 ], [ 3430176.957926656585187, 8372244.330844736658037 ], [ 3430186.279176830779761, 8372325.771373032592237 ], [ 3430189.908492445480078, 8372407.66321253683418 ], [ 3430187.828264832030982, 8372489.609035967849195 ], [ 3430180.048586844932288, 8372571.211253403685987 ], [ 3430166.607204436790198, 8372652.073943137191236 ], [ 3430147.569333195220679, 8372731.804769991897047 ], [ 3430123.027342319022864, 8372810.016891955398023 ], [ 3430093.100306152831763, 8372886.330834387801588 ], [ 3430057.93342614127323, 8372960.376332997344434 ], [ 3430017.697327374946326, 8373031.794129609130323 ], [ 3429972.587229370605201, 8373100.237715004943311 ], [ 3429922.822000145446509, 8373165.375010489486158 ], [ 3429868.643093585502356, 8373226.88997936155647 ], [ 3429810.31337809516117, 8373284.484159707091749 ], [ 3429748.11586096463725, 8373337.878112173639238 ], [ 3429682.352316073607653, 8373386.81277772039175 ], [ 3429613.341818664688617, 8373431.05073157697916 ] ] } },
{ "type": "Feature", "properties": { }, "geometry": { "type": "LineString", "coordinates": [ [ 3415413.888963135425001, 8374236.412539286538959 ], [ 3415344.576906029134989, 8374264.48633914347738 ], [ 3415273.467423117719591, 8374287.632417811080813 ], [ 3415200.910361408721656, 8374305.736900328658521 ], [ 3415127.262689232360572, 8374318.710715531371534 ], [ 3415052.886740803252906, 8374326.490034340880811 ], [ 3414978.148433446418494, 8374329.036584137938917 ], [ 3414903.415467023383826, 8374326.337836264632642 ], [ 3414829.055515288840979, 8374318.407068013213575 ], [ 3414755.434416770469397, 8374305.283297299407423 ], [ 3414682.914374947082251, 8374287.031090973876417 ], [ 3414611.852176188956946, 8374263.74024701025337 ], [ 3414542.597434639465064, 8374235.525352477096021 ], [ 3414475.490872144233435, 8374202.525219677947462 ], [ 3414410.862641691695899, 8374164.902203797362745 ], [ 3414349.030703186523169, 8374122.841403721831739 ], [ 3414290.299259662162513, 8374076.549751757644117 ], [ 3414234.957259773742408, 8374026.254995106719434 ], [ 3414183.27697718096897, 8373972.204575060866773 ], [ 3414135.512669920455664, 8373914.664411305449903 ], [ 3414091.899330496322364, 8373853.91759133245796 ], [ 3414052.65152911003679, 8373790.262979401275516 ], [ 3414017.96235865727067, 8373724.013745835982263 ], [ 3413988.002483919262886, 8373655.495825530961156 ], [ 3413964.493630412500352, 8373631.225549023598433 ], [ 3413939.34790686937049, 8373608.655545110814273 ], [ 3413912.68799591017887, 8373587.895929574035108 ], [ 3413884.643967628013343, 8373569.047985791228712 ], [ 3413855.352645515929908, 8373552.203670500777662 ], [ 3413824.956938266288489, 8373537.445165394805372 ], [ 3413793.605142354499549, 8373524.844475029967725 ], [ 3413761.450219511520118, 8373514.463076352141798 ], [ 3413728.649049281608313, 8373506.351619481109083 ], [ 3413695.361664533149451, 8373500.549678563140333 ], [ 3413661.750470041763037, 8373497.085560797713697 ], [ 3413627.979450702201575, 8373495.976167439483106 ], [ 3413594.213370918761939, 8373497.226910590194166 ], [ 3413560.616971134673804, 8373500.83168816473335 ], [ 3413527.354163884650916, 8373506.772913216613233 ], [ 3413494.587234138976783, 8373515.021599053405225 ], [ 3413462.476047515403479, 8373525.53750133421272 ], [ 3413431.177270531188697, 8373538.269314288161695 ], [ 3413400.843605994712561, 8373553.154921053908765 ], [ 3413371.623047708999366, 8373570.121696948073804 ], [ 3413343.658159255515784, 8373589.086862801574171 ], [ 3413317.085377811919898, 8373609.95789027120918 ], [ 3413292.034348368179053, 8373632.632951973937452 ], [ 3413268.627291917335242, 8373657.001419543288648 ], [ 3413246.978408455383033, 8373682.944402216933668 ], [ 3413227.193320035468787, 8373710.335327147506177 ], [ 3413209.368555664550513, 8373739.040558098815382 ], [ 3413193.59108006907627, 8373768.920045374892652 ], [ 3413179.937869548331946, 8373799.828011034987867 ], [ 3413168.475536345969886, 8373831.613659142516553 ], [ 3413159.260003685485572, 8373864.121911286376417 ], [ 3413152.336233138572425, 8373897.194164036773145 ], [ 3413147.73800480319187, 8373930.669062136672437 ], [ 3413145.48775291396305, 8373964.383285759948194 ], [ 3413145.596456050407141, 8373998.172347306273878 ], [ 3413148.063583850394934, 8374031.871394633315504 ], [ 3413152.877099555451423, 8374065.316013927571476 ], [ 3413160.013518694322556, 8374098.343033354729414 ], [ 3413169.438023628201336, 8374130.791318603791296 ] ] } },
{ "type": "Feature", "properties": { }, "geometry": { "type": "LineString", "coordinates": [ [ 3416813.370137180667371, 8418280.461563970893621 ], [ 3417111.03350569633767, 8418247.031329544261098 ], [ 3417408.816570999100804, 8418214.684652104973793 ], [ 3417706.715389012824744, 8418183.421960828825831 ], [ 3418004.726013540755957, 8418153.243669984862208 ], [ 3418302.84449708648026, 8418124.150178208947182 ], [ 3418601.066891211550683, 8418096.141872318461537 ], [ 3418899.389245663769543, 8418069.219122605398297 ], [ 3418950.994154733605683, 8418019.148821683600545 ], [ 3419005.63921716529876, 8417972.41533419676125 ], [ 3419063.109061240684241, 8417929.202850816771388 ], [ 3419123.177181243430823, 8417889.681684015318751 ], [ 3419185.606831907760352, 8417854.007597921416163 ], [ 3419250.151959776412696, 8417822.321194646880031 ], [ 3419316.558174041099846, 8417794.747359247878194 ], [ 3419384.563748640008271, 8417771.39476809091866 ], [ 3419453.900654247961938, 8417752.355460558086634 ], [ 3419455.002446623519063, 8417692.785794600844383 ], [ 3419460.055513897445053, 8417633.420607076957822 ], [ 3419469.037572264205664, 8417574.521696565672755 ], [ 3419481.909010886680335, 8417516.348806856200099 ], [ 3419498.613066911231726, 8417459.158479211851954 ], [ 3419519.076075791846961, 8417403.202922819182277 ], [ 3419543.207795857917517, 8417348.728900430724025 ], [ 3419570.901806592475623, 8417295.976641653105617 ], [ 3419602.035977839957923, 8417245.178783414885402 ], [ 3419636.473008393775672, 8417196.55934333615005 ], [ 3419674.061031341087073, 8417150.332732198759913 ], [ 3419714.634284138213843, 8417106.702808855101466 ], [ 3419758.013839363586158, 8417065.861981390044093 ], [ 3419804.008393883239478, 8417027.990355966612697 ], [ 3419852.415112057235092, 8416993.254946695640683 ], [ 3419903.020521374419332, 8416961.808935984969139 ], [ 3419955.601452490780503, 8416933.791000267490745 ], [ 3420144.175303448457271, 8416820.643276870250702 ], [ 3420330.376338695641607, 8416703.631828987970948 ], [ 3420514.125405311118811, 8416582.806397436186671 ], [ 3420695.344392537605017, 8416458.218343256041408 ], [ 3420873.956265424843878, 8416329.920629227533937 ], [ 3421049.885096896905452, 8416197.967794120311737 ], [ 3421223.056100683286786, 8416062.415929634124041 ], [ 3421351.066946906968951, 8415961.153558861464262 ], [ 3421485.068159820977598, 8415867.962789699435234 ], [ 3421624.551540493499488, 8415783.197048185393214 ], [ 3421768.988098978530616, 8415707.177806852385402 ], [ 3421917.830060484353453, 8415640.193368598818779 ], [ 3422070.512942833825946, 8415582.497771393507719 ], [ 3422226.457697168923914, 8415534.309826221317053 ], [ 3422267.704997488763183, 8415508.514119673520327 ], [ 3422307.13270871900022, 8415480.01475409977138 ], [ 3422344.563901423942298, 8415448.939618108794093 ], [ 3422379.830605506431311, 8415415.42816018871963 ], [ 3422412.774563908111304, 8415379.63075971417129 ], [ 3422443.247942566405982, 8415341.708055971190333 ], [ 3422471.113994359504431, 8415301.830224988982081 ], [ 3422496.247671842109412, 8415260.17621516995132 ], [ 3422518.536189436446875, 8415216.932947156950831 ], [ 3422537.879528760444373, 8415172.294471738860011 ], [ 3422554.190887808334082, 8415126.461101530119777 ], [ 3422567.39707040740177, 8415079.638510702177882 ], [ 3422577.438814520370215, 8415032.036813257262111 ], [ 3422584.271058678161353, 8414983.869617937132716 ], [ 3422587.863143562804908, 8414935.353072164580226 ], [ 3422588.198949694167823, 8414886.704891679808497 ], [ 3422585.276970317587256, 8414838.143380923196673 ], [ 3422579.110317775513977, 8414789.886457491666079 ], [ 3422569.726664387620986, 8414742.150671100243926 ], [ 3422531.018853757996112, 8414571.150374930351973 ], [ 3422497.624466274864972, 8414399.033523300662637 ], [ 3422469.575527190696448, 8414225.965176580473781 ], [ 3422446.898935555946082, 8414052.111306665465236 ], [ 3422429.616438125260174, 8413877.638641098514199 ], [ 3422417.744609091896564, 8413702.714498560875654 ], [ 3422411.294833363499492, 8413527.506633250042796 ], [ 3422411.294833363499492, 8413527.506633250042796 ], [ 3422437.700138534419239, 8412999.400529837235808 ] ] } },
{ "type": "Feature", "properties": { }, "geometry": { "type": "LineString", "coordinates": [ [ 3427296.276289938483387, 8403889.570245953276753 ], [ 3427053.096258485224098, 8404056.894367855042219 ], [ 3426807.929020478390157, 8404221.293014347553253 ], [ 3426560.809767961036414, 8404382.742587087675929 ], [ 3426311.773972868453711, 8404541.219911096617579 ], [ 3426060.857382371090353, 8404696.702238380908966 ], [ 3425808.096013629343361, 8404849.167250793427229 ], [ 3425553.526148673612624, 8404998.593063121661544 ], [ 3425465.784500807523727, 8405048.674425126984715 ], [ 3425381.755666107870638, 8405104.762700337916613 ], [ 3425301.850192069541663, 8405166.583852289244533 ], [ 3425226.45848, 8405233.835836408659816 ], [ 3425155.948877810966223, 8405306.190073488280177 ], [ 3425090.665880560409278, 8405383.293056009337306 ], [ 3425030.928447484504431, 8405464.768074987456203 ], [ 3424977.028442859183997, 8405550.217060564085841 ], [ 3424929.229210853110999, 8405639.222526548430324 ], [ 3424887.764288544189185, 8405731.349611757323146 ], [ 3424852.836264848243445, 8405826.148202417418361 ], [ 3424824.615790485870093, 8405923.155132291838527 ], [ 3424803.240745067130774, 8406021.896446226164699 ], [ 3424788.815562366973609, 8406121.889714716002345 ], [ 3424781.410720796324313, 8406222.646391171962023 ], [ 3424781.062399, 8406323.674200536683202 ], [ 3424787.772298723924905, 8406424.479542339220643 ], [ 3424710.316792181693017, 8406633.710256578400731 ], [ 3424634.779001914896071, 8406843.640934705734253 ], [ 3424561.165252327453345, 8407054.253999708220363 ], [ 3424489.481706857215613, 8407265.531818388029933 ], [ 3424419.73436697665602, 8407477.456700563430786 ], [ 3424351.929072550497949, 8407690.010903837159276 ], [ 3424286.071500481106341, 8407903.176631895825267 ] ] } },
{ "type": "Feature", "properties": { }, "geometry": { "type": "LineString", "coordinates": [ [ 3375172.203883022535592, 8407434.482465112581849 ], [ 3375168.476284321863204, 8407380.810980213806033 ], [ 3375165.361977170221508, 8407327.100418984889984 ], [ 3375162.86136770201847, 8407273.357789037749171 ], [ 3375160.974782228004187, 8407219.590102670714259 ], [ 3375159.702466796152294, 8407165.804375112056732 ], [ 3375159.044587668497115, 8407112.00762308947742 ], [ 3375159.00123043730855, 8407058.20686643011868 ], [ 3375163.522098550572991, 8406922.333934308961034 ], [ 3375173.493021984118968, 8406786.751957200467587 ], [ 3375188.89793038321659, 8406651.67945527844131 ], [ 3375209.711995005141944, 8406517.334129331633449 ], [ 3375235.901669282931834, 8406383.932506822049618 ], [ 3375267.424742707982659, 8406251.689594747498631 ], [ 3375304.230408875737339, 8406120.818532871082425 ], [ 3375400.62634166283533, 8405978.194307073950768 ], [ 3375493.581421968061477, 8405833.30400818400085 ], [ 3375583.042404293548316, 8405686.230631349608302 ], [ 3375668.95804452849552, 8405537.058421133086085 ], [ 3375751.279129382688552, 8405385.87282389216125 ], [ 3375829.958504400681704, 8405232.76044200360775 ], [ 3375904.951101508922875, 8405077.808978628367186 ], [ 3375966.130591636989266, 8404976.789587391540408 ], [ 3376022.214758674614131, 8404872.854926833882928 ], [ 3376073.065034865867347, 8404766.261790273711085 ], [ 3376118.555783748161048, 8404657.273537633940578 ], [ 3376158.574610869400203, 8404546.159447917714715 ], [ 3376193.022641068790108, 8404433.194052113220096 ], [ 3376221.8147635567002, 8404318.656454972922802 ] ] } },
{ "type": "Feature", "properties": { }, "geometry": { "type": "LineString", "coordinates": [ [ 3373673.70281458646059, 8412134.626785492524505 ], [ 3373665.1274294978939, 8412045.161105323582888 ], [ 3373652.108548956923187, 8411956.233303867280483 ], [ 3373634.678461789619178, 8411868.063937662169337 ], [ 3373612.880397796165198, 8411780.871681211516261 ], [ 3373586.768419819884002, 8411694.872787319123745 ], [ 3373556.407290113624185, 8411610.28054778650403 ], [ 3373521.872309855185449, 8411527.30476656742394 ] ] } },
{ "type": "Feature", "properties": { }, "geometry": { "type": "LineString", "coordinates": [ [ 3373805.729340440127999, 8410108.019613642245531 ], [ 3373826.373199836350977, 8410024.622509328648448 ], [ 3373850.264034363441169, 8409942.096913084387779 ], [ 3373877.365261435043067, 8409860.569190977141261 ], [ 3373907.635383009444922, 8409780.164180753752589 ], [ 3373941.028048607520759, 8409701.004999861121178 ], [ 3373977.492126480676234, 8409623.212860433384776 ], [ 3374016.971781805157661, 8409546.906878765672445 ], [ 3374064.120781873818487, 8409504.187943050637841 ], [ 3374108.621310919523239, 8409458.71664928086102 ], [ 3374150.312976598273963, 8409410.656888006255031 ], [ 3374189.045510887634009, 8409360.181879995390773 ], [ 3374224.679310798179358, 8409307.473550794646144 ], [ 3374257.0859425063245, 8409252.721876142546535 ], [ 3374286.148603409528732, 8409196.124195801094174 ], [ 3374311.762543772812933, 8409137.884503433480859 ], [ 3374333.835443853400648, 8409078.212711986154318 ] ] } },
{ "type": "Feature", "properties": { }, "geometry": { "type": "LineString", "coordinates": [ [ 3374444.407659256830812, 8402244.18966749869287 ], [ 3374449.335722708608955, 8402250.910115823149681 ], [ 3374454.713938689325005, 8402257.276043185964227 ], [ 3374460.516881823074073, 8402263.257355211302638 ], [ 3374466.717118978034705, 8402268.825774667784572 ], [ 3374473.28533899737522, 8402273.954977987334132 ], [ 3374480.190490841399878, 8402278.620716569945216 ], [ 3374487.399930715095252, 8402282.800933359190822 ], [ 3374494.879576563369483, 8402286.475866792723536 ], [ 3374502.594068407546729, 8402289.628144262358546 ], [ 3374510.506936788093299, 8402292.24286269955337 ], [ 3374518.580773710738868, 8402294.307661531493068 ], [ 3374526.777410625945777, 8402295.81277990154922 ], [ 3374535.058098315726966, 8402296.751101968809962 ], [ 3374543.383690356742591, 8402297.118191717192531 ], [ 3374551.714827894698828, 8402296.912314413115382 ], [ 3374560.012125849258155, 8402296.134442804381251 ], [ 3374568.236359238158911, 8402294.788254259154201 ], [ 3374576.34864830924198, 8402292.880112646147609 ], [ 3374584.310642718803138, 8402290.419039247557521 ], [ 3374592.084702610503882, 8402287.416668413206935 ], [ 3374599.634076356422156, 8402283.887193201109767 ], [ 3374606.923074721824378, 8402279.847300050780177 ], [ 3374613.917239427100867, 8402275.316086290404201 ], [ 3374620.583505868446082, 8402270.314973352476954 ], [ 3374626.890359520446509, 8402264.867603776976466 ], [ 3374632.807985186111182, 8402258.999729631468654 ], [ 3374638.30840754462406, 8402252.739091394469142 ], [ 3374643.365623592864722, 8402246.115285871550441 ], [ 3374647.955725646112114, 8402239.159625777974725 ], [ 3374652.057014131452888, 8402231.90499459207058 ], [ 3374655.650100622326136, 8402224.385688621550798 ], [ 3374677.073431176599115, 8402181.342808706685901 ], [ 3374698.585829966701567, 8402138.344374943524599 ], [ 3374720.187204718124121, 8402095.390571592375636 ], [ 3374741.877462744247168, 8402052.481583116576076 ], [ 3374763.656511181034148, 8402009.617592621594667 ], [ 3374785.524256629403681, 8401966.798784716054797 ], [ 3374807.480605353601277, 8401924.025342304259539 ] ] } },
{ "type": "Feature", "properties": { }, "geometry": { "type": "LineString", "coordinates": [ [ 3375055.03034132765606, 8400435.426263306289911 ], [ 3375043.581198632717133, 8400481.637583466246724 ], [ 3375035.140160984359682, 8400528.491802893579006 ], [ 3375029.742466210853308, 8400575.793323991820216 ], [ 3375027.410647630225867, 8400623.344681261107326 ], [ 3375028.154439687263221, 8400670.94736766628921 ], [ 3375031.970737099181861, 8400718.40266084484756 ], [ 3375038.843608564697206, 8400765.512454234063625 ], [ 3375048.744362652301788, 8400812.080082627013326 ], [ 3375061.631667620502412, 8400857.91114603728056 ] ] } },
{ "type": "Feature", "properties": { }, "geometry": { "type": "LineString", "coordinates": [ [ 3374678.754742645658553, 8401207.781439548358321 ], [ 3374678.402049689088017, 8401164.8729761056602 ], [ 3374680.764335529413074, 8401122.028136909008026 ], [ 3374685.832137822639197, 8401079.418537614867091 ], [ 3374693.585157632362098, 8401037.214848993346095 ], [ 3374703.992340087424964, 8400995.58611917309463 ], [ 3374717.01199960662052, 8400954.699090478941798 ], [ 3374732.591985599603504, 8400914.717536628246307 ], [ 3374750.669893054757267, 8400875.801603119820356 ], [ 3374771.173310743179172, 8400838.107167158275843 ] ] } },
{ "type": "Feature", "properties": { }, "geometry": { "type": "LineString", "coordinates": [ [ 3376438.008199640084058, 8398997.98746307939291 ], [ 3376464.066166662145406, 8398978.966020844876766 ], [ 3376491.326590892858803, 8398961.711972484365106 ], [ 3376519.669790267478675, 8398946.30106925778091 ], [ 3376548.971329450141639, 8398932.800968645140529 ], [ 3376579.10256528807804, 8398921.270941255614161 ], [ 3376609.931212305556983, 8398911.761607645079494 ], [ 3376641.32192301703617, 8398904.314715860411525 ], [ 3376673.136882185470313, 8398898.962961195036769 ], [ 3376705.236412164755166, 8398895.72983861900866 ], [ 3376737.47958590881899, 8398894.62954356521368 ], [ 3376769.724845846649259, 8398895.666905542835593 ], [ 3376834.113099994603544, 8398889.211988143622875 ], [ 3376898.604461537208408, 8398883.88493325561285 ], [ 3376963.179175734054297, 8398879.687373159453273 ], [ 3377027.81746220542118, 8398876.6205935459584 ], [ 3377092.499521241988987, 8398874.685532830655575 ], [ 3377157.205539646092802, 8398873.88278453797102 ], [ 3377221.915696894284338, 8398874.212595092132688 ], [ 3377260.003692214377224, 8398875.666430180892348 ], [ 3377298.11899290047586, 8398875.847754685208201 ], [ 3377336.219096540939063, 8398874.756367204710841 ], [ 3377374.261517643462867, 8398872.393483636900783 ], [ 3377412.203835105523467, 8398868.761739460751414 ], [ 3377450.003739540465176, 8398863.865184968337417 ], [ 3377487.619080174248666, 8398857.709279360249639 ] ] } },
{ "type": "Feature", "properties": { }, "geometry": { "type": "LineString", "coordinates": [ [ 3377355.59255432151258, 8398367.560802126303315 ], [ 3377363.203341204673052, 8398332.099019641056657 ], [ 3377373.25656929332763, 8398297.250853696838021 ], [ 3377385.703770517837256, 8398263.184312341734767 ], [ 3377400.484934925567359, 8398230.063634870573878 ], [ 3377417.52880024863407, 8398198.048501966521144 ], [ 3377436.753195404540747, 8398167.293262956663966 ], [ 3377458.065436601173133, 8398137.946194170042872 ], [ 3377481.362774371635169, 8398110.148781774565578 ], [ 3377506.532888769637793, 8398084.035041807219386 ], [ 3377533.454430579673499, 8398059.730871675536036 ], [ 3377561.997607111465186, 8398037.353446958586574 ], [ 3377592.024807333480567, 8398017.010651109740138 ], [ 3377623.391265391837806, 8397998.800560949370265 ], [ 3377655.945759057532996, 8397982.810969827696681 ], [ 3377689.531337856780738, 8397969.118965623900294 ], [ 3377723.986080765258521, 8397957.790559766814113 ], [ 3377759.143875983543694, 8397948.880368391051888 ], [ 3377794.83522279933095, 8397942.431348914280534 ], [ 3377830.888047393411398, 8397938.474593102931976 ], [ 3377899.364786354824901, 8397933.183094820007682 ], [ 3377968.033131503034383, 8397931.870805967599154 ], [ 3378036.662044643890113, 8397934.542141912505031 ], [ 3378105.020619749557227, 8397941.188114641234279 ], [ 3378172.878860496450216, 8397951.786362875252962 ], [ 3378240.008454648777843, 8397966.301229318603873 ], [ 3378306.183540465775877, 8397984.683877151459455 ] ] } },
{ "type": "Feature", "properties": { }, "geometry": { "type": "LineString", "coordinates": [ [ 3371711.458574090152979, 8403767.445709530264139 ], [ 3371744.606262349989265, 8403729.359337421134114 ], [ 3371779.033421207219362, 8403692.425454376265407 ], [ 3371814.700006842147559, 8403656.687020776793361 ], [ 3371851.564533113967627, 8403622.185605047270656 ], [ 3371889.584121037274599, 8403588.961337802931666 ], [ 3371928.71454801550135, 8403557.052864642813802 ], [ 3371968.910299504175782, 8403526.497299848124385 ], [ 3372027.46712049189955, 8403493.598198425024748 ], [ 3372084.205485540442169, 8403457.653657138347626 ], [ 3372138.967156648170203, 8403418.763921735808253 ], [ 3372191.599407910834998, 8403377.037452219054103 ], [ 3372241.955452757887542, 8403332.590620219707489 ], [ 3372289.894852721132338, 8403285.547383796423674 ], [ 3372335.283908747136593, 8403236.038942970335484 ], [ 3372382.062287876848131, 8403192.936721060425043 ], [ 3372431.526160536333919, 8403152.944927031174302 ], [ 3372483.469082355033606, 8403116.23047256283462 ], [ 3372537.674261807929724, 8403082.946590421721339 ], [ 3372593.915465889498591, 8403053.232195669785142 ], [ 3372651.957964012864977, 8403027.21130583062768 ], [ 3372711.559507429599762, 8403004.992522725835443 ], [ 3372836.219401074573398, 8402917.266320314258337 ], [ 3372954.232751993928105, 8402820.784069873392582 ], [ 3373064.985800265800208, 8402716.04755306057632 ], [ 3373167.90254509402439, 8402603.601480005308986 ], [ 3373262.447740106377751, 8402484.030656673014164 ], [ 3373348.129678083583713, 8402357.956943120807409 ], [ 3373424.50274703791365, 8402226.036020191386342 ], [ 3373436.537620812188834, 8402198.432938391342759 ], [ 3373450.436681082006544, 8402171.719936482608318 ], [ 3373466.134516119491309, 8402146.022732732817531 ], [ 3373483.557248591911048, 8402121.462262151762843 ], [ 3373502.622883677016944, 8402098.154111383482814 ], [ 3373523.241694569122046, 8402076.207973478361964 ], [ 3373545.316645144950598, 8402055.727131841704249 ], [ 3373568.743846177589148, 8402036.807972906157374 ], [ 3373593.413044571410865, 8402019.539534090086818 ], [ 3373619.208142041694373, 8402004.003084180876613 ], [ 3373646.007741570007056, 8401990.271740911528468 ], [ 3373673.68571901274845, 8401978.410126684233546 ], [ 3373702.11181616736576, 8401968.474064825102687 ], [ 3373731.152254104148597, 8401960.510315893217921 ], [ 3373760.670362641569227, 8401954.556359402835369 ], [ 3373790.527223497163504, 8401950.64021616615355 ], [ 3373820.582324597984552, 8401948.780315900221467 ] ] } },
{ "type": "Feature", "properties": { }, "geometry": { "type": "LineString", "coordinates": [ [ 3359396.684375112876296, 8437097.542161213234067 ], [ 3359499.647274453192949, 8437150.023266369476914 ], [ 3359602.871915640775114, 8437201.987662989646196 ], [ 3359706.355705737601966, 8437253.434045312926173 ], [ 3359810.09604513598606, 8437304.361121175810695 ], [ 3359914.090327801648527, 8437354.767610747367144 ], [ 3360018.335941392928362, 8437404.652248436585069 ], [ 3360122.830267306417227, 8437454.013781016692519 ], [ 3360161.240147650241852, 8437569.731774862855673 ], [ 3360204.59933500783518, 8437683.687704849988222 ], [ 3360252.827327608596534, 8437795.669997690245509 ], [ 3360305.834584354888648, 8437905.470743654295802 ], [ 3360363.522690468002111, 8438012.886084366589785 ], [ 3360425.784541189670563, 8438117.716590460389853 ], [ 3360492.504539696034044, 8438219.767630966380239 ] ] } },
{ "type": "Feature", "properties": { }, "geometry": { "type": "LineString", "coordinates": [ [ 3346765.046514091547579, 8438506.925324698910117 ], [ 3346789.405644713435322, 8438472.619982151314616 ], [ 3346815.514872100669891, 8438439.627073030918837 ], [ 3346843.303617119323462, 8438408.035785673186183 ], [ 3346872.696760296355933, 8438377.931518075987697 ], [ 3346903.614845064003021, 8438349.395649176090956 ], [ 3346935.974293051753193, 8438322.505318073555827 ], [ 3346969.687629164196551, 8438297.333214906975627 ], [ 3346995.431584635283798, 8438288.436478367075324 ], [ 3347021.722784364130348, 8438281.317772176116705 ], [ 3347048.438583731185645, 8438276.010303972288966 ], [ 3347075.454357623588294, 8438272.538831232115626 ], [ 3347102.644081592094153, 8438270.91954898647964 ], [ 3347129.880919456016272, 8438271.160010812804103 ], [ 3347157.037815570365638, 8438273.259094236418605 ], [ 3347183.98808717681095, 8438277.207008359953761 ], [ 3347210.60601508570835, 8438282.985336301848292 ], [ 3347236.767430781852454, 8438290.567122934386134 ], [ 3347262.350295269396156, 8438299.917000081390142 ], [ 3347287.235268035437912, 8438310.99135278724134 ], [ 3347311.306264809798449, 8438323.738520078361034 ] ] } },
{ "type": "Feature", "properties": { }, "geometry": { "type": "LineString", "coordinates": [ [ 3311129.436854691710323, 8446717.324901210144162 ], [ 3311180.792535999789834, 8446645.266541695222259 ], [ 3311229.879605751484632, 8446571.644040351733565 ], [ 3311276.650460600387305, 8446496.528793809935451 ], [ 3311321.059743403922766, 8446419.993646619841456 ], [ 3311363.064387422055006, 8446342.11282086931169 ], [ 3311402.623657682910562, 8446262.961842751130462 ], [ 3311439.699190447106957, 8446182.617471504956484 ], [ 3311464.796565058175474, 8446155.153916604816914 ], [ 3311491.757259404752403, 8446129.517106734216213 ], [ 3311520.448645352851599, 8446105.833157537505031 ], [ 3311550.729580401908606, 8446084.218578336760402 ], [ 3311582.451102971564978, 8446064.779697893187404 ], [ 3311615.457164644729346, 8446047.612142561003566 ], [ 3311649.585398077499121, 8446032.800364969298244 ], [ 3311684.66791522456333, 8446020.417228696867824 ], [ 3311720.532134055625647, 8446010.52365112118423 ], [ 3311757.001626729499549, 8446003.168301580473781 ], [ 3311793.89698815299198, 8445998.387363431975245 ], [ 3311831.036718248855323, 8445996.204355714842677 ], [ 3311868.238114356528968, 8445996.630017278715968 ], [ 3311905.318171143066138, 8445999.66225385479629 ], [ 3311942.09447959670797, 8446005.286149226129055 ], [ 3311978.386125209275633, 8446013.474037893116474 ], [ 3312014.014577909372747, 8446024.185640480369329 ], [ 3312029.250063002109528, 8445999.449417782947421 ], [ 3312046.145222363993526, 8445975.815664071589708 ], [ 3312064.620585798751563, 8445953.395546911284328 ], [ 3312084.589249729644507, 8445932.294523237273097 ], [ 3312105.957287072669715, 8445912.611848352476954 ], [ 3312128.624188065063208, 8445894.440103052183986 ], [ 3312152.483333706390113, 8445877.86476325802505 ], [ 3312177.422496914397925, 8445862.963794706389308 ], [ 3312203.324370264541358, 8445849.807287691161036 ], [ 3312230.067118286620826, 8445838.457126615568995 ], [ 3312257.524950027000159, 8445828.96670007519424 ], [ 3312285.568711280357093, 8445821.380648611113429 ], [ 3312314.066491484176368, 8445815.734654424712062 ], [ 3312342.884244560729712, 8445812.055275438353419 ], [ 3312371.886419354006648, 8445810.359817761927843 ], [ 3312400.936597406864166, 8445810.656257344409823 ], [ 3312429.898134347517043, 8445812.943199114874005 ] ] } },
{ "type": "Feature", "properties": { }, "geometry": { "type": "LineString", "coordinates": [ [ 3312726.957817517686635, 8445106.601285800337791 ], [ 3312720.215628836769611, 8445072.142816673964262 ], [ 3312715.87983216997236, 8445037.299681376665831 ], [ 3312713.971313714515418, 8445002.239721773192286 ], [ 3312714.499266623985022, 8444967.131824491545558 ], [ 3312717.461147903930396, 8444932.14510583691299 ], [ 3312722.842689871322364, 8444897.44810008816421 ], [ 3312730.617969393264502, 8444863.207944868132472 ], [ 3312740.749532222282141, 8444829.589577196165919 ], [ 3312753.188574075233191, 8444796.754939077422023 ], [ 3312767.875175117980689, 8444764.862197397276759 ], [ 3312784.738588928710669, 8444734.064981935545802 ], [ 3312803.697583436500281, 8444704.511644838377833 ], [ 3312824.660831711255014, 8444676.344546508044004 ], [ 3312847.527352545876056, 8444649.699369560927153 ], [ 3312872.186995956581086, 8444624.704466436058283 ] ] } },
{ "type": "Feature", "properties": { }, "geometry": { "type": "LineString", "coordinates": [ [ 3291662.125617610756308, 8444169.212952246889472 ], [ 3291820.481969765387475, 8444255.777755614370108 ], [ 3291984.804008917417377, 8444330.399915965273976 ], [ 3292154.19260537577793, 8444392.671120164915919 ], [ 3292327.720906018745154, 8444442.250634191557765 ], [ 3292504.439406828489155, 8444478.867172511294484 ], [ 3292683.381147555075586, 8444502.320377703756094 ], [ 3292863.567002876661718, 8444512.481919465586543 ], [ 3293065.52792556816712, 8444523.286328269168735 ], [ 3293267.444475883152336, 8444534.890475451946259 ], [ 3293469.313487052451819, 8444547.294180391356349 ], [ 3293671.131792783271521, 8444560.497247217223048 ], [ 3293872.89622794976458, 8444574.499468505382538 ], [ 3294074.603628116194159, 8444589.300626708194613 ], [ 3294276.250829507596791, 8444604.900487562641501 ], [ 3294397.590991541277617, 8444568.122423462569714 ], [ 3294517.916797465644777, 8444528.1504160836339 ], [ 3294637.144191860686988, 8444485.012389181181788 ], [ 3294755.189886331092566, 8444438.738476751372218 ], [ 3294871.971418208442628, 8444389.361004538834095 ], [ 3294987.407207890879363, 8444336.914466194808483 ], [ 3295101.416616091039032, 8444281.435499221086502 ], [ 3295113.934420439880341, 8444253.438537461683154 ], [ 3295128.369718877598643, 8444226.380313593894243 ], [ 3295144.652554511558264, 8444200.391959665343165 ], [ 3295162.704016685020179, 8444175.599420068785548 ], [ 3295182.43662381125614, 8444152.122846124693751 ], [ 3295203.754746794234961, 8444130.07601117901504 ], [ 3295226.555072783958167, 8444109.565759180113673 ], [ 3295250.727105974685401, 8444090.691487787291408 ], [ 3295276.153702854644507, 8444073.544666765257716 ], [ 3295302.711639880668372, 8444058.208393095061183 ], [ 3295330.272210835944861, 8444044.756990430876613 ], [ 3295358.701850652229041, 8444033.255647657439113 ], [ 3295387.862782239448279, 8444023.760103223845363 ], [ 3295417.613684772979468, 8444016.316374300047755 ], [ 3295447.810378193389624, 8444010.960535047575831 ], [ 3295478.306521892081946, 8444007.71854162029922 ], [ 3295508.954324213787913, 8444006.606105048209429 ], [ 3295539.605258557479829, 8444007.628616673871875 ], [ 3295570.110782870557159, 8444010.781121222302318 ] ] } },
{ "type": "Feature", "properties": { }, "geometry": { "type": "LineString", "coordinates": [ [ 3303798.664006682578474, 8443839.146637614816427 ], [ 3303844.177266554441303, 8443909.865034492686391 ], [ 3303887.473613560199738, 8443981.962016297504306 ], [ 3303928.511326908599585, 8444055.36810970120132 ], [ 3303967.250861882697791, 8444130.01257991604507 ], [ 3304003.654888689517975, 8444205.823497487232089 ], [ 3304037.68832798441872, 8444282.727811248973012 ], [ 3304069.318384682293981, 8444360.651414735242724 ], [ 3304096.977658778429031, 8444404.976424414664507 ], [ 3304127.517612498253584, 8444447.368088511750102 ], [ 3304160.803587436210364, 8444487.63949060253799 ], [ 3304196.688816904556006, 8444525.613063810393214 ], [ 3304235.015073656570166, 8444561.121372221037745 ], [ 3304275.613367199432105, 8444594.007851598784328 ], [ 3304318.304689168464392, 8444624.12749576382339 ], [ 3304362.900802254211158, 8444651.347499845549464 ], [ 3304409.205070852767676, 8444675.547843931242824 ], [ 3304457.013327240478247, 8444696.621822355315089 ], [ 3304506.114772360771894, 8444714.47651412896812 ], [ 3304556.292905241250992, 8444729.033193785697222 ], [ 3304607.326477534603328, 8444740.227676564827561 ] ] } },
{ "type": "Feature", "properties": { }, "geometry": { "type": "LineString", "coordinates": [ [ 3316598.635688165668398, 8459807.754939580336213 ], [ 3316684.183701941743493, 8459726.670866379514337 ], [ 3316763.713972811587155, 8459639.676466649398208 ], [ 3316836.819234251510352, 8459547.217230318114161 ], [ 3316903.125120639335364, 8459449.766632555052638 ], [ 3316962.292086243163794, 8459347.823708532378078 ], [ 3317014.01714253379032, 8459241.910498140379786 ], [ 3317058.035410403739661, 8459132.569372652098536 ], [ 3317094.121476530563086, 8459020.360258100554347 ], [ 3317122.090547566302121, 8458905.857765858992934 ], [ 3317141.799396703019738, 8458789.64825333096087 ], [ 3317153.147096749860793, 8458672.326817240566015 ], [ 3317054.714383129961789, 8458490.941092969849706 ], [ 3316961.318131876178086, 8458306.911421531811357 ], [ 3316873.029297828208655, 8458120.377613542601466 ], [ 3316789.914956211578101, 8457931.481382368132472 ], [ 3316712.038250756449997, 8457740.366236919537187 ], [ 3316639.458346013911068, 8457547.177372457459569 ], [ 3316572.230382995214313, 8457352.061558706685901 ], [ 3316546.169610091485083, 8457279.626053303480148 ], [ 3316515.525029821321368, 8457209.00752804428339 ], [ 3316480.422367214690894, 8457140.495708940550685 ], [ 3316441.005636691581458, 8457074.371675966307521 ], [ 3316397.43655216647312, 8457010.906715391203761 ], [ 3316349.893863439094275, 8456950.361202238127589 ], [ 3316298.572622537147254, 8456892.983536241576076 ], [ 3316243.68338370276615, 8456839.009118078276515 ], [ 3316185.451339482795447, 8456788.659387109801173 ], [ 3316124.115396737586707, 8456742.140912530943751 ], [ 3316059.927196979057044, 8456699.644543645903468 ], [ 3315993.150083064567298, 8456661.344629285857081 ], [ 3315924.058019800111651, 8456627.398301340639591 ], [ 3315852.934469171799719, 8456597.944831341505051 ], [ 3315780.071227874606848, 8456573.1050561722368 ], [ 3315694.625049044378102, 8456402.018930930644274 ], [ 3315617.885910182725638, 8456226.854390949010849 ], [ 3315550.047793864738196, 8456048.054219244047999 ], [ 3315491.282181977760047, 8455866.070388792082667 ], [ 3315441.737623244058341, 8455681.362921565771103 ], [ 3315401.539357234723866, 8455494.398724097758532 ], [ 3315370.788997729308903, 8455305.650407981127501 ], [ 3315344.794564858078957, 8455278.51797297783196 ], [ 3315316.963390341028571, 8455253.273066755384207 ], [ 3315287.432204722892493, 8455230.039715288206935 ], [ 3315256.346091269981116, 8455208.932059762999415 ], [ 3315223.857772230636328, 8455190.053800104185939 ], [ 3315190.126858353149146, 8455173.497683046385646 ], [ 3315155.319065570365638, 8455159.345046518370509 ], [ 3315119.605400204192847, 8455147.665420053526759 ], [ 3315083.161318897735327, 8455138.516185281798244 ], [ 3315046.165866851340979, 8455131.942290304228663 ], [ 3315008.800798177253455, 8455127.976032255217433 ], [ 3314971.249682545196265, 8455126.636896608397365 ], [ 3314933.697004079353064, 8455127.931462762877345 ], [ 3314896.32725417567417, 8455131.853370664641261 ], [ 3314859.324025868903846, 8455138.383352277800441 ], [ 3314822.869111299049109, 8455147.489326475188136 ], [ 3314787.141608833801001, 8455159.126556871458888 ], [ 3314752.317043303977698, 8455173.2378711681813 ], [ 3314718.566503285896033, 8455189.753942487761378 ], [ 3314686.055800914298743, 8455208.593629358336329 ], [ 3314654.944657325278968, 8455229.664374826475978 ], [ 3314625.385917663108557, 8455252.862660882994533 ], [ 3314597.524800061713904, 8455278.074516771361232 ], [ 3314571.498182892333716, 8455305.176080701872706 ], [ 3314547.433931707870215, 8455334.034205911681056 ], [ 3314525.450270890723914, 8455364.507115362212062 ], [ 3314505.655203571543097, 8455396.44510006532073 ], [ 3314488.145980253815651, 8455429.691252263262868 ], [ 3314473.008621926419437, 8455464.08223900385201 ] ] } },
{ "type": "Feature", "properties": { }, "geometry": { "type": "LineString", "coordinates": [ [ 3309290.967482181731611, 8452216.229703009128571 ], [ 3309572.509700091555715, 8452206.192886210978031 ], [ 3309854.230197761207819, 8452206.758033506572247 ], [ 3310135.729881047736853, 8452217.924345014616847 ], [ 3310416.609968661796302, 8452239.676001546904445 ], [ 3310696.472557161003351, 8452271.982188932597637 ], [ 3310974.921184213832021, 8452314.797142364084721 ], [ 3311251.561391104478389, 8452368.060207739472389 ] ] } },
{ "type": "Feature", "properties": { }, "geometry": { "type": "LineString", "coordinates": [ [ 3322166.854416030924767, 8453747.737402904778719 ], [ 3322085.671815948095173, 8453850.520968925207853 ], [ 3322001.567131496034563, 8453950.927532915025949 ], [ 3321914.609924435149878, 8454048.874050138518214 ], [ 3321824.872115969192237, 8454144.279509542509913 ], [ 3321732.427926636300981, 8454237.065003160387278 ], [ 3321637.353815869893879, 8454327.153790008276701 ], [ 3321539.728418227285147, 8454414.471358465030789 ] ] } },
{ "type": "Feature", "properties": { }, "geometry": { "type": "LineString", "coordinates": [ [ 3318844.736959245521575, 8455553.20014395006001 ], [ 3318826.03901855321601, 8455554.129964269697666 ], [ 3318807.447686715517193, 8455556.329949168488383 ], [ 3318789.049146413337439, 8455559.789900777861476 ], [ 3318770.928686141502112, 8455564.493779180571437 ], [ 3318753.170305728446692, 8455570.419779298827052 ], [ 3318735.856326460372657, 8455577.54043054394424 ], [ 3318719.067009448539466, 8455585.822723863646388 ], [ 3318702.880183696281165, 8455595.228266237303615 ], [ 3318687.370885490905493, 8455605.713456628844142 ], [ 3318672.611009835731238, 8455617.229689596220851 ], [ 3318658.668978333007544, 8455629.723580358549953 ], [ 3318645.609420775901526, 8455643.137212274596095 ], [ 3318633.492876648437232, 8455657.408403871580958 ], [ 3318622.375513672363013, 8455672.470999239012599 ], [ 3318612.308867692481726, 8455688.255174634978175 ], [ 3318603.339604138862342, 8455704.687760351225734 ], [ 3318595.50930094672367, 8455721.692580221220851 ], [ 3318588.854256629478186, 8455739.190806863829494 ], [ 3318583.405321359168738, 8455757.10132503323257 ], [ 3318579.187754630576819, 8455775.341107843443751 ], [ 3318576.221107244025916, 8455793.825603006407619 ], [ 3318574.519131659995764, 8455812.46912288479507 ], [ 3318574.089717506896704, 8455831.185242651030421 ], [ 3318574.934855341445655, 8455849.887202737852931 ], [ 3318577.050627588760108, 8455868.488306043669581 ], [ 3318580.427226066123694, 8455886.902326105162501 ], [ 3318585.048998474609107, 8455905.043901918455958 ], [ 3318590.894519567023963, 8455922.828936098143458 ], [ 3318597.936692118179053, 8455940.174983499571681 ], [ 3318606.142870902549475, 8455957.001634119078517 ], [ 3318615.475015282165259, 8455973.230886934325099 ], [ 3318625.889864921104163, 8455988.787508009001613 ], [ 3318637.3391402955167, 8456003.599382875487208 ], [ 3318649.76976704550907, 8456017.597849844023585 ], [ 3318663.12412130786106, 8456030.71801614575088 ], [ 3318677.34029722167179, 8456042.899062631651759 ], [ 3318692.352393984328955, 8456054.084522245451808 ], [ 3318708.090821027290076, 8456064.222543237730861 ], [ 3318724.48262087861076, 8456073.266128806397319 ], [ 3318741.45180730195716, 8456081.173357404768467 ], [ 3318758.919717440847307, 8456087.907573655247688 ], [ 3318817.852427321020514, 8456101.889459382742643 ], [ 3318877.53683097474277, 8456112.201072938740253 ], [ 3318937.74457538081333, 8456118.802962301298976 ], [ 3318998.245304822456092, 8456121.669867990538478 ], [ 3319058.807543038856238, 8456120.790821550413966 ], [ 3319119.199578165542334, 8456116.169186113402247 ], [ 3319179.190349578391761, 8456107.82264375500381 ], [ 3319238.550331949722022, 8456095.783129213377833 ], [ 3319297.052413224708289, 8456080.09670495800674 ], [ 3319354.472764014732093, 8456060.823388097807765 ], [ 3319410.591693116351962, 8456038.03691840916872 ], [ 3319465.194489198271185, 8456011.824476968497038 ], [ 3319518.072241097688675, 8455982.286352973431349 ], [ 3319573.746131113730371, 8455949.691423781216145 ], [ 3319631.386234301608056, 8455920.715054662898183 ], [ 3319690.757670521270484, 8455895.475324152037501 ], [ 3319751.618504166137427, 8455874.075081346556544 ], [ 3319813.720730423461646, 8455856.601531503722072 ], [ 3319876.811286329757422, 8455843.125878809019923 ], [ 3319940.633080958854407, 8455833.703035829588771 ], [ 3320004.926044106017798, 8455828.371399400755763 ], [ 3320069.428185242693871, 8455827.152696283534169 ], [ 3320133.87666170950979, 8455830.051893122494221 ], [ 3320198.008849242702127, 8455837.057174533605576 ] ] } },
{ "type": "Feature", "properties": { }, "geometry": { "type": "LineString", "coordinates": [ [ 3320673.304342315066606, 8456332.15664648450911 ], [ 3320735.294084928464144, 8456300.180599145591259 ], [ 3320796.76484855171293, 8456267.217877248302102 ], [ 3320857.700929522048682, 8456233.276901720091701 ], [ 3320918.086761235725135, 8456198.366343019530177 ], [ 3320977.906917533837259, 8456162.495118955150247 ], [ 3321037.146116397809237, 8456125.6723937317729 ], [ 3321095.789225045591593, 8456087.907573655247688 ], [ 3321123.614485882222652, 8456032.781542515382171 ], [ 3321155.186034146696329, 8455979.712136944755912 ], [ 3321190.352646231185645, 8455928.953553674742579 ], [ 3321228.945878266822547, 8455880.748918054625392 ], [ 3321270.780873894225806, 8455835.329124925658107 ], [ 3321315.657248615752906, 8455792.911729810759425 ], [ 3321363.360050558578223, 8455753.699905870482326 ], [ 3321413.660789250861853, 8455717.881473062559962 ], [ 3321466.31853062286973, 8455685.627996644005179 ], [ 3321521.081050775945187, 8455657.093967651948333 ], [ 3321577.686044410336763, 8455632.416059462353587 ] ] } },
{ "type": "Feature", "properties": { }, "geometry": { "type": "LineString", "coordinates": [ [ 3377055.232207994908094, 8437326.938249891623855 ], [ 3377144.122604507487267, 8437177.639070531353354 ], [ 3377234.198696441017091, 8437029.052243936806917 ], [ 3377325.45477533293888, 8436881.187185762450099 ], [ 3377417.885058044921607, 8436734.05326652340591 ], [ 3377511.483687228523195, 8436587.659809816628695 ], [ 3377606.244731086771935, 8436442.01609375141561 ], [ 3377702.162184676621109, 8436297.131348235532641 ], [ 3377772.217634823173285, 8436252.89164418913424 ], [ 3377845.216388538014144, 8436213.698538998141885 ], [ 3377920.795508622657508, 8436179.746895311400294 ], [ 3377998.579228400718421, 8436151.205513952299953 ], [ 3378078.180820583831519, 8436128.216297624632716 ], [ 3378159.204519390594214, 8436110.893545625731349 ], [ 3378241.247489094268531, 8436099.323383329436183 ], [ 3378323.901825785171241, 8436093.563335416838527 ], [ 3378406.75658619357273, 8436093.642040250822902 ], [ 3378489.399830579292029, 8436099.559106348082423 ], [ 3378571.420670821797103, 8436111.285114506259561 ], [ 3378652.411313321441412, 8436128.761766145005822 ], [ 3378731.969086332712322, 8436151.902169797569513 ], [ 3378760.988802757114172, 8436185.837287425994873 ], [ 3378787.628120178822428, 8436221.671390289440751 ], [ 3378811.763144850265235, 8436259.237821577116847 ], [ 3378833.281629800330848, 8436298.361867425963283 ], [ 3378852.083497285377234, 8436338.861569879576564 ], [ 3378868.08130371524021, 8436380.548574445769191 ], [ 3378881.200646757613868, 8436423.229003427550197 ], [ 3378891.380511044990271, 8436466.704358575865626 ], [ 3378898.57355236960575, 8436510.772445676848292 ], [ 3378902.746317147742957, 8436555.228313444182277 ], [ 3378903.879398941528052, 8436599.865207193419337 ], [ 3378901.967527985107154, 8436644.475530145689845 ], [ 3378897.019595980178565, 8436688.851809022948146 ], [ 3378889.05861461116001, 8436732.787659166380763 ], [ 3378878.121608852874488, 8436776.078744409605861 ], [ 3378864.259444355498999, 8436818.523726938292384 ], [ 3378847.536591052543372, 8436859.925204275175929 ], [ 3378828.030823468696326, 8436900.090626714751124 ], [ 3378805.832858681213111, 8436938.833194253966212 ], [ 3378781.045934795867652, 8436975.972722528502345 ], [ 3378753.78533040964976, 8437011.336483234539628 ], [ 3378724.177828993648291, 8437044.760007858276367 ], [ 3378692.361128577031195, 8437076.087850771844387 ], [ 3378667.776970915030688, 8437107.552126370370388 ], [ 3378645.449225701391697, 8437140.655800068750978 ], [ 3378625.486830591689795, 8437175.23735904507339 ], [ 3378607.98718237830326, 8437211.128078458830714 ], [ 3378593.035662292968482, 8437248.152846811339259 ], [ 3378580.705219268333167, 8437286.131019590422511 ], [ 3378571.056013822089881, 8437324.877300260588527 ], [ 3378564.135124563705176, 8437364.202644823119044 ], [ 3378559.976318716537207, 8437403.915184019133449 ], [ 3378558.599887251388282, 8437443.821159360930324 ], [ 3378560.012545704375952, 8437483.725868700072169 ], [ 3378564.207401752006263, 8437523.434615610167384 ], [ 3378571.163988470565528, 8437562.753661153838038 ], [ 3378580.848364710342139, 8437601.491166112944484 ], [ 3378593.213280081283301, 8437639.458129404112697 ], [ 3378608.198405861388892, 8437676.469309328123927 ], [ 3378625.730629205238074, 8437712.344127176329494 ], [ 3378645.724410175811499, 8437746.907549379393458 ], [ 3378668.082198380958289, 8437779.990940092131495 ], [ 3378692.694909929763526, 8437811.432884691283107 ], [ 3378719.442458509933203, 8437841.079976556822658 ], [ 3378748.194342493545264, 8437868.787567613646388 ], [ 3378778.810280560981482, 8437894.420471666380763 ], [ 3378811.140897035133094, 8437917.853624818846583 ], [ 3378845.028449811041355, 8437938.972696030512452 ], [ 3378880.307600907515734, 8437957.674646340310574 ], [ 3378916.806222527753562, 8437973.868226574733853 ] ] } },
{ "type": "Feature", "properties": { }, "geometry": { "type": "LineString", "coordinates": [ [ 3379458.114978526253253, 8437907.854963647201657 ], [ 3379500.357991739641875, 8437758.359581278637052 ], [ 3379550.82391012692824, 8437611.436021074652672 ], [ 3379609.357508539687842, 8437467.536197183653712 ], [ 3379675.778746246825904, 8437327.102723119780421 ], [ 3379749.883322010282427, 8437190.567550405859947 ], [ 3379831.44330160273239, 8437058.350640581920743 ], [ 3379920.20781901339069, 8436930.858672332018614 ], [ 3379928.79269146034494, 8436918.506642244756222 ], [ 3379938.211722179781646, 8436906.778277220204473 ], [ 3379948.419755339156836, 8436895.729804990813136 ], [ 3379959.367852329742163, 8436885.414192674681544 ], [ 3379971.003526567947119, 8436875.88089513592422 ], [ 3379983.270995378028601, 8436867.1756153088063 ], [ 3379996.11144709540531, 8436859.340088365599513 ], [ 3380009.46332275820896, 8436852.411878107115626 ], [ 3380023.262612103950232, 8436846.424199102446437 ], [ 3380037.443159698974341, 8436841.405757902190089 ], [ 3380051.93698215438053, 8436837.380612371489406 ], [ 3380066.674594282638282, 8436834.368060110136867 ], [ 3380081.585342406760901, 8436832.382544038817286 ], [ 3380096.597742437850684, 8436831.433582304045558 ], [ 3380111.63982319785282, 8436831.525724409148097 ], [ 3380126.639471053611487, 8436832.658529279753566 ], [ 3380141.524775981437415, 8436834.826565263792872 ], [ 3380156.224376081954688, 8436838.019438741728663 ], [ 3380170.667799472343177, 8436842.221843240782619 ], [ 3380184.785802959930152, 8436847.413631437346339 ], [ 3380198.510702847968787, 8436853.569913385435939 ], [ 3380211.776700376998633, 8436860.661174772307277 ], [ 3380224.520196794997901, 8436868.653419969603419 ], [ 3380236.680098294746131, 8436877.508332727476954 ], [ 3380248.198108791839331, 8436887.183461664244533 ], [ 3380259.019009589683264, 8436897.632422922179103 ], [ 3380269.090923904906958, 8436908.805122850462794 ], [ 3380278.365565895568579, 8436920.64799833111465 ], [ 3380286.798471569549292, 8436933.10427331738174 ], [ 3380294.349212884437293, 8436946.114230630919337 ], [ 3380300.981590389739722, 8436959.615499017760158 ], [ 3380306.663807868491858, 8436973.54335212521255 ], [ 3380311.368623971473426, 8436987.831017492339015 ], [ 3380315.07348322821781, 8437002.409998891875148 ], [ 3380317.760624289046973, 8437017.210402963683009 ], [ 3380319.41716444445774, 8437032.161274431273341 ], [ 3380320.035162090789527, 8437047.190937040373683 ], [ 3380319.611654519569129, 8437062.227337358519435 ], [ 3380318.148672103416175, 8437077.198388097807765 ], [ 3380315.653228520881385, 8437092.032317159697413 ], [ 3380312.137287139426917, 8437106.65800809673965 ], [ 3380307.617704033385962, 8437121.005343912169337 ], [ 3380302.116146444808692, 8437135.00554227642715 ], [ 3380295.658989548217505, 8437148.591483591124415 ], [ 3380288.277189731132239, 8437161.698036191985011 ], [ 3380280.006136178504676, 8437174.26236486248672 ], [ 3380270.885481401812285, 8437186.224234880879521 ], [ 3380260.958950987551361, 8437197.526300333440304 ], [ 3380250.274133646860719, 8437208.114376625046134 ], [ 3380249.81037431396544, 8437293.246366363018751 ], [ 3380247.612389208283275, 8437378.351240189746022 ], [ 3380243.681091188918799, 8437463.393674848601222 ], [ 3380238.018111466895789, 8437548.338371274992824 ], [ 3380230.625800610985607, 8437633.150070698931813 ], [ 3380221.507227236405015, 8437717.793572764843702 ], [ 3380210.66617589071393, 8437802.233742965385318 ], [ 3380215.167609104886651, 8437847.39696179702878 ], [ 3380222.659260226879269, 8437892.161394845694304 ], [ 3380233.108033298980445, 8437936.329283712431788 ], [ 3380246.467768311034888, 8437979.705507276579738 ], [ 3380262.679445504676551, 8438022.098440645262599 ], [ 3380281.671446203719825, 8438063.320803163573146 ], [ 3380303.359868645202368, 8438103.190485475584865 ], [ 3380327.648899554740638, 8438141.53135490231216 ], [ 3380354.431236147414893, 8438178.174030778929591 ], [ 3380383.588561534415931, 8438212.956636426970363 ], [ 3380414.992066502105445, 8438245.725511072203517 ], [ 3380448.503018617164344, 8438276.335890768095851 ], [ 3380483.973375677596778, 8438304.652547357603908 ], [ 3380521.246439098846167, 8438330.550385473296046 ], [ 3380560.157546638976783, 8438353.914994714781642 ], [ 3380600.534799336921424, 8438374.643157480284572 ], [ 3380642.199821471702307, 8438392.643301961943507 ], [ 3380684.968548178207129, 8438407.835907934233546 ], [ 3380728.652038647327572, 8438420.153858911246061 ], [ 3380773.05731094814837, 8438429.542738068848848 ], [ 3380817.988194816280156, 8438435.961067060008645 ], [ 3380817.988194816280156, 8438435.961067060008645 ], [ 3381293.283687888178974, 8438647.203508425503969 ], [ 3381414.835404941346496, 8438710.290733773261309 ], [ 3381532.869362262543291, 8438779.737135380506516 ], [ 3381647.053175329696387, 8438855.347152708098292 ], [ 3381757.065301060210913, 8438936.907866476103663 ], [ 3381862.595944193657488, 8439024.189601391553879 ], [ 3381963.347929307725281, 8439116.946570832282305 ], [ 3382059.037537837866694, 8439214.917569596320391 ], [ 3382128.672772735357285, 8439285.731354421004653 ], [ 3382193.48709513572976, 8439360.982677210122347 ], [ 3382253.198392152320594, 8439440.343997476622462 ], [ 3382307.546761631499976, 8439523.469882486388087 ], [ 3382356.295644878875464, 8439609.998516080901027 ], [ 3382399.232855796348304, 8439699.553269861266017 ], [ 3382436.171503901015967, 8439791.744344709441066 ], [ 3382466.950808763038367, 8439886.170466421172023 ], [ 3382491.436799067538232, 8439982.420631635934114 ], [ 3382509.522896498441696, 8440080.075898354873061 ], [ 3382521.130378324538469, 8440178.711208324879408 ], [ 3382521.130378324538469, 8440178.711208324879408 ], [ 3382521.130378324538469, 8440178.711208324879408 ], [ 3382520.73666056105867, 8440222.311761759221554 ], [ 3382519.213823565281928, 8440265.887491723522544 ], [ 3382516.562889337074012, 8440309.40916251949966 ], [ 3382512.78563618613407, 8440352.847574708983302 ], [ 3382507.884598144330084, 8440396.173583528026938 ], [ 3382501.863064012024552, 8440439.358123205602169 ], [ 3382494.725073154084384, 8440482.37221778742969 ] ] } },
{ "type": "Feature", "properties": { }, "geometry": { "type": "LineString", "coordinates": [ [ 3383920.611552371177822, 8437551.38334384188056 ], [ 3384036.102514167781919, 8437417.162307046353817 ], [ 3384150.209453333169222, 8437281.762692648917437 ], [ 3384262.920343160163611, 8437145.198772428557277 ], [ 3384374.223304271232337, 8437007.484939096495509 ], [ 3384484.106605757027864, 8436868.635707575827837 ], [ 3384592.558666010852903, 8436728.665712140500546 ], [ 3384699.568054906092584, 8436587.589705111458898 ] ] } },
{ "type": "Feature", "properties": { }, "geometry": { "type": "LineString", "coordinates": [ [ 3393096.455099180340767, 8431669.601617075502872 ], [ 3393055.104092146735638, 8431657.63851854391396 ], [ 3393013.015559715684503, 8431648.606522802263498 ], [ 3392970.39699625922367, 8431642.550158021971583 ], [ 3392927.458509325515479, 8431639.499281404539943 ], [ 3392884.411783694755286, 8431639.468933103606105 ], [ 3392841.469037651550025, 8431642.459263799712062 ], [ 3392798.841977118980139, 8431648.455530164763331 ], [ 3392756.740751266013831, 8431657.428171632811427 ], [ 3392715.372917413245887, 8431669.33295345120132 ], [ 3392674.94241690589115, 8431684.111185548827052 ], [ 3392635.648570179473609, 8431701.690011499449611 ], [ 3392597.685094356071204, 8431721.982769010588527 ], [ 3392561.239147305022925, 8431744.889415739104152 ], [ 3392526.490406035911292, 8431770.297022817656398 ], [ 3392493.610180139075965, 8431798.080331323668361 ], [ 3392462.760567664634436, 8431828.102372167631984 ], [ 3392434.093655585777014, 8431860.21513700298965 ], [ 3392407.750770687591285, 8431894.260311601683497 ], [ 3392383.861781997140497, 8431930.070054773241282 ], [ 3392362.544461275916547, 8431967.467827053740621 ], [ 3392343.90390181588009, 8432006.269258 ], [ 3392310.614761764649302, 8432083.645292513072491 ], [ 3392282.335565982852131, 8432162.989508373662829 ], [ 3392259.181792497169226, 8432243.977904794737697 ], [ 3392241.247989534866065, 8432326.27976512722671 ], [ 3392228.60738980723545, 8432409.559010980650783 ], [ 3392221.311610936652869, 8432493.475571630522609 ], [ 3392219.390445290599018, 8432577.686773998662829 ], [ 3392222.851738030556589, 8432661.848742716014385 ], [ 3392231.681354840751737, 8432745.617802780121565 ] ] } },
{ "type": "Feature", "properties": { }, "geometry": { "type": "LineString", "coordinates": [ [ 3375979.216022288426757, 8435868.045139212161303 ], [ 3376048.105053133796901, 8435703.575397351756692 ], [ 3376117.293273729272187, 8435539.231292992830276 ], [ 3376186.780454873573035, 8435375.013370035216212 ], [ 3376256.566366552840918, 8435210.922172544524074 ], [ 3376326.650777381844819, 8435046.958243638277054 ], [ 3376397.033455557655543, 8434883.12212691642344 ], [ 3376467.714167946018279, 8434719.414364287629724 ], [ 3376475.56108026066795, 8434683.306811371818185 ], [ 3376480.827810810413212, 8434646.733720982447267 ], [ 3376483.487842797767371, 8434609.879229066893458 ], [ 3376483.52778387023136, 8434572.928886411711574 ], [ 3376480.947432755958289, 8434536.06872939877212 ], [ 3376475.759780883323401, 8434499.484338758513331 ], [ 3376467.990946769248694, 8434463.359906194731593 ], [ 3376457.680044292937964, 8434427.877309320494533 ], [ 3376444.878986119758338, 8434393.215193269774318 ], [ 3376429.652222036849707, 8434359.548071859404445 ], [ 3376412.076414703857154, 8434327.045450685545802 ], [ 3376392.24005365325138, 8434295.870971200987697 ], [ 3376370.243009447585791, 8434266.181588647887111 ], [ 3376346.196031450759619, 8434238.126780984923244 ], [ 3376320.220189451705664, 8434211.847796438261867 ], [ 3376292.446264981757849, 8434187.476942537352443 ], [ 3376263.014092087280005, 8434165.136920450255275 ], [ 3376232.07185387564823, 8434144.940205572172999 ], [ 3376199.775336145889014, 8434126.988483427092433 ], [ 3376166.287143110763282, 8434111.372135637328029 ], [ 3376131.775878786575049, 8434098.169785974547267 ], [ 3376096.415298103820533, 8434087.447905538603663 ], [ 3376060.383431791793555, 8434079.260476110503078 ], [ 3376023.861690759193152, 8434073.648718355223536 ], [ 3375987.033952043857425, 8434070.640886032953858 ], [ 3375950.085633321199566, 8434070.252123394981027 ], [ 3375913.202759361825883, 8434072.48438760638237 ], [ 3375860.582004416268319, 8434043.388099091127515 ], [ 3375806.065162572078407, 8434018.02174649387598 ], [ 3375749.916221737395972, 8433996.508162496611476 ], [ 3375692.407072543632239, 8433978.951522348448634 ], [ 3375633.816192388068885, 8433965.436840055510402 ], [ 3375574.427296757232398, 8433956.029559133574367 ], [ 3375514.527965306770056, 8433950.775231836363673 ], [ 3375454.408249377738684, 8433949.699301240965724 ], [ 3375394.359267591964453, 8433952.806977747008204 ], [ 3375334.671795963775367, 8433960.083212850615382 ], [ 3375275.634859832935035, 8433971.492772914469242 ], [ 3375217.534335005562752, 8433986.980408566072583 ], [ 3375160.651561997830868, 8434006.471124678850174 ] ] } },
{ "type": "Feature", "properties": { }, "geometry": { "type": "LineString", "coordinates": [ [ 3373893.196913806721568, 8439393.153379499912262 ], [ 3373903.850589011795819, 8439401.358745601028204 ], [ 3373915.039381974842399, 8439408.817950781434774 ], [ 3373926.71112549258396, 8439415.496217248961329 ], [ 3373938.811400413047522, 8439421.36240672878921 ], [ 3373951.283789753448218, 8439426.389168737456203 ], [ 3373964.070141434203833, 8439430.553066251799464 ], [ 3373977.11083960486576, 8439433.834684846922755 ], [ 3373990.345082520972937, 8439436.218725202605128 ], [ 3374003.711165904533118, 8439437.694070814177394 ], [ 3374017.146771072875708, 8439438.253843305632472 ], [ 3374030.589254974853247, 8439437.895432470366359 ], [ 3374043.975942611228675, 8439436.620510099455714 ], [ 3374057.24441885901615, 8439434.435019491240382 ], [ 3374070.332820176612586, 8439431.349151132628322 ], [ 3374083.18012225581333, 8439427.377292631193995 ], [ 3374095.726425170432776, 8439422.53796243481338 ], [ 3374107.913232087623328, 8439416.85372400097549 ], [ 3374119.683722614776343, 8439410.351079938933253 ], [ 3374130.983017324935645, 8439403.060348032042384 ], [ 3374141.758433579932898, 8439395.015521047636867 ], [ 3374151.959731453564018, 8439386.254108007997274 ], [ 3374161.539347861893475, 8439376.81695893034339 ], [ 3374170.452618098817766, 8439366.748074328526855 ], [ 3374211.593173772096634, 8439235.72502464056015 ], [ 3374251.599011153914034, 8439104.351063024252653 ], [ 3374290.467137813102454, 8438972.636016367003322 ], [ 3374328.194646238815039, 8438840.589736459776759 ], [ 3374364.778714508749545, 8438708.222101461142302 ], [ 3374400.216605931520462, 8438575.543012082576752 ], [ 3374434.50566980522126, 8438442.562393354251981 ] ] } },
{ "type": "Feature", "properties": { }, "geometry": { "type": "LineString", "coordinates": [ [ 3388564.64459926309064, 8434626.99579619243741 ], [ 3388614.834278387483209, 8434601.115761918947101 ], [ 3388665.632954817730933, 8434576.452539637684822 ], [ 3388717.011132955085486, 8434553.020449159666896 ], [ 3388768.938981174957007, 8434530.833095548674464 ], [ 3388821.386348348576576, 8434509.903361991047859 ], [ 3388874.322781962808222, 8434490.243401212617755 ], [ 3388927.717545359861106, 8434471.864628314971924 ] ] } },
{ "type": "Feature", "properties": { }, "geometry": { "type": "LineString", "coordinates": [ [ 3390145.662246356718242, 8432613.591276928782463 ], [ 3390174.900744327809662, 8432574.771514024585485 ], [ 3390206.772950362879783, 8432538.083283670246601 ], [ 3390241.123949288856238, 8432503.704909322783351 ], [ 3390277.786778091918677, 8432471.803486822172999 ], [ 3390316.583236646372825, 8432442.534073121845722 ], [ 3390357.324754962231964, 8432416.038932885974646 ], [ 3390399.8133086245507, 8432392.446846123784781 ], [ 3390413.907463082112372, 8432387.339060064405203 ], [ 3390428.329766457900405, 8432383.248603112995625 ], [ 3390443.006890058051795, 8432380.196273325011134 ], [ 3390457.864209293853492, 8432378.197589395567775 ], [ 3390472.826183676254004, 8432377.262713907286525 ], [ 3390487.816740750800818, 8432377.396399496123195 ], [ 3390502.759662389289588, 8432378.597967622801661 ], [ 3390517.578972816001624, 8432380.861307619139552 ], [ 3390532.199324845802039, 8432384.174912927672267 ], [ 3390546.546382665168494, 8432388.521935461089015 ], [ 3390560.547200202476233, 8432393.880272863432765 ], [ 3390574.130591511260718, 8432400.222681997343898 ], [ 3390587.22749352408573, 8432407.516914365813136 ], [ 3390599.771316170226783, 8432415.72588443569839 ], [ 3390611.69828164530918, 8432424.807853696867824 ], [ 3390622.947748660575598, 8432434.716646192595363 ], [ 3390633.462520122062415, 8432445.401881216093898 ], [ 3390643.189135074149817, 8432456.809231279417872 ], [ 3390652.078139370307326, 8432468.880696065723896 ], [ 3390660.084337600506842, 8432481.554900880903006 ], [ 3390667.167023477610201, 8432494.767403660342097 ] ] } },
{ "type": "Feature", "properties": { }, "geometry": { "type": "LineString", "coordinates": [ [ 3359670.639416249003261, 8447172.816415404900908 ], [ 3359627.337360446341336, 8447206.639936905354261 ], [ 3359581.848213297780603, 8447237.45934802107513 ], [ 3359534.380022286903113, 8447265.133695123717189 ], [ 3359485.149886488448828, 8447289.53640746884048 ], [ 3359434.382963060867041, 8447310.555877206847072 ], [ 3359382.311437725555152, 8447328.095970628783107 ], [ 3359329.173463224899024, 8447342.076467512175441 ], [ 3359275.212069272529334, 8447352.433426378294826 ], [ 3359220.674052118789405, 8447359.119479654356837 ], [ 3359165.808844685088843, 8447362.10404777340591 ], [ 3359110.867376684676856, 8447361.37348079495132 ], [ 3359056.100926637183875, 8447356.931120393797755 ], [ 3359001.75997221423313, 8447348.797283170744777 ], [ 3358948.093045472633094, 8447337.009170530363917 ], [ 3358895.345595597755164, 8447321.620695589110255 ], [ 3358843.758866428863257, 8447302.702238557860255 ], [ 3358793.568793296348304, 8447280.340324876829982 ], [ 3358745.004923700820655, 8447254.637228010222316 ], [ 3358698.289367794524878, 8447225.710502145811915 ], [ 3358653.635782002937049, 8447193.692446229979396 ], [ 3358611.248392700683326, 8447158.729496477171779 ], [ 3358571.321061133872718, 8447120.981558321043849 ], [ 3358534.036397695075721, 8447080.621274469420314 ], [ 3358499.564926146995276, 8447037.833235738798976 ], [ 3358468.0643041129224, 8446992.813135145232081 ], [ 3358439.678601622115821, 8446945.766875742003322 ], [ 3358414.537642597686499, 8446896.909626482054591 ], [ 3358392.756410836707801, 8446846.464838979765773 ], [ 3358374.434524297248572, 8446794.663226125761867 ], [ 3358359.655779122840613, 8446741.74170589260757 ], [ 3358348.4877670831047, 8446687.942317781969905 ], [ 3358340.981565658934414, 8446633.511117439717054 ], [ 3358337.171505129896104, 8446578.697049064561725 ], [ 3358364.795102523174137, 8446364.04369736276567 ], [ 3358380.716579517815262, 8446148.206650530919433 ], [ 3358384.888911365997046, 8445931.823389051482081 ], [ 3358377.29977524233982, 8445715.533006666228175 ], [ 3358357.971585592720658, 8445499.974324500188231 ], [ 3358326.961428926791996, 8445285.784000879153609 ], [ 3358284.360894788522273, 8445073.594654336571693 ], [ 3358209.531406464055181, 8445002.355995474383235 ], [ 3358129.903735121712089, 8444936.524143435060978 ], [ 3358045.867695092689246, 8444876.4213747959584 ], [ 3357957.834681510459632, 8444822.341920850798488 ], [ 3357866.235656737815589, 8444774.550525663420558 ], [ 3357771.519040345679969, 8444733.281149385496974 ], [ 3357674.148513912688941, 8444698.735826013609767 ], [ 3357574.600751161109656, 8444671.083669660612941 ], [ 3357473.36308443499729, 8444650.460050581023097 ], [ 3357370.931118845473975, 8444636.965931890532374 ], [ 3357267.806306242477149, 8444630.667372224852443 ], [ 3357164.49349021865055, 8444631.595206735655665 ], [ 3357061.49843486212194, 8444639.744893290102482 ], [ 3356959.325348438695073, 8444655.076535044237971 ], [ 3356858.474415571894497, 8444677.515076775103807 ], [ 3356760.288065866101533, 8444766.755326399579644 ], [ 3356668.798514638561755, 8444862.849256264045835 ], [ 3356584.482948660384864, 8444965.295665739104152 ], [ 3356507.781136512290686, 8445073.560218809172511 ], [ 3356439.093135952483863, 8445187.078234670683742 ], [ 3356378.777206182014197, 8445305.257632253691554 ], [ 3356327.147940158378333, 8445427.48201703839004 ], [ 3356284.474623083602637, 8445553.113897798582911 ], [ 3356250.979828357230872, 8445681.498009679839015 ], [ 3356226.83825647784397, 8445811.964732645079494 ], [ 3356212.175823841709644, 8445943.833585964515805 ], [ 3356207.069006041157991, 8446076.416773924604058 ], [ 3356211.544438890181482, 8446209.022776674479246 ], [ 3356023.314165060874075, 8446320.514092432335019 ], [ 3355832.219847628381103, 8446427.021891813725233 ], [ 3355638.393398165237159, 8446528.472653387114406 ], [ 3355441.968613981734961, 8446624.796345708891749 ], [ 3355243.08108634641394, 8446715.926476698368788 ], [ 3355041.868106191512197, 8446801.800140844658017 ], [ 3354838.468570015393198, 8446882.358058527112007 ], [ 3354822.18237180961296, 8446972.166040025651455 ], [ 3354799.547178831882775, 8447060.587541835382581 ], [ 3354770.677738785278052, 8447147.17431497387588 ], [ 3354735.720403551589698, 8447231.487413404509425 ], [ 3354694.852387308608741, 8447313.099416730925441 ], [ 3354648.280868052970618, 8447391.596598146483302 ], [ 3354596.241937398444861, 8447466.581020353361964 ], [ 3354538.999403595458716, 8447537.672554014250636 ], [ 3354476.843454360496253, 8447604.510805128142238 ], [ 3354410.089185714256018, 8447666.756941316649318 ], [ 3354339.075004338752478, 8447724.095409391447902 ], [ 3354264.160912394057959, 8447776.235535142943263 ], [ 3354185.726682630367577, 8447822.912996547296643 ], [ 3354104.169932677876204, 8447863.891166292130947 ], [ 3354019.904109724331647, 8447898.962307598441839 ] ] } },
{ "type": "Feature", "properties": { }, "geometry": { "type": "LineString", "coordinates": [ [ 3346217.136431790422648, 8451780.542167689651251 ], [ 3346385.959858629386872, 8451633.429468736052513 ], [ 3346556.383342871442437, 8451488.173379378393292 ], [ 3346728.386467933189124, 8451344.79130077175796 ], [ 3346901.948627709876746, 8451203.300409315153956 ], [ 3347077.049029478803277, 8451063.717656569555402 ], [ 3347253.666696402709931, 8450926.059764012694359 ], [ 3347431.780469641555101, 8450790.343223787844181 ], [ 3347625.278496189042926, 8450687.052015446126461 ], [ 3347819.687490914016962, 8450585.485767627134919 ], [ 3348014.992076754104346, 8450485.652513502165675 ], [ 3348211.176805972587317, 8450387.560148714110255 ], [ 3348408.226160977035761, 8450291.216432834044099 ], [ 3348606.124556107446551, 8450196.628985546529293 ], [ 3348804.856338516343385, 8450103.805289350450039 ], [ 3348882.898116276133806, 8450026.619052594527602 ], [ 3348962.657416145317256, 8449951.20891853608191 ], [ 3349044.093826770316809, 8449877.613095281645656 ], [ 3349127.16608703089878, 8449805.868870256468654 ], [ 3349211.832107226364315, 8449736.012594664469361 ], [ 3349298.048990056384355, 8449668.0796615537256 ], [ 3349385.773052271455526, 8449602.104491109028459 ], [ 3349478.215451810508966, 8449497.774254014715552 ], [ 3349577.892072943039238, 8449400.332133488729596 ], [ 3349684.291050552856177, 8449310.278521059080958 ], [ 3349796.865998029243201, 8449228.075864313170314 ], [ 3349915.038814186584204, 8449154.146295545622706 ], [ 3350038.202650665771216, 8449088.869462011381984 ], [ 3350165.725029587280005, 8449032.580577371641994 ], [ 3350296.951090096961707, 8448985.568699834868312 ], [ 3350431.206952598877251, 8448948.075247483327985 ], [ 3350567.803178641945124, 8448920.292758634313941 ], [ 3350706.03831080486998, 8448902.36390408501029 ] ] } },
{ "type": "Feature", "properties": { }, "geometry": { "type": "LineString", "coordinates": [ [ 3335760.635584203526378, 8456031.796300167217851 ], [ 3336060.622487806715071, 8455784.429101640358567 ], [ 3336365.155473081860691, 8455542.680608047172427 ], [ 3336674.129317402373999, 8455306.634348867461085 ], [ 3336987.437264203559607, 8455076.371881959959865 ], [ 3337304.971059052739292, 8454851.972768081352115 ], [ 3337626.620987677015364, 8454633.514541799202561 ], [ 3337952.275913369376212, 8454421.072684755548835 ], [ 3338103.841779100243002, 8454289.856293722987175 ], [ 3338262.901592353824526, 8454167.831999022513628 ], [ 3338428.898687242995948, 8454055.426851270720363 ], [ 3338601.252119302283973, 8453953.034237859770656 ], [ 3338779.358698486816138, 8453861.01250552944839 ], [ 3338962.59510028315708, 8453779.683704374358058 ], [ 3339150.320047358516604, 8453709.332463938742876 ], [ 3339341.87655376130715, 8453650.204993769526482 ], [ 3339536.594223610125482, 8453602.508224464952946 ] ] } },
{ "type": "Feature", "properties": { }, "geometry": { "type": "LineString", "coordinates": [ [ 3344910.073825842700899, 8451107.206885835155845 ], [ 3344778.834094621706754, 8451280.769540267065167 ], [ 3344637.242653360590339, 8451445.995826534926891 ], [ 3344485.827773808967322, 8451602.269292352721095 ], [ 3344325.154378652106971, 8451749.006888387724757 ], [ 3344155.821933745872229, 8451885.661142347380519 ], [ 3343978.462211608421057, 8452011.722202299162745 ], [ 3343793.736933937296271, 8452126.719740204513073 ], [ 3343602.33530316548422, 8452230.22470517642796 ], [ 3343404.971431114245206, 8452321.850923685356975 ], [ 3343358.715237164404243, 8452348.421528147533536 ], [ 3343314.398166210856289, 8452378.113778378814459 ], [ 3343272.230539440643042, 8452410.786760805174708 ], [ 3343232.412476658355445, 8452446.285413740202785 ], [ 3343195.132947682868689, 8452484.441268442198634 ], [ 3343160.568874477874488, 8452525.073242662474513 ], [ 3343128.884292006026953, 8452567.988504884764552 ], [ 3343100.229569792281836, 8452612.983386991545558 ], [ 3343074.740698098670691, 8452659.844350812956691 ], [ 3343052.538642525207251, 8452708.349002359434962 ], [ 3343033.728770255576819, 8452758.267147539183497 ], [ 3343018.400349497329444, 8452809.361883161589503 ], [ 3343006.626126408111304, 8452861.390722749754786 ], [ 3342998.461979150306433, 8452914.106747148558497 ], [ 3342993.946653484832495, 8452967.259774683043361 ], [ 3342993.101578354369849, 8453020.597550867125392 ], [ 3342995.930764197837561, 8453073.866943357512355 ], [ 3343002.420784353744239, 8453126.815145967528224 ], [ 3343012.540838360320777, 8453179.190875051543117 ], [ 3343026.242897986900061, 8453230.745565412566066 ], [ 3343043.461935789790004, 8453281.234546449035406 ], [ 3343064.116233372595161, 8453330.418206976726651 ], [ 3343088.10776906600222, 8453378.063130512833595 ], [ 3343126.490386594086885, 8453417.218441616743803 ], [ 3343162.353408824652433, 8453458.693824244663119 ], [ 3343195.556895493995398, 8453502.327437875792384 ], [ 3343225.971283435355872, 8453547.949019430205226 ], [ 3343253.477893006056547, 8453595.380550814792514 ], [ 3343277.969391454011202, 8453644.436948906630278 ], [ 3343299.350210431497544, 8453694.926792562007904 ] ] } },
{ "type": "Feature", "properties": { }, "geometry": { "type": "LineString", "coordinates": [ [ 3316313.128326002042741, 8462778.351771270856261 ], [ 3316529.997068922966719, 8462982.531736187636852 ], [ 3316739.16224792227149, 8463194.596437210217118 ], [ 3316940.337388038169593, 8463414.255429266020656 ], [ 3317133.246957540046424, 8463641.207863805815578 ], [ 3317317.626745250076056, 8463875.142904514446855 ], [ 3317493.22422282025218, 8464115.740152172744274 ], [ 3317659.79888970637694, 8464362.67008151113987 ], [ 3317668.374513532035053, 8464447.323106436058879 ], [ 3317682.835792843718082, 8464531.171465570107102 ], [ 3317703.112238764297217, 8464613.80645608715713 ], [ 3317729.105017542373389, 8464694.825289724394679 ], [ 3317760.687432288657874, 8464773.833055494353175 ], [ 3317797.705540656577796, 8464850.444644449278712 ], [ 3317839.978904842864722, 8464924.286628244444728 ], [ 3317887.301471471320838, 8464994.999078748747706 ], [ 3317939.442575454246253, 8465062.237320898100734 ], [ 3317996.148064970504493, 8465125.67361450009048 ], [ 3318057.141540050040931, 8465184.998752115294337 ], [ 3318122.125699281226844, 8465239.92356395535171 ], [ 3318190.783789991866797, 8465290.180330274626613 ], [ 3318262.781151175033301, 8465335.524082658812404 ], [ 3318337.76684534503147, 8465375.733802793547511 ], [ 3318415.375369190704077, 8465410.613495824858546 ], [ 3318495.228434443008155, 8465439.99314689449966 ], [ 3318576.936812638770789, 8465463.729550359770656 ], [ 3318660.102231740485877, 8465481.707008359953761 ], [ 3318744.319317698013037, 8465493.837893007323146 ], [ 3318829.177570461761206, 8465500.063073633238673 ], [ 3318914.263364433776587, 8465500.352208135649562 ], [ 3318999.161965012084693, 8465494.703886507079005 ], [ 3319083.459550261031836, 8465483.145640371367335 ], [ 3319166.745227574836463, 8465465.733808038756251 ], [ 3319248.613036512862891, 8465442.553260801360011 ], [ 3319328.663928214926273, 8465413.716987306252122 ], [ 3319406.507709766738117, 8465379.365544943138957 ], [ 3319481.764946483075619, 8465339.666372826322913 ], [ 3319689.499663919676095, 8465059.368202758952975 ], [ 3319900.983208241406828, 8464781.887595908716321 ], [ 3320116.177368878852576, 8464507.274686811491847 ], [ 3320335.043264865409583, 8464235.579092023894191 ], [ 3320557.541351737920195, 8463966.849900500848889 ], [ 3320783.631428808439523, 8463701.135667396709323 ], [ 3321013.272646381985396, 8463438.484400536864996 ], [ 3321135.823939421214163, 8463225.48239890486002 ], [ 3321272.612153736874461, 8463021.331335309892893 ], [ 3321423.000721930991858, 8462826.981262682005763 ], [ 3321586.289785265456885, 8462643.336622236296535 ], [ 3321761.719449758064002, 8462471.252035615965724 ], [ 3321948.473323463927954, 8462311.528327463194728 ], [ 3322145.682315349113196, 8462164.908800600096583 ], [ 3322352.428679465781897, 8462032.075773237273097 ], [ 3322567.750285951420665, 8461913.647406343370676 ], [ 3322790.645099022425711, 8461810.174827970564365 ], [ 3323020.075839353259653, 8461722.139564443379641 ] ] } },
{ "type": "Feature", "properties": { }, "geometry": { "type": "LineString", "coordinates": [ [ 3325264.526778860483319, 8462065.408531662076712 ], [ 3325440.706840304657817, 8461884.228332120925188 ], [ 3325629.692448396235704, 8461716.448361607268453 ], [ 3325830.46700620604679, 8461562.971146104857326 ], [ 3326041.950501203071326, 8461424.622275350615382 ], [ 3326263.005315184127539, 8461302.145959852263331 ], [ 3326492.442343472968787, 8461196.201026914641261 ], [ 3326729.027391452342272, 8461107.357379646971822 ], [ 3326971.487814335152507, 8461036.092927534133196 ], [ 3327218.519361490383744, 8460982.791019665077329 ] ] } },
{ "type": "Feature", "properties": { }, "geometry": { "type": "LineString", "coordinates": [ [ 3367988.310545011889189, 8443436.465733747929335 ], [ 3367932.756607871968299, 8443552.371901914477348 ], [ 3367869.490274485200644, 8443664.255103437229991 ], [ 3367798.801310538779944, 8443771.602903364226222 ], [ 3367721.013478040229529, 8443873.923638818785548 ], [ 3367636.483052372466773, 8443970.748671052977443 ], [ 3367545.597190618049353, 8444061.634532449766994 ], [ 3367448.772158383857459, 8444146.164958475157619 ], [ 3367346.451423167716712, 8444223.952790735289454 ], [ 3367239.103623326867819, 8444294.641754476353526 ], [ 3367127.22042177291587, 8444357.908088132739067 ], [ 3367011.314253697171807, 8444413.462025061249733 ], [ 3366900.822181679308414, 8444454.078368339687586 ], [ 3366792.914276833645999, 8444501.132266772910953 ], [ 3366687.965229749213904, 8444554.460335252806544 ], [ 3366586.339457034599036, 8444613.877400396391749 ], [ 3366488.389835834037513, 8444679.177147863432765 ], [ 3366394.456478476058692, 8444750.132836339995265 ], [ 3366304.865551347844303, 8444826.498083842918277 ], [ 3366219.928143002092838, 8444908.007727298885584 ], [ 3366139.939183064736426, 8444994.378738816827536 ] ] } },
{ "type": "Feature", "properties": { }, "geometry": { "type": "LineString", "coordinates": [ [ 3368344.782164816278964, 8441271.230709752067924 ], [ 3368224.192806993611157, 8441257.761318990960717 ], [ 3368102.957279370166361, 8441252.74489239603281 ], [ 3367981.667382835876197, 8441256.205917833372951 ], [ 3367860.915183662902564, 8441268.127499578520656 ], [ 3367741.29012370062992, 8441288.451443670317531 ], [ 3367623.376142262946814, 8441317.078541276976466 ], [ 3367507.74882674170658, 8441353.869050500914454 ], [ 3367394.972601770889014, 8441398.643382547423244 ], [ 3367285.597975253593177, 8441451.182974813506007 ], [ 3367180.158849954139441, 8441511.231359956786036 ], [ 3367079.169917986728251, 8441578.495416916906834 ], [ 3366983.124148403294384, 8441652.646801302209496 ], [ 3366892.490380429197103, 8441733.32355023920536 ], [ 3366835.817523425444961, 8441776.693727623671293 ], [ 3366782.350045321509242, 8441823.959083395078778 ], [ 3366732.355104445945472, 8441874.88344812206924 ], [ 3366686.082507848273963, 8441929.212370870634913 ], [ 3366643.763463735114783, 8441986.674388883635402 ], [ 3366605.609425425063819, 8442046.982384679839015 ], [ 3366571.811035274993628, 8442109.835021017119288 ], [ 3366542.537172078620642, 8442174.918244360014796 ], [ 3366517.934107063338161, 8442241.906856851652265 ], [ 3366498.124772971495986, 8442310.466139923781157 ], [ 3366483.208150283433497, 8442380.253526920452714 ] ] } },
{ "type": "Feature", "properties": { }, "geometry": { "type": "LineString", "coordinates": [ [ 3359961.097773127257824, 8449654.915101444348693 ], [ 3360129.150859071873128, 8449707.319267768412828 ], [ 3360300.063104692380875, 8449749.474228600040078 ], [ 3360473.210047840606421, 8449781.225960729643703 ], [ 3360647.95906102610752, 8449802.458453653380275 ], [ 3360823.671663879882544, 8449813.094130037352443 ], [ 3360999.705854773055762, 8449813.094130037352443 ], [ 3361175.418457626830786, 8449802.458453653380275 ], [ 3361350.167470812331885, 8449781.225960729643703 ], [ 3361523.314413848798722, 8449749.474228600040078 ], [ 3361694.226659490726888, 8449707.319267768412828 ], [ 3361862.279745415784419, 8449654.915101444348693 ], [ 3362016.039223511237651, 8449500.444479262456298 ], [ 3362164.120676135178655, 8449340.522518452256918 ], [ 3362306.330964922439307, 8449175.357801435515285 ], [ 3362442.484608649741858, 8449005.165746686980128 ], [ 3362572.404025768395513, 8448830.168331440538168 ], [ 3362695.919766266364604, 8448650.593800818547606 ], [ 3362812.870731560047716, 8448466.676368763670325 ] ] } },
{ "type": "Feature", "properties": { }, "geometry": { "type": "LineString", "coordinates": [ [ 3309229.905213967896998, 8465979.99502320587635 ], [ 3309266.313604313880205, 8465921.778943391516805 ], [ 3309306.313696459401399, 8465865.969665264710784 ], [ 3309349.746896028053015, 8465812.788465498015285 ], [ 3309396.440996646415442, 8465762.446198938414454 ], [ 3309446.210863351356238, 8465715.142465112730861 ], [ 3309498.859165787231177, 8465671.064816473051906 ], [ 3309554.177161335479468, 8465630.388014791533351 ], [ 3309611.945522307883948, 8465593.273336885496974 ], [ 3309671.935205772984773, 8465559.867936825379729 ], [ 3309733.90836151316762, 8465530.304262967780232 ], [ 3309797.619275137316436, 8465504.699530133977532 ], [ 3309848.199548678938299, 8465490.798962265253067 ], [ 3309897.693266582209617, 8465473.421916699036956 ], [ 3309945.861800431739539, 8465452.652173994109035 ], [ 3309992.472910284530371, 8465428.58987426571548 ], [ 3310037.301865577232093, 8465401.3510303478688 ], [ 3310080.132528423797339, 8465371.066972253844142 ], [ 3310120.758394956123084, 8465337.883711336180568 ], [ 3310158.983592032920569, 8465301.961236951872706 ], [ 3310194.623820662032813, 8465263.472745893523097 ], [ 3310227.507245182525367, 8465222.603806016966701 ], [ 3310257.475321769248694, 8465179.551463125273585 ], [ 3310284.383562325965613, 8465134.523289678618312 ], [ 3310308.102231573779136, 8465087.736383175477386 ], [ 3310328.516972499433905, 8465039.416323333978653 ], [ 3310345.529357428662479, 8464989.796079305931926 ], [ 3310459.130821235012263, 8464939.436789780855179 ], [ 3310569.238882383797318, 8464881.838477838784456 ], [ 3310675.392843484412879, 8464817.242137907072902 ], [ 3310777.148551821243018, 8464745.918043611571193 ], [ 3310874.08025666186586, 8464668.164617288857698 ], [ 3310965.782391555141658, 8464584.307184487581253 ], [ 3311051.871270744130015, 8464494.696607355028391 ], [ 3311109.486865886952728, 8464423.290518924593925 ], [ 3311171.358193213120103, 8464355.538580602034926 ], [ 3311237.254005908500403, 8464291.694018362089992 ], [ 3311306.928015589248389, 8464231.995453355833888 ], [ 3311380.119812726508826, 8464176.666011808440089 ], [ 3311456.555840014945716, 8464125.912489412352443 ], [ 3311535.950414657127112, 8464079.924580095335841 ], [ 3311618.006796121131629, 8464038.874165533110499 ], [ 3311702.418295199051499, 8464002.91467303596437 ], [ 3311788.86942041805014, 8463972.180502578616142 ], [ 3311877.037057328037918, 8463946.786525063216686 ], [ 3311899.568784721195698, 8463955.274965321645141 ], [ 3311922.623652354348451, 8463962.217979565262794 ], [ 3311946.095796584617347, 8463967.583687303587794 ], [ 3311969.877437829505652, 8463971.347448823973536 ], [ 3311993.859375476371497, 8463973.491982934996486 ], [ 3312017.931489347945899, 8463974.007441995665431 ], [ 3312041.983245014678687, 8463972.89145946316421 ], [ 3312065.904201268684119, 8463970.149158952757716 ], [ 3312089.584518074523658, 8463965.793132780119777 ], [ 3312112.915459870826453, 8463959.843383310362697 ], [ 3312135.789895653259009, 8463952.327230451628566 ], [ 3312158.102790355216712, 8463943.279187200590968 ], [ 3312179.751687764655799, 8463932.740799902006984 ], [ 3312200.63718020869419, 8463920.760458944365382 ], [ 3312220.663365721236914, 8463907.393176076933742 ], [ 3312239.738287925254554, 8463892.700330255553126 ], [ 3312257.774358510505408, 8463876.749389169737697 ], [ 3312274.688759326469153, 8463859.613595960661769 ], [ 3312290.403822898399085, 8463841.371634958311915 ], [ 3312304.847388624679297, 8463822.107269762083888 ], [ 3312317.953134655486792, 8463801.908958433195949 ], [ 3312329.660881757270545, 8463780.869447229430079 ], [ 3312339.916870235931128, 8463759.085346220061183 ], [ 3312348.674006819259375, 8463736.656683443114161 ], [ 3312355.892080425750464, 8463713.686446188017726 ], [ 3312361.537946819793433, 8463690.280110834166408 ], [ 3312365.585681557189673, 8463666.545153139159083 ], [ 3312368.016698240768164, 8463642.590560434386134 ], [ 3312368.819833770859987, 8463618.526326313614845 ], [ 3312367.991400726139545, 8463594.462950265035033 ], [ 3312365.535202985163778, 8463570.510926382616162 ], [ 3312409.422724991571158, 8463477.402595248073339 ], [ 3312458.452370459213853, 8463386.896409332752228 ], [ 3312512.4704480166547, 8463299.27607393078506 ], [ 3312571.307629346381873, 8463214.816248891875148 ], [ 3312634.77947979606688, 8463133.781687557697296 ], [ 3312702.687036662828177, 8463056.426406111568213 ], [ 3312774.817433130927384, 8462982.992886334657669 ], [ 3312871.065954742953181, 8462898.103018214926124 ], [ 3312972.506280765868723, 8462819.490500722080469 ], [ 3313078.729695319663733, 8462747.472073553130031 ], [ 3313189.308210968505591, 8462682.337908266112208 ], [ 3313303.796293138992041, 8462624.350438116118312 ], [ 3313421.73265492869541, 8462573.743301866576076 ], [ 3313542.642115936614573, 8462530.720402035862207 ], [ 3313666.037516770884395, 8462495.455084254965186 ], [ 3313791.421682201791555, 8462468.089435506612062 ] ] } },
{ "type": "Feature", "properties": { }, "geometry": { "type": "LineString", "coordinates": [ [ 3338374.760796097572893, 8446195.820124069228768 ], [ 3338438.909609966911376, 8446099.519789269194007 ], [ 3338509.141840673983097, 8446007.561872266232967 ], [ 3338585.164445757400244, 8445920.330064771696925 ], [ 3338666.660222887527198, 8445838.188339231535792 ], [ 3338753.289132713805884, 8445761.479430196806788 ], [ 3338844.6897182459943, 8445690.523403642699122 ], [ 3338940.480612992774695, 8445625.616322038695216 ], [ 3339040.262131452094764, 8445567.029008386656642 ], [ 3339143.617937922012061, 8445515.005917070433497 ], [ 3339250.116782545577735, 8445469.764112947508693 ], [ 3339359.314301728736609, 8445431.492366312071681 ], [ 3339470.754871248733252, 8445400.350365636870265 ], [ 3339583.973508097231388, 8445376.468049310147762 ], [ 3339698.497810297645628, 8445359.945066502317786 ], [ 3339813.849927899427712, 8445350.850358607247472 ], [ 3339885.393573211506009, 8445345.711919354274869 ], [ 3339957.12144861696288, 8445345.618888150900602 ], [ 3340028.678182363044471, 8445350.571725843474269 ], [ 3340099.709251045715064, 8445360.545893667265773 ], [ 3340169.862735628616065, 8445375.491975305601954 ], [ 3340238.791064738761634, 8445395.335921285673976 ], [ 3340306.152737140189856, 8445419.979415891692042 ], [ 3340371.614013552200049, 8445449.300364969298244 ], [ 3340434.850569843780249, 8445483.153499124571681 ], [ 3340495.549104570876807, 8445521.371094701811671 ], [ 3340553.408890246879309, 8445563.76380586437881 ], [ 3340608.143264173995703, 8445610.121599672362208 ], [ 3340659.481048225890845, 8445660.2147998791188 ], [ 3340707.167892336379737, 8445713.795221803709865 ], [ 3340750.967534899245948, 8445770.59740543179214 ], [ 3340790.662973284255713, 8445830.339927671477199 ], [ 3340826.057538728695363, 8445892.726796876639128 ], [ 3340856.975871013477445, 8445957.448921727016568 ], [ 3340883.264787311665714, 8446024.185640459880233 ], [ 3340918.225509160198271, 8446169.928216155618429 ], [ 3340956.018380667548627, 8446314.96217511408031 ], [ 3340996.629062175285071, 8446459.232487676665187 ], [ 3341040.042144655715674, 8446602.68441247753799 ], [ 3341086.241155769210309, 8446745.26351903192699 ], [ 3341135.208566539920866, 8446886.915709670633078 ], [ 3341186.925796774215996, 8447027.587236946448684 ], [ 3341182.575400052592158, 8447206.926850605756044 ], [ 3341181.562569867353886, 8447386.316363088786602 ], [ 3341183.887657284270972, 8447565.693666456267238 ], [ 3341189.549857019912452, 8447744.996657369658351 ], [ 3341198.547208677511662, 8447924.163257353007793 ], [ 3341210.87659746222198, 8448103.131436634808779 ], [ 3341226.533754530362785, 8448281.839232552796602 ], [ 3341007.38297495432198, 8448517.262835312634706 ], [ 3340788.353420357685536, 8448752.799225546419621 ], [ 3340569.445149063598365, 8448988.448341367766261 ], [ 3340350.65821874095127, 8449224.210119722411036 ], [ 3340131.992687683086842, 8449460.084498144686222 ], [ 3339913.448613615706563, 8449696.071414280682802 ], [ 3339695.026054631453007, 8449932.170805716887116 ], [ 3339651.250003207474947, 8449991.384389901533723 ], [ 3339611.796075056772679, 8450053.561385914683342 ], [ 3339576.864083528053015, 8450118.386899469420314 ], [ 3339546.630940794479102, 8450185.532623765990138 ], [ 3339521.249761580955237, 8450254.65850162319839 ], [ 3339500.849088191520423, 8450325.414446828886867 ], [ 3339485.532239317428321, 8450397.442117689177394 ], [ 3339475.376786589156836, 8450470.376732347533107 ], [ 3339470.434162139426917, 8450543.848915575072169 ], [ 3339470.729397654067725, 8450617.486569402739406 ], [ 3339476.260998010169715, 8450690.916758535429835 ], [ 3339487.000948428642005, 8450763.767597196623683 ], [ 3339502.894856761675328, 8450835.670134827494621 ], [ 3339523.862228978425264, 8450906.260222459211946 ], [ 3339549.796876193024218, 8450975.180359959602356 ] ] } },
{ "type": "Feature", "properties": { }, "geometry": { "type": "LineString", "coordinates": [ [ 3342216.732698430307209, 8442631.10392602533102 ], [ 3342228.695084696169943, 8442829.21187499165535 ], [ 3342234.784225062467158, 8443027.587228087708354 ], [ 3342234.994775890838355, 8443226.055901048704982 ], [ 3342229.326552271377295, 8443424.443727014586329 ], [ 3342217.784528450109065, 8443622.576611308380961 ], [ 3342200.37883306061849, 8443820.280683070421219 ], [ 3342177.124740674160421, 8444017.382447486743331 ], [ 3342116.237079630605876, 8444213.411391500383615 ], [ 3342060.498904245439917, 8444410.966219674795866 ], [ 3342009.948373078834265, 8444609.911684511229396 ], [ 3341964.620093106757849, 8444810.111587999388576 ], [ 3341924.545096176210791, 8445011.428871881216764 ], [ 3341889.750817905180156, 8445213.725713972002268 ], [ 3341860.261078626383096, 8445416.863621532917023 ], [ 3341867.955040632747114, 8445576.014658262953162 ], [ 3341884.533057884778827, 8445734.486797569319606 ], [ 3341909.943292140495032, 8445891.784507749602199 ], [ 3341944.106287002097815, 8446047.415928838774562 ], [ 3341986.915217356290668, 8446200.894412754103541 ], [ 3342038.236222445033491, 8446351.740042498335242 ], [ 3342097.908825162332505, 8446499.481133529916406 ] ] } },
{ "type": "Feature", "properties": { }, "geometry": { "type": "LineString", "coordinates": [ [ 3343616.213872476946563, 8448334.649842893704772 ], [ 3343567.898313098587096, 8448354.991153864189982 ], [ 3343521.046686046291143, 8448378.508961016312242 ], [ 3343475.867547511588782, 8448405.098576543852687 ], [ 3343432.5620087380521, 8448434.641638753935695 ], [ 3343391.322840928565711, 8448467.006639478728175 ], [ 3343352.333616852294654, 8448502.049507616087794 ], [ 3343315.767894029151648, 8448539.614253519102931 ], [ 3343281.788441895972937, 8448579.533660409972072 ], [ 3343250.546517133247107, 8448621.63003015331924 ], [ 3343222.181190609466285, 8448665.715974329039454 ], [ 3343196.818728565704077, 8448711.595247743651271 ], [ 3343174.572029709350318, 8448759.063622472807765 ], [ 3343155.54012370062992, 8448807.90979671292007 ], [ 3343139.807729243766516, 8448857.916336057707667 ], [ 3343127.444878100883216, 8448908.860640523955226 ], [ 3343118.506602286826819, 8448960.515934942290187 ], [ 3343113.032689928542823, 8449012.652279851958156 ], [ 3343111.047507762443274, 8449065.037595270201564 ], [ 3343112.559892653953284, 8449117.438691614195704 ], [ 3343117.563112258445472, 8449169.622310159727931 ], [ 3343126.034895181190223, 8449221.356158731505275 ], [ 3343137.937530040275306, 8449272.409948823973536 ], [ 3343153.21803307486698, 8449322.55641889385879 ], [ 3343171.808384418021888, 8449371.572345254942775 ], [ 3343193.625830524135381, 8449419.239537531509995 ], [ 3343218.573252850212157, 8449465.345809606835246 ], [ 3343246.539600087329745, 8449509.685922987759113 ] ] } },
{ "type": "Feature", "properties": { }, "geometry": { "type": "LineString", "coordinates": [ [ 3302635.180247583426535, 8381317.985319699160755 ], [ 3303125.258833447936922, 8381173.22360223159194 ], [ 3303612.57263017212972, 8381019.41125325486064 ], [ 3304096.954509138595313, 8380856.601024626754224 ], [ 3304578.238346814643592, 8380684.848753212951124 ], [ 3305056.259082441683859, 8380504.213342946022749 ], [ 3305530.852774659637362, 8380314.756744798272848 ], [ 3306001.856656844262034, 8380116.543934431858361 ], [ 3306132.200357055291533, 8380035.271152036264539 ], [ 3306257.250894133001566, 8379946.068526156246662 ], [ 3306376.526504396926612, 8379849.279714106582105 ], [ 3306489.567672132980078, 8379745.277600287459791 ], [ 3306595.938900470267981, 8379634.462857960723341 ], [ 3306695.230388521682471, 8379517.262407063506544 ], [ 3306787.059610723983496, 8379394.127768038772047 ], [ 3306871.072790145408362, 8379265.533324240706861 ], [ 3306946.946261405479163, 8379131.97449183370918 ], [ 3307014.387718200217932, 8378993.965813874267042 ], [ 3307073.13733858242631, 8378852.038975603878498 ], [ 3307122.968786811456084, 8378706.740757482126355 ], [ 3307163.690084354020655, 8378558.630929362028837 ], [ 3307146.548172479961067, 8378441.061974788084626 ], [ 3307122.0556097230874, 8378324.801841838285327 ], [ 3307090.309116601478308, 8378210.309639691375196 ], [ 3307051.434059619437903, 8378098.037496565841138 ], [ 3307005.583955764304847, 8377988.428773402236402 ], [ 3306952.939866423141211, 8377881.916313885711133 ], [ 3306893.709682583343238, 8377778.920733689330518 ], [ 3306828.127303242217749, 8377679.848761319182813 ], [ 3306756.451712151523679, 8377585.091630322858691 ], [ 3306678.965955382678658, 8377495.023535514250398 ], [ 3306595.976023184601218, 8377410.000154437497258 ], [ 3306537.328998315613717, 8377338.612412027083337 ], [ 3306473.66804942348972, 8377271.657450309023261 ], [ 3306405.327222585212439, 8377209.486599921248853 ], [ 3306332.665119766723365, 8377152.426087140105665 ], [ 3306256.063018440734595, 8377100.775323866866529 ], [ 3306175.92286980105564, 8377054.805335043929517 ], [ 3306092.665190457832068, 8377014.757337330840528 ], [ 3306006.726855277549475, 8376980.841473101638258 ], [ 3305918.558805346023291, 8376953.235707997344434 ], [ 3305828.623681664001197, 8376932.084896801970899 ], [ 3305737.393397419247776, 8376917.500022759661078 ], [ 3305645.346662032883614, 8376909.557617477141321 ], [ 3305552.966468942817301, 8376908.299356195144355 ] ] } },
{ "type": "Feature", "properties": { }, "geometry": { "type": "LineString", "coordinates": [ [ 3298083.565768789034337, 8382172.857074595987797 ], [ 3298355.422841995023191, 8382136.845107780769467 ], [ 3298625.854503843467683, 8382091.349544370546937 ], [ 3298894.530027508269995, 8382036.426024436019361 ], [ 3299161.12083339644596, 8381972.141716717742383 ], [ 3299425.30089173046872, 8381898.575238073244691 ], [ 3299686.747121184132993, 8381815.816558109596372 ], [ 3299945.139783321414143, 8381723.966886694543064 ] ] } },
{ "type": "Feature", "properties": { }, "geometry": { "type": "LineString", "coordinates": [ [ 3326258.026385898236185, 8362170.838407809846103 ], [ 3326328.576649241615087, 8362528.241216034628451 ], [ 3326381.410257241223007, 8362888.689155453816056 ], [ 3326416.398562669288367, 8363251.304551838897169 ], [ 3326433.456370591651648, 8363615.204453228972852 ], [ 3326432.542145869228989, 8363979.502780312672257 ], [ 3326413.658114843536168, 8364343.312483877874911 ], [ 3326376.85025916621089, 8364705.74770419485867 ], [ 3326330.481115955393761, 8364832.411162684671581 ], [ 3326292.402616033796221, 8364961.808832799084485 ], [ 3326262.774264215957373, 8365093.398687838576734 ], [ 3326241.720168947707862, 8365226.62951850797981 ], [ 3326229.328522562514991, 8365360.943241595290601 ], [ 3326225.651231765281409, 8365495.777238368056715 ], [ 3326230.703700065147132, 8365630.566710232757032 ], [ 3326244.464763521682471, 8365764.747045277617872 ], [ 3326266.876779208425432, 8365897.756182824261487 ], [ 3326297.845866698306054, 8366029.036968777887523 ], [ 3326337.242301410064101, 8366158.039488581940532 ], [ 3326334.026505598798394, 8366258.96046038903296 ], [ 3326324.569137521088123, 8366359.488775156438351 ], [ 3326308.906477212440223, 8366459.23878741171211 ], [ 3326287.098609566222876, 8366557.827837466262281 ], [ 3326259.229193686973304, 8366654.877719162963331 ], [ 3326225.405141829978675, 8366750.016130923293531 ], [ 3326185.756209492217749, 8366842.878103970550001 ], [ 3326140.434497475158423, 8366933.107402323745191 ], [ 3326089.613868236076087, 8367020.357889412902296 ], [ 3326033.489279269706458, 8367104.294856308959424 ], [ 3325972.276035018265247, 8367184.596304558217525 ], [ 3325906.208961019292474, 8367260.954183066263795 ], [ 3325835.541503167245537, 8367333.075568676926196 ] ] } },
{ "type": "Feature", "properties": { }, "geometry": { "type": "LineString", "coordinates": [ [ 3320039.577018203213811, 8370178.247200817801058 ], [ 3320094.447640810161829, 8370250.377911480143666 ], [ 3320154.288790357299149, 8370318.441568976268172 ], [ 3320218.799957513343543, 8370382.096372365020216 ], [ 3320287.657180904876441, 8370441.022660731337965 ], [ 3320360.514674424659461, 8370494.924518584273756 ], [ 3320437.006563305389136, 8370543.531262873671949 ], [ 3320516.748721837531775, 8370586.598800896666944 ], [ 3320599.340701818000525, 8370623.910856484435499 ], [ 3320684.36774432612583, 8370655.280056475661695 ], [ 3320771.402861475478858, 8370680.548871754668653 ], [ 3320860.008981942664832, 8370699.590407609008253 ], [ 3320949.741144537460059, 8370712.309041737578809 ], [ 3321040.148733734618872, 8370718.640903471969068 ], [ 3321130.777741908561438, 8370718.55419587995857 ], [ 3321221.173049819655716, 8370712.049354201182723 ], [ 3321310.88071158900857, 8370699.159044416621327 ], [ 3321399.450234492775053, 8370679.947999060153961 ], [ 3321489.295897953677922, 8370696.241100518964231 ], [ 3321580.040523045230657, 8370706.395972363650799 ], [ 3321671.265241860877723, 8370710.365741013549268 ], [ 3321762.548970818053931, 8370708.132082222960889 ], [ 3321853.470353602897376, 8370699.705306290648878 ], [ 3321943.609706520568579, 8370685.124310730956495 ], [ 3322032.550955891143531, 8370664.456399439834058 ], [ 3322119.883558034431189, 8370637.796973465941846 ], [ 3322205.204394936095923, 8370605.26908993627876 ], [ 3322288.119634270202368, 8370567.022894381545484 ], [ 3322368.246548056136817, 8370523.234927176497877 ], [ 3322445.21527874423191, 8370474.107308625243604 ], [ 3322518.670546763110906, 8370419.866807095706463 ], [ 3322588.273290269542485, 8370360.763791291974485 ], [ 3322653.702230100054294, 8370297.071074085310102 ] ] } },
{ "type": "Feature", "properties": { }, "geometry": { "type": "LineString", "coordinates": [ [ 3324188.510593146085739, 8367917.292945575900376 ], [ 3324192.445396676193923, 8367933.243535724468529 ], [ 3324195.241085668560117, 8367949.432671945542097 ], [ 3324196.883630156051368, 8367965.77911043073982 ], [ 3324197.364787220489234, 8367982.200818537734449 ], [ 3324196.682142138015479, 8367998.615385293029249 ], [ 3324194.839120745193213, 8368014.940435885451734 ], [ 3324191.844972133170813, 8368031.094044684432447 ], [ 3324187.714722036849707, 8368046.995146512053907 ], [ 3324182.469097733031958, 8368062.563943146727979 ], [ 3324176.134423851501197, 8368077.722304343245924 ], [ 3324168.742490410339087, 8368092.394159316085279 ], [ 3324160.330393075477332, 8368106.505878685973585 ], [ 3324150.94034695578739, 8368119.986644028685987 ], [ 3324140.619475245010108, 8368132.768804072402418 ], [ 3324129.419572114478797, 8368144.788212298415601 ], [ 3324117.396843075286597, 8368155.984550713561475 ], [ 3324104.611623286735266, 8368166.301631449721754 ], [ 3324091.128073691856116, 8368175.687679528258741 ], [ 3324077.013860463630408, 8368184.095592021010816 ], [ 3324062.33981430483982, 8368191.483174323104322 ], [ 3324047.179575323592871, 8368197.813352822326124 ], [ 3324031.609223722945899, 8368203.054359911940992 ], [ 3324015.706897854339331, 8368207.179894684813917 ], [ 3323999.552401780616492, 8368210.169252871535718 ], [ 3323983.226805328857154, 8368212.007433175109327 ], [ 3323966.812036871444434, 8368212.685210703872144 ], [ 3323950.390472193714231, 8368212.199183862656355 ], [ 3323934.044521465431899, 8368210.551792112179101 ], [ 3323917.856215146370232, 8368207.751302453689277 ], [ 3323885.605731166433543, 8368208.648893249221146 ], [ 3323853.369521443732083, 8368207.335056184791028 ], [ 3323821.299046396743506, 8368203.815963744185865 ], [ 3323789.544987558852881, 8368198.108150481246412 ], [ 3323758.256540059577674, 8368190.238434313796461 ], [ 3323727.580711006652564, 8368180.243790625594556 ], [ 3323697.661629676353186, 8368168.171178816817701 ], [ 3323668.639869331847876, 8368154.077321528457105 ], [ 3323640.651787518989295, 8368138.028438090346754 ], [ 3323613.828884720336646, 8368120.099933623336256 ], [ 3323588.297187392599881, 8368100.376044153235853 ], [ 3323564.17665485246107, 8368078.949441564269364 ], [ 3323541.580616464372724, 8368055.920797722414136 ] ] } },
{ "type": "Feature", "properties": { }, "geometry": { "type": "LineString", "coordinates": [ [ 3363875.684264668729156, 8333768.632033601403236 ], [ 3363822.656747112050653, 8333893.990975267253816 ], [ 3363761.016383782494813, 8334015.346846495755017 ], [ 3363691.063297509681433, 8334132.108773468993604 ], [ 3363613.138085245620459, 8334243.708250044845045 ], [ 3363527.620159625541419, 8334349.601905583404005 ], [ 3363434.925902008544654, 8334449.274150847457349 ], [ 3363335.506634592544287, 8334542.239688157103956 ], [ 3363229.846423387061805, 8334628.045874594710767 ], [ 3363118.459720849525183, 8334706.274925231002271 ], [ 3363001.888861655723304, 8334776.545948027633131 ], [ 3362880.701421617995948, 8334838.516798018477857 ], [ 3362755.487454413902014, 8334891.885743140242994 ], [ 3362626.856618880759925, 8334936.392933606170118 ], [ 3362495.435209869872779, 8334971.821666716597974 ], [ 3362361.863109707366675, 8334997.999442338012159 ], [ 3362226.790672182571143, 8335014.798802613280714 ], [ 3362090.875556230079383, 8335022.137952326796949 ], [ 3361954.779523610603064, 8335019.98115801718086 ], [ 3361819.165216818917543, 8335008.338920508511364 ], [ 3361684.692933211103082, 8334987.267925626598299 ], [ 3361552.017409649677575, 8334956.870766281150281 ], [ 3361416.516223690938205, 8334952.814422589726746 ], [ 3361281.556057066656649, 8334940.055945262312889 ], [ 3361147.695196389686316, 8334918.648112534545362 ], [ 3361015.487380980979651, 8334888.679481505416334 ], [ 3360885.479511856567115, 8334850.274022339843214 ], [ 3360758.209389686118811, 8334803.590606450103223 ], [ 3360634.203489779960364, 8334748.822348116897047 ], [ 3360513.974784850608557, 8334686.195805548690259 ], [ 3360398.020622014533728, 8334615.970045088790357 ], [ 3360286.820666312705725, 8334538.435567616485059 ], [ 3360180.834916233550757, 8334453.913108586333692 ], [ 3360080.501800536643714, 8334362.752309798263013 ], [ 3359986.23636496020481, 8334265.330274580977857 ], [ 3359898.428555130492896, 8334162.050005911849439 ], [ 3359817.441603870131075, 8334053.338741168379784 ], [ 3359743.610527775716037, 8333939.646184188313782 ], [ 3359677.240742531605065, 8333821.442643942311406 ], [ 3359406.063199477735907, 8333623.628307018429041 ], [ 3359129.330482186749578, 8333433.663112759590149 ], [ 3358847.269711732398719, 8333251.702970026992261 ], [ 3358560.112381577026099, 8333077.897217511199415 ], [ 3358268.094168366864324, 8332912.388501763343811 ], [ 3357971.454738097731024, 8332755.312659416347742 ], [ 3357670.437549560330808, 8332606.798606091178954 ], [ 3357545.761506399139762, 8332511.691018302924931 ], [ 3357414.485491702333093, 8332425.922859814949334 ], [ 3357277.307723283302039, 8332349.950306653045118 ], [ 3357134.957808613311499, 8332284.17743372824043 ], [ 3356988.192864536773413, 8332228.954067229293287 ], [ 3356837.793489932548255, 8332184.573923825286329 ], [ 3356684.559614061843604, 8332151.273048399947584 ], [ 3356529.30624222708866, 8332129.228558300994337 ], [ 3356372.859120676293969, 8332118.557701257057488 ], [ 3356216.050344904884696, 8332119.317232807166874 ], [ 3356059.713934149127454, 8332131.503113019280136 ], [ 3355986.281395700294524, 8332123.434924924746156 ], [ 3355912.467099170200527, 8332120.454495809972286 ], [ 3355838.623125910293311, 8332122.576041697524488 ], [ 3355765.101699113380164, 8332129.789443015120924 ], [ 3355692.253503679763526, 8332142.060293196700513 ], [ 3355620.426012992393225, 8332159.330062150023878 ], [ 3355549.961831926833838, 8332181.516376494430006 ], [ 3355481.197062730323523, 8332208.513410805724561 ], [ 3355414.459701656829566, 8332240.192394255660474 ], [ 3355350.068074464332312, 8332276.402222870849073 ], [ 3355288.329318403732032, 8332316.970182656310499 ], [ 3355229.537916779052466, 8332361.702770709060133 ], [ 3355173.974294662009925, 8332410.386620759032667 ], [ 3355121.903480886947364, 8332462.789518593810499 ], [ 3355073.573844670783728, 8332518.66151165869087 ], [ 3355029.215909838210791, 8332577.736099719069898 ], [ 3354989.041256427299231, 8332639.731507538817823 ], [ 3354953.241510629188269, 8332704.352026938460767 ], [ 3354921.987431048881263, 8332771.289429663680494 ], [ 3354895.428094505798072, 8332840.224435090087354 ], [ 3354873.69018445443362, 8332910.828235290944576 ], [ 3354856.877386954147369, 8332982.764062011614442 ], [ 3354845.069896297995001, 8333055.688793992623687 ], [ 3354850.707255496177822, 8333110.130893685854971 ], [ 3354852.66333244368434, 8333164.82911837566644 ], [ 3354850.929235457908362, 8333219.534830807708204 ], [ 3354845.512847065459937, 8333273.999358414672315 ], [ 3354836.438788294326514, 8333327.975126027129591 ], [ 3354823.748306273948401, 8333381.216779946349561 ], [ 3354807.499087333213538, 8333433.482303141616285 ], [ 3354787.764994382392615, 8333484.534116028808057 ], [ 3354764.6357312197797, 8333534.140156268142164 ], [ 3354738.216434955131263, 8333582.074933051131666 ], [ 3354708.627197861205786, 8333628.120552538894117 ], [ 3354676.002521633636206, 8333672.067708729766309 ], [ 3354640.490705847274512, 8333713.716634034179151 ], [ 3354602.253174185287207, 8333752.878007887862623 ], [ 3354561.463740109931678, 8333789.373817442916334 ], [ 3354518.307817339431494, 8333823.038166045211256 ], [ 3354472.981576561462134, 8333853.718028067611158 ], [ 3354425.691054224502295, 8333881.273944376967847 ], [ 3354376.651215195190161, 8333905.58065605070442 ], [ 3354326.08497655345127, 8333926.527673720382154 ], [ 3354274.222193717490882, 8333944.01977991964668 ], [ 3354221.298615335952491, 8333957.977462290786207 ], [ 3354167.554812669288367, 8333968.337274073623121 ], [ 3354113.235084890853614, 8333975.052123784087598 ], [ 3354058.586349248420447, 8333978.091488122008741 ], [ 3354003.857018708717078, 8333977.441550969146192 ], [ 3353949.295872550457716, 8333973.105266933329403 ], [ 3353895.150925172958523, 8333965.102347114123404 ], [ 3353841.668299812357873, 8333953.469169795513153 ], [ 3353716.223230826668441, 8333940.058670580387115 ], [ 3353591.933707330841571, 8333918.415630899369717 ], [ 3353469.339405297767371, 8333888.634027003310621 ], [ 3353348.972640156280249, 8333850.843172549270093 ], [ 3353231.356055020820349, 8333805.207159279845655 ], [ 3353117.000351309310645, 8333751.924142359755933 ], [ 3353006.402071833144873, 8333691.225481986068189 ], [ 3352900.041443824302405, 8333623.37473654653877 ], [ 3352798.380294680129737, 8333548.666520117782056 ], [ 3352701.86004614783451, 8333467.425222395919263 ], [ 3352610.899797439109534, 8333380.003600596450269 ], [ 3352525.894506215583533, 8333286.781246422789991 ], [ 3352447.213272784370929, 8333188.162940107285976 ], [ 3352375.197738158516586, 8333084.576890766620636 ], [ 3352310.160599913448095, 8332976.472878481261432 ], [ 3352256.438264601863921, 8332977.059477915987372 ], [ 3352202.878184066154063, 8332981.272693488746881 ], [ 3352149.724899053107947, 8332989.093288897536695 ], [ 3352097.221093058120459, 8333000.485556839965284 ], [ 3352045.606484174262732, 8333015.39748406317085 ], [ 3351995.11673068953678, 8333033.760986088775098 ], [ 3351945.98235511733219, 8333055.492220639251173 ], [ 3351898.42769169760868, 8333080.491968630813062 ], [ 3351852.669862031470984, 8333108.646087883971632 ], [ 3351808.917783855926245, 8333139.826034544967115 ], [ 3351767.371217369567603, 8333173.889449357055128 ], [ 3351728.219852923881263, 8333210.680808304809034 ], [ 3351691.64244496775791, 8333250.032131432555616 ], [ 3351657.805996059905738, 8333291.763751744292676 ], [ 3351626.864994167815894, 8333335.685134171508253 ], [ 3351598.960707425605506, 8333381.595745085738599 ], [ 3351574.220539450179785, 8333429.285969494841993 ], [ 3351552.757446884643286, 8333478.53806662466377 ], [ 3351534.669424414169043, 8333529.12716483976692 ], [ 3351520.039057254325598, 8333580.822288035415113 ], [ 3351508.933143376838416, 8333633.387410401366651 ], [ 3351501.402389645110816, 8333686.582534073852003 ], [ 3351497.481179117690772, 8333740.164783953689039 ], [ 3351497.187415360938758, 8333793.889518736861646 ], [ 3351500.522439227439463, 8333847.511445377022028 ], [ 3351507.471024268306792, 8333900.7857412006706 ], [ 3351518.001444793306291, 8333953.469169795513153 ], [ 3351523.335897490382195, 8334210.577227595262229 ], [ 3351514.19393666042015, 8334467.578072912059724 ], [ 3351490.604533314239234, 8334723.657259940169752 ], [ 3351452.642443179618567, 8334978.00326347257942 ], [ 3351400.427969648968428, 8335229.810051566921175 ], [ 3351334.126582428812981, 8335478.279639008454978 ], [ 3351253.948393086437136, 8335722.624616230838001 ], [ 3351106.742334838956594, 8335988.826007748953998 ], [ 3350950.436939222738147, 8336249.788509984500706 ], [ 3350785.218428968917578, 8336505.201211928389966 ], [ 3350611.28364598704502, 8336754.759813784621656 ], [ 3350428.839816791936755, 8336998.166990180499852 ], [ 3350238.104305502027273, 8337235.132745410315692 ], [ 3350039.304355235304683, 8337465.374757495708764 ], [ 3349918.573527907021344, 8337771.959391068667173 ], [ 3349818.520293365232646, 8338085.901138203218579 ], [ 3349739.588555335532874, 8338405.80714154150337 ], [ 3349682.128508090507239, 8338730.258082627318799 ], [ 3349646.395083069335669, 8339057.814478634856641 ], [ 3349632.546817898284644, 8339387.023068903945386 ], [ 3349640.645152579061687, 8339716.423261778429151 ], [ 3349670.654157851822674, 8340044.553616713732481 ], [ 3349722.440693187061697, 8340369.958326269872487 ], [ 3349816.627935633063316, 8340702.91245367564261 ], [ 3349925.063862346578389, 8341031.502376687712967 ], [ 3350047.54734969092533, 8341355.11863565351814 ], [ 3350183.851218461524695, 8341673.160996197722852 ], [ 3350333.722656034398824, 8341985.039561879821122 ], [ 3350496.88368521630764, 8342290.175869489088655 ], [ 3350673.031679331324995, 8342588.003960606642067 ], [ 3350766.584209369495511, 8342639.60969683341682 ], [ 3350856.551080569624901, 8342697.239462936297059 ], [ 3350942.544959187041968, 8342760.645146607421339 ], [ 3351024.195616602431983, 8342829.553767441771924 ], [ 3351101.151522755157202, 8342903.668653725646436 ], [ 3351173.081360101234168, 8342982.670719384215772 ], [ 3351239.675449728500098, 8343066.219837187789381 ], [ 3351300.647084474097937, 8343153.956304072402418 ], [ 3351355.733763694297522, 8343245.502388953231275 ], [ 3351404.698323249351233, 8343340.463958977721632 ], [ 3351447.329956292640418, 8343438.432176827453077 ], [ 3351483.445121287833899, 8343538.985260962508619 ], [ 3351512.88833188964054, 8343641.690300940535963 ], [ 3351535.532826423179358, 8343746.105121373198926 ], [ 3351551.281113743316382, 8343851.780186175368726 ], [ 3351560.065392851363868, 8343958.260533093474805 ], [ 3351561.847844943404198, 8344065.087733352556825 ], [ 3351556.620796011760831, 8344171.801864830777049 ], [ 3351544.406749964226037, 8344277.943491529673338 ], [ 3351524.97903908835724, 8344405.895588718354702 ], [ 3351496.947973686270416, 8344532.242074850015342 ], [ 3351460.441742658149451, 8344656.405154227279127 ], [ 3351415.627292632590979, 8344777.817016362212598 ], [ 3351362.709564804565161, 8344895.922431944869459 ], [ 3351301.930557369720191, 8345010.181293486617506 ], [ 3351233.568219065200537, 8345120.071083067916334 ], [ 3351157.9351776833646, 8345225.089263438247144 ], [ 3351075.37731099082157, 8345324.755575655959547 ], [ 3350986.272164582740515, 8345418.614235638640821 ], [ 3350891.027225374709815, 8345506.236017941497266 ], [ 3350790.07805836154148, 8345587.220219134353101 ], [ 3350683.886314391624182, 8345661.19649004843086 ], [ 3350572.937619328033179, 8345727.826529978774488 ], [ 3350457.739352821838111, 8345786.805632590316236 ], [ 3350338.818328260909766, 8345837.864080428145826 ], [ 3350216.718384027015418, 8345880.768378018401563 ], [ 3350091.99789535952732, 8345915.322319745086133 ], [ 3349965.227222084533423, 8345941.367886542342603 ], [ 3349836.98609948111698, 8345958.785969733260572 ], [ 3349707.860987185966223, 8345967.496914385817945 ], [ 3349578.4423878188245, 8345967.460884570144117 ], [ 3349449.322145777754486, 8345958.678044917993248 ], [ 3349321.09074129210785, 8345941.188560329377651 ], [ 3349194.334589774720371, 8345915.072412109933794 ], [ 3348692.529905571602285, 8345950.63139233738184 ], [ 3348189.813833981286734, 8345969.311150942929089 ], [ 3347686.753981112968177, 8345971.090596436522901 ], [ 3347183.918341278564185, 8345955.967720030806959 ], [ 3346681.874655752908438, 8345923.959596549160779 ], [ 3346181.189771666191518, 8345875.102365829050541 ], [ 3345682.429002074990422, 8345809.451191427186131 ], [ 3344934.307257295120507, 8345714.851205522194505 ], [ 3344194.573050016071647, 8345568.466081452555954 ], [ 3343466.806506633292884, 8345371.004286526702344 ], [ 3342754.529833673965186, 8345123.421485899947584 ], [ 3342061.190270298626274, 8344826.915917468257248 ], [ 3341390.143404841888696, 8344482.922593766823411 ], [ 3340744.636935158632696, 8344093.106355333700776 ], [ 3339826.801635863259435, 8343864.936901121400297 ], [ 3338900.620751891285181, 8343673.437797672115266 ], [ 3337967.558767914306372, 8343518.911844729445875 ], [ 3337029.091048478614539, 8343401.603379963897169 ], [ 3336086.701506052166224, 8343321.697892076335847 ], [ 3335141.880254628136754, 8343279.321728496812284 ], [ 3334196.121252831071615, 8343274.541895041242242 ] ] } },
{ "type": "Feature", "properties": { }, "geometry": { "type": "LineString", "coordinates": [ [ 3323396.351438023149967, 8340660.41668314486742 ], [ 3323134.249508319888264, 8340950.388417919166386 ], [ 3322857.658267082646489, 8341226.573706760071218 ], [ 3322567.301876306068152, 8341488.249450444243848 ], [ 3322263.940537452232093, 8341734.730538367293775 ], [ 3321948.36850124783814, 8341965.371641292236745 ], [ 3321621.411987958941609, 8342179.56890316773206 ], [ 3321283.927024369128048, 8342376.761519238352776 ], [ 3320718.163832552731037, 8342366.435831447131932 ], [ 3320152.36499241553247, 8342358.294496176764369 ], [ 3319586.53893732978031, 8342352.337634800933301 ], [ 3319020.694101094733924, 8342348.565335988067091 ], [ 3318454.838917886838317, 8342346.977655766531825 ], [ 3317888.98182237893343, 8342347.574618239887059 ], [ 3317323.131248767953366, 8342350.356214067898691 ] ] } },
{ "type": "Feature", "properties": { }, "geometry": { "type": "LineString", "coordinates": [ [ 3315527.570497162174433, 8342139.113772702403367 ], [ 3315783.928651278838515, 8342183.441303430125117 ], [ 3316041.150241257622838, 8342222.447544134221971 ], [ 3316299.124823927413672, 8342256.115747450850904 ], [ 3316557.741632818710059, 8342284.431456326507032 ], [ 3316816.889625431969762, 8342307.382513321004808 ], [ 3317076.457531874999404, 8342324.959064183756709 ], [ 3317336.333901353180408, 8342337.153561482205987 ] ] } },
{ "type": "Feature", "properties": { }, "geometry": { "type": "LineString", "coordinates": [ [ 3307949.24791317852214, 8345188.926519913598895 ], [ 3307741.063392523210496, 8345216.398727797903121 ], [ 3307531.53729661507532, 8345230.339027299545705 ], [ 3307321.54826259566471, 8345230.688960551284254 ], [ 3307111.976869344245642, 8345217.447060345672071 ], [ 3306903.70194375468418, 8345190.668855666182935 ], [ 3306697.596876739989966, 8345150.46663951780647 ], [ 3306494.525959454011172, 8345097.008998050354421 ], [ 3306295.340759876649827, 8345030.520103597082198 ], [ 3306100.876551231369376, 8344951.278773377649486 ], [ 3306022.756135689560324, 8344770.552282341755927 ], [ 3305950.140875122975558, 8344587.544392460025847 ], [ 3305883.097290753852576, 8344402.422752379439771 ], [ 3305821.68679916812107, 8344215.356947421096265 ], [ 3305765.965657136868685, 8344026.518343799747527 ], [ 3305715.984909521881491, 8343836.079931744374335 ], [ 3305671.790342207998037, 8343644.216167429462075 ], [ 3305693.067392426077276, 8343548.33523581083864 ], [ 3305713.854301835875958, 8343452.346849310211837 ], [ 3305734.150527953635901, 8343356.253513812087476 ], [ 3305753.955540656577796, 8343260.057737349532545 ], [ 3305773.268823291640729, 8343163.76203094702214 ], [ 3305792.089871602598578, 8343067.368908382020891 ], [ 3305810.418194354046136, 8342970.880885576829314 ], [ 3305819.737761609256268, 8342955.384195446968079 ], [ 3305827.973260262981057, 8342939.285180217586458 ], [ 3305835.085956334602088, 8342922.659558772109449 ], [ 3305841.042396068107337, 8342905.585526942275465 ], [ 3305845.814564585220069, 8342888.143389939330518 ], [ 3305849.380016564857215, 8342870.415184020064771 ], [ 3305851.721982597839087, 8342852.484290837310255 ], [ 3305852.829447507392615, 8342834.435045479796827 ], [ 3305852.697202562820166, 8342816.352339743636549 ], [ 3305851.325869798194617, 8342798.321222781203687 ], [ 3305848.721899032127112, 8342780.426500796340406 ], [ 3305844.897537707816809, 8342762.752339123748243 ], [ 3305839.870772838126868, 8342745.381865023635328 ], [ 3305833.665247320663184, 8342728.396777628920972 ], [ 3305826.310147642623633, 8342711.876964091323316 ], [ 3305817.840067386161536, 8342695.900122164748609 ], [ 3305808.294844150077552, 8342680.541396616958082 ], [ 3305797.719372510444373, 8342665.873024701140821 ], [ 3305786.163392304908484, 8342651.963996886275709 ], [ 3305773.6812554593198, 8342638.879731654189527 ], [ 3305760.331669449340552, 8342626.681769131682813 ], [ 3305746.177422046195716, 8342615.427480458281934 ], [ 3305731.285085558425635, 8342605.169798134826124 ], [ 3305715.724703549873084, 8342595.956967591308057 ], [ 3305699.569461702834815, 8342587.832319973967969 ], [ 3305682.895343899261206, 8342580.834068058989942 ], [ 3305665.780773877631873, 8342574.995127438567579 ], [ 3305648.306247353088111, 8342570.342960118316114 ], [ 3305630.553953051101416, 8342566.899447201751173 ], [ 3305612.607385992538184, 8342564.680784462951124 ], [ 3305594.550954818259925, 8342563.697407244704664 ], [ 3305576.469585299026221, 8342563.953940390609205 ], [ 3305558.448320030700415, 8342565.449177502654493 ], [ 3305540.571919202338904, 8342568.176086186431348 ], [ 3305522.924461721908301, 8342572.121840476058424 ], [ 3305505.588949441444129, 8342577.26788258459419 ], [ 3305488.646917104255408, 8342583.590008496306837 ], [ 3305472.178048967849463, 8342591.058483361266553 ], [ 3305456.259803533088416, 8342599.63818025495857 ], [ 3305440.967049955856055, 8342609.28874611761421 ], [ 3305426.371715068351477, 8342619.964791058562696 ], [ 3305412.54244565917179, 8342631.616101979278028 ], [ 3305399.544285654556006, 8342644.187878607772291 ], [ 3305387.438369631301612, 8342657.620991944335401 ], [ 3305376.281635880004615, 8342671.852261303924024 ], [ 3305366.126558303367347, 8342686.81475233938545 ], [ 3305357.020899652969092, 8342702.43809103872627 ], [ 3305349.007486938964576, 8342718.648795842193067 ], [ 3305342.124010085593909, 8342735.370622395537794 ], [ 3305336.402844190131873, 8342752.524922131560743 ], [ 3305331.870898007880896, 8342770.031012295745313 ], [ 3305328.549486755859107, 8342787.806556462310255 ], [ 3305326.454232215415686, 8342805.767949580214918 ], [ 3305325.59498894168064, 8342823.830713271163404 ], [ 3305325.975798367988318, 8342841.909892558120191 ], [ 3305327.59486949397251, 8342859.92045450117439 ], [ 3305330.444586991798133, 8342877.777689694426954 ], [ 3305334.511548041831702, 8342895.397608994506299 ], [ 3305339.776623963844031, 8342912.697340487502515 ], [ 3305346.215051650535315, 8342929.595517634414136 ], [ 3305353.796548842918128, 8342946.012662171386182 ], [ 3305362.485457181464881, 8342961.871558903716505 ], [ 3305372.240909814368933, 8342977.097618102096021 ], [ 3305383.017023562919348, 8342991.619226454757154 ], [ 3305394.763114551082253, 8343005.36808384116739 ], [ 3305407.423937194049358, 8343018.279524683952332 ], [ 3305420.939943086355925, 8343030.292822211049497 ], [ 3305434.678011319600046, 8343204.016830871812999 ], [ 3305449.181147933006287, 8343377.678642136976123 ], [ 3305464.449071645271033, 8343551.274886845611036 ], [ 3305480.481486200820655, 8343724.802196978591383 ], [ 3305497.278080344200134, 8343898.25720582716167 ], [ 3305514.838528654538095, 8344071.636548231355846 ], [ 3305533.162490061949939, 8344244.93686006218195 ], [ 3305586.668708244338632, 8344349.394060892984271 ], [ 3305632.712986737955362, 8344457.348434077575803 ], [ 3305671.068314432632178, 8344568.26773404981941 ], [ 3305701.545588612090796, 8344681.605097531341016 ], [ 3305723.994547993410379, 8344796.801739798858762 ], [ 3305738.304513016715646, 8344913.289709849283099 ], [ 3305744.404931426979601, 8345030.494688889943063 ], [ 3305655.935074441600591, 8345150.559530056081712 ], [ 3305560.113500111270696, 8345264.84298284444958 ], [ 3305457.317042469512671, 8345372.895609139464796 ], [ 3305347.949965357314795, 8345474.292473553679883 ], [ 3305232.442372798454016, 8345568.634816884063184 ], [ 3305111.248517274390906, 8345655.551622389815748 ], [ 3304984.845013498794287, 8345734.70107555296272 ], [ 3304853.72896385146305, 8345805.771907805465162 ], [ 3304718.416003697086126, 8345868.484621838666499 ], [ 3304579.438273303676397, 8345922.592589414678514 ], [ 3304437.342325477395207, 8345967.883022448047996 ], [ 3304194.96457809349522, 8346014.784092794172466 ], [ 3303951.269651684910059, 8346054.274164101108909 ], [ 3303706.484092711936682, 8346086.316525219939649 ], [ 3303460.835460781585425, 8346110.881388424895704 ], [ 3303214.552118454128504, 8346127.945917507633567 ], [ 3302967.863018096890301, 8346137.494248758070171 ], [ 3302720.99748938344419, 8346139.517506057396531 ], [ 3300621.775728315114975, 8345367.162329815328121 ], [ 3300621.775728315114975, 8345367.162329815328121 ], [ 3300575.127772792708129, 8345338.629545748233795 ], [ 3300526.678621081635356, 8345313.275429412722588 ], [ 3300476.644553660880774, 8345291.213162898086011 ], [ 3300425.248925566207618, 8345272.541233538649976 ], [ 3300372.721170544158667, 8345257.342994450591505 ], [ 3300319.295775889884681, 8345245.686291216872633 ], [ 3300265.211236118804663, 8345237.623160599730909 ], [ 3300210.708988189231604, 8345233.189596413634717 ], [ 3300156.032333731185645, 8345232.405390738509595 ], [ 3300101.425352930556983, 8345235.274044035933912 ], [ 3300047.131814956199378, 8345241.782750844024122 ], [ 3299993.394089936744422, 8345251.902455567382276 ], [ 3299940.452066421043128, 8345265.587983130477369 ], [ 3299888.542081117164344, 8345282.778240679763258 ], [ 3299837.895863770972937, 8345303.396489619277418 ], [ 3299788.739502429496497, 8345327.35068869497627 ], [ 3299741.292434215079993, 8345354.533904789946973 ], [ 3299695.766466021072119, 8345384.824790476821363 ], [ 3299652.364828824531287, 8345418.088124751113355 ], [ 3299611.281270503532141, 8345454.175418375991285 ], [ 3299572.699190616142005, 8345492.925575016997755 ], [ 3299536.790822147857398, 8345534.165611266158521 ], [ 3299503.716462611686438, 8345577.711429118178785 ], [ 3299473.62375783873722, 8345623.368637322448194 ], [ 3299446.64704394293949, 8345670.933418511413038 ], [ 3299422.906746625434607, 8345720.19344091322273 ], [ 3299402.508844017516822, 8345770.928804396651685 ], [ 3299385.544394015800208, 8345822.913022755645216 ], [ 3299372.08912682486698, 8345875.914034842513502 ], [ 3299362.203107594978064, 8345929.695241211913526 ], [ 3299355.930468348786235, 8345984.016558572649956 ], [ 3299353.299210533034056, 8346038.635492861270905 ], [ 3299354.321080122608691, 8346093.308222008869052 ] ] } },
{ "type": "Feature", "properties": { }, "geometry": { "type": "LineString", "coordinates": [ [ 3273147.055698226206005, 8367745.65846195910126 ], [ 3273089.821285154204816, 8367835.290389591827989 ], [ 3273038.939716467633843, 8367928.675219702534378 ], [ 3272994.655928134452552, 8368025.363412379287183 ], [ 3272957.183094977866858, 8368124.889525889419019 ], [ 3272926.701605319511145, 8368226.774457453750074 ], [ 3272903.358192324172705, 8368330.527749299071729 ], [ 3272887.265227317344397, 8368435.64994954969734 ], [ 3272878.500179409515113, 8368541.635016678832471 ], [ 3272877.105242132674903, 8368647.972755192779005 ], [ 3272883.087130426894873, 8368754.151272295974195 ], [ 3272896.417048453819007, 8368859.65944170858711 ], [ 3272917.030828117858618, 8368963.989363430999219 ], [ 3272944.829238056670874, 8369066.638810156844556 ], [ 3272979.678460955154151, 8369167.113643645308912 ], [ 3273021.410738229285926, 8369264.930194138549268 ], [ 3273069.825177430640906, 8369359.617588042281568 ], [ 3273124.688719043508172, 8369450.720015454106033 ], [ 3273185.737258936744183, 8369537.798923784866929 ], [ 3273252.676918908953667, 8369620.435129077173769 ], [ 3273322.605200075078756, 8369865.917915096506476 ], [ 3273402.812032038811594, 8370108.237181291915476 ], [ 3273493.155032753478736, 8370346.962766646407545 ], [ 3273593.473826646339148, 8370581.670887946151197 ], [ 3273703.590329105500132, 8370811.944895611144602 ], [ 3273823.309063218999654, 8371037.376010170206428 ], [ 3273952.417505931574851, 8371257.56404965929687 ], [ 3273958.55028889188543, 8371375.113341951742768 ], [ 3273971.933135097846389, 8371492.059254735708237 ], [ 3273992.514922379981726, 8371607.955058096908033 ], [ 3274020.217028855811805, 8371722.358031987212598 ], [ 3274054.933632969390601, 8371834.831159829162061 ], [ 3274096.532118200790137, 8371944.944797276519239 ], [ 3274144.853579401504248, 8372052.278312682174146 ], [ 3274199.713429569732398, 8372156.421694516204298 ], [ 3274260.902105396613479, 8372256.977117389440536 ], [ 3274328.185867643449455, 8372353.560462141409516 ], [ 3274401.307693833019584, 8372445.802782339043915 ] ] } },
{ "type": "Feature", "properties": { }, "geometry": { "type": "LineString", "coordinates": [ [ 3296835.915099468547851, 8341406.36655421089381 ], [ 3296760.812333628535271, 8341792.534573753364384 ], [ 3296696.217454447876662, 8342180.598571449518204 ], [ 3296642.178046583663672, 8342570.27267527487129 ], [ 3296598.733918666373938, 8342961.269826888106763 ], [ 3296565.917074217926711, 8343353.301993280649185 ], [ 3296543.75168864428997, 8343746.080379207618535 ], [ 3296532.254090005531907, 8344139.315639375708997 ], [ 3296513.967748621478677, 8344233.221148007549345 ], [ 3296501.645847923588008, 8344328.093723394908011 ], [ 3296495.33753991080448, 8344423.554919957183301 ], [ 3296495.067988276015967, 8344519.223943947814405 ], [ 3296500.838268160354346, 8344614.719172476790845 ], [ 3296512.625362276565284, 8344709.659676074050367 ], [ 3296530.382251739036292, 8344803.666738032363355 ], [ 3296554.038104533683509, 8344896.365365027450025 ], [ 3296583.498557805549353, 8344987.385782956145704 ], [ 3296618.646094083320349, 8345076.36491250898689 ], [ 3296659.340510017704219, 8345162.947816708125174 ], [ 3296705.419476250186563, 8345246.789117329753935 ], [ 3296756.699183956254274, 8345327.554372056387365 ], [ 3296781.940802987199277, 8345368.705952623859048 ], [ 3296809.938777302857488, 8345408.034127544611692 ], [ 3296840.56189453555271, 8345445.354585646651685 ], [ 3296873.666639804374427, 8345480.492424963973463 ], [ 3296909.097867965232581, 8345513.282972096465528 ], [ 3296946.689530610572547, 8345543.572554587386549 ], [ 3296986.26545488787815, 8345571.219220398925245 ], [ 3297027.640168427955359, 8345596.093403576873243 ], [ 3297070.619768976699561, 8345618.078531264327466 ], [ 3297115.002832889091223, 8345637.071570872329175 ], [ 3297160.581359147559851, 8345652.983511208556592 ], [ 3297207.14174449397251, 8345665.739781140349805 ], [ 3297254.465783953201026, 8345675.280598639510572 ], [ 3297302.33169376803562, 8345681.561250447295606 ], [ 3297350.515150665771216, 8345684.552302598021924 ], [ 3297398.790343164931983, 8345684.239737748168409 ], [ 3297446.93102991534397, 8345680.625020264647901 ], [ 3297494.711600064765662, 8345673.725090502761304 ], [ 3297541.908130168449134, 8345663.572285412810743 ], [ 3297588.299434065353125, 8345650.214185475371778 ], [ 3297633.66809914028272, 8345633.71339375898242 ], [ 3297677.801505740266293, 8345614.147241095080972 ], [ 3297720.492822686210275, 8345591.607423762790859 ] ] } },
{ "type": "Feature", "properties": { }, "geometry": { "type": "LineString", "coordinates": [ [ 3296413.430216737557203, 8341630.811648162081838 ], [ 3296399.804160792846233, 8342089.088029190897942 ], [ 3296377.498945811763406, 8342547.024038026109338 ], [ 3296346.52257740451023, 8343004.455317496322095 ], [ 3296306.886173009406775, 8343461.217691658996046 ], [ 3296258.603958586230874, 8343917.147223899140954 ], [ 3296201.69326325180009, 8344372.080277726054192 ], [ 3296136.174512445461005, 8344825.853573814034462 ], [ 3295965.165657809004188, 8344947.751612813211977 ], [ 3295790.530613019131124, 8345064.395349388942122 ], [ 3295612.430762767326087, 8345175.676990508101881 ], [ 3295431.030694365035743, 8345281.493697165511549 ], [ 3295246.498044325970113, 8345381.747681265696883 ], [ 3295059.003344705328345, 8345476.346295506693423 ], [ 3294868.719864253420383, 8345565.202118592336774 ] ] } },
{ "type": "Feature", "properties": { }, "geometry": { "type": "LineString", "coordinates": [ [ 3289310.403125826269388, 8351625.219655263237655 ], [ 3289487.182443748228252, 8351682.27560396771878 ], [ 3289667.359105484094471, 8351727.471611358225346 ], [ 3289850.138389348518103, 8351760.608327387832105 ], [ 3290034.714093684684485, 8351781.539592980407178 ], [ 3290220.27209355076775, 8351790.173084117472172 ], [ 3290405.993931303732097, 8351786.470721202902496 ], [ 3290591.060426604002714, 8351770.448833701200783 ], [ 3290701.567447490524501, 8351677.24519082903862 ], [ 3290818.082348183263093, 8351591.670669908635318 ], [ 3290940.079396247398108, 8351514.111395834945142 ], [ 3291067.008122801315039, 8351444.917327403090894 ], [ 3291198.295806765090674, 8351384.400678872130811 ], [ 3291333.350058674346656, 8351332.834510087035596 ], [ 3291471.561493634711951, 8351290.45149493124336 ], [ 3291612.306481360923499, 8351257.442872523330152 ], [ 3291754.949959472287446, 8351233.957581873051822 ], [ 3291898.84829956991598, 8351220.101592749357224 ], [ 3292043.352210991084576, 8351215.937425117008388 ], [ 3292123.238115297630429, 8351212.280355961062014 ], [ 3292203.183916034642607, 8351214.229923132807016 ], [ 3292282.796605944167823, 8351221.776542424224317 ], [ 3292361.684815525542945, 8351234.883115529082716 ], [ 3292439.460736512672156, 8351253.485211133025587 ], [ 3292515.742028951179236, 8351277.491383313201368 ], [ 3292590.153699874412268, 8351306.783619402907789 ], [ 3292662.329947471152991, 8351341.217921017669141 ], [ 3292731.915959238540381, 8351380.625012158416212 ], [ 3292798.569655775558203, 8351424.811170577071607 ], [ 3292861.963372945319861, 8351473.559180735610425 ], [ 3292921.785472273360938, 8351526.629401206038892 ], [ 3292977.741873025428504, 8351583.760942935012281 ], [ 3293029.557498096954077, 8351644.672951935790479 ], [ 3293076.977626084815711, 8351709.065989970229566 ], [ 3293119.76914334250614, 8351776.623505591414869 ], [ 3293157.721690120641142, 8351847.013391379266977 ], [ 3293190.648694979026914, 8351919.889616520144045 ], [ 3293218.388291086535901, 8351994.893927652388811 ], [ 3293276.281513097230345, 8352040.094131504185498 ], [ 3293337.204828507266939, 8352081.118919942528009 ], [ 3293400.857662081252784, 8352117.765890120528638 ], [ 3293466.925971745979041, 8352149.854237793944776 ], [ 3293535.083798765670508, 8352177.225650309585035 ], [ 3293604.99487531138584, 8352199.745086192153394 ], [ 3293676.314283370506018, 8352217.301441906951368 ], [ 3293748.690157174598426, 8352229.808100461028516 ], [ 3293821.765418171416968, 8352237.20335793402046 ], [ 3293895.179537653457373, 8352239.450729130767286 ], [ 3293968.57031476451084, 8352236.539125679992139 ], [ 3294041.575664281379431, 8352228.482912777923048 ], [ 3294113.835401892196387, 8352215.321836947463453 ], [ 3294184.993022560607642, 8352197.120830773375928 ], [ 3294254.697458385955542, 8352173.969691514037549 ], [ 3294322.604810833465308, 8352145.982639550231397 ], [ 3294388.380047923885286, 8352113.297753188759089 ], [ 3294451.698656680528075, 8352076.076288972981274 ], [ 3294512.248244449496269, 8352034.5018854085356 ], [ 3294559.794926952105016, 8351967.614377537742257 ], [ 3294611.91241369349882, 8351904.223579726181924 ], [ 3294668.344403981696814, 8351844.641231774352491 ], [ 3294728.813378810416907, 8351789.160345315001905 ], [ 3294793.02196693373844, 8351738.053761481307447 ], [ 3294860.654406189452857, 8351691.572809933684766 ], [ 3294931.378096937667578, 8351649.946072339080274 ], [ 3295004.845237493049353, 8351613.378259181044996 ], [ 3295080.69453453971073, 8351582.04920172598213 ], [ 3295158.552979826461524, 8351556.112968682311475 ], [ 3295238.037684797775, 8351535.697107790969312 ], [ 3295318.757763266097754, 8351520.902019499801099 ], [ 3295400.316253661643714, 8351511.80046224500984 ], [ 3295482.312071442138404, 8351508.437195300124586 ], [ 3295564.341981388162822, 8351510.828758320771158 ], [ 3295646.00258059380576, 8351518.963390151038766 ], [ 3295726.892282300628722, 8351532.801087165251374 ], [ 3295862.792301194742322, 8351513.458866247907281 ], [ 3295997.779776860028505, 8351488.532613170333207 ], [ 3296131.625365614425391, 8351458.064678191207349 ], [ 3296264.101663589011878, 8351422.106825827620924 ], [ 3296394.983593631535769, 8351380.720148694701493 ], [ 3296524.04878737218678, 8351333.974962839856744 ], [ 3296651.077963273972273, 8351281.950688044540584 ] ] } },
{ "type": "Feature", "properties": { }, "geometry": { "type": "LineString", "coordinates": [ [ 3273038.133814397733659, 8340752.835251234471798 ], [ 3273130.270121267531067, 8340945.943499214947224 ], [ 3273232.803279721178114, 8341133.738190040923655 ], [ 3273345.427955269347876, 8341315.660088061355054 ], [ 3273467.808761715423316, 8341491.167446135543287 ], [ 3273599.581259929575026, 8341659.737619028426707 ], [ 3273740.353043249342591, 8341820.868620045483112 ], [ 3273889.704906152095646, 8341974.080615377984941 ], [ 3274022.686033117119223, 8341982.8755785189569 ], [ 3274154.761725185904652, 8342000.689703610725701 ], [ 3274285.32099151564762, 8342027.440581559203565 ], [ 3274413.759856462012976, 8342063.004460572265089 ], [ 3274539.484153031837195, 8342107.21682000067085 ], [ 3274661.912272452842444, 8342159.873130797408521 ], [ 3274780.477854251395911, 8342220.729800938628614 ], [ 3274894.632405995856971, 8342289.505303858779371 ], [ 3275003.847841381561011, 8342365.881479262374341 ], [ 3275107.618922471534461, 8342449.505006073974073 ], [ 3275205.465597270522267, 8342539.98903622943908 ], [ 3275296.935220705810934, 8342636.914984580129385 ], [ 3275381.604648294392973, 8342739.83446532767266 ], [ 3275477.507888705469668, 8342840.783986518159509 ], [ 3275566.706165752373636, 8342947.704072116874158 ], [ 3275648.828648805152625, 8343060.150215386413038 ], [ 3275723.533923983108252, 8343177.654935359023511 ], [ 3275790.51141321612522, 8343299.729720829986036 ], [ 3275849.482666134368628, 8343425.867061375640333 ], [ 3275900.20251703215763, 8343555.542556523345411 ], [ 3275942.460104584228247, 8343688.217096804641187 ], [ 3275976.079748153220862, 8343823.339104413054883 ], [ 3276000.921678065788001, 8343960.346826313994825 ], [ 3276016.88261731620878, 8344098.670669912360609 ], [ 3276023.896210224367678, 8344237.735571572557092 ], [ 3276021.933298682328314, 8344376.963385907001793 ], [ 3276087.706952362786978, 8344468.970653365366161 ], [ 3276146.945179607719183, 8344565.315571464598179 ], [ 3276199.363044976722449, 8344665.534722327254713 ], [ 3276244.708419203292578, 8344769.146053074859083 ], [ 3276282.763191699516028, 8344875.65119409468025 ], [ 3276313.344319343101233, 8344984.537857293151319 ], [ 3276336.304707288276404, 8345095.282299279235303 ], [ 3276351.533916353713721, 8345207.351840018294752 ], [ 3276358.958694338332862, 8345320.207426785491407 ], [ 3276358.543328046333045, 8345433.306225537322462 ], [ 3276350.289815306197852, 8345546.104232310317457 ], [ 3276334.237855553161353, 8345658.058889864943922 ], [ 3276310.464658498298377, 8345768.631698130629957 ], [ 3276279.084572910796851, 8345877.29080271627754 ], [ 3276240.248536586295813, 8345983.513555048964918 ], [ 3276194.143350481521338, 8346086.7890245905146 ], [ 3276140.990779876243323, 8346186.620457648299634 ], [ 3276081.046488165389746, 8346282.527666329406202 ], [ 3276014.598806407302618, 8346374.049338020384312 ], [ 3275941.967347412835807, 8346460.745254586450756 ], [ 3275863.50146765820682, 8346542.198409902863204 ], [ 3275538.435838031582534, 8346761.235309658572078 ], [ 3275229.733283593785018, 8347002.787705545313656 ], [ 3274938.950323938857764, 8347265.637657879851758 ], [ 3274667.553125500213355, 8347548.459841965697706 ], [ 3274416.910109400283545, 8347849.82823038008064 ], [ 3274188.285051226150244, 8348168.223283528350294 ], [ 3273982.830709173809737, 8348502.039610748179257 ], [ 3273801.583011436276138, 8348849.594065485522151 ], [ 3273645.455833322834224, 8349209.134232141077518 ], [ 3273600.41870736470446, 8349241.943494939245284 ], [ 3273553.290814549196512, 8349271.671464298851788 ], [ 3273504.282623171340674, 8349298.185378312133253 ], [ 3273453.612998842727393, 8349321.366828202269971 ], [ 3273401.508226871024817, 8349341.11228799726814 ], [ 3273348.201001882087439, 8349357.333576678298414 ], [ 3273293.929388403426856, 8349369.958251475356519 ], [ 3273238.935757874976844, 8349378.929932116530836 ], [ 3273183.465706347953528, 8349384.208551882766187 ], [ 3273127.766957282554358, 8349385.770536898635328 ], [ 3273072.088255643378943, 8349383.608911513350904 ], [ 3273016.678256630431861, 8349377.733329533599317 ], [ 3272961.784415840636939, 8349368.170030592940748 ], [ 3272907.651883482467383, 8349354.961723326705396 ], [ 3272854.522409796249121, 8349338.167394637130201 ], [ 3272802.633265614043921, 8349317.86204647924751 ], [ 3272752.216182589065284, 8349294.136360405944288 ], [ 3272703.496318101417273, 8349267.096292733214796 ], [ 3272656.691250323783606, 8349236.862601756118238 ], [ 3272612.010005592834204, 8349203.570308207534254 ], [ 3272569.652125954162329, 8349167.368091582320631 ], [ 3272529.806777357589453, 8349128.417627810500562 ], [ 3272492.651904940139502, 8349086.892865180037916 ], [ 3272458.353438734542578, 8349042.979249476455152 ], [ 3272427.064551829826087, 8348996.872894047759473 ], [ 3272398.924977540504187, 8348948.779705285094678 ], [ 3272374.060384153854102, 8348898.914462327025831 ], [ 3272352.581814527045935, 8348847.49985861685127 ], [ 3272334.585189461242408, 8348794.765506028197706 ], [ 3272320.150880336295813, 8348740.946911095641553 ], [ 3272309.343349129427224, 8348686.284421776421368 ], [ 3272302.21086131921038, 8348631.022155665792525 ], [ 3272298.785269618500024, 8348575.406908045522869 ], [ 3272204.918024573940784, 8348456.217135398648679 ], [ 3272103.546762176323682, 8348343.340526663698256 ], [ 3271995.095012425910681, 8348237.248681782744825 ], [ 3271880.015887617599219, 8348138.384852885268629 ], [ 3271758.790189265739173, 8348047.162094353698194 ], [ 3271631.924399613868445, 8347963.961535214446485 ], [ 3271499.948564767371863, 8347889.130788563750684 ], [ 3271363.414081096183509, 8347822.982497691176832 ], [ 3271222.891390800010413, 8347765.793030737899244 ], [ 3271078.967598914634436, 8347717.801325797103345 ], [ 3270932.244020223151892, 8347679.207892416976392 ], [ 3270783.333667277824134, 8347650.173974751494825 ], [ 3270632.858688592445105, 8347630.820876597426832 ], [ 3270481.447769999038428, 8347621.229455231688917 ], [ 3270329.733507700730115, 8347621.439783417619765 ], [ 3270178.349765096325427, 8347631.450983255170286 ], [ 3270027.929024939890951, 8347651.221227070316672 ], [ 3269766.323815724346787, 8347705.697875728830695 ], [ 3269505.135498356074095, 8347762.139469062909484 ], [ 3269244.378831147681922, 8347820.542818306945264 ], [ 3268984.068548559676856, 8347880.904623030684888 ], [ 3268724.219359587877989, 8347943.22147217951715 ], [ 3268464.845947405789047, 8348007.489845266565681 ], [ 3268205.962968163192272, 8348073.706109801307321 ] ] } },
{ "type": "Feature", "properties": { }, "geometry": { "type": "LineString", "coordinates": [ [ 3298598.469219608232379, 8349578.808504527434707 ], [ 3298611.206747727002949, 8349591.033688831143081 ], [ 3298624.743180059362203, 8349602.367918134666979 ], [ 3298639.016326188575476, 8349612.759119271300733 ], [ 3298653.960610389243811, 8349622.159551381133497 ], [ 3298669.507373928558081, 8349630.526026248000562 ], [ 3298685.585189818870276, 8349637.820105313323438 ], [ 3298702.120191573631018, 8349644.008277415297925 ], [ 3298719.036412000190467, 8349649.0621118536219 ], [ 3298736.2561324830167, 8349652.958389758132398 ], [ 3298753.70024013472721, 8349655.679210661910474 ], [ 3298771.288590907584876, 8349657.212073802016675 ], [ 3298788.940378546249121, 8349657.549937247298658 ], [ 3298806.574504732619971, 8349656.691248177550733 ], [ 3298824.109952806960791, 8349654.639951943419874 ], [ 3298841.466159224044532, 8349651.405472754500806 ], [ 3298858.563383936416358, 8349647.002671002410352 ], [ 3298875.323076843749732, 8349641.451774596236646 ], [ 3298891.668238400947303, 8349634.778286217711866 ], [ 3298907.523773669730872, 8349627.012865542434156 ], [ 3298922.816837310325354, 8349618.191190003417432 ], [ 3298937.477167963515967, 8349608.353788851760328 ], [ 3298951.437411427032202, 8349597.545858620665967 ], [ 3298964.633429646026343, 8349585.817054032348096 ], [ 3298977.004596113692969, 8349573.221261261962354 ], [ 3298988.494073509704322, 8349559.816349267028272 ], [ 3298999.049075603019446, 8349545.663904665969312 ], [ 3299008.621109127532691, 8349530.828948258422315 ], [ 3299017.166197299491614, 8349515.379637002013624 ], [ 3299024.645081042777747, 8349499.386949299834669 ], [ 3299031.02340006781742, 8349482.924361466430128 ], [ 3299036.27185022784397, 8349466.067507504485548 ], [ 3299040.366318463813514, 8349448.893833159469068 ], [ 3299043.287993549834937, 8349431.482240199111402 ], [ 3299045.023452281486243, 8349413.912722825072706 ], [ 3299045.564721345435828, 8349396.2660012235865 ], [ 3299044.909314155112952, 8349378.623150109313428 ], [ 3299043.060241817962378, 8349361.065226315520704 ], [ 3299040.025999426376075, 8349343.672896861098707 ], [ 3299035.820527433883399, 8349326.526067255996168 ], [ 3299030.463147043716162, 8349309.703516005538404 ], [ 3299023.978471659589559, 8349293.282531143166125 ], [ 3299016.396294312085956, 8349277.338556098751724 ], [ 3299007.751449753530324, 8349261.944842480123043 ], [ 3299015.454747212119401, 8349192.876518255099654 ], [ 3299027.246391220483929, 8349124.387604805640876 ], [ 3299043.084754585754126, 8349056.719884156249464 ], [ 3299062.913923620712012, 8348990.11224031355232 ], [ 3299086.663896560203284, 8348924.799814461730421 ], [ 3299114.25083029223606, 8348861.013175963424146 ], [ 3299145.577335877809674, 8348798.977506968192756 ], [ 3299180.532823336310685, 8348738.911808973178267 ], [ 3299218.993891119025648, 8348681.02812872454524 ] ] } },
{ "type": "Feature", "properties": { }, "geometry": { "type": "LineString", "coordinates": [ [ 3315458.256571084260941, 8366847.878086148761213 ], [ 3315434.777141301427037, 8367173.287124492228031 ], [ 3315407.801763615105301, 8367498.425026066601276 ], [ 3315377.333553790580481, 8367823.254233836196363 ], [ 3315343.376031279098243, 8368147.737226485274732 ], [ 3315305.933118543121964, 8368471.836523182690144 ], [ 3315265.009140579495579, 8368795.514687396585941 ], [ 3315220.608824548311532, 8369118.734330827370286 ], [ 3315233.991777455899864, 8369209.840894446708262 ], [ 3315240.686533198226243, 8369301.681460848078132 ], [ 3315240.657349705230445, 8369393.765707491897047 ], [ 3315233.904382466804236, 8369485.602011918090284 ], [ 3315220.463684677612036, 8369576.700074433349073 ], [ 3315200.407014131080359, 8369666.573537348769605 ], [ 3315173.841450080741197, 8369754.742580404505134 ], [ 3315140.908821737859398, 8369840.736483321525156 ], [ 3315101.784951280336827, 8369924.096138533204794 ], [ 3315099.918285144492984, 8369958.573919055983424 ], [ 3315095.653159570880234, 8369992.837755496613681 ], [ 3315089.010318159591407, 8370026.721002816222608 ], [ 3315080.022068976890296, 8370060.058866738341749 ], [ 3315068.732127308379859, 8370092.689205407164991 ], [ 3315055.195402621757239, 8370124.453318356536329 ], [ 3315039.477732181083411, 8370155.196717976592481 ], [ 3315021.655560135375708, 8370184.769881009124219 ], [ 3315001.815566300880164, 8370213.028975724242628 ], [ 3314980.054244279395789, 8370239.836561440490186 ], [ 3314956.477432250510901, 8370265.062257050536573 ], [ 3314931.199797987472266, 8370288.583374976180494 ], [ 3314904.344281672965735, 8370310.285518406890333 ], [ 3314876.041497587691993, 8370330.063137053512037 ], [ 3314846.429098724853247, 8370347.820040463469923 ], [ 3314815.651107549201697, 8370363.46986651327461 ], [ 3314783.857215880881995, 8370376.936500548385084 ], [ 3314751.202055930625647, 8370388.154446839354932 ], [ 3314717.844449162017554, 8370397.069145678542554 ], [ 3314683.946633100043982, 8370403.637239455245435 ], [ 3314649.673473, 8370407.82678413297981 ], [ 3314615.191659450065345, 8370409.617403029464185 ], [ 3314580.668897628318518, 8370409.000387429259717 ], [ 3314546.273092388641089, 8370405.978738307021558 ], [ 3314512.171530603896827, 8370400.567151545546949 ], [ 3314478.530068277847022, 8370392.791947125457227 ], [ 3314445.512323855888098, 8370382.690940379165113 ], [ 3314413.278881906997412, 8370370.313258646987379 ], [ 3314381.986512732692063, 8370355.719101245515049 ], [ 3314351.787409676238894, 8370338.979449031874537 ], [ 3314322.828448745422065, 8370320.175716092810035 ], [ 3314171.401599224191159, 8370216.150738078169525 ], [ 3314025.251459191553295, 8370104.83396802842617 ], [ 3313884.728835701476783, 8369986.492601393721998 ], [ 3313750.171027898322791, 8369861.410695790313184 ], [ 3313621.90101773571223, 8369729.888487204909325 ], [ 3313500.226694400887936, 8369592.241671639494598 ], [ 3313385.44011518638581, 8369448.800645460374653 ], [ 3313050.370936003513634, 8369444.090838963165879 ], [ 3312715.297825174406171, 8369448.51209843531251 ], [ 3312380.469569801818579, 8369462.061141251586378 ], [ 3312046.134775161277503, 8369484.727906941436231 ], [ 3311712.541680173948407, 8369516.495566014200449 ], [ 3311379.937973228283226, 8369557.340531403198838 ], [ 3311048.570607581641525, 8369607.232476484961808 ], [ 3310864.325388988945633, 8369640.765439760871232 ], [ 3310681.387627395801246, 8369680.822095075622201 ], [ 3310499.98823583079502, 8369727.35188031103462 ], [ 3310320.356185078155249, 8369780.296063660643995 ], [ 3310142.718215378932655, 8369839.587816396728158 ], [ 3309967.298549971077591, 8369905.152297508902848 ], [ 3309794.318611974827945, 8369976.906748874112964 ], [ 3309666.638997392263263, 8369949.919922768138349 ], [ 3309541.030943604651839, 8369914.522329962812364 ], [ 3309418.047854184638709, 8369870.869924782775342 ], [ 3309298.231567620765418, 8369819.155030964873731 ], [ 3309182.109970092307776, 8369759.605493783019483 ], [ 3309070.19466996146366, 8369692.48367643263191 ], [ 3308962.978743168059736, 8369618.085303938947618 ], [ 3308860.934561328496784, 8369536.738160788081586 ], [ 3308764.511710318271071, 8369448.800645460374653 ] ] } },
{ "type": "Feature", "properties": { }, "geometry": { "type": "LineString", "coordinates": [ [ 3323795.73167872056365, 8338171.716670792549849 ], [ 3323806.944553730078042, 8338180.688505432568491 ], [ 3323818.001606987323612, 8338189.85169025324285 ], [ 3323828.899573459755629, 8338199.203519462607801 ], [ 3323839.635235092137009, 8338208.741231562569737 ], [ 3323850.20542175648734, 8338218.46201016753912 ], [ 3323860.607012186199427, 8338228.362984832376242 ], [ 3323870.83693490177393, 8338238.441231903620064 ], [ 3323880.892169113270938, 8338248.693775380961597 ], [ 3323890.769745615776628, 8338259.117587794549763 ], [ 3323900.466747663915157, 8338269.70959110185504 ], [ 3323909.980311835184693, 8338280.466657595708966 ], [ 3323919.307628873735666, 8338291.385610826313496 ], [ 3323928.445944519713521, 8338302.463226542808115 ], [ 3323937.392560324631631, 8338313.696233638562262 ], [ 3323946.144834446720779, 8338325.081315127201378 ], [ 3323954.700182430446148, 8338336.615109111182392 ], [ 3323963.056077972054482, 8338348.294209782034159 ], [ 3323971.210053662303835, 8338360.115168425254524 ], [ 3323979.159701718017459, 8338372.07449443358928 ], [ 3323986.902674691285938, 8338384.168656344525516 ], [ 3323994.43668616283685, 8338396.39408287871629 ], [ 3324001.759511418640614, 8338408.747163995169103 ], [ 3324008.868988104630262, 8338421.224251958541572 ], [ 3324015.763016866985708, 8338433.821662414819002 ], [ 3324022.439561970997602, 8338446.535675481893122 ], [ 3324028.896651903167367, 8338459.36253684386611 ], [ 3324035.132379951886833, 8338472.298458863981068 ], [ 3324041.144904772285372, 8338485.339621698483825 ], [ 3324046.932450929190964, 8338498.482174429111183 ], [ 3324052.493309420067817, 8338511.722236197441816 ], [ 3324057.825838181655854, 8338525.055897352285683 ], [ 3324062.928462574724108, 8338538.479220603592694 ], [ 3324067.799675847403705, 8338551.98824218288064 ], [ 3324072.438039581291378, 8338565.578973019495606 ], [ 3324076.842184115666896, 8338579.247399911284447 ], [ 3324081.010808954015374, 8338592.989486716687679 ], [ 3324084.942683144006878, 8338606.801175539381802 ], [ 3324088.636645644903183, 8338620.678387934342027 ], [ 3324092.091605667490512, 8338634.617026103660464 ], [ 3324095.306542999576777, 8338648.612974115647376 ], [ 3324098.280508302617818, 8338662.662099111825228 ], [ 3324101.012623396236449, 8338676.760252534411848 ], [ 3324103.502081515733153, 8338690.903271344490349 ], [ 3324105.748147550038993, 8338705.086979256942868 ], [ 3324107.750158258713782, 8338719.307187972590327 ], [ 3324109.507522470317781, 8338733.559698412194848 ], [ 3324111.019721251912415, 8338747.840301957912743 ], [ 3324112.286308068782091, 8338762.144781697541475 ], [ 3324113.306908909697086, 8338776.468913668766618 ], [ 3324114.081222402397543, 8338790.808468104340136 ], [ 3324114.609019900672138, 8338805.159210683777928 ], [ 3324114.890145550481975, 8338819.516903784126043 ], [ 3324114.924516339320689, 8338833.877307728864253 ], [ 3324114.712122117634863, 8338848.236182039603591 ], [ 3324114.253025603014976, 8338862.58928669244051 ], [ 3324113.547362361568958, 8338876.932383365929127 ], [ 3324112.595340768806636, 8338891.261236693710089 ], [ 3324115.988877541851252, 8338898.542588328011334 ], [ 3324119.257344175130129, 8338905.880932781845331 ], [ 3324122.399783909786493, 8338913.274121942929924 ], [ 3324125.415276876185089, 8338920.719991644844413 ], [ 3324128.30294036725536, 8338928.216362301260233 ], [ 3324131.061929093208164, 8338935.761039542034268 ], [ 3324133.691435430664569, 8338943.351814855821431 ], [ 3324136.190689660143107, 8338950.986466239206493 ], [ 3324138.558960188645869, 8338958.662758844904602 ], [ 3324140.795553765259683, 8338966.378445633687079 ], [ 3324142.899815685581416, 8338974.131268037483096 ], [ 3324144.871129980776459, 8338981.918956615962088 ], [ 3324146.708919599186629, 8338989.739231725223362 ], [ 3324148.412646574899554, 8338997.589804178103805 ], [ 3324149.981812185607851, 8339005.468375923112035 ], [ 3324151.415957098361105, 8339013.372640710324049 ], [ 3324152.714661504607648, 8339021.300284768454731 ], [ 3324153.87754524173215, 8339029.24898748472333 ], [ 3324154.904267905279994, 8339037.216422079131007 ], [ 3324155.794528948143125, 8339045.200256291776896 ], [ 3324156.548067770432681, 8339053.198153058998287 ], [ 3324157.164663791656494, 8339061.207771201618016 ], [ 3324157.644136520568281, 8339069.226766111329198 ], [ 3324157.986345602665097, 8339077.252790432423353 ], [ 3324158.191190865356475, 8339085.283494751900434 ], [ 3324158.258612345904112, 8339093.316528288647532 ], [ 3324158.188590308185667, 8339101.349539577029645 ], [ 3324157.981145248748362, 8339109.380177160724998 ], [ 3324157.63633789261803, 8339117.406090276315808 ], [ 3324157.154269172810018, 8339125.424929544329643 ], [ 3324156.53508020285517, 8339133.434347655624151 ], [ 3324155.778952234424651, 8339141.432000057771802 ], [ 3324154.88610660424456, 8339149.415545644238591 ], [ 3324153.856804670300335, 8339157.382647437043488 ], [ 3324152.691347733605653, 8339165.33097327221185 ], [ 3324151.390076952520758, 8339173.258196481503546 ], [ 3324149.953373240772635, 8339181.161996574141085 ], [ 3324148.381657155230641, 8339189.040059914812446 ], [ 3324146.675388776697218, 8339196.890080403536558 ], [ 3324144.835067570675164, 8339204.709760148078203 ], [ 3324142.861232244409621, 8339212.496810139156878 ], [ 3324140.754460586700588, 8339220.248950916342437 ], [ 3324138.515369301661849, 8339227.963913241401315 ], [ 3324136.144613825716078, 8339235.639438755810261 ], [ 3324133.642888135742396, 8339243.273280647583306 ], [ 3324131.010924548376352, 8339250.863204305060208 ], [ 3324128.249493503477424, 8339258.406987973488867 ], [ 3324125.3594033382833, 8339265.902423404157162 ], [ 3324122.341500053182244, 8339273.34731649979949 ], [ 3324119.196667061187327, 8339280.739487960934639 ] ] } },
{ "type": "Feature", "properties": { }, "geometry": { "type": "LineString", "coordinates": [ [ 3326099.594554862007499, 8339557.995192253030837 ], [ 3326106.713786732405424, 8339592.362781630828977 ], [ 3326113.25383747369051, 8339626.845275716856122 ], [ 3326119.212855984456837, 8339661.432914556004107 ], [ 3326124.589155619032681, 8339696.115908434614539 ], [ 3326129.381214664783329, 8339730.884440646506846 ], [ 3326133.587676773313433, 8339765.728670277632773 ], [ 3326137.207351344171911, 8339800.638734988868237 ], [ 3326140.239213861059397, 8339835.60475380346179 ], [ 3326142.682406183797866, 8339870.616829911246896 ], [ 3326144.536236788611859, 8339905.665053463540971 ], [ 3326145.80018096556887, 8339940.739504381082952 ], [ 3326146.473880967590958, 8339975.830255162902176 ], [ 3326146.557146109174937, 8340010.92737369146198 ], [ 3326146.049952823668718, 8340046.020926048979163 ], [ 3326144.952444666996598, 8340081.100979326292872 ], [ 3326143.264932278543711, 8340116.157604434527457 ], [ 3326140.987893294077367, 8340151.180878918617964 ], [ 3326138.121972207911313, 8340186.160889758728445 ], [ 3326134.667980193160474, 8340221.087736184708774 ], [ 3326130.626894870307297, 8340255.951532470993698 ], [ 3326125.999860032461584, 8340290.74241073988378 ], [ 3326124.503243253100663, 8340306.578285098075867 ], [ 3326123.279754433780909, 8340322.43759950902313 ], [ 3326122.329756964929402, 8340338.315643573179841 ], [ 3326121.653533007018268, 8340354.207701326347888 ], [ 3326121.25128340581432, 8340370.109052644111216 ], [ 3326121.123127634171396, 8340386.01497464068234 ], [ 3326121.269103756174445, 8340401.920743074268103 ], [ 3326121.689168415032327, 8340417.821633745916188 ], [ 3326122.383196847047657, 8340433.712923907674849 ], [ 3326123.350982917007059, 8340449.589893663302064 ], [ 3326124.592239181976765, 8340465.447827367112041 ], [ 3326126.106596974190325, 8340481.282015030272305 ], [ 3326127.893606511875987, 8340497.087753714993596 ], [ 3326129.952737031970173, 8340512.860348935239017 ], [ 3326132.283376949839294, 8340528.59511604718864 ], [ 3326134.884834038093686, 8340544.287381641566753 ], [ 3326137.756335633341223, 8340559.932484935037792 ], [ 3326140.897028866689652, 8340575.525779150426388 ], [ 3326144.305980916135013, 8340591.062632898800075 ], [ 3326147.982179283164442, 8340606.53843155503273 ], [ 3326151.924532094504684, 8340621.94857862778008 ], [ 3326156.131868425756693, 8340637.288497123867273 ], [ 3326160.602938648778945, 8340652.553630910813808 ], [ 3326165.336414804682136, 8340667.739446067251265 ], [ 3326170.330890995915979, 8340682.841432229615748 ], [ 3326175.584883804898709, 8340697.855103933252394 ], [ 3326181.096832735463977, 8340712.776001945137978 ], [ 3326186.865100674796849, 8340727.599694583564997 ], [ 3326192.887974380515516, 8340742.321779042482376 ], [ 3326199.163664989173412, 8340756.937882690690458 ], [ 3326205.690308548510075, 8340771.443664376623929 ], [ 3326212.465966569259763, 8340785.834815715439618 ], [ 3326219.488626603037119, 8340800.107062368653715 ], [ 3326226.756202837917954, 8340814.256165313534439 ], [ 3326234.266536720097065, 8340828.277922103181481 ], [ 3326242.017397593241185, 8340842.168168112635612 ], [ 3326250.006483362056315, 8340855.922777778469026 ], [ 3326258.231421175878495, 8340869.537665821611881 ], [ 3326266.689768131822348, 8340883.008788463659585 ], [ 3326275.379012004472315, 8340896.332144625484943 ], [ 3326284.296571986284107, 8340909.503777114674449 ], [ 3326293.439799460116774, 8340922.519773805513978 ], [ 3326302.805978780146688, 8340935.376268794760108 ], [ 3326312.392328083980829, 8340948.069443555548787 ], [ 3326322.19600011408329, 8340960.59552806802094 ], [ 3326332.214083066210151, 8340972.950801938772202 ], [ 3326342.443601454142481, 8340985.131595510058105 ], [ 3326352.881516993045807, 8340997.13429094478488 ], [ 3326363.524729499593377, 8341008.955323302187026 ], [ 3326374.370077818166465, 8341020.591181600466371 ], [ 3326385.414340753573924, 8341032.038409854285419 ], [ 3326396.654238032177091, 8341043.293608103878796 ], [ 3326455.69148854073137, 8341129.706126780249178 ], [ 3326516.17798016872257, 8341215.11048651766032 ], [ 3326578.096500685904175, 8341299.482384378090501 ], [ 3326641.429430359508842, 8341382.797811224125326 ], [ 3326706.158746968954802, 8341465.03305855114013 ], [ 3326772.266030932310969, 8341546.164725232869387 ], [ 3326839.732470549177378, 8341626.169724184088409 ], [ 3326908.538867352996022, 8341705.025288923643529 ], [ 3326978.665641575120389, 8341782.708980062045157 ], [ 3327050.092837716452777, 8341859.198691677302122 ], [ 3327122.80013022525236, 8341934.472657612524927 ], [ 3327130.454960122238845, 8341930.957296955399215 ], [ 3327138.047748118173331, 8341927.309866113588214 ], [ 3327145.576215791516006, 8341923.531459597870708 ], [ 3327153.038104019593447, 8341919.623211222700775 ], [ 3327160.431173661258072, 8341915.586293762549758 ], [ 3327167.753206224180758, 8341911.421918605454266 ], [ 3327175.002004533540457, 8341907.131335385143757 ], [ 3327182.175393390469253, 8341902.715831607580185 ], [ 3327189.271220224443823, 8341898.176732265390456 ], [ 3327196.287355739623308, 8341893.515399437397718 ], [ 3327203.221694554202259, 8341888.733231884427369 ], [ 3327210.072155830916017, 8341883.831664625555277 ], [ 3327216.83668390288949, 8341878.812168508768082 ], [ 3327223.513248889707029, 8341873.676249771378934 ], [ 3327230.099847306031734, 8341868.42544958461076 ], [ 3327236.594502664171159, 8341863.061343594454229 ], [ 3327242.995266066398472, 8341857.585541445761919 ], [ 3327249.300216789357364, 8341851.999686302617192 ], [ 3327255.507462861482054, 8341846.305454351939261 ], [ 3327261.615141629241407, 8341840.504554304294288 ], [ 3327267.621420318260789, 8341834.598726876080036 ], [ 3327273.52449658093974, 8341828.589744271710515 ], [ 3327279.322599038947374, 8341822.47940965089947 ], [ 3327285.013987814076245, 8341816.269556583836675 ], [ 3327290.596955049782991, 8341809.962048506364226 ], [ 3327296.069825425744057, 8341803.558778158389032 ], [ 3327301.430956657975912, 8341797.061667014844716 ], [ 3327306.678739993833005, 8341790.47266471106559 ], [ 3327311.811600692104548, 8341783.793748455122113 ], [ 3327316.827998499851674, 8341777.026922439225018 ], [ 3327321.72642810922116, 8341770.174217231571674 ], [ 3327326.505419614259154, 8341763.237689173780382 ], [ 3327331.163538947701454, 8341756.219419759698212 ], [ 3327335.699388315435499, 8341749.121515011414886 ], [ 3327340.111606610938907, 8341741.946104847826064 ], [ 3327344.398869829718024, 8341734.695342446677387 ], [ 3327348.559891460929066, 8341727.371403596363962 ], [ 3327352.593422877136618, 8341719.97648604400456 ], [ 3327356.498253707773983, 8341712.512808834202588 ], [ 3327360.27321220189333, 8341704.982611647807062 ], [ 3327363.917165580671281, 8341697.388154124841094 ], [ 3327367.429020376875997, 8341689.731715188361704 ], [ 3327370.807722763158381, 8341682.01559236086905 ], [ 3327374.052258867770433, 8341674.242101075127721 ], [ 3327377.161655079573393, 8341666.413573978468776 ], [ 3327380.134978339541703, 8341658.532360234297812 ], [ 3327382.97133642109111, 8341650.600824813358486 ], [ 3327385.669878198765218, 8341642.621347788721323 ], [ 3327388.229793900158256, 8341634.596323621459305 ], [ 3327390.650315354578197, 8341626.528160435147583 ], [ 3327392.930716217495501, 8341618.419279304333031 ], [ 3327395.070312193594873, 8341610.272113516926765 ], [ 3327397.068461238406599, 8341602.089107853360474 ], [ 3327398.924563752952963, 8341593.872717845253646 ], [ 3327400.638062763493508, 8341585.625409046187997 ], [ 3327402.208444087766111, 8341577.349656282924116 ], [ 3327403.635236490517855, 8341569.047942920587957 ], [ 3327404.918011823669076, 8341560.722760115750134 ], [ 3327406.056385155767202, 8341552.376606063917279 ], [ 3327407.050014886539429, 8341544.011985255405307 ], [ 3327407.898602850735188, 8341535.631407723762095 ], [ 3327408.601894406601787, 8341527.237388288602233 ], [ 3327409.159678511787206, 8341518.832445802167058 ], [ 3327409.571787788532674, 8341510.419102397747338 ], [ 3327409.838098572101444, 8341501.999882726930082 ], [ 3327409.958530948963016, 8341493.577313205227256 ], [ 3327409.933048779610544, 8341485.153921254910529 ], [ 3327409.761659711133689, 8341476.732234541326761 ], [ 3327409.444415172562003, 8341468.314780223183334 ], [ 3327408.981410363223404, 8341459.904084185138345 ], [ 3327408.372784219216555, 8341451.50267028529197 ], [ 3327407.618719375692308, 8341443.113059596158564 ], [ 3327406.719442110043019, 8341434.737769649364054 ], [ 3327405.67522227531299, 8341426.37931367661804 ], [ 3327404.486373217310756, 8341418.040199861861765 ], [ 3327403.153251683805138, 8341409.722930582240224 ], [ 3327401.676257712766528, 8341401.430001660250127 ], [ 3327400.055834517348558, 8341393.163901614025235 ], [ 3327415.125006943475455, 8341377.365694455802441 ], [ 3327429.920419059228152, 8341361.310817086137831 ], [ 3327444.4376997416839, 8341345.004012720659375 ], [ 3327458.672560038976371, 8341328.450099004432559 ], [ 3327472.620794436428696, 8341311.653966586105525 ], [ 3327486.278282100800425, 8341294.620577677153051 ], [ 3327499.640988095197827, 8341277.354964582249522 ], [ 3327512.704964572098106, 8341259.862228214740753 ], [ 3327525.466351941227913, 8341242.147536587901413 ], [ 3327537.921380007639527, 8341224.216123289428651 ], [ 3327550.066369086038321, 8341206.073285933583975 ], [ 3327561.897731089964509, 8341187.724384600296617 ], [ 3327573.411970588378608, 8341169.174840244464576 ], [ 3327584.605685840826482, 8341150.430133101530373 ], [ 3327595.475569802802056, 8341131.495801065117121 ], [ 3327606.018411100376397, 8341112.377438049763441 ], [ 3327616.231094981078058, 8341093.08069233968854 ], [ 3327626.110604233108461, 8341073.611264922656119 ], [ 3327635.654020076617599, 8341053.974907799623907 ], [ 3327644.858523027505726, 8341034.177422291599214 ], [ 3327653.721393728628755, 8341014.224657321348786 ], [ 3327662.240013753995299, 8340994.122507687658072 ], [ 3327670.411866382230073, 8340973.876912323758006 ], [ 3327678.234537339303643, 8340953.493852540850639 ], [ 3327685.705715514719486, 8340932.979350263252854 ], [ 3327692.82319363951683, 8340912.339466247707605 ], [ 3327699.584868943318725, 8340891.580298294313252 ], [ 3327705.98874377226457, 8340870.707979444414377 ], [ 3327712.032926179934293, 8340849.72867616545409 ], [ 3327717.715630487538874, 8340828.648586536757648 ], [ 3327723.035177810117602, 8340807.473938409239054 ], [ 3327727.989996552467346, 8340786.210987573489547 ], [ 3327732.578622874803841, 8340764.866015905514359 ], [ 3327736.79970112349838, 8340743.445329515263438 ], [ 3327740.651984233409166, 8340721.955256880261004 ], [ 3327744.134334094356745, 8340700.402146977372468 ], [ 3327747.245721889659762, 8340678.792367408983409 ], [ 3327749.985228397883475, 8340657.132302517071366 ], [ 3327752.352044265251607, 8340635.42835150193423 ], [ 3327754.345470245461911, 8340613.686926527880132 ], [ 3327755.964917405042797, 8340591.914450832642615 ], [ 3327757.209907298907638, 8340570.117356824688613 ], [ 3327758.080072109121829, 8340548.302084187977016 ], [ 3327758.575154757127166, 8340526.475077975541353 ], [ 3327758.695008976384997, 8340504.642786707729101 ], [ 3327758.439599357545376, 8340482.811660466715693 ], [ 3327757.809001358225942, 8340460.988148990087211 ], [ 3327756.803401281125844, 8340439.178699764423072 ], [ 3327755.423096217680722, 8340417.389756124466658 ], [ 3327753.668493962846696, 8340395.627755344845355 ], [ 3327751.540112891700119, 8340373.899126740172505 ], [ 3327749.038581808097661, 8340352.210289766080678 ], [ 3327746.164639759343117, 8340330.567652123980224 ], [ 3327742.91913581546396, 8340308.977607863023877 ], [ 3327739.303028821479529, 8340287.446535496972501 ], [ 3327735.317387111019343, 8340265.980796116404235 ], [ 3327730.963388192933053, 8340244.586731508374214 ], [ 3327726.242318402510136, 8340223.270662287250161 ], [ 3327721.155572521965951, 8340202.038886021822691 ], [ 3327715.704653367865831, 8340180.897675380110741 ], [ 3327709.89117134641856, 8340159.853276272304356 ], [ 3327703.716843980364501, 8340138.911906006745994 ] ] } },
{ "type": "Feature", "properties": { }, "geometry": { "type": "LineString", "coordinates": [ [ 3331222.223757973872125, 8342304.146930001676083 ], [ 3331261.868702001869678, 8342343.845050990581512 ], [ 3331302.179791918024421, 8342382.866563349030912 ], [ 3331343.145481870509684, 8342421.200290583074093 ], [ 3331384.754038516432047, 8342458.83525319583714 ], [ 3331426.993544384371489, 8342495.760671826079488 ], [ 3331469.851901287212968, 8342531.965970342047513 ], [ 3331513.316833786666393, 8342567.440778865478933 ], [ 3331557.375892711337656, 8342602.174936746247113 ], [ 3331602.016458719037473, 8342636.158495469018817 ], [ 3331647.225745914503932, 8342669.381721505895257 ], [ 3331692.990805508568883, 8342701.835099101066589 ], [ 3331739.298529530409724, 8342733.509332997724414 ], [ 3331786.135654577985406, 8342764.395351100713015 ], [ 3331833.488765619695187, 8342794.484307074919343 ], [ 3331881.344299836549908, 8342823.767582879401743 ], [ 3331929.68855050439015, 8342852.236791233532131 ], [ 3331978.507670923601836, 8342879.883778022602201 ], [ 3332027.787678381428123, 8342906.700624629855156 ], [ 3332077.514458158519119, 8342932.679650207050145 ], [ 3332127.673767572734505, 8342957.813413875177503 ], [ 3332178.251240056008101, 8342982.094716851599514 ], [ 3332229.232389270793647, 8343005.516604514792562 ], [ 3332280.602613259572536, 8343028.072368397377431 ], [ 3332332.347198626026511, 8343049.755548105575144 ], [ 3332384.451324749737978, 8343070.559933168813586 ], [ 3332436.900068031158298, 8343090.479564821347594 ], [ 3332489.678406165912747, 8343109.508737707510591 ], [ 3332601.839683769270778, 8343107.293624608777463 ], [ 3332714.022375508677214, 8343106.973322054371238 ], [ 3332826.194473449606448, 8343108.547921433113515 ], [ 3332938.323972679208964, 8343112.016973480582237 ], [ 3333050.37888044025749, 8343117.379488407634199 ], [ 3333162.327225256245583, 8343124.633936183527112 ], [ 3333274.13706605695188, 8343133.778246970847249 ], [ 3333385.77650128910318, 8343144.809811716899276 ], [ 3333497.213678019121289, 8343157.725482898764312 ], [ 3333608.416801022365689, 8343172.521575422026217 ], [ 3333719.354141854681075, 8343189.193867667578161 ], [ 3333829.994047903455794, 8343207.737602703273296 ], [ 3333940.304951422382146, 8343228.147489635273814 ], [ 3334050.255378533154726, 8343250.417705119587481 ], [ 3334159.813958211336285, 8343274.541895024478436 ] ] } },
{ "type": "Feature", "properties": { }, "geometry": { "type": "LineString", "coordinates": [ [ 3322765.924777064006776, 8331563.789051829837263 ], [ 3322794.717311168089509, 8331669.580597212538123 ], [ 3322821.672913753893226, 8331775.855037148110569 ], [ 3322846.783495346084237, 8331882.58047828823328 ], [ 3322870.041520166676491, 8331989.724891936406493 ], [ 3322891.440008397679776, 8332097.256123660132289 ], [ 3322910.972538274247199, 8332205.141902941279113 ], [ 3322928.6332480115816, 8332313.349852861836553 ], [ 3322944.416837566532195, 8332421.847499819472432 ], [ 3322958.31857022549957, 8332530.602283270098269 ], [ 3322970.334274027962238, 8332639.581565506756306 ], [ 3322980.460343016311526, 8332748.752641444094479 ], [ 3322988.693738321308047, 8332858.082748441956937 ], [ 3322995.031989069655538, 8332967.539076134562492 ], [ 3322999.473193129058927, 8333077.088776275515556 ], [ 3323002.016017678659409, 8333186.698972597718239 ], [ 3323002.659699607174844, 8333296.33677067887038 ], [ 3323001.404045742936432, 8333405.969267813488841 ], [ 3322998.249432912562042, 8333515.563562885858119 ], [ 3322993.19680782686919, 8333625.086766245774925 ], [ 3322986.247686797287315, 8333734.506009577773511 ], [ 3322977.404155280441046, 8333843.78845576569438 ], [ 3322966.668867252767086, 8333952.90130874607712 ], [ 3322954.045044413302094, 8334061.811823350377381 ], [ 3322939.536475218366832, 8334170.487315134145319 ], [ 3322923.147513741627336, 8334278.895170182920992 ], [ 3322904.883078371640295, 8334387.002854900434613 ], [ 3322884.748650332447141, 8334494.777925775386393 ], [ 3322839.606549745891243, 8335299.68494631536305 ], [ 3322804.397689955309033, 8336105.087614023126662 ], [ 3322779.127429649699479, 8336910.863348891958594 ] ] } },
{ "type": "Feature", "properties": { }, "geometry": { "type": "LineString", "coordinates": [ [ 3331276.516900809947401, 8354522.656089749187231 ], [ 3331084.887727276422083, 8354680.496210353448987 ], [ 3330890.569073206279427, 8354835.013214278034866 ], [ 3330693.618558999616653, 8354986.161283319815993 ], [ 3330494.094585469923913, 8355133.895598251372576 ], [ 3330292.056316525209695, 8355278.17235210724175 ], [ 3330280.599446813575923, 8355277.46852910052985 ], [ 3330269.132149961777031, 8355276.962235376238823 ], [ 3330257.65783134335652, 8355276.653621285222471 ], [ 3330246.179898415692151, 8355276.542778474278748 ], [ 3330234.701759710442275, 8355276.629739861004055 ], [ 3330223.226823820266873, 8355276.914479618892074 ], [ 3330211.758498386014253, 8355277.396913192234933 ], [ 3330200.30018908623606, 8355278.076897314749658 ], [ 3330188.855298624373972, 8355278.954230056144297 ], [ 3330177.427225719671696, 8355280.028650879859924 ], [ 3330166.019364097155631, 8355281.299840722233057 ], [ 3330154.635101479012519, 8355282.767422085627913 ], [ 3330143.277818580158055, 8355284.430959152057767 ], [ 3330131.95088810287416, 8355286.289957909844816 ], [ 3330120.65767373656854, 8355288.343866304494441 ], [ 3330109.401529157534242, 8355290.592074398882687 ], [ 3330098.185797034297138, 8355293.033914556726813 ], [ 3330087.013808033894747, 8355295.668661640025675 ], [ 3330075.888879833277315, 8355298.495533223263919 ], [ 3330064.814316133968532, 8355301.513689829036593 ], [ 3330053.793405681848526, 8355304.722235172055662 ], [ 3330042.829421288799495, 8355308.120216432027519 ], [ 3330031.925618861336261, 8355311.706624530255795 ], [ 3330021.085236435756087, 8355315.480394434183836 ], [ 3330010.311493213754147, 8355319.44040546938777 ], [ 3329999.607588607352227, 8355323.585481655783951 ], [ 3329988.976701289415359, 8355327.914392055943608 ], [ 3329978.421988249756396, 8355332.425851140171289 ], [ 3329967.946583856362849, 8355337.118519167415798 ], [ 3329957.553598925936967, 8355341.991002584807575 ], [ 3329947.246119799558073, 8355347.041854442097247 ], [ 3329937.027207426261157, 8355352.269574817270041 ], [ 3329926.899896453600377, 8355357.672611267305911 ], [ 3329916.867194326594472, 8355363.249359285458922 ], [ 3329906.932080395985395, 8355368.998162778094411 ], [ 3329897.09750503115356, 8355374.917314559221268 ], [ 3329887.366388745605946, 8355381.005056854337454 ], [ 3329877.741621328983456, 8355387.259581824764609 ], [ 3329868.22606099024415, 8355393.679032101295888 ], [ 3329858.822533506434411, 8355400.261501340195537 ], [ 3329849.533831385429949, 8355407.005034784786403 ], [ 3329840.362713036127388, 8355413.907629851251841 ], [ 3329831.311901949811727, 8355420.967236716300249 ], [ 3329822.38408588944003, 8355428.181758932769299 ], [ 3329813.581916094291955, 8355435.549054048024118 ], [ 3329804.908006490208209, 8355443.066934241913259 ], [ 3329796.364932916127145, 8355450.733166974969208 ], [ 3329787.955232354812324, 8355458.545475653372705 ], [ 3329779.681402184534818, 8355466.501540304161608 ], [ 3329771.545899433083832, 8355474.598998263478279 ], [ 3329763.551140051335096, 8355482.835444878786802 ], [ 3329755.699498193804175, 8355491.208434223197401 ], [ 3329747.9933055145666, 8355499.715479820966721 ], [ 3329740.434850473888218, 8355508.354055386967957 ], [ 3329733.02637765975669, 8355517.121595577336848 ], [ 3329725.770087121985853, 8355526.015496748499572 ], [ 3329718.668133715167642, 8355535.033117733895779 ], [ 3329711.722626463975757, 8355544.171780625358224 ], [ 3329704.935627932660282, 8355553.428771570324898 ], [ 3329698.30915361456573, 8355562.801341576501727 ], [ 3329691.845171333290637, 8355572.286707330495119 ], [ 3329685.545600657816976, 8355581.882052020169795 ], [ 3329679.412312333006412, 8355591.584526176564395 ], [ 3329673.447127723600715, 8355601.391248513013124 ], [ 3329667.651818274520338, 8355611.299306789413095 ], [ 3329662.028104982804507, 8355621.30575866997242 ], [ 3329656.577657888643444, 8355631.407632599584758 ], [ 3329651.30209557665512, 8355641.601928686723113 ], [ 3329646.202984699513763, 8355651.885619593784213 ], [ 3329641.28183950856328, 8355662.25565143674612 ], [ 3329636.540121405385435, 8355672.708944690413773 ], [ 3329631.979238509666175, 8355683.242395104840398 ], [ 3329627.600545238703489, 8355693.852874625474215 ], [ 3329623.405341906473041, 8355704.537232323549688 ], [ 3329619.394874335732311, 8355715.29229533020407 ], [ 3329615.570333491545171, 8355726.114869781769812 ], [ 3329611.932855123654008, 8355737.001741763204336 ], [ 3329608.483519432134926, 8355747.949678267352283 ], [ 3329605.223350744694471, 8355758.955428153276443 ] ] } },
{ "type": "Feature", "properties": { }, "geometry": { "type": "LineString", "coordinates": [ [ 3355796.4537791647017, 8331550.955188421532512 ], [ 3355886.494901487603784, 8331471.539831827394664 ], [ 3355977.891566880978644, 8331393.688357035629451 ], [ 3356070.616616552695632, 8331317.423897845670581 ], [ 3356164.64249697746709, 8331242.769116467796266 ], [ 3356259.941268084570765, 8331169.746196794323623 ], [ 3356356.484611559659243, 8331098.376837803050876 ], [ 3356454.243839260190725, 8331028.682247111573815 ], [ 3356553.189901739824563, 8330960.683134676888585 ], [ 3356653.293396880850196, 8330894.399706636555493 ], [ 3356754.524578631389886, 8330829.851659310050309 ], [ 3356856.853365842718631, 8330767.058173342607915 ], [ 3356960.2493512108922, 8330706.037908004596829 ], [ 3357064.681810310576111, 8330646.808995651081204 ], [ 3357170.119710724800825, 8330589.389036329463124 ], [ 3357180.032309059053659, 8330573.433690784499049 ], [ 3357190.220913974102587, 8330557.653165220282972 ], [ 3357200.682443134021014, 8330542.052233682945371 ], [ 3357211.413731636945158, 8330526.635615886189044 ], [ 3357222.411532970145345, 8330511.407975785434246 ], [ 3357233.672519993968308, 8330496.373920164071023 ], [ 3357245.193285948131233, 8330481.537997238337994 ], [ 3357256.970345480833203, 8330466.904695289209485 ], [ 3357269.000135706271976, 8330452.478441293351352 ], [ 3357281.279017278458923, 8330438.263599594123662 ], [ 3357293.803275495767593, 8330424.264470574446023 ], [ 3357306.569121423177421, 8330410.485289359465241 ], [ 3357319.572693037800491, 8330396.930224532261491 ], [ 3357332.810056399554014, 8330383.603376877494156 ], [ 3357346.277206839062274, 8330370.508778134360909 ], [ 3357359.970070169307292, 8330357.65038978215307 ], [ 3357373.884503920562565, 8330345.032101839780807 ], [ 3357388.016298590227962, 8330332.65773168951273 ], [ 3357402.361178919207305, 8330320.531022921204567 ], [ 3357416.914805183187127, 8330308.655644200742245 ], [ 3357431.672774507198483, 8330297.035188158042729 ], [ 3357446.630622196476907, 8330285.673170304857194 ], [ 3357461.783823087345809, 8330274.573027964681387 ], [ 3357477.12779291626066, 8330263.738119238987565 ], [ 3357492.657889707945287, 8330253.171721989288926 ], [ 3357508.36941517656669, 8330242.877032841555774 ], [ 3357524.257616151124239, 8330232.857166226021945 ], [ 3357540.31768600968644, 8330223.115153429098427 ], [ 3357556.544766136445105, 8330213.653941679745913 ], [ 3357572.933947389945388, 8330204.476393258199096 ], [ 3357589.480271588545293, 8330195.585284625180066 ], [ 3357606.178733010776341, 8330186.983305589295924 ], [ 3357623.024279908277094, 8330178.673058485612273 ], [ 3357640.011816037353128, 8330170.657057396136224 ], [ 3357657.136202197056264, 8330162.937727382406592 ], [ 3357674.392257785890251, 8330155.517403756268322 ], [ 3357691.774762368295342, 8330148.398331370204687 ], [ 3357709.278457256034017, 8330141.58266394212842 ], [ 3357726.898047095164657, 8330135.072463400661945 ], [ 3357744.62820147164166, 8330128.869699260219932 ], [ 3357762.463556522503495, 8330122.976248029619455 ], [ 3357780.39871655870229, 8330117.393892641179264 ], [ 3357798.428255697246641, 8330112.124321913346648 ], [ 3357816.546719502191991, 8330107.169130035676062 ], [ 3357834.748626636806875, 8330102.529816091060638 ], [ 3357853.028470518998802, 8330098.207783602178097 ], [ 3357871.380720989778638, 8330094.204340102151036 ], [ 3357889.799825984518975, 8330090.520696744322777 ], [ 3357908.280213213525712, 8330087.157967931590974 ], [ 3357926.816291847731918, 8330084.117170984856784 ], [ 3357945.402454209048301, 8330081.399225828237832 ], [ 3357964.033077468629926, 8330079.004954715259373 ], [ 3357982.702525346539915, 8330076.935081979259849 ], [ 3358001.405149817001075, 8330075.190233814530075 ], [ 3358020.13529281783849, 8330073.77093808632344 ], [ 3358038.88728796178475, 8330072.677624170668423 ], [ 3358057.65546225104481, 8330071.910622824914753 ], [ 3358076.434137791395187, 8330071.470166088081896 ], [ 3358095.217633514199406, 8330071.356387211941183 ], [ 3358114.000266890972853, 8330071.569320616312325 ], [ 3358132.776355654932559, 8330072.10890188254416 ], [ 3358151.540219517890364, 8330072.974967774003744 ], [ 3358170.286181891337037, 8330074.167256280779839 ], [ 3358189.008571602869779, 8330075.68540670350194 ], [ 3358207.701724609360099, 8330077.528959757648408 ], [ 3358226.359985715243965, 8330079.697357718832791 ], [ 3358244.977710278239101, 8330082.189944586716592 ], [ 3358263.549265921115875, 8330085.005966283380985 ], [ 3358282.069034233689308, 8330088.144570886157453 ], [ 3358300.531412472948432, 8330091.604808878153563 ], [ 3358318.930815257132053, 8330095.385633442550898 ], [ 3358337.261676257010549, 8330099.485900774598122 ], [ 3358355.518449879717082, 8330103.904370430856943 ], [ 3358373.69561294419691, 8330108.6397056998685 ], [ 3358391.787666355725378, 8330113.690474013797939 ], [ 3358409.789136766456068, 8330119.055147373117507 ], [ 3358427.694578232243657, 8330124.732102816924453 ], [ 3358445.49857386155054, 8330130.719622909091413 ], [ 3358463.195737451314926, 8330137.015896257013083 ], [ 3358480.780715119559318, 8330143.619018064811826 ], [ 3358498.248186923097819, 8330150.526990705169737 ], [ 3358515.592868467327207, 8330157.737724323756993 ], [ 3358532.809512505773455, 8330165.249037475325167 ], [ 3358549.892910526134074, 8330173.058657778427005 ], [ 3358566.837894326541573, 8330181.164222607389092 ], [ 3358583.639337581116706, 8330189.563279802910984 ], [ 3358600.292157385963947, 8330198.253288418054581 ], [ 3358616.791315802838653, 8330207.231619484722614 ], [ 3358633.131821378134191, 8330216.495556809008121 ], [ 3358649.308730656746775, 8330226.042297791689634 ], [ 3358665.317149674519897, 8330235.868954280391335 ], [ 3358681.152235441375524, 8330245.972553439438343 ], [ 3358722.166689548641443, 8330308.194522057659924 ], [ 3358762.126491689588875, 8330371.098997552879155 ], [ 3358801.020287244580686, 8330434.668105551041663 ], [ 3358838.837024500593543, 8330498.883782825432718 ], [ 3358875.565957792568952, 8330563.72778242174536 ], [ 3358911.196650555357337, 8330629.181678850203753 ], [ 3358945.71897828951478, 8330695.226873317733407 ], [ 3358979.123131440021098, 8330761.844599012285471 ], [ 3359011.39961818093434, 8330829.015926437452435 ], [ 3359042.539267115760595, 8330896.721768789924681 ], [ 3359072.533229879569262, 8330964.942887383513153 ], [ 3359101.372983656823635, 8331033.659897116012871 ], [ 3359129.050333600491285, 8331102.853271976113319 ], [ 3359155.557415163610131, 8331172.503350593149662 ], [ 3359180.886696330271661, 8331242.590341825969517 ], [ 3359205.030979758594185, 8331313.094330380670726 ], [ 3359227.983404825441539, 8331383.995282475836575 ], [ 3359249.737449575215578, 8331455.27305153105408 ], [ 3359270.286932572722435, 8331526.907383892685175 ], [ 3359289.626014661043882, 8331598.877924591302872 ], [ 3359307.749200619757175, 8331671.164223121479154 ], [ 3359324.651340726297349, 8331743.745739255100489 ], [ 3359340.327632219996303, 8331816.601848877966404 ], [ 3359354.773620666004717, 8331889.711849850602448 ], [ 3359367.985201221890748, 8331963.054967889562249 ], [ 3359576.728014309890568, 8332158.664162953384221 ], [ 3359782.790614934638143, 8332357.094815406948328 ], [ 3359986.134870423935354, 8332558.310204899869859 ], [ 3360005.79201798979193, 8332586.221451843157411 ], [ 3360025.925772535614669, 8332613.790874836966395 ], [ 3360046.530191275291145, 8332641.010336344130337 ], [ 3360067.599192498717457, 8332667.871802123263478 ], [ 3360089.126557367388159, 8332694.367343599908054 ], [ 3360111.105931749567389, 8332720.48914020974189 ], [ 3360133.530828095041215, 8332746.229481703601778 ], [ 3360156.394627353176475, 8332771.580770425498486 ], [ 3360179.690580921713263, 8332796.535523552447557 ], [ 3360203.411812643986195, 8332821.086375308223069 ], [ 3360227.551320833619684, 8332845.226079132407904 ], [ 3360252.101980345789343, 8332868.947509819641709 ], [ 3360277.056544675957412, 8332892.243665628135204 ], [ 3360302.407648102845997, 8332915.107670337893069 ], [ 3360328.147807858418673, 8332937.53277528937906 ], [ 3360354.269426340702921, 8332959.51236136816442 ], [ 3360380.764793353620917, 8332981.039940963499248 ], [ 3360407.626088382676244, 8333002.109159878455102 ], [ 3360434.845382905565202, 8333022.713799211196601 ], [ 3360462.414642729330808, 8333042.847777185961604 ], [ 3360490.325730365235358, 8333062.505150951445103 ], [ 3360518.570407426916063, 8333081.68011833075434 ], [ 3360547.140337065793574, 8333100.367019539698958 ], [ 3360576.02708642790094, 8333118.560338851995766 ], [ 3360605.2221291474998, 8333136.254706231877208 ], [ 3360634.716847859323025, 8333153.444898913614452 ], [ 3360664.502536745276302, 8333170.12584294937551 ], [ 3360694.570404102560133, 8333186.292614703066647 ], [ 3360724.911574939265847, 8333201.940442303195596 ], [ 3360755.517093593254685, 8333217.064707054756582 ], [ 3360786.377926376648247, 8333231.660944797098637 ], [ 3360817.484964241739362, 8333245.724847229197621 ], [ 3360848.829025469254702, 8333259.25226317346096 ], [ 3360880.400858378503472, 8333272.23919980507344 ], [ 3360912.191144059412181, 8333284.681823831982911 ], [ 3360944.190499121323228, 8333296.576462622731924 ], [ 3360976.389478464610875, 8333307.919605290517211 ], [ 3361008.778578066267073, 8333318.707903735339642 ], [ 3361041.348237787839025, 8333328.938173623755574 ], [ 3361074.088844193611294, 8333338.607395335100591 ], [ 3361106.99073339253664, 8333347.712714850902557 ], [ 3361140.044193887151778, 8333356.251444596797228 ], [ 3361173.239469442050904, 8333364.221064234152436 ], [ 3361206.566761963069439, 8333371.619221408851445 ], [ 3361240.016234388109297, 8333378.443732441402972 ], [ 3361273.578013592865318, 8333384.692582972347736 ], [ 3361307.242193303536624, 8333390.363928557373583 ], [ 3361340.998837021179497, 8333395.456095213070512 ], [ 3361374.837980955373496, 8333399.96757990680635 ], [ 3361408.749636963941157, 8333403.897051005624235 ], [ 3361442.723795501049608, 8333407.24334866553545 ], [ 3361476.750428573228419, 8333410.005485176108778 ], [ 3361510.819492698647082, 8333412.182645249180496 ], [ 3361544.920931869652122, 8333413.774186263792217 ], [ 3361579.044680524151772, 8333414.779638451524079 ], [ 3361613.180666514672339, 8333415.198705038055778 ], [ 3361647.318814081139863, 8333415.031262329779565 ], [ 3361681.449046826455742, 8333414.277359749190509 ], [ 3361715.561290688812733, 8333412.937219822779298 ], [ 3361749.645476916339248, 8333411.011238113045692 ], [ 3361783.691545038949698, 8333408.499983103014529 ], [ 3361817.689445837866515, 8333405.404196028597653 ] ] } },
{ "type": "Feature", "properties": { }, "geometry": { "type": "LineString", "coordinates": [ [ 3389726.002288708463311, 8329582.034019852988422 ], [ 3389763.372390197589993, 8329601.871321948245168 ], [ 3389800.396830165758729, 8329622.346523650921881 ], [ 3389837.064720838796347, 8329643.453603820875287 ], [ 3389873.365279294550419, 8329665.186355500482023 ], [ 3389909.287830629386008, 8329687.53838774189353 ], [ 3389944.821811103262007, 8329710.503127483651042 ], [ 3389979.956771241035312, 8329734.07382148783654 ], [ 3390014.682378908619285, 8329758.243538322858512 ], [ 3390048.988422348629683, 8329783.005170401185751 ], [ 3390082.864813187159598, 8329808.351436072960496 ], [ 3390116.301589396316558, 8329834.274881763383746 ], [ 3390149.28891822649166, 8329860.767884166911244 ], [ 3390181.817099096719176, 8329887.822652489878237 ], [ 3390213.876566448248923, 8329915.431230737827718 ], [ 3390245.457892555743456, 8329943.585500059649348 ], [ 3390276.551790301688015, 8329972.277181130833924 ], [ 3390307.149115906096995, 8330001.497836591675878 ], [ 3390337.240871617104858, 8330031.238873527385294 ], [ 3390366.818208353593946, 8330061.491545991972089 ], [ 3390395.872428311500698, 8330092.246957587078214 ], [ 3390424.394987519364804, 8330123.49606406968087 ], [ 3390452.377498349640518, 8330155.229676019400358 ], [ 3390479.811731988564134, 8330187.438461534678936 ], [ 3390506.689620853401721, 8330220.112948981113732 ], [ 3390533.00326096592471, 8330253.243529775179923 ], [ 3390558.744914276059717, 8330286.820461210794747 ], [ 3390583.907010938040912, 8330320.833869321271777 ], [ 3390608.482151536736637, 8330355.273751786909997 ], [ 3390632.463109262753278, 8330390.129980876110494 ], [ 3390655.842832037713379, 8330425.392306419089437 ], [ 3390678.614444588776678, 8330461.050358827225864 ], [ 3390700.771250469610095, 8330497.09365214034915 ], [ 3390722.306734030600637, 8330533.511587111279368 ], [ 3390743.214562334120274, 8330570.293454320169985 ], [ 3390763.488587016705424, 8330607.428437326103449 ], [ 3390783.122846098151058, 8330644.905615849420428 ], [ 3390802.1115657328628, 8330682.71396897919476 ], [ 3390820.449161910451949, 8330720.842378416098654 ], [ 3390838.130242095328867, 8330759.279631741344929 ], [ 3390855.149606814142317, 8330798.014425716362894 ], [ 3390871.502251183148474, 8330837.035369603894651 ], [ 3390887.183366382494569, 8330876.330988517962396 ], [ 3390902.188341067638248, 8330915.889726799912751 ], [ 3390916.512762727215886, 8330955.699951414018869 ], [ 3390930.064344880636781, 8331034.83520167414099 ], [ 3390944.973425063770264, 8331113.725965016521513 ], [ 3390961.23560279654339, 8331192.348956489004195 ], [ 3390978.846078226342797, 8331270.680970173329115 ], [ 3390997.79965354455635, 8331348.698886034078896 ], [ 3391018.090734521392733, 8331426.379676745273173 ], [ 3391039.713332155253738, 8331503.700414481572807 ], [ 3391062.661064443644136, 8331580.638277692720294 ], [ 3391086.927158262114972, 8331657.170557833276689 ], [ 3391112.504451368469745, 8331733.274666066281497 ], [ 3391139.385394512675703, 8331808.9281399352476 ], [ 3391167.562053667847067, 8331884.108649985864758 ], [ 3391197.026112370193005, 8331958.794006364420056 ], [ 3391227.768874174915254, 8332032.962165363132954 ], [ 3391259.78126522153616, 8332106.591235927306116 ], [ 3391293.053836913779378, 8332179.659486115910113 ], [ 3391327.576768707484007, 8332252.145349517464638 ], [ 3391363.339871009346098, 8332324.027431612834334 ], [ 3391400.332588183227926, 8332395.284516094252467 ], [ 3391438.544001668225974, 8332465.895571121945977 ], [ 3391477.962833199650049, 8332535.839755536057055 ], [ 3391518.577448137104511, 8332605.096425006166101 ], [ 3391560.375858900602907, 8332673.645138124935329 ], [ 3391603.34572850773111, 8332741.465662442147732 ], [ 3391679.19396328786388, 8332792.428351130336523 ], [ 3391754.14721814263612, 8332844.698418514803052 ], [ 3391828.182960570789874, 8332898.260151130147278 ], [ 3391901.278933895286173, 8332953.097447209991515 ], [ 3391973.413163952995092, 8333009.193821527995169 ], [ 3392044.563965700101107, 8333066.53241035155952 ], [ 3392114.709949732758105, 8333125.095976514741778 ], [ 3392183.830028715077788, 8333184.866914596408606 ], [ 3392251.903423719573766, 8333245.827256213873625 ], [ 3392318.909670474473387, 8333307.958675427362323 ], [ 3392384.828625514637679, 8333371.242494244128466 ], [ 3392449.64047223655507, 8333435.659688238985837 ], [ 3392513.325726856477559, 8333501.190892268903553 ], [ 3392575.865244269371033, 8333567.816406296566129 ], [ 3392637.240223799832165, 8333635.51620131265372 ], [ 3392697.432214858476073, 8333704.2699253577739 ], [ 3392756.423122486565262, 8333774.056909637525678 ], [ 3392814.195212795399129, 8333844.856174739077687 ], [ 3392870.731118298135698, 8333916.646436938084662 ], [ 3392926.013843130785972, 8333989.406114595010877 ], [ 3392980.026768161449581, 8334063.113334643654525 ], [ 3393032.753655986394733, 8334137.745939166285098 ], [ 3393084.178655811119825, 8334213.281492058187723 ], [ 3393134.286308215931058, 8334289.697285766713321 ], [ 3393183.061549802310765, 8334366.970348122529685 ], [ 3393236.950183952227235, 8334260.941196573898196 ], [ 3393289.056089378893375, 8334154.024684808216989 ], [ 3393339.364659472368658, 8334046.250784238800406 ], [ 3393387.8617914612405, 8333937.64970663189888 ], [ 3393434.533890367485583, 8333828.251895628869534 ], [ 3393479.367872814647853, 8333718.088018216192722 ], [ 3393488.952035797294229, 8333693.360397535376251 ] ] } },
{ "type": "Feature", "properties": { }, "geometry": { "type": "LineString", "coordinates": [ [ 3439850.499770543538034, 8419084.954873092472553 ], [ 3439922.059853146784008, 8419014.432175420224667 ], [ 3439994.836624566465616, 8418945.165748842060566 ], [ 3440068.808033607434481, 8418877.176580928266048 ], [ 3440143.951667101122439, 8418810.48527224175632 ], [ 3440220.24475669907406, 8418745.112030094489455 ], [ 3440297.664185767993331, 8418681.076662432402372 ], [ 3440376.186496398411691, 8418618.398571822792292 ], [ 3440455.787896509282291, 8418557.096749586984515 ], [ 3440536.444267058279365, 8418497.18977003544569 ], [ 3440618.131169348955154, 8418438.695784846320748 ], [ 3440700.823852436151356, 8418381.632517563179135 ], [ 3440784.497260626405478, 8418326.017258228734136 ], [ 3440869.126041067298502, 8418271.866858135908842 ], [ 3440954.684551431797445, 8418219.197724733501673 ], [ 3441041.146867686416954, 8418168.025816649198532 ], [ 3441128.486791947390884, 8418118.366638854146004 ], [ 3441216.677860416006297, 8418070.235237965360284 ], [ 3441305.693351400550455, 8418023.646197689697146 ], [ 3441395.506293409969658, 8417978.613634396344423 ], [ 3441486.089473328087479, 8417935.151192851364613 ], [ 3441577.415444658603519, 8417893.272042075172067 ], [ 3441669.456535839941353, 8417852.988871356472373 ], [ 3441762.184858631808311, 8417814.313886400312185 ], [ 3441888.239330161362886, 8417773.299615073949099 ], [ 3442013.581500734668225, 8417730.157518219202757 ], [ 3442138.175455078482628, 8417684.899957681074739 ], [ 3442261.985492311883718, 8417637.539901459589601 ], [ 3442384.976136175449938, 8417588.090920003131032 ], [ 3442507.112145197577775, 8417536.567182317376137 ], [ 3442628.358522791415453, 8417482.983451899141073 ], [ 3442748.680527283344418, 8417427.355082517489791 ], [ 3442868.043681867420673, 8417369.698013802990317 ], [ 3442986.413784484378994, 8417310.028766686096787 ], [ 3443103.756917622406036, 8417248.364438664168119 ], [ 3443220.039458035025746, 8417184.722698900848627 ], [ 3443335.228086375631392, 8417119.121783159673214 ], [ 3443449.289796744473279, 8417051.580488584935665 ], [ 3443562.191906147636473, 8416982.118168314918876 ], [ 3443673.90206385916099, 8416910.754725929349661 ], [ 3443784.388260693755001, 8416837.510609755292535 ], [ 3443893.618838175665587, 8416762.406807003542781 ], [ 3444001.562497613485903, 8416685.464837752282619 ], [ 3444108.188309064600617, 8416606.7067487873137 ], [ 3444213.465720201376826, 8416526.155107280239463 ], [ 3444317.364565062802285, 8416443.832994325086474 ], [ 3444419.855072699021548, 8416359.763998318463564 ], [ 3444520.907875703182071, 8416273.972208211198449 ], [ 3444620.494018624536693, 8416186.482206592336297 ], [ 3444718.584966266062111, 8416097.319062661379576 ], [ 3444815.152611860539764, 8416006.508325029164553 ], [ 3444910.169285124633461, 8415914.076014406979084 ], [ 3444927.961917686276138, 8415909.146364253014326 ], [ 3444945.666368931066245, 8415903.908842869102955 ], [ 3444963.277312104124576, 8415898.365026073530316 ], [ 3444980.789448585361242, 8415892.51658184081316 ], [ 3444998.197509482968599, 8415886.365269793197513 ], [ 3445015.496257217600942, 8415879.912940684705973 ], [ 3445032.680487099569291, 8415873.161535833030939 ], [ 3445049.745028894394636, 8415866.113086538389325 ], [ 3445066.684748377650976, 8415858.76971347630024 ], [ 3445083.494548880495131, 8415851.13362605124712 ], [ 3445100.169372824020684, 8415843.20712174102664 ], [ 3445116.704203237779438, 8415834.992585400119424 ], [ 3445133.094065273646265, 8415826.492488544434309 ], [ 3445149.334027697797865, 8415817.709388604387641 ], [ 3445165.419204379431903, 8415808.645928159356117 ], [ 3445181.344755756203085, 8415799.304834140464664 ], [ 3445197.105890293139964, 8415789.688917012885213 ], [ 3445212.69786592386663, 8415779.801069922745228 ], [ 3445228.115991475991905, 8415769.644267840310931 ], [ 3445243.355628085322678, 8415759.221566649153829 ], [ 3445258.41219058772549, 8415748.53610223531723 ], [ 3445273.281148901674896, 8415737.59108954668045 ], [ 3445287.958029390778393, 8415726.38982161693275 ], [ 3445302.438416208606213, 8415714.935668583959341 ], [ 3445316.717952628619969, 8415703.232076667249203 ], [ 3445330.792342352680862, 8415691.282567137852311 ], [ 3445344.657350807450712, 8415679.09073525480926 ], [ 3445358.308806415181607, 8415666.660249186679721 ], [ 3445371.742601850070059, 8415653.994848903268576 ], [ 3445384.954695274122059, 8415641.098345056176186 ], [ 3445397.941111552529037, 8415627.974617827683687 ], [ 3445410.697943450883031, 8415614.627615766599774 ], [ 3445423.221352809574455, 8415601.061354596167803 ], [ 3445435.507571699097753, 8415587.279916008934379 ], [ 3445447.552903553470969, 8415573.28744644112885 ], [ 3445459.353724283631891, 8415559.088155817240477 ], [ 3445470.906483365688473, 8415544.686316292732954 ], [ 3445482.207704910077155, 8415530.086260959506035 ], [ 3445493.253988708835095, 8415515.29238255135715 ], [ 3445504.042011255864054, 8415500.309132115915418 ], [ 3445514.568526749964803, 8415485.14101767539978 ], [ 3445524.830368068534881, 8415469.792602876201272 ], [ 3445534.824447722174227, 8415454.268505608662963 ], [ 3445544.547758782748133, 8415438.573396621271968 ], [ 3445553.997375789564103, 8415422.711998116225004 ], [ 3445563.170455627609044, 8415406.689082326367497 ], [ 3445572.064238383900374, 8415390.509470080956817 ], [ 3445580.676048178225756, 8415374.178029354661703 ], [ 3445589.003293967340142, 8415357.699673803523183 ], [ 3445597.043470325879753, 8415341.079361284151673 ], [ 3445604.794158197939396, 8415324.322092365473509 ], [ 3445612.253025627695024, 8415307.432908821851015 ], [ 3445619.41782845929265, 8415290.416892116889358 ], [ 3445626.286411011125892, 8415273.279161876067519 ], [ 3445632.856706727296114, 8415256.024874340742826 ], [ 3445639.126738796476275, 8415238.659220827743411 ], [ 3445645.094620749354362, 8415221.187426153570414 ], [ 3445650.758557023014873, 8415203.614747075363994 ], [ 3445656.116843503899872, 8415185.946470700204372 ], [ 3445661.16786804003641, 8415168.18791289627552 ], [ 3445665.9101109248586, 8415150.344416700303555 ], [ 3445670.342145355883986, 8415132.421350697055459 ], [ 3445674.462637862190604, 8415114.424107419326901 ], [ 3445678.27034870814532, 8415096.358101712539792 ], [ 3445681.764132263604552, 8415078.228769110515714 ], [ 3445684.942937351763248, 8415060.041564203798771 ], [ 3445687.805807562079281, 8415041.801958991214633 ], [ 3445690.351881539914757, 8415023.515441242605448 ], [ 3445692.580393246375024, 8415005.187512835487723 ], [ 3445694.490672186948359, 8414986.823688112199306 ], [ 3445696.082143613602966, 8414968.429492210969329 ], [ 3445697.354328699875623, 8414950.01045941375196 ], [ 3445698.30684468196705, 8414931.572131467983127 ], [ 3445698.939404975622892, 8414913.120055932551622 ], [ 3445699.251819261349738, 8414894.659784497693181 ], [ 3445699.243993543554097, 8414876.196871323511004 ], [ 3445698.915930175688118, 8414857.736871363595128 ], [ 3445698.267727863509208, 8414839.285338694229722 ], [ 3445697.299581632018089, 8414820.847824843600392 ], [ 3445696.011782767716795, 8414802.429877122864127 ], [ 3445694.404718732461333, 8414784.037036959081888 ], [ 3445692.478873044718057, 8414765.674838220700622 ], [ 3445690.234825135674328, 8414747.348805559799075 ], [ 3445687.673250173218548, 8414729.064452746883035 ], [ 3445684.79491886170581, 8414710.827281009405851 ], [ 3445681.600697206798941, 8414692.642777383327484 ], [ 3445678.091546257026494, 8414674.516413055360317 ], [ 3445674.268521813675761, 8414656.453641723841429 ], [ 3445670.132774113677442, 8414638.459897946566343 ], [ 3445665.68554748268798, 8414620.540595522150397 ], [ 3445618.881630132440478, 8413976.211779607459903 ], [ 3445580.721955867484212, 8413331.313284527510405 ], [ 3445551.213386519346386, 8412685.96107524074614 ], [ 3445519.701433384325355, 8412612.870052833110094 ], [ 3445489.428679077886045, 8412539.257138926535845 ], [ 3445460.403762915637344, 8412465.143341366201639 ], [ 3445432.634968103840947, 8412390.549810938537121 ], [ 3445406.130219372920692, 8412315.497835336253047 ], [ 3445380.897080715745687, 8412240.008833086118102 ], [ 3445356.942753231152892, 8412164.104347435757518 ], [ 3445334.274073066655546, 8412087.806040203198791 ], [ 3445312.897509468719363, 8412011.135685594752431 ], [ 3445292.819162935949862, 8411934.115163994953036 ], [ 3445274.0447634793818, 8411856.766455717384815 ], [ 3445256.579668984748423, 8411779.111634738743305 ], [ 3445240.428863686043769, 8411701.172862390056252 ], [ 3445225.596956741996109, 8411622.972381038591266 ], [ 3445212.088180920574814, 8411544.532507741823792 ], [ 3445199.906391390133649, 8411465.875627871602774 ], [ 3445189.055064622312784, 8411387.024188732728362 ], [ 3445179.53729739645496, 8411308.000693149864674 ], [ 3445171.355805917177349, 8411228.827693052589893 ], [ 3445164.512925039976835, 8411149.52778303809464 ], [ 3445159.010607603471726, 8411070.123593917116523 ], [ 3445154.850423873402178, 8410990.637786263599992 ], [ 3445152.033561093732715, 8410911.093043942004442 ], [ 3445150.560823148116469, 8410831.512067634612322 ], [ 3445146.668956451583654, 8410797.299408759921789 ], [ 3445143.37212130613625, 8410763.024293418973684 ], [ 3445140.671313066966832, 8410728.697069697082043 ], [ 3445138.567347142845392, 8410694.328101409599185 ], [ 3445137.0608587465249, 8410659.927764981985092 ], [ 3445136.152302705682814, 8410625.506446303799748 ], [ 3445135.841953325551003, 8410591.074537601321936 ], [ 3445136.129904303699732, 8410556.642434298992157 ], [ 3445137.016068704426289, 8410522.22053187713027 ], [ 3445138.500178983900696, 8410487.819222740828991 ], [ 3445140.581787070259452, 8410453.448893073946238 ], [ 3445143.260264500044286, 8410419.119919707998633 ], [ 3445146.534802607260644, 8410384.842666991055012 ], [ 3445150.404412768315524, 8410350.62748365290463 ], [ 3445154.867926699575037, 8410316.484699685126543 ], [ 3445159.923996810335666, 8410282.424623223021626 ], [ 3445165.571096609346569, 8410248.457537425681949 ], [ 3445171.807521167211235, 8410214.593697383999825 ], [ 3445178.631387629080564, 8410180.843327013775706 ], [ 3445186.040635784156621, 8410147.216615973040462 ], [ 3445194.033028688281775, 8410113.723716586828232 ], [ 3445202.606153337750584, 8410080.374740779399872 ], [ 3445211.757421399466693, 8410047.17975702509284 ], [ 3445221.484069990925491, 8410014.148787301033735 ], [ 3445231.783162515610456, 8409981.291804073378444 ], [ 3445242.65158954821527, 8409948.618727276101708 ], [ 3445254.086069775279611, 8409916.139421315863729 ], [ 3445266.083150983788073, 8409883.863692104816437 ], [ 3445278.639211105182767, 8409851.801284087821841 ], [ 3445291.750459308270365, 8409819.96187730692327 ], [ 3445305.412937143351883, 8409788.355084475129843 ], [ 3445319.622519737109542, 8409756.990448081865907 ], [ 3445334.374917038716376, 8409725.877437498420477 ], [ 3445349.665675116237253, 8409695.025446135550737 ], [ 3445365.490177497267723, 8409664.443788593634963 ], [ 3445381.843646567780524, 8409634.141697857528925 ], [ 3445398.721145010087639, 8409604.128322506323457 ], [ 3445416.117577297613025, 8409574.412723952904344 ], [ 3445434.027691228780895, 8409545.003873711451888 ], [ 3445452.446079517249018, 8409515.910650676116347 ], [ 3445471.367181420791894, 8409487.141838459298015 ], [ 3445490.785284422338009, 8409458.706122722476721 ], [ 3445510.694525954313576, 8409430.612088564783335 ], [ 3445531.088895167224109, 8409402.868217926472425 ], [ 3445551.962234746199101, 8409375.482887025922537 ], [ 3445573.308242769446224, 8409348.464363841339946 ], [ 3445595.120474610012025, 8409321.820805599913001 ], [ 3445617.392344882711768, 8409295.560256324708462 ], [ 3445640.11712943110615, 8409269.690644405782223 ], [ 3445663.287967359181494, 8409244.219780199229717 ], [ 3445686.897863100748509, 8409219.155353682115674 ], [ 3445710.93968853354454, 8409194.50493211299181 ], [ 3445735.406185130123049, 8409170.275957765057683 ], [ 3445760.289966148789972, 8409146.475745668634772 ], [ 3445785.583518865052611, 8409123.111481403931975 ], [ 3445811.27920683985576, 8409100.1902189347893 ], [ 3445837.369272222742438, 8409077.718878477811813 ], [ 3445863.845838097855449, 8409055.70424441061914 ], [ 3445890.700910858809948, 8409034.152963226661086 ], [ 3445917.926382623147219, 8409013.071541527286172 ], [ 3445945.514033680316061, 8408992.466344058513641 ], [ 3445973.455534974113107, 8408972.343591783195734 ], [ 3446001.742450616322458, 8408952.709360016509891 ], [ 3446030.366240432485938, 8408933.569576574489474 ], [ 3446059.318262543529272, 8408914.930019998922944 ], [ 3446088.58977597206831, 8408896.796317804604769 ], [ 3446118.171943281777203, 8408879.173944784328341 ], [ 3446148.055833247024566, 8408862.068221351131797 ], [ 3446178.232423547655344, 8408845.484311936423182 ], [ 3446208.692603494040668, 8408829.427223429083824 ], [ 3446239.427176776342094, 8408813.9018036685884 ], [ 3446270.426864244043827, 8408798.912739969789982 ], [ 3446301.682306702714413, 8408784.464557718485594 ], [ 3446333.184067744296044, 8408770.561619004234672 ], [ 3446364.922636593692005, 8408757.208121294155717 ], [ 3446396.88843097910285, 8408744.408096179366112 ], [ 3446429.071800028439611, 8408732.165408147498965 ], [ 3446461.463027180172503, 8408720.48375341668725 ], [ 3446494.052333117462695, 8408709.366658825427294 ], [ 3446526.829878722317517, 8408698.817480763420463 ], [ 3446559.785768043715507, 8408688.839404160156846 ], [ 3446592.910051286220551, 8408679.435441521927714 ] ] } },
{ "type": "Feature", "properties": { }, "geometry": { "type": "LineString", "coordinates": [ [ 3405875.162396616768092, 8414975.404294513165951 ], [ 3405824.563652534969151, 8415242.902051905170083 ], [ 3405769.48539546597749, 8415509.513508357107639 ], [ 3405709.943121106363833, 8415775.163655498996377 ], [ 3405645.953581057488918, 8416039.777755420655012 ], [ 3405577.534778112079948, 8416303.281361687928438 ] ] } },
{ "type": "Feature", "properties": { }, "geometry": { "type": "LineString", "coordinates": [ [ 3412651.914325647056103, 8373513.587593575939536 ], [ 3412680.335874758195132, 8373485.069071562029421 ], [ 3412708.257158615626395, 8373456.060582123696804 ], [ 3412735.66973183164373, 8373426.570899496786296 ], [ 3412762.565302888397127, 8373396.608943464234471 ], [ 3412788.9357366473414, 8373366.183776659891009 ], [ 3412814.773056808393449, 8373335.304601822048426 ], [ 3412840.069448323454708, 8373303.980759017169476 ], [ 3412864.817259759176522, 8373272.221722808666527 ], [ 3412889.009005612693727, 8373240.03709939494729 ], [ 3412912.637368574738503, 8373207.436623700894415 ], [ 3412935.695201742462814, 8373174.43015643581748 ], [ 3412958.175530783366412, 8373141.027681108564138 ], [ 3412980.071556042414159, 8373107.239301010966301 ], [ 3413001.376654599327594, 8373073.0752361593768 ], [ 3413022.08438227372244, 8373038.545820202678442 ], [ 3413042.188475571107119, 8373003.661497298628092 ], [ 3413061.682853580452502, 8372968.432818955741823 ], [ 3413080.561619810760021, 8372932.870440838858485 ], [ 3413098.819063976872712, 8372896.985119546763599 ], [ 3413116.449663725681603, 8372860.787709359079599 ], [ 3413133.448086306918412, 8372824.289158957079053 ], [ 3413149.809190184343606, 8372787.500508102588356 ], [ 3413165.528026593383402, 8372750.432884309440851 ], [ 3413180.599841036833823, 8372713.097499470226467 ], [ 3413195.020074723754078, 8372675.505646467208862 ], [ 3413208.784365946426988, 8372637.668695759028196 ], [ 3413221.888551401440054, 8372599.598091937601566 ], [ 3413234.328667448367923, 8372561.30535027012229 ], [ 3413246.10095130931586, 8372522.802053210325539 ], [ 3413257.201842206064612, 8372484.09984690323472 ], [ 3413267.627982437144965, 8372445.210437655448914 ], [ 3413277.376218393910676, 8372406.145588398911059 ], [ 3413286.44360151514411, 8372366.917115128599107 ], [ 3413294.827389177400619, 8372327.536883334629238 ], [ 3413302.52504552481696, 8372288.016804406419396 ], [ 3413309.534242237452418, 8372248.368832034058869 ], [ 3413315.852859234437346, 8372208.604958593845367 ], [ 3413357.513396389782429, 8371874.801984352059662 ], [ 3413404.624939712695777, 8371541.72462328709662 ], [ 3413457.17489949055016, 8371209.461884334683418 ], [ 3413515.149232691153884, 8370878.102558740414679 ], [ 3413578.532446716446429, 8370547.735196325927973 ], [ 3413647.307603541295975, 8370218.44808183144778 ], [ 3413721.456324241589755, 8369890.329211317934096 ], [ 3413800.95879390463233, 8369563.466268655844033 ], [ 3413885.793766925111413, 8369237.946602089330554 ], [ 3413975.938572680577636, 8368913.857200899161398 ], [ 3414071.369121592957526, 8368591.284672151319683 ], [ 3414161.66781682241708, 8368377.445106844417751 ], [ 3414255.516538688912988, 8368165.139592420309782 ], [ 3414352.889237267896533, 8367954.42705928068608 ], [ 3414453.758884470444173, 8367745.36599565576762 ], [ 3414558.097481548786163, 8367538.014431372284889 ], [ 3414665.876066864468157, 8367332.429921746253967 ], [ 3414777.064723931252956, 8367128.66953160520643 ], [ 3414891.632589715067297, 8366926.789819448255002 ], [ 3415009.547863204497844, 8366726.846821749582887 ], [ 3415130.777814235072583, 8366528.896037402562797 ], [ 3415255.288792576175183, 8366332.992412311956286 ], [ 3415383.046237269882113, 8366139.190324150025845 ], [ 3415514.014686225913465, 8365947.543567253276706 ], [ 3415648.157786063384265, 8365758.105337698943913 ], [ 3415785.438302202615887, 8365570.92821853235364 ], [ 3415925.818129199557006, 8365386.064165176823735 ] ] } },
{ "type": "Feature", "properties": { }, "geometry": { "type": "LineString", "coordinates": [ [ 3416365.159636310301721, 8381821.72628930862993 ], [ 3416477.700779916252941, 8382466.280111778527498 ], [ 3416334.466597145423293, 8382885.751647037453949 ], [ 3415802.453918281011283, 8383346.147234516218305 ], [ 3415802.453918281011283, 8383898.621939490549266 ], [ 3416078.691270768176764, 8384635.254879456013441 ], [ 3416181.001401319168508, 8384911.492231943644583 ], [ 3416058.229244657792151, 8385300.270728036761284 ], [ 3415833.146957445889711, 8385402.580858588218689 ], [ 3415495.523526628501713, 8385187.729584431275725 ], [ 3415198.824148030951619, 8385382.118832477368414 ], [ 3415096.514017479959875, 8385995.979615782387555 ], [ 3414861.20071721309796, 8386292.678994379937649 ], [ 3414830.50767804775387, 8386650.764451308175921 ], [ 3414830.50767804775387, 8386937.23281685076654 ], [ 3415076.051991370040923, 8387254.394221558235586 ], [ 3415065.820978314615786, 8387632.94170459639281 ], [ 3414758.890586662106216, 8387765.944874311797321 ], [ 3414380.343103623948991, 8387602.24866543058306 ], [ 3414175.722842522431165, 8387203.239156282506883 ], [ 3413940.409542255569249, 8386978.156869070604444 ], [ 3413746.020294209010899, 8386978.156869070604444 ] ] } },
{ "type": "Feature", "properties": { }, "geometry": { "type": "LineString", "coordinates": [ [ 3411413.349317649845034, 8387080.466999621130526 ], [ 3411761.203761522658169, 8387489.707521825097501 ], [ 3411781.665787633042783, 8387980.796148468740284 ], [ 3411617.96957875136286, 8388471.88477511331439 ], [ 3411750.972748467698693, 8388840.201245095580816 ], [ 3412068.134153175167739, 8388840.201245095580816 ], [ 3412242.061375111807138, 8389003.897453976795077 ], [ 3412415.988597047980875, 8389443.831015346571803 ] ] } },
{ "type": "Feature", "properties": { }, "geometry": { "type": "LineString", "coordinates": [ [ 3415505.754539682995528, 8390548.780425297096372 ], [ 3416037.767218547407538, 8390937.55892138928175 ], [ 3416058.229244657792151, 8391264.951339153572917 ], [ 3416088.922283822670579, 8391561.650717750191689 ], [ 3416201.463427428621799, 8391827.657057182863355 ], [ 3416211.694440484046936, 8392083.432383559644222 ], [ 3416150.308362153358757, 8392472.210879653692245 ], [ 3415955.919114106800407, 8392809.834310470148921 ] ] } },
{ "type": "Feature", "properties": { }, "geometry": { "type": "LineString", "coordinates": [ [ 3412569.453792874701321, 8389924.688628936186433 ], [ 3412119.289218450896442, 8389965.612681156024337 ], [ 3411986.28604873502627, 8390272.543072808533907 ], [ 3412047.672127065248787, 8390466.932320855557919 ], [ 3412354.602518717758358, 8390620.397516680881381 ], [ 3412385.295557883102447, 8390917.096895279362798 ], [ 3412129.520231505855918, 8391152.410195546224713 ], [ 3412011.863581372890621, 8391679.307367883622646 ], [ 3412103.942698868922889, 8391883.927628984674811 ], [ 3412344.371505663264543, 8391970.891239954158664 ], [ 3412426.219610103871673, 8392185.742514111101627 ], [ 3412610.377845095470548, 8392328.976696882396936 ] ] } },
{ "type": "Feature", "properties": { }, "geometry": { "type": "LineString", "coordinates": [ [ 3415889.417529250029474, 8392789.372284360229969 ], [ 3415265.325732889585197, 8392768.910258250311017 ], [ 3414712.851027915254235, 8392717.755192974582314 ], [ 3414569.616845143958926, 8392942.837480187416077 ] ] } },
{ "type": "Feature", "properties": { }, "geometry": { "type": "LineString", "coordinates": [ [ 3418482.979338712524623, 8381719.416158756241202 ], [ 3418800.140743419993669, 8382292.352889841422439 ], [ 3418984.298978411592543, 8382855.058607870712876 ], [ 3418953.605939246248454, 8383151.75798646826297 ] ] } },
{ "type": "Feature", "properties": { }, "geometry": { "type": "LineString", "coordinates": [ [ 3419485.618618110660464, 8384512.482722794637084 ], [ 3419761.855970598291606, 8384809.182101392187178 ], [ 3419772.086983653251082, 8385167.267558320425451 ], [ 3419454.925578945782036, 8385382.118832476437092 ], [ 3419454.925578945316374, 8385566.27706746943295 ], [ 3419685.123372684698552, 8385566.27706746943295 ], [ 3419981.822751282248646, 8385668.587198019959033 ], [ 3420048.324336140416563, 8385970.402083145454526 ], [ 3419976.707244754768908, 8386175.022344246506691 ], [ 3419920.436672951560467, 8386348.949566183611751 ], [ 3419869.281607677228749, 8386793.998634077608585 ], [ 3419782.31799670914188, 8387044.658453927375376 ] ] } },
{ "type": "Feature", "properties": { }, "geometry": { "type": "LineString", "coordinates": [ [ 3419199.150252568535507, 8387515.285054460167885 ], [ 3418748.985678144730628, 8387361.8198586339131 ], [ 3418401.131234271917492, 8387279.971754193305969 ], [ 3418360.207182051613927, 8387617.595185010693967 ], [ 3418534.134403988253325, 8387965.449628883972764 ], [ 3418933.143913136329502, 8388313.304072757251561 ], [ 3419260.536330898758024, 8388937.395869119092822 ], [ 3419383.308487560134381, 8389244.326260771602392 ], [ 3419710.700905322562903, 8389285.250312993302941 ], [ 3419843.704075038898736, 8389413.137976180762053 ], [ 3419917.878919687587768, 8389648.451276449486613 ], [ 3419820.684295664075762, 8389899.111096300184727 ], [ 3419651.872580255381763, 8389980.959200739860535 ], [ 3419406.32826693309471, 8389975.843694211915135 ] ] } },
{ "type": "Feature", "properties": { }, "geometry": { "type": "LineString", "coordinates": [ [ 3418966.394705565646291, 8390303.236111976206303 ], [ 3418772.00545751908794, 8390344.160164197906852 ], [ 3418444.613039756193757, 8390231.619020590558648 ], [ 3418096.758595883380622, 8390395.315229471772909 ], [ 3417789.828204230871052, 8390620.397516684606671 ], [ 3417503.359838688280433, 8390927.327908337116241 ], [ 3417360.125655917450786, 8391162.641208603978157 ] ] } },
{ "type": "Feature", "properties": { }, "geometry": { "type": "LineString", "coordinates": [ [ 3418526.461144196800888, 8391602.574769971892238 ], [ 3418700.388366133440286, 8392052.739344395697117 ], [ 3418864.084575014654547, 8392257.359605498611927 ], [ 3418710.619379188399762, 8392543.8279710393399 ], [ 3418598.078235582448542, 8392942.837480189278722 ], [ 3418311.609870039857924, 8393055.37862379476428 ], [ 3417861.445295616518706, 8393075.840649904683232 ], [ 3417728.442125900182873, 8392922.375454077497125 ], [ 3417636.363008404616266, 8392564.289997151121497 ], [ 3417523.821864798665047, 8392533.596957985311747 ], [ 3417339.663629807066172, 8392748.44823214225471 ] ] } },
{ "type": "Feature", "properties": { }, "geometry": { "type": "LineString", "coordinates": [ [ 3416065.902504447381943, 8387868.255004869773984 ], [ 3415943.130347786471248, 8388144.492357357405126 ], [ 3415978.938893479295075, 8388374.690151096321642 ], [ 3415973.823386951815337, 8388512.808827339671552 ], [ 3415897.090789038687944, 8388548.617373032495379 ], [ 3415779.434138905256987, 8388477.000281646847725 ], [ 3415672.008501826785505, 8388661.158516637980938 ], [ 3415646.430969188921154, 8388870.894284268841147 ], [ 3415615.737930023577064, 8389126.669610645622015 ] ] } },
{ "type": "Feature", "properties": { }, "geometry": { "type": "LineString", "coordinates": [ [ 3415349.731590591371059, 8388819.739218993112445 ], [ 3415042.801198938861489, 8388881.125297322869301 ], [ 3414858.642963947728276, 8389060.16802578791976 ], [ 3414618.214157152920961, 8389377.329430494457483 ], [ 3414301.052752445451915, 8389382.444937022402883 ], [ 3414127.125530508812517, 8389546.141145903617144 ], [ 3414004.353373847901821, 8389934.919641997665167 ], [ 3413902.043243297375739, 8390236.734527122229338 ], [ 3413794.617606218904257, 8390497.625360026955605 ] ] } },
{ "type": "Feature", "properties": { }, "geometry": { "type": "LineString", "coordinates": [ [ 3417672.171554095111787, 8383387.071286740712821 ], [ 3417580.092436599545181, 8383750.272250195965171 ], [ 3417375.472175498027354, 8384031.625109211541712 ], [ 3417365.241162442602217, 8384348.786513919010758 ], [ 3417615.900982292369008, 8384604.561840295791626 ], [ 3417682.402567150536925, 8384937.069764586165547 ], [ 3417769.366178118623793, 8385167.267558325082064 ], [ 3417989.332958803046495, 8385320.732754151336849 ], [ 3418429.266520171426237, 8385484.428963033482432 ], [ 3418736.196911823935807, 8385556.046054419130087 ], [ 3418997.087744728662074, 8385602.08561316691339 ] ] } },
{ "type": "Feature", "properties": { }, "geometry": { "type": "LineString", "coordinates": [ [ 3416674.647781224455684, 8378471.0695137726143 ], [ 3417094.119316482916474, 8378634.765722653828561 ], [ 3417278.277551474515349, 8378992.851179582066834 ], [ 3417513.590851741377264, 8379514.632845391519368 ], [ 3417626.131995347328484, 8379862.487289263866842 ], [ 3417759.135165063664317, 8379985.259445925243199 ] ] } },
{ "type": "Feature", "properties": { }, "geometry": { "type": "LineString", "coordinates": [ [ 3415487.850266835652292, 8378112.984056844376028 ], [ 3415989.169906534720212, 8378082.2910176794976 ], [ 3416122.173076250590384, 8378143.677096010185778 ] ] } },
{ "type": "Feature", "properties": { }, "geometry": { "type": "LineString", "coordinates": [ [ 3412193.464063099585474, 8376445.328928865492344 ], [ 3412009.305828107986599, 8377274.040986326523125 ], [ 3411855.840632281731814, 8377734.43657380528748 ], [ 3411876.302658392116427, 8378031.135952402837574 ], [ 3412009.305828107986599, 8378245.987226559780538 ] ] } },
{ "type": "Feature", "properties": { }, "geometry": { "type": "LineString", "coordinates": [ [ 3412285.543180594686419, 8383878.159913384355605 ], [ 3412582.242559192236513, 8384133.935239761136472 ], [ 3412807.324846404138952, 8384333.439994335174561 ], [ 3412996.598587923217565, 8384517.598229327239096 ], [ 3413221.680875135120004, 8384609.677346822805703 ], [ 3413487.687214567326009, 8384543.175761964172125 ], [ 3413625.805890810675919, 8384553.406775020062923 ], [ 3413753.693553999066353, 8384722.218490428291261 ] ] } },
{ "type": "Feature", "properties": { }, "geometry": { "type": "LineString", "coordinates": [ [ 3413999.237867320887744, 8386502.414762011729181 ], [ 3414035.046413013711572, 8386236.408422579057515 ], [ 3414152.703063147142529, 8386006.210628840140998 ], [ 3414285.706232863012701, 8385888.553978706710041 ], [ 3414398.247376468963921, 8385801.590367738157511 ], [ 3414423.824909106828272, 8385581.62358705420047 ], [ 3414459.6334547996521, 8385356.541299842298031 ], [ 3414326.630285083781928, 8385182.614077906124294 ], [ 3414116.894517454318702, 8385223.538130125962198 ] ] } },
{ "type": "Feature", "properties": { }, "geometry": { "type": "LineString", "coordinates": [ [ 3412259.965647955890745, 8385095.650466937571764 ], [ 3412387.853311144281179, 8385387.234339007176459 ], [ 3412597.589078773744404, 8385571.392573998309672 ], [ 3412674.321676686871797, 8385735.088782880455256 ], [ 3412699.899209324270487, 8385944.82455050945282 ], [ 3412720.3612354346551, 8386123.867278973571956 ] ] } },
{ "type": "Feature", "properties": { }, "geometry": { "type": "LineString", "coordinates": [ [ 3409456.66807086346671, 8385617.43213274795562 ], [ 3409594.78674710681662, 8385893.669485235586762 ], [ 3409809.638021263759583, 8386123.867278975434601 ], [ 3410044.951321530621499, 8386256.870448690839112 ] ] } },
{ "type": "Feature", "properties": { }, "geometry": { "type": "LineString", "coordinates": [ [ 3409569.209214468486607, 8386461.490709789097309 ], [ 3409804.522514735814184, 8386845.153699355199933 ], [ 3409768.713969042990357, 8387080.466999622061849 ], [ 3409605.017760161310434, 8387285.087260724045336 ], [ 3409487.361110027879477, 8387535.747080572880805 ], [ 3409497.592123083304614, 8387904.063550556078553 ], [ 3409691.981371129862964, 8388251.91799442935735 ], [ 3409952.872204033657908, 8388533.270853445865214 ], [ 3409978.449736671056598, 8388737.891114547848701 ], [ 3409835.215553900226951, 8389019.24397356249392 ], [ 3409722.674410294275731, 8388937.395869120955467 ], [ 3409303.202875035814941, 8388829.970232043415308 ], [ 3409098.582613933831453, 8388937.395869120955467 ], [ 3408929.770898525137454, 8388947.626882176846266 ], [ 3408801.88323533674702, 8388824.854725515469909 ], [ 3408602.378480762243271, 8388650.927503578364849 ] ] } },
{ "type": "Feature", "properties": { }, "geometry": { "type": "LineString", "coordinates": [ [ 3410663.927611362189054, 8388052.413239856250584 ], [ 3410756.006728857755661, 8388405.383190256543458 ], [ 3410653.696598307229578, 8388599.772438303567469 ], [ 3410669.043117889668792, 8388891.356310373172164 ], [ 3410786.69976802309975, 8389182.940182443708181 ], [ 3410802.046287606004626, 8389372.213923962786794 ], [ 3410802.046287606004626, 8389771.22343311086297 ] ] } },
{ "type": "Feature", "properties": { }, "geometry": { "type": "LineString", "coordinates": [ [ 3379427.15268741408363, 8430857.718563051894307 ], [ 3379642.624150815885514, 8431107.211836462840438 ], [ 3379563.239927457179874, 8431322.683299865573645 ], [ 3379183.329715670086443, 8431657.231098303571343 ], [ 3378911.155235584359616, 8431668.5717016402632 ], [ 3378582.277738813310862, 8431628.879589961841702 ], [ 3378429.179593765176833, 8431708.263813320547342 ], [ 3378134.32390700513497, 8431708.263813320547342 ], [ 3377879.160331924445927, 8431623.209288293495774 ] ] } },
{ "type": "Feature", "properties": { }, "geometry": { "type": "LineString", "coordinates": [ [ 3377930.193046940956265, 8429377.769827581942081 ], [ 3378273.24629788286984, 8429451.483749272301793 ], [ 3378570.937135477084666, 8429545.043726801872253 ], [ 3378707.024375520180911, 8429607.417045153677464 ], [ 3378755.221939702052623, 8429752.009737700223923 ], [ 3378709.859526354353875, 8429871.08607273735106 ], [ 3378695.683772183489054, 8429956.140597764402628 ], [ 3378738.211034696549177, 8430100.733290310949087 ] ] } },
{ "type": "Feature", "properties": { }, "geometry": { "type": "LineString", "coordinates": [ [ 3379588.756284965202212, 8429454.318900108337402 ], [ 3380005.523457597009838, 8429516.692218460142612 ], [ 3380280.53308851737529, 8429854.07516773417592 ], [ 3380430.796082731802016, 8430112.073893649503589 ], [ 3380507.345155254937708, 8430426.775636246427894 ], [ 3380456.312440238893032, 8430681.939211327582598 ], [ 3380314.55489852745086, 8430704.620418002828956 ], [ 3380155.786451810505241, 8430676.26890965923667 ], [ 3380008.35860843071714, 8430585.544082963839173 ], [ 3379883.611971724312752, 8430455.12714459002018 ], [ 3379838.249558376614004, 8430228.315077850595117 ] ] } },
{ "type": "Feature", "properties": { }, "geometry": { "type": "LineString", "coordinates": [ [ 3379072.758833134546876, 8428870.277828251942992 ], [ 3378769.397693871986121, 8428731.355437375605106 ], [ 3378576.607437144033611, 8428663.311817353591323 ], [ 3378551.091079636011273, 8428773.882699888199568 ] ] } },
{ "type": "Feature", "properties": { }, "geometry": { "type": "LineString", "coordinates": [ [ 3371823.278150006663054, 8423579.88637157715857 ], [ 3372237.210171804297715, 8423920.104471685364842 ], [ 3372741.867020297795534, 8423982.477790039032698 ], [ 3373314.567488811910152, 8423971.137186702340841 ], [ 3373938.30067234300077, 8423971.137186702340841 ], [ 3374505.33083918876946, 8423954.126281697303057 ], [ 3375004.317386013455689, 8423891.752963343635201 ], [ 3375344.5354861211963, 8423869.071756670251489 ], [ 3375474.952424495946616, 8423999.488695044070482 ], [ 3375486.293027833104134, 8424430.431621845811605 ] ] } },
{ "type": "Feature", "properties": { }, "geometry": { "type": "LineString", "coordinates": [ [ 3386945.972699793521315, 8439553.126171635463834 ], [ 3386566.062488006893545, 8439717.564920021221042 ], [ 3386554.721884669736028, 8440035.101813454180956 ], [ 3386741.84183972934261, 8440420.682326911017299 ], [ 3386724.830934723839164, 8440766.570728685706854 ], [ 3386781.533951408229768, 8440993.382795425131917 ], [ 3387019.686621483881027, 8441203.18395715765655 ], [ 3387019.686621483881027, 8441515.050548924133182 ] ] } },
{ "type": "Feature", "properties": { }, "geometry": { "type": "LineString", "coordinates": [ [ 3386050.06503617670387, 8441350.611800538375974 ], [ 3385902.63719279691577, 8441860.938950698822737 ], [ 3385965.010511150117964, 8442246.519464153796434 ], [ 3386135.119561203755438, 8442354.25519585609436 ] ] } },
{ "type": "Feature", "properties": { }, "geometry": { "type": "LineString", "coordinates": [ [ 3386322.239516262896359, 8442864.582346012815833 ], [ 3386452.656454637181014, 8443210.470747789368033 ], [ 3386775.86364973988384, 8443244.492557801306248 ], [ 3387155.77386152651161, 8443363.568892838433385 ], [ 3387535.68407331360504, 8443420.271909521892667 ] ] } },
{ "type": "Feature", "properties": { }, "geometry": { "type": "LineString", "coordinates": [ [ 3388363.54811690794304, 8442841.90113933943212 ], [ 3388941.918887090869248, 8442819.219932666048408 ], [ 3389304.818193872459233, 8442943.966569371521473 ], [ 3389576.992673958651721, 8442898.604156024754047 ], [ 3389576.992673958651721, 8442649.110882611945271 ], [ 3389384.202417231164873, 8442059.399509090930223 ] ] } },
{ "type": "Feature", "properties": { }, "geometry": { "type": "LineString", "coordinates": [ [ 3387887.242776757106185, 8422037.56431776098907 ], [ 3387915.594285099301487, 8421663.324407642707229 ], [ 3388063.022128479089588, 8421521.566865930333734 ], [ 3388221.790575196035206, 8421476.204452583566308 ], [ 3388391.899625250138342, 8421215.370575834065676 ], [ 3388647.063200330827385, 8421005.569414099678397 ], [ 3388890.88617207435891, 8420818.449459040537477 ], [ 3388975.940697101410478, 8420540.60467728599906 ], [ 3389259.455780524294823, 8420449.879850590601563 ], [ 3389503.27875226829201, 8420291.111403875052929 ], [ 3389690.39870732743293, 8420245.748990526422858 ] ] } },
{ "type": "Feature", "properties": { }, "geometry": { "type": "LineString", "coordinates": [ [ 3297740.786851560231298, 8457907.892672443762422 ], [ 3298262.454605058766901, 8458191.407755866646767 ], [ 3298636.694515177048743, 8458032.639309151098132 ], [ 3299192.384078686591238, 8458168.726549193263054 ], [ 3299657.348815500270575, 8458134.704739183187485 ], [ 3300008.907518944703043, 8458055.320515824481845 ], [ 3300439.85044574784115, 8458055.320515824481845 ], [ 3300893.474579224828631, 8458531.625855974853039 ], [ 3301403.801729386206716, 8458633.691286006942391 ], [ 3301687.316812809091061, 8458236.770169215276837 ] ] } },
{ "type": "Feature", "properties": { }, "geometry": { "type": "LineString", "coordinates": [ [ 3302367.753013024106622, 8458803.800336062908173 ], [ 3302503.840253067202866, 8459302.786882886663079 ], [ 3302753.333526479545981, 8459574.961362972855568 ], [ 3302866.739559848792851, 8459733.729809690266848 ] ] } }
]
}
